{"id":232940557,"title":"最聽粉絲話的沈宰營（追加）0123生日快樂","content":"https://megapx-assets.dcard.tw/images/6be2f373-4e38-4d0a-a4e7-1ef296798cd9/1280.jpeg\nhttps://megapx-assets.dcard.tw/images/84556ad3-116b-4881-bb03-95fc9ea4eef8/1280.jpeg\n今天不追加珍珠\n今天要祝這位有點憨憨的鐵漢WYATT 沈宰營26歲生日快樂\nhttps://megapx-assets.dcard.tw/images/ede5b68c-5b6f-449f-8b29-25dbce000862/1280.jpeg\nhttps://megapx-assets.dcard.tw/images/9c5c6a6d-289d-47cd-ba8e-5b8f318e0fb5/1280.jpeg\n雖然給人的第一印象\n是有點大隻有點兇\n看起來不好相處\n\nhttps://megapx-assets.dcard.tw/images/0efbcb12-db74-4a23-92dc-a1f01234a4a0/1280.jpeg\n但其實本人是個小少女（不是）\n本人內心十分溫柔體貼\n照顧其他成員\n\n\n\n尤其弟弟們\nhttps://megapx-assets.dcard.tw/images/b56b5757-235a-4b83-95e0-b220b19a3629/1280.jpeg\nhttps://megapx-assets.dcard.tw/images/b0ceff38-a31f-4bae-ab94-5f6ab495b393/1280.jpeg\n(牽弟弟過馬路）\nMixnine 也十分照顧其他參賽者\nhttps://megapx-assets.dcard.tw/images/e7d6042b-f2d6-40a1-a698-ea9880a21258/full.jpeg\n\n\n\nhttps://megapx-assets.dcard.tw/images/d8b8b60c-36d3-4d33-bba3-8661b99af0d9/full.jpeg\nhttps://megapx-assets.dcard.tw/images/badde0c0-017f-4bf5-b996-542e616f75a0/full.jpeg\n過去也有他國中同學\n發帖告訴大家\n宰營是個很好的人\n不僅是班上的開心果\n還會特別去陪伴那些被排擠嘲笑的人\n讓他們覺得不孤單\n\n對粉絲也是耐心傾聽\nhttps://megapx-assets.dcard.tw/images/9d9fa982-450e-47be-82d2-bf82f591dd11/1280.jpeg\n\n內在perfect \n本身實力也不馬虎的\n\nhttps://youtu.be/U6jDLHOtlHk\n\nhttps://youtu.be/54SbG5ecMhs\n從高中開始跳krump\n讓他的舞蹈特別有力量感\n\nhttps://youtu.be/nd2wxksv-iM\n洞穴低音唸起rap來特別搭\n詞也幾乎自己寫\n\n\n\n\n還有加分項目\n超好的身材（55cm寬肩膀）\nhttps://megapx-assets.dcard.tw/images/2fedc034-c38a-43ca-9da9-12d96e41ed21/1280.jpeg\nhttps://megapx-assets.dcard.tw/images/a02cb430-fda8-4034-a12f-b6367114ef92/1280.jpeg\n\n\n\n好希望能有更多人知道更多人喜歡宰營\n也希望接下來這一年不要生病了\n健健康康快快樂樂的過\nhttps://megapx-assets.dcard.tw/images/65c2264d-f4d6-4197-9e60-dc6fd466f9c2/1280.jpeg\nhttps://megapx-assets.dcard.tw/images/2f2ae8c7-fca5-4c47-a987-b063dce7fd46/1280.jpeg\n（欸...不知道大家有耐心看完嗎XD)","excerpt":"今天不追加珍珠，今天要祝這位有點憨憨的鐵漢WYATT 沈宰營26歲生日快樂，雖然給人的第一印象，是有點大隻有點兇，看起來不好相處，但其實本人是個小少女（不是），本人內心十分溫柔體貼，照顧其他成員，尤其","anonymousSchool":false,"anonymousDepartment":false,"pinned":false,"forumId":"14f573f5-3f02-4821-8e18-f561d7b7db91","replyId":null,"createdAt":"2020-01-22T16:45:17.783Z","updatedAt":"2020-01-22T20:05:05.341Z","commentCount":6,"likeCount":38,"tags":[],"topics":["生日快樂","韓星","ONF"],"supportedReactions":null,"withNickname":true,"reportReason":"","hiddenByAuthor":false,"meta":{"layout":"classic"},"forumName":"追星","forumAlias":"entertainer","school":"沈歪鵝的露那","department":"sanghotae","replyTitle":null,"gender":"F","personaSubscriptable":false,"reactions":[{"id":"286f599c-f86a-4932-82f0-f5a06f1eca03","count":38}],"hidden":false,"customStyle":null,"isSuspiciousAccount":false,"layout":"classic","withImages":true,"withVideos":false,"media":[{"url":"https://megapx-assets.dcard.tw/images/6be2f373-4e38-4d0a-a4e7-1ef296798cd9/1280.jpeg"},{"url":"https://megapx-assets.dcard.tw/images/84556ad3-116b-4881-bb03-95fc9ea4eef8/1280.jpeg"},{"url":"https://megapx-assets.dcard.tw/images/ede5b68c-5b6f-449f-8b29-25dbce000862/1280.jpeg"},{"url":"https://megapx-assets.dcard.tw/images/9c5c6a6d-289d-47cd-ba8e-5b8f318e0fb5/1280.jpeg"},{"url":"https://megapx-assets.dcard.tw/images/0efbcb12-db74-4a23-92dc-a1f01234a4a0/1280.jpeg"},{"url":"https://megapx-assets.dcard.tw/images/b56b5757-235a-4b83-95e0-b220b19a3629/1280.jpeg"},{"url":"https://megapx-assets.dcard.tw/images/b0ceff38-a31f-4bae-ab94-5f6ab495b393/1280.jpeg"},{"url":"https://megapx-assets.dcard.tw/images/e7d6042b-f2d6-40a1-a698-ea9880a21258/full.jpeg"},{"url":"https://megapx-assets.dcard.tw/images/d8b8b60c-36d3-4d33-bba3-8661b99af0d9/full.jpeg"},{"url":"https://megapx-assets.dcard.tw/images/badde0c0-017f-4bf5-b996-542e616f75a0/full.jpeg"},{"url":"https://megapx-assets.dcard.tw/images/9d9fa982-450e-47be-82d2-bf82f591dd11/1280.jpeg"},{"url":"https://megapx-assets.dcard.tw/images/2fedc034-c38a-43ca-9da9-12d96e41ed21/1280.jpeg"},{"url":"https://megapx-assets.dcard.tw/images/a02cb430-fda8-4034-a12f-b6367114ef92/1280.jpeg"},{"url":"https://megapx-assets.dcard.tw/images/65c2264d-f4d6-4197-9e60-dc6fd466f9c2/1280.jpeg"},{"url":"https://megapx-assets.dcard.tw/images/2f2ae8c7-fca5-4c47-a987-b063dce7fd46/1280.jpeg"}],"reportReasonText":"","mediaMeta":[{"id":"d628d0c1-33bf-422a-b402-28f4008c926a","url":"https://megapx-assets.dcard.tw/images/6be2f373-4e38-4d0a-a4e7-1ef296798cd9/640.jpeg","normalizedUrl":"https://megapx-assets.dcard.tw/images/6be2f373-4e38-4d0a-a4e7-1ef296798cd9/640.jpeg","thumbnail":"https://megapx-assets.dcard.tw/images/6be2f373-4e38-4d0a-a4e7-1ef296798cd9/640.jpeg","type":"image/thumbnail","tags":["ANNOTATED"],"createdAt":"2020-01-22T16:52:08.726Z","updatedAt":"2020-01-22T20:05:05.341Z","width":427,"height":640},{"id":"d628d0c1-33bf-422a-b402-28f4008c926a","url":"https://megapx-assets.dcard.tw/images/6be2f373-4e38-4d0a-a4e7-1ef296798cd9/1280.jpeg","normalizedUrl":"https://megapx.dcard.tw/v1/images/6be2f373-4e38-4d0a-a4e7-1ef296798cd9","thumbnail":"https://megapx-assets.dcard.tw/images/6be2f373-4e38-4d0a-a4e7-1ef296798cd9/640.jpeg","type":"image/megapx","tags":["ANNOTATED"],"createdAt":"2020-01-22T16:52:08.726Z","updatedAt":"2020-01-22T20:05:05.341Z","width":1200,"height":1800},{"id":"9a2a37ae-fec2-4940-8102-4edcb0d641f9","url":"https://megapx-assets.dcard.tw/images/84556ad3-116b-4881-bb03-95fc9ea4eef8/1280.jpeg","normalizedUrl":"https://megapx.dcard.tw/v1/images/84556ad3-116b-4881-bb03-95fc9ea4eef8","thumbnail":"https://megapx-assets.dcard.tw/images/84556ad3-116b-4881-bb03-95fc9ea4eef8/640.jpeg","type":"image/megapx","tags":["ANNOTATED"],"createdAt":"2020-01-22T16:45:17.783Z","updatedAt":"2020-01-22T20:05:05.341Z","width":1200,"height":1800},{"id":"ec965b3e-8f9c-4f5f-ade7-d28de8c9c799","url":"https://megapx-assets.dcard.tw/images/ede5b68c-5b6f-449f-8b29-25dbce000862/1280.jpeg","normalizedUrl":"https://megapx.dcard.tw/v1/images/ede5b68c-5b6f-449f-8b29-25dbce000862","thumbnail":"https://megapx-assets.dcard.tw/images/ede5b68c-5b6f-449f-8b29-25dbce000862/640.jpeg","type":"image/megapx","tags":["ANNOTATED"],"createdAt":"2020-01-22T16:45:17.783Z","updatedAt":"2020-01-22T20:05:05.341Z","width":1310,"height":2000},{"id":"5c02216f-2db1-4128-b58a-904ba2c5f30c","url":"https://megapx-assets.dcard.tw/images/9c5c6a6d-289d-47cd-ba8e-5b8f318e0fb5/1280.jpeg","normalizedUrl":"https://megapx.dcard.tw/v1/images/9c5c6a6d-289d-47cd-ba8e-5b8f318e0fb5","thumbnail":"https://megapx-assets.dcard.tw/images/9c5c6a6d-289d-47cd-ba8e-5b8f318e0fb5/640.jpeg","type":"image/megapx","tags":["ANNOTATED"],"createdAt":"2020-01-22T16:45:17.783Z","updatedAt":"2020-01-22T20:05:05.341Z","width":1800,"height":1200},{"id":"904a7862-fc47-4df5-8a15-a8111e8de96c","url":"https://megapx-assets.dcard.tw/images/0efbcb12-db74-4a23-92dc-a1f01234a4a0/1280.jpeg","normalizedUrl":"https://megapx.dcard.tw/v1/images/0efbcb12-db74-4a23-92dc-a1f01234a4a0","thumbnail":"https://megapx-assets.dcard.tw/images/0efbcb12-db74-4a23-92dc-a1f01234a4a0/640.jpeg","type":"image/megapx","tags":["ANNOTATED"],"createdAt":"2020-01-22T16:45:17.783Z","updatedAt":"2020-01-22T20:05:05.341Z","width":1428,"height":2000},{"id":"39d1e319-615f-45ac-98ec-fec478ffc915","url":"https://megapx-assets.dcard.tw/images/b56b5757-235a-4b83-95e0-b220b19a3629/1280.jpeg","normalizedUrl":"https://megapx.dcard.tw/v1/images/b56b5757-235a-4b83-95e0-b220b19a3629","thumbnail":"https://megapx-assets.dcard.tw/images/b56b5757-235a-4b83-95e0-b220b19a3629/640.jpeg","type":"image/megapx","tags":["ANNOTATED"],"createdAt":"2020-01-22T16:45:17.783Z","updatedAt":"2020-01-22T20:05:05.341Z","width":1500,"height":2000},{"id":"4891acd0-b92c-491e-af05-1e47669756c0","url":"https://megapx-assets.dcard.tw/images/b0ceff38-a31f-4bae-ab94-5f6ab495b393/1280.jpeg","normalizedUrl":"https://megapx.dcard.tw/v1/images/b0ceff38-a31f-4bae-ab94-5f6ab495b393","thumbnail":"https://megapx-assets.dcard.tw/images/b0ceff38-a31f-4bae-ab94-5f6ab495b393/640.jpeg","type":"image/megapx","tags":["ANNOTATED"],"createdAt":"2020-01-22T16:45:17.783Z","updatedAt":"2020-01-22T20:05:05.341Z","width":2000,"height":1125},{"id":"8eac9842-cdfc-46c0-850c-e04c2ddd5dfd","url":"https://megapx-assets.dcard.tw/images/e7d6042b-f2d6-40a1-a698-ea9880a21258/full.jpeg","normalizedUrl":"https://megapx.dcard.tw/v1/images/e7d6042b-f2d6-40a1-a698-ea9880a21258","thumbnail":"https://megapx-assets.dcard.tw/images/e7d6042b-f2d6-40a1-a698-ea9880a21258/640.jpeg","type":"image/megapx","tags":["ANNOTATED"],"createdAt":"2020-01-22T16:45:17.783Z","updatedAt":"2020-01-22T20:05:05.341Z","width":906,"height":720},{"id":"034e52e5-6c72-49f6-9273-39b7e10a43ff","url":"https://megapx-assets.dcard.tw/images/d8b8b60c-36d3-4d33-bba3-8661b99af0d9/full.jpeg","normalizedUrl":"https://megapx.dcard.tw/v1/images/d8b8b60c-36d3-4d33-bba3-8661b99af0d9","thumbnail":"https://megapx-assets.dcard.tw/images/d8b8b60c-36d3-4d33-bba3-8661b99af0d9/640.jpeg","type":"image/megapx","tags":["ANNOTATED"],"createdAt":"2020-01-22T16:45:17.783Z","updatedAt":"2020-01-22T20:05:05.341Z","width":720,"height":1033},{"id":"f052d816-bc0f-4621-87d4-38a616ef9030","url":"https://megapx-assets.dcard.tw/images/badde0c0-017f-4bf5-b996-542e616f75a0/full.jpeg","normalizedUrl":"https://megapx.dcard.tw/v1/images/badde0c0-017f-4bf5-b996-542e616f75a0","thumbnail":"https://megapx-assets.dcard.tw/images/badde0c0-017f-4bf5-b996-542e616f75a0/320.jpeg","type":"image/megapx","tags":["ANNOTATED"],"createdAt":"2020-01-22T16:45:17.783Z","updatedAt":"2020-01-22T20:05:05.341Z","width":480,"height":640},{"id":"18d3ca10-34b3-499c-bb51-e88522ee8273","url":"https://megapx-assets.dcard.tw/images/9d9fa982-450e-47be-82d2-bf82f591dd11/1280.jpeg","normalizedUrl":"https://megapx.dcard.tw/v1/images/9d9fa982-450e-47be-82d2-bf82f591dd11","thumbnail":"https://megapx-assets.dcard.tw/images/9d9fa982-450e-47be-82d2-bf82f591dd11/640.jpeg","type":"image/megapx","tags":["ANNOTATED"],"createdAt":"2020-01-22T16:45:17.783Z","updatedAt":"2020-01-22T20:05:05.341Z","width":1429,"height":2000},{"id":"12f3f4d1-d5ac-4509-93e7-f71b09f9c592","url":"https://youtu.be/U6jDLHOtlHk","normalizedUrl":"https://www.youtube.com/watch?v=U6jDLHOtlHk","thumbnail":"https://img.youtube.com/vi/U6jDLHOtlHk/hqdefault.jpg","type":"video/youtube","tags":["ANNOTATED"],"createdAt":"2020-01-22T16:45:17.783Z","updatedAt":"2020-01-22T20:05:05.341Z"},{"id":"828f77e9-a041-4a1d-a491-6db7ff6d4e1d","url":"https://youtu.be/54SbG5ecMhs","normalizedUrl":"https://www.youtube.com/watch?v=54SbG5ecMhs","thumbnail":"https://img.youtube.com/vi/54SbG5ecMhs/hqdefault.jpg","type":"video/youtube","tags":["ANNOTATED"],"createdAt":"2020-01-22T16:45:17.783Z","updatedAt":"2020-01-22T20:05:05.341Z"},{"id":"4acfa780-bf5c-48de-a000-2668b5f5fdeb","url":"https://youtu.be/nd2wxksv-iM","normalizedUrl":"https://www.youtube.com/watch?v=nd2wxksv-iM","thumbnail":"https://img.youtube.com/vi/nd2wxksv-iM/hqdefault.jpg","type":"video/youtube","tags":["ANNOTATED"],"createdAt":"2020-01-22T16:45:17.783Z","updatedAt":"2020-01-22T20:05:05.341Z"},{"id":"8b89d5d4-24c1-4183-b175-4c0e7aa8c337","url":"https://megapx-assets.dcard.tw/images/2fedc034-c38a-43ca-9da9-12d96e41ed21/1280.jpeg","normalizedUrl":"https://megapx.dcard.tw/v1/images/2fedc034-c38a-43ca-9da9-12d96e41ed21","thumbnail":"https://megapx-assets.dcard.tw/images/2fedc034-c38a-43ca-9da9-12d96e41ed21/640.jpeg","type":"image/megapx","tags":["ANNOTATED"],"createdAt":"2020-01-22T16:45:17.783Z","updatedAt":"2020-01-22T20:05:05.341Z","width":1335,"height":2000},{"id":"d988c792-7151-4f7a-a276-a7960a96076b","url":"https://megapx-assets.dcard.tw/images/a02cb430-fda8-4034-a12f-b6367114ef92/1280.jpeg","normalizedUrl":"https://megapx.dcard.tw/v1/images/a02cb430-fda8-4034-a12f-b6367114ef92","thumbnail":"https://megapx-assets.dcard.tw/images/a02cb430-fda8-4034-a12f-b6367114ef92/640.jpeg","type":"image/megapx","tags":["ANNOTATED"],"createdAt":"2020-01-22T16:45:17.783Z","updatedAt":"2020-01-22T20:05:05.341Z","width":1080,"height":1920},{"id":"e538e187-9e06-4da6-b0c7-ec2fa3c77767","url":"https://megapx-assets.dcard.tw/images/65c2264d-f4d6-4197-9e60-dc6fd466f9c2/1280.jpeg","normalizedUrl":"https://megapx.dcard.tw/v1/images/65c2264d-f4d6-4197-9e60-dc6fd466f9c2","thumbnail":"https://megapx-assets.dcard.tw/images/65c2264d-f4d6-4197-9e60-dc6fd466f9c2/640.jpeg","type":"image/megapx","tags":["ANNOTATED"],"createdAt":"2020-01-22T16:45:17.783Z","updatedAt":"2020-01-22T20:05:05.341Z","width":1429,"height":2000},{"id":"f7ea7755-3c0d-42f9-901b-1cee0aac65c1","url":"https://megapx-assets.dcard.tw/images/2f2ae8c7-fca5-4c47-a987-b063dce7fd46/1280.jpeg","normalizedUrl":"https://megapx.dcard.tw/v1/images/2f2ae8c7-fca5-4c47-a987-b063dce7fd46","thumbnail":"https://megapx-assets.dcard.tw/images/2f2ae8c7-fca5-4c47-a987-b063dce7fd46/640.jpeg","type":"image/megapx","tags":["ANNOTATED"],"createdAt":"2020-01-22T16:45:17.783Z","updatedAt":"2020-01-22T20:05:05.341Z","width":1200,"height":1800}],"postAvatar":""}