{"id":232973992,"title":"🎉HAPPY Dae Hwi Day🎉","content":"今天是我們AB6IX的才氣忙內✨大輝✨生日\nhttps://i.imgur.com/AbntfJR.jpg\n\n今年終於成年啦🎉\n不用再過晚上10點提早下班😂\n我飯上這孩子,今年是第4年了\n真的就是看著他長大的ಥ_ಥ\n從produce時期나야나舞臺飯上他\n當時追PD追到心累\n大輝一開始是很有自信的孩子\n因為想展現給大眾的面貌還有很多\n總是很積極\n但之後被網民罵很凶 人生攻擊那些的都有\n導致PD後期大輝變成做什麼事都很沒自信\n也不敢出來爭取center的位子\n很感謝他一路努力撐過來😢\n才能讓我們ABNEW跟WANNABLE\n遇到這麼有才華的孩子💕\nhttps://i.imgur.com/m7a4meE.jpg\nCr. @FLORESCENCE _Hwi\nhttps://i.imgur.com/1mhR4H4.jpg\nCr. @surge_upon\n\n截止到目前,公開的自作曲已有23首\n(不包括只參與填詞的The Heal)\n還有許多是未發表的\n現在我來推薦一下幾首🎶\n\n1.     AB6IX - DANDELION🌼\n\nhttps://www.youtube.com/watch?v=cJ5ZnY6oYwM\n\n很喜歡這首的歌詞\n蒲公英雖然小、沒有花香\n但種子可以隨著風飛翔到各處\n最後也將能綻放成花朵\n\n \n2.     佑鎭、大輝 – Candle🕯️\n\nhttps://www.youtube.com/watch?v=4tU1zWiZ8w4\n\n在wanna one活動結束後\n兩人以Candle這首歌來報答粉絲的愛意\n蠟燭的光明象徵了粉絲給偶像的應援\n就像歌詞中:\n어둠을 환히 밝힐 수 있게\n讓黑暗綻放光亮\n몸과 마음까지 포근해지게\n讓身心都變得溫暖\n粉絲的應援 給偶像帶來了溫暖💗\n\n \n3.     IZ*ONE – Airplane🛫\n\nhttps://www.youtube.com/watch?v=WuF7vyJfabI\n\nIZ*ONE成員們充分展現了歌曲的可愛感\nAirplane象徵著夢想 \n往天空上飛翔或是去到更遼闊的地方\n\n \n4.     MXM - Good Day\n\nhttps://www.youtube.com/watch?v=FtFGD22g4bw\n\n由煐岷跟東賢組成的小分隊MXM所演唱\n歌曲很輕快 很可惜這首是當時MXM出道的先行曲 沒有上音樂節目打歌\n\n \n5.     AB6IX - DANCE FOR TWO\n\nhttps://www.youtube.com/watch?v=aUShZVxiEpw\n\n我很喜歡副歌中雄的Part\n歌聲真的很甜~\n\n\n \n6. MELTING (KANTO、AB6IX、姜敏希、YODAYOUNG、BDC)\n\n  https://www.youtube.com/watch?v=jRTgJTaKCTA\n\n這是大輝第一次寫歌給公司當做家族曲\n雖然聖誕節早就過完了,但MELTING這首歌\n歡樂活潑的感覺,會想讓人一聽再聽😊\n\n7.AB6IX - NOTHING WITHOUT YOU\n\nhttps://www.youtube.com/watch?v=53KjpCuMqzw\n\n大輝在Wanna One時期就有唱過\n他說過會把NOTHING WITHOUT YOU收錄在AB6IX專輯裡,\n是因為:AB6IX粉絲也是我粉絲，Wanna One粉絲也是我粉絲，都是喜愛我的人，喜愛我的心態是一樣的，想對他們說的內容沒有改變。\n\n這首是對ABNEW跟WANNABLE具有重大意義的一首歌😢\n\n \n聽完這些歌是不是也要被大輝圈飯了呢?\n歡迎歡迎入坑~~~\n3/14 AB6IX要到林口體育館開演唱會啦🎉\n\n我已經迫不及待看到他們了😂\nABNEW們練好應援,當天給AB們震撼一下👍\n最後送上很愛獺李的輝爸爸😍\nhttps://i.imgur.com/YOe27B9.jpg","excerpt":"今天是我們AB6IX的才氣忙內大輝生日，今年終於成年啦，不用再過晚上10點提早下班，我飯上這孩子，今年是第4年了，真的就是看著他長大的ಥ_ಥ，從produce時期나야나舞臺飯上他，當時追PD追到心累，","anonymousSchool":false,"anonymousDepartment":false,"pinned":false,"forumId":"14f573f5-3f02-4821-8e18-f561d7b7db91","replyId":null,"createdAt":"2020-01-28T16:04:24.468Z","updatedAt":"2020-01-28T16:04:24.468Z","commentCount":7,"likeCount":209,"tags":[],"topics":["追星","安利","AB6IX","李大輝"],"supportedReactions":null,"withNickname":true,"reportReason":"","hiddenByAuthor":false,"meta":{"layout":"classic"},"forumName":"追星","forumAlias":"entertainer","school":"水獺飼養員❤️","department":"buddy92215","replyTitle":null,"gender":"F","personaSubscriptable":false,"reactions":[{"id":"286f599c-f86a-4932-82f0-f5a06f1eca03","count":209}],"hidden":false,"customStyle":null,"isSuspiciousAccount":false,"layout":"classic","withImages":true,"withVideos":false,"media":[{"url":"https://i.imgur.com/AbntfJR.jpg"},{"url":"https://i.imgur.com/m7a4meE.jpg"},{"url":"https://i.imgur.com/1mhR4H4.jpg"},{"url":"https://i.imgur.com/YOe27B9.jpg"}],"reportReasonText":"","mediaMeta":[{"id":"0059e1b2-96a6-4126-96f4-cc569a203b98","url":"https://i.imgur.com/AbntfJRl.jpg","normalizedUrl":"https://i.imgur.com/AbntfJRl.jpg","thumbnail":"https://i.imgur.com/AbntfJRl.jpg","type":"image/thumbnail","tags":[],"createdAt":"2020-01-28T16:04:24.468Z","updatedAt":"2020-01-28T16:04:24.468Z"},{"id":"0059e1b2-96a6-4126-96f4-cc569a203b98","url":"https://i.imgur.com/AbntfJR.jpg","normalizedUrl":"https://imgur.com/AbntfJR","thumbnail":"https://i.imgur.com/AbntfJRl.jpg","type":"image/imgur","tags":[],"createdAt":"2020-01-28T16:04:24.468Z","updatedAt":"2020-01-28T16:04:24.468Z"},{"id":"93669cfe-cdd3-4b41-91ad-179cec0fa7b7","url":"https://i.imgur.com/m7a4meE.jpg","normalizedUrl":"https://imgur.com/m7a4meE","thumbnail":"https://i.imgur.com/m7a4meEl.jpg","type":"image/imgur","tags":[],"createdAt":"2020-01-28T16:04:24.468Z","updatedAt":"2020-01-28T16:04:24.468Z"},{"id":"4a8fb65e-b2ad-4cc4-a089-797567a5a451","url":"https://i.imgur.com/1mhR4H4.jpg","normalizedUrl":"https://imgur.com/1mhR4H4","thumbnail":"https://i.imgur.com/1mhR4H4l.jpg","type":"image/imgur","tags":[],"createdAt":"2020-01-28T16:04:24.468Z","updatedAt":"2020-01-28T16:04:24.468Z"},{"id":"d4d3cf15-3d7d-437b-a395-a72fa5774ca5","url":"https://www.youtube.com/watch?v=cJ5ZnY6oYwM","normalizedUrl":"https://www.youtube.com/watch?v=cJ5ZnY6oYwM","thumbnail":"https://img.youtube.com/vi/cJ5ZnY6oYwM/hqdefault.jpg","type":"video/youtube","tags":[],"createdAt":"2020-01-28T16:04:24.468Z","updatedAt":"2020-01-28T16:04:24.468Z"},{"id":"cb999081-2868-4c5b-93ce-e8c24bd95078","url":"https://www.youtube.com/watch?v=4tU1zWiZ8w4","normalizedUrl":"https://www.youtube.com/watch?v=4tU1zWiZ8w4","thumbnail":"https://img.youtube.com/vi/4tU1zWiZ8w4/hqdefault.jpg","type":"video/youtube","tags":[],"createdAt":"2020-01-28T16:04:24.468Z","updatedAt":"2020-01-28T16:04:24.468Z"},{"id":"24dc15a6-3dda-4c01-bee4-49ca7bd48ae7","url":"https://www.youtube.com/watch?v=WuF7vyJfabI","normalizedUrl":"https://www.youtube.com/watch?v=WuF7vyJfabI","thumbnail":"https://img.youtube.com/vi/WuF7vyJfabI/hqdefault.jpg","type":"video/youtube","tags":[],"createdAt":"2020-01-28T16:04:24.468Z","updatedAt":"2020-01-28T16:04:24.468Z"},{"id":"daf90115-3526-4f77-82a0-0cabb2cd41f6","url":"https://www.youtube.com/watch?v=FtFGD22g4bw","normalizedUrl":"https://www.youtube.com/watch?v=FtFGD22g4bw","thumbnail":"https://img.youtube.com/vi/FtFGD22g4bw/hqdefault.jpg","type":"video/youtube","tags":[],"createdAt":"2020-01-28T16:04:24.468Z","updatedAt":"2020-01-28T16:04:24.468Z"},{"id":"8f7759cf-6d92-4acc-b41c-e5ca4b14bde7","url":"https://www.youtube.com/watch?v=aUShZVxiEpw","normalizedUrl":"https://www.youtube.com/watch?v=aUShZVxiEpw","thumbnail":"https://img.youtube.com/vi/aUShZVxiEpw/hqdefault.jpg","type":"video/youtube","tags":[],"createdAt":"2020-01-28T16:04:24.468Z","updatedAt":"2020-01-28T16:04:24.468Z"},{"id":"269e20d4-b2aa-4c02-b282-0fca3b1cb1d1","url":"https://www.youtube.com/watch?v=jRTgJTaKCTA","normalizedUrl":"https://www.youtube.com/watch?v=jRTgJTaKCTA","thumbnail":"https://img.youtube.com/vi/jRTgJTaKCTA/hqdefault.jpg","type":"video/youtube","tags":[],"createdAt":"2020-01-28T16:04:24.468Z","updatedAt":"2020-01-28T16:04:24.468Z"},{"id":"87873dcb-993f-4990-bb93-a4286479c60c","url":"https://www.youtube.com/watch?v=53KjpCuMqzw","normalizedUrl":"https://www.youtube.com/watch?v=53KjpCuMqzw","thumbnail":"https://img.youtube.com/vi/53KjpCuMqzw/hqdefault.jpg","type":"video/youtube","tags":[],"createdAt":"2020-01-28T16:04:24.468Z","updatedAt":"2020-01-28T16:04:24.468Z"},{"id":"6c0074d9-166b-4228-9624-1c5e83616ebd","url":"https://i.imgur.com/YOe27B9.jpg","normalizedUrl":"https://imgur.com/YOe27B9","thumbnail":"https://i.imgur.com/YOe27B9l.jpg","type":"image/imgur","tags":[],"createdAt":"2020-01-28T16:04:24.468Z","updatedAt":"2020-01-28T16:04:24.468Z"}],"postAvatar":""}