{"id":232971778,"title":"Straykids-Double Knot eng. ver場景","content":"【已解惑】\n--------------------\n大家好 各位絲帶好\n雖然距離發表這首歌有幾天了\n本來我以為是昌德宮\n但這幾天剛好到韓國問了導遊\n他說一般看到是什麼오빠\n就可以知道是什麼【宮】\n但他說不是昌德宮\n不過也想不起來是哪個宮😂\n請問有大神知道這場景是哪裡嗎？\n背景是【仁政殿】\n\nhttps://i.imgur.com/WMq5xe2.jpg","excerpt":"【已解惑】--------------------，大家好 各位絲帶好，雖然距離發表這首歌有幾天了，本來我以為是昌德宮，但這幾天剛好到韓國問了導遊，他說一般看到是什麼오빠，就可以知道是什麼【宮】但他說","anonymousSchool":false,"anonymousDepartment":false,"pinned":false,"forumId":"14f573f5-3f02-4821-8e18-f561d7b7db91","replyId":null,"createdAt":"2020-01-28T09:42:23.658Z","updatedAt":"2020-01-28T11:49:00.810Z","commentCount":11,"likeCount":45,"tags":[],"topics":["場景","韓星","StrayKids"],"supportedReactions":null,"withNickname":false,"reportReason":"","hiddenByAuthor":false,"meta":{"layout":"classic"},"forumName":"追星","forumAlias":"entertainer","school":"樹德科技大學","department":"流行設計系","replyTitle":null,"gender":"F","personaSubscriptable":null,"reactions":[{"id":"286f599c-f86a-4932-82f0-f5a06f1eca03","count":44},{"id":"4b018f48-e184-445f-adf1-fc8e04ba09b9","count":1}],"hidden":false,"customStyle":null,"isSuspiciousAccount":false,"layout":"classic","withImages":true,"withVideos":false,"media":[{"url":"https://i.imgur.com/WMq5xe2.jpg"}],"reportReasonText":"","mediaMeta":[{"id":"a3550969-2e18-4ede-beaf-2c30aae7bb02","url":"https://i.imgur.com/WMq5xe2l.jpg","normalizedUrl":"https://i.imgur.com/WMq5xe2l.jpg","thumbnail":"https://i.imgur.com/WMq5xe2l.jpg","type":"image/thumbnail","tags":["ANNOTATED"],"createdAt":"2020-01-28T09:42:23.658Z","updatedAt":"2020-01-28T11:49:00.810Z"},{"id":"a3550969-2e18-4ede-beaf-2c30aae7bb02","url":"https://i.imgur.com/WMq5xe2.jpg","normalizedUrl":"https://imgur.com/WMq5xe2","thumbnail":"https://i.imgur.com/WMq5xe2l.jpg","type":"image/imgur","tags":["ANNOTATED"],"createdAt":"2020-01-28T09:42:23.658Z","updatedAt":"2020-01-28T11:49:00.810Z"}],"postAvatar":""}