{"id":232961432,"title":"西洋歌手 12月新歌推薦","content":"哈囉哈囉\n和大家分享上個月的10首新歌推薦~ \n\nhttps://www.youtube.com/watch?v=jRxRIzaV44I\n\n《第十名》 \nRaye - Please Don't Touch\nhttps://www.youtube.com/watch?v=O-R6vC5bxCA\n英國創作歌手Raye用清新又帶點抑鬱的嗓音，唱著被前任拋棄後，對所有人懷著戒心，害怕被再度傷害的痛苦心境。「肌膚間的距離近在咫尺，觸電般的一個小接觸，一切將再度無法挽回。」\n\n《第九名》 \nLiam Payne, Cheat Codes - Live Forever\nhttps://www.youtube.com/watch?v=ID62BvdtmP0\n這首歌描述Liam原先是位放蕩不羈，愛到處冒險的男孩。但是遇到心儀的對象後，卻願意為她放下一切，停止所有對自己不好的行為，只為了和她共度餘生。\n\n《第八名》 \nThe Chainsmokers, Kygo – Family\nhttps://www.youtube.com/watch?v=mPbFxEGzCaM\n這首歌由老煙槍和挪威知名DJ Kygo合作，打破「血濃於水」這個亙古至今的道理。告訴人們友情間的愛有時能超越親情，甚至更加堅強。「世上總會有人為了我不顧性命，他們就是我如家人般的摯友。」\n\n《第七名》 \nTaylor Swift - Christmas Tree Farm\nhttps://www.youtube.com/watch?v=mN3rDTAdM2o\nTaylor從小在聖誕樹農場長大，因此趁著今年聖誕創作出這首歡樂又充滿節慶氛圍的歌曲，以此致敬自己的童年和家鄉。「一同望著火堆散發出的光芒，只想倚在你溫暖的懷中，帶我回到在童年小農場裡共度的美好時光吧。」\n\n《第六名》 \nNiall Horan - Put A Little Love On Me\nhttps://www.youtube.com/watch?v=bO3S8CKafbE\n一世代團員Niall透過細膩深情的嗓音，向前女友傳達對她的思念，甚至幻想著她是否正因單身生活感到寂寞，需要自己陪伴。「舞廳和音樂也無法緩解心碎，你就是我的真命天女，再給我一點愛吧！」\n\n《第五名》 \nAva Max – Salt\nhttps://www.youtube.com/watch?v=TTaTni6y464\nAva近期將這首出道前的舊作重新發行，用渾厚又富有力道的嗓音唱著告別前任的決心，用salt作為眼淚的暗喻，告訴自己哭乾眼淚後就要繼續往前走。「我已用盡淚水，不會再任你予取予求，因為今晚我將魅力四射。」\n\n《第四名》 \nLewis Capaldi - Before You Go\nhttps://www.youtube.com/watch?v=Jtauh8GcxBY\n蘇格蘭歌手Lewis透過這首歌深情的告白，表示對逝去親人的懷念和懊悔。「回憶一幕幕閃過，在你離去前，我是否還能做些什麼留住你的心跳，讓你遠離苦痛？」\n\n《第三名》 \nCamila Cabello - My Oh My\nhttps://www.youtube.com/watch?v=TduHf1tWDvI\n作為新專輯Romance中呼聲最高成績也最棒的歌曲，Camila用性感又慵懶的嗓音，詮釋不顧家人阻撓，只為和這個壞男孩共度一夜春宵的叛逆情緒。\n\n《第二名》 \nAlan Walker, Ava Max - Alone Pt.2\nhttps://www.youtube.com/watch?v=HhjHYkPQ8F0\n時隔兩年，Alan Walker再度推出冠軍單曲Alone的續作。歌詞描述每個人都需要那位提供信任和依賴，在開心時與你一同歡笑，在難過時讓你在懷中哭泣的朋友，不必再獨自面對人生的困難與阻撓。\n\n《第一名》 \nThe Weeknd – Heartless\nhttps://www.youtube.com/watch?v=1DpH-icPpl0\n一改上張專輯對感情的痛苦和怨懟，The Weeknd使用層層堆疊的鼓組和beat，營造出狂放自滿，不想在感情中成為弱勢方的強硬態度。但隱藏在毒品和性愛底下的，卻是自己千瘡百孔的內心。\n\n👇👇👇12月精選歌單 音樂試聽 👇👇👇\nhttps://www.youtube.com/watch?v=jRxRIzaV44I\n\n平常會花很多時間找冷門的好歌\n只有我聽太可惜了 很多歌手值得更多注意！\n有興趣的朋友可以到我的Youtube看看( Amos DJ )\n會有更多音樂和大家分享~\n\n名次參考Billboard 排行榜成績、串流音樂排行榜、台灣熱門程度和個人喜好 做綜合排名\n我們下次再見👋👋","excerpt":"哈囉哈囉，和大家分享上個月的10首新歌推薦~，《第十名》Raye - Please Don't Touch，英國創作歌手Raye用清新又帶點抑鬱的嗓音，唱著被前任拋棄後，對所有人懷著戒心，害怕被再度傷","anonymousSchool":false,"anonymousDepartment":false,"pinned":false,"forumId":"14f573f5-3f02-4821-8e18-f561d7b7db91","replyId":null,"createdAt":"2020-01-26T11:47:58.034Z","updatedAt":"2020-01-26T12:00:42.813Z","commentCount":6,"likeCount":26,"tags":["HIDE_THUMBNAIL"],"topics":["西洋","西洋音樂","新歌","音樂推薦","分享"],"supportedReactions":null,"withNickname":true,"reportReason":"","hiddenByAuthor":false,"meta":{"layout":"classic"},"forumName":"追星","forumAlias":"entertainer","school":"Amoss","department":"amos3517","replyTitle":null,"gender":"M","personaSubscriptable":true,"reactions":[{"id":"286f599c-f86a-4932-82f0-f5a06f1eca03","count":26}],"hidden":false,"customStyle":null,"isSuspiciousAccount":false,"layout":"classic","withImages":false,"withVideos":false,"media":[],"reportReasonText":"","mediaMeta":[{"id":"90202051-8a6d-4444-bcd4-f9ff2a4bd9ce","url":"https://www.youtube.com/watch?v=jRxRIzaV44I","normalizedUrl":"https://www.youtube.com/watch?v=jRxRIzaV44I","thumbnail":"https://img.youtube.com/vi/jRxRIzaV44I/hqdefault.jpg","type":"video/youtube","tags":["ANNOTATED"],"createdAt":"2020-01-26T11:48:38.135Z","updatedAt":"2020-01-26T12:00:42.813Z"},{"id":"ea92aa69-5124-4579-bd55-e74f74e4fff6","url":"https://www.youtube.com/watch?v=O-R6vC5bxCA","normalizedUrl":"https://www.youtube.com/watch?v=O-R6vC5bxCA","thumbnail":"https://img.youtube.com/vi/O-R6vC5bxCA/hqdefault.jpg","type":"video/youtube","tags":["ANNOTATED"],"createdAt":"2020-01-26T11:47:58.034Z","updatedAt":"2020-01-26T12:00:42.813Z"},{"id":"dff21cc3-1c01-4664-89fa-2c7b94273749","url":"https://www.youtube.com/watch?v=ID62BvdtmP0","normalizedUrl":"https://www.youtube.com/watch?v=ID62BvdtmP0","thumbnail":"https://img.youtube.com/vi/ID62BvdtmP0/hqdefault.jpg","type":"video/youtube","tags":["ANNOTATED"],"createdAt":"2020-01-26T11:47:58.034Z","updatedAt":"2020-01-26T12:00:42.813Z"},{"id":"57268c01-b8f0-4e69-b547-6d883d9a96cd","url":"https://www.youtube.com/watch?v=mPbFxEGzCaM","normalizedUrl":"https://www.youtube.com/watch?v=mPbFxEGzCaM","thumbnail":"https://img.youtube.com/vi/mPbFxEGzCaM/hqdefault.jpg","type":"video/youtube","tags":["ANNOTATED"],"createdAt":"2020-01-26T11:47:58.034Z","updatedAt":"2020-01-26T12:00:42.813Z"},{"id":"8aaee0e9-c0b2-4840-8a84-ea5d7b2d6dc8","url":"https://www.youtube.com/watch?v=mN3rDTAdM2o","normalizedUrl":"https://www.youtube.com/watch?v=mN3rDTAdM2o","thumbnail":"https://img.youtube.com/vi/mN3rDTAdM2o/hqdefault.jpg","type":"video/youtube","tags":["ANNOTATED"],"createdAt":"2020-01-26T11:47:58.034Z","updatedAt":"2020-01-26T12:00:42.813Z"},{"id":"de483edd-95be-4047-b37b-e6b0cbb2614c","url":"https://www.youtube.com/watch?v=bO3S8CKafbE","normalizedUrl":"https://www.youtube.com/watch?v=bO3S8CKafbE","thumbnail":"https://img.youtube.com/vi/bO3S8CKafbE/hqdefault.jpg","type":"video/youtube","tags":["ANNOTATED"],"createdAt":"2020-01-26T11:47:58.034Z","updatedAt":"2020-01-26T12:00:42.813Z"},{"id":"29edda4d-fcb7-446f-97c0-9cacba08793c","url":"https://www.youtube.com/watch?v=TTaTni6y464","normalizedUrl":"https://www.youtube.com/watch?v=TTaTni6y464","thumbnail":"https://img.youtube.com/vi/TTaTni6y464/hqdefault.jpg","type":"video/youtube","tags":["ANNOTATED"],"createdAt":"2020-01-26T11:47:58.034Z","updatedAt":"2020-01-26T12:00:42.813Z"},{"id":"e9d63c73-ec1b-4de3-9595-3b012769d2ec","url":"https://www.youtube.com/watch?v=Jtauh8GcxBY","normalizedUrl":"https://www.youtube.com/watch?v=Jtauh8GcxBY","thumbnail":"https://img.youtube.com/vi/Jtauh8GcxBY/hqdefault.jpg","type":"video/youtube","tags":["ANNOTATED"],"createdAt":"2020-01-26T11:47:58.034Z","updatedAt":"2020-01-26T12:00:42.813Z"},{"id":"4c16df66-6036-4234-91a1-a1f88571c7ee","url":"https://www.youtube.com/watch?v=TduHf1tWDvI","normalizedUrl":"https://www.youtube.com/watch?v=TduHf1tWDvI","thumbnail":"https://img.youtube.com/vi/TduHf1tWDvI/hqdefault.jpg","type":"video/youtube","tags":["ANNOTATED"],"createdAt":"2020-01-26T11:47:58.034Z","updatedAt":"2020-01-26T12:00:42.813Z"},{"id":"e9efae13-ecfa-43de-8d81-c9167e7f7a8a","url":"https://www.youtube.com/watch?v=HhjHYkPQ8F0","normalizedUrl":"https://www.youtube.com/watch?v=HhjHYkPQ8F0","thumbnail":"https://img.youtube.com/vi/HhjHYkPQ8F0/hqdefault.jpg","type":"video/youtube","tags":["ANNOTATED"],"createdAt":"2020-01-26T11:47:58.034Z","updatedAt":"2020-01-26T12:00:42.813Z"},{"id":"1d682d52-d133-48a9-bfe4-c2cab3095a53","url":"https://www.youtube.com/watch?v=1DpH-icPpl0","normalizedUrl":"https://www.youtube.com/watch?v=1DpH-icPpl0","thumbnail":"https://img.youtube.com/vi/1DpH-icPpl0/hqdefault.jpg","type":"video/youtube","tags":["ANNOTATED"],"createdAt":"2020-01-26T11:47:58.034Z","updatedAt":"2020-01-26T12:00:42.813Z"}],"postAvatar":""}