{"id":232966426,"title":"17編舞分享3-고맙다 Thanks","content":"祝大家新年快樂～今天來分享我的入坑曲吧～（有夠晚嗚嗚嗚明明他們出道我就知道了說😭）\nhttps://megapx-assets.dcard.tw/images/87cef63e-b140-4239-9662-c22f3218a81b/1280.jpeg\n고맙다對我而言是特別有意義的一首歌，越看就發現越多能提出來的點。\n\n首先，고맙다的編舞整體上給我一個\"海浪\" 的意象，如同海面，時而洶湧強烈、時而平靜得有如一幅畫。17的編舞中有很大量的層次感表現，고맙다更是把它使用到了極致。\nhttps://megapx-assets.dcard.tw/images/473f4e6c-f39d-45f7-81c5-e5a6d218b3b7/1280.jpeg\n歌曲前段\"어렸던 내마음\" 정한的部分那裡就是一個，讓人在歌曲一開始節奏變強烈的地方就被拉進曲子中。再來就是第二次副歌完漸層跪下的地方，完美的流動畫面更呼應了前面說的海浪的概念。\nhttps://megapx-assets.dcard.tw/images/1259845b-37de-4fa0-ac35-d66f06b045f5/1280.jpeg\n至於和層次一起能讓編舞看起來更加豐富的就是對稱了。這支舞裡出現對稱的地方不勝枚舉，我最喜歡的是第二段副歌前，兩邊分開後再次跑向彼此，剛好接到歌詞就是고맙다，彷彿說著謝謝你跑向了我。\nhttps://megapx-assets.dcard.tw/images/58838bb7-edd1-4c0f-b8fc-f1b511a93443/1280.jpeg\n\n第二，고맙다的編舞中營造了很多短暫定格的畫面感，尤其是승관被抬起來的部分特別給人種神聖的感覺。後面將준跟호시圍成兩朵花那裡也讓人印象很深刻，看起來很柔和。\nhttps://megapx-assets.dcard.tw/images/68850e19-0dae-4aa3-920d-02bdaa774469/1280.jpeg\nhttps://megapx-assets.dcard.tw/images/ad87b2ad-424d-42d0-8b30-9b662bbb0d6c/1280.jpeg\n\n第三，17的編舞裡不只一次用到手語，而這支舞中，一隻手在另一隻手的手背敲兩下正是謝謝的手語表達。值得一提的是，DK這段如果用空拍來看的話，13個人的隊形依序就是THX，這點look的編舞家也有說過！\nhttps://www.dcard.tw/v2/vivid/videos/28b7c584-8985-4128-91f6-622acf69f55b?r=0.4625\n最後，我覺得這是17的舞裡最能感受到情感的一支。朋友不是克拉，但她看的時侯覺得整支舞好像不斷在傳達著고맙다，用編舞也能感受到歌曲的真摯度。尤其是勾手指做出的約定手勢，儘管微小，但似乎就能代表整支舞的情感。\n\nhttps://megapx-assets.dcard.tw/images/fa0fa1ae-8acd-4407-8706-487003a2dc22/1280.jpeg\n結尾的編舞做成了前後呼應，很俐落很好看。整支舞的走位變化特別的豐富乾脆，跟其他支舞比它更加讓人一眼就看出此刻唱歌的人是誰！每個人都用自己的歌聲和舞蹈真誠的表達著感謝。\nhttps://megapx-assets.dcard.tw/images/fa254677-21a0-4b4c-90fc-854f640dda37/1280.jpeg\n最後，其實這首歌的拍子大可以讓他們塞更多動作進去，就像其他歌曲一樣，但고맙다卻沒有，而是在很多地方選擇了留白。這樣做的意義，我也還在思考中。大家也可以想看看。\n\n最近在準備新的編舞分享～之後會先分享在ig\n然後也會慢慢把去年發的幾首搬運過來！\n大家注意身體哦出門也要記得戴口罩！\n再一次新年快樂❤️❤️🌹順利的話229見囉💎","excerpt":"祝大家新年快樂～今天來分享我的入坑曲吧～（有夠晚嗚嗚嗚明明他們出道我就知道了說），고맙다對我而言是特別有意義的一首歌，越看就發現越多能提出來的點。首先，고맙다的編舞整體上給我一個\"海浪\" 的意象，如同","anonymousSchool":false,"anonymousDepartment":false,"pinned":false,"forumId":"14f573f5-3f02-4821-8e18-f561d7b7db91","replyId":null,"createdAt":"2020-01-27T09:55:30.574Z","updatedAt":"2020-01-27T09:55:30.574Z","commentCount":13,"likeCount":200,"tags":[],"topics":["編舞","KPOP","SEVENTEEN","CARAT","韓星"],"supportedReactions":null,"withNickname":true,"reportReason":"","hiddenByAuthor":false,"meta":{"layout":"classic"},"forumName":"追星","forumAlias":"entertainer","school":"因17綻放的花","department":"eustoma.17","replyTitle":null,"gender":"F","personaSubscriptable":true,"reactions":[{"id":"286f599c-f86a-4932-82f0-f5a06f1eca03","count":198},{"id":"011ead16-9b83-4729-9fde-c588920c6c2d","count":1},{"id":"aa0d425f-d530-4478-9a77-fe3aedc79eea","count":1}],"hidden":false,"customStyle":null,"isSuspiciousAccount":false,"layout":"classic","withImages":true,"withVideos":true,"media":[{"url":"https://megapx-assets.dcard.tw/images/87cef63e-b140-4239-9662-c22f3218a81b/1280.jpeg"},{"url":"https://megapx-assets.dcard.tw/images/473f4e6c-f39d-45f7-81c5-e5a6d218b3b7/1280.jpeg"},{"url":"https://megapx-assets.dcard.tw/images/1259845b-37de-4fa0-ac35-d66f06b045f5/1280.jpeg"},{"url":"https://megapx-assets.dcard.tw/images/58838bb7-edd1-4c0f-b8fc-f1b511a93443/1280.jpeg"},{"url":"https://megapx-assets.dcard.tw/images/68850e19-0dae-4aa3-920d-02bdaa774469/1280.jpeg"},{"url":"https://megapx-assets.dcard.tw/images/ad87b2ad-424d-42d0-8b30-9b662bbb0d6c/1280.jpeg"},{"url":"https://vivid.dcard.tw/Public/28b7c584-8985-4128-91f6-622acf69f55b/thumbnail.jpg"},{"url":"https://megapx-assets.dcard.tw/images/fa0fa1ae-8acd-4407-8706-487003a2dc22/1280.jpeg"},{"url":"https://megapx-assets.dcard.tw/images/fa254677-21a0-4b4c-90fc-854f640dda37/1280.jpeg"}],"reportReasonText":"","mediaMeta":[{"id":"11d85a71-9f85-4ea4-85cf-08fc2817818d","url":"https://megapx-assets.dcard.tw/images/87cef63e-b140-4239-9662-c22f3218a81b/640.jpeg","normalizedUrl":"https://megapx-assets.dcard.tw/images/87cef63e-b140-4239-9662-c22f3218a81b/640.jpeg","thumbnail":"https://megapx-assets.dcard.tw/images/87cef63e-b140-4239-9662-c22f3218a81b/640.jpeg","type":"image/thumbnail","tags":[],"createdAt":"2020-01-27T09:55:30.574Z","updatedAt":"2020-01-27T09:55:30.574Z","width":640,"height":274},{"id":"11d85a71-9f85-4ea4-85cf-08fc2817818d","url":"https://megapx-assets.dcard.tw/images/87cef63e-b140-4239-9662-c22f3218a81b/1280.jpeg","normalizedUrl":"https://megapx.dcard.tw/v1/images/87cef63e-b140-4239-9662-c22f3218a81b","thumbnail":"https://megapx-assets.dcard.tw/images/87cef63e-b140-4239-9662-c22f3218a81b/640.jpeg","type":"image/megapx","tags":[],"createdAt":"2020-01-27T09:55:30.574Z","updatedAt":"2020-01-27T09:55:30.574Z","width":1464,"height":626},{"id":"2db6e9b5-9269-4fd5-aacc-4bb34bb01d84","url":"https://megapx-assets.dcard.tw/images/473f4e6c-f39d-45f7-81c5-e5a6d218b3b7/1280.jpeg","normalizedUrl":"https://megapx.dcard.tw/v1/images/473f4e6c-f39d-45f7-81c5-e5a6d218b3b7","thumbnail":"https://megapx-assets.dcard.tw/images/473f4e6c-f39d-45f7-81c5-e5a6d218b3b7/640.jpeg","type":"image/megapx","tags":[],"createdAt":"2020-01-27T09:55:30.574Z","updatedAt":"2020-01-27T09:55:30.574Z","width":1471,"height":618},{"id":"74e53ff6-8ff9-4cce-a399-1dd2aa2dcf8b","url":"https://megapx-assets.dcard.tw/images/1259845b-37de-4fa0-ac35-d66f06b045f5/1280.jpeg","normalizedUrl":"https://megapx.dcard.tw/v1/images/1259845b-37de-4fa0-ac35-d66f06b045f5","thumbnail":"https://megapx-assets.dcard.tw/images/1259845b-37de-4fa0-ac35-d66f06b045f5/640.jpeg","type":"image/megapx","tags":[],"createdAt":"2020-01-27T09:55:30.574Z","updatedAt":"2020-01-27T09:55:30.574Z","width":1470,"height":627},{"id":"a4c93aff-d605-4c6d-99ec-39b72f33876f","url":"https://megapx-assets.dcard.tw/images/58838bb7-edd1-4c0f-b8fc-f1b511a93443/1280.jpeg","normalizedUrl":"https://megapx.dcard.tw/v1/images/58838bb7-edd1-4c0f-b8fc-f1b511a93443","thumbnail":"https://megapx-assets.dcard.tw/images/58838bb7-edd1-4c0f-b8fc-f1b511a93443/640.jpeg","type":"image/megapx","tags":[],"createdAt":"2020-01-27T09:55:30.574Z","updatedAt":"2020-01-27T09:55:30.574Z","width":1460,"height":623},{"id":"c62ca46a-0bed-4479-b8a5-ffdc85a6b1da","url":"https://megapx-assets.dcard.tw/images/68850e19-0dae-4aa3-920d-02bdaa774469/1280.jpeg","normalizedUrl":"https://megapx.dcard.tw/v1/images/68850e19-0dae-4aa3-920d-02bdaa774469","thumbnail":"https://megapx-assets.dcard.tw/images/68850e19-0dae-4aa3-920d-02bdaa774469/640.jpeg","type":"image/megapx","tags":[],"createdAt":"2020-01-27T09:55:30.574Z","updatedAt":"2020-01-27T09:55:30.574Z","width":1468,"height":630},{"id":"3d2e5ad0-1711-4671-881b-f2e54cab09d2","url":"https://megapx-assets.dcard.tw/images/ad87b2ad-424d-42d0-8b30-9b662bbb0d6c/1280.jpeg","normalizedUrl":"https://megapx.dcard.tw/v1/images/ad87b2ad-424d-42d0-8b30-9b662bbb0d6c","thumbnail":"https://megapx-assets.dcard.tw/images/ad87b2ad-424d-42d0-8b30-9b662bbb0d6c/640.jpeg","type":"image/megapx","tags":[],"createdAt":"2020-01-27T09:55:30.574Z","updatedAt":"2020-01-27T09:55:30.574Z","width":1474,"height":629},{"id":"d91a1b05-7a15-4eb6-aaf5-f47b494cd152","url":"https://www.dcard.tw/v2/vivid/videos/28b7c584-8985-4128-91f6-622acf69f55b?r=0.4625","normalizedUrl":"","thumbnail":"https://vivid.dcard.tw/Public/28b7c584-8985-4128-91f6-622acf69f55b/thumbnail.jpg","type":"video/vivid","tags":[],"createdAt":"2020-01-27T09:55:30.574Z","updatedAt":"2020-01-27T09:55:30.574Z"},{"id":"43cd54a0-a07c-4b72-979b-79753088e7e3","url":"https://megapx-assets.dcard.tw/images/fa0fa1ae-8acd-4407-8706-487003a2dc22/1280.jpeg","normalizedUrl":"https://megapx.dcard.tw/v1/images/fa0fa1ae-8acd-4407-8706-487003a2dc22","thumbnail":"https://megapx-assets.dcard.tw/images/fa0fa1ae-8acd-4407-8706-487003a2dc22/640.jpeg","type":"image/megapx","tags":[],"createdAt":"2020-01-27T09:55:30.574Z","updatedAt":"2020-01-27T09:55:30.574Z","width":1457,"height":623},{"id":"3e51adb7-aa2c-4f13-8690-40cf1de52568","url":"https://megapx-assets.dcard.tw/images/fa254677-21a0-4b4c-90fc-854f640dda37/1280.jpeg","normalizedUrl":"https://megapx.dcard.tw/v1/images/fa254677-21a0-4b4c-90fc-854f640dda37","thumbnail":"https://megapx-assets.dcard.tw/images/fa254677-21a0-4b4c-90fc-854f640dda37/640.jpeg","type":"image/megapx","tags":[],"createdAt":"2020-01-27T09:55:30.574Z","updatedAt":"2020-01-27T09:55:30.574Z","width":1467,"height":627}],"postAvatar":""}