{"id":232966453,"title":"換裝遊戲看到MAMAMOO","content":"剛剛我心血來潮 突然想玩以前很愛的換裝遊戲\n然後就打開遊戲網頁物色一下哪個 model 好看\n\n\nhttp://i.imgur.com/OLp7Lst.jpg\n!!! \n右下角不是頌樂在 HIP 的服裝嘛!!! \n\nhttp://i.imgur.com/GPO2Z1a.png\n\n點進去玩一下 也有其他三隻在 HIP MV 裡的造型:\n\nhttp://i.imgur.com/mtVSIBp.png\n服裝做的還蠻細節到位的~~\n好像還有另外一個 universe 的造型~\n\n不知道有沒有人 po 過  op 的話我再刪\n遊戲網址（ PC 瀏覽器）: \nhttp://styleup.gameangel.com/a100300000000001251","excerpt":"剛剛我心血來潮 突然想玩以前很愛的換裝遊戲，然後就打開遊戲網頁物色一下哪個 model 好看，！！！，右下角不是頌樂在 HIP 的服裝嘛！！！，點進去玩一下 也有其他三隻在 HIP MV 裡的造型：服","anonymousSchool":false,"anonymousDepartment":true,"pinned":false,"forumId":"14f573f5-3f02-4821-8e18-f561d7b7db91","replyId":null,"createdAt":"2020-01-27T10:01:04.050Z","updatedAt":"2020-01-27T10:08:40.785Z","commentCount":18,"likeCount":730,"tags":[],"topics":["遊戲","MAMAMOO"],"supportedReactions":null,"withNickname":false,"reportReason":"","hiddenByAuthor":false,"meta":{"layout":"classic"},"forumName":"追星","forumAlias":"entertainer","school":"國立臺灣科技大學","replyTitle":null,"gender":"F","personaSubscriptable":null,"reactions":[{"id":"286f599c-f86a-4932-82f0-f5a06f1eca03","count":715},{"id":"4b018f48-e184-445f-adf1-fc8e04ba09b9","count":8},{"id":"aa0d425f-d530-4478-9a77-fe3aedc79eea","count":4},{"id":"e8e6bc5d-41b0-4129-b134-97507523d7ff","count":3}],"hidden":false,"customStyle":null,"isSuspiciousAccount":false,"layout":"classic","withImages":true,"withVideos":false,"media":[{"url":"http://i.imgur.com/OLp7Lst.jpg"},{"url":"http://i.imgur.com/GPO2Z1a.png"},{"url":"http://i.imgur.com/mtVSIBp.png"}],"reportReasonText":"","mediaMeta":[{"id":"30a14b94-da72-4869-81dc-766f6a01cc68","url":"https://i.imgur.com/OLp7Lstl.jpg","normalizedUrl":"https://i.imgur.com/OLp7Lstl.jpg","thumbnail":"https://i.imgur.com/OLp7Lstl.jpg","type":"image/thumbnail","tags":["ANNOTATED"],"createdAt":"2020-01-27T10:01:04.050Z","updatedAt":"2020-01-27T10:08:40.785Z"},{"id":"30a14b94-da72-4869-81dc-766f6a01cc68","url":"http://i.imgur.com/OLp7Lst.jpg","normalizedUrl":"https://imgur.com/OLp7Lst","thumbnail":"https://i.imgur.com/OLp7Lstl.jpg","type":"image/imgur","tags":["ANNOTATED"],"createdAt":"2020-01-27T10:01:04.050Z","updatedAt":"2020-01-27T10:08:40.785Z"},{"id":"f2df943e-abec-4340-b9b1-8f891eb268a8","url":"http://i.imgur.com/GPO2Z1a.png","normalizedUrl":"https://imgur.com/GPO2Z1a","thumbnail":"https://i.imgur.com/GPO2Z1al.jpg","type":"image/imgur","tags":["ANNOTATED"],"createdAt":"2020-01-27T10:01:04.050Z","updatedAt":"2020-01-27T10:08:40.785Z"},{"id":"9e95494e-07b5-490d-a22a-1149e509cf7f","url":"http://i.imgur.com/mtVSIBp.png","normalizedUrl":"https://imgur.com/mtVSIBp","thumbnail":"https://i.imgur.com/mtVSIBpl.jpg","type":"image/imgur","tags":["ANNOTATED"],"createdAt":"2020-01-27T10:01:04.050Z","updatedAt":"2020-01-27T10:08:40.785Z"}],"postAvatar":""}