{"id":232936858,"title":"珍藏的華晨宇🌸照","content":"身為一個火星人\n手機裡有幾張大哥的照片是一定要的\n今天就來分享幾張珍藏的照片給大家！\n大家有珍藏照也可以拿出來分享😍\nhttps://megapx-assets.dcard.tw/images/d33fd4b9-99f0-4b04-9137-3c26784f0cf2/full.jpeg\n黑白照超級有質感 適合當桌面\n\nhttps://megapx-assets.dcard.tw/images/696568f4-6e60-461d-8a34-75d20280ff49/1280.jpeg\n雖然眼睛遮住了 不過光是看這個笑容\n我覺得非常可以！\n\nhttps://megapx-assets.dcard.tw/images/3c8e8a40-35b8-4bc7-a1a0-0d01b362c95d/full.jpeg\n種不經意拍下來的感覺 真的很棒！\n\nhttps://megapx-assets.dcard.tw/images/6a65a75d-f0a8-43c9-8d1e-3a908839d059/1280.jpeg\n上海口演唱會與各位火星人的合照！\n是說演唱會服裝最喜歡這套❤️\n\nhttps://megapx-assets.dcard.tw/images/d8c123fc-2594-4705-b8ac-f1f6cc5df22d/1280.jpeg\n這張充滿紅色的照片都會讓我想到七重人格這首歌\n\nhttps://megapx-assets.dcard.tw/images/9b72d039-9ba2-4b44-bac4-710e98e77249/1280.jpeg\n藝術感棚的大哥？ 挺喜歡這張❤️\n\nhttps://megapx-assets.dcard.tw/images/3f3a4612-2788-4272-9a56-be30b0230b29/1280.jpeg\n這張會讓想到瘋人院～\n倒在鋼琴上陶醉的唱歌 完全的享受這舞台～\n\nhttps://megapx-assets.dcard.tw/images/903c7b8e-91a4-4165-a259-68a7535c04cb/1280.jpeg\n這張有🔥陪襯 感覺整首歌更🔥了！\n\nhttps://megapx-assets.dcard.tw/images/79cca304-ae41-44d1-a3c8-852a3edee825/1280.jpeg\n模糊的樣子感覺更迷幻了！\n\nhttps://megapx-assets.dcard.tw/images/2fbca674-652a-4015-8611-23ed22eee445/1280.jpeg\n若隱若現的感覺很性感呀！\n\nhttps://megapx-assets.dcard.tw/images/0dfd29c6-e0f2-4824-bdfa-3b805974ad4d/1280.jpeg\n大哥的背😍\n\nhttps://megapx-assets.dcard.tw/images/b3aa44ad-0d32-429b-ba7a-93b8e853fc13/1280.jpeg\n最後一張是很熟男的大哥呀！\n那個迷離的眼神～（尖叫","excerpt":"身為一個火星人，手機裡有幾張大哥的照片是一定要的，今天就來分享幾張珍藏的照片給大家！，大家有珍藏照也可以拿出來分享，黑白照超級有質感 適合當桌面，雖然眼睛遮住了 不過光是看這個笑容，我覺得非常可以！，","anonymousSchool":false,"anonymousDepartment":false,"pinned":false,"forumId":"14f573f5-3f02-4821-8e18-f561d7b7db91","replyId":null,"createdAt":"2020-01-22T06:05:54.097Z","updatedAt":"2020-01-22T06:08:22.262Z","commentCount":9,"likeCount":67,"tags":[],"topics":["華晨宇"],"supportedReactions":null,"withNickname":true,"reportReason":"","hiddenByAuthor":false,"meta":{"layout":"classic"},"forumName":"追星","forumAlias":"entertainer","school":"江皮","department":"meow_owo","replyTitle":null,"gender":"F","personaSubscriptable":false,"reactions":[{"id":"286f599c-f86a-4932-82f0-f5a06f1eca03","count":66},{"id":"aa0d425f-d530-4478-9a77-fe3aedc79eea","count":1}],"hidden":false,"customStyle":null,"isSuspiciousAccount":false,"layout":"classic","withImages":true,"withVideos":false,"media":[{"url":"https://megapx-assets.dcard.tw/images/d33fd4b9-99f0-4b04-9137-3c26784f0cf2/full.jpeg"},{"url":"https://megapx-assets.dcard.tw/images/696568f4-6e60-461d-8a34-75d20280ff49/1280.jpeg"},{"url":"https://megapx-assets.dcard.tw/images/3c8e8a40-35b8-4bc7-a1a0-0d01b362c95d/full.jpeg"},{"url":"https://megapx-assets.dcard.tw/images/6a65a75d-f0a8-43c9-8d1e-3a908839d059/1280.jpeg"},{"url":"https://megapx-assets.dcard.tw/images/d8c123fc-2594-4705-b8ac-f1f6cc5df22d/1280.jpeg"},{"url":"https://megapx-assets.dcard.tw/images/9b72d039-9ba2-4b44-bac4-710e98e77249/1280.jpeg"},{"url":"https://megapx-assets.dcard.tw/images/3f3a4612-2788-4272-9a56-be30b0230b29/1280.jpeg"},{"url":"https://megapx-assets.dcard.tw/images/903c7b8e-91a4-4165-a259-68a7535c04cb/1280.jpeg"},{"url":"https://megapx-assets.dcard.tw/images/79cca304-ae41-44d1-a3c8-852a3edee825/1280.jpeg"},{"url":"https://megapx-assets.dcard.tw/images/2fbca674-652a-4015-8611-23ed22eee445/1280.jpeg"},{"url":"https://megapx-assets.dcard.tw/images/0dfd29c6-e0f2-4824-bdfa-3b805974ad4d/1280.jpeg"},{"url":"https://megapx-assets.dcard.tw/images/b3aa44ad-0d32-429b-ba7a-93b8e853fc13/1280.jpeg"}],"reportReasonText":"","mediaMeta":[{"id":"03eed8a1-12ab-47a8-98da-4b9c60d431e6","url":"https://megapx-assets.dcard.tw/images/d33fd4b9-99f0-4b04-9137-3c26784f0cf2/640.jpeg","normalizedUrl":"https://megapx-assets.dcard.tw/images/d33fd4b9-99f0-4b04-9137-3c26784f0cf2/640.jpeg","thumbnail":"https://megapx-assets.dcard.tw/images/d33fd4b9-99f0-4b04-9137-3c26784f0cf2/640.jpeg","type":"image/thumbnail","tags":["ANNOTATED"],"createdAt":"2020-01-22T06:05:54.097Z","updatedAt":"2020-01-22T06:08:22.262Z","width":360,"height":640},{"id":"03eed8a1-12ab-47a8-98da-4b9c60d431e6","url":"https://megapx-assets.dcard.tw/images/d33fd4b9-99f0-4b04-9137-3c26784f0cf2/full.jpeg","normalizedUrl":"https://megapx.dcard.tw/v1/images/d33fd4b9-99f0-4b04-9137-3c26784f0cf2","thumbnail":"https://megapx-assets.dcard.tw/images/d33fd4b9-99f0-4b04-9137-3c26784f0cf2/640.jpeg","type":"image/megapx","tags":["ANNOTATED"],"createdAt":"2020-01-22T06:05:54.097Z","updatedAt":"2020-01-22T06:08:22.262Z","width":700,"height":1244},{"id":"ba7bff22-ff57-46db-a8e2-e7f33f8b709a","url":"https://megapx-assets.dcard.tw/images/696568f4-6e60-461d-8a34-75d20280ff49/1280.jpeg","normalizedUrl":"https://megapx.dcard.tw/v1/images/696568f4-6e60-461d-8a34-75d20280ff49","thumbnail":"https://megapx-assets.dcard.tw/images/696568f4-6e60-461d-8a34-75d20280ff49/640.jpeg","type":"image/megapx","tags":["ANNOTATED"],"createdAt":"2020-01-22T06:05:54.097Z","updatedAt":"2020-01-22T06:08:22.262Z","width":720,"height":1281},{"id":"e4d4c1de-482d-4ba5-90d9-cb5cf5351df1","url":"https://megapx-assets.dcard.tw/images/3c8e8a40-35b8-4bc7-a1a0-0d01b362c95d/full.jpeg","normalizedUrl":"https://megapx.dcard.tw/v1/images/3c8e8a40-35b8-4bc7-a1a0-0d01b362c95d","thumbnail":"https://megapx-assets.dcard.tw/images/3c8e8a40-35b8-4bc7-a1a0-0d01b362c95d/640.jpeg","type":"image/megapx","tags":["ANNOTATED"],"createdAt":"2020-01-22T06:05:54.097Z","updatedAt":"2020-01-22T06:08:22.262Z","width":749,"height":999},{"id":"bb64ed05-8030-42e6-badb-0412a9113671","url":"https://megapx-assets.dcard.tw/images/6a65a75d-f0a8-43c9-8d1e-3a908839d059/1280.jpeg","normalizedUrl":"https://megapx.dcard.tw/v1/images/6a65a75d-f0a8-43c9-8d1e-3a908839d059","thumbnail":"https://megapx-assets.dcard.tw/images/6a65a75d-f0a8-43c9-8d1e-3a908839d059/640.jpeg","type":"image/megapx","tags":["ANNOTATED"],"createdAt":"2020-01-22T06:05:54.097Z","updatedAt":"2020-01-22T06:08:22.262Z","width":1080,"height":1620},{"id":"031b3d44-9c1b-43a8-97c1-dd7292e83779","url":"https://megapx-assets.dcard.tw/images/d8c123fc-2594-4705-b8ac-f1f6cc5df22d/1280.jpeg","normalizedUrl":"https://megapx.dcard.tw/v1/images/d8c123fc-2594-4705-b8ac-f1f6cc5df22d","thumbnail":"https://megapx-assets.dcard.tw/images/d8c123fc-2594-4705-b8ac-f1f6cc5df22d/640.jpeg","type":"image/megapx","tags":["ANNOTATED"],"createdAt":"2020-01-22T06:05:54.097Z","updatedAt":"2020-01-22T06:08:22.262Z","width":1080,"height":1620},{"id":"f4483288-d5ff-4990-ba00-40d181177fab","url":"https://megapx-assets.dcard.tw/images/9b72d039-9ba2-4b44-bac4-710e98e77249/1280.jpeg","normalizedUrl":"https://megapx.dcard.tw/v1/images/9b72d039-9ba2-4b44-bac4-710e98e77249","thumbnail":"https://megapx-assets.dcard.tw/images/9b72d039-9ba2-4b44-bac4-710e98e77249/640.jpeg","type":"image/megapx","tags":["ANNOTATED"],"createdAt":"2020-01-22T06:05:54.097Z","updatedAt":"2020-01-22T06:08:22.262Z","width":1080,"height":1380},{"id":"f4a40da2-53ed-4494-9c50-6f75ea5f6dce","url":"https://megapx-assets.dcard.tw/images/3f3a4612-2788-4272-9a56-be30b0230b29/1280.jpeg","normalizedUrl":"https://megapx.dcard.tw/v1/images/3f3a4612-2788-4272-9a56-be30b0230b29","thumbnail":"https://megapx-assets.dcard.tw/images/3f3a4612-2788-4272-9a56-be30b0230b29/640.jpeg","type":"image/megapx","tags":["ANNOTATED"],"createdAt":"2020-01-22T06:05:54.097Z","updatedAt":"2020-01-22T06:08:22.262Z","width":1080,"height":1920},{"id":"75e981b0-ad6f-4b20-88cd-672a129fbed8","url":"https://megapx-assets.dcard.tw/images/903c7b8e-91a4-4165-a259-68a7535c04cb/1280.jpeg","normalizedUrl":"https://megapx.dcard.tw/v1/images/903c7b8e-91a4-4165-a259-68a7535c04cb","thumbnail":"https://megapx-assets.dcard.tw/images/903c7b8e-91a4-4165-a259-68a7535c04cb/640.jpeg","type":"image/megapx","tags":["ANNOTATED"],"createdAt":"2020-01-22T06:05:54.097Z","updatedAt":"2020-01-22T06:08:22.262Z","width":1080,"height":1620},{"id":"d11dec15-3378-4cce-83ff-0dc6b82bd13b","url":"https://megapx-assets.dcard.tw/images/79cca304-ae41-44d1-a3c8-852a3edee825/1280.jpeg","normalizedUrl":"https://megapx.dcard.tw/v1/images/79cca304-ae41-44d1-a3c8-852a3edee825","thumbnail":"https://megapx-assets.dcard.tw/images/79cca304-ae41-44d1-a3c8-852a3edee825/640.jpeg","type":"image/megapx","tags":["ANNOTATED"],"createdAt":"2020-01-22T06:05:54.097Z","updatedAt":"2020-01-22T06:08:22.262Z","width":1080,"height":1620},{"id":"ff4a335f-843b-4201-874f-288446da603c","url":"https://megapx-assets.dcard.tw/images/2fbca674-652a-4015-8611-23ed22eee445/1280.jpeg","normalizedUrl":"https://megapx.dcard.tw/v1/images/2fbca674-652a-4015-8611-23ed22eee445","thumbnail":"https://megapx-assets.dcard.tw/images/2fbca674-652a-4015-8611-23ed22eee445/640.jpeg","type":"image/megapx","tags":["ANNOTATED"],"createdAt":"2020-01-22T06:05:54.097Z","updatedAt":"2020-01-22T06:08:22.262Z","width":960,"height":1440},{"id":"2c43cc72-67e5-4409-b272-c8ab72e0d60b","url":"https://megapx-assets.dcard.tw/images/0dfd29c6-e0f2-4824-bdfa-3b805974ad4d/1280.jpeg","normalizedUrl":"https://megapx.dcard.tw/v1/images/0dfd29c6-e0f2-4824-bdfa-3b805974ad4d","thumbnail":"https://megapx-assets.dcard.tw/images/0dfd29c6-e0f2-4824-bdfa-3b805974ad4d/640.jpeg","type":"image/megapx","tags":["ANNOTATED"],"createdAt":"2020-01-22T06:05:54.097Z","updatedAt":"2020-01-22T06:08:22.262Z","width":960,"height":1707},{"id":"208df4c2-6cf8-402e-b478-eff4d9d2d6c1","url":"https://megapx-assets.dcard.tw/images/b3aa44ad-0d32-429b-ba7a-93b8e853fc13/1280.jpeg","normalizedUrl":"https://megapx.dcard.tw/v1/images/b3aa44ad-0d32-429b-ba7a-93b8e853fc13","thumbnail":"https://megapx-assets.dcard.tw/images/b3aa44ad-0d32-429b-ba7a-93b8e853fc13/640.jpeg","type":"image/megapx","tags":["ANNOTATED"],"createdAt":"2020-01-22T06:05:54.097Z","updatedAt":"2020-01-22T06:08:22.262Z","width":960,"height":1707}],"postAvatar":""}