{"id":232974865,"title":"演唱會5x20的背後 （文末更新）","content":"（會稍微提到嵐netfilx第二集內容）\n嵐飯小夥伴們都知道～從2019/12/31開始在netfilx會每個月更新一集嵐的紀錄片！\nhttps://i.imgur.com/sBIyZ0Z.jpg\n\n（還沒看的小夥伴慎入⋯我會提到一點點內容）\n\n第二集一更新就馬上去看了！\n標題是5x20\n看完我只覺得⋯\n演唱會的背後 真的有太多我無法想像的付出（；＿；）\n第一次實際看到演唱會的籌備過程\n雖然一直都知道這絕不是輕鬆的事\n卻也沒想到會如此複雜如此辛苦⋯\n看到潤總監好幾次跟staff群討論到半夜\n看到發高燒的相葉ちゃん那麼努力的練舞\n真的覺得\n成為你們的飯真好嗚嗚嗚(;´༎ຶД༎ຶ`)\n\n可是我還沒有去過演唱會啊啊啊啊啊啊\n看完更想去現場了啊啊啊啊啊啊啊\n\n\n\n話說ニノ實在是太可愛了ʕ •ᴥ•ʔ\n我媽跟跟我一起看的時候一直在旁邊說\n：吼 二宮看起來真的不像快40的人\n：啊二宮到底在幹嘛啦 很鬧欸\n沒錯～～我媽已經被我影響到變成半個嵐飯了(⁎⁍̴̛ᴗ⁍̴̛⁎)\n\n———————題外話———————\n弱弱的問個 我有點想召集在這邊遇到的年紀相近的嵐飯小夥伴們 可能創個line群之類的 但不確定是不是有規定不能這樣做 看了板規也沒有特別寫到這個 實在不知道能不能⋯(･･;)\n也想問問小夥伴們意下如何～～\n\n————————更————————\n經過各種查詢～～\ndcard確實規定不能以任何方式留個人資訊在這邊QQ\n所以沒辦法直接透過這個平台創群組⋯\n真的謝謝小夥伴們這麼熱情ヽ(；▽；)ノ\n不過我已經在臉書創了一個私密社團（因為板規的緣故無法公告社團名稱 但熊熊我本人本身充滿線索😂）\n大家有興趣可以到臉書找找看～\n我的用詞都一樣，應該可以找得到！！\n————————————————\n\n最後再次謝謝大家看完ʕ •ᴥ•ʔ","excerpt":"（會稍微提到嵐netfilx第二集內容），嵐飯小夥伴們都知道～從2019/12/31開始在netfilx會每個月更新一集嵐的紀錄片！，（還沒看的小夥伴慎入⋯我會提到一點點內容），第二集一更新就馬上去看","anonymousSchool":false,"anonymousDepartment":false,"pinned":false,"forumId":"14f573f5-3f02-4821-8e18-f561d7b7db91","replyId":null,"createdAt":"2020-01-28T18:01:03.542Z","updatedAt":"2020-01-30T11:04:42.614Z","commentCount":14,"likeCount":46,"tags":[],"topics":["嵐","演唱會","5x20","Netflix","紀錄片"],"supportedReactions":null,"withNickname":true,"reportReason":"","hiddenByAuthor":false,"meta":{"layout":"classic"},"forumName":"追星","forumAlias":"entertainer","school":"ʕ •ᴥ•ʔﾉ💛❤️","department":"tintin_traum","replyTitle":null,"gender":"F","personaSubscriptable":true,"reactions":[{"id":"286f599c-f86a-4932-82f0-f5a06f1eca03","count":46}],"hidden":false,"customStyle":null,"isSuspiciousAccount":false,"layout":"classic","withImages":true,"withVideos":false,"media":[{"url":"https://i.imgur.com/sBIyZ0Z.jpg"}],"reportReasonText":"","mediaMeta":[{"id":"1b226c4f-9967-4c22-a936-0cf5bf7caca1","url":"https://i.imgur.com/sBIyZ0Zl.jpg","normalizedUrl":"https://i.imgur.com/sBIyZ0Zl.jpg","thumbnail":"https://i.imgur.com/sBIyZ0Zl.jpg","type":"image/thumbnail","tags":["ANNOTATED"],"createdAt":"2020-01-28T18:01:03.542Z","updatedAt":"2020-01-30T11:04:42.614Z"},{"id":"1b226c4f-9967-4c22-a936-0cf5bf7caca1","url":"https://i.imgur.com/sBIyZ0Z.jpg","normalizedUrl":"https://imgur.com/sBIyZ0Z","thumbnail":"https://i.imgur.com/sBIyZ0Zl.jpg","type":"image/imgur","tags":["ANNOTATED"],"createdAt":"2020-01-28T18:01:03.542Z","updatedAt":"2020-01-30T11:04:42.614Z"}],"postAvatar":""}