{"id":232964717,"title":"2/29 SVT演唱會","content":"我第一次看演唱會\n我想問問克拉們 如果你們是住南部\n演唱會在晚上結束\n你們會選擇當天來回 或是 當做去本部小旅行過夜這樣？\n\n價格親民的民宿都距離林口體育館好遠\n附近的飯店嗯....哈哈哈哈哈\n第一次看演唱會 也是一個人去看演唱會\n人生成就get哈哈哈哈哈","excerpt":"我第一次看演唱會，我想問問克拉們 如果你們是住南部，演唱會在晚上結束，你們會選擇當天來回 或是 當做去本部小旅行過夜這樣？價格親民的民宿都距離林口體育館好遠，附近的飯店嗯....哈哈哈哈哈，第一次看演","anonymousSchool":false,"anonymousDepartment":true,"pinned":false,"forumId":"14f573f5-3f02-4821-8e18-f561d7b7db91","replyId":null,"createdAt":"2020-01-27T03:07:59.272Z","updatedAt":"2020-01-27T03:07:59.272Z","commentCount":19,"likeCount":27,"tags":["HIDE_THUMBNAIL"],"topics":["演唱會","SEVENTEEN"],"supportedReactions":null,"withNickname":false,"reportReason":"","hiddenByAuthor":false,"meta":{"layout":"classic"},"forumName":"追星","forumAlias":"entertainer","school":"崇仁醫護管理專科學校","replyTitle":null,"gender":"F","personaSubscriptable":null,"reactions":[{"id":"286f599c-f86a-4932-82f0-f5a06f1eca03","count":27}],"hidden":false,"customStyle":null,"isSuspiciousAccount":false,"layout":"classic","withImages":false,"withVideos":false,"media":[],"reportReasonText":"","mediaMeta":[],"postAvatar":""}