{"id":232970752,"title":"被偶像耽誤的開球女王-尹普美","content":"今天的主角就是昨天在偶運會拿到投球冠軍的普美啦💞 \n熱騰騰的一位🔥🔥🔥恭喜恭喜！！！ \nhttps://i.imgur.com/qriHtpI.jpg\nhttps://i.imgur.com/XiLJgqK.jpg\n尹普美，1993年8月13日生，跆拳道三段，為Apink的老二，隊內擔當為副主唱與主領舞，擁有極強的綜藝能力，是Apink中的ACE！\n\n接下來就開始介紹我們家普美的開球史啦~~~\n堪稱開球過第一次就開始了每年都被邀請的開球女王XDD\n精彩的表現讓觀眾和許多棒球專業選手都給予很多稱讚！每次開完球必上也實時熱搜！\n\n【2014的首次開球】\n初次開球便驚豔眾人的投球實力！\n從此開啟了普美的開球人生😝\nhttps://i.imgur.com/DRLWCdY.gif\nhttps://youtu.be/NuSiU2mokic\n\n【最最經典的2015年】\n這場開球直接讓普美的（開球實力）聲名大噪\n影片在韓網KBO體育頻道所有影片中至今觀看數仍為壓倒性的第一 足足有350萬觀看人次！\nhttps://i.imgur.com/zXEnoYW.gif\n🔻把觀眾和選手嚇得一愣一愣的氣勢XD \nhttps://youtu.be/8DgWgL3w1p8\n\n【2017-穩穩定定的開球女神】\n很多女明星因為力道問題都會往前站在前面的草坪進行開球~~~而普美紮紮實實的站在投手區完成了精彩的投球！\nhttps://i.imgur.com/7FIbt84.gif\nhttps://youtu.be/iTzZ-h5Y50w\n\n【2018-不負眾望完美入袋】\n這場開球也超級精彩！！！\n完美弧度投進捕手的手套😳 \n連總教練都驚呆的完美實力👍👍👍\nhttps://i.imgur.com/8N2QMJ9.gif\nhttps://youtu.be/5RmKJE7hiV0\nhttps://i.imgur.com/ezKj8JI.gif\n\n【名品實力到上綜藝節目也會被cue】\n官方認證最高時速曾達86KM \n把壽根和章勳嚇到不行的球速XD \nhttps://youtu.be/7k080Qhv83s\n\n🔻每每開球完韓網的高度評價！\nhttps://i.imgur.com/3EOSPNc.jpg\nhttps://i.imgur.com/iMlVheT.jpg\nhttps://i.imgur.com/LKIOu5q.jpg\n\n✅為什麼網友說普美很真實不做作呢？\n有粉絲把普美每次的開球做了照片~~~\nhttps://i.imgur.com/GKU2tW6.jpg\n對 就是這麼真實XD 開球開到大家要把每年的照片做成一系列圖片😂😂😂\n\n【熱騰騰的冠軍🏅】\n沒錯！最後就是在偶運會剛奪下冠軍的影片啦🎉🎉🎉 影片分別為初賽和決賽影片~~~\nhttps://youtu.be/6nCOccYBwdg\nhttps://youtu.be/5SbEWt6weo4\nhttps://i.imgur.com/Y2v22pB.gif\n不負眾望的冠軍普美💓💓💓\n\n不過其實在錄製時普美受傷了ㅠㅠ \n影片是粉絲在錄製時所拍下 看動圖很明顯普美因為那一段高低差不小心拐了一下 實際上在地上躺了將近十秒ㅠㅠ \n而且期間完全沒有護理人員進場！ 最後普美是自己爬起來的😭\nhttps://i.imgur.com/Z9l7AHI.gif\n看影片和照片都好心疼T_T\nhttps://i.imgur.com/fzstLt1.jpg\n\n以上就是普美的開球記錄啦！從一開始到後來被眾所矚目 普美其實壓力很大XD 為了有穩定的表現每次開球前普美都很努力練習！真的是很棒的女孩(♡˙︶˙♡) 也希望普美的腳傷快點痊癒(比想像嚴重甚至打了石膏)QQ \n讓我們繼續期待之後普美的名品表現吧 ⚾⚾⚾\nApink也要繼續大發🌸🌸🌸🌸🌸🌸\nhttps://i.imgur.com/wNoFO4S.jpg","excerpt":"今天的主角就是昨天在偶運會拿到投球冠軍的普美啦，熱騰騰的一位恭喜恭喜！！！，尹普美，1993年8月13日生，跆拳道三段，為Apink的老二，隊內擔當為副主唱與主領舞，擁有極強的綜藝能力，是Apink中","anonymousSchool":false,"anonymousDepartment":false,"pinned":false,"forumId":"14f573f5-3f02-4821-8e18-f561d7b7db91","replyId":null,"createdAt":"2020-01-28T05:50:40.301Z","updatedAt":"2020-01-29T10:26:08.293Z","commentCount":44,"likeCount":1928,"tags":[],"topics":["Apink"],"supportedReactions":null,"withNickname":true,"reportReason":"","hiddenByAuthor":false,"meta":{"layout":"classic"},"forumName":"追星","forumAlias":"entertainer","school":"一隻아가새🐥","department":"abghiop","replyTitle":null,"gender":"F","personaSubscriptable":true,"reactions":[{"id":"286f599c-f86a-4932-82f0-f5a06f1eca03","count":1909},{"id":"011ead16-9b83-4729-9fde-c588920c6c2d","count":9},{"id":"4b018f48-e184-445f-adf1-fc8e04ba09b9","count":8},{"id":"514c2569-fd53-4d9d-a415-bf0f88e7329f","count":1},{"id":"e8e6bc5d-41b0-4129-b134-97507523d7ff","count":1}],"hidden":false,"customStyle":null,"isSuspiciousAccount":false,"layout":"classic","withImages":true,"withVideos":false,"media":[{"url":"https://i.imgur.com/qriHtpI.jpg"},{"url":"https://i.imgur.com/XiLJgqK.jpg"},{"url":"https://i.imgur.com/3EOSPNc.jpg"},{"url":"https://i.imgur.com/iMlVheT.jpg"},{"url":"https://i.imgur.com/LKIOu5q.jpg"},{"url":"https://i.imgur.com/GKU2tW6.jpg"},{"url":"https://i.imgur.com/fzstLt1.jpg"},{"url":"https://i.imgur.com/wNoFO4S.jpg"}],"reportReasonText":"","mediaMeta":[{"id":"97422ce8-a806-4a16-b976-ca24b58fe352","url":"https://i.imgur.com/qriHtpIl.jpg","normalizedUrl":"https://i.imgur.com/qriHtpIl.jpg","thumbnail":"https://i.imgur.com/qriHtpIl.jpg","type":"image/thumbnail","tags":["ANNOTATED"],"createdAt":"2020-01-29T10:26:08.293Z","updatedAt":"2020-01-29T10:26:08.293Z"},{"id":"97422ce8-a806-4a16-b976-ca24b58fe352","url":"https://i.imgur.com/qriHtpI.jpg","normalizedUrl":"https://imgur.com/qriHtpI","thumbnail":"https://i.imgur.com/qriHtpIl.jpg","type":"image/imgur","tags":["ANNOTATED"],"createdAt":"2020-01-29T10:26:08.293Z","updatedAt":"2020-01-29T10:26:08.293Z"},{"id":"206c4725-3870-4ef4-b26e-eff2b43479e4","url":"https://i.imgur.com/XiLJgqK.jpg","normalizedUrl":"https://imgur.com/XiLJgqK","thumbnail":"https://i.imgur.com/XiLJgqKl.jpg","type":"image/imgur","tags":["ANNOTATED"],"createdAt":"2020-01-28T05:50:40.301Z","updatedAt":"2020-01-29T10:26:08.293Z"},{"id":"d2af8f63-0829-4801-b1af-f23082430e3a","url":"https://i.imgur.com/DRLWCdY.gif","normalizedUrl":"https://imgur.com/DRLWCdY","thumbnail":"https://i.imgur.com/DRLWCdYl.jpg","type":"image/imgur","tags":["ANNOTATED"],"createdAt":"2020-01-28T05:50:40.301Z","updatedAt":"2020-01-29T10:26:08.293Z"},{"id":"8db09d9b-3ac4-47f9-91bb-346d95e96fac","url":"https://youtu.be/NuSiU2mokic","normalizedUrl":"https://www.youtube.com/watch?v=NuSiU2mokic","thumbnail":"https://img.youtube.com/vi/NuSiU2mokic/hqdefault.jpg","type":"video/youtube","tags":["ANNOTATED"],"createdAt":"2020-01-28T05:50:40.301Z","updatedAt":"2020-01-29T10:26:08.293Z"},{"id":"c1475fe8-7adb-42ab-91c0-9f6d855629b2","url":"https://i.imgur.com/zXEnoYW.gif","normalizedUrl":"https://imgur.com/zXEnoYW","thumbnail":"https://i.imgur.com/zXEnoYWl.jpg","type":"image/imgur","tags":["ANNOTATED"],"createdAt":"2020-01-28T05:50:40.301Z","updatedAt":"2020-01-29T10:26:08.293Z"},{"id":"b71fa5da-b736-40ba-b5d6-9be19ed3c9dd","url":"https://youtu.be/8DgWgL3w1p8","normalizedUrl":"https://www.youtube.com/watch?v=8DgWgL3w1p8","thumbnail":"https://img.youtube.com/vi/8DgWgL3w1p8/hqdefault.jpg","type":"video/youtube","tags":["ANNOTATED"],"createdAt":"2020-01-28T05:50:40.301Z","updatedAt":"2020-01-29T10:26:08.293Z"},{"id":"d3b9bab1-2313-45f0-8f60-6806a2fe2698","url":"https://i.imgur.com/7FIbt84.gif","normalizedUrl":"https://imgur.com/7FIbt84","thumbnail":"https://i.imgur.com/7FIbt84l.jpg","type":"image/imgur","tags":["ANNOTATED"],"createdAt":"2020-01-28T05:50:40.301Z","updatedAt":"2020-01-29T10:26:08.293Z"},{"id":"5109caf5-0bd3-49b6-b2d1-59a024de068c","url":"https://youtu.be/iTzZ-h5Y50w","normalizedUrl":"https://www.youtube.com/watch?v=iTzZ-h5Y50w","thumbnail":"https://img.youtube.com/vi/iTzZ-h5Y50w/hqdefault.jpg","type":"video/youtube","tags":["ANNOTATED"],"createdAt":"2020-01-28T05:50:40.301Z","updatedAt":"2020-01-29T10:26:08.293Z"},{"id":"ac72a49f-f444-4c97-a5d4-61f8106a0c97","url":"https://i.imgur.com/8N2QMJ9.gif","normalizedUrl":"https://imgur.com/8N2QMJ9","thumbnail":"https://i.imgur.com/8N2QMJ9l.jpg","type":"image/imgur","tags":["ANNOTATED"],"createdAt":"2020-01-28T05:50:40.301Z","updatedAt":"2020-01-29T10:26:08.293Z"},{"id":"2ce6292b-b1b1-4b94-8c2c-5fcc28515681","url":"https://youtu.be/5RmKJE7hiV0","normalizedUrl":"https://www.youtube.com/watch?v=5RmKJE7hiV0","thumbnail":"https://img.youtube.com/vi/5RmKJE7hiV0/hqdefault.jpg","type":"video/youtube","tags":["ANNOTATED"],"createdAt":"2020-01-28T05:50:40.301Z","updatedAt":"2020-01-29T10:26:08.293Z"},{"id":"9f5f9a7f-37af-4358-a49b-971571a8bef6","url":"https://i.imgur.com/ezKj8JI.gif","normalizedUrl":"https://imgur.com/ezKj8JI","thumbnail":"https://i.imgur.com/ezKj8JIl.jpg","type":"image/imgur","tags":["ANNOTATED"],"createdAt":"2020-01-28T05:50:40.301Z","updatedAt":"2020-01-29T10:26:08.293Z"},{"id":"d6af9a10-455d-4961-9999-3aeca5bcf3a0","url":"https://youtu.be/7k080Qhv83s","normalizedUrl":"https://www.youtube.com/watch?v=7k080Qhv83s","thumbnail":"https://img.youtube.com/vi/7k080Qhv83s/hqdefault.jpg","type":"video/youtube","tags":["ANNOTATED"],"createdAt":"2020-01-28T05:50:40.301Z","updatedAt":"2020-01-29T10:26:08.293Z"},{"id":"925ac29d-77e9-411c-9bfe-7e540132d267","url":"https://i.imgur.com/3EOSPNc.jpg","normalizedUrl":"https://imgur.com/3EOSPNc","thumbnail":"https://i.imgur.com/3EOSPNcl.jpg","type":"image/imgur","tags":["ANNOTATED"],"createdAt":"2020-01-28T05:50:40.301Z","updatedAt":"2020-01-29T10:26:08.293Z"},{"id":"3ad0f5d7-46ba-4cd7-b0c1-66047b96932c","url":"https://i.imgur.com/iMlVheT.jpg","normalizedUrl":"https://imgur.com/iMlVheT","thumbnail":"https://i.imgur.com/iMlVheTl.jpg","type":"image/imgur","tags":["ANNOTATED"],"createdAt":"2020-01-28T05:50:40.301Z","updatedAt":"2020-01-29T10:26:08.293Z"},{"id":"a480a24f-520a-4bc6-b988-aa23ba53fd71","url":"https://i.imgur.com/LKIOu5q.jpg","normalizedUrl":"https://imgur.com/LKIOu5q","thumbnail":"https://i.imgur.com/LKIOu5ql.jpg","type":"image/imgur","tags":["ANNOTATED"],"createdAt":"2020-01-28T05:50:40.301Z","updatedAt":"2020-01-29T10:26:08.293Z"},{"id":"ead73c1a-77f8-44d1-87aa-a3c332100c1b","url":"https://i.imgur.com/GKU2tW6.jpg","normalizedUrl":"https://imgur.com/GKU2tW6","thumbnail":"https://i.imgur.com/GKU2tW6l.jpg","type":"image/imgur","tags":["ANNOTATED"],"createdAt":"2020-01-28T05:50:40.301Z","updatedAt":"2020-01-29T10:26:08.293Z"},{"id":"9c1475a9-a20f-46cc-b040-a5151d36bec1","url":"https://youtu.be/6nCOccYBwdg","normalizedUrl":"https://www.youtube.com/watch?v=6nCOccYBwdg","thumbnail":"https://img.youtube.com/vi/6nCOccYBwdg/hqdefault.jpg","type":"video/youtube","tags":["ANNOTATED"],"createdAt":"2020-01-28T05:50:40.301Z","updatedAt":"2020-01-29T10:26:08.293Z"},{"id":"0ea35bd3-4e2c-4b65-89fb-ad98aa861040","url":"https://youtu.be/5SbEWt6weo4","normalizedUrl":"https://www.youtube.com/watch?v=5SbEWt6weo4","thumbnail":"https://img.youtube.com/vi/5SbEWt6weo4/hqdefault.jpg","type":"video/youtube","tags":["ANNOTATED"],"createdAt":"2020-01-28T05:50:40.301Z","updatedAt":"2020-01-29T10:26:08.293Z"},{"id":"e57c957c-2291-444c-bac2-d584363cb241","url":"https://i.imgur.com/Y2v22pB.gif","normalizedUrl":"https://imgur.com/Y2v22pB","thumbnail":"https://i.imgur.com/Y2v22pBl.jpg","type":"image/imgur","tags":["ANNOTATED"],"createdAt":"2020-01-28T05:50:40.301Z","updatedAt":"2020-01-29T10:26:08.293Z"},{"id":"413a0033-8074-42ed-b79d-484b9577c3ed","url":"https://i.imgur.com/Z9l7AHI.gif","normalizedUrl":"https://imgur.com/Z9l7AHI","thumbnail":"https://i.imgur.com/Z9l7AHIl.jpg","type":"image/imgur","tags":["ANNOTATED"],"createdAt":"2020-01-28T05:50:40.301Z","updatedAt":"2020-01-29T10:26:08.293Z"},{"id":"0a1ce9ac-3825-4b83-80bf-9e13f34c38d3","url":"https://i.imgur.com/fzstLt1.jpg","normalizedUrl":"https://imgur.com/fzstLt1","thumbnail":"https://i.imgur.com/fzstLt1l.jpg","type":"image/imgur","tags":["ANNOTATED"],"createdAt":"2020-01-28T05:50:40.301Z","updatedAt":"2020-01-29T10:26:08.293Z"},{"id":"a9952292-cbfa-4ef7-8a06-a887bbcc42c0","url":"https://i.imgur.com/wNoFO4S.jpg","normalizedUrl":"https://imgur.com/wNoFO4S","thumbnail":"https://i.imgur.com/wNoFO4Sl.jpg","type":"image/imgur","tags":["ANNOTATED"],"createdAt":"2020-01-28T05:50:40.301Z","updatedAt":"2020-01-29T10:26:08.293Z"}],"postAvatar":""}