{"id":232968428,"title":"藝寶包的由來","content":"如題，很晚才開始被推坑追蹤張藝\n然後發現藝家人都有共同尋找藝寶包的使命（？感\n想問為什麼那個包包會跟張藝有連結\n是因為張藝喜歡那個包包嗎😳\n還有祝他跟大謙彥儒都可以早點退伍😂😂\n如果有違規請再告知，我會馬上刪除🙏🏻\n\n\n-被窒息式性愛圈粉的me","excerpt":"如題，很晚才開始被推坑追蹤張藝，然後發現藝家人都有共同尋找藝寶包的使命（？感，想問為什麼那個包包會跟張藝有連結，是因為張藝喜歡那個包包嗎，還有祝他跟大謙彥儒都可以早點退伍，如果有違規請再告知，我會馬上","anonymousSchool":false,"anonymousDepartment":true,"pinned":false,"forumId":"14f573f5-3f02-4821-8e18-f561d7b7db91","replyId":null,"createdAt":"2020-01-27T16:05:15.798Z","updatedAt":"2020-01-27T17:33:07.127Z","commentCount":4,"likeCount":29,"tags":["HIDE_THUMBNAIL"],"topics":["藝寶包"],"supportedReactions":null,"withNickname":false,"reportReason":"","hiddenByAuthor":false,"meta":{"layout":"classic"},"forumName":"追星","forumAlias":"entertainer","school":"輔仁大學","replyTitle":null,"gender":"F","personaSubscriptable":false,"reactions":[{"id":"286f599c-f86a-4932-82f0-f5a06f1eca03","count":28},{"id":"aa0d425f-d530-4478-9a77-fe3aedc79eea","count":1}],"hidden":false,"customStyle":null,"isSuspiciousAccount":false,"layout":"classic","withImages":false,"withVideos":false,"media":[],"reportReasonText":"","mediaMeta":[],"postAvatar":""}