{"id":232967334,"title":"那些韓劇裡漂亮的女配角們","content":"很多韓劇裡都有各種貌美如花的女主角\n真的說也說不完\n各種美到發光\n\n不過呢~~~也別忘了我們的女配角喔~\n也是有很多很漂亮的女配角啦\n或許演技不夠純熟正在慢慢磨練\n等個幾年說不定就能看到主演了！\n\n然後今天就是要來分享一下最近覺得很美的幾位女配角~~\n\n我們開始吧~~~\n\n1.惠利❤️❤️❤️-海德哲基爾與我\nhttps://i.imgur.com/VWC3bBA.jpg\nhttps://i.imgur.com/sCUjywZ.jpg\nhttps://i.imgur.com/l6EMjXO.jpg\n對她的印象是從girl's day開始\n然後印象中有看過她演過仙岩女高偵探團\n不過沒有看完就是了\n還有海德哲基爾與我的女配角！\n最近很少在小螢幕亮相\n不過ig照片顏值真的越來越厲害\n\n\n2.金寶羅/金寶拉✨-天空之城\nhttps://i.imgur.com/2K7pDoh.jpg\nhttps://i.imgur.com/PVwHaVB.jpg\nhttps://i.imgur.com/1IiPABX.jpg\n最有印象的是她在天空之城裡的慧娜！第一眼就被美到，於是馬上追蹤IG!!!我記得她今年好像已經有主演的作品囉~~~希望以後能看到她更多的戲劇\n\n3.朴柔娜🌺-德魯納酒店\nhttps://i.imgur.com/j56WDuM.jpg\nhttps://i.imgur.com/2YHJnI4.jpg\nhttps://i.imgur.com/A091AcL.jpg\n其實她演過很多很多戲的配角喔\n而且長得也滿美的\n要清純就清純\n要豔麗也是可以\n我知道的作品中只有“我的ID是江南美人” “天空之城” “德魯納酒店”\n我自己是真的很喜歡她\n她演技也不錯\n希望未來可以看到她主演的戲劇\n\n最後一個\n私心放一下客串的🤣\n那就是我們的\n\nJisoo ✨✨✨✨\nhttps://i.imgur.com/GLRpFo0.jpg\nhttps://i.imgur.com/B8vuZGK.jpg\n不是粉絲或沒認真看劇的人\n應該不知道她客串什麼吧~~~哈哈哈\n好像只有14秒喔\n而且露臉一下下而已\n來個小提示\nhttps://i.imgur.com/9rA9ntq.jpg\n劇中唯一露臉圖\n\n\n好吧\n答案是：阿斯達年代記\n\n還沒看的快去看！！！\n人家Jisoo就算只有一點點鏡頭也還是很漂亮好不好\n\n我一直很喜歡他的眼睛鼻子嘴巴臉型（全部？）\n長得好舒服啊~\n\n\n其實我今天原本準備了很多很多部的女配角要來分享\n但好像太多了\n所以就刪減到剩這樣\n我不說我原本還要分享哪些\n留言丟上來😂\n朋友們，把你們的女神客串的或是配角都丟上來吧\n幫我補充哈哈哈哈哈哈\n希望能在底下看到我沒丟上來的","excerpt":"很多韓劇裡都有各種貌美如花的女主角，真的說也說不完，各種美到發光，不過呢~~~也別忘了我們的女配角喔~，也是有很多很漂亮的女配角啦，或許演技不夠純熟正在慢慢磨練，等個幾年說不定就能看到主演了！，然後今","anonymousSchool":false,"anonymousDepartment":false,"pinned":false,"forumId":"14f573f5-3f02-4821-8e18-f561d7b7db91","replyId":null,"createdAt":"2020-01-27T13:05:13.784Z","updatedAt":"2020-01-27T13:05:13.784Z","commentCount":100,"likeCount":1621,"tags":[],"topics":["漂亮","韓劇","配角","韓星"],"supportedReactions":null,"withNickname":true,"reportReason":"","hiddenByAuthor":false,"meta":{"layout":"classic"},"forumName":"追星","forumAlias":"entertainer","school":"玉米丸","department":"ljhr_won","replyTitle":null,"gender":"F","personaSubscriptable":true,"reactions":[{"id":"286f599c-f86a-4932-82f0-f5a06f1eca03","count":1613},{"id":"aa0d425f-d530-4478-9a77-fe3aedc79eea","count":5},{"id":"011ead16-9b83-4729-9fde-c588920c6c2d","count":2},{"id":"e8e6bc5d-41b0-4129-b134-97507523d7ff","count":1}],"hidden":false,"customStyle":null,"isSuspiciousAccount":false,"layout":"classic","withImages":true,"withVideos":false,"media":[{"url":"https://i.imgur.com/VWC3bBA.jpg"},{"url":"https://i.imgur.com/sCUjywZ.jpg"},{"url":"https://i.imgur.com/l6EMjXO.jpg"},{"url":"https://i.imgur.com/2K7pDoh.jpg"},{"url":"https://i.imgur.com/PVwHaVB.jpg"},{"url":"https://i.imgur.com/1IiPABX.jpg"},{"url":"https://i.imgur.com/j56WDuM.jpg"},{"url":"https://i.imgur.com/2YHJnI4.jpg"},{"url":"https://i.imgur.com/A091AcL.jpg"},{"url":"https://i.imgur.com/GLRpFo0.jpg"},{"url":"https://i.imgur.com/B8vuZGK.jpg"},{"url":"https://i.imgur.com/9rA9ntq.jpg"}],"reportReasonText":"","mediaMeta":[{"id":"daa65a7d-3c32-4979-a38f-cd1de4f5e97e","url":"https://i.imgur.com/VWC3bBAl.jpg","normalizedUrl":"https://i.imgur.com/VWC3bBAl.jpg","thumbnail":"https://i.imgur.com/VWC3bBAl.jpg","type":"image/thumbnail","tags":["ANNOTATED"],"createdAt":"2020-01-27T13:05:13.784Z","updatedAt":"2020-01-27T13:05:13.784Z"},{"id":"daa65a7d-3c32-4979-a38f-cd1de4f5e97e","url":"https://i.imgur.com/VWC3bBA.jpg","normalizedUrl":"https://imgur.com/VWC3bBA","thumbnail":"https://i.imgur.com/VWC3bBAl.jpg","type":"image/imgur","tags":["ANNOTATED"],"createdAt":"2020-01-27T13:05:13.784Z","updatedAt":"2020-01-27T13:05:13.784Z"},{"id":"b8fd76ec-296d-45d6-b876-4fd2c0772744","url":"https://i.imgur.com/sCUjywZ.jpg","normalizedUrl":"https://imgur.com/sCUjywZ","thumbnail":"https://i.imgur.com/sCUjywZl.jpg","type":"image/imgur","tags":["ANNOTATED"],"createdAt":"2020-01-27T13:05:13.784Z","updatedAt":"2020-01-27T13:05:13.784Z"},{"id":"15ef47b2-7816-4498-83ea-13bd898d5481","url":"https://i.imgur.com/l6EMjXO.jpg","normalizedUrl":"https://imgur.com/l6EMjXO","thumbnail":"https://i.imgur.com/l6EMjXOl.jpg","type":"image/imgur","tags":["ANNOTATED"],"createdAt":"2020-01-27T13:05:13.784Z","updatedAt":"2020-01-27T13:05:13.784Z"},{"id":"b0b37ff3-309d-4000-ad1a-d2e01dee6025","url":"https://i.imgur.com/2K7pDoh.jpg","normalizedUrl":"https://imgur.com/2K7pDoh","thumbnail":"https://i.imgur.com/2K7pDohl.jpg","type":"image/imgur","tags":["ANNOTATED"],"createdAt":"2020-01-27T13:05:13.784Z","updatedAt":"2020-01-27T13:05:13.784Z"},{"id":"d50e5875-3345-41e2-a149-eb61aba48916","url":"https://i.imgur.com/PVwHaVB.jpg","normalizedUrl":"https://imgur.com/PVwHaVB","thumbnail":"https://i.imgur.com/PVwHaVBl.jpg","type":"image/imgur","tags":["ANNOTATED"],"createdAt":"2020-01-27T13:05:13.784Z","updatedAt":"2020-01-27T13:05:13.784Z"},{"id":"db141c71-91a7-4ce9-bcaf-69a3c5184319","url":"https://i.imgur.com/1IiPABX.jpg","normalizedUrl":"https://imgur.com/1IiPABX","thumbnail":"https://i.imgur.com/1IiPABXl.jpg","type":"image/imgur","tags":["ANNOTATED"],"createdAt":"2020-01-27T13:05:13.784Z","updatedAt":"2020-01-27T13:05:13.784Z"},{"id":"4dfc9efc-dd94-4a9c-b112-4230a00224f2","url":"https://i.imgur.com/j56WDuM.jpg","normalizedUrl":"https://imgur.com/j56WDuM","thumbnail":"https://i.imgur.com/j56WDuMl.jpg","type":"image/imgur","tags":["ANNOTATED"],"createdAt":"2020-01-27T13:05:13.784Z","updatedAt":"2020-01-27T13:05:13.784Z"},{"id":"d8621fb0-028b-4092-b7b0-485be7b19b53","url":"https://i.imgur.com/2YHJnI4.jpg","normalizedUrl":"https://imgur.com/2YHJnI4","thumbnail":"https://i.imgur.com/2YHJnI4l.jpg","type":"image/imgur","tags":["ANNOTATED"],"createdAt":"2020-01-27T13:05:13.784Z","updatedAt":"2020-01-27T13:05:13.784Z"},{"id":"dca730b6-6a99-4c03-97cf-4af51424c629","url":"https://i.imgur.com/A091AcL.jpg","normalizedUrl":"https://imgur.com/A091AcL","thumbnail":"https://i.imgur.com/A091AcLl.jpg","type":"image/imgur","tags":["ANNOTATED"],"createdAt":"2020-01-27T13:05:13.784Z","updatedAt":"2020-01-27T13:05:13.784Z"},{"id":"9288df93-4ff0-4a7f-a07f-0afc6592bdc5","url":"https://i.imgur.com/GLRpFo0.jpg","normalizedUrl":"https://imgur.com/GLRpFo0","thumbnail":"https://i.imgur.com/GLRpFo0l.jpg","type":"image/imgur","tags":["ANNOTATED"],"createdAt":"2020-01-27T13:05:13.784Z","updatedAt":"2020-01-27T13:05:13.784Z"},{"id":"5e6f28db-4681-44ab-baac-4051b3e9c7af","url":"https://i.imgur.com/B8vuZGK.jpg","normalizedUrl":"https://imgur.com/B8vuZGK","thumbnail":"https://i.imgur.com/B8vuZGKl.jpg","type":"image/imgur","tags":["ANNOTATED"],"createdAt":"2020-01-27T13:05:13.784Z","updatedAt":"2020-01-27T13:05:13.784Z"},{"id":"51da7814-a827-48d2-829a-6a907ab76c12","url":"https://i.imgur.com/9rA9ntq.jpg","normalizedUrl":"https://imgur.com/9rA9ntq","thumbnail":"https://i.imgur.com/9rA9ntql.jpg","type":"image/imgur","tags":["ANNOTATED"],"createdAt":"2020-01-27T13:05:13.784Z","updatedAt":"2020-01-27T13:05:13.784Z"}],"postAvatar":""}