{"id":232968637,"title":"Wanna one Therefore ❤️","content":"一年了⋯⋯\n我仍然忘不了⋯⋯\n\n2019/01/27 \n去年的今天 \n我坐在電腦螢幕前堅持告訴自己不能掉眼淚💧\n因為「這不是結束，是花路的開始🌹」\n即使沒辦法到現場聽你們最後一場演唱會\n在螢幕前也要與你們同在\n但最後最後\n我再也忍不住眼淚💧\n我再也聽不到那聲「all i wanna do Wanna one」\n\n今天又在回頭把演唱會看過一次\n才發現很多很多的小細節\n從演唱會裡從歌單的選擇到VCR的內容\n成員們深情而又真誠的感言\n幾乎每一個環節都帶著回憶 帶著滿滿的情感\n\n\n結尾從這裡開始變得跟前三天不一樣\n他們先是圍成一圈\nhttps://i.imgur.com/TYP10NC.jpg\n做了一個他們11個人之間 只屬於他們的\n類似加油打氣的口號\n接著我們里兜智聖就帶頭\n喊了最後一次團體問候「2、3！All I wanna do, Wanna One，以上是Wanna One」\n不敢相信的是\n最後竟然會是這麼殘忍的退場方式\n要讓他們面對看著自己的成員離開\n要讓我們重複看著他們消失11次😫\n接著一個一個成員站上升降台說著感言揮著手離開\n\n🐧 智聖最後說謝謝的時候\n露出了一個大大的笑容\n溫柔的智聖在志訓哭到站不起來的時候\n成雲的緞帶掉了的時候\n伸出了關懷的手\n在自己轉身準備離開前\n還伸手拍了拍丹丹的肩膀\n直到最後都將隊長的職責做到最好\n謝謝你我們最棒的里兜👍\n\n\n👉聖祐說以前回到宿舍成員們都在\n現在回到家卻只有自己一個人\n雖然知道不可能一直孤單下去\n但是現在這一刻覺得好孤單\n以後感覺也還會孤單一段時間\n聽到這裡我真的心好酸😭\n這段時間他們獲得了10個兄弟👬\n如今卻要面對分離 \n很想很想抱著告訴他 \n你永遠不孤單 永遠有我們\n\n\n🥟在奐這三天裡\n三個紋身貼紙的含義是\n「Amor aeternus永遠的愛」\n「Una in perpetuum永遠在一起」\n「Tempus fugit, amor manet時光荏苒但愛依然存在」。\n了解之後才發現放了好多洋蔥🧅\nhttps://i.imgur.com/eCBaleu.jpg\n在奐在最後一場結尾的時候笑著說的\n那句「安妞」還喊了好多聲的Wannable\n徹徹底底讓我的心碎了💔\n因為那天過後再也聽不到Wannable了\n\n\n👉姜丹丹哭到背對螢幕 一度跪在台上\n他哽咽表示「在這裡遇到這10人，我真的很幸福\n，以後應該也會幸福，可是，Wanna One沒有了，但不代表我們11人都不在了，不知道該\n說些什麼安慰大家，就只是覺得抱歉，很抱歉，沒辦法報答你們給的愛，讓我更愧疚。」\n丹丹目送成員一個個轉身離場\n還要強裝鎮定和粉絲們揮手告別\n看著自己的成員一個一個先離開 獨自目送他們離開\n到底有沒有這麼殘忍的演唱會？！\nhttps://i.imgur.com/k40gxLA.jpg\n\n🐶志訓說\n「我們現在不是結束，是開始啊」\n說完就跪倒在地上\n一直沒有站起來\n直到智聖過來拍他的背\n志訓轉身的時候抬了頭\n他從來不曾哭成這樣\n這是我第一次看到一個每天臉上充滿笑容有活力的他\n哭到癱軟在地上\n我的心臟像重拳一樣打在心上 好痛！！\n\n\n🐦佑鎮淚喊\n「如果一開始就知道結束會這麼難過的話，那為何要開始？」\n直到回復一點心情之後\n一直說著「我真的不想跟大家分開。」\n但眼淚還是沒有止住\n真的好傷人啊💔💔💔\n才剛開始熟悉彼此\n才剛開始進入花路的隧道\n就這樣結束🔚強迫分離 真的好殘忍\n\n🐱平常講話就很冷靜的珍映 也不太會表達情緒\n那天也是如此冷靜 但是表情似乎不太對勁\n被旁邊的丹尼發現 趕緊抱住他 讓他在哥哥懷裡哭泣\n我真的看不了珍映哭😭\n如果他可以心思不要這麼細膩\n心思不要這麼敏感 \n或許他可以每天快快樂樂吧\n年紀還小總是不會表達自己的情感\n如果他可以想哭就哭想笑就笑就好了❤️❤️\nhttps://i.imgur.com/ARby0YO.jpg\n\n👉大輝也感性表示\n「剛出道時曾覺得很痛苦，不知道這種日子還要過多久，但現在懊悔，覺得當時的想法很笨。」\n大輝一開始說「不要哭 幹嘛哭」\n但最後他再也忍不住了 強忍的淚水也滑落了\n\n\n🐤冠霖作為弟弟最後說的這番話\n「從我退場的那一瞬間開始\n似乎就再也看不到11個人站在一起的樣子了\n所以作為第一個退場的人\n我想要一個一個抱抱我的哥哥們」\n這裡都太好哭了😭\n一個一個退場根本逼死人\n\n每當又一個人轉身走向自己的升降梯時\n我在螢幕前握著雙手 心裡酸酸的痛痛的\n崩潰到狂喊卡機馬\n可是不管怎麼喊怎麼求 \n怎麼想把他們拉回來 想把升降台用壞故障⋯⋯\n都沒辦法阻止他們停下腳步 沒辦法阻止他們離開\n每一次他們揮手之後\n升降梯開始下降的那刻\n心裏那種無力感 那種下沉的感覺\n那種從看著他們還在眼前\n卻無力阻止他們走上升降\n無力阻止升降梯下降\n那種感覺真的會讓人覺得心生無助 生無可戀\n11個人就是11段路 就是11次 \n他們就在眼前卻無能為力 👐\n卻沒有任何辦法挽留⋯⋯⋯⋯\n\n\n2017年的那個夏天 \n2019年的那個春天\n相信每一個202女孩至今想起11個人\n心裏仍會有股感動悸動\n相信每一個202女孩至今聽到「pick me」\n心裏仍會起一身雞皮疙瘩\nhttps://i.imgur.com/oYRSTMs.jpg\n\n\n回想起在他們活動的這段時間中\nㄧ出道就登上了高尺巨蛋\nㄧ共發行了5張專輯\n總銷量高達300多萬\n拿到過49個打歌節目一位\n52個音樂獎盃\n想加正好是共101個獎項\n這大概就是命運吧\n這大概就是一種肯定吧\nhttps://i.imgur.com/x9Nas7R.jpg\nhttps://i.imgur.com/tuIafeU.jpg\n\n尹智聖\n河成雲\n黃旼炫\n邕聖祐\n金在奐\n姜丹尼爾\n朴志訓\n朴佑鎮\n裴珍映\n李大輝\n賴冠霖\n我永遠的驕傲\n我永遠的偶像\n謝謝你們與我創造很多美好的回憶\n未來還會有更多回憶\n都走花路吧！！！！🌹🌹\nhttps://i.imgur.com/5VQSSP0.jpg\nhttps://i.imgur.com/rbq57j2.jpg\nhttps://i.imgur.com/MeYXqp3.jpg\nhttps://i.imgur.com/77VTC0A.jpg","excerpt":"一年了⋯⋯，我仍然忘不了⋯⋯，2019/01/27，去年的今天，我坐在電腦螢幕前堅持告訴自己不能掉眼淚，因為「這不是結束，是花路的開始」即使沒辦法到現場聽你們最後一場演唱會，在螢幕前也要與你們同在，但","anonymousSchool":false,"anonymousDepartment":false,"pinned":false,"forumId":"14f573f5-3f02-4821-8e18-f561d7b7db91","replyId":null,"createdAt":"2020-01-27T16:35:15.378Z","updatedAt":"2020-01-27T16:49:11.576Z","commentCount":14,"likeCount":280,"tags":[],"topics":["韓星","追星","演唱會","解散演唱會","WannaOne"],"supportedReactions":null,"withNickname":true,"reportReason":"","hiddenByAuthor":false,"meta":{"layout":"classic"},"forumName":"追星","forumAlias":"entertainer","school":"딸기우유🍓種子🌳","department":"cixfrighting","replyTitle":null,"gender":"F","personaSubscriptable":true,"reactions":[{"id":"286f599c-f86a-4932-82f0-f5a06f1eca03","count":267},{"id":"514c2569-fd53-4d9d-a415-bf0f88e7329f","count":9},{"id":"aa0d425f-d530-4478-9a77-fe3aedc79eea","count":4}],"hidden":false,"customStyle":null,"isSuspiciousAccount":false,"layout":"classic","withImages":true,"withVideos":false,"media":[{"url":"https://i.imgur.com/TYP10NC.jpg"},{"url":"https://i.imgur.com/eCBaleu.jpg"},{"url":"https://i.imgur.com/k40gxLA.jpg"},{"url":"https://i.imgur.com/ARby0YO.jpg"},{"url":"https://i.imgur.com/oYRSTMs.jpg"},{"url":"https://i.imgur.com/x9Nas7R.jpg"},{"url":"https://i.imgur.com/tuIafeU.jpg"},{"url":"https://i.imgur.com/5VQSSP0.jpg"},{"url":"https://i.imgur.com/rbq57j2.jpg"},{"url":"https://i.imgur.com/MeYXqp3.jpg"},{"url":"https://i.imgur.com/77VTC0A.jpg"}],"reportReasonText":"","mediaMeta":[{"id":"2bf357bc-b4d3-48ae-a802-ca7ab3582b4c","url":"https://i.imgur.com/TYP10NCl.jpg","normalizedUrl":"https://i.imgur.com/TYP10NCl.jpg","thumbnail":"https://i.imgur.com/TYP10NCl.jpg","type":"image/thumbnail","tags":["ANNOTATED"],"createdAt":"2020-01-27T16:35:15.378Z","updatedAt":"2020-01-27T16:49:11.576Z"},{"id":"2bf357bc-b4d3-48ae-a802-ca7ab3582b4c","url":"https://i.imgur.com/TYP10NC.jpg","normalizedUrl":"https://imgur.com/TYP10NC","thumbnail":"https://i.imgur.com/TYP10NCl.jpg","type":"image/imgur","tags":["ANNOTATED"],"createdAt":"2020-01-27T16:35:15.378Z","updatedAt":"2020-01-27T16:49:11.576Z"},{"id":"350a9345-cda3-417c-a9f5-93533b885fe7","url":"https://i.imgur.com/eCBaleu.jpg","normalizedUrl":"https://imgur.com/eCBaleu","thumbnail":"https://i.imgur.com/eCBaleul.jpg","type":"image/imgur","tags":["ANNOTATED"],"createdAt":"2020-01-27T16:35:15.378Z","updatedAt":"2020-01-27T16:49:11.576Z"},{"id":"00d5b62d-9959-402e-be22-6c595760709e","url":"https://i.imgur.com/k40gxLA.jpg","normalizedUrl":"https://imgur.com/k40gxLA","thumbnail":"https://i.imgur.com/k40gxLAl.jpg","type":"image/imgur","tags":["ANNOTATED"],"createdAt":"2020-01-27T16:35:15.378Z","updatedAt":"2020-01-27T16:49:11.576Z"},{"id":"9fd799ba-117c-4283-992f-c55afd592292","url":"https://i.imgur.com/ARby0YO.jpg","normalizedUrl":"https://imgur.com/ARby0YO","thumbnail":"https://i.imgur.com/ARby0YOl.jpg","type":"image/imgur","tags":["ANNOTATED"],"createdAt":"2020-01-27T16:41:01.626Z","updatedAt":"2020-01-27T16:49:11.576Z"},{"id":"71bb8e51-64df-4cf3-b27b-6b6b9ab57f7f","url":"https://i.imgur.com/oYRSTMs.jpg","normalizedUrl":"https://imgur.com/oYRSTMs","thumbnail":"https://i.imgur.com/oYRSTMsl.jpg","type":"image/imgur","tags":["ANNOTATED"],"createdAt":"2020-01-27T16:35:15.378Z","updatedAt":"2020-01-27T16:49:11.576Z"},{"id":"048c2a30-60b8-4533-bab8-5a550a63cf19","url":"https://i.imgur.com/x9Nas7R.jpg","normalizedUrl":"https://imgur.com/x9Nas7R","thumbnail":"https://i.imgur.com/x9Nas7Rl.jpg","type":"image/imgur","tags":["ANNOTATED"],"createdAt":"2020-01-27T16:35:15.378Z","updatedAt":"2020-01-27T16:49:11.576Z"},{"id":"c3fbee00-61f7-4c99-8bec-4e8aab7794cb","url":"https://i.imgur.com/tuIafeU.jpg","normalizedUrl":"https://imgur.com/tuIafeU","thumbnail":"https://i.imgur.com/tuIafeUl.jpg","type":"image/imgur","tags":["ANNOTATED"],"createdAt":"2020-01-27T16:35:15.378Z","updatedAt":"2020-01-27T16:49:11.576Z"},{"id":"b148e572-4291-49e4-be37-fb9ec32dd486","url":"https://i.imgur.com/5VQSSP0.jpg","normalizedUrl":"https://imgur.com/5VQSSP0","thumbnail":"https://i.imgur.com/5VQSSP0l.jpg","type":"image/imgur","tags":["ANNOTATED"],"createdAt":"2020-01-27T16:35:15.378Z","updatedAt":"2020-01-27T16:49:11.576Z"},{"id":"b50fe253-7bb5-416e-abd8-8cc5df963435","url":"https://i.imgur.com/rbq57j2.jpg","normalizedUrl":"https://imgur.com/rbq57j2","thumbnail":"https://i.imgur.com/rbq57j2l.jpg","type":"image/imgur","tags":["ANNOTATED"],"createdAt":"2020-01-27T16:35:15.378Z","updatedAt":"2020-01-27T16:49:11.576Z"},{"id":"58b1e1c6-acbe-4a23-8e79-f4ed0c4330f8","url":"https://i.imgur.com/MeYXqp3.jpg","normalizedUrl":"https://imgur.com/MeYXqp3","thumbnail":"https://i.imgur.com/MeYXqp3l.jpg","type":"image/imgur","tags":["ANNOTATED"],"createdAt":"2020-01-27T16:35:15.378Z","updatedAt":"2020-01-27T16:49:11.576Z"},{"id":"1b89aea5-837c-4f4e-a39a-7001b6249066","url":"https://i.imgur.com/77VTC0A.jpg","normalizedUrl":"https://imgur.com/77VTC0A","thumbnail":"https://i.imgur.com/77VTC0Al.jpg","type":"image/imgur","tags":["ANNOTATED"],"createdAt":"2020-01-27T16:35:15.378Z","updatedAt":"2020-01-27T16:49:11.576Z"}],"postAvatar":""}