{"id":232956297,"title":"那些我懷念的二代團體","content":"今天在yt上面隨手點了一首以前的歌，結果不點沒事一點回憶整個湧上來啊啊啊啊!!!! \n全都是青春阿～😭😭😭\n\n以下正文🔻 男團篇\n🎊Super Junior 第一組是超級無敵吵的老少年ㅋㅋㅋ\nhttps://megapx-assets.dcard.tw/images/ce9ec56b-36e4-40ed-8a88-ecf20f7362ce/full.jpeg\n當初sorry sorry 出來後造成爆紅，學校每個人都在唱這首歌,就連當初沒有在韓追星的朋友們也都知道這首歌😂\n另外最近我入坑了新西遊記 原本我以為圭賢是個正常人但看了之後⋯⋯完全不是啊！！！\n\n附上一張裴勇俊ㅋㅋㅋ\nhttps://megapx-assets.dcard.tw/images/aff3dda3-4479-4578-888d-ab778bc9381d/full.jpeg\n\n\n🎊 2PM \nhttps://megapx-assets.dcard.tw/images/35913d64-0030-4425-9d3e-2a3d73ccfc9c/full.jpeg\n各 位 觀 眾 這就是我本次發文的契機！ \n因為我隨手點了一首\"祐榮\"的SEXY LADY\n還記得以前看2PM show 的時候每集都笑到流淚\n附上用鼻子吹直笛的成員們🤣🤣🤣\nhttps://megapx-assets.dcard.tw/images/7a068325-542a-46b6-8109-d9455b6c2a6c/1280.jpeg\nhttps://megapx-assets.dcard.tw/images/677e0f60-047f-49d2-9e09-da3f6444d3d9/1280.jpeg\nhttps://megapx-assets.dcard.tw/images/384a5320-f44b-437a-8f54-f14ea60e30db/1280.jpeg\nhttps://megapx-assets.dcard.tw/images/86d2c0c1-d152-42ba-bd8f-e81d25468238/1280.jpeg\n\n🎊MBLAQ\nhttps://megapx-assets.dcard.tw/images/4948c554-bcb7-4dbe-9af0-952e4182b67d/full.jpeg\n以前中毒了\"這是戰爭\"好一陣子 超洗腦的～\n當初會認識他們是因為看了hello baby\n真心覺得節目中三個小孩都長得很好看 \nP.s lauren的弟弟長得超不科學根本就是洋娃娃\n這睫毛根本6D山茶花\nhttps://megapx-assets.dcard.tw/images/c8d001cc-dae7-4331-9cd7-c6a55adbb42e/full.jpeg\n\n\n🎊 SHINee\nhttps://megapx-assets.dcard.tw/images/df5100c1-ab4c-4112-86ba-ac591b1f3767/full.jpeg\nSHINee 有好多經典歌 \n但其中最喜歡的還是Ring Ding Dong啦！！！\n被列為韓國高考禁曲其中之一\n當初中毒超深 我姐還直接叫我閉嘴不要在唱了⋯\n殊不知被我洗腦成功 哈哈哈\n\n另外還有好多好多團體 \n例如 血型團B1A4 /無限INFINITE /TEEN TOP/\n        ZE:A /東方神起 /B.A.P .....等 \n\n真的很慶幸我的青春裡擁有了他們☺️","excerpt":"今天在yt上面隨手點了一首以前的歌，結果不點沒事一點回憶整個湧上來啊啊啊啊！！！！，全都是青春阿～以下正文 男團篇，Super Junior 第一組是超級無敵吵的老少年ㅋㅋㅋ，當初sorry sorr","anonymousSchool":false,"anonymousDepartment":true,"pinned":false,"forumId":"14f573f5-3f02-4821-8e18-f561d7b7db91","replyId":null,"createdAt":"2020-01-25T13:40:05.186Z","updatedAt":"2020-01-26T13:20:06.502Z","commentCount":67,"likeCount":949,"tags":[],"topics":["團體"],"supportedReactions":null,"withNickname":false,"reportReason":"","hiddenByAuthor":false,"meta":{"layout":"classic"},"forumName":"追星","forumAlias":"entertainer","school":"台南應用科技大學","replyTitle":null,"gender":"F","personaSubscriptable":false,"reactions":[{"id":"286f599c-f86a-4932-82f0-f5a06f1eca03","count":943},{"id":"514c2569-fd53-4d9d-a415-bf0f88e7329f","count":3},{"id":"aa0d425f-d530-4478-9a77-fe3aedc79eea","count":3}],"hidden":false,"customStyle":null,"isSuspiciousAccount":false,"layout":"classic","withImages":true,"withVideos":false,"media":[{"url":"https://megapx-assets.dcard.tw/images/ce9ec56b-36e4-40ed-8a88-ecf20f7362ce/full.jpeg"},{"url":"https://megapx-assets.dcard.tw/images/aff3dda3-4479-4578-888d-ab778bc9381d/full.jpeg"},{"url":"https://megapx-assets.dcard.tw/images/35913d64-0030-4425-9d3e-2a3d73ccfc9c/full.jpeg"},{"url":"https://megapx-assets.dcard.tw/images/7a068325-542a-46b6-8109-d9455b6c2a6c/1280.jpeg"},{"url":"https://megapx-assets.dcard.tw/images/677e0f60-047f-49d2-9e09-da3f6444d3d9/1280.jpeg"},{"url":"https://megapx-assets.dcard.tw/images/384a5320-f44b-437a-8f54-f14ea60e30db/1280.jpeg"},{"url":"https://megapx-assets.dcard.tw/images/86d2c0c1-d152-42ba-bd8f-e81d25468238/1280.jpeg"},{"url":"https://megapx-assets.dcard.tw/images/4948c554-bcb7-4dbe-9af0-952e4182b67d/full.jpeg"},{"url":"https://megapx-assets.dcard.tw/images/c8d001cc-dae7-4331-9cd7-c6a55adbb42e/full.jpeg"},{"url":"https://megapx-assets.dcard.tw/images/df5100c1-ab4c-4112-86ba-ac591b1f3767/full.jpeg"}],"reportReasonText":"","mediaMeta":[{"id":"3460926d-0a07-4ed9-a6e3-9f601bc00d77","url":"https://megapx-assets.dcard.tw/images/ce9ec56b-36e4-40ed-8a88-ecf20f7362ce/320.jpeg","normalizedUrl":"https://megapx-assets.dcard.tw/images/ce9ec56b-36e4-40ed-8a88-ecf20f7362ce/320.jpeg","thumbnail":"https://megapx-assets.dcard.tw/images/ce9ec56b-36e4-40ed-8a88-ecf20f7362ce/320.jpeg","type":"image/thumbnail","tags":["ANNOTATED"],"createdAt":"2020-01-25T13:40:05.186Z","updatedAt":"2020-01-26T13:20:06.502Z","width":320,"height":205},{"id":"3460926d-0a07-4ed9-a6e3-9f601bc00d77","url":"https://megapx-assets.dcard.tw/images/ce9ec56b-36e4-40ed-8a88-ecf20f7362ce/full.jpeg","normalizedUrl":"https://megapx.dcard.tw/v1/images/ce9ec56b-36e4-40ed-8a88-ecf20f7362ce","thumbnail":"https://megapx-assets.dcard.tw/images/ce9ec56b-36e4-40ed-8a88-ecf20f7362ce/320.jpeg","type":"image/megapx","tags":["ANNOTATED"],"createdAt":"2020-01-25T13:40:05.186Z","updatedAt":"2020-01-26T13:20:06.502Z","width":640,"height":410},{"id":"0835b4ba-f400-4217-a127-c2a2dbb24fd1","url":"https://megapx-assets.dcard.tw/images/aff3dda3-4479-4578-888d-ab778bc9381d/full.jpeg","normalizedUrl":"https://megapx.dcard.tw/v1/images/aff3dda3-4479-4578-888d-ab778bc9381d","thumbnail":"https://megapx-assets.dcard.tw/images/aff3dda3-4479-4578-888d-ab778bc9381d/320.jpeg","type":"image/megapx","tags":["ANNOTATED"],"createdAt":"2020-01-25T13:40:05.186Z","updatedAt":"2020-01-26T13:20:06.502Z","width":476,"height":602},{"id":"2cdf916b-7156-487c-b25f-239cf3544d3f","url":"https://megapx-assets.dcard.tw/images/35913d64-0030-4425-9d3e-2a3d73ccfc9c/full.jpeg","normalizedUrl":"https://megapx.dcard.tw/v1/images/35913d64-0030-4425-9d3e-2a3d73ccfc9c","thumbnail":"https://megapx-assets.dcard.tw/images/35913d64-0030-4425-9d3e-2a3d73ccfc9c/640.jpeg","type":"image/megapx","tags":["ANNOTATED"],"createdAt":"2020-01-25T13:40:05.186Z","updatedAt":"2020-01-26T13:20:06.502Z","width":968,"height":550},{"id":"e452ffcb-c433-423b-a4b0-57a0f6fe2053","url":"https://megapx-assets.dcard.tw/images/7a068325-542a-46b6-8109-d9455b6c2a6c/1280.jpeg","normalizedUrl":"https://megapx.dcard.tw/v1/images/7a068325-542a-46b6-8109-d9455b6c2a6c","thumbnail":"https://megapx-assets.dcard.tw/images/7a068325-542a-46b6-8109-d9455b6c2a6c/640.jpeg","type":"image/megapx","tags":["ANNOTATED"],"createdAt":"2020-01-25T13:40:05.186Z","updatedAt":"2020-01-26T13:20:06.502Z","width":1334,"height":750},{"id":"50f8335a-719b-427c-8609-c7421479d45c","url":"https://megapx-assets.dcard.tw/images/677e0f60-047f-49d2-9e09-da3f6444d3d9/1280.jpeg","normalizedUrl":"https://megapx.dcard.tw/v1/images/677e0f60-047f-49d2-9e09-da3f6444d3d9","thumbnail":"https://megapx-assets.dcard.tw/images/677e0f60-047f-49d2-9e09-da3f6444d3d9/640.jpeg","type":"image/megapx","tags":["ANNOTATED"],"createdAt":"2020-01-25T13:40:05.186Z","updatedAt":"2020-01-26T13:20:06.502Z","width":1334,"height":750},{"id":"4861330b-7021-4556-9469-89e105120373","url":"https://megapx-assets.dcard.tw/images/384a5320-f44b-437a-8f54-f14ea60e30db/1280.jpeg","normalizedUrl":"https://megapx.dcard.tw/v1/images/384a5320-f44b-437a-8f54-f14ea60e30db","thumbnail":"https://megapx-assets.dcard.tw/images/384a5320-f44b-437a-8f54-f14ea60e30db/640.jpeg","type":"image/megapx","tags":["ANNOTATED"],"createdAt":"2020-01-25T13:40:05.186Z","updatedAt":"2020-01-26T13:20:06.502Z","width":1334,"height":750},{"id":"0c6d28ee-04b4-4f24-ba1c-bee9c06340ae","url":"https://megapx-assets.dcard.tw/images/86d2c0c1-d152-42ba-bd8f-e81d25468238/1280.jpeg","normalizedUrl":"https://megapx.dcard.tw/v1/images/86d2c0c1-d152-42ba-bd8f-e81d25468238","thumbnail":"https://megapx-assets.dcard.tw/images/86d2c0c1-d152-42ba-bd8f-e81d25468238/640.jpeg","type":"image/megapx","tags":["ANNOTATED"],"createdAt":"2020-01-25T13:40:05.186Z","updatedAt":"2020-01-26T13:20:06.502Z","width":1334,"height":750},{"id":"6f53e92e-6bb1-4325-8fc0-55b7383aa8cd","url":"https://megapx-assets.dcard.tw/images/4948c554-bcb7-4dbe-9af0-952e4182b67d/full.jpeg","normalizedUrl":"https://megapx.dcard.tw/v1/images/4948c554-bcb7-4dbe-9af0-952e4182b67d","thumbnail":"https://megapx-assets.dcard.tw/images/4948c554-bcb7-4dbe-9af0-952e4182b67d/320.jpeg","type":"image/megapx","tags":["ANNOTATED"],"createdAt":"2020-01-25T13:40:05.186Z","updatedAt":"2020-01-26T13:20:06.502Z","width":600,"height":401},{"id":"5046c0f3-0063-4fbc-a3d2-24ea0d0b707c","url":"https://megapx-assets.dcard.tw/images/c8d001cc-dae7-4331-9cd7-c6a55adbb42e/full.jpeg","normalizedUrl":"https://megapx.dcard.tw/v1/images/c8d001cc-dae7-4331-9cd7-c6a55adbb42e","thumbnail":"https://megapx-assets.dcard.tw/images/c8d001cc-dae7-4331-9cd7-c6a55adbb42e/640.jpeg","type":"image/megapx","tags":["ANNOTATED"],"createdAt":"2020-01-25T13:40:05.186Z","updatedAt":"2020-01-26T13:20:06.502Z","width":750,"height":744},{"id":"48d7c448-bbab-4fdf-abb2-1159a1aaef0a","url":"https://megapx-assets.dcard.tw/images/df5100c1-ab4c-4112-86ba-ac591b1f3767/full.jpeg","normalizedUrl":"https://megapx.dcard.tw/v1/images/df5100c1-ab4c-4112-86ba-ac591b1f3767","thumbnail":"https://megapx-assets.dcard.tw/images/df5100c1-ab4c-4112-86ba-ac591b1f3767/640.jpeg","type":"image/megapx","tags":["ANNOTATED"],"createdAt":"2020-01-25T13:40:05.186Z","updatedAt":"2020-01-26T13:20:06.502Z","width":704,"height":369}],"postAvatar":""}