{"id":232970975,"title":"其實，你們並不值得別人崇拜","content":"小時候，這兩姐妹教會我同性戀跟異性戀其實沒有差別，任何人的喜好都該被尊重。\n\n小時候，這兩姐妹教會我藝人原來可以這麼真性情、那麼善良，在直播節目裡落淚只因為不捨罕病兒童的辛苦。\n\n小時候，這兩姐妹教會我路見不平就要勇敢站出來，他們甚至敢公然指責媒體對很多事件的扭曲報導是不對的。\n\n然而，這樣一對敢對很多事說真心話的姐妹，卻不敢對中國一直以來對台灣大大小小的打壓講半句話、不敢對香港的慘烈抗爭發言。\n\n結果今天卻說台灣不協助中國解決口罩短缺的問題「不是人類該有的行為」？\n\n我才想說你們這種雙重標準，才不是從前那急公好義的你們該有的行為咧！\n\n中國阻止我們進WHO、妨礙國際對921的救援、明文限制個人參與金馬獎的自由意志、在東京影展刁難台灣團隊、對香港抗爭者及其家屬製造假自殺、迫害宗教、建新疆集中營......這些難道就是人類該有的行為？\n\n最後再謝謝你們教會我一件事，很多你以為的人，其實並不值得崇拜。\n\nhttps://megapx-assets.dcard.tw/images/5f048699-83c9-432b-ab26-afc02121e0d2/full.jpeg\n\n致台灣人中国心的徐氏姊妹。\n————————————\n更新1：\n所謂的善心，真的有傳到需要的人的手中嗎？\n那些被攔截下來的口罩與物資 \nhttps://www.dcard.tw/f/trending/p/232975716?cid=EA85D51E-2159-4EC8-934E-C92D05C54437\n\n更新2：\n小s真的沒有批評政府，大家不要怪她啦\n「小S今也在微博PO文暗批蘇貞昌，不互相幫助，不是人類該有行為吧！」\nhttps://megapx-assets.dcard.tw/images/6e9a0126-ee50-4e95-bbf4-acec3f1f0ba8/full.jpeg\nhttps://megapx-assets.dcard.tw/images/6b27c754-2fdc-49d6-bff9-b5f4704c275e/full.jpeg\nhttps://www.google.com/amp/s/tw.news.yahoo.com/amphtml/%25E5%258F%25B0%25E7%25A6%2581%25E5%258F%25A3%25E7%25BD%25A9%25E5%2587%25BA%25E5%258F%25A3-%25E5%25B0%258Fs%25E7%2588%2586%25E6%25B0%25A3%25E9%2596%258B%25E7%2581%25AB-%25E4%25B8%258D%25E6%2598%25AF%25E4%25BA%25BA%25E9%25A1%259E%25E8%25A9%25B2%25E6%259C%2589%25E7%259A%2584%25E8%25A1%258C%25E7%2582%25BA-032000973.html\n————————————\n原文出處：\nhttps://www.facebook.com/698208913604183/photos/a.698306726927735/2669849106440144/?type=3","excerpt":"小時候，這兩姐妹教會我同性戀跟異性戀其實沒有差別，任何人的喜好都該被尊重。小時候，這兩姐妹教會我藝人原來可以這麼真性情、那麼善良，在直播節目裡落淚只因為不捨罕病兒童的辛苦。小時候，這兩姐妹教會我路見不","anonymousSchool":false,"anonymousDepartment":true,"pinned":false,"forumId":"14f573f5-3f02-4821-8e18-f561d7b7db91","replyId":null,"createdAt":"2020-01-28T06:43:01.592Z","updatedAt":"2020-01-29T03:57:47.104Z","commentCount":1289,"likeCount":18346,"tags":[],"topics":["徐氏姊妹","大小s","武漢肺炎","台灣人中国心"],"supportedReactions":null,"withNickname":false,"reportReason":"","hiddenByAuthor":false,"meta":{"layout":"classic"},"forumName":"追星","forumAlias":"entertainer","school":"千葉大學","replyTitle":null,"gender":"F","personaSubscriptable":true,"reactions":[{"id":"286f599c-f86a-4932-82f0-f5a06f1eca03","count":17016},{"id":"aa0d425f-d530-4478-9a77-fe3aedc79eea","count":1023},{"id":"514c2569-fd53-4d9d-a415-bf0f88e7329f","count":219},{"id":"e8e6bc5d-41b0-4129-b134-97507523d7ff","count":66},{"id":"4b018f48-e184-445f-adf1-fc8e04ba09b9","count":15},{"id":"011ead16-9b83-4729-9fde-c588920c6c2d","count":7}],"hidden":false,"customStyle":null,"isSuspiciousAccount":false,"layout":"classic","withImages":true,"withVideos":false,"media":[{"url":"https://megapx-assets.dcard.tw/images/5f048699-83c9-432b-ab26-afc02121e0d2/full.jpeg"},{"url":"https://megapx-assets.dcard.tw/images/6e9a0126-ee50-4e95-bbf4-acec3f1f0ba8/full.jpeg"},{"url":"https://megapx-assets.dcard.tw/images/6b27c754-2fdc-49d6-bff9-b5f4704c275e/full.jpeg"}],"reportReasonText":"","mediaMeta":[{"id":"c4339de7-dfe1-42c7-b45c-3b246532dc22","url":"https://megapx-assets.dcard.tw/images/5f048699-83c9-432b-ab26-afc02121e0d2/640.jpeg","normalizedUrl":"https://megapx-assets.dcard.tw/images/5f048699-83c9-432b-ab26-afc02121e0d2/640.jpeg","thumbnail":"https://megapx-assets.dcard.tw/images/5f048699-83c9-432b-ab26-afc02121e0d2/640.jpeg","type":"image/thumbnail","tags":["ANNOTATED"],"createdAt":"2020-01-28T06:43:01.592Z","updatedAt":"2020-01-29T03:57:47.104Z","width":482,"height":640},{"id":"c4339de7-dfe1-42c7-b45c-3b246532dc22","url":"https://megapx-assets.dcard.tw/images/5f048699-83c9-432b-ab26-afc02121e0d2/full.jpeg","normalizedUrl":"https://megapx.dcard.tw/v1/images/5f048699-83c9-432b-ab26-afc02121e0d2","thumbnail":"https://megapx-assets.dcard.tw/images/5f048699-83c9-432b-ab26-afc02121e0d2/640.jpeg","type":"image/megapx","tags":["ANNOTATED"],"createdAt":"2020-01-28T06:43:01.592Z","updatedAt":"2020-01-29T03:57:47.104Z","width":750,"height":996},{"id":"27ae25af-d6e7-4729-a488-6b1ecb5d7c1c","url":"https://megapx-assets.dcard.tw/images/6e9a0126-ee50-4e95-bbf4-acec3f1f0ba8/full.jpeg","normalizedUrl":"https://megapx.dcard.tw/v1/images/6e9a0126-ee50-4e95-bbf4-acec3f1f0ba8","thumbnail":"https://megapx-assets.dcard.tw/images/6e9a0126-ee50-4e95-bbf4-acec3f1f0ba8/640.jpeg","type":"image/megapx","tags":[],"createdAt":"2020-01-29T03:57:47.104Z","updatedAt":"2020-01-29T03:57:47.104Z","width":750,"height":882},{"id":"e639d750-2ba9-4f84-b606-2209017e99c0","url":"https://megapx-assets.dcard.tw/images/6b27c754-2fdc-49d6-bff9-b5f4704c275e/full.jpeg","normalizedUrl":"https://megapx.dcard.tw/v1/images/6b27c754-2fdc-49d6-bff9-b5f4704c275e","thumbnail":"https://megapx-assets.dcard.tw/images/6b27c754-2fdc-49d6-bff9-b5f4704c275e/320.jpeg","type":"image/megapx","tags":[],"createdAt":"2020-01-29T03:57:47.104Z","updatedAt":"2020-01-29T03:57:47.104Z","width":639,"height":289}],"postAvatar":""}