{"id":232942600,"title":"對東出昌大很失望","content":"在我國中時電視上播了「多謝款待」\n我就被東出的臉煞到 \n覺得怎麼有人可以笑的這麼可愛 這麼燦爛 而且也太高了吧！\n\n之後過不久新聞就說他跟杏結婚了\n我整個人就被圈粉\n他們兩個都高高瘦瘦 而且看起來很速配\n互動也很可愛 看他們感覺很幸福\n加上看過杏的故事 知道她很堅強也很努力\n現在遇到昌大可以好好疼她 給她一個美滿的生活\n我真的很替他們開心\n我超愛他們的 我臉書常常會分享喜歡的消息之後設成私人自己回味 這些是我之前分享的\nhttps://megapx-assets.dcard.tw/images/09981ca7-027d-4de9-b05e-4344c7adab38/1280.jpeg\nhttps://megapx-assets.dcard.tw/images/d9bd53d2-903d-440d-904c-5105dd50206b/1280.jpeg\nhttps://megapx-assets.dcard.tw/images/aef3d31c-4cbd-42f5-b202-ec8ceb42d3f2/1280.jpeg\n甚至是因為他我才去看信用詐欺師\nhttps://megapx-assets.dcard.tw/images/60546210-284d-4325-840e-4bfb5ff3d0c0/1280.jpeg\n從「多謝款待」到現在 至少3-4年有了吧 \n每次看到有他們的新聞都很開心 \n都會想他們小孩長大後是不是會跟他們夫妻一樣高\n全家出門一定很顯眼之類的\n就覺得這個設定好萌好可愛\n\n昨天看到這個消息時我很震驚也很難過ಥ_ಥ\n一直不敢相信這是真的\n看到新聞這段真的好心疼杏\nhttps://megapx-assets.dcard.tw/images/ba15a260-9ac2-4cbd-8773-0f2775a52bfc/1280.jpeg\n\n現在看到東出我真的覺得很噁心\n完全沒有想以前那種迷妹的感覺了.........\n希望他可以負起責任對杏道歉 \n我也希望杏可以趕快打起精神\n真的好心疼她😢","excerpt":"在我國中時電視上播了「多謝款待」我就被東出的臉煞到，覺得怎麼有人可以笑的這麼可愛 這麼燦爛 而且也太高了吧！，之後過不久新聞就說他跟杏結婚了，我整個人就被圈粉，他們兩個都高高瘦瘦 而且看起來很速配，互","anonymousSchool":false,"anonymousDepartment":true,"pinned":false,"forumId":"14f573f5-3f02-4821-8e18-f561d7b7db91","replyId":null,"createdAt":"2020-01-23T05:06:44.613Z","updatedAt":"2020-01-23T05:06:44.613Z","commentCount":89,"likeCount":1445,"tags":[],"topics":["東出昌大","失望"],"supportedReactions":null,"withNickname":false,"reportReason":"","hiddenByAuthor":false,"meta":{"layout":"classic"},"forumName":"追星","forumAlias":"entertainer","school":"國立成功大學","replyTitle":null,"gender":"F","personaSubscriptable":true,"reactions":[{"id":"286f599c-f86a-4932-82f0-f5a06f1eca03","count":1326},{"id":"514c2569-fd53-4d9d-a415-bf0f88e7329f","count":61},{"id":"aa0d425f-d530-4478-9a77-fe3aedc79eea","count":50},{"id":"4b018f48-e184-445f-adf1-fc8e04ba09b9","count":8}],"hidden":false,"customStyle":null,"isSuspiciousAccount":false,"layout":"classic","withImages":true,"withVideos":false,"media":[{"url":"https://megapx-assets.dcard.tw/images/09981ca7-027d-4de9-b05e-4344c7adab38/1280.jpeg"},{"url":"https://megapx-assets.dcard.tw/images/d9bd53d2-903d-440d-904c-5105dd50206b/1280.jpeg"},{"url":"https://megapx-assets.dcard.tw/images/aef3d31c-4cbd-42f5-b202-ec8ceb42d3f2/1280.jpeg"},{"url":"https://megapx-assets.dcard.tw/images/60546210-284d-4325-840e-4bfb5ff3d0c0/1280.jpeg"},{"url":"https://megapx-assets.dcard.tw/images/ba15a260-9ac2-4cbd-8773-0f2775a52bfc/1280.jpeg"}],"reportReasonText":"","mediaMeta":[{"id":"648ddf0b-9699-4811-ab95-c6926a5986e8","url":"https://megapx-assets.dcard.tw/images/09981ca7-027d-4de9-b05e-4344c7adab38/640.jpeg","normalizedUrl":"https://megapx-assets.dcard.tw/images/09981ca7-027d-4de9-b05e-4344c7adab38/640.jpeg","thumbnail":"https://megapx-assets.dcard.tw/images/09981ca7-027d-4de9-b05e-4344c7adab38/640.jpeg","type":"image/thumbnail","tags":[],"createdAt":"2020-01-23T05:06:44.613Z","updatedAt":"2020-01-23T05:06:44.613Z","width":360,"height":640},{"id":"648ddf0b-9699-4811-ab95-c6926a5986e8","url":"https://megapx-assets.dcard.tw/images/09981ca7-027d-4de9-b05e-4344c7adab38/1280.jpeg","normalizedUrl":"https://megapx.dcard.tw/v1/images/09981ca7-027d-4de9-b05e-4344c7adab38","thumbnail":"https://megapx-assets.dcard.tw/images/09981ca7-027d-4de9-b05e-4344c7adab38/640.jpeg","type":"image/megapx","tags":[],"createdAt":"2020-01-23T05:06:44.613Z","updatedAt":"2020-01-23T05:06:44.613Z","width":750,"height":1334},{"id":"bec8d813-c21a-4a40-83c6-723b869c953d","url":"https://megapx-assets.dcard.tw/images/d9bd53d2-903d-440d-904c-5105dd50206b/1280.jpeg","normalizedUrl":"https://megapx.dcard.tw/v1/images/d9bd53d2-903d-440d-904c-5105dd50206b","thumbnail":"https://megapx-assets.dcard.tw/images/d9bd53d2-903d-440d-904c-5105dd50206b/640.jpeg","type":"image/megapx","tags":[],"createdAt":"2020-01-23T05:06:44.613Z","updatedAt":"2020-01-23T05:06:44.613Z","width":750,"height":1334},{"id":"ae1b2d10-3a56-4a0c-9c12-428195812640","url":"https://megapx-assets.dcard.tw/images/aef3d31c-4cbd-42f5-b202-ec8ceb42d3f2/1280.jpeg","normalizedUrl":"https://megapx.dcard.tw/v1/images/aef3d31c-4cbd-42f5-b202-ec8ceb42d3f2","thumbnail":"https://megapx-assets.dcard.tw/images/aef3d31c-4cbd-42f5-b202-ec8ceb42d3f2/640.jpeg","type":"image/megapx","tags":[],"createdAt":"2020-01-23T05:06:44.613Z","updatedAt":"2020-01-23T05:06:44.613Z","width":750,"height":1334},{"id":"470ec242-0583-4b21-9013-22cd937d5a10","url":"https://megapx-assets.dcard.tw/images/60546210-284d-4325-840e-4bfb5ff3d0c0/1280.jpeg","normalizedUrl":"https://megapx.dcard.tw/v1/images/60546210-284d-4325-840e-4bfb5ff3d0c0","thumbnail":"https://megapx-assets.dcard.tw/images/60546210-284d-4325-840e-4bfb5ff3d0c0/640.jpeg","type":"image/megapx","tags":[],"createdAt":"2020-01-23T05:06:44.613Z","updatedAt":"2020-01-23T05:06:44.613Z","width":750,"height":1334},{"id":"b925a83e-b97d-459d-bf6b-5b577b76ce7f","url":"https://megapx-assets.dcard.tw/images/ba15a260-9ac2-4cbd-8773-0f2775a52bfc/1280.jpeg","normalizedUrl":"https://megapx.dcard.tw/v1/images/ba15a260-9ac2-4cbd-8773-0f2775a52bfc","thumbnail":"https://megapx-assets.dcard.tw/images/ba15a260-9ac2-4cbd-8773-0f2775a52bfc/640.jpeg","type":"image/megapx","tags":[],"createdAt":"2020-01-23T05:06:44.613Z","updatedAt":"2020-01-23T05:06:44.613Z","width":750,"height":1334}],"postAvatar":""}