{"id":232941544,"title":"那些我喜歡的EXO非主打","content":"第一次發文豪緊張啊～～～\n先解釋一下為什麼我不發在專版以免被噴\n因為我還是想讓一些路人看到這篇文有興趣可以去聽聽看，\n加上我覺得路人粉們甚至粉絲都不一定會每天點進去專版看，像我還是比較習慣看追星版啦\n\n—♡那麼就開始吧♡—\n\n個人覺得EXO非主打的歌很多都比主打好聽\n加上我心目中的神曲真的很多，硬要說的話每張專輯真的一半以上都很好聽\n但我這邊還是忍痛挑出幾首跟大家分享\n我放的都是我覺得比較經典的\n如果有我沒提到的可以在留言區補充❤️\n（以下順序不代表排名）\n\nNo.1－Angel／你的世界\n這首真的經典到不行呀，相信老粉都懂\n個人最喜歡的現場是這個\n\nhttps://b23.tv/av39818840\n改編版真的太好聽！在螢幕前的我都快哭了\n這次五巡安可場的安可場了這首\n我沒去到現場真的是飲恨⋯\n\nNo.2－Lucky\n也是經典啊！！我很喜歡演唱會上他們每次唱這首歌都會躲到布幕後換衣服，真的超可愛的\n\nhttps://youtu.be/AcfunXTt6yA\n每次聽到這首心情就會跟著起飛\n好喜歡這首歌快樂的氛圍❤️\n\nNo.3－EL DORADO／黃金國\n這首真的每次聽都好熱血！！\n二輯是質量超高超棒的一張專輯，真的好想整張吃掉(´；ω；`)（三小？？）\n\nhttps://youtu.be/DODGBiwn8Lw\n這首的重點：邊伯賢的高音我真的跪！！！\n\nNo.4－white noise\n提到這首就不得不看一下舞台\n\nhttps://youtu.be/jkI2F2GU4w8\n這麼性感是可以的嗎？？？？\n俗話說錯過三巡等於錯過全世界：）\n撇除舞台這首歌本身也是很抓耳我一聽就愛上🥺\n\nNo.5－Forever\n這首四輯神曲啊！！！\n\nhttps://youtu.be/6EY1Np3Uaw4\n其實四輯每首都很好聽，好難選喔！！\n（私心再推一個Walk On Memories）\n\nNo.6－The first snow／初雪\n我的心頭摯愛初雪啊(´；ω；`)\n每年下初雪的那天都會重回榜上的我們初雪\n真的夢回2013的那個冬天了\n不得不說EXO的冬專真的超級棒啊\n可惜沒有繼續這個傳統\n（我規定自己冬專只能選一首不然這篇文會一半都是冬專曲：）\n\nhttps://youtu.be/P47xPCkhd-8\n邊伯賢還能再更可愛嗎！\n\nNo.7－蝴蝶少女／Don’t go\n猶豫了很久要不要放這首，但實在太經典必須放\n\nhttps://youtu.be/euiEnc1L6VE\n這首真的是每個愛麗心中的白月光，現在聽都想哭\n此生還能聽一次現場版我就無憾了\n-\n天啊我本來想選8首的，完全選不出最後一首\n那就拜託各位在留言幫我補充了\n感覺我選的都是偏早期的歌，沒辦法老歌真的會有回憶加成，加上新專的風格個人還在習慣當中哈哈哈，先放過我\n謝謝EXO幾乎每首非主打都有現場舞台可以看\n這還不聽爆？？ㅋㅅㅋ","excerpt":"第一次發文豪緊張啊～～～先解釋一下為什麼我不發在專版以免被噴，因為我還是想讓一些路人看到這篇文有興趣可以去聽聽看，加上我覺得路人粉們甚至粉絲都不一定會每天點進去專版看，像我還是比較習慣看追星版啦，—那","anonymousSchool":false,"anonymousDepartment":false,"pinned":false,"forumId":"14f573f5-3f02-4821-8e18-f561d7b7db91","replyId":null,"createdAt":"2020-01-22T21:50:47.276Z","updatedAt":"2020-01-22T22:15:07.453Z","commentCount":54,"likeCount":477,"tags":["HIDE_THUMBNAIL"],"topics":["安利","韓星","EXO","追星"],"supportedReactions":null,"withNickname":true,"reportReason":"","hiddenByAuthor":false,"meta":{"layout":"classic"},"forumName":"追星","forumAlias":"entertainer","school":"邊啵賢","department":"bbh185","replyTitle":null,"gender":"F","personaSubscriptable":false,"reactions":[{"id":"286f599c-f86a-4932-82f0-f5a06f1eca03","count":473},{"id":"aa0d425f-d530-4478-9a77-fe3aedc79eea","count":3},{"id":"4b018f48-e184-445f-adf1-fc8e04ba09b9","count":1}],"hidden":false,"customStyle":null,"isSuspiciousAccount":false,"layout":"classic","withImages":false,"withVideos":false,"media":[],"reportReasonText":"","mediaMeta":[{"id":"1d328673-3e66-4824-8953-21400f566d4e","url":"https://youtu.be/AcfunXTt6yA","normalizedUrl":"https://www.youtube.com/watch?v=AcfunXTt6yA","thumbnail":"https://img.youtube.com/vi/AcfunXTt6yA/hqdefault.jpg","type":"video/youtube","tags":["ANNOTATED"],"createdAt":"2020-01-22T21:50:47.276Z","updatedAt":"2020-01-22T22:15:07.453Z"},{"id":"84d9164b-689b-4698-a6dc-d8e436886d19","url":"https://youtu.be/DODGBiwn8Lw","normalizedUrl":"https://www.youtube.com/watch?v=DODGBiwn8Lw","thumbnail":"https://img.youtube.com/vi/DODGBiwn8Lw/hqdefault.jpg","type":"video/youtube","tags":["ANNOTATED"],"createdAt":"2020-01-22T21:50:47.276Z","updatedAt":"2020-01-22T22:15:07.453Z"},{"id":"b39adf29-c69b-4dcc-8be4-edf83191c36b","url":"https://youtu.be/jkI2F2GU4w8","normalizedUrl":"https://www.youtube.com/watch?v=jkI2F2GU4w8","thumbnail":"https://img.youtube.com/vi/jkI2F2GU4w8/hqdefault.jpg","type":"video/youtube","tags":["ANNOTATED"],"createdAt":"2020-01-22T21:50:47.276Z","updatedAt":"2020-01-22T22:15:07.453Z"},{"id":"9635e0b9-8703-4ffc-8bef-3d056e3e2938","url":"https://youtu.be/6EY1Np3Uaw4","normalizedUrl":"https://www.youtube.com/watch?v=6EY1Np3Uaw4","thumbnail":"https://img.youtube.com/vi/6EY1Np3Uaw4/hqdefault.jpg","type":"video/youtube","tags":["ANNOTATED"],"createdAt":"2020-01-22T21:50:47.276Z","updatedAt":"2020-01-22T22:15:07.453Z"},{"id":"3aa509de-05f4-44fb-9794-eebdb032667f","url":"https://youtu.be/P47xPCkhd-8","normalizedUrl":"https://www.youtube.com/watch?v=P47xPCkhd-8","thumbnail":"https://img.youtube.com/vi/P47xPCkhd-8/hqdefault.jpg","type":"video/youtube","tags":["ANNOTATED"],"createdAt":"2020-01-22T21:50:47.276Z","updatedAt":"2020-01-22T22:15:07.453Z"},{"id":"e8f697e9-b52d-42d3-8a5f-5192fe92dd39","url":"https://youtu.be/euiEnc1L6VE","normalizedUrl":"https://www.youtube.com/watch?v=euiEnc1L6VE","thumbnail":"https://img.youtube.com/vi/euiEnc1L6VE/hqdefault.jpg","type":"video/youtube","tags":["ANNOTATED"],"createdAt":"2020-01-22T21:50:47.276Z","updatedAt":"2020-01-22T22:15:07.453Z"}],"postAvatar":""}