{"id":232938820,"title":"問人 kbs歌謠大祝祭","content":"今天kbs的YouTube發佈了歌謠大祝祭結尾那首歌的mv \n就是很多藝人一起大合唱的那首\n其中有幾組藝人認不出來是誰😰\n想要認識一下他們 所以有截圖\n想請版上的各位幫我解答🙏\n1.\nhttps://i.imgur.com/NiCzH2w.jpg\n2.\nhttps://i.imgur.com/lcb8MFY.png\n3.\nhttps://i.imgur.com/Ro3Ves3.jpg\n4.\nhttps://i.imgur.com/EpQCsP4.jpg\n5.\nhttps://i.imgur.com/5MEhlsk.jpg\n6.\nhttps://i.imgur.com/9x0vmve.jpg\n7.\nhttps://i.imgur.com/YMah1yB.jpg\n8.\nhttps://i.imgur.com/jMzWRx6.jpg\n\n麻煩大家了🙏🙏🙏","excerpt":"今天kbs的YouTube發佈了歌謠大祝祭結尾那首歌的mv，就是很多藝人一起大合唱的那首，其中有幾組藝人認不出來是誰，想要認識一下他們 所以有截圖，想請版上的各位幫我解答，1.，2.，3.，4.，5.","anonymousSchool":false,"anonymousDepartment":true,"pinned":false,"forumId":"14f573f5-3f02-4821-8e18-f561d7b7db91","replyId":null,"createdAt":"2020-01-22T12:28:24.698Z","updatedAt":"2020-01-22T12:28:24.698Z","commentCount":11,"likeCount":50,"tags":[],"topics":["問人","韓星","歌謠"],"supportedReactions":null,"withNickname":false,"reportReason":"","hiddenByAuthor":false,"meta":{"layout":"classic"},"forumName":"追星","forumAlias":"entertainer","school":"國立金門大學","replyTitle":null,"gender":"F","personaSubscriptable":true,"reactions":[{"id":"286f599c-f86a-4932-82f0-f5a06f1eca03","count":50}],"hidden":false,"customStyle":null,"isSuspiciousAccount":false,"layout":"classic","withImages":true,"withVideos":false,"media":[{"url":"https://i.imgur.com/NiCzH2w.jpg"},{"url":"https://i.imgur.com/lcb8MFY.png"},{"url":"https://i.imgur.com/Ro3Ves3.jpg"},{"url":"https://i.imgur.com/EpQCsP4.jpg"},{"url":"https://i.imgur.com/5MEhlsk.jpg"},{"url":"https://i.imgur.com/9x0vmve.jpg"},{"url":"https://i.imgur.com/YMah1yB.jpg"},{"url":"https://i.imgur.com/jMzWRx6.jpg"}],"reportReasonText":"","mediaMeta":[{"id":"472fdf8e-5562-45ed-b35f-9f0637c59721","url":"https://i.imgur.com/NiCzH2wl.jpg","normalizedUrl":"https://i.imgur.com/NiCzH2wl.jpg","thumbnail":"https://i.imgur.com/NiCzH2wl.jpg","type":"image/thumbnail","tags":["ANNOTATED"],"createdAt":"2020-01-22T12:28:24.698Z","updatedAt":"2020-01-22T12:28:24.698Z"},{"id":"472fdf8e-5562-45ed-b35f-9f0637c59721","url":"https://i.imgur.com/NiCzH2w.jpg","normalizedUrl":"https://imgur.com/NiCzH2w","thumbnail":"https://i.imgur.com/NiCzH2wl.jpg","type":"image/imgur","tags":["ANNOTATED"],"createdAt":"2020-01-22T12:28:24.698Z","updatedAt":"2020-01-22T12:28:24.698Z"},{"id":"38fb0626-2b28-454a-b78a-32073088e819","url":"https://i.imgur.com/lcb8MFY.png","normalizedUrl":"https://imgur.com/lcb8MFY","thumbnail":"https://i.imgur.com/lcb8MFYl.jpg","type":"image/imgur","tags":["ANNOTATED"],"createdAt":"2020-01-22T12:28:24.698Z","updatedAt":"2020-01-22T12:28:24.698Z"},{"id":"e52f5e78-4a37-4326-b1c4-68b499f95d69","url":"https://i.imgur.com/Ro3Ves3.jpg","normalizedUrl":"https://imgur.com/Ro3Ves3","thumbnail":"https://i.imgur.com/Ro3Ves3l.jpg","type":"image/imgur","tags":["ANNOTATED"],"createdAt":"2020-01-22T12:28:24.698Z","updatedAt":"2020-01-22T12:28:24.698Z"},{"id":"f01711f0-6722-4355-a1e2-e6768c64b3ad","url":"https://i.imgur.com/EpQCsP4.jpg","normalizedUrl":"https://imgur.com/EpQCsP4","thumbnail":"https://i.imgur.com/EpQCsP4l.jpg","type":"image/imgur","tags":["ANNOTATED"],"createdAt":"2020-01-22T12:28:24.698Z","updatedAt":"2020-01-22T12:28:24.698Z"},{"id":"7197f64c-d3a9-4e4f-b486-34e5ad8be259","url":"https://i.imgur.com/5MEhlsk.jpg","normalizedUrl":"https://imgur.com/5MEhlsk","thumbnail":"https://i.imgur.com/5MEhlskl.jpg","type":"image/imgur","tags":["ANNOTATED"],"createdAt":"2020-01-22T12:28:24.698Z","updatedAt":"2020-01-22T12:28:24.698Z"},{"id":"09c4393b-7dc6-48d3-8100-600a6596e1af","url":"https://i.imgur.com/9x0vmve.jpg","normalizedUrl":"https://imgur.com/9x0vmve","thumbnail":"https://i.imgur.com/9x0vmvel.jpg","type":"image/imgur","tags":["ANNOTATED"],"createdAt":"2020-01-22T12:28:24.698Z","updatedAt":"2020-01-22T12:28:24.698Z"},{"id":"88ba2a77-6d21-493a-89cb-357b3914c108","url":"https://i.imgur.com/YMah1yB.jpg","normalizedUrl":"https://imgur.com/YMah1yB","thumbnail":"https://i.imgur.com/YMah1yBl.jpg","type":"image/imgur","tags":["ANNOTATED"],"createdAt":"2020-01-22T12:28:24.698Z","updatedAt":"2020-01-22T12:28:24.698Z"},{"id":"ee55ede5-10c7-4c10-a027-7fd71cca0c0c","url":"https://i.imgur.com/jMzWRx6.jpg","normalizedUrl":"https://imgur.com/jMzWRx6","thumbnail":"https://i.imgur.com/jMzWRx6l.jpg","type":"image/imgur","tags":["ANNOTATED"],"createdAt":"2020-01-22T12:28:24.698Z","updatedAt":"2020-01-22T12:28:24.698Z"}],"postAvatar":""}