{"id":232950342,"title":"#更 SUJU-I THINK I (Japanese.ver)","content":"因為板上都沒看到\n所以來安利一下我們老少年的新歌（？\n其實只是日文版啦\n這次多了上次在認哥200集上的赫宰獨舞那段\n有人發現嗎 \n那個時候說太難所以只有赫宰學（果然是主舞大人\n這次我們舞蹈line一起跳了！（尖叫\n雖然去年ss8 in Japan 就跳過了\n但還是超喜歡這段（2:06開始\nhttps://youtu.be/yB5kc4VGo5E\n\n順便提醒大家\n1/28 TIME_LESS 終於要出來了\n2YA2YAO 이야이야오\n快預購起來啊💙💙💙\nhttps://megapx.dcard.tw/v1/images/4de196cb-6b92-4c77-b199-68d517e84e5f/encode/full\n\nhttps://megapx.dcard.tw/v1/images/1bf7ce42-ca91-496d-8984-1f1b7ab8191b/encode/full\n當初照片出來的時候真的被李東海氣到欸（威～\n要不要那麼神秘 連眼睛都不給😭\n幸好第二波該出來的都有哈哈哈哈\n但是也比不上我們特哥啊\nhttps://megapx.dcard.tw/v1/images/dbedcd72-5f16-422c-ab56-5cac00e03db5/encode/1280\n更\n剛剛剛好在b站看到這個對照影片\n給好奇寶寶們看\nhttps://b23.tv/av84754084","excerpt":"因為板上都沒看到，所以來安利一下我們老少年的新歌（？其實只是日文版啦，這次多了上次在認哥200集上的赫宰獨舞那段，有人發現嗎，那個時候說太難所以只有赫宰學（果然是主舞大人，這次我們舞蹈line一起跳了","anonymousSchool":false,"anonymousDepartment":false,"pinned":false,"forumId":"14f573f5-3f02-4821-8e18-f561d7b7db91","replyId":null,"createdAt":"2020-01-24T10:34:38.950Z","updatedAt":"2020-01-24T14:26:14.484Z","commentCount":19,"likeCount":335,"tags":[],"topics":["SuperJunior"],"supportedReactions":null,"withNickname":true,"reportReason":"","hiddenByAuthor":false,"meta":{"layout":"classic"},"forumName":"追星","forumAlias":"entertainer","school":"李東海的女人","department":"yunnnnn__","replyTitle":null,"gender":"F","personaSubscriptable":true,"reactions":[{"id":"286f599c-f86a-4932-82f0-f5a06f1eca03","count":333},{"id":"aa0d425f-d530-4478-9a77-fe3aedc79eea","count":1},{"id":"e8e6bc5d-41b0-4129-b134-97507523d7ff","count":1}],"hidden":false,"customStyle":null,"isSuspiciousAccount":false,"layout":"classic","withImages":false,"withVideos":false,"media":[],"reportReasonText":"","mediaMeta":[{"id":"13e20622-122b-47a9-b657-8cb4e3859c52","url":"https://img.youtube.com/vi/yB5kc4VGo5E/hqdefault.jpg","normalizedUrl":"https://img.youtube.com/vi/yB5kc4VGo5E/hqdefault.jpg","thumbnail":"https://img.youtube.com/vi/yB5kc4VGo5E/hqdefault.jpg","type":"image/thumbnail","tags":["ANNOTATED"],"createdAt":"2020-01-24T10:34:38.950Z","updatedAt":"2020-01-24T14:26:14.484Z"},{"id":"13e20622-122b-47a9-b657-8cb4e3859c52","url":"https://youtu.be/yB5kc4VGo5E","normalizedUrl":"https://www.youtube.com/watch?v=yB5kc4VGo5E","thumbnail":"https://img.youtube.com/vi/yB5kc4VGo5E/hqdefault.jpg","type":"video/youtube","tags":["ANNOTATED"],"createdAt":"2020-01-24T10:34:38.950Z","updatedAt":"2020-01-24T14:26:14.484Z"},{"id":"5ee25f15-d909-4590-b90a-cd4bfb162872","url":"https://megapx.dcard.tw/v1/images/4de196cb-6b92-4c77-b199-68d517e84e5f/encode/full","normalizedUrl":"https://megapx.dcard.tw/v1/images/4de196cb-6b92-4c77-b199-68d517e84e5f","thumbnail":"https://megapx-assets.dcard.tw/images/4de196cb-6b92-4c77-b199-68d517e84e5f/640.jpeg","type":"image/megapx","tags":["ANNOTATED"],"createdAt":"2020-01-24T10:34:38.950Z","updatedAt":"2020-01-24T14:26:14.484Z","width":1280,"height":853},{"id":"966ab1a0-c486-4ca4-b514-44b42f1e178c","url":"https://megapx.dcard.tw/v1/images/1bf7ce42-ca91-496d-8984-1f1b7ab8191b/encode/full","normalizedUrl":"https://megapx.dcard.tw/v1/images/1bf7ce42-ca91-496d-8984-1f1b7ab8191b","thumbnail":"https://megapx-assets.dcard.tw/images/1bf7ce42-ca91-496d-8984-1f1b7ab8191b/640.jpeg","type":"image/megapx","tags":["ANNOTATED"],"createdAt":"2020-01-24T10:34:38.950Z","updatedAt":"2020-01-24T14:26:14.484Z","width":750,"height":935},{"id":"f15ab772-7b14-4767-87e4-72605655070d","url":"https://megapx.dcard.tw/v1/images/dbedcd72-5f16-422c-ab56-5cac00e03db5/encode/1280","normalizedUrl":"https://megapx.dcard.tw/v1/images/dbedcd72-5f16-422c-ab56-5cac00e03db5","thumbnail":"https://megapx-assets.dcard.tw/images/dbedcd72-5f16-422c-ab56-5cac00e03db5/640.jpeg","type":"image/megapx","tags":["ANNOTATED"],"createdAt":"2020-01-24T10:34:38.950Z","updatedAt":"2020-01-24T14:26:14.484Z","width":750,"height":1334}],"postAvatar":""}