{"id":232946612,"title":"她是我的偶像❤️平手友梨奈","content":"這篇文也算安利欅坂吧❤️\n(圖多，文筆差qwq)\n\n讓我入欅坂的坑的契機\n是在2018欅坂上MTVVWM\n真的不知道為什麼我YouTube的演算法都是早安少女組。就突然出現了欅坂這段影片\n那時候表演了「eccentric+不協和音」\nhttps://i.imgur.com/OeXP7zc.gif\nhttps://i.imgur.com/KS42b5K.gif\nhttps://i.imgur.com/p2tyA13.gif\n小平那個時候髮型跟表演真的很帥\n那句『僕は嫌だ』\n小心臟瞬間被撞擊了好幾下😍😍😍\n後來，就讓我深深的愛上她們\n尤其是平手友梨奈❤️\n14歲出道\n被譽為欅坂最強的不動certer\n\nhttps://i.imgur.com/IkclBJM.gif\n\n欅坂46跟其他偶像團體不一樣\n走帥氣、冷酷、現實風格，有龐大的世界觀\n一單「沉默的多數」出道曲就足夠震撼\n四單「不協和音」已經是神作了\n八單「黑羊」更是比四單還要再更強大、更厲害的神xN作\n\nhttps://i.imgur.com/OcioKe3.gif\n\n\n就連我這樣的小姐姐\n都被平手友梨奈的魅力帥氣吸引了\n年紀小就有這麼驚人的爆發力\n欅共2017版的「誰殺」跟「不協和音」\nhttps://youtu.be/rSy6SKf-o6U\n最後那個『僕は嫌だ』的爆發\n整個人完全的融入歌詞中的意境\n小平雜誌訪問的時候還說過，對於台上表演的記憶沒有很多\n很多人都說小平會被歌詞拉進去，最後可能會很難出來\n\n忘記在哪裡看到的，小平有說過，寧願成員們多被看到，不要大家的視線只關注她一個人。\n欅共2018talk的時候才會說『這樣好嗎，討論我這麼多，這樣好嗎？』\n後期的演出大多都是低著頭\n不怎麼笑，不怎麼說話\n\n原本的小平不是這樣的…\n\n2018夏巡慕張最終場\n「敲碎玻璃！」整個爆發，著了魔似的往前衝，最後掉下舞台\n送去醫院後回來演唱會的現場，對著成員說『我還可以上去(表演)嗎？』\n\n才有了這個\nhttps://youtu.be/EO_T6sbbo6w\n小池還說，那時候是她們看到小平最近笑的最開心燦爛的時候\n織田她們看到小平張開手的時候，想走過去抱她\n\n八單「黑羊」\nhttps://youtu.be/D2QEluvPRiE\n很少會有偶像，唱負面的歌\n第一次看到MV，就不小心的哭了出來\n這就是黑羊的故事啊…\n覺得歌詞跟MV的意境整個呈現出來\n拿著彼岸花\n中間的那段「全部僕のせいだ」\n小平扮演著黑羊，想要把活在自己世界的白羊拉出來\n可是小平扮演的這個角色已經不再世上\n『那些放棄忠於自我假裝成白羊的人們啊，\n看到黑羊時 會用手指著嘲笑他們嗎？\n如果是這樣我就永遠，\n就算是這樣我會永遠，\n在這裡引人側目好了。』\nhttps://i.imgur.com/hl3Qj7o.png\n\nhttps://i.imgur.com/2MOjVNz.jpg\nhttps://i.imgur.com/L8Z3WnV.jpg\nhttps://i.imgur.com/oaynVsk.jpg\nhttps://i.imgur.com/pTCcKCi.jpg\nhttps://i.imgur.com/1KPZouS.jpg\nhttps://i.imgur.com/RUgkA0G.gif\n\n\n\n\n相信大家有追她們的\n都有看到今天晚上欅坂官站的消息\n說真的，有點讓人難以接受不了……\nhttps://i.imgur.com/cD9c16S.jpg\n栗子、織田畢業，美大留學暫停活動\n小平脫退團體\n後來看到新聞是說\n小平自己決定用脫退這個詞，不用畢業\n營運也決定尊重她\n飯欅坂兩年多了，其實都有想過\n小平這狀況下來，一定會很早畢業\n有做好準備了\n但是沒有想到這麼早阿……\n還以為會像乃木板一樣來台灣開演唱會\n以為會辦個畢業演唱會\n最後卻這麼突然的宣布退團…\n\n種子花把她們逼到這樣也不簡單q\n可不可以好好的對待我欅q\n\nhttps://i.imgur.com/HJHfKQi.jpg\n最後希望小平可以一直健健康康的\n不要再受傷，回到以前常笑的小平\n不想說為什麼退團的原因的話\n沒關係，妳想講的時候再說吧❤️\n會一直愛者妳的❤️\n這四年來辛苦妳了❤️\n\n永遠的信仰_平手友梨奈\n\nPS.所以我說營運到底什麼時候要把週年演唱會、夏巡的碟放出來啊啊啊啊(敲桌\n九單拍好的話也一起吧q\n小平妳開個ig就算不更新也讓我追一下吧q","excerpt":"這篇文也算安利欅坂吧️，（圖多，文筆差qwq），讓我入欅坂的坑的契機，是在2018欅坂上MTVVWM，真的不知道為什麼我YouTube的演算法都是早安少女組。就突然出現了欅坂這段影片，那時候表演了「e","anonymousSchool":false,"anonymousDepartment":false,"pinned":false,"forumId":"14f573f5-3f02-4821-8e18-f561d7b7db91","replyId":null,"createdAt":"2020-01-23T16:47:26.382Z","updatedAt":"2020-01-23T23:32:23.912Z","commentCount":15,"likeCount":136,"tags":[],"topics":["平手友梨奈","偶像","安利","欅坂46"],"supportedReactions":null,"withNickname":true,"reportReason":"","hiddenByAuthor":false,"meta":{"layout":"classic"},"forumName":"追星","forumAlias":"entertainer","school":"小草在此","department":"meng_0603","replyTitle":null,"gender":"F","personaSubscriptable":null,"reactions":[{"id":"286f599c-f86a-4932-82f0-f5a06f1eca03","count":127},{"id":"514c2569-fd53-4d9d-a415-bf0f88e7329f","count":7},{"id":"011ead16-9b83-4729-9fde-c588920c6c2d","count":1},{"id":"aa0d425f-d530-4478-9a77-fe3aedc79eea","count":1}],"hidden":false,"customStyle":null,"isSuspiciousAccount":false,"layout":"classic","withImages":true,"withVideos":false,"media":[{"url":"https://i.imgur.com/hl3Qj7o.png"},{"url":"https://i.imgur.com/2MOjVNz.jpg"},{"url":"https://i.imgur.com/L8Z3WnV.jpg"},{"url":"https://i.imgur.com/oaynVsk.jpg"},{"url":"https://i.imgur.com/pTCcKCi.jpg"},{"url":"https://i.imgur.com/1KPZouS.jpg"},{"url":"https://i.imgur.com/cD9c16S.jpg"},{"url":"https://i.imgur.com/HJHfKQi.jpg"}],"reportReasonText":"","mediaMeta":[{"id":"71e1e5ee-a887-4999-8b5c-6e66984769e0","url":"https://i.imgur.com/OeXP7zcl.jpg","normalizedUrl":"https://i.imgur.com/OeXP7zcl.jpg","thumbnail":"https://i.imgur.com/OeXP7zcl.jpg","type":"image/thumbnail","tags":["ANNOTATED"],"createdAt":"2020-01-23T16:47:26.382Z","updatedAt":"2020-01-23T23:32:23.912Z"},{"id":"71e1e5ee-a887-4999-8b5c-6e66984769e0","url":"https://i.imgur.com/OeXP7zc.gif","normalizedUrl":"https://imgur.com/OeXP7zc","thumbnail":"https://i.imgur.com/OeXP7zcl.jpg","type":"image/imgur","tags":["ANNOTATED"],"createdAt":"2020-01-23T16:47:26.382Z","updatedAt":"2020-01-23T23:32:23.912Z"},{"id":"d9a03089-9faf-4e4e-9473-c77adcea90db","url":"https://i.imgur.com/KS42b5K.gif","normalizedUrl":"https://imgur.com/KS42b5K","thumbnail":"https://i.imgur.com/KS42b5Kl.jpg","type":"image/imgur","tags":["ANNOTATED"],"createdAt":"2020-01-23T16:47:26.382Z","updatedAt":"2020-01-23T23:32:23.912Z"},{"id":"2c959032-c28d-434e-ae08-90989116614c","url":"https://i.imgur.com/p2tyA13.gif","normalizedUrl":"https://imgur.com/p2tyA13","thumbnail":"https://i.imgur.com/p2tyA13l.jpg","type":"image/imgur","tags":["ANNOTATED"],"createdAt":"2020-01-23T16:47:26.382Z","updatedAt":"2020-01-23T23:32:23.912Z"},{"id":"2a272daf-bf59-40f3-9642-233a144da728","url":"https://i.imgur.com/IkclBJM.gif","normalizedUrl":"https://imgur.com/IkclBJM","thumbnail":"https://i.imgur.com/IkclBJMl.jpg","type":"image/imgur","tags":["ANNOTATED"],"createdAt":"2020-01-23T16:47:26.382Z","updatedAt":"2020-01-23T23:32:23.912Z"},{"id":"682f7f89-ab9c-43a3-8b84-f71dad8e1a91","url":"https://i.imgur.com/OcioKe3.gif","normalizedUrl":"https://imgur.com/OcioKe3","thumbnail":"https://i.imgur.com/OcioKe3l.jpg","type":"image/imgur","tags":["ANNOTATED"],"createdAt":"2020-01-23T16:47:26.382Z","updatedAt":"2020-01-23T23:32:23.912Z"},{"id":"f852fec2-3327-4c56-b6d9-b808695fbfcf","url":"https://youtu.be/rSy6SKf-o6U","normalizedUrl":"https://www.youtube.com/watch?v=rSy6SKf-o6U","thumbnail":"https://img.youtube.com/vi/rSy6SKf-o6U/hqdefault.jpg","type":"video/youtube","tags":["ANNOTATED"],"createdAt":"2020-01-23T16:47:26.382Z","updatedAt":"2020-01-23T23:32:23.912Z"},{"id":"abff91e2-37fc-4990-9891-343f70646876","url":"https://youtu.be/EO_T6sbbo6w","normalizedUrl":"https://www.youtube.com/watch?v=EO_T6sbbo6w","thumbnail":"https://img.youtube.com/vi/EO_T6sbbo6w/hqdefault.jpg","type":"video/youtube","tags":["ANNOTATED"],"createdAt":"2020-01-23T16:47:26.382Z","updatedAt":"2020-01-23T23:32:23.912Z"},{"id":"b94d7866-b44c-4d26-bee5-24095dc09358","url":"https://youtu.be/D2QEluvPRiE","normalizedUrl":"https://www.youtube.com/watch?v=D2QEluvPRiE","thumbnail":"https://img.youtube.com/vi/D2QEluvPRiE/hqdefault.jpg","type":"video/youtube","tags":["ANNOTATED"],"createdAt":"2020-01-23T16:47:26.382Z","updatedAt":"2020-01-23T23:32:23.912Z"},{"id":"dda2909c-3669-4c33-ad97-9ba9437248b9","url":"https://i.imgur.com/hl3Qj7o.png","normalizedUrl":"https://imgur.com/hl3Qj7o","thumbnail":"https://i.imgur.com/hl3Qj7ol.jpg","type":"image/imgur","tags":["ANNOTATED"],"createdAt":"2020-01-23T16:47:26.382Z","updatedAt":"2020-01-23T23:32:23.912Z"},{"id":"0e5e4214-7f4b-4595-8b5b-d7cd74a401f3","url":"https://i.imgur.com/2MOjVNz.jpg","normalizedUrl":"https://imgur.com/2MOjVNz","thumbnail":"https://i.imgur.com/2MOjVNzl.jpg","type":"image/imgur","tags":["ANNOTATED"],"createdAt":"2020-01-23T16:47:26.382Z","updatedAt":"2020-01-23T23:32:23.912Z"},{"id":"527dcf97-c140-4518-a6e6-3bc4577e51ae","url":"https://i.imgur.com/L8Z3WnV.jpg","normalizedUrl":"https://imgur.com/L8Z3WnV","thumbnail":"https://i.imgur.com/L8Z3WnVl.jpg","type":"image/imgur","tags":["ANNOTATED"],"createdAt":"2020-01-23T16:47:26.382Z","updatedAt":"2020-01-23T23:32:23.912Z"},{"id":"78336ce0-1703-49a2-945e-9a349d59d236","url":"https://i.imgur.com/oaynVsk.jpg","normalizedUrl":"https://imgur.com/oaynVsk","thumbnail":"https://i.imgur.com/oaynVskl.jpg","type":"image/imgur","tags":["ANNOTATED"],"createdAt":"2020-01-23T16:47:26.382Z","updatedAt":"2020-01-23T23:32:23.912Z"},{"id":"63344d06-347a-4d60-b193-60539d9e4b0f","url":"https://i.imgur.com/pTCcKCi.jpg","normalizedUrl":"https://imgur.com/pTCcKCi","thumbnail":"https://i.imgur.com/pTCcKCil.jpg","type":"image/imgur","tags":["ANNOTATED"],"createdAt":"2020-01-23T16:47:26.382Z","updatedAt":"2020-01-23T23:32:23.912Z"},{"id":"24a97372-2dce-4d11-8ab7-798c36cd00ed","url":"https://i.imgur.com/1KPZouS.jpg","normalizedUrl":"https://imgur.com/1KPZouS","thumbnail":"https://i.imgur.com/1KPZouSl.jpg","type":"image/imgur","tags":["ANNOTATED"],"createdAt":"2020-01-23T16:47:26.382Z","updatedAt":"2020-01-23T23:32:23.912Z"},{"id":"18ed3edc-f240-47a2-842d-1b0650c2da9b","url":"https://i.imgur.com/RUgkA0G.gif","normalizedUrl":"https://imgur.com/RUgkA0G","thumbnail":"https://i.imgur.com/RUgkA0Gl.jpg","type":"image/imgur","tags":["ANNOTATED"],"createdAt":"2020-01-23T16:47:26.382Z","updatedAt":"2020-01-23T23:32:23.912Z"},{"id":"cd8bcaf6-a162-4ab7-9b6e-3c8d66192af0","url":"https://i.imgur.com/cD9c16S.jpg","normalizedUrl":"https://imgur.com/cD9c16S","thumbnail":"https://i.imgur.com/cD9c16Sl.jpg","type":"image/imgur","tags":["ANNOTATED"],"createdAt":"2020-01-23T16:47:26.382Z","updatedAt":"2020-01-23T23:32:23.912Z"},{"id":"cf368fed-7547-40fe-a144-57d331739cad","url":"https://i.imgur.com/HJHfKQi.jpg","normalizedUrl":"https://imgur.com/HJHfKQi","thumbnail":"https://i.imgur.com/HJHfKQil.jpg","type":"image/imgur","tags":["ANNOTATED"],"createdAt":"2020-01-23T16:47:26.382Z","updatedAt":"2020-01-23T23:32:23.912Z"}],"postAvatar":""}