{"id":232947330,"title":"【歌詞翻譯】Louis Tomlinson-Walls","content":"小女子不才，有翻錯、理解錯都歡迎討論！！！\n\nLouis Tomlinson—Wallls（高牆）\n\n沒有什麼比獨自醒來  更能喚醒你\n左手邊只有仍裝滿我們衣物的櫥櫃\n你離開並登上更高處的那天\n也是我蛻變成這個我的日子\n\n但那些高牆  它們無法得逞\n如今我站得比它們都高\n那些高牆  從來無法擊潰我的靈魂\n我俯瞰著它們崩塌\n我俯瞰著它們因你而崩塌\n因為你\n\n沒有什麼比傷你所愛  更能傷害你\n話說得再多  字寫得再滿  永遠都不夠\n在你眼中我能看見我所失去的\n你是所有「為什麼」的最終解答\n\n但那些高牆  它們無法得逞\n如今我站得比它們都高\n那些高牆  從來無法擊潰我的靈魂\n我俯瞰著它們崩塌\n我俯瞰著它們因你而崩塌\n因你而崩塌\n\n這句謝謝  獻給你曾對我做的一切\n為什麼這句謝謝  如此令人哭笑不得？\n我只是希望某天偶遇時  能聽到你說聲\n「喔不」\n\n但那些高牆  它們無法得逞\n如今我站得比它們都高\n那些高牆  從來無法擊潰我的靈魂\n我俯瞰著它們崩塌\n我俯瞰著它們因你而崩塌\n因你而崩塌\n\n沒有什麼比獨自醒來  更能喚醒你","excerpt":"小女子不才，有翻錯、理解錯都歡迎討論！！！，Louis Tomlinson—Wallls（高牆），沒有什麼比獨自醒來  更能喚醒你，左手邊只有仍裝滿我們衣物的櫥櫃，你離開並登上更高處的那天，也是我蛻變","anonymousSchool":false,"anonymousDepartment":false,"pinned":false,"forumId":"14f573f5-3f02-4821-8e18-f561d7b7db91","replyId":null,"createdAt":"2020-01-23T18:50:21.392Z","updatedAt":"2020-01-23T18:50:37.270Z","commentCount":4,"likeCount":15,"tags":[],"topics":["歌詞","翻譯","LouisTomlinson","walls","英文歌"],"supportedReactions":null,"withNickname":false,"reportReason":"","hiddenByAuthor":false,"meta":{"layout":"classic"},"forumName":"追星","forumAlias":"entertainer","school":"靜宜大學","department":"中國文學系","replyTitle":null,"gender":"F","personaSubscriptable":false,"reactions":[{"id":"286f599c-f86a-4932-82f0-f5a06f1eca03","count":15}],"hidden":false,"customStyle":null,"isSuspiciousAccount":false,"layout":"classic","withImages":false,"withVideos":false,"media":[],"reportReasonText":"","mediaMeta":[],"postAvatar":""}