{"id":232953519,"title":"2020最期待的五代團","content":"畢竟現在韓團競爭越來越激烈\n最基本的實力一定必備\n再來應該就是看公司的配置企劃等等\n所以好奇各位今年有沒有最看好或期待的五代團體XD （是說我也不確定幾代怎麼分QQ\n列出了從2018出道到現在大家比較聽過\n還有一些有點話題度的團\n\n男團：Stray Kids / ATEEZ / AB6IX / CIX / ONEUS / TXT / VERIVERY \n女團：(G)I-DLE / 本月少女 / 公園少女 / ANS / BVNDIT / Cherry Bullet / EVERGLOW / ITZY / Rocket Punch\n\n以上沒有按照出道順序 小分隊跟限定團不算\n如果各位有其他黑馬不是五代但覺得會衝的可以留言我會補上去😗\n希望能夠理性討論不要歪樓謝謝🙏🏻","excerpt":"畢竟現在韓團競爭越來越激烈，最基本的實力一定必備，再來應該就是看公司的配置企劃等等，所以好奇各位今年有沒有最看好或期待的五代團體XD （是說我也不確定幾代怎麼分QQ，列出了從2018出道到現在大家比較","anonymousSchool":false,"anonymousDepartment":true,"pinned":false,"forumId":"14f573f5-3f02-4821-8e18-f561d7b7db91","replyId":null,"createdAt":"2020-01-25T02:45:37.186Z","updatedAt":"2020-01-25T02:45:37.186Z","commentCount":146,"likeCount":375,"tags":["HIDE_THUMBNAIL"],"topics":["韓星"],"supportedReactions":null,"withNickname":false,"reportReason":"","hiddenByAuthor":false,"meta":{"layout":"classic"},"forumName":"追星","forumAlias":"entertainer","school":"台南應用科技大學","replyTitle":null,"gender":"F","personaSubscriptable":false,"reactions":[{"id":"286f599c-f86a-4932-82f0-f5a06f1eca03","count":374},{"id":"aa0d425f-d530-4478-9a77-fe3aedc79eea","count":1}],"hidden":false,"customStyle":null,"isSuspiciousAccount":false,"layout":"classic","withImages":false,"withVideos":false,"media":[],"reportReasonText":"","mediaMeta":[],"postAvatar":""}