{"id":232956309,"title":"#宣傳 MONSTA X 任昌均生日應援活動","content":"嗨嗨大家好\n\n我們昌均的生日即將到來\n為了慶祝我們的越來越性感的忙內森日快樂！\n所以特別舉辦了生日手幅應援活動！！！！\n\n歡迎大家一起來參與喔～\n\nhttp://i.imgur.com/uaRaI6F.jpg\n\nhttp://i.imgur.com/eja924B.jpg\n\nhttp://i.imgur.com/kh96ZAF.jpg\n\nHappy IM Day 應援活動\n\n📍應援發放\nIM 生日紙手幅(各150份)\n\n📍發放時間\n2020/01/25開始到發完為止\n\n📍合作店家\n台北-咖啡伴 Coffe Bene 府中門市\n⚠️咖啡伴24-26店休，所以會從27開始發喔！⚠️\n地址｜新北市板橋區四川路一段50號\n\n台中-黑棠 Black Sugar\n地址｜台中市北區一中街167巷1-2號\n\n📍領取方式\n1️⃣依照店家指定消費方式\n2️⃣告知店員索取手幅\n3️⃣向辛苦的店員道謝\n\n歡迎拍照認證ㄛ\n#MONSTAX #몬스타엑스\n#아에엠 #임창균\n#HAPPYIMDAY\n(也歡迎標記我們 @kkkk____.____ 認證🖤）\n\n-\n手幅上的設計之所以有\"내따랑\"\n是因為之前去簽售的時候問昌均說：\n“如果跟你同年的芒貝貝，你會怎麼稱呼她？”\n昌均回我“내따랑~”\n實在是太幸福了，所以把它放在手幅上ㅋㅋㅋㅋ\n\n-\n\n芒貝貝們一休膩來為我們昌均慶生吧\n\n有任何疑問都可以到我們的Instagram私訊我們🖤\nIG：kkkk____.____\nhttps://www.instagram.com/kkkk____.____/","excerpt":"嗨嗨大家好，我們昌均的生日即將到來，為了慶祝我們的越來越性感的忙內森日快樂！，所以特別舉辦了生日手幅應援活動！！！！，歡迎大家一起來參與喔～Happy IM Day 應援活動，應援發放，IM 生日紙手","anonymousSchool":false,"anonymousDepartment":true,"pinned":false,"forumId":"14f573f5-3f02-4821-8e18-f561d7b7db91","replyId":null,"createdAt":"2020-01-25T13:41:41.640Z","updatedAt":"2020-01-25T14:00:05.585Z","commentCount":0,"likeCount":65,"tags":[],"topics":["生日","活動","應援"],"supportedReactions":null,"withNickname":false,"reportReason":"","hiddenByAuthor":false,"meta":{"layout":"classic"},"forumName":"追星","forumAlias":"entertainer","school":"國立臺灣科技大學","replyTitle":null,"gender":"F","personaSubscriptable":null,"reactions":[{"id":"286f599c-f86a-4932-82f0-f5a06f1eca03","count":65}],"hidden":false,"customStyle":null,"isSuspiciousAccount":false,"layout":"classic","withImages":true,"withVideos":false,"media":[{"url":"http://i.imgur.com/uaRaI6F.jpg"},{"url":"http://i.imgur.com/eja924B.jpg"},{"url":"http://i.imgur.com/kh96ZAF.jpg"}],"reportReasonText":"","mediaMeta":[{"id":"e944183c-5055-42bf-8abe-d40977efcf9f","url":"https://i.imgur.com/uaRaI6Fl.jpg","normalizedUrl":"https://i.imgur.com/uaRaI6Fl.jpg","thumbnail":"https://i.imgur.com/uaRaI6Fl.jpg","type":"image/thumbnail","tags":["ANNOTATED"],"createdAt":"2020-01-25T13:41:41.640Z","updatedAt":"2020-01-25T14:00:05.585Z"},{"id":"e944183c-5055-42bf-8abe-d40977efcf9f","url":"http://i.imgur.com/uaRaI6F.jpg","normalizedUrl":"https://imgur.com/uaRaI6F","thumbnail":"https://i.imgur.com/uaRaI6Fl.jpg","type":"image/imgur","tags":["ANNOTATED"],"createdAt":"2020-01-25T13:41:41.640Z","updatedAt":"2020-01-25T14:00:05.585Z"},{"id":"496a5a4c-3cd8-4f8c-b457-f6fcc8c019c8","url":"http://i.imgur.com/eja924B.jpg","normalizedUrl":"https://imgur.com/eja924B","thumbnail":"https://i.imgur.com/eja924Bl.jpg","type":"image/imgur","tags":["ANNOTATED"],"createdAt":"2020-01-25T13:41:41.640Z","updatedAt":"2020-01-25T14:00:05.585Z"},{"id":"0d65daf0-ad2c-4fc3-bb10-34efa7421a34","url":"http://i.imgur.com/kh96ZAF.jpg","normalizedUrl":"https://imgur.com/kh96ZAF","thumbnail":"https://i.imgur.com/kh96ZAFl.jpg","type":"image/imgur","tags":["ANNOTATED"],"createdAt":"2020-01-25T13:41:41.640Z","updatedAt":"2020-01-25T14:00:05.585Z"}],"postAvatar":""}