{"id":232963301,"title":"GENERATIONS 12/15 少年クロニクル repo ✨","content":"（前言）\n拖了一個月多的後記噗\n在打這次後記 才發現自己很荒謬\n今年是因為乘浪之約 認識涼太跟GENE的\n（洗腦的BNS)\n後來涼太突然爆出台灣有活動 結果那天我不在台灣QQ⋯ \n雖然不能去 但還是買了EMM的周邊\n（最後把見面會的資格讓給一起去看電影的朋友XDDDDDD）\n當時知道去不了見面會 一氣之下直接買了機票訂了青旅 最後在微博找票\n2019.12 人生第一次自己出國 然後去看演唱會(˶‾᷄ ⁻̫ ‾᷅˵)\n（謝謝爸媽沒有把我打死～～～）\n-\n（最後的分享有點亂 請各位見諒ヽ(；▽；)ノ）\n\nhttps://megapx-assets.dcard.tw/images/d71194a7-60fd-4b99-a73a-bd0f499c5a2f/1280.jpeg\n\n忘記是幾點到會場 好多地方都排了好多人\n因為我完完全全一句日文都不會 一開始都不知道到底是怎樣哈哈哈哈哈 在居酒屋買了龍友跟涼太的食物！ 涼太的是彈珠汽水 因為可能是玻璃瓶的關係（？） 工作人員都會把每瓶彈珠汽水另外包起來 我懶的拿出來再包回去 就沒拍了\nhttps://megapx-assets.dcard.tw/images/8d23b891-fb85-4aef-8e84-74a5e93624b9/1280.jpeg\nhttps://megapx-assets.dcard.tw/images/74d49350-9512-4169-ad4c-015391dfb67f/1280.jpeg\n\n後來去排了周邊\n忘了排多久 真的差點快瘋掉 人超多的(￣∇￣)\n周邊分現金結帳和刷卡結帳 因為之前已經買了旗子跟毛巾 那天再去買了證件卡跟⋯？（我忘了）\nhttps://megapx-assets.dcard.tw/images/b7cd6758-d701-4826-9a88-d289628499fc/1280.jpeg\nhttps://megapx-assets.dcard.tw/images/43c632b3-b422-4451-813b-79798f1fb2f4/1280.jpeg\n\n買完周邊 就去扭蛋區撒錢⋯\n附近會有工作人員宣傳不能交換之類的（？？？）\n但櫻花妹完全沒在管 還是照樣到處去換自擔的周邊哈哈哈哈哈 於是我也鼓起勇氣 換到了好多涼太٩(˃̶͈̀௰˂̶͈́)و\nhttps://megapx-assets.dcard.tw/images/f711ca10-39ab-4875-939b-266ed65b7f51/1280.jpeg\n\nGENE高狗狗！\nhttps://megapx-assets.dcard.tw/images/3e3363a6-5225-43d1-b9b5-607c12899331/1280.jpeg\n\n入場後 工作人員會一直宣傳不能把手機拿出來\n所以我就一直在場內放空ಠ_ಠ⋯ \n（附上被警告前 偷拍的旗子 一張）\nhttps://megapx-assets.dcard.tw/images/60256521-f61c-44fe-b2df-c19d5756054c/orig.jpeg\n\n雖然聽不懂日文 但開場的影片每個人都好帥嗚嗚嗚嗚嗚 聽到A New Chronicle前奏 突然覺得 「啊 我真的來看你們了」差點感動哭出來XDDDD 又覺得自己那一刻居然出現在福岡巨蛋 真的覺得自己很莫名奇妙（乾） 前面快歌跟著其他櫻花妹一起喊了 可惜我隔壁的姐姐很安靜 讓我感覺很尷尬⋯ BCR一出來 我還沒回神 片片開頭的wink就錯過了( ･᷄ὢ･᷅ ) 起初我一直以為自己會因為自己一個人看演唱會會不敢跟著跳BCR 但我最後還是跟著跳了XDDDDD 當下的氣氛真的超嗨嗚嗚嗚嗚嗚嗚 第三首是Evergreen 前面還有放浪家族的專屬喊麥！ 一起 耶 一起GENERATIONS！ 再來是初登紅白表演ㄉEXPG（札幌首唱是唱小丑QQ) 是第一次花車  因為坐在花車前面 所以我內心超激動的 一直關注片片何時會過來 後來覺得他根本沒看我這 我就放棄了 看到誰 我就瘋狂的揮手XDDDDDD 最後亞嵐過來時 我也揮手了 然後他就朝！我！這！也！揮！手！ （回台灣時 一直跟朋友說我要轉擔白濱亜嵐）\n下面是分段記憶(((o(*ﾟ▽ﾟ*)o)))：\nLYM先唱了改變版 前奏下了 我還以為我是個不稱職的飯 居然沒聽過這首歌（乾）啊哈哈哈哈哈哈/FBFG、SP 看完現場後 回來後 一直重複聽 現場超嗨！SP前面 隼跟裕太Solo 舞蹈 真！的！帥！爆！了！ 看完又有衝動要轉擔了（乾）/SP 後面 per們(除了準）都脫衣服了 那時 曼迪站在中央 我就眼睜睜看著他把衣服脫掉（？）我就莫名叫出來了⋯ 後來才發現旁邊的玲於跟亞嵐也脫了 (我沒看到裕太有沒有脫QQ)（那時好想跑操場）（因為太害羞了）（我還記得 我還感覺到熱了呢）/OIAM 嗯嗯嗯嗯嗯嗯 玲於直接躺在女舞者腿上：）⋯⋯⋯⋯⋯ 🍋🍋🍋/空 是剛喜歡GENE時 最喜歡的歌 每天都要看好幾次之前演唱會的影片 聽到現場 又差點哭出來⋯/曼迪的一天 雖然完全不懂到底在演什麼 但我還是跟著笑出來了 （因為看的出來 這企劃感覺就是要整他的XDDDDDD （欸））/後來的快歌組曲是第二次的花車 嗯嗯嗯嗯後面的櫻花妹差點瘋掉ㄅ⋯ 耳朵差點聾掉（喂）/to the stage 我很認真的自己一個人甩毛巾跟丟毛巾 又很擔心毛巾被我甩出去 完全沒有在看台上 現在想想不知道自己到底在幹嘛什麼？？？？/在翻唱本部的歌時 後面影片搭配著成員各個小時後的照片（片片小時後真的好可愛 崩潰）/唱迴轉時（？） 後面影片搭配著GENE出道到現在的點滴 唱完時 隔壁安靜ㄉ櫻花姐姐哭了╮(￣▽￣\"\")╭/3年G班 雖然沒看過A班原版 但龍友演導師真的讓我一直很想笑⋯/全體一起跳了早操嗚嗚嗚嗚嗚嗚 從沒想過可以看到活生生的真人版早操/Y.M.C.A 中間有一個環境是分左右觀眾區跳 結果完全不懂日語的我 那時還以為我們這怎麼這麼冷漠⋯結果還沒回神過來 換我們這區跳了 （我⋯）後來彩帶噴出來了（彩帶無緣👌🏻）/福岡限定曲 淚！/AGEHA 第三次花車 \n/在花車上謝幕了 他們下台前 我真的是用盡一切在揮手⋯\n\n快樂ㄉ時光真的過很快⋯ 踏出巨蛋那一刻只有滿滿的幸福 快樂的揮著旗子回旅館\nhttps://megapx-assets.dcard.tw/images/62a24529-5b95-4a87-8f52-8c77decb7d8d/1280.jpeg\n\n夜晚版ㄉ居酒屋看板\nhttps://megapx-assets.dcard.tw/images/083b4611-09b1-450c-a8e4-23db0147a380/1280.jpeg\n\n雖然今年完美年 不會去日本看GENE 但好希望可以在台灣看到GENE(;´༎ຶД༎ຶ`) 期待下一次的見面！\n\nhttps://megapx-assets.dcard.tw/images/94a0a198-93d7-4005-8c8d-b9205ef2c170/1280.jpeg\n（然後今年要去大阪看E-girls姐姐們٩(˃̶͈̀௰˂̶͈́)و）","excerpt":"（前言），拖了一個月多的後記噗，在打這次後記 才發現自己很荒謬，今年是因為乘浪之約 認識涼太跟GENE的，（洗腦的BNS），後來涼太突然爆出台灣有活動 結果那天我不在台灣QQ⋯，雖然不能去 但還是買了","anonymousSchool":false,"anonymousDepartment":true,"pinned":false,"forumId":"14f573f5-3f02-4821-8e18-f561d7b7db91","replyId":null,"createdAt":"2020-01-26T17:04:41.929Z","updatedAt":"2020-01-26T17:09:19.192Z","commentCount":7,"likeCount":24,"tags":[],"topics":["GENERATIONS","放浪新世代","LDH","演唱會","ExileTribe"],"supportedReactions":null,"withNickname":false,"reportReason":"","hiddenByAuthor":false,"meta":{"layout":"classic"},"forumName":"追星","forumAlias":"entertainer","school":"東吳大學","replyTitle":null,"gender":"F","personaSubscriptable":false,"reactions":[{"id":"286f599c-f86a-4932-82f0-f5a06f1eca03","count":24}],"hidden":false,"customStyle":null,"isSuspiciousAccount":false,"layout":"classic","withImages":true,"withVideos":false,"media":[{"url":"https://megapx-assets.dcard.tw/images/d71194a7-60fd-4b99-a73a-bd0f499c5a2f/1280.jpeg"},{"url":"https://megapx-assets.dcard.tw/images/8d23b891-fb85-4aef-8e84-74a5e93624b9/1280.jpeg"},{"url":"https://megapx-assets.dcard.tw/images/74d49350-9512-4169-ad4c-015391dfb67f/1280.jpeg"},{"url":"https://megapx-assets.dcard.tw/images/b7cd6758-d701-4826-9a88-d289628499fc/1280.jpeg"},{"url":"https://megapx-assets.dcard.tw/images/43c632b3-b422-4451-813b-79798f1fb2f4/1280.jpeg"},{"url":"https://megapx-assets.dcard.tw/images/f711ca10-39ab-4875-939b-266ed65b7f51/1280.jpeg"},{"url":"https://megapx-assets.dcard.tw/images/3e3363a6-5225-43d1-b9b5-607c12899331/1280.jpeg"},{"url":"https://megapx-assets.dcard.tw/images/60256521-f61c-44fe-b2df-c19d5756054c/orig.jpeg"},{"url":"https://megapx-assets.dcard.tw/images/62a24529-5b95-4a87-8f52-8c77decb7d8d/1280.jpeg"},{"url":"https://megapx-assets.dcard.tw/images/083b4611-09b1-450c-a8e4-23db0147a380/1280.jpeg"},{"url":"https://megapx-assets.dcard.tw/images/94a0a198-93d7-4005-8c8d-b9205ef2c170/1280.jpeg"}],"reportReasonText":"","mediaMeta":[{"id":"f8f622d1-3cb7-4994-a42b-205658deb7da","url":"https://megapx-assets.dcard.tw/images/d71194a7-60fd-4b99-a73a-bd0f499c5a2f/640.jpeg","normalizedUrl":"https://megapx-assets.dcard.tw/images/d71194a7-60fd-4b99-a73a-bd0f499c5a2f/640.jpeg","thumbnail":"https://megapx-assets.dcard.tw/images/d71194a7-60fd-4b99-a73a-bd0f499c5a2f/640.jpeg","type":"image/thumbnail","tags":["ANNOTATED"],"createdAt":"2020-01-26T17:04:41.929Z","updatedAt":"2020-01-26T17:09:19.192Z","width":480,"height":640},{"id":"f8f622d1-3cb7-4994-a42b-205658deb7da","url":"https://megapx-assets.dcard.tw/images/d71194a7-60fd-4b99-a73a-bd0f499c5a2f/1280.jpeg","normalizedUrl":"https://megapx.dcard.tw/v1/images/d71194a7-60fd-4b99-a73a-bd0f499c5a2f","thumbnail":"https://megapx-assets.dcard.tw/images/d71194a7-60fd-4b99-a73a-bd0f499c5a2f/640.jpeg","type":"image/megapx","tags":["ANNOTATED"],"createdAt":"2020-01-26T17:04:41.929Z","updatedAt":"2020-01-26T17:09:19.192Z","width":1500,"height":2000},{"id":"b5673ecc-c4cc-45b3-ac5a-9d75d3b9d760","url":"https://megapx-assets.dcard.tw/images/8d23b891-fb85-4aef-8e84-74a5e93624b9/1280.jpeg","normalizedUrl":"https://megapx.dcard.tw/v1/images/8d23b891-fb85-4aef-8e84-74a5e93624b9","thumbnail":"https://megapx-assets.dcard.tw/images/8d23b891-fb85-4aef-8e84-74a5e93624b9/640.jpeg","type":"image/megapx","tags":["ANNOTATED"],"createdAt":"2020-01-26T17:04:41.929Z","updatedAt":"2020-01-26T17:09:19.192Z","width":2000,"height":1500},{"id":"c6bc9cee-5a3c-4d0d-8ecd-1d706a89068d","url":"https://megapx-assets.dcard.tw/images/74d49350-9512-4169-ad4c-015391dfb67f/1280.jpeg","normalizedUrl":"https://megapx.dcard.tw/v1/images/74d49350-9512-4169-ad4c-015391dfb67f","thumbnail":"https://megapx-assets.dcard.tw/images/74d49350-9512-4169-ad4c-015391dfb67f/640.jpeg","type":"image/megapx","tags":["ANNOTATED"],"createdAt":"2020-01-26T17:04:41.929Z","updatedAt":"2020-01-26T17:09:19.192Z","width":1500,"height":2000},{"id":"cfc09647-0887-421f-9534-6990579fed28","url":"https://megapx-assets.dcard.tw/images/b7cd6758-d701-4826-9a88-d289628499fc/1280.jpeg","normalizedUrl":"https://megapx.dcard.tw/v1/images/b7cd6758-d701-4826-9a88-d289628499fc","thumbnail":"https://megapx-assets.dcard.tw/images/b7cd6758-d701-4826-9a88-d289628499fc/640.jpeg","type":"image/megapx","tags":["ANNOTATED"],"createdAt":"2020-01-26T17:04:41.929Z","updatedAt":"2020-01-26T17:09:19.192Z","width":1500,"height":2000},{"id":"278bb9b5-ca09-4cee-ac55-4225dd26dcfe","url":"https://megapx-assets.dcard.tw/images/43c632b3-b422-4451-813b-79798f1fb2f4/1280.jpeg","normalizedUrl":"https://megapx.dcard.tw/v1/images/43c632b3-b422-4451-813b-79798f1fb2f4","thumbnail":"https://megapx-assets.dcard.tw/images/43c632b3-b422-4451-813b-79798f1fb2f4/640.jpeg","type":"image/megapx","tags":["ANNOTATED"],"createdAt":"2020-01-26T17:04:41.929Z","updatedAt":"2020-01-26T17:09:19.192Z","width":2000,"height":1500},{"id":"330bd482-ef1a-4524-8ece-7b2273775655","url":"https://megapx-assets.dcard.tw/images/f711ca10-39ab-4875-939b-266ed65b7f51/1280.jpeg","normalizedUrl":"https://megapx.dcard.tw/v1/images/f711ca10-39ab-4875-939b-266ed65b7f51","thumbnail":"https://megapx-assets.dcard.tw/images/f711ca10-39ab-4875-939b-266ed65b7f51/640.jpeg","type":"image/megapx","tags":["ANNOTATED"],"createdAt":"2020-01-26T17:04:41.929Z","updatedAt":"2020-01-26T17:09:19.192Z","width":2000,"height":1501},{"id":"506a6376-b944-4754-9f28-42f47e4225d8","url":"https://megapx-assets.dcard.tw/images/3e3363a6-5225-43d1-b9b5-607c12899331/1280.jpeg","normalizedUrl":"https://megapx.dcard.tw/v1/images/3e3363a6-5225-43d1-b9b5-607c12899331","thumbnail":"https://megapx-assets.dcard.tw/images/3e3363a6-5225-43d1-b9b5-607c12899331/640.jpeg","type":"image/megapx","tags":["ANNOTATED"],"createdAt":"2020-01-26T17:04:41.929Z","updatedAt":"2020-01-26T17:09:19.192Z","width":1500,"height":2000},{"id":"5bd1c6c2-9589-4d0e-8fea-3485b71de003","url":"https://megapx-assets.dcard.tw/images/60256521-f61c-44fe-b2df-c19d5756054c/orig.jpeg","normalizedUrl":"https://megapx.dcard.tw/v1/images/60256521-f61c-44fe-b2df-c19d5756054c","thumbnail":"https://megapx-assets.dcard.tw/images/60256521-f61c-44fe-b2df-c19d5756054c/640.jpeg","type":"image/megapx","tags":["ANNOTATED"],"createdAt":"2020-01-26T17:04:41.929Z","updatedAt":"2020-01-26T17:09:19.192Z","width":1500,"height":2000},{"id":"08429c19-894c-4037-be6f-f524c3d81629","url":"https://megapx-assets.dcard.tw/images/62a24529-5b95-4a87-8f52-8c77decb7d8d/1280.jpeg","normalizedUrl":"https://megapx.dcard.tw/v1/images/62a24529-5b95-4a87-8f52-8c77decb7d8d","thumbnail":"https://megapx-assets.dcard.tw/images/62a24529-5b95-4a87-8f52-8c77decb7d8d/640.jpeg","type":"image/megapx","tags":["ANNOTATED"],"createdAt":"2020-01-26T17:04:41.929Z","updatedAt":"2020-01-26T17:09:19.192Z","width":1500,"height":2000},{"id":"473d500a-5193-4b9d-82c9-b6ff487d0f04","url":"https://megapx-assets.dcard.tw/images/083b4611-09b1-450c-a8e4-23db0147a380/1280.jpeg","normalizedUrl":"https://megapx.dcard.tw/v1/images/083b4611-09b1-450c-a8e4-23db0147a380","thumbnail":"https://megapx-assets.dcard.tw/images/083b4611-09b1-450c-a8e4-23db0147a380/640.jpeg","type":"image/megapx","tags":["ANNOTATED"],"createdAt":"2020-01-26T17:04:41.929Z","updatedAt":"2020-01-26T17:09:19.192Z","width":1500,"height":2000},{"id":"f8ffe4a5-79f8-4bf0-b64b-fff9c3168d02","url":"https://megapx-assets.dcard.tw/images/94a0a198-93d7-4005-8c8d-b9205ef2c170/1280.jpeg","normalizedUrl":"https://megapx.dcard.tw/v1/images/94a0a198-93d7-4005-8c8d-b9205ef2c170","thumbnail":"https://megapx-assets.dcard.tw/images/94a0a198-93d7-4005-8c8d-b9205ef2c170/640.jpeg","type":"image/megapx","tags":["ANNOTATED"],"createdAt":"2020-01-26T17:04:41.929Z","updatedAt":"2020-01-26T17:09:19.192Z","width":2000,"height":1334}],"postAvatar":""}