{"id":232975820,"title":"Naver熱帖🔥 金希澈：對粉絲抱歉 談和MOMO公開戀愛的心情","content":"https://n.news.naver.com/entertain/article/076/0003524270\n\n❶［+7667 -419］希澈啊沒關係,我以為你喜歡男人呢? 但是跟女人交往真是萬幸啊，好好的交往吧，感覺到了你的內疚感比誰都... 但是沒有必要有那種內疚感，只要真心實意地對粉絲們說就行\n❷［+4365 -299］在認哥裡那麼說別人，自己卻不行\n❸［+2763 -164］都快要40歲的哥了，結婚也不奇怪的年紀...有什麼要一直抱歉的... 希望所有偶像都是像哥哥一樣的想法就好了，反而覺得是幸運的新送走了心愛的妹妹們，覺得辛苦的希旁邊還有了能一起分擔的人，還有金希澈的公開戀愛，做了就別說對不起了~\n❹［+1441 -82］至少是年紀大了的，跟其他年紀小的偶像不一樣吧\n❺［+1001 -251］一直把粉絲放在第一位，很好的照顧粉絲的心，因為很好的表現出來了...不那樣也行ㅜㅜ哥哥幸福是最重要的！只是謝謝你","excerpt":"［+7667 -419］希澈啊沒關係，我以為你喜歡男人呢？ 但是跟女人交往真是萬幸啊，好好的交往吧，感覺到了你的內疚感比誰都... 但是沒有必要有那種內疚感，只要真心實意地對粉絲們說就行，［+4365","anonymousSchool":false,"anonymousDepartment":false,"pinned":false,"forumId":"14f573f5-3f02-4821-8e18-f561d7b7db91","replyId":null,"createdAt":"2020-01-29T01:52:31.409Z","updatedAt":"2020-01-29T14:54:03.765Z","commentCount":5,"likeCount":97,"tags":["HIDE_THUMBNAIL"],"topics":["金希澈","MOMO","韓網翻譯"],"supportedReactions":null,"withNickname":true,"reportReason":"","hiddenByAuthor":false,"meta":{"layout":"classic"},"forumName":"追星","forumAlias":"entertainer","school":"ㅎㅏㄴ🍂","department":"hansoyeon","replyTitle":null,"gender":"F","personaSubscriptable":true,"reactions":[{"id":"286f599c-f86a-4932-82f0-f5a06f1eca03","count":95},{"id":"514c2569-fd53-4d9d-a415-bf0f88e7329f","count":1},{"id":"aa0d425f-d530-4478-9a77-fe3aedc79eea","count":1}],"hidden":false,"customStyle":null,"isSuspiciousAccount":false,"layout":"classic","withImages":false,"withVideos":false,"media":[],"reportReasonText":"","mediaMeta":[],"postAvatar":""}