{"id":232973142,"title":"SuperBand亞軍LUCY 換主唱官宣","content":"找不到人跟我討論超級樂隊的我又來了\n\n今天想分享的是LUCY終於正式宣布已經把主唱從李炷奕換成崔庠燁了。\nhttps://megapx-assets.dcard.tw/images/68df643c-7552-4324-989c-512a293702ab/full.jpeg\n在Superband Top 3 Concert炷奕公司宣布炷奕將缺席所有場次以後，Lucy臨時找來了第一輪淘汰的崔庠燁擔任主唱，一起寫了「冬日Lucy」的新歌暖爐。\n崔庠燁第一輪舞台:\nhttps://www.youtube.com/watch?v=jvF8eLeUass\n\n炷奕的退出其實有跡可循，包括沒有認證粉絲的地鐵應援，他個人ig也再沒有提過關於Lucy的任何事情。崔庠燁在Top3 Concert首場結束後也更新了ig個人簡介。\nhttps://megapx-assets.dcard.tw/images/bf7956ed-6026-4e92-a1ea-f85aca3f120c/full.jpeg\n\n而在昨晚的ig直播元祥終於說了跟炷奕的Lucy結束了，Lucy以後會跟庠燁一起走下去。但他強調他還是很愛炷奕的，他們並沒有絕交。\nhttps://www.bilibili.com/video/av85318041/\n\n對於我決賽最愛團換人，老實說，我還是接受不了。第一次經歷愛團換人的我到現在還是沒有勇氣聽新歌看Top3的舞台，最近也不太敢聽舊歌。我有時候也會想如果當初沒有辦年末Top3 con，事情會不會就不一樣了。但畢竟炷奕原組合GIFT在上升期，要兼顧Lucy也會比較困難，可能這樣對大家來說也比較好。只是我覺得炷奕的聲音始終都是最適合Lucy的，而且看到他們以前感情那麼好，好不容易從swim走到flare，從漢江走到遊樂園，一起笑一起哭，經歷了那麼多始終還是不能一直走下去，還是覺得有點可惜吧。\n\n最後附上新歌暖爐的舞台，祝福GIFT LUCY每個人以後都走花路吧，希望他們都能愈來愈好。\nhttps://www.youtube.com/watch?v=86pMfPk5Am8","excerpt":"找不到人跟我討論超級樂隊的我又來了，今天想分享的是LUCY終於正式宣布已經把主唱從李炷奕換成崔庠燁了。在Superband Top 3 Concert炷奕公司宣布炷奕將缺席所有場次以後，Lucy臨時找","anonymousSchool":false,"anonymousDepartment":false,"pinned":false,"forumId":"14f573f5-3f02-4821-8e18-f561d7b7db91","replyId":null,"createdAt":"2020-01-28T13:54:17.990Z","updatedAt":"2020-01-28T14:50:10.968Z","commentCount":9,"likeCount":22,"tags":[],"topics":["超級樂隊","SuperBand"],"supportedReactions":null,"withNickname":true,"reportReason":"","hiddenByAuthor":false,"meta":{"layout":"classic"},"forumName":"追星","forumAlias":"entertainer","school":"匿名","department":"anonymouslm","replyTitle":null,"gender":"F","personaSubscriptable":false,"reactions":[{"id":"286f599c-f86a-4932-82f0-f5a06f1eca03","count":21},{"id":"514c2569-fd53-4d9d-a415-bf0f88e7329f","count":1}],"hidden":false,"customStyle":null,"isSuspiciousAccount":false,"layout":"classic","withImages":true,"withVideos":false,"media":[{"url":"https://megapx-assets.dcard.tw/images/68df643c-7552-4324-989c-512a293702ab/full.jpeg"},{"url":"https://megapx-assets.dcard.tw/images/bf7956ed-6026-4e92-a1ea-f85aca3f120c/full.jpeg"}],"reportReasonText":"","mediaMeta":[{"id":"59c5e430-b3e6-40eb-b79b-512036b26739","url":"https://megapx-assets.dcard.tw/images/68df643c-7552-4324-989c-512a293702ab/640.jpeg","normalizedUrl":"https://megapx-assets.dcard.tw/images/68df643c-7552-4324-989c-512a293702ab/640.jpeg","thumbnail":"https://megapx-assets.dcard.tw/images/68df643c-7552-4324-989c-512a293702ab/640.jpeg","type":"image/thumbnail","tags":["ANNOTATED"],"createdAt":"2020-01-28T13:54:17.990Z","updatedAt":"2020-01-28T14:50:10.968Z","width":640,"height":640},{"id":"59c5e430-b3e6-40eb-b79b-512036b26739","url":"https://megapx-assets.dcard.tw/images/68df643c-7552-4324-989c-512a293702ab/full.jpeg","normalizedUrl":"https://megapx.dcard.tw/v1/images/68df643c-7552-4324-989c-512a293702ab","thumbnail":"https://megapx-assets.dcard.tw/images/68df643c-7552-4324-989c-512a293702ab/640.jpeg","type":"image/megapx","tags":["ANNOTATED"],"createdAt":"2020-01-28T13:54:17.990Z","updatedAt":"2020-01-28T14:50:10.968Z","width":979,"height":979},{"id":"5ce4c50a-0f3d-45a9-9771-476ab054a5ce","url":"https://www.youtube.com/watch?v=jvF8eLeUass","normalizedUrl":"https://www.youtube.com/watch?v=jvF8eLeUass","thumbnail":"https://img.youtube.com/vi/jvF8eLeUass/hqdefault.jpg","type":"video/youtube","tags":["ANNOTATED"],"createdAt":"2020-01-28T13:54:17.990Z","updatedAt":"2020-01-28T14:50:10.968Z"},{"id":"d4e92c05-4ed3-487b-8748-978c794a8a61","url":"https://megapx-assets.dcard.tw/images/bf7956ed-6026-4e92-a1ea-f85aca3f120c/full.jpeg","normalizedUrl":"https://megapx.dcard.tw/v1/images/bf7956ed-6026-4e92-a1ea-f85aca3f120c","thumbnail":"https://megapx-assets.dcard.tw/images/bf7956ed-6026-4e92-a1ea-f85aca3f120c/640.jpeg","type":"image/megapx","tags":["ANNOTATED"],"createdAt":"2020-01-28T13:54:17.990Z","updatedAt":"2020-01-28T14:50:10.968Z","width":1125,"height":634},{"id":"1efde07a-e9bd-48d0-8ea6-b59fc94b0475","url":"https://www.youtube.com/watch?v=86pMfPk5Am8","normalizedUrl":"https://www.youtube.com/watch?v=86pMfPk5Am8","thumbnail":"https://img.youtube.com/vi/86pMfPk5Am8/hqdefault.jpg","type":"video/youtube","tags":["ANNOTATED"],"createdAt":"2020-01-28T13:55:39.373Z","updatedAt":"2020-01-28T14:50:10.968Z"}],"postAvatar":""}