{"id":232949005,"title":"許光漢的中國粉絲","content":"我覺得中國的光漢粉真的很可怕，愷蒂和許光漢分手後照片沒刪掉，一堆中國粉絲還特地跑到女方的IG翻兩人的合照留言。\n追星追到要把藝人的過往全部挖出來，真的很可怕。\n對了，我沒有那麼閒一個一個去翻。\n我男生女生都有追蹤，只是在微博上面看到有人去翻愷蒂的IG然後貼在微博上面，一堆中國粉去朝聖愷蒂的IG。\n是在哈囉？","excerpt":"我覺得中國的光漢粉真的很可怕，愷蒂和許光漢分手後照片沒刪掉，一堆中國粉絲還特地跑到女方的IG翻兩人的合照留言。追星追到要把藝人的過往全部挖出來，真的很可怕。對了，我沒有那麼閒一個一個去翻。我男生女生都","anonymousSchool":false,"anonymousDepartment":true,"pinned":false,"forumId":"14f573f5-3f02-4821-8e18-f561d7b7db91","replyId":null,"createdAt":"2020-01-24T05:55:33.399Z","updatedAt":"2020-01-24T05:55:33.399Z","commentCount":39,"likeCount":346,"tags":["HIDE_THUMBNAIL"],"topics":["許光漢","粉絲","中國"],"supportedReactions":null,"withNickname":false,"reportReason":"","hiddenByAuthor":false,"meta":{"layout":"classic"},"forumName":"追星","forumAlias":"entertainer","school":"中華醫事科技大學","replyTitle":null,"gender":"F","personaSubscriptable":true,"reactions":[{"id":"286f599c-f86a-4932-82f0-f5a06f1eca03","count":336},{"id":"4b018f48-e184-445f-adf1-fc8e04ba09b9","count":6},{"id":"aa0d425f-d530-4478-9a77-fe3aedc79eea","count":4}],"hidden":false,"customStyle":null,"isSuspiciousAccount":false,"layout":"classic","withImages":false,"withVideos":false,"media":[],"reportReasonText":"","mediaMeta":[],"postAvatar":""}