{"id":232976519,"title":"蔡依林Ugly Beauty主題票夾😍","content":"不知道各位消極掰幫是否成功攻蛋或等待高雄場呢！\n從台北壓軸場看完到現在也三週了\n一直覺得官方粉專釋出的一些表演照實在很美\n想說可以拿來做做票夾（我也想不到還能做什麼\n\n如果有收藏票券習慣但還沒給票券一個家的\n可以考慮買一間房子給它了！\n圖源都是來自蔡依林粉專\n在此先膜拜一下攝影團隊實在太厲害了！\n\n票夾總共做了三種樣式哦！\n第一款：紅衣女孩（直式）\nhttp://i.imgur.com/093rpTu.jpg\n\nhttp://i.imgur.com/z5DKErB.png\n\n第二款：高雄場售票主視覺 （橫式）\nhttp://i.imgur.com/5BepZBA.jpg\n\nhttp://i.imgur.com/TUlYqTR.png\n\n第三款：感覺很有故事的合成圖）？  （橫式）\nhttp://i.imgur.com/eVAIGX6.jpg\n\nhttp://i.imgur.com/eWXezAb.png\n\n以上三款！希望大家喜歡！\n在ibon選 A4 特殊紙 彩色單面 就可以了哦！\n\n希望大家喜歡！祝大家新年快樂！！\n\nhttp://i.imgur.com/xNOF0v4.jpg","excerpt":"不知道各位消極掰幫是否成功攻蛋或等待高雄場呢！，從台北壓軸場看完到現在也三週了，一直覺得官方粉專釋出的一些表演照實在很美，想說可以拿來做做票夾（我也想不到還能做什麼，如果有收藏票券習慣但還沒給票券一個","anonymousSchool":false,"anonymousDepartment":true,"pinned":false,"forumId":"14f573f5-3f02-4821-8e18-f561d7b7db91","replyId":null,"createdAt":"2020-01-29T05:18:48.497Z","updatedAt":"2020-01-29T05:20:24.662Z","commentCount":1,"likeCount":17,"tags":[],"topics":["蔡依林","Uglybeauty","票夾"],"supportedReactions":null,"withNickname":false,"reportReason":"","hiddenByAuthor":false,"meta":{"layout":"classic"},"forumName":"追星","forumAlias":"entertainer","school":"國立臺灣藝術大學","replyTitle":null,"gender":"M","personaSubscriptable":false,"reactions":[{"id":"286f599c-f86a-4932-82f0-f5a06f1eca03","count":17}],"hidden":false,"customStyle":null,"isSuspiciousAccount":false,"layout":"classic","withImages":true,"withVideos":false,"media":[{"url":"http://i.imgur.com/093rpTu.jpg"},{"url":"http://i.imgur.com/z5DKErB.png"},{"url":"http://i.imgur.com/5BepZBA.jpg"},{"url":"http://i.imgur.com/TUlYqTR.png"},{"url":"http://i.imgur.com/eVAIGX6.jpg"},{"url":"http://i.imgur.com/eWXezAb.png"},{"url":"http://i.imgur.com/xNOF0v4.jpg"}],"reportReasonText":"","mediaMeta":[{"id":"d0473dcd-f9ed-48c2-8989-96152efbb88b","url":"https://i.imgur.com/093rpTul.jpg","normalizedUrl":"https://i.imgur.com/093rpTul.jpg","thumbnail":"https://i.imgur.com/093rpTul.jpg","type":"image/thumbnail","tags":["ANNOTATED"],"createdAt":"2020-01-29T05:18:48.497Z","updatedAt":"2020-01-29T05:20:24.662Z"},{"id":"d0473dcd-f9ed-48c2-8989-96152efbb88b","url":"http://i.imgur.com/093rpTu.jpg","normalizedUrl":"https://imgur.com/093rpTu","thumbnail":"https://i.imgur.com/093rpTul.jpg","type":"image/imgur","tags":["ANNOTATED"],"createdAt":"2020-01-29T05:18:48.497Z","updatedAt":"2020-01-29T05:20:24.662Z"},{"id":"2dc732c1-36ed-43ec-8ec5-c714d62f5899","url":"http://i.imgur.com/z5DKErB.png","normalizedUrl":"https://imgur.com/z5DKErB","thumbnail":"https://i.imgur.com/z5DKErBl.jpg","type":"image/imgur","tags":["ANNOTATED"],"createdAt":"2020-01-29T05:18:48.497Z","updatedAt":"2020-01-29T05:20:24.662Z"},{"id":"f26945f7-b19d-469c-b946-31985844902a","url":"http://i.imgur.com/5BepZBA.jpg","normalizedUrl":"https://imgur.com/5BepZBA","thumbnail":"https://i.imgur.com/5BepZBAl.jpg","type":"image/imgur","tags":["ANNOTATED"],"createdAt":"2020-01-29T05:18:48.497Z","updatedAt":"2020-01-29T05:20:24.662Z"},{"id":"f3cfd532-6c18-4d5c-b4ef-23118204c3ba","url":"http://i.imgur.com/TUlYqTR.png","normalizedUrl":"https://imgur.com/TUlYqTR","thumbnail":"https://i.imgur.com/TUlYqTRl.jpg","type":"image/imgur","tags":["ANNOTATED"],"createdAt":"2020-01-29T05:18:48.497Z","updatedAt":"2020-01-29T05:20:24.662Z"},{"id":"3ca8e87b-74d3-42fd-aa31-beccb159d6f4","url":"http://i.imgur.com/eVAIGX6.jpg","normalizedUrl":"https://imgur.com/eVAIGX6","thumbnail":"https://i.imgur.com/eVAIGX6l.jpg","type":"image/imgur","tags":["ANNOTATED"],"createdAt":"2020-01-29T05:18:48.497Z","updatedAt":"2020-01-29T05:20:24.662Z"},{"id":"16891bc2-2bf6-4d3b-8f35-353950463ccb","url":"http://i.imgur.com/eWXezAb.png","normalizedUrl":"https://imgur.com/eWXezAb","thumbnail":"https://i.imgur.com/eWXezAbl.jpg","type":"image/imgur","tags":["ANNOTATED"],"createdAt":"2020-01-29T05:18:48.497Z","updatedAt":"2020-01-29T05:20:24.662Z"},{"id":"30c240dc-04e6-43fa-ad35-879ac8897100","url":"http://i.imgur.com/xNOF0v4.jpg","normalizedUrl":"https://imgur.com/xNOF0v4","thumbnail":"https://i.imgur.com/xNOF0v4l.jpg","type":"image/imgur","tags":["ANNOTATED"],"createdAt":"2020-01-29T05:18:48.497Z","updatedAt":"2020-01-29T05:20:24.662Z"}],"postAvatar":""}