[{"id": 232949733, "title": "WEBTOON儲存點數問題", "excerpt": "救命呀～～～～～～我非常想要儲值webtoon的點數，但是我發現台灣地區是不是還不能下載WEBTOON？所以我把地區改為美國，但發現一定要美國的卡號，不然會跟地址不符合。想請問各位有在看webtoon", "anonymousSchool": false, "anonymousDepartment": false, "pinned": false, "forumId": "2e57a052-affa-4b32-a68d-98d7d6020c12", "replyId": null, "createdAt": "2020-01-24T08:17:18.392Z", "updatedAt": "2020-01-24T08:17:18.392Z", "commentCount": 2, "likeCount": 0, "withNickname": true, "tags": ["HIDE_THUMBNAIL"], "topics": ["點數", "儲存", "webtoon", "漫畫"], "meta": {"layout": "classic"}, "forumName": "韓綜", "forumAlias": "kr_tvshow", "gender": "F", "school": "卡稱", "department": "authenticmind_8", "replyTitle": null, "reportReason": "", "mediaMeta": [], "reactions": [], "hidden": false, "customStyle": null, "isSuspiciousAccount": false, "layout": "classic", "withImages": false, "withVideos": false, "media": [], "reportReasonText": "", "postAvatar": ""}, {"id": 232948036, "title": "想問一部韓劇裡的物品！", "excerpt": "最近在看一部韓劇Black Dog， 講述代理老師的故事（超好看也超有感），看到劇中老師所使用的筆，覺得很有興趣，但不知道這種筆的名稱是什麼，不知道有沒有大神可以解惑‍️‍️‍️，不像粉筆，但寫出來也", "anonymousSchool": false, "anonymousDepartment": true, "pinned": false, "forumId": "2e57a052-affa-4b32-a68d-98d7d6020c12", "replyId": null, "createdAt": "2020-01-24T02:16:52.016Z", "updatedAt": "2020-01-24T02:16:52.016Z", "commentCount": 1, "likeCount": 4, "withNickname": false, "tags": [], "topics": [], "meta": {"layout": "classic"}, "forumName": "韓綜", "forumAlias": "kr_tvshow", "gender": "M", "school": "國立彰化師範大學", "replyTitle": null, "reportReason": "", "mediaMeta": [{"id": "7d216eab-5aa5-446e-9849-4b01833daa16", "url": "https://megapx-assets.dcard.tw/images/11a38272-4583-463a-876f-a148d36e0b30/640.jpeg", "normalizedUrl": "https://megapx-assets.dcard.tw/images/11a38272-4583-463a-876f-a148d36e0b30/640.jpeg", "thumbnail": "https://megapx-assets.dcard.tw/images/11a38272-4583-463a-876f-a148d36e0b30/640.jpeg", "type": "image/thumbnail", "tags": ["ANNOTATED"], "createdAt": "2020-01-24T02:16:52.016Z", "updatedAt": "2020-01-24T02:16:52.016Z", "width": 640, "height": 360}, {"id": "7d216eab-5aa5-446e-9849-4b01833daa16", "url": "https://megapx-assets.dcard.tw/images/11a38272-4583-463a-876f-a148d36e0b30/1280.jpeg", "normalizedUrl": "https://megapx.dcard.tw/v1/images/11a38272-4583-463a-876f-a148d36e0b30", "thumbnail": "https://megapx-assets.dcard.tw/images/11a38272-4583-463a-876f-a148d36e0b30/640.jpeg", "type": "image/megapx", "tags": ["ANNOTATED"], "createdAt": "2020-01-24T02:16:52.016Z", "updatedAt": "2020-01-24T02:16:52.016Z", "width": 2001, "height": 1125}], "reactions": [{"id": "286f599c-f86a-4932-82f0-f5a06f1eca03", "count": 4}], "hidden": false, "customStyle": null, "isSuspiciousAccount": false, "layout": "classic", "withImages": true, "withVideos": false, "media": [{"url": "https://megapx-assets.dcard.tw/images/11a38272-4583-463a-876f-a148d36e0b30/1280.jpeg"}], "reportReasonText": "", "postAvatar": ""}, {"id": 232927395, "title": "Bilibili無法登錄", "excerpt": "昨天才新辦了一個bilibili的帳號可是今天為什麼就登入不進去了？明明帳號密碼都沒有輸入錯卻一直說是錯誤的，之前辦微博也是無法登入只好改密碼結果一登出又不能用了⋯⋯，是只有中國的網站才會這樣嗎...", "anonymousSchool": false, "anonymousDepartment": true, "pinned": false, "forumId": "2e57a052-affa-4b32-a68d-98d7d6020c12", "replyId": null, "createdAt": "2020-01-20T15:00:10.076Z", "updatedAt": "2020-01-20T15:00:49.678Z", "commentCount": 6, "likeCount": 1, "withNickname": false, "tags": ["HIDE_THUMBNAIL"], "topics": ["韓綜", "綜藝節目", "追星", "韓星", "韓綜板"], "meta": {"layout": "classic"}, "forumName": "韓綜", "forumAlias": "kr_tvshow", "gender": "F", "school": "大仁科技大學", "replyTitle": null, "reportReason": "", "mediaMeta": [], "reactions": [{"id": "286f599c-f86a-4932-82f0-f5a06f1eca03", "count": 1}], "hidden": false, "customStyle": null, "isSuspiciousAccount": false, "layout": "classic", "withImages": false, "withVideos": false, "media": [], "reportReasonText": "", "postAvatar": ""}, {"id": 232664794, "title": "hit hit hit 炸裂舞台", "excerpt": "這齣韓綜我也是最近才知道，真的很感動！，裡面出演的有momo、孝淵、請夏、泰民……，大家都好厲害，完全呈現跟在團體時不一樣的風格及舞技，簡直嗨翻全場！，這邊有很多偶像都像換了一副軀殼，小宇宙大爆發，發", "anonymousSchool": false, "anonymousDepartment": false, "pinned": false, "forumId": "2e57a052-affa-4b32-a68d-98d7d6020c12", "replyId": null, "createdAt": "2019-12-11T04:32:30.429Z", "updatedAt": "2019-12-11T04:32:30.429Z", "commentCount": 5, "likeCount": 27, "withNickname": true, "tags": [], "topics": ["韓綜", "心情", "hitthestage", "追星"], "meta": {"layout": "classic"}, "forumName": "韓綜", "forumAlias": "kr_tvshow", "gender": "M", "school": "傷心小棧", "department": "ioi2016", "replyTitle": null, "reportReason": "", "mediaMeta": [{"id": "8488ae79-b732-4a0e-9da8-adc3b219a515", "url": "https://i.imgur.com/xAp1wutl.jpg", "normalizedUrl": "https://i.imgur.com/xAp1wutl.jpg", "thumbnail": "https://i.imgur.com/xAp1wutl.jpg", "type": "image/thumbnail", "tags": ["ANNOTATED"], "createdAt": "2019-12-11T04:32:30.429Z", "updatedAt": "2019-12-11T04:32:30.429Z"}, {"id": "8488ae79-b732-4a0e-9da8-adc3b219a515", "url": "https://i.imgur.com/xAp1wut.jpg", "normalizedUrl": "https://imgur.com/xAp1wut", "thumbnail": "https://i.imgur.com/xAp1wutl.jpg", "type": "image/imgur", "tags": ["ANNOTATED"], "createdAt": "2019-12-11T04:32:30.429Z", "updatedAt": "2019-12-11T04:32:30.429Z"}, {"id": "156bb61d-51e0-4b6f-b2d3-7e3c9bf93a71", "url": "https://i.imgur.com/WVNy5ej.jpg", "normalizedUrl": "https://imgur.com/WVNy5ej", "thumbnail": "https://i.imgur.com/WVNy5ejl.jpg", "type": "image/imgur", "tags": ["ANNOTATED"], "createdAt": "2019-12-11T04:32:30.429Z", "updatedAt": "2019-12-11T04:32:30.429Z"}, {"id": "90d20f6b-2b8a-421f-b9c5-e85763669821", "url": "https://i.imgur.com/5jWzYmk.jpg", "normalizedUrl": "https://imgur.com/5jWzYmk", "thumbnail": "https://i.imgur.com/5jWzYmkl.jpg", "type": "image/imgur", "tags": ["ANNOTATED"], "createdAt": "2019-12-11T04:32:30.429Z", "updatedAt": "2019-12-11T04:32:30.429Z"}], "reactions": [{"id": "286f599c-f86a-4932-82f0-f5a06f1eca03", "count": 26}, {"id": "aa0d425f-d530-4478-9a77-fe3aedc79eea", "count": 1}], "hidden": false, "customStyle": null, "isSuspiciousAccount": false, "layout": "classic", "withImages": true, "withVideos": false, "media": [{"url": "https://i.imgur.com/xAp1wut.jpg"}, {"url": "https://i.imgur.com/WVNy5ej.jpg"}, {"url": "https://i.imgur.com/5jWzYmk.jpg"}], "reportReasonText": "", "postAvatar": ""}, {"id": 232593308, "title": "尋找男團比賽唱的Sucker", "excerpt": "我...真的很難過，之前在youtuber有看到一個歌唱比賽，有一個男團（因該是選手組的）唱Suker，被圈粉直接加歌單。結果...影片就不見了，好像被下架了...（；´༎ຶД༎ຶ`），我完全沒有記下", "anonymousSchool": false, "anonymousDepartment": true, "pinned": false, "forumId": "2e57a052-affa-4b32-a68d-98d7d6020c12", "replyId": null, "createdAt": "2019-11-29T04:52:09.421Z", "updatedAt": "2019-11-29T04:52:09.421Z", "commentCount": 2, "likeCount": 6, "withNickname": false, "tags": ["HIDE_THUMBNAIL"], "topics": ["尋找", "男團", "綜藝節目", "找歌"], "meta": {"layout": "classic"}, "forumName": "韓綜", "forumAlias": "kr_tvshow", "gender": "F", "school": "台南應用科技大學", "replyTitle": null, "reportReason": "", "mediaMeta": [], "reactions": [{"id": "286f599c-f86a-4932-82f0-f5a06f1eca03", "count": 6}], "hidden": false, "customStyle": null, "isSuspiciousAccount": false, "layout": "classic", "withImages": false, "withVideos": false, "media": [], "reportReasonText": "", "postAvatar": ""}, {"id": 232585853, "title": "#文長 #圖 #西伯利亞先遣隊", "excerpt": "版上好像還沒有關於這個節目的文，於是心血來潮想和大家分享～～～開始～～～～！^_^，（文長。。。。），某一天看見這個節目，覺得內容蠻新鮮的，就決定來看一下，不看還好，一看沒完沒了！！！！，羨慕和好朋友", "anonymousSchool": false, "anonymousDepartment": false, "pinned": false, "forumId": "2e57a052-affa-4b32-a68d-98d7d6020c12", "replyId": null, "createdAt": "2019-11-28T01:23:55.165Z", "updatedAt": "2019-11-28T05:33:19.711Z", "commentCount": 3, "likeCount": 30, "withNickname": true, "tags": [], "topics": ["西伯利亞", "韓綜", "文長", "圖"], "meta": {"layout": "classic"}, "forumName": "韓綜", "forumAlias": "kr_tvshow", "gender": "F", "school": "hzzuqq", "department": "hzzuqq", "replyTitle": null, "reportReason": "", "mediaMeta": [{"id": "f7453c51-69c3-454a-82cd-ab77aeaf0ebe", "url": "https://i.imgur.com/2I59libl.jpg", "normalizedUrl": "https://i.imgur.com/2I59libl.jpg", "thumbnail": "https://i.imgur.com/2I59libl.jpg", "type": "image/thumbnail", "tags": ["ANNOTATED"], "createdAt": "2019-11-28T01:23:55.165Z", "updatedAt": "2019-11-28T05:33:19.711Z"}, {"id": "f7453c51-69c3-454a-82cd-ab77aeaf0ebe", "url": "https://i.imgur.com/2I59lib.jpg", "normalizedUrl": "https://imgur.com/2I59lib", "thumbnail": "https://i.imgur.com/2I59libl.jpg", "type": "image/imgur", "tags": ["ANNOTATED"], "createdAt": "2019-11-28T01:23:55.165Z", "updatedAt": "2019-11-28T05:33:19.711Z"}, {"id": "e2c1803e-4540-44cb-ae8c-29606e224417", "url": "https://i.imgur.com/maAw836.jpg", "normalizedUrl": "https://imgur.com/maAw836", "thumbnail": "https://i.imgur.com/maAw836l.jpg", "type": "image/imgur", "tags": ["ANNOTATED"], "createdAt": "2019-11-28T01:23:55.165Z", "updatedAt": "2019-11-28T05:33:19.711Z"}, {"id": "f5cae23f-c089-444b-a65f-96fced2b4c2b", "url": "https://i.imgur.com/ePHJmyS.jpg", "normalizedUrl": "https://imgur.com/ePHJmyS", "thumbnail": "https://i.imgur.com/ePHJmySl.jpg", "type": "image/imgur", "tags": ["ANNOTATED"], "createdAt": "2019-11-28T01:23:55.165Z", "updatedAt": "2019-11-28T05:33:19.711Z"}, {"id": "7e3afd24-fe6d-41f0-9e94-84bedece0696", "url": "https://i.imgur.com/lYoXpld.jpg", "normalizedUrl": "https://imgur.com/lYoXpld", "thumbnail": "https://i.imgur.com/lYoXpldl.jpg", "type": "image/imgur", "tags": ["ANNOTATED"], "createdAt": "2019-11-28T01:23:55.165Z", "updatedAt": "2019-11-28T05:33:19.711Z"}, {"id": "80d90a3a-6f8e-4643-a9ae-716d4d183a44", "url": "https://i.imgur.com/b9P3wb6.jpg", "normalizedUrl": "https://imgur.com/b9P3wb6", "thumbnail": "https://i.imgur.com/b9P3wb6l.jpg", "type": "image/imgur", "tags": ["ANNOTATED"], "createdAt": "2019-11-28T01:23:55.165Z", "updatedAt": "2019-11-28T05:33:19.711Z"}, {"id": "71b2e424-55b3-4bb7-9c7e-200c01deb6dd", "url": "https://i.imgur.com/Njbv3Tg.jpg", "normalizedUrl": "https://imgur.com/Njbv3Tg", "thumbnail": "https://i.imgur.com/Njbv3Tgl.jpg", "type": "image/imgur", "tags": ["ANNOTATED"], "createdAt": "2019-11-28T01:23:55.165Z", "updatedAt": "2019-11-28T05:33:19.711Z"}], "reactions": [{"id": "286f599c-f86a-4932-82f0-f5a06f1eca03", "count": 30}], "hidden": false, "customStyle": null, "isSuspiciousAccount": false, "layout": "classic", "withImages": true, "withVideos": false, "media": [{"url": "https://i.imgur.com/2I59lib.jpg"}, {"url": "https://i.imgur.com/maAw836.jpg"}, {"url": "https://i.imgur.com/ePHJmyS.jpg"}, {"url": "https://i.imgur.com/lYoXpld.jpg"}, {"url": "https://i.imgur.com/b9P3wb6.jpg"}, {"url": "https://i.imgur.com/Njbv3Tg.jpg"}], "reportReasonText": "", "postAvatar": ""}, {"id": 232559358, "title": "求韓綜名字", "excerpt": "前幾年有在youtube上看了一個假想男友的的節目（其實比較像小短劇，全程都是第一視角拍攝，好像是由一個4人男團拍的  每人都有各自獨立的故事線，（印象中某位成員後來手骨折 所以他的故事線特別短，其他", "anonymousSchool": false, "anonymousDepartment": true, "pinned": false, "forumId": "2e57a052-affa-4b32-a68d-98d7d6020c12", "replyId": null, "createdAt": "2019-11-23T18:14:44.117Z", "updatedAt": "2019-11-23T18:14:44.117Z", "commentCount": 4, "likeCount": 12, "withNickname": false, "tags": [], "topics": ["韓綜"], "meta": {"layout": "classic"}, "forumName": "韓綜", "forumAlias": "kr_tvshow", "gender": "F", "school": "國立高雄第一科技大學", "replyTitle": null, "reportReason": "", "mediaMeta": [], "reactions": [{"id": "286f599c-f86a-4932-82f0-f5a06f1eca03", "count": 12}], "hidden": false, "customStyle": null, "isSuspiciousAccount": false, "layout": "classic", "withImages": false, "withVideos": false, "media": [], "reportReasonText": "", "postAvatar": ""}, {"id": 232553660, "title": "求近年韓綜推薦", "excerpt": "最近在看Netflix 上的《Busted！明星來解謎》結合推理和綜藝 覺得滿好笑的！，雖然這部討論度好像沒有很高，直接被世正圈粉（˶‾᷄ ⁻̫ ‾᷅˵） 超可愛ㄉ️，想說先來求個近兩年、集數不要太多", "anonymousSchool": false, "anonymousDepartment": true, "pinned": false, "forumId": "2e57a052-affa-4b32-a68d-98d7d6020c12", "replyId": null, "createdAt": "2019-11-22T17:42:26.072Z", "updatedAt": "2019-11-23T04:47:46.323Z", "commentCount": 25, "likeCount": 49, "withNickname": false, "tags": [], "topics": ["韓綜"], "meta": {"layout": "classic"}, "forumName": "韓綜", "forumAlias": "kr_tvshow", "gender": "F", "school": "國立成功大學", "replyTitle": null, "reportReason": "", "mediaMeta": [{"id": "a396941b-1f3c-4025-9b63-9443c3c0e363", "url": "https://i.imgur.com/Z9zK6Qxl.jpg", "normalizedUrl": "https://i.imgur.com/Z9zK6Qxl.jpg", "thumbnail": "https://i.imgur.com/Z9zK6Qxl.jpg", "type": "image/thumbnail", "tags": ["ANNOTATED"], "createdAt": "2019-11-22T17:42:26.072Z", "updatedAt": "2019-11-23T04:47:46.323Z"}, {"id": "a396941b-1f3c-4025-9b63-9443c3c0e363", "url": "https://i.imgur.com/Z9zK6Qx.png", "normalizedUrl": "https://imgur.com/Z9zK6Qx", "thumbnail": "https://i.imgur.com/Z9zK6Qxl.jpg", "type": "image/imgur", "tags": ["ANNOTATED"], "createdAt": "2019-11-22T17:42:26.072Z", "updatedAt": "2019-11-23T04:47:46.323Z"}], "reactions": [{"id": "286f599c-f86a-4932-82f0-f5a06f1eca03", "count": 49}], "hidden": false, "customStyle": null, "isSuspiciousAccount": false, "layout": "classic", "withImages": true, "withVideos": false, "media": [{"url": "https://i.imgur.com/Z9zK6Qx.png"}], "reportReasonText": "", "postAvatar": ""}, {"id": 232544666, "title": "造假！！碾碎千萬人之心", "excerpt": "最近又重看了produce48這個節目，還是覺得節目內容很好看，每一位練習生拼勁十足，都想獲得出道資格，12名的席位搶得頭破血流，大家依舊不放棄，力爭上游，精神著實令我動容！，12位辛苦的練習生終於出", "anonymousSchool": false, "anonymousDepartment": false, "pinned": false, "forumId": "2e57a052-affa-4b32-a68d-98d7d6020c12", "replyId": null, "createdAt": "2019-11-21T10:39:35.662Z", "updatedAt": "2019-11-21T10:39:35.662Z", "commentCount": 8, "likeCount": 51, "withNickname": true, "tags": [], "topics": ["造假", "韓綜", "produce48", "IZONE", "心情"], "meta": {"layout": "classic"}, "forumName": "韓綜", "forumAlias": "kr_tvshow", "gender": "M", "school": "傷心小棧", "department": "ioi2016", "replyTitle": null, "reportReason": "", "mediaMeta": [{"id": "2e468c51-2c57-44bd-87ac-6ce3bb1dea36", "url": "https://i.imgur.com/COv0f6bl.jpg", "normalizedUrl": "https://i.imgur.com/COv0f6bl.jpg", "thumbnail": "https://i.imgur.com/COv0f6bl.jpg", "type": "image/thumbnail", "tags": ["ANNOTATED"], "createdAt": "2019-11-21T10:39:35.662Z", "updatedAt": "2019-11-21T10:39:35.662Z"}, {"id": "2e468c51-2c57-44bd-87ac-6ce3bb1dea36", "url": "https://i.imgur.com/COv0f6b.jpg", "normalizedUrl": "https://imgur.com/COv0f6b", "thumbnail": "https://i.imgur.com/COv0f6bl.jpg", "type": "image/imgur", "tags": ["ANNOTATED"], "createdAt": "2019-11-21T10:39:35.662Z", "updatedAt": "2019-11-21T10:39:35.662Z"}], "reactions": [{"id": "286f599c-f86a-4932-82f0-f5a06f1eca03", "count": 48}, {"id": "514c2569-fd53-4d9d-a415-bf0f88e7329f", "count": 3}], "hidden": false, "customStyle": null, "isSuspiciousAccount": false, "layout": "classic", "withImages": true, "withVideos": false, "media": [{"url": "https://i.imgur.com/COv0f6b.jpg"}], "reportReasonText": "", "postAvatar": ""}, {"id": 232507091, "title": "#音樂 Superband Top3 Concert吐槽", "excerpt": "本來想發別版 但感覺這邊認識Superband的人比較多 有違規的話我可以刪文 我也沒有要去韓國看但嘈點實在太多忍不住想發文，Lineup：Hoppipolla全員，LUCY 申光一 辛禮贊 趙元祥 ", "anonymousSchool": false, "anonymousDepartment": false, "pinned": false, "forumId": "2e57a052-affa-4b32-a68d-98d7d6020c12", "replyId": null, "createdAt": "2019-11-15T09:29:48.855Z", "updatedAt": "2020-01-29T03:40:24.428Z", "commentCount": 3, "likeCount": 15, "withNickname": true, "tags": [], "topics": ["superband", "音樂", "韓綜", "超級樂隊"], "meta": {"layout": "classic"}, "forumName": "韓綜", "forumAlias": "kr_tvshow", "gender": "F", "school": "匿名", "department": "anonymouslm", "replyTitle": null, "reportReason": "", "mediaMeta": [{"id": "1b2129af-d72d-4d4f-8533-b773d460cb92", "url": "https://i.imgur.com/P9Lfka8l.jpg", "normalizedUrl": "https://i.imgur.com/P9Lfka8l.jpg", "thumbnail": "https://i.imgur.com/P9Lfka8l.jpg", "type": "image/thumbnail", "tags": ["ANNOTATED"], "createdAt": "2019-11-15T09:29:48.855Z", "updatedAt": "2020-01-29T03:40:24.428Z"}, {"id": "1b2129af-d72d-4d4f-8533-b773d460cb92", "url": "https://i.imgur.com/P9Lfka8.jpg", "normalizedUrl": "https://imgur.com/P9Lfka8", "thumbnail": "https://i.imgur.com/P9Lfka8l.jpg", "type": "image/imgur", "tags": ["ANNOTATED"], "createdAt": "2019-11-15T09:29:48.855Z", "updatedAt": "2020-01-29T03:40:24.428Z"}, {"id": "4a028cd0-a592-4dd6-814c-a171938144f3", "url": "https://i.imgur.com/QMl6vVP.jpg", "normalizedUrl": "https://imgur.com/QMl6vVP", "thumbnail": "https://i.imgur.com/QMl6vVPl.jpg", "type": "image/imgur", "tags": ["ANNOTATED"], "createdAt": "2019-11-15T15:49:06.700Z", "updatedAt": "2020-01-29T03:40:24.428Z"}, {"id": "f07ef29e-c020-4495-896b-7cf48591280e", "url": "https://i.imgur.com/YOAq93Z.jpghttps", "normalizedUrl": "https://imgur.com/YOAq93Z", "thumbnail": "https://i.imgur.com/YOAq93Zl.jpg", "type": "image/imgur", "tags": ["ANNOTATED"], "createdAt": "2019-11-15T15:49:06.700Z", "updatedAt": "2020-01-29T03:40:24.428Z"}, {"id": "30366a9a-9f78-4abb-9302-50202229ec83", "url": "https://i.imgur.com/Pyns6TL.jpg", "normalizedUrl": "https://imgur.com/Pyns6TL", "thumbnail": "https://i.imgur.com/Pyns6TLl.jpg", "type": "image/imgur", "tags": ["ANNOTATED"], "createdAt": "2019-11-15T15:47:24.105Z", "updatedAt": "2020-01-29T03:40:24.428Z"}], "reactions": [{"id": "286f599c-f86a-4932-82f0-f5a06f1eca03", "count": 15}], "hidden": false, "customStyle": null, "isSuspiciousAccount": false, "layout": "classic", "withImages": true, "withVideos": false, "media": [{"url": "https://i.imgur.com/P9Lfka8.jpg"}, {"url": "https://i.imgur.com/QMl6vVP.jpg"}, {"url": "https://i.imgur.com/Pyns6TL.jpg"}], "reportReasonText": "", "postAvatar": ""}, {"id": 232454920, "title": "求推薦治癒系韓綜", "excerpt": "由於本人對韓綜的挑選很龜毛，導致always找不到東西可以看，以下是我看過的，尹食堂1、2季，三時三餐1、2季，咖啡朋友，想求推薦類似的綜藝節目，就是步調比較慢，主軸不是要看成員搞笑或是玩遊戲完成任務", "anonymousSchool": false, "anonymousDepartment": true, "pinned": false, "forumId": "2e57a052-affa-4b32-a68d-98d7d6020c12", "replyId": null, "createdAt": "2019-11-07T06:46:25.672Z", "updatedAt": "2019-11-07T06:46:25.672Z", "commentCount": 38, "likeCount": 35, "withNickname": false, "tags": [], "topics": ["綜藝節目", "韓綜板", "韓國"], "meta": {"layout": "classic"}, "forumName": "韓綜", "forumAlias": "kr_tvshow", "gender": "F", "school": "國立臺北大學", "replyTitle": null, "reportReason": "", "mediaMeta": [], "reactions": [{"id": "286f599c-f86a-4932-82f0-f5a06f1eca03", "count": 35}], "hidden": false, "customStyle": null, "isSuspiciousAccount": false, "layout": "classic", "withImages": false, "withVideos": false, "media": [], "reportReasonText": "", "postAvatar": ""}, {"id": 232454716, "title": "Runningman 11/03 找出餓死鬼", "excerpt": "只有我覺得在這集後面王鼻子有點過分嗎@@，因為王鼻哥抓得很傾斜 水一直灑，智孝為了不讓水灑出來所以幫王鼻調整位子，然後被王鼻駡說她一直緊抓不放懷疑她是餓死鬼（不會玩遊戲的哥，其實是你自己的問題啊！，等", "anonymousSchool": false, "anonymousDepartment": false, "pinned": false, "forumId": "2e57a052-affa-4b32-a68d-98d7d6020c12", "replyId": null, "createdAt": "2019-11-07T06:03:11.938Z", "updatedAt": "2019-11-07T06:03:11.938Z", "commentCount": 11, "likeCount": 70, "withNickname": true, "tags": [], "topics": ["RunningMan"], "meta": {"layout": "classic"}, "forumName": "韓綜", "forumAlias": "kr_tvshow", "gender": "F", "school": "九又四分之三", "department": "haoooo__", "replyTitle": null, "reportReason": "", "mediaMeta": [{"id": "d5d79888-7317-4402-8ea2-186b2cc239d8", "url": "https://i.imgur.com/bWB5AtNl.jpg", "normalizedUrl": "https://i.imgur.com/bWB5AtNl.jpg", "thumbnail": "https://i.imgur.com/bWB5AtNl.jpg", "type": "image/thumbnail", "tags": ["ANNOTATED"], "createdAt": "2019-11-07T06:03:11.938Z", "updatedAt": "2019-11-07T06:03:11.938Z"}, {"id": "d5d79888-7317-4402-8ea2-186b2cc239d8", "url": "https://i.imgur.com/bWB5AtN.jpg", "normalizedUrl": "https://imgur.com/bWB5AtN", "thumbnail": "https://i.imgur.com/bWB5AtNl.jpg", "type": "image/imgur", "tags": ["ANNOTATED"], "createdAt": "2019-11-07T06:03:11.938Z", "updatedAt": "2019-11-07T06:03:11.938Z"}, {"id": "f81305af-3ec8-40ca-bd4a-4834d8138ca7", "url": "https://i.imgur.com/zl10PZS.jpg", "normalizedUrl": "https://imgur.com/zl10PZS", "thumbnail": "https://i.imgur.com/zl10PZSl.jpg", "type": "image/imgur", "tags": ["ANNOTATED"], "createdAt": "2019-11-07T06:03:11.938Z", "updatedAt": "2019-11-07T06:03:11.938Z"}, {"id": "c9c9c53b-31f6-47f8-ad81-2697f14196e9", "url": "https://i.imgur.com/clkPloL.jpg", "normalizedUrl": "https://imgur.com/clkPloL", "thumbnail": "https://i.imgur.com/clkPloLl.jpg", "type": "image/imgur", "tags": ["ANNOTATED"], "createdAt": "2019-11-07T06:03:11.938Z", "updatedAt": "2019-11-07T06:03:11.938Z"}, {"id": "a7c5bf46-03f4-48d0-9cf9-d38c27311695", "url": "https://i.imgur.com/DjPqLYP.jpg", "normalizedUrl": "https://imgur.com/DjPqLYP", "thumbnail": "https://i.imgur.com/DjPqLYPl.jpg", "type": "image/imgur", "tags": ["ANNOTATED"], "createdAt": "2019-11-07T06:03:11.938Z", "updatedAt": "2019-11-07T06:03:11.938Z"}, {"id": "2ae5ae7c-77f8-46d8-a491-5271e23c6149", "url": "https://i.imgur.com/qW9jTYp.jpg", "normalizedUrl": "https://imgur.com/qW9jTYp", "thumbnail": "https://i.imgur.com/qW9jTYpl.jpg", "type": "image/imgur", "tags": ["ANNOTATED"], "createdAt": "2019-11-07T06:03:11.938Z", "updatedAt": "2019-11-07T06:03:11.938Z"}], "reactions": [{"id": "286f599c-f86a-4932-82f0-f5a06f1eca03", "count": 68}, {"id": "e8e6bc5d-41b0-4129-b134-97507523d7ff", "count": 2}], "hidden": false, "customStyle": null, "isSuspiciousAccount": false, "layout": "classic", "withImages": true, "withVideos": false, "media": [{"url": "https://i.imgur.com/bWB5AtN.jpg"}, {"url": "https://i.imgur.com/zl10PZS.jpg"}, {"url": "https://i.imgur.com/clkPloL.jpg"}, {"url": "https://i.imgur.com/DjPqLYP.jpg"}, {"url": "https://i.imgur.com/qW9jTYp.jpg"}], "reportReasonText": "", "postAvatar": ""}, {"id": 232392068, "title": "想看super TV！", "excerpt": "最近在看suju的綜藝節目，整個大圈粉的我很努力去找他們相關的節目看，可是...唯獨super tv找不到..，就算找到了 也不能看..，請問是被鎖起來了嗎，跪求各位誰能幫我解答，第一次發文獻給韓綜版", "anonymousSchool": false, "anonymousDepartment": true, "pinned": false, "forumId": "2e57a052-affa-4b32-a68d-98d7d6020c12", "replyId": null, "createdAt": "2019-10-28T15:28:28.139Z", "updatedAt": "2019-10-28T15:28:28.139Z", "commentCount": 11, "likeCount": 72, "withNickname": false, "tags": ["HIDE_THUMBNAIL"], "topics": [], "meta": {"layout": "classic"}, "forumName": "韓綜", "forumAlias": "kr_tvshow", "gender": "F", "school": "嶺東科技大學", "replyTitle": null, "reportReason": "", "mediaMeta": [], "reactions": [{"id": "286f599c-f86a-4932-82f0-f5a06f1eca03", "count": 72}], "hidden": false, "customStyle": null, "isSuspiciousAccount": false, "layout": "classic", "withImages": false, "withVideos": false, "media": [], "reportReasonText": "", "postAvatar": ""}, {"id": 232300712, "title": "PD手冊中字要去哪裡看...", "excerpt": "最近被mbc的PD手冊夯到，加上他討論的議題最近是PD造假系列，讓我很想追下去看...，可是網路上好像沒有資源可看完整版 都只有預告阿 一點片段，連知名B站 一些各大翻譯站都沒有...，不知道有沒有人", "anonymousSchool": false, "anonymousDepartment": false, "pinned": false, "forumId": "2e57a052-affa-4b32-a68d-98d7d6020c12", "replyId": null, "createdAt": "2019-10-15T03:35:20.575Z", "updatedAt": "2019-10-15T03:35:20.575Z", "commentCount": 7, "likeCount": 24, "withNickname": false, "tags": [], "topics": [], "meta": {"layout": "classic"}, "forumName": "韓綜", "forumAlias": "kr_tvshow", "gender": "M", "school": "國立臺灣大學", "department": "統計碩士學位學程", "replyTitle": null, "reportReason": "", "mediaMeta": [], "reactions": [{"id": "286f599c-f86a-4932-82f0-f5a06f1eca03", "count": 24}], "hidden": false, "customStyle": null, "isSuspiciousAccount": false, "layout": "classic", "withImages": false, "withVideos": false, "media": [], "reportReasonText": "", "postAvatar": ""}, {"id": 232253997, "title": "Queendom最不慕名利的隊長(#圖多", "excerpt": "畫質被吃了，請見諒（ﾉ´∀｀*），（點進去應該會比較清楚），————————————————————，那麼，我們來看看這個與世無爭（？！的隊長，一看到投票就超失控，你醬是要把孩子們嚇死嗎？Minnie", "anonymousSchool": false, "anonymousDepartment": false, "pinned": false, "forumId": "2e57a052-affa-4b32-a68d-98d7d6020c12", "replyId": null, "createdAt": "2019-10-08T01:56:33.897Z", "updatedAt": "2019-10-08T01:56:33.897Z", "commentCount": 12, "likeCount": 315, "withNickname": true, "tags": [], "topics": ["Queendom"], "meta": {"layout": "classic"}, "forumName": "韓綜", "forumAlias": "kr_tvshow", "gender": "F", "school": "我喜歡狐狸(*´ω｀*)", "department": "wannableforever", "replyTitle": null, "reportReason": "", "mediaMeta": [{"id": "9dff2760-55f2-4e12-9dfc-d4d8f16cce48", "url": "https://i.imgur.com/EbJExcGl.jpg", "normalizedUrl": "https://i.imgur.com/EbJExcGl.jpg", "thumbnail": "https://i.imgur.com/EbJExcGl.jpg", "type": "image/thumbnail", "tags": ["ANNOTATED"], "createdAt": "2019-10-08T01:56:33.897Z", "updatedAt": "2019-10-08T01:56:33.897Z"}, {"id": "9dff2760-55f2-4e12-9dfc-d4d8f16cce48", "url": "https://i.imgur.com/EbJExcG.jpg", "normalizedUrl": "https://imgur.com/EbJExcG", "thumbnail": "https://i.imgur.com/EbJExcGl.jpg", "type": "image/imgur", "tags": ["ANNOTATED"], "createdAt": "2019-10-08T01:56:33.897Z", "updatedAt": "2019-10-08T01:56:33.897Z"}, {"id": "8058e27d-ee67-49cb-8f89-cdb24a7fc931", "url": "https://i.imgur.com/cMGrlXB.jpg", "normalizedUrl": "https://imgur.com/cMGrlXB", "thumbnail": "https://i.imgur.com/cMGrlXBl.jpg", "type": "image/imgur", "tags": ["ANNOTATED"], "createdAt": "2019-10-08T01:56:33.897Z", "updatedAt": "2019-10-08T01:56:33.897Z"}, {"id": "e27a2a02-19ab-4d67-a9e3-2fa8e7b6d21b", "url": "https://i.imgur.com/byIcr9Q.jpg", "normalizedUrl": "https://imgur.com/byIcr9Q", "thumbnail": "https://i.imgur.com/byIcr9Ql.jpg", "type": "image/imgur", "tags": ["ANNOTATED"], "createdAt": "2019-10-08T01:56:33.897Z", "updatedAt": "2019-10-08T01:56:33.897Z"}, {"id": "27b82291-f96e-482b-b989-0daaf7253001", "url": "https://i.imgur.com/uYKSXTU.jpg", "normalizedUrl": "https://imgur.com/uYKSXTU", "thumbnail": "https://i.imgur.com/uYKSXTUl.jpg", "type": "image/imgur", "tags": ["ANNOTATED"], "createdAt": "2019-10-08T01:56:33.897Z", "updatedAt": "2019-10-08T01:56:33.897Z"}, {"id": "7455d5d1-787a-4c49-967c-df005f10abb1", "url": "https://i.imgur.com/mKoln1u.jpg", "normalizedUrl": "https://imgur.com/mKoln1u", "thumbnail": "https://i.imgur.com/mKoln1ul.jpg", "type": "image/imgur", "tags": ["ANNOTATED"], "createdAt": "2019-10-08T01:56:33.897Z", "updatedAt": "2019-10-08T01:56:33.897Z"}, {"id": "77d32ba5-7206-4562-9e21-d9e697120c32", "url": "https://i.imgur.com/e81EWNN.jpg", "normalizedUrl": "https://imgur.com/e81EWNN", "thumbnail": "https://i.imgur.com/e81EWNNl.jpg", "type": "image/imgur", "tags": ["ANNOTATED"], "createdAt": "2019-10-08T01:56:33.897Z", "updatedAt": "2019-10-08T01:56:33.897Z"}, {"id": "99a31156-338e-4fd4-98ae-ea5baba33ea0", "url": "https://i.imgur.com/PpthK1A.jpg", "normalizedUrl": "https://imgur.com/PpthK1A", "thumbnail": "https://i.imgur.com/PpthK1Al.jpg", "type": "image/imgur", "tags": ["ANNOTATED"], "createdAt": "2019-10-08T01:56:33.897Z", "updatedAt": "2019-10-08T01:56:33.897Z"}, {"id": "2d05677b-cf9d-4acd-b03d-0943eccbb467", "url": "https://i.imgur.com/3q4gnfD.jpg", "normalizedUrl": "https://imgur.com/3q4gnfD", "thumbnail": "https://i.imgur.com/3q4gnfDl.jpg", "type": "image/imgur", "tags": ["ANNOTATED"], "createdAt": "2019-10-08T01:56:33.897Z", "updatedAt": "2019-10-08T01:56:33.897Z"}, {"id": "c41d855f-9e40-44bc-b4ab-445795bdad2f", "url": "https://i.imgur.com/RNQ3Tz9.jpg", "normalizedUrl": "https://imgur.com/RNQ3Tz9", "thumbnail": "https://i.imgur.com/RNQ3Tz9l.jpg", "type": "image/imgur", "tags": ["ANNOTATED"], "createdAt": "2019-10-08T01:56:33.897Z", "updatedAt": "2019-10-08T01:56:33.897Z"}, {"id": "9d3364a0-6c6a-403c-ba90-c999776b5f1d", "url": "https://i.imgur.com/uNkXVnH.jpg", "normalizedUrl": "https://imgur.com/uNkXVnH", "thumbnail": "https://i.imgur.com/uNkXVnHl.jpg", "type": "image/imgur", "tags": ["ANNOTATED"], "createdAt": "2019-10-08T01:56:33.897Z", "updatedAt": "2019-10-08T01:56:33.897Z"}, {"id": "70d4f85d-4cca-469a-b612-a6bc9fb02185", "url": "https://i.imgur.com/5bwpMBq.jpg", "normalizedUrl": "https://imgur.com/5bwpMBq", "thumbnail": "https://i.imgur.com/5bwpMBql.jpg", "type": "image/imgur", "tags": ["ANNOTATED"], "createdAt": "2019-10-08T01:56:33.897Z", "updatedAt": "2019-10-08T01:56:33.897Z"}, {"id": "7605889d-a812-46b0-9595-734a64370d2b", "url": "https://i.imgur.com/aNSUpqE.jpg", "normalizedUrl": "https://imgur.com/aNSUpqE", "thumbnail": "https://i.imgur.com/aNSUpqEl.jpg", "type": "image/imgur", "tags": ["ANNOTATED"], "createdAt": "2019-10-08T01:56:33.897Z", "updatedAt": "2019-10-08T01:56:33.897Z"}, {"id": "1e570686-d116-48d3-8adc-6405486e3568", "url": "https://i.imgur.com/jwKlBNc.jpg", "normalizedUrl": "https://imgur.com/jwKlBNc", "thumbnail": "https://i.imgur.com/jwKlBNcl.jpg", "type": "image/imgur", "tags": ["ANNOTATED"], "createdAt": "2019-10-08T01:56:33.897Z", "updatedAt": "2019-10-08T01:56:33.897Z"}, {"id": "da430906-041d-4fad-96af-fa25b9a4bd2b", "url": "https://i.imgur.com/YcMJPzA.jpg", "normalizedUrl": "https://imgur.com/YcMJPzA", "thumbnail": "https://i.imgur.com/YcMJPzAl.jpg", "type": "image/imgur", "tags": ["ANNOTATED"], "createdAt": "2019-10-08T01:56:33.897Z", "updatedAt": "2019-10-08T01:56:33.897Z"}, {"id": "e2a4bff6-bc35-48c4-b423-25b07ac35fb1", "url": "https://i.imgur.com/d5bwWxh.jpg", "normalizedUrl": "https://imgur.com/d5bwWxh", "thumbnail": "https://i.imgur.com/d5bwWxhl.jpg", "type": "image/imgur", "tags": ["ANNOTATED"], "createdAt": "2019-10-08T01:56:33.897Z", "updatedAt": "2019-10-08T01:56:33.897Z"}, {"id": "20a9ed3e-a9f0-4fb8-87f9-cf51a06adbe3", "url": "https://i.imgur.com/GL3f5jq.jpg", "normalizedUrl": "https://imgur.com/GL3f5jq", "thumbnail": "https://i.imgur.com/GL3f5jql.jpg", "type": "image/imgur", "tags": ["ANNOTATED"], "createdAt": "2019-10-08T01:56:33.897Z", "updatedAt": "2019-10-08T01:56:33.897Z"}, {"id": "a23f6e0d-bf92-4136-a6c0-05ace230e88a", "url": "https://i.imgur.com/y9vl8Y9.jpg", "normalizedUrl": "https://imgur.com/y9vl8Y9", "thumbnail": "https://i.imgur.com/y9vl8Y9l.jpg", "type": "image/imgur", "tags": ["ANNOTATED"], "createdAt": "2019-10-08T01:56:33.897Z", "updatedAt": "2019-10-08T01:56:33.897Z"}, {"id": "a2986bc3-c047-46dd-b60d-67097e9c24e6", "url": "https://i.imgur.com/fE0S9R6.jpg", "normalizedUrl": "https://imgur.com/fE0S9R6", "thumbnail": "https://i.imgur.com/fE0S9R6l.jpg", "type": "image/imgur", "tags": ["ANNOTATED"], "createdAt": "2019-10-08T01:56:33.897Z", "updatedAt": "2019-10-08T01:56:33.897Z"}, {"id": "c4e83277-eacd-471e-8991-67131a50c3ed", "url": "https://i.imgur.com/LHFDYAz.jpg", "normalizedUrl": "https://imgur.com/LHFDYAz", "thumbnail": "https://i.imgur.com/LHFDYAzl.jpg", "type": "image/imgur", "tags": ["ANNOTATED"], "createdAt": "2019-10-08T01:56:33.897Z", "updatedAt": "2019-10-08T01:56:33.897Z"}, {"id": "f01e21ee-870b-45c5-a500-6f9b0f7038d6", "url": "https://i.imgur.com/jslayDJ.jpg", "normalizedUrl": "https://imgur.com/jslayDJ", "thumbnail": "https://i.imgur.com/jslayDJl.jpg", "type": "image/imgur", "tags": ["ANNOTATED"], "createdAt": "2019-10-08T01:56:33.897Z", "updatedAt": "2019-10-08T01:56:33.897Z"}, {"id": "44ae37f5-1333-44f0-a70c-61a7feeeff51", "url": "https://i.imgur.com/o5PltjO.jpg", "normalizedUrl": "https://imgur.com/o5PltjO", "thumbnail": "https://i.imgur.com/o5PltjOl.jpg", "type": "image/imgur", "tags": ["ANNOTATED"], "createdAt": "2019-10-08T01:56:33.897Z", "updatedAt": "2019-10-08T01:56:33.897Z"}, {"id": "f0e30866-d1c4-462d-99bf-e4cd3c96a48b", "url": "https://i.imgur.com/RPfN4Lh.jpg", "normalizedUrl": "https://imgur.com/RPfN4Lh", "thumbnail": "https://i.imgur.com/RPfN4Lhl.jpg", "type": "image/imgur", "tags": ["ANNOTATED"], "createdAt": "2019-10-08T01:56:33.897Z", "updatedAt": "2019-10-08T01:56:33.897Z"}, {"id": "654ec563-068e-4f89-be01-0bc1b4f0d421", "url": "https://i.imgur.com/ZX37gat.jpg", "normalizedUrl": "https://imgur.com/ZX37gat", "thumbnail": "https://i.imgur.com/ZX37gatl.jpg", "type": "image/imgur", "tags": ["ANNOTATED"], "createdAt": "2019-10-08T01:56:33.897Z", "updatedAt": "2019-10-08T01:56:33.897Z"}, {"id": "37295775-e08e-4ee6-adb3-2c537930b3fc", "url": "https://i.imgur.com/0DDBNDv.jpg", "normalizedUrl": "https://imgur.com/0DDBNDv", "thumbnail": "https://i.imgur.com/0DDBNDvl.jpg", "type": "image/imgur", "tags": ["ANNOTATED"], "createdAt": "2019-10-08T01:56:33.897Z", "updatedAt": "2019-10-08T01:56:33.897Z"}, {"id": "c95f5ef4-f50c-45a8-9370-ee3418009af3", "url": "https://i.imgur.com/zFxHahD.jpg", "normalizedUrl": "https://imgur.com/zFxHahD", "thumbnail": "https://i.imgur.com/zFxHahDl.jpg", "type": "image/imgur", "tags": ["ANNOTATED"], "createdAt": "2019-10-08T01:56:33.897Z", "updatedAt": "2019-10-08T01:56:33.897Z"}, {"id": "0bcfce99-d23f-4dbd-bd24-d3a73b16d758", "url": "https://i.imgur.com/cIUmxpa.jpg", "normalizedUrl": "https://imgur.com/cIUmxpa", "thumbnail": "https://i.imgur.com/cIUmxpal.jpg", "type": "image/imgur", "tags": ["ANNOTATED"], "createdAt": "2019-10-08T01:56:33.897Z", "updatedAt": "2019-10-08T01:56:33.897Z"}, {"id": "00d18f7b-5020-49fd-b6d6-cb8479b352ef", "url": "https://i.imgur.com/VjfvSla.jpg", "normalizedUrl": "https://imgur.com/VjfvSla", "thumbnail": "https://i.imgur.com/VjfvSlal.jpg", "type": "image/imgur", "tags": ["ANNOTATED"], "createdAt": "2019-10-08T01:56:33.897Z", "updatedAt": "2019-10-08T01:56:33.897Z"}, {"id": "fef9d2bd-fa79-4164-b5ec-fbc1a33713c7", "url": "https://i.imgur.com/Dvqz2bD.gif", "normalizedUrl": "https://imgur.com/Dvqz2bD", "thumbnail": "https://i.imgur.com/Dvqz2bDl.jpg", "type": "image/imgur", "tags": ["ANNOTATED"], "createdAt": "2019-10-08T01:56:33.897Z", "updatedAt": "2019-10-08T01:56:33.897Z"}, {"id": "0e707e91-abf6-417d-97ed-5795d1a6ea7d", "url": "https://i.imgur.com/iO6qYry.jpg", "normalizedUrl": "https://imgur.com/iO6qYry", "thumbnail": "https://i.imgur.com/iO6qYryl.jpg", "type": "image/imgur", "tags": ["ANNOTATED"], "createdAt": "2019-10-08T01:56:33.897Z", "updatedAt": "2019-10-08T01:56:33.897Z"}], "reactions": [{"id": "286f599c-f86a-4932-82f0-f5a06f1eca03", "count": 308}, {"id": "e8e6bc5d-41b0-4129-b134-97507523d7ff", "count": 7}], "hidden": false, "customStyle": null, "isSuspiciousAccount": false, "layout": "classic", "withImages": true, "withVideos": false, "media": [{"url": "https://i.imgur.com/EbJExcG.jpg"}, {"url": "https://i.imgur.com/cMGrlXB.jpg"}, {"url": "https://i.imgur.com/byIcr9Q.jpg"}, {"url": "https://i.imgur.com/uYKSXTU.jpg"}, {"url": "https://i.imgur.com/mKoln1u.jpg"}, {"url": "https://i.imgur.com/e81EWNN.jpg"}, {"url": "https://i.imgur.com/PpthK1A.jpg"}, {"url": "https://i.imgur.com/3q4gnfD.jpg"}, {"url": "https://i.imgur.com/RNQ3Tz9.jpg"}, {"url": "https://i.imgur.com/uNkXVnH.jpg"}, {"url": "https://i.imgur.com/5bwpMBq.jpg"}, {"url": "https://i.imgur.com/aNSUpqE.jpg"}, {"url": "https://i.imgur.com/jwKlBNc.jpg"}, {"url": "https://i.imgur.com/YcMJPzA.jpg"}, {"url": "https://i.imgur.com/d5bwWxh.jpg"}, {"url": "https://i.imgur.com/GL3f5jq.jpg"}, {"url": "https://i.imgur.com/y9vl8Y9.jpg"}, {"url": "https://i.imgur.com/fE0S9R6.jpg"}, {"url": "https://i.imgur.com/LHFDYAz.jpg"}, {"url": "https://i.imgur.com/jslayDJ.jpg"}, {"url": "https://i.imgur.com/o5PltjO.jpg"}, {"url": "https://i.imgur.com/RPfN4Lh.jpg"}, {"url": "https://i.imgur.com/ZX37gat.jpg"}, {"url": "https://i.imgur.com/0DDBNDv.jpg"}, {"url": "https://i.imgur.com/zFxHahD.jpg"}, {"url": "https://i.imgur.com/cIUmxpa.jpg"}, {"url": "https://i.imgur.com/VjfvSla.jpg"}, {"url": "https://i.imgur.com/iO6qYry.jpg"}], "reportReasonText": "", "postAvatar": ""}, {"id": 232150120, "title": "Running Man 9週年👬👭👬👬", "excerpt": "這三個禮拜是播放Running Man 9週年的粉絲見面演唱會，昨天先看yt 官方釋出的影片，雖然沒有字幕 但還是能看出他們辛苦的付出，我是受我姐影響才從中間看的 結果越看越深入，跑去網路從第一集開始", "anonymousSchool": false, "anonymousDepartment": true, "pinned": false, "forumId": "2e57a052-affa-4b32-a68d-98d7d6020c12", "replyId": null, "createdAt": "2019-09-23T04:58:49.066Z", "updatedAt": "2019-09-23T05:00:42.447Z", "commentCount": 4, "likeCount": 163, "withNickname": false, "tags": [], "topics": ["RunningMan", "9週年"], "meta": {"layout": "classic"}, "forumName": "韓綜", "forumAlias": "kr_tvshow", "gender": "M", "school": "淡江大學", "replyTitle": null, "reportReason": "", "mediaMeta": [{"id": "add2c207-48ce-4af8-95c1-3ccf071e7319", "url": "https://i.imgur.com/WEPpeSpl.jpg", "normalizedUrl": "https://i.imgur.com/WEPpeSpl.jpg", "thumbnail": "https://i.imgur.com/WEPpeSpl.jpg", "type": "image/thumbnail", "tags": ["ANNOTATED"], "createdAt": "2019-09-23T04:58:49.066Z", "updatedAt": "2019-09-23T05:00:42.447Z"}, {"id": "add2c207-48ce-4af8-95c1-3ccf071e7319", "url": "https://i.imgur.com/WEPpeSp.jpg", "normalizedUrl": "https://imgur.com/WEPpeSp", "thumbnail": "https://i.imgur.com/WEPpeSpl.jpg", "type": "image/imgur", "tags": ["ANNOTATED"], "createdAt": "2019-09-23T04:58:49.066Z", "updatedAt": "2019-09-23T05:00:42.447Z"}, {"id": "a4181ec3-2580-4b75-926a-c78b3e175ea8", "url": "https://youtu.be/M_DW1k2LZ3U", "normalizedUrl": "https://www.youtube.com/watch?v=M_DW1k2LZ3U", "thumbnail": "https://img.youtube.com/vi/M_DW1k2LZ3U/hqdefault.jpg", "type": "video/youtube", "tags": ["ANNOTATED"], "createdAt": "2019-09-23T04:58:49.066Z", "updatedAt": "2019-09-23T05:00:42.447Z"}], "reactions": [{"id": "286f599c-f86a-4932-82f0-f5a06f1eca03", "count": 163}], "hidden": false, "customStyle": null, "isSuspiciousAccount": false, "layout": "classic", "withImages": true, "withVideos": false, "media": [{"url": "https://i.imgur.com/WEPpeSp.jpg"}], "reportReasonText": "", "postAvatar": ""}, {"id": 232149439, "title": "Running Man一直走花路吧🌸", "excerpt": "雖然不是從最早期開始追Running Man，但也從中間追了五、六年了 每週都本放死守！，這週E468的RM九週年見面會，看完覺得很感動，每一個環節都可以感受到他們的用心和努力，每一組合作舞台都讓人驚", "anonymousSchool": false, "anonymousDepartment": false, "pinned": false, "forumId": "2e57a052-affa-4b32-a68d-98d7d6020c12", "replyId": null, "createdAt": "2019-09-23T02:58:47.065Z", "updatedAt": "2019-09-23T07:35:19.522Z", "commentCount": 14, "likeCount": 297, "withNickname": true, "tags": [], "topics": ["RunningMan", "韓綜", "綜藝節目", "韓星", "追星"], "meta": {"layout": "classic"}, "forumName": "韓綜", "forumAlias": "kr_tvshow", "gender": "F", "school": "ʕ •ᴥ•ʔ", "department": "shih.yan", "replyTitle": null, "reportReason": "", "mediaMeta": [{"id": "36576d89-7acd-4365-90e4-58c647ccb552", "url": "https://i.imgur.com/m4lSjrGl.jpg", "normalizedUrl": "https://i.imgur.com/m4lSjrGl.jpg", "thumbnail": "https://i.imgur.com/m4lSjrGl.jpg", "type": "image/thumbnail", "tags": ["ANNOTATED"], "createdAt": "2019-09-23T02:58:47.065Z", "updatedAt": "2019-09-23T07:35:19.522Z"}, {"id": "36576d89-7acd-4365-90e4-58c647ccb552", "url": "https://i.imgur.com/m4lSjrG.jpg", "normalizedUrl": "https://imgur.com/m4lSjrG", "thumbnail": "https://i.imgur.com/m4lSjrGl.jpg", "type": "image/imgur", "tags": ["ANNOTATED"], "createdAt": "2019-09-23T02:58:47.065Z", "updatedAt": "2019-09-23T07:35:19.522Z"}, {"id": "fd80168c-6fb6-49f0-9590-045e1f7a96b3", "url": "https://i.imgur.com/i9PJtSa.jpg", "normalizedUrl": "https://imgur.com/i9PJtSa", "thumbnail": "https://i.imgur.com/i9PJtSal.jpg", "type": "image/imgur", "tags": ["ANNOTATED"], "createdAt": "2019-09-23T02:58:47.065Z", "updatedAt": "2019-09-23T07:35:19.522Z"}, {"id": "ac14fc81-c484-440b-9ef3-6c1327f78e1a", "url": "https://i.imgur.com/ZhWDBXW.jpg", "normalizedUrl": "https://imgur.com/ZhWDBXW", "thumbnail": "https://i.imgur.com/ZhWDBXWl.jpg", "type": "image/imgur", "tags": ["ANNOTATED"], "createdAt": "2019-09-23T02:58:47.065Z", "updatedAt": "2019-09-23T07:35:19.522Z"}, {"id": "7c798d6e-f912-4d97-a558-38c1036f2ae3", "url": "https://i.imgur.com/H76M6uP.jpg", "normalizedUrl": "https://imgur.com/H76M6uP", "thumbnail": "https://i.imgur.com/H76M6uPl.jpg", "type": "image/imgur", "tags": ["ANNOTATED"], "createdAt": "2019-09-23T02:58:47.065Z", "updatedAt": "2019-09-23T07:35:19.522Z"}, {"id": "dbe1d403-eaf8-4b78-8518-d3c7433e2e2b", "url": "https://i.imgur.com/o8FHT4d.jpg", "normalizedUrl": "https://imgur.com/o8FHT4d", "thumbnail": "https://i.imgur.com/o8FHT4dl.jpg", "type": "image/imgur", "tags": ["ANNOTATED"], "createdAt": "2019-09-23T02:58:47.065Z", "updatedAt": "2019-09-23T07:35:19.522Z"}, {"id": "5226cbce-b351-4c50-b1b4-e863b136850d", "url": "https://i.imgur.com/WgW49h5.jpg", "normalizedUrl": "https://imgur.com/WgW49h5", "thumbnail": "https://i.imgur.com/WgW49h5l.jpg", "type": "image/imgur", "tags": ["ANNOTATED"], "createdAt": "2019-09-23T02:58:47.065Z", "updatedAt": "2019-09-23T07:35:19.522Z"}, {"id": "f4d84d56-e66b-40e7-9f86-a94418f500b0", "url": "https://i.imgur.com/S1tLRKR.jpg", "normalizedUrl": "https://imgur.com/S1tLRKR", "thumbnail": "https://i.imgur.com/S1tLRKRl.jpg", "type": "image/imgur", "tags": ["ANNOTATED"], "createdAt": "2019-09-23T02:58:47.065Z", "updatedAt": "2019-09-23T07:35:19.522Z"}, {"id": "5943e52a-e8b9-4440-95cc-7442ebd7305a", "url": "https://i.imgur.com/xifL2th.jpg", "normalizedUrl": "https://imgur.com/xifL2th", "thumbnail": "https://i.imgur.com/xifL2thl.jpg", "type": "image/imgur", "tags": ["ANNOTATED"], "createdAt": "2019-09-23T02:58:47.065Z", "updatedAt": "2019-09-23T07:35:19.522Z"}, {"id": "67530551-eaf6-4fae-bf78-f87b704c811d", "url": "https://i.imgur.com/WRgsahy.jpg", "normalizedUrl": "https://imgur.com/WRgsahy", "thumbnail": "https://i.imgur.com/WRgsahyl.jpg", "type": "image/imgur", "tags": ["ANNOTATED"], "createdAt": "2019-09-23T02:58:47.065Z", "updatedAt": "2019-09-23T07:35:19.522Z"}, {"id": "3f75c50d-3a27-41d9-baa9-2697e7ba0976", "url": "https://i.imgur.com/9io7GIZ.jpg", "normalizedUrl": "https://imgur.com/9io7GIZ", "thumbnail": "https://i.imgur.com/9io7GIZl.jpg", "type": "image/imgur", "tags": ["ANNOTATED"], "createdAt": "2019-09-23T02:58:47.065Z", "updatedAt": "2019-09-23T07:35:19.522Z"}, {"id": "482f6ce6-bae8-4878-8286-8cafeef43e81", "url": "https://i.imgur.com/UNcMJ69.jpg", "normalizedUrl": "https://imgur.com/UNcMJ69", "thumbnail": "https://i.imgur.com/UNcMJ69l.jpg", "type": "image/imgur", "tags": ["ANNOTATED"], "createdAt": "2019-09-23T02:58:47.065Z", "updatedAt": "2019-09-23T07:35:19.522Z"}, {"id": "1cad0260-b043-478a-9e26-a44015b90b9e", "url": "https://i.imgur.com/3qSku57.jpg", "normalizedUrl": "https://imgur.com/3qSku57", "thumbnail": "https://i.imgur.com/3qSku57l.jpg", "type": "image/imgur", "tags": ["ANNOTATED"], "createdAt": "2019-09-23T02:58:47.065Z", "updatedAt": "2019-09-23T07:35:19.522Z"}, {"id": "35c525ed-f1e2-493b-a552-efb971fbc7f9", "url": "https://i.imgur.com/eitQel3.jpg", "normalizedUrl": "https://imgur.com/eitQel3", "thumbnail": "https://i.imgur.com/eitQel3l.jpg", "type": "image/imgur", "tags": ["ANNOTATED"], "createdAt": "2019-09-23T02:58:47.065Z", "updatedAt": "2019-09-23T07:35:19.522Z"}, {"id": "15d88e0c-563c-4093-a4e3-c7965dbaee37", "url": "https://i.imgur.com/l4Rn1ev.jpg", "normalizedUrl": "https://imgur.com/l4Rn1ev", "thumbnail": "https://i.imgur.com/l4Rn1evl.jpg", "type": "image/imgur", "tags": ["ANNOTATED"], "createdAt": "2019-09-23T02:58:47.065Z", "updatedAt": "2019-09-23T07:35:19.522Z"}, {"id": "e4315a2e-2389-4c64-b089-053ed444ddd9", "url": "https://i.imgur.com/UpEsO59.jpg", "normalizedUrl": "https://imgur.com/UpEsO59", "thumbnail": "https://i.imgur.com/UpEsO59l.jpg", "type": "image/imgur", "tags": ["ANNOTATED"], "createdAt": "2019-09-23T02:58:47.065Z", "updatedAt": "2019-09-23T07:35:19.522Z"}, {"id": "cb3c8e63-346f-4853-b51f-bd466cea3c61", "url": "https://i.imgur.com/zxeprnA.jpg", "normalizedUrl": "https://imgur.com/zxeprnA", "thumbnail": "https://i.imgur.com/zxeprnAl.jpg", "type": "image/imgur", "tags": ["ANNOTATED"], "createdAt": "2019-09-23T02:58:47.065Z", "updatedAt": "2019-09-23T07:35:19.522Z"}, {"id": "151d0b33-73c1-4e2b-b209-6ff805d26092", "url": "https://i.imgur.com/UVsLjYk.jpgrunning", "normalizedUrl": "https://imgur.com/UVsLjYk", "thumbnail": "https://i.imgur.com/UVsLjYkl.jpg", "type": "image/imgur", "tags": ["ANNOTATED"], "createdAt": "2019-09-23T07:26:50.246Z", "updatedAt": "2019-09-23T07:35:19.522Z"}, {"id": "14577cdd-c544-46b1-8ed8-c61749503224", "url": "https://i.imgur.com/R0Dluvk.jpg", "normalizedUrl": "https://imgur.com/R0Dluvk", "thumbnail": "https://i.imgur.com/R0Dluvkl.jpg", "type": "image/imgur", "tags": ["ANNOTATED"], "createdAt": "2019-09-23T02:58:47.065Z", "updatedAt": "2019-09-23T07:35:19.522Z"}, {"id": "2e3e1a52-f9d2-4175-9f15-3745b7b472a8", "url": "https://i.imgur.com/QnIqjSB.jpg", "normalizedUrl": "https://imgur.com/QnIqjSB", "thumbnail": "https://i.imgur.com/QnIqjSBl.jpg", "type": "image/imgur", "tags": ["ANNOTATED"], "createdAt": "2019-09-23T02:58:47.065Z", "updatedAt": "2019-09-23T07:35:19.522Z"}, {"id": "c295e78b-4401-403d-b615-e6f7715a196f", "url": "https://i.imgur.com/1OSjQyn.jpg", "normalizedUrl": "https://imgur.com/1OSjQyn", "thumbnail": "https://i.imgur.com/1OSjQynl.jpg", "type": "image/imgur", "tags": ["ANNOTATED"], "createdAt": "2019-09-23T02:58:47.065Z", "updatedAt": "2019-09-23T07:35:19.522Z"}, {"id": "2ab85126-d709-4005-8f0b-f15689b483b1", "url": "https://i.imgur.com/fgDW92Q.jpg", "normalizedUrl": "https://imgur.com/fgDW92Q", "thumbnail": "https://i.imgur.com/fgDW92Ql.jpg", "type": "image/imgur", "tags": ["ANNOTATED"], "createdAt": "2019-09-23T02:58:47.065Z", "updatedAt": "2019-09-23T07:35:19.522Z"}, {"id": "ab0f3d94-f517-4332-bb8e-90dfafc37629", "url": "https://i.imgur.com/WOoOGfJ.jpg", "normalizedUrl": "https://imgur.com/WOoOGfJ", "thumbnail": "https://i.imgur.com/WOoOGfJl.jpg", "type": "image/imgur", "tags": ["ANNOTATED"], "createdAt": "2019-09-23T02:58:47.065Z", "updatedAt": "2019-09-23T07:35:19.522Z"}, {"id": "b35e0978-34f7-49a6-b5b2-a5a094709e9f", "url": "https://i.imgur.com/erqXwzF.jpg", "normalizedUrl": "https://imgur.com/erqXwzF", "thumbnail": "https://i.imgur.com/erqXwzFl.jpg", "type": "image/imgur", "tags": ["ANNOTATED"], "createdAt": "2019-09-23T02:58:47.065Z", "updatedAt": "2019-09-23T07:35:19.522Z"}, {"id": "a393fcf5-5314-4f5f-9253-46794bdeaeb4", "url": "https://i.imgur.com/u3a1E1Z.jpg", "normalizedUrl": "https://imgur.com/u3a1E1Z", "thumbnail": "https://i.imgur.com/u3a1E1Zl.jpg", "type": "image/imgur", "tags": ["ANNOTATED"], "createdAt": "2019-09-23T02:58:47.065Z", "updatedAt": "2019-09-23T07:35:19.522Z"}, {"id": "d9d9abb5-3814-4b86-a5dd-3ac9c00c1a37", "url": "https://i.imgur.com/6v8EZrM.jpg", "normalizedUrl": "https://imgur.com/6v8EZrM", "thumbnail": "https://i.imgur.com/6v8EZrMl.jpg", "type": "image/imgur", "tags": ["ANNOTATED"], "createdAt": "2019-09-23T02:58:47.065Z", "updatedAt": "2019-09-23T07:35:19.522Z"}, {"id": "af6d6c51-507b-475f-a438-242f05332703", "url": "https://i.imgur.com/CwOOpnt.jpg", "normalizedUrl": "https://imgur.com/CwOOpnt", "thumbnail": "https://i.imgur.com/CwOOpntl.jpg", "type": "image/imgur", "tags": ["ANNOTATED"], "createdAt": "2019-09-23T02:58:47.065Z", "updatedAt": "2019-09-23T07:35:19.522Z"}, {"id": "78366438-fe2b-4650-ab34-0d516c120b71", "url": "https://i.imgur.com/bs5xwlr.jpg", "normalizedUrl": "https://imgur.com/bs5xwlr", "thumbnail": "https://i.imgur.com/bs5xwlrl.jpg", "type": "image/imgur", "tags": ["ANNOTATED"], "createdAt": "2019-09-23T02:58:47.065Z", "updatedAt": "2019-09-23T07:35:19.522Z"}], "reactions": [{"id": "286f599c-f86a-4932-82f0-f5a06f1eca03", "count": 294}, {"id": "514c2569-fd53-4d9d-a415-bf0f88e7329f", "count": 1}, {"id": "aa0d425f-d530-4478-9a77-fe3aedc79eea", "count": 1}, {"id": "e8e6bc5d-41b0-4129-b134-97507523d7ff", "count": 1}], "hidden": false, "customStyle": null, "isSuspiciousAccount": false, "layout": "classic", "withImages": true, "withVideos": false, "media": [{"url": "https://i.imgur.com/m4lSjrG.jpg"}, {"url": "https://i.imgur.com/i9PJtSa.jpg"}, {"url": "https://i.imgur.com/ZhWDBXW.jpg"}, {"url": "https://i.imgur.com/H76M6uP.jpg"}, {"url": "https://i.imgur.com/o8FHT4d.jpg"}, {"url": "https://i.imgur.com/WgW49h5.jpg"}, {"url": "https://i.imgur.com/S1tLRKR.jpg"}, {"url": "https://i.imgur.com/xifL2th.jpg"}, {"url": "https://i.imgur.com/WRgsahy.jpg"}, {"url": "https://i.imgur.com/9io7GIZ.jpg"}, {"url": "https://i.imgur.com/UNcMJ69.jpg"}, {"url": "https://i.imgur.com/3qSku57.jpg"}, {"url": "https://i.imgur.com/eitQel3.jpg"}, {"url": "https://i.imgur.com/l4Rn1ev.jpg"}, {"url": "https://i.imgur.com/UpEsO59.jpg"}, {"url": "https://i.imgur.com/zxeprnA.jpg"}, {"url": "https://i.imgur.com/R0Dluvk.jpg"}, {"url": "https://i.imgur.com/QnIqjSB.jpg"}, {"url": "https://i.imgur.com/1OSjQyn.jpg"}, {"url": "https://i.imgur.com/fgDW92Q.jpg"}, {"url": "https://i.imgur.com/WOoOGfJ.jpg"}, {"url": "https://i.imgur.com/erqXwzF.jpg"}, {"url": "https://i.imgur.com/u3a1E1Z.jpg"}, {"url": "https://i.imgur.com/6v8EZrM.jpg"}, {"url": "https://i.imgur.com/CwOOpnt.jpg"}, {"url": "https://i.imgur.com/bs5xwlr.jpg"}], "reportReasonText": "", "postAvatar": ""}, {"id": 232097950, "title": "#大神新節目 玩什麼好呢", "excerpt": "劉在錫新的節目  PD金泰浩策畫，看了一集就一直追下去了，企劃非常特別很有趣，要主持人跟來賓自己拿攝影機拍攝，劉在錫自己想今天要拍什麼，節目很像朋友之間打鬧一樣溫馨好笑，台灣應該會很久才會播，非常值得", "anonymousSchool": false, "anonymousDepartment": false, "pinned": false, "forumId": "2e57a052-affa-4b32-a68d-98d7d6020c12", "replyId": null, "createdAt": "2019-09-16T06:50:50.534Z", "updatedAt": "2019-09-16T06:51:27.248Z", "commentCount": 7, "likeCount": 63, "withNickname": false, "tags": [], "topics": ["韓綜"], "meta": {"layout": "classic"}, "forumName": "韓綜", "forumAlias": "kr_tvshow", "gender": "F", "school": "國立高雄師範大學", "department": "事業經營學系", "replyTitle": null, "reportReason": "", "mediaMeta": [], "reactions": [{"id": "286f599c-f86a-4932-82f0-f5a06f1eca03", "count": 63}], "hidden": false, "customStyle": null, "isSuspiciousAccount": false, "layout": "classic", "withImages": false, "withVideos": false, "media": [], "reportReasonText": "", "postAvatar": ""}, {"id": 232088923, "title": "#分享 Queendom 音源上架（微心得）", "excerpt": "剛剛打開KKBOX看到有音源，好興奮大家快點去聽起來，分享一下我的觀後感，Mamamoo-Good Lucky，完全是在看演唱會啊，每個人的個人特色很鮮明，如果論觀看整體舞台 媽媽木在我心中是第一，超", "anonymousSchool": false, "anonymousDepartment": true, "pinned": false, "forumId": "2e57a052-affa-4b32-a68d-98d7d6020c12", "replyId": null, "createdAt": "2019-09-15T03:43:31.861Z", "updatedAt": "2019-09-15T03:43:31.861Z", "commentCount": 10, "likeCount": 157, "withNickname": false, "tags": [], "topics": ["Queendom"], "meta": {"layout": "classic"}, "forumName": "韓綜", "forumAlias": "kr_tvshow", "gender": "F", "school": "玄奘大學", "replyTitle": null, "reportReason": "", "mediaMeta": [{"id": "5a5fd798-cd02-4dfa-b5d8-5441f648987a", "url": "https://i.imgur.com/DZzpTarl.jpg", "normalizedUrl": "https://i.imgur.com/DZzpTarl.jpg", "thumbnail": "https://i.imgur.com/DZzpTarl.jpg", "type": "image/thumbnail", "tags": ["ANNOTATED"], "createdAt": "2019-09-15T03:43:31.861Z", "updatedAt": "2019-09-15T03:43:31.861Z"}, {"id": "5a5fd798-cd02-4dfa-b5d8-5441f648987a", "url": "https://i.imgur.com/DZzpTar.jpg", "normalizedUrl": "https://imgur.com/DZzpTar", "thumbnail": "https://i.imgur.com/DZzpTarl.jpg", "type": "image/imgur", "tags": ["ANNOTATED"], "createdAt": "2019-09-15T03:43:31.861Z", "updatedAt": "2019-09-15T03:43:31.861Z"}, {"id": "c14071fa-16d4-49b8-81de-cd709149fe95", "url": "https://youtu.be/m5iFHJECQWU", "normalizedUrl": "https://www.youtube.com/watch?v=m5iFHJECQWU", "thumbnail": "https://img.youtube.com/vi/m5iFHJECQWU/hqdefault.jpg", "type": "video/youtube", "tags": ["ANNOTATED"], "createdAt": "2019-09-15T03:43:31.861Z", "updatedAt": "2019-09-15T03:43:31.861Z"}, {"id": "24e76b3f-a3da-4561-9657-f2ed81be3449", "url": "https://youtu.be/n-w_ski7mt0", "normalizedUrl": "https://www.youtube.com/watch?v=n-w_ski7mt0", "thumbnail": "https://img.youtube.com/vi/n-w_ski7mt0/hqdefault.jpg", "type": "video/youtube", "tags": ["ANNOTATED"], "createdAt": "2019-09-15T03:43:31.861Z", "updatedAt": "2019-09-15T03:43:31.861Z"}, {"id": "c0677aaf-65b8-4b16-b241-2041daabe56b", "url": "https://youtu.be/meN_vCCqX6o", "normalizedUrl": "https://www.youtube.com/watch?v=meN_vCCqX6o", "thumbnail": "https://img.youtube.com/vi/meN_vCCqX6o/hqdefault.jpg", "type": "video/youtube", "tags": ["ANNOTATED"], "createdAt": "2019-09-15T03:43:31.861Z", "updatedAt": "2019-09-15T03:43:31.861Z"}], "reactions": [{"id": "286f599c-f86a-4932-82f0-f5a06f1eca03", "count": 157}], "hidden": false, "customStyle": null, "isSuspiciousAccount": false, "layout": "classic", "withImages": true, "withVideos": false, "media": [{"url": "https://i.imgur.com/DZzpTar.jpg"}], "reportReasonText": "", "postAvatar": ""}, {"id": 232068210, "title": "RM 昭旻玩遊戲都很認真", "excerpt": "一開始沒有很喜歡昭旻的加入，因為他會做出很誇張的綜藝效果看了很尷尬，到了後期慢慢找到自己的人物設定後就好很多，然後玩遊戲都非常認真，除了要運氣類型或是喝鹽水超級忍耐型的遊戲，基本上都會成功，現在看他真", "anonymousSchool": false, "anonymousDepartment": false, "pinned": false, "forumId": "2e57a052-affa-4b32-a68d-98d7d6020c12", "replyId": null, "createdAt": "2019-09-12T07:32:28.929Z", "updatedAt": "2019-09-12T07:32:28.929Z", "commentCount": 17, "likeCount": 198, "withNickname": true, "tags": [], "topics": ["韓綜"], "meta": {"layout": "classic"}, "forumName": "韓綜", "forumAlias": "kr_tvshow", "gender": "F", "school": "果果", "department": "js1208", "replyTitle": null, "reportReason": "", "mediaMeta": [], "reactions": [{"id": "286f599c-f86a-4932-82f0-f5a06f1eca03", "count": 198}], "hidden": false, "customStyle": null, "isSuspiciousAccount": false, "layout": "classic", "withImages": false, "withVideos": false, "media": [], "reportReasonText": "", "postAvatar": ""}, {"id": 232044426, "title": "#認識的哥哥 片段 💭找歌", "excerpt": "這一段尚敏跟希大一起唱的這段旋律，超級熟悉的啊啊啊啊！，可是怎麼找也找不到想也想不起來，不知道大家知不知道這首歌是什麼嗎？（我已經想了好好好好好久惹，我真希望我也可以跟希澈一樣 聽到馬上就可以說出來歌", "anonymousSchool": false, "anonymousDepartment": true, "pinned": false, "forumId": "2e57a052-affa-4b32-a68d-98d7d6020c12", "replyId": null, "createdAt": "2019-09-09T14:38:36.463Z", "updatedAt": "2019-09-09T14:38:36.463Z", "commentCount": 3, "likeCount": 19, "withNickname": false, "tags": [], "topics": ["韓綜", "找歌", "綜藝節目"], "meta": {"layout": "classic"}, "forumName": "韓綜", "forumAlias": "kr_tvshow", "gender": "F", "school": "國立高雄餐旅大學", "replyTitle": null, "reportReason": "", "mediaMeta": [{"id": "a1358b15-91c3-4b4e-9958-709cba7a53ba", "url": "https://vivid.dcard.tw/Public/db64b54b-c5b8-4d97-b2fe-30528999b4ee/thumbnail.jpg", "normalizedUrl": "https://vivid.dcard.tw/Public/db64b54b-c5b8-4d97-b2fe-30528999b4ee/thumbnail.jpg", "thumbnail": "https://vivid.dcard.tw/Public/db64b54b-c5b8-4d97-b2fe-30528999b4ee/thumbnail.jpg", "type": "image/thumbnail", "tags": ["ANNOTATED_FAILED"], "createdAt": "2019-09-09T14:38:36.463Z", "updatedAt": "2019-09-09T14:38:36.463Z"}, {"id": "a1358b15-91c3-4b4e-9958-709cba7a53ba", "url": "https://www.dcard.tw/v2/vivid/videos/db64b54b-c5b8-4d97-b2fe-30528999b4ee?r=2", "normalizedUrl": "", "thumbnail": "https://vivid.dcard.tw/Public/db64b54b-c5b8-4d97-b2fe-30528999b4ee/thumbnail.jpg", "type": "video/vivid", "tags": ["ANNOTATED_FAILED"], "createdAt": "2019-09-09T14:38:36.463Z", "updatedAt": "2019-09-09T14:38:36.463Z"}], "reactions": [{"id": "286f599c-f86a-4932-82f0-f5a06f1eca03", "count": 19}], "hidden": false, "customStyle": null, "isSuspiciousAccount": false, "layout": "classic", "withImages": true, "withVideos": true, "media": [{"url": "https://vivid.dcard.tw/Public/db64b54b-c5b8-4d97-b2fe-30528999b4ee/thumbnail.jpg"}], "reportReasonText": "", "postAvatar": ""}, {"id": 231968378, "title": "#新韓綜 🆕Queendom", "excerpt": "Queendom這個節目的宗旨是讓韓國代表女團在「同時間」回歸互相競爭，排名第一名的獎品是單獨Comeback Show，最後一名的懲罰是直接淘汰=從節目下車，*總共有六個女團參加這個節目，分別是，️", "anonymousSchool": false, "anonymousDepartment": true, "pinned": false, "forumId": "2e57a052-affa-4b32-a68d-98d7d6020c12", "replyId": null, "createdAt": "2019-08-30T08:20:27.588Z", "updatedAt": "2019-08-30T08:23:21.715Z", "commentCount": 21, "likeCount": 217, "withNickname": false, "tags": [], "topics": ["韓綜", "韓國", "綜藝節目"], "meta": {"layout": "classic"}, "forumName": "韓綜", "forumAlias": "kr_tvshow", "gender": "F", "school": "長庚科技大學", "replyTitle": null, "reportReason": "", "mediaMeta": [{"id": "39716a0d-1727-4082-8d58-f2415bf549c4", "url": "https://i.imgur.com/89JrOZ6l.jpg", "normalizedUrl": "https://i.imgur.com/89JrOZ6l.jpg", "thumbnail": "https://i.imgur.com/89JrOZ6l.jpg", "type": "image/thumbnail", "tags": ["ANNOTATED"], "createdAt": "2019-08-30T08:20:27.588Z", "updatedAt": "2019-08-30T08:23:21.715Z"}, {"id": "39716a0d-1727-4082-8d58-f2415bf549c4", "url": "https://i.imgur.com/89JrOZ6.jpg", "normalizedUrl": "https://imgur.com/89JrOZ6", "thumbnail": "https://i.imgur.com/89JrOZ6l.jpg", "type": "image/imgur", "tags": ["ANNOTATED"], "createdAt": "2019-08-30T08:20:27.588Z", "updatedAt": "2019-08-30T08:23:21.715Z"}, {"id": "98953091-bdd6-4c31-b932-659e9febdbef", "url": "https://i.imgur.com/mNTwHUA.jpg", "normalizedUrl": "https://imgur.com/mNTwHUA", "thumbnail": "https://i.imgur.com/mNTwHUAl.jpg", "type": "image/imgur", "tags": ["ANNOTATED"], "createdAt": "2019-08-30T08:20:27.588Z", "updatedAt": "2019-08-30T08:23:21.715Z"}, {"id": "af293286-6352-4f3f-9a56-00dec7178714", "url": "https://i.imgur.com/uDqripk.jpg", "normalizedUrl": "https://imgur.com/uDqripk", "thumbnail": "https://i.imgur.com/uDqripkl.jpg", "type": "image/imgur", "tags": ["ANNOTATED"], "createdAt": "2019-08-30T08:20:27.588Z", "updatedAt": "2019-08-30T08:23:21.715Z"}, {"id": "0d69a32c-1752-4332-b1e3-e495e9eeb82a", "url": "https://i.imgur.com/blkHaOb.jpg", "normalizedUrl": "https://imgur.com/blkHaOb", "thumbnail": "https://i.imgur.com/blkHaObl.jpg", "type": "image/imgur", "tags": ["ANNOTATED"], "createdAt": "2019-08-30T08:20:27.588Z", "updatedAt": "2019-08-30T08:23:21.715Z"}, {"id": "f9d98a91-6cda-4e2c-ac09-15839ef848b8", "url": "https://i.imgur.com/jmCpQvf.jpg", "normalizedUrl": "https://imgur.com/jmCpQvf", "thumbnail": "https://i.imgur.com/jmCpQvfl.jpg", "type": "image/imgur", "tags": ["ANNOTATED"], "createdAt": "2019-08-30T08:20:27.588Z", "updatedAt": "2019-08-30T08:23:21.715Z"}, {"id": "ec789b51-f004-469a-942c-48e006304bab", "url": "https://i.imgur.com/6PJICOQ.jpg", "normalizedUrl": "https://imgur.com/6PJICOQ", "thumbnail": "https://i.imgur.com/6PJICOQl.jpg", "type": "image/imgur", "tags": ["ANNOTATED"], "createdAt": "2019-08-30T08:20:27.588Z", "updatedAt": "2019-08-30T08:23:21.715Z"}], "reactions": [{"id": "286f599c-f86a-4932-82f0-f5a06f1eca03", "count": 217}], "hidden": false, "customStyle": null, "isSuspiciousAccount": false, "layout": "classic", "withImages": true, "withVideos": false, "media": [{"url": "https://i.imgur.com/89JrOZ6.jpg"}, {"url": "https://i.imgur.com/mNTwHUA.jpg"}, {"url": "https://i.imgur.com/uDqripk.jpg"}, {"url": "https://i.imgur.com/blkHaOb.jpg"}, {"url": "https://i.imgur.com/jmCpQvf.jpg"}, {"url": "https://i.imgur.com/6PJICOQ.jpg"}], "reportReasonText": "", "postAvatar": ""}]