[{"id": 232977598, "title": "請問學測英文作文", "excerpt": "各位好，小弟目前的英文程度還不足以幫朋友講評作文，想請各位大大幫忙講評一下，Annual sale in Taiwan is not a rare-sighted phenomenon. Accord", "anonymousSchool": false, "anonymousDepartment": true, "pinned": false, "forumId": "d43f33f9-873f-46b3-9f24-38c90056b96c", "replyId": null, "createdAt": "2020-01-29T09:20:00.754Z", "updatedAt": "2020-01-29T09:20:00.754Z", "commentCount": 1, "likeCount": 0, "withNickname": false, "tags": [], "topics": ["作文", "學測", "英文"], "meta": {"layout": "classic"}, "forumName": "考試", "forumAlias": "exam", "gender": "M", "school": "國立交通大學", "replyTitle": null, "reportReason": "", "mediaMeta": [{"id": "7db4bd7c-f4ed-40fe-bbb8-a45117764429", "url": "https://i.imgur.com/oGA9FUjl.jpg", "normalizedUrl": "https://i.imgur.com/oGA9FUjl.jpg", "thumbnail": "https://i.imgur.com/oGA9FUjl.jpg", "type": "image/thumbnail", "tags": ["ANNOTATED"], "createdAt": "2020-01-29T09:20:00.754Z", "updatedAt": "2020-01-29T09:20:00.754Z"}, {"id": "7db4bd7c-f4ed-40fe-bbb8-a45117764429", "url": "https://i.imgur.com/oGA9FUj.jpg", "normalizedUrl": "https://imgur.com/oGA9FUj", "thumbnail": "https://i.imgur.com/oGA9FUjl.jpg", "type": "image/imgur", "tags": ["ANNOTATED"], "createdAt": "2020-01-29T09:20:00.754Z", "updatedAt": "2020-01-29T09:20:00.754Z"}], "reactions": [], "hidden": false, "customStyle": null, "isSuspiciousAccount": false, "layout": "classic", "withImages": true, "withVideos": false, "media": [{"url": "https://i.imgur.com/oGA9FUj.jpg"}], "reportReasonText": "", "postAvatar": ""}, {"id": 232977453, "title": "金融基測", "excerpt": "我想請上榜公股銀行的前輩們給點建議及方向，如果現在才開始準備 2/22要考試，高中是念商科有一點底但大學四年沒有再碰過，請問前輩們會建議現在怎麼唸呢，直接開始唸考古題把這些題目都搞懂嗎，因為現在從頭開", "anonymousSchool": false, "anonymousDepartment": false, "pinned": false, "forumId": "d43f33f9-873f-46b3-9f24-38c90056b96c", "replyId": null, "createdAt": "2020-01-29T08:51:06.258Z", "updatedAt": "2020-01-29T08:51:06.258Z", "commentCount": 0, "likeCount": 0, "withNickname": true, "tags": ["HIDE_THUMBNAIL"], "topics": ["公股銀行", "金融", "基測", "考古題", "銀行招考"], "meta": {"layout": "classic"}, "forumName": "考試", "forumAlias": "exam", "gender": "F", "school": "霹靂嬌娃", "department": "linda11", "replyTitle": null, "reportReason": "", "mediaMeta": [], "reactions": [], "hidden": false, "customStyle": null, "isSuspiciousAccount": false, "layout": "classic", "withImages": false, "withVideos": false, "media": [], "reportReasonText": "", "postAvatar": ""}, {"id": 232977342, "title": "國考準備心態調適", "excerpt": "小女子有意準備國考，因為怕周遭的人會給自己帶來壓力，希望這件事越少人知道越好，但因即將畢業，加上生活上每個親戚的問候，仍舊無法避免.....，-，想要聽聽看，正在準備或是已經考過的版友，準備國考這一段", "anonymousSchool": false, "anonymousDepartment": false, "pinned": false, "forumId": "d43f33f9-873f-46b3-9f24-38c90056b96c", "replyId": null, "createdAt": "2020-01-29T08:24:31.093Z", "updatedAt": "2020-01-29T08:24:31.093Z", "commentCount": 1, "likeCount": 1, "withNickname": true, "tags": ["HIDE_THUMBNAIL"], "topics": ["國考"], "meta": {"layout": "classic"}, "forumName": "考試", "forumAlias": "exam", "gender": "F", "school": "            ", "department": "qaz50068", "replyTitle": null, "reportReason": "", "mediaMeta": [], "reactions": [{"id": "286f599c-f86a-4932-82f0-f5a06f1eca03", "count": 1}], "hidden": false, "customStyle": null, "isSuspiciousAccount": false, "layout": "classic", "withImages": false, "withVideos": false, "media": [], "reportReasonText": "", "postAvatar": ""}, {"id": 232977156, "title": "學測就上？繼續指考？", "excerpt": "去年學測國12 英15 數15 沒考社會，今年重考 唸起來有點沒動力加上考試發燒，全都大退步⋯國選63.4 英選63 數90 （；´༎ຶД༎ຶ`），但在重考班國文選擇平均都拿個75-85 英文-5左右", "anonymousSchool": false, "anonymousDepartment": true, "pinned": false, "forumId": "d43f33f9-873f-46b3-9f24-38c90056b96c", "replyId": null, "createdAt": "2020-01-29T07:41:17.252Z", "updatedAt": "2020-01-29T07:44:33.442Z", "commentCount": 3, "likeCount": 4, "withNickname": false, "tags": ["HIDE_THUMBNAIL"], "topics": ["指考", "學測", "重考"], "meta": {"layout": "classic"}, "forumName": "考試", "forumAlias": "exam", "gender": "F", "school": "東吳大學", "replyTitle": null, "reportReason": "", "mediaMeta": [], "reactions": [{"id": "286f599c-f86a-4932-82f0-f5a06f1eca03", "count": 4}], "hidden": false, "customStyle": null, "isSuspiciousAccount": false, "layout": "classic", "withImages": false, "withVideos": false, "media": [], "reportReasonText": "", "postAvatar": ""}, {"id": 232976977, "title": "徵寒假在台南讀書ㄉ朋朋", "excerpt": "由於研所國考考試在及，不由得緊張了起來，但寒假在台南風和日麗的好日子，實在提不起勁一個人去讀書，希望可以徵2-3個一起讀書ㄉ朋朋，地點以市立圖書館為主（可議），科系以法律相關尤佳，當然不同科系也歡迎一", "anonymousSchool": false, "anonymousDepartment": false, "pinned": false, "forumId": "d43f33f9-873f-46b3-9f24-38c90056b96c", "replyId": null, "createdAt": "2020-01-29T06:55:27.842Z", "updatedAt": "2020-01-29T06:55:27.842Z", "commentCount": 13, "likeCount": 4, "withNickname": false, "tags": ["HIDE_THUMBNAIL"], "topics": ["台南", "讀書", "寒假"], "meta": {"layout": "classic"}, "forumName": "考試", "forumAlias": "exam", "gender": "F", "school": "國立政治大學", "department": "法律學系", "replyTitle": null, "reportReason": "", "mediaMeta": [], "reactions": [{"id": "286f599c-f86a-4932-82f0-f5a06f1eca03", "count": 3}, {"id": "aa0d425f-d530-4478-9a77-fe3aedc79eea", "count": 1}], "hidden": false, "customStyle": null, "isSuspiciousAccount": false, "layout": "classic", "withImages": false, "withVideos": false, "media": [], "reportReasonText": "", "postAvatar": ""}, {"id": 232976515, "title": "考完學測可以把備審補習班的錢拿去短期遊學和駕訓班嗎？", "excerpt": "我是重考生，剛考完學測，已報補習班的口面試備審班，20000元，主任會放新聞資料在line群組，學生帶筆電去補習班打備審，主任會幫忙修改備審，還有模擬口面試，我的目標是外文系，東海、逢甲、靜宜都可以，", "anonymousSchool": false, "anonymousDepartment": true, "pinned": false, "forumId": "d43f33f9-873f-46b3-9f24-38c90056b96c", "replyId": null, "createdAt": "2020-01-29T05:18:19.156Z", "updatedAt": "2020-01-29T05:18:19.156Z", "commentCount": 14, "likeCount": 3, "withNickname": false, "tags": ["HIDE_THUMBNAIL"], "topics": ["遊學", "補習班", "學測", "大學", "考試"], "meta": {"layout": "classic"}, "forumName": "考試", "forumAlias": "exam", "gender": "F", "school": "大同大學", "replyTitle": null, "reportReason": "", "mediaMeta": [], "reactions": [{"id": "286f599c-f86a-4932-82f0-f5a06f1eca03", "count": 3}], "hidden": false, "customStyle": null, "isSuspiciousAccount": false, "layout": "classic", "withImages": false, "withVideos": false, "media": [], "reportReasonText": "", "postAvatar": ""}, {"id": 232976109, "title": "醫牙中選擇", "excerpt": "小弟今年考完學測，預估應該59或60，醫牙中不太知道要怎麼選擇，對於這三系興趣是差不多，也只考慮這三個系，所以最後的考量是薪資待遇，家中有一點錢可以供開業，所以會以開業的狀況討論。1. 西醫（家醫或骨", "anonymousSchool": false, "anonymousDepartment": true, "pinned": false, "forumId": "d43f33f9-873f-46b3-9f24-38c90056b96c", "replyId": null, "createdAt": "2020-01-29T03:32:25.534Z", "updatedAt": "2020-01-29T03:32:25.534Z", "commentCount": 36, "likeCount": 3, "withNickname": false, "tags": ["HIDE_THUMBNAIL"], "topics": ["考試", "醫牙中", "重考", "學測", "申請"], "meta": {"layout": "classic"}, "forumName": "考試", "forumAlias": "exam", "gender": "M", "school": "國立臺灣大學", "replyTitle": null, "reportReason": "", "mediaMeta": [], "reactions": [{"id": "286f599c-f86a-4932-82f0-f5a06f1eca03", "count": 3}], "hidden": false, "customStyle": null, "isSuspiciousAccount": false, "layout": "classic", "withImages": false, "withVideos": false, "media": [], "reportReasonText": "", "postAvatar": ""}, {"id": 232975920, "title": "學士後西醫", "excerpt": "大叔我已經工作20年了，一直在科技業打滾。但心裡一直有個聲音冒出，要重新拾起課本當學生。想請教各位先進：快五十歲的大叔了，想花時間準備學士後西醫，主要應該會是自學為主。預計明年才會參加考試。想請教的是", "anonymousSchool": false, "anonymousDepartment": false, "pinned": false, "forumId": "d43f33f9-873f-46b3-9f24-38c90056b96c", "replyId": null, "createdAt": "2020-01-29T02:35:02.514Z", "updatedAt": "2020-01-29T02:35:02.514Z", "commentCount": 11, "likeCount": 5, "withNickname": true, "tags": [], "topics": ["學士後", "西醫"], "meta": {"layout": "classic"}, "forumName": "考試", "forumAlias": "exam", "gender": "M", "school": "BTDaddy", "department": "btdaddy", "replyTitle": null, "reportReason": "", "mediaMeta": [], "reactions": [{"id": "286f599c-f86a-4932-82f0-f5a06f1eca03", "count": 5}], "hidden": false, "customStyle": null, "isSuspiciousAccount": false, "layout": "classic", "withImages": false, "withVideos": false, "media": [], "reportReasonText": "", "postAvatar": ""}, {"id": 232975336, "title": "經濟學題目請益", "excerpt": "題目如下，消費者對葡萄之需求函數為：Q＝1，000-150P+20I，P為每公斤之葡萄價格（以新臺幣元計），Q為每星期之葡萄需求量（公斤）。假設每人可支配所得I為900元。當葡萄價格40元時之需求所得", "anonymousSchool": false, "anonymousDepartment": true, "pinned": false, "forumId": "d43f33f9-873f-46b3-9f24-38c90056b96c", "replyId": null, "createdAt": "2020-01-28T20:06:25.111Z", "updatedAt": "2020-01-28T20:06:25.111Z", "commentCount": 4, "likeCount": 2, "withNickname": false, "tags": [], "topics": ["經濟學"], "meta": {"layout": "classic"}, "forumName": "考試", "forumAlias": "exam", "gender": "M", "school": "國立政治大學", "replyTitle": null, "reportReason": "", "mediaMeta": [], "reactions": [{"id": "286f599c-f86a-4932-82f0-f5a06f1eca03", "count": 2}], "hidden": false, "customStyle": null, "isSuspiciousAccount": false, "layout": "classic", "withImages": false, "withVideos": false, "media": [], "reportReasonText": "", "postAvatar": ""}, {"id": 232972656, "title": "大碩 數位學堂問題", "excerpt": "如題 年前報名大碩，年後準備去台北補課，想問，1.如果補早上跟下午 早上把證件拿給櫃檯 中午吃飯那個位置還是你的嗎 要先把證件拿回來嗎？2.視訊的操作是可以自己選速度和章節嗎 還是只能跟櫃檯說第幾堂？", "anonymousSchool": false, "anonymousDepartment": true, "pinned": false, "forumId": "d43f33f9-873f-46b3-9f24-38c90056b96c", "replyId": null, "createdAt": "2020-01-28T12:33:19.134Z", "updatedAt": "2020-01-28T12:33:19.134Z", "commentCount": 3, "likeCount": 1, "withNickname": false, "tags": ["HIDE_THUMBNAIL"], "topics": ["國考", "大碩", "數位學堂"], "meta": {"layout": "classic"}, "forumName": "考試", "forumAlias": "exam", "gender": "M", "school": "國立彰化師範大學", "replyTitle": null, "reportReason": "", "mediaMeta": [], "reactions": [{"id": "286f599c-f86a-4932-82f0-f5a06f1eca03", "count": 1}], "hidden": false, "customStyle": null, "isSuspiciousAccount": false, "layout": "classic", "withImages": false, "withVideos": false, "media": [], "reportReasonText": "", "postAvatar": ""}, {"id": 232971622, "title": "轉學考 台藝大戲劇", "excerpt": "從大一上就想考轉學考，目前就讀的是科大表演藝術系，比較擅長歌唱、寫歌，也會追一些劇和電影 分享觀後心得，大一下要準備考轉學考了，想考台藝大戲劇（台藝其他科系也有考慮），上網查 只有去年的資料，考試內容", "anonymousSchool": false, "anonymousDepartment": true, "pinned": false, "forumId": "d43f33f9-873f-46b3-9f24-38c90056b96c", "replyId": null, "createdAt": "2020-01-28T09:12:19.036Z", "updatedAt": "2020-01-28T09:12:19.036Z", "commentCount": 1, "likeCount": 1, "withNickname": false, "tags": ["HIDE_THUMBNAIL"], "topics": ["轉學", "台藝大", "轉學考", "戲劇", "考試"], "meta": {"layout": "classic"}, "forumName": "考試", "forumAlias": "exam", "gender": "M", "school": "台北海洋科技大學", "replyTitle": null, "reportReason": "", "mediaMeta": [], "reactions": [{"id": "286f599c-f86a-4932-82f0-f5a06f1eca03", "count": 1}], "hidden": false, "customStyle": null, "isSuspiciousAccount": false, "layout": "classic", "withImages": false, "withVideos": false, "media": [], "reportReasonText": "", "postAvatar": ""}, {"id": 232971328, "title": "#民總 暴利行為", "excerpt": "（出自於王澤鑑老師的民法總則），某甲，年五十餘，其妻乙遭過車禍，造成嚴重腦震盪。住院開刀須費至鉅，乃求售僅存名畫乙幅於某丙。丙見甲窘困，明知該畫時值五十萬元，僅欲以半價購買，甲討價再三，丙終不讓步，甲", "anonymousSchool": false, "anonymousDepartment": true, "pinned": false, "forumId": "d43f33f9-873f-46b3-9f24-38c90056b96c", "replyId": null, "createdAt": "2020-01-28T08:01:55.166Z", "updatedAt": "2020-01-28T08:01:55.166Z", "commentCount": 3, "likeCount": 3, "withNickname": false, "tags": [], "topics": ["民總", "考試", "大學", "國考"], "meta": {"layout": "classic"}, "forumName": "考試", "forumAlias": "exam", "gender": "M", "school": "國立高雄大學", "replyTitle": null, "reportReason": "", "mediaMeta": [], "reactions": [{"id": "286f599c-f86a-4932-82f0-f5a06f1eca03", "count": 3}], "hidden": false, "customStyle": null, "isSuspiciousAccount": false, "layout": "classic", "withImages": false, "withVideos": false, "media": [], "reportReasonText": "", "postAvatar": ""}, {"id": 232971077, "title": "警專vs國營僱員（中油台電）選擇", "excerpt": "如題，我表弟今年高二了 他叫我幫他上迪卡來問的。他們家裡的人在國營上班 很鼓勵他去考國營 畢竟他不愛唸書蠻大的機率不讀大學（他成績都還算不錯）。重點來了 表弟有個警察夢 但他家人有點不支持他考警專 因", "anonymousSchool": false, "anonymousDepartment": true, "pinned": false, "forumId": "d43f33f9-873f-46b3-9f24-38c90056b96c", "replyId": null, "createdAt": "2020-01-28T07:02:53.340Z", "updatedAt": "2020-01-28T07:13:44.359Z", "commentCount": 13, "likeCount": 9, "withNickname": false, "tags": ["HIDE_THUMBNAIL"], "topics": ["僱員", "台電", "中油", "警專"], "meta": {"layout": "classic"}, "forumName": "考試", "forumAlias": "exam", "gender": "M", "school": "南臺科技大學", "replyTitle": null, "reportReason": "", "mediaMeta": [], "reactions": [{"id": "286f599c-f86a-4932-82f0-f5a06f1eca03", "count": 9}], "hidden": false, "customStyle": null, "isSuspiciousAccount": false, "layout": "classic", "withImages": false, "withVideos": false, "media": [], "reportReasonText": "", "postAvatar": ""}, {"id": 232971040, "title": "台大甄試筆試改學院各出題 醫學、牙醫系擇優才能口試", "excerpt": "今年考生注意囉！，台大今年首度採取甄試筆試，第一階段通過不代表就可以第二階段面試，還要先考過筆試才能第二階段，其中台大醫學系採筆試前100名，台大牙醫系採筆試前24名，進入第二階段，這樣台大醫牙難度又", "anonymousSchool": false, "anonymousDepartment": true, "pinned": false, "forumId": "d43f33f9-873f-46b3-9f24-38c90056b96c", "replyId": null, "createdAt": "2020-01-28T06:55:04.384Z", "updatedAt": "2020-01-28T06:55:28.553Z", "commentCount": 5, "likeCount": 9, "withNickname": false, "tags": ["HIDE_THUMBNAIL"], "topics": ["學測", "台大"], "meta": {"layout": "classic"}, "forumName": "考試", "forumAlias": "exam", "gender": "M", "school": "中國醫藥大學", "replyTitle": null, "reportReason": "", "mediaMeta": [], "reactions": [{"id": "286f599c-f86a-4932-82f0-f5a06f1eca03", "count": 9}], "hidden": false, "customStyle": null, "isSuspiciousAccount": false, "layout": "classic", "withImages": false, "withVideos": false, "media": [], "reportReasonText": "", "postAvatar": ""}]