{"id":232562952,"title":"中國附醫","content":"想請問各位學長姊們\n對中國醫的稱號略有耳聞\n最多都是聽到過勞之類的\n但目前聽下來除了月休假很少之外好像沒有什麼具體的大缺點\n還是想問問大家為什麼都不推薦去中國醫😣\n在裡面實習過不少次\n也是常有學姊一待就是三、五年\n如果真的那麼不好的話，感覺好像也沒有辦法有人可以待這麼久🤔？\n可以麻煩大家告訴我具體不好的點在哪裡嗎😣？\n想評估畢業到底要何去何從\n順便想問一下中國醫的兒科怎麼樣☺️\n感恩學長姐～❤️","excerpt":"想請問各位學長姊們，對中國醫的稱號略有耳聞，最多都是聽到過勞之類的，但目前聽下來除了月休假很少之外好像沒有什麼具體的大缺點，還是想問問大家為什麼都不推薦去中國醫，在裡面實習過不少次，也是常有學姊一待就","anonymousSchool":false,"anonymousDepartment":true,"pinned":false,"forumId":"b22d2f5d-3c06-4d08-96b8-770eb38e8f96","replyId":null,"createdAt":"2019-11-24T12:41:48.389Z","updatedAt":"2019-11-24T12:44:10.832Z","commentCount":13,"likeCount":14,"tags":["HIDE_THUMBNAIL"],"topics":["中國醫","學長姐幫幫我","詢問"],"supportedReactions":null,"withNickname":false,"reportReason":"","hiddenByAuthor":false,"meta":{"layout":"classic"},"forumName":"護理","forumAlias":"nursing","school":"弘光科技大學","replyTitle":null,"gender":"F","personaSubscriptable":null,"reactions":[{"id":"286f599c-f86a-4932-82f0-f5a06f1eca03","count":13},{"id":"e8e6bc5d-41b0-4129-b134-97507523d7ff","count":1}],"hidden":false,"customStyle":null,"isSuspiciousAccount":false,"layout":"classic","withImages":false,"withVideos":false,"media":[],"reportReasonText":"","mediaMeta":[],"postAvatar":""}