{"id":232570637,"title":"護理師養成","content":"個人經驗分享\n五專畢業後在中部某區域教學醫院工作\n我因為獎學金的關係被分發到一個很缺人的單位\n同期的新人有8個\n我當時有點傻眼⋯⋯實習的時候頂多看過一次來3個新人\n我知道單位缺人很有壓力\n我也知道資深學姐沒幾個\n要一個人帶2個壓力很大\n但3個禮拜就推我們獨立上線\n中間還要上職前訓練\n實際被帶的天數不到20天\n我永遠記得我上線的第一天有多麼恐慌\n當時大家各自忙各自的\n真心覺得很想拋下一切直接走出醫院\n可想而知一個單位有8個新人一起上線有多可怕⋯\n打錯針的送錯病人的寫錯病例的備錯用物的\n交班更是電到一個生無可戀\n學姐要求的我根本就不知道要去做要去看要去紀錄\n因為沒有人教過沒有人告訴我們\n就這樣跌跌撞撞最後只剩下兩個人\n其中之一就是我\n或許我很頑強我不服輸但這中間我見識到護理有多麼的黑暗\n為什麼護理人總是為難護理人？\n我不懂我不會我不知道的\n你可以教我啊！\n不管口氣再差用字再傷人\n只要你願意教\n我就會進步\n但很多人卻是漠視\n看著我們跌的全身是傷\n\n我記得有一次\n我第一次遇到我的病人過世\n沒有人教我要做什麼可以做什麼需要注意什麼\n我只能眼睜睜看著家屬哭著問我怎麼辦要做什麼\n我當下一個字都擠不出來\n我不知道我真的不知道\n我不知道要裝監視器我不知道要記宣死的時間我不知道要聯絡葬儀社我不知道整個流程到底是什麼\n我只能看著病人流著黑黑的液體聽著家屬的哭喊聲\n\n後來是一個比我早一個月的學姐告訴我應該怎麼做\n過程中不乏有其他資深學姐經過但\n都是漠視\n\n一年過去了\n或許是我撐過來了\n變得有能力了\n學姐不再是對我冷漠排斥\n有時候還會請我幫忙on針\n跟我討論病情\n\n很多朋友都問我為什麼不離開\n但或許是我倔強的靈魂\n不甘被欺負\n我要證明這樣的學姐學妹制是不對的\n我當上了學姐開始帶實習生\n或者遇到新人無助時我都會想起一年前的我\n\n我知道我改變不了世界\n但我希望能減少一個幼苗被扼殺是一個\n\n\n我知道我不會在這個職場待太久\n我只是想把獎學金的約還完\n把我讀五年浪費的時間跟金錢轉換成薪水賺回來\n\n目前已經在公職補習班努力中\n希望明年順利考上\n離開這鬼地方","excerpt":"個人經驗分享，五專畢業後在中部某區域教學醫院工作，我因為獎學金的關係被分發到一個很缺人的單位，同期的新人有8個，我當時有點傻眼⋯⋯實習的時候頂多看過一次來3個新人，我知道單位缺人很有壓力，我也知道資深","anonymousSchool":false,"anonymousDepartment":false,"pinned":false,"forumId":"b22d2f5d-3c06-4d08-96b8-770eb38e8f96","replyId":null,"createdAt":"2019-11-25T15:27:59.207Z","updatedAt":"2019-11-26T01:11:25.130Z","commentCount":49,"likeCount":1438,"tags":["HIDE_THUMBNAIL"],"topics":["護理","護理環境","護理人生","離職","護理師"],"supportedReactions":null,"withNickname":false,"reportReason":"","hiddenByAuthor":false,"meta":{"layout":"classic"},"forumName":"護理","forumAlias":"nursing","school":"中臺科技大學","department":"護理系","replyTitle":null,"gender":"F","personaSubscriptable":null,"reactions":[{"id":"286f599c-f86a-4932-82f0-f5a06f1eca03","count":1421},{"id":"514c2569-fd53-4d9d-a415-bf0f88e7329f","count":15},{"id":"011ead16-9b83-4729-9fde-c588920c6c2d","count":1},{"id":"e8e6bc5d-41b0-4129-b134-97507523d7ff","count":1}],"hidden":false,"customStyle":null,"isSuspiciousAccount":false,"layout":"classic","withImages":false,"withVideos":false,"media":[],"reportReasonText":"","mediaMeta":[],"postAvatar":""}