{"id":232583790,"title":"發生意外延後國考","content":"最近原本要結束高護實習了\n但卻上班途中出車禍導致學校不給實習\n但其實自己身體狀況都能繼續下去\n但學校因爲種種原因建議停站\n停站的話可能會延後國考之類的\n一直以來都很努力只為了考上執照考上好的學校\n看著別人能順利畢業順利國考 真的很羨慕\n雖然只是延後考試還是能繼續下去\n但是努力了這麼久 卻因為一個意外\n心情真的很難平復 \n想請問有學姊是一邊讀二技一邊考國考的嗎？","excerpt":"最近原本要結束高護實習了，但卻上班途中出車禍導致學校不給實習，但其實自己身體狀況都能繼續下去，但學校因爲種種原因建議停站，停站的話可能會延後國考之類的，一直以來都很努力只為了考上執照考上好的學校，看著","anonymousSchool":false,"anonymousDepartment":false,"pinned":false,"forumId":"b22d2f5d-3c06-4d08-96b8-770eb38e8f96","replyId":null,"createdAt":"2019-11-27T15:20:11.388Z","updatedAt":"2019-11-27T15:21:12.176Z","commentCount":5,"likeCount":35,"tags":["HIDE_THUMBNAIL"],"topics":["國考","護理","意外","護理師"],"supportedReactions":null,"withNickname":true,"reportReason":"","hiddenByAuthor":false,"meta":{"layout":"classic"},"forumName":"護理","forumAlias":"nursing","school":"匿名","department":"vicky8903","replyTitle":null,"gender":"F","personaSubscriptable":false,"reactions":[{"id":"286f599c-f86a-4932-82f0-f5a06f1eca03","count":35}],"hidden":false,"customStyle":null,"isSuspiciousAccount":false,"layout":"classic","withImages":false,"withVideos":false,"media":[],"reportReasonText":"","mediaMeta":[],"postAvatar":""}