{"id":232581572,"title":"我很沒用","content":"我是應屆畢業生\n\n但我對護理已經產生極大的恐懼\n不管是醫院、診所、中醫等地方\n都需要學理很好、技術很好，相關經驗豐富的人\n\n我不夠聰明，學理總是無法融會貫通\n我不夠有記性，衛教病人都空白\n我不夠有自信，連抽血打針都恐懼\n我甚至開始覺得其他非護理行業的工作都不適合我\n想到未來賺不了錢\n每天都是只會呼吸的肉\n\n現在我不確定我到底是不是生病了\n我每天都在崩潰痛哭，開始全身顫抖、四肢無力、失眠、心悸，甚至要尋死\n\n我真的很想知道\n有人跟我一樣的症狀嗎😭\n我開心不起來\n應屆也不升二技\n看來我是社會的敗類😔\n\n我最近一直在看自殺方法\n看來20歲真的是我的人生盡頭\n我找不到 想不到自己能做什麼工作\n還是大體捐贈比較適合我\n\n不做護理會被說吃不了苦\n做工或餐飲業會被說沒前途\n沒有願意娶一個做工的人\n厭煩這世界 不管去哪都好\n就是別讓我活著","excerpt":"我是應屆畢業生，但我對護理已經產生極大的恐懼，不管是醫院、診所、中醫等地方，都需要學理很好、技術很好，相關經驗豐富的人，我不夠聰明，學理總是無法融會貫通，我不夠有記性，衛教病人都空白，我不夠有自信，連","anonymousSchool":false,"anonymousDepartment":false,"pinned":false,"forumId":"b22d2f5d-3c06-4d08-96b8-770eb38e8f96","replyId":null,"createdAt":"2019-11-27T09:10:00.543Z","updatedAt":"2019-11-29T04:11:55.697Z","commentCount":17,"likeCount":94,"tags":[],"topics":["護理","醫院","工作","應屆畢業生"],"supportedReactions":null,"withNickname":true,"reportReason":"","hiddenByAuthor":false,"meta":{"layout":"classic"},"forumName":"護理","forumAlias":"nursing","school":"匿名","department":"ab0423","replyTitle":null,"gender":"F","personaSubscriptable":false,"reactions":[{"id":"286f599c-f86a-4932-82f0-f5a06f1eca03","count":90},{"id":"4b018f48-e184-445f-adf1-fc8e04ba09b9","count":2},{"id":"514c2569-fd53-4d9d-a415-bf0f88e7329f","count":2}],"hidden":false,"customStyle":null,"isSuspiciousAccount":false,"layout":"classic","withImages":false,"withVideos":false,"media":[],"reportReasonText":"","mediaMeta":[],"postAvatar":""}