{"id":232584059,"title":"護理這條路","content":"我喜歡護理。\n\n我工作一年多了，很多溫暖很多成就很多感觸\n每每看見病人開心的笑容，真的工作再辛苦都瞬間消失了\n\n“哇，薪水好高喔！”\n“一個月居然領我的兩倍耶！”\n\n一個月領了超過５萬元，也許比部分的大學畢業生來的多，可是我是用我的睡眠時間換來的，也許我的肝已經在哭了\n我的月經一直以來都是準時報到，但從我開始實習之後，就慢慢的亂了，工作一年半了，月經來不到１０次，長期中醫調整沒用就改看西醫，暫停中藥後改吃西藥，嗯，來了的時候我開心的到處喧嘩，還沒有看過女孩子跟我一樣這麼期待月經的來臨，卻也因為太久沒來痛到整個癱軟在床上哭，就別提請生理假、病假這種完全不可能的事了。\n痘痘跟變胖更不用說，全部都是內分泌失調的症狀，一個禮拜內輪３種班也很常見，也許跟壓力也有關係，但是你要叫一個夜裡扛著１８個生命的人沒有壓力嗎？更別說事情忙不完、跟學姊交班、重唱、不講理的病人家屬給的壓力了。\n\n我不覺得我的薪水高，因為跟我的工作並不成正比。\n我們是責任制，沒有加班費這種事，有時候真的忙到拖延好幾個小時下班，也是應該的。\n\n“你一定可以存很多錢！”\n\n嗯啊，我原本也覺得我可以存很多錢，可是現實是我把錢拿去看醫生，還把休假時間拿去排隊看醫生了呢，當你看到一個剛下大夜也沒換衣服還坐在門診椅上打瞌睡等到中午還沒看到診的護理人員，不覺得很可憐嗎，我光想像自己淒涼的背影就很捨不得，更何況是看在愛我的家人眼裡。\n\n白班沒有錢；小夜沒朋友；大夜沒健康\n好趣味卻好現實的話\n\n“早知道我也唸護理了，看你過的那麼快樂”\n\n那是因為我還年輕，我不確定我過幾年還能否這麼有活力，而且必須從中找樂趣，我希望在工作中找到快樂才有動力繼續待下去\n我也是唸了很多年，實習很多次，讀了很多書，哭了很多次，熬了很多夜換來的\n\n醫院總是把人力抓那麼緊，台灣總是把護病比設那麼高，總是累到回家就只想立刻躺平，卻因為輪班的關係難以入睡\n\n我單身就這樣了，更佩服有家庭小孩的學姊\n\n你們的健康我們來守護，那我們的健康誰要為我們守護呢？\n\n各行各業都辛苦，但我要特別謝謝所有偉大的醫護人員，因為我親自體會了這些不當的勞力。","excerpt":"我喜歡護理。我工作一年多了，很多溫暖很多成就很多感觸，每每看見病人開心的笑容，真的工作再辛苦都瞬間消失了，“哇，薪水好高喔！”，“一個月居然領我的兩倍耶！”，一個月領了超過５萬元，也許比部分的大學畢業","anonymousSchool":false,"anonymousDepartment":true,"pinned":false,"forumId":"b22d2f5d-3c06-4d08-96b8-770eb38e8f96","replyId":null,"createdAt":"2019-11-27T15:56:57.429Z","updatedAt":"2019-11-27T15:56:57.429Z","commentCount":156,"likeCount":2938,"tags":["HIDE_THUMBNAIL"],"topics":["護理","醫院","工作","護理師","護理環境"],"supportedReactions":null,"withNickname":false,"reportReason":"","hiddenByAuthor":false,"meta":{"layout":"classic"},"forumName":"護理","forumAlias":"nursing","school":"慈濟科技大學","replyTitle":null,"gender":"F","personaSubscriptable":null,"reactions":[{"id":"286f599c-f86a-4932-82f0-f5a06f1eca03","count":2823},{"id":"514c2569-fd53-4d9d-a415-bf0f88e7329f","count":88},{"id":"011ead16-9b83-4729-9fde-c588920c6c2d","count":23},{"id":"4b018f48-e184-445f-adf1-fc8e04ba09b9","count":2},{"id":"e8e6bc5d-41b0-4129-b134-97507523d7ff","count":2}],"hidden":false,"customStyle":null,"isSuspiciousAccount":false,"layout":"classic","withImages":false,"withVideos":false,"media":[],"reportReasonText":"","mediaMeta":[],"postAvatar":""}