{"id":232588627,"title":"覺得自己很無能","content":"這個月開始自己一個人跟著學姐，沒有老師沒有同學\n\n已經第4天了，覺得自己很無能，第一次到單位很多事情都不會，一整天下來就是拼命跟在學姐屁股後面\n學姐打紀錄時，我只能一直看著電腦上病人的資料，看到了一堆沒碰過的英文、藥物、手術，只能拼命抄後回家查\n可是到了隔天早上跟著學姐發藥、換點滴、自己能做的事情就差不多了\n因為剛來很多技術都不會，學姐問我，我也只能說不會，結果都變成學姐在做......\n覺得自己好沒用.......\n一整天都不知道自己在幹嘛.....\n不知道病人要怎麼照顧\n學理爛得要死，也不知道到底有什麼問題可以問學姐.......\n一整天下來只知道要量V/S, 給藥,換點滴，測血糖\n我真的不知道我到底還可以幹嘛.....\n為什麼我這麼笨","excerpt":"這個月開始自己一個人跟著學姐，沒有老師沒有同學，已經第4天了，覺得自己很無能，第一次到單位很多事情都不會，一整天下來就是拼命跟在學姐屁股後面，學姐打紀錄時，我只能一直看著電腦上病人的資料，看到了一堆沒","anonymousSchool":false,"anonymousDepartment":false,"pinned":false,"forumId":"b22d2f5d-3c06-4d08-96b8-770eb38e8f96","replyId":null,"createdAt":"2019-11-28T09:55:15.403Z","updatedAt":"2019-11-28T09:55:15.403Z","commentCount":8,"likeCount":55,"tags":[],"topics":[],"supportedReactions":null,"withNickname":false,"reportReason":"","hiddenByAuthor":false,"meta":{"layout":"classic"},"forumName":"護理","forumAlias":"nursing","school":"輔英科技大學","department":"護理系","replyTitle":null,"gender":"F","personaSubscriptable":null,"reactions":[{"id":"286f599c-f86a-4932-82f0-f5a06f1eca03","count":55}],"hidden":false,"customStyle":null,"isSuspiciousAccount":false,"layout":"classic","withImages":false,"withVideos":false,"media":[],"reportReasonText":"","mediaMeta":[],"postAvatar":""}