{"id":232591509,"title":"一種被醫院騙進來只為讓醫院通過評鑑而已！","content":"今年7月我到台中大屯區仁某、某愛醫院面試，面試職稱為「培訓專科護理師」！\n\n那時我的準醫學中心急診臨床年資已經超過三年（105/06/01-108/07/28），按照專師學會的資格文字上符合，但是最近又規定要是「執業登記滿3年」105/09/23-108/09/22），這樣我差3個月的執登時間，而我也同意在臨床擔任護理師補足3個月的經歷！\n\n面試的時候我有和面試主管再三確認只要專科護理師訓練班開班，就讓我訓練及轉調，所以我也同意，並於8/1到職上班，主管也說預計在11月開訓，之後就在急診部工作，持續學習和習慣，到試用期過後簽留任獎金合約，簽約當下我也再次跟主管確認開班時間，主管均表示不清楚開班時間，我也相信了，故簽了留任獎金合約！\n\n越逼近醫院評鑑，我越想越不對勁，開設訓練班按照法規需要提前報備衛福部並提報訓練名單進而成為合法可執業的訓練中專科護理師，這當中我也詢問護理部、專科護理師組長、我的直屬主管關於專師班開訓時間，但得到的回覆是不清楚、不了解、不知道，但104人力銀行仍然持續招募！\n\n直到評鑑過後，11/8早上，主管找我談話表示經高層討論後認為我不適合在急診擔任專科護理師，原因是我不夠有服務態度，故不把我列入訓練名單，且11/11就要開訓了，我問主管其他單位也有缺吧，主管詢問護理部後表示人力都補齊了，外科、內科、急診都不缺專科護理師，但後來發現在104人力銀行還在持續招募專科護理師呢！\nhttps://i.imgur.com/BGlTzw3.jpg\n後來我也跟主管反應，今天我同意來這家醫院工作並推掉婉拒其他醫院的面試與錄取通知，就是相信這間醫院會讓我訓練專科護理師，然後現在跟我說不能訓練，主管回覆我，這跟她沒關係，是你經過衡量之後決定要來工作的，這個後果要自己負責！\n\n當然後來直接怒提離職，還好我10月的時候已經開始尋找備案及面試了，也有錄取其他醫院的訓練中專科護理師，但是要賠留任獎金和制服費還不能依比例分攤，超生氣的！\n\n查過法規，制服費需繳回的部分合法但不合理！\n\n請各位兄弟姐妹們注意一下喔，這家醫院，最好不要來！\n\n一家醫院不遵守雙方的互信關係，如此打破信任，那我想也對病人也好不到哪裡去，到職經過幾個月的觀察，這家醫院對病人安全也不好，大家就知道就好！","excerpt":"今年7月我到台中大屯區仁某、某愛醫院面試，面試職稱為「培訓專科護理師」！，那時我的準醫學中心急診臨床年資已經超過三年（105/06/01-108/07/28），按照專師學會的資格文字上符合，但是最近又","anonymousSchool":false,"anonymousDepartment":false,"pinned":false,"forumId":"b22d2f5d-3c06-4d08-96b8-770eb38e8f96","replyId":null,"createdAt":"2019-11-28T17:44:25.444Z","updatedAt":"2019-11-28T20:53:51.000Z","commentCount":27,"likeCount":149,"tags":[],"topics":["護理","醫院","心情"],"supportedReactions":null,"withNickname":true,"reportReason":"","hiddenByAuthor":false,"meta":{"layout":"classic"},"forumName":"護理","forumAlias":"nursing","school":"急診小菜鳥","department":"ernurse","replyTitle":null,"gender":"M","personaSubscriptable":null,"reactions":[{"id":"286f599c-f86a-4932-82f0-f5a06f1eca03","count":136},{"id":"aa0d425f-d530-4478-9a77-fe3aedc79eea","count":8},{"id":"4b018f48-e184-445f-adf1-fc8e04ba09b9","count":4},{"id":"514c2569-fd53-4d9d-a415-bf0f88e7329f","count":1}],"hidden":false,"customStyle":null,"isSuspiciousAccount":false,"layout":"classic","withImages":true,"withVideos":false,"media":[{"url":"https://i.imgur.com/BGlTzw3.jpg"}],"reportReasonText":"","mediaMeta":[{"id":"598dfe6c-251a-40ca-b18d-045959db2408","url":"https://i.imgur.com/BGlTzw3l.jpg","normalizedUrl":"https://i.imgur.com/BGlTzw3l.jpg","thumbnail":"https://i.imgur.com/BGlTzw3l.jpg","type":"image/thumbnail","tags":["ANNOTATED"],"createdAt":"2019-11-28T17:44:25.444Z","updatedAt":"2019-11-28T20:53:51.000Z"},{"id":"598dfe6c-251a-40ca-b18d-045959db2408","url":"https://i.imgur.com/BGlTzw3.jpg","normalizedUrl":"https://imgur.com/BGlTzw3","thumbnail":"https://i.imgur.com/BGlTzw3l.jpg","type":"image/imgur","tags":["ANNOTATED"],"createdAt":"2019-11-28T17:44:25.444Z","updatedAt":"2019-11-28T20:53:51.000Z"}],"postAvatar":""}