{"id":232549727,"title":"實習，遇到，老師","content":"Dear各位護理人: 最近在靠*護理師 發現有一篇文章就是在講說因為他們單位上一禮拜有實習生所以回想起之前自己實習的回憶，說她遇到的實習老師都很神經質然後會針對學生等，看完我心裡想還好我基護到高護實習都沒有遇到很刁的老師，每位老師都會細心的教導學生傾聽學生的意見會體諒學生等，我覺得我要珍惜我所遇到的老師，各位護理人可以分享自己在實習中遇到的實習老師。\nhttps://i.imgur.com/VVNf7gb.jpg","excerpt":"Dear各位護理人： 最近在靠*護理師 發現有一篇文章就是在講說因為他們單位上一禮拜有實習生所以回想起之前自己實習的回憶，說她遇到的實習老師都很神經質然後會針對學生等，看完我心裡想還好我基護到高護實習","anonymousSchool":false,"anonymousDepartment":false,"pinned":false,"forumId":"b22d2f5d-3c06-4d08-96b8-770eb38e8f96","replyId":null,"createdAt":"2019-11-22T07:04:02.839Z","updatedAt":"2019-11-22T07:05:41.987Z","commentCount":7,"likeCount":76,"tags":[],"topics":["實習","老師","護理","護理板","詢問"],"supportedReactions":null,"withNickname":false,"reportReason":"","hiddenByAuthor":false,"meta":{"layout":"classic"},"forumName":"護理","forumAlias":"nursing","school":"聖母醫護管理專科學校","department":"護理科","replyTitle":null,"gender":"F","personaSubscriptable":null,"reactions":[{"id":"286f599c-f86a-4932-82f0-f5a06f1eca03","count":76}],"hidden":false,"customStyle":null,"isSuspiciousAccount":false,"layout":"classic","withImages":true,"withVideos":false,"media":[{"url":"https://i.imgur.com/VVNf7gb.jpg"}],"reportReasonText":"","mediaMeta":[{"id":"652ba4f8-b5f1-46d6-971b-20d1e949b267","url":"https://i.imgur.com/VVNf7gbl.jpg","normalizedUrl":"https://i.imgur.com/VVNf7gbl.jpg","thumbnail":"https://i.imgur.com/VVNf7gbl.jpg","type":"image/thumbnail","tags":["ANNOTATED"],"createdAt":"2019-11-22T07:05:41.987Z","updatedAt":"2019-11-22T07:05:41.987Z"},{"id":"652ba4f8-b5f1-46d6-971b-20d1e949b267","url":"https://i.imgur.com/VVNf7gb.jpg","normalizedUrl":"https://imgur.com/VVNf7gb","thumbnail":"https://i.imgur.com/VVNf7gbl.jpg","type":"image/imgur","tags":["ANNOTATED"],"createdAt":"2019-11-22T07:05:41.987Z","updatedAt":"2019-11-22T07:05:41.987Z"}],"postAvatar":""}