{"id":232560578,"title":"關於特殊單位工作合約","content":"*更\n小的成功離職了 沒有賠錢\n\n背景：現任職於某大醫院特殊單位約一年多\n之前曾有外院工作經驗\n外院取得ICU training證書（目前任職的單位需要此證書）\n\n準備換跑道所以要離職\n當初進目前的單位有簽兩年特殊單位合約\n問人資說現在不是都不用綁合約了\n人資的說法是說因為有給特殊單位津貼要綁約\n\n已經爬了一些相關文章\n其中勞基法15-1條有提到\n「雇主為使勞工遵守最低服務年限之約定，提供其合理補償」\n請問所謂特殊單位津貼算是合理補償嗎？\n似乎沒有看到文章有合理補償的範圍敘述\n有懂法律或有相關經驗的朋友能解答嗎🥺","excerpt":"*更，小的成功離職了 沒有賠錢，背景：現任職於某大醫院特殊單位約一年多，之前曾有外院工作經驗，外院取得ICU training證書（目前任職的單位需要此證書），準備換跑道所以要離職，當初進目前的單位有","anonymousSchool":false,"anonymousDepartment":true,"pinned":false,"forumId":"b22d2f5d-3c06-4d08-96b8-770eb38e8f96","replyId":null,"createdAt":"2019-11-24T04:05:21.658Z","updatedAt":"2019-12-09T10:30:56.893Z","commentCount":8,"likeCount":14,"tags":["HIDE_THUMBNAIL"],"topics":["合約","護理","醫院","詢問","離職"],"supportedReactions":null,"withNickname":false,"reportReason":"","hiddenByAuthor":false,"meta":{"layout":"classic"},"forumName":"護理","forumAlias":"nursing","school":"國立臺北護理健康大學","replyTitle":null,"gender":"F","personaSubscriptable":null,"reactions":[{"id":"286f599c-f86a-4932-82f0-f5a06f1eca03","count":14}],"hidden":false,"customStyle":null,"isSuspiciousAccount":false,"layout":"classic","withImages":false,"withVideos":false,"media":[],"reportReasonText":"","mediaMeta":[],"postAvatar":""}