{"id":232581059,"title":"被 on 破的地方瘀青久久未消","content":"各位吾愛的敬愛的可愛的護理師們大家好                                     想詢問一個身為病患的簡單問題，不是在問診喔！                     \n半個月前有住院，當時被護理師 on 破血管，後來另一個護理師換手直上俐落解決，想問的是已經過了半個月，我被 on 破那隻手臂至今還是一大片的瘀青，按了也會痛，這樣子是正常的嗎？總覺得好像不太對勁...想問問各位護理人的專業看法\n對了，上針真的是一門經驗學，雖然後來那位輕鬆上好真針的護理師感覺態度很傲慢，但技術好得沒話說，當下也只能敬佩","excerpt":"各位吾愛的敬愛的可愛的護理師們大家好                                     想詢問一個身為病患的簡單問題，不是在問診喔！，半個月前有住院，當時被護理師 on 破血管，","anonymousSchool":false,"anonymousDepartment":true,"pinned":false,"forumId":"b22d2f5d-3c06-4d08-96b8-770eb38e8f96","replyId":null,"createdAt":"2019-11-27T07:41:58.956Z","updatedAt":"2019-11-27T07:41:58.956Z","commentCount":9,"likeCount":19,"tags":[],"topics":["護理","護理師","詢問"],"supportedReactions":null,"withNickname":false,"reportReason":"","hiddenByAuthor":false,"meta":{"layout":"classic"},"forumName":"護理","forumAlias":"nursing","school":"台南應用科技大學","replyTitle":null,"gender":"M","personaSubscriptable":null,"reactions":[{"id":"286f599c-f86a-4932-82f0-f5a06f1eca03","count":19}],"hidden":false,"customStyle":null,"isSuspiciousAccount":false,"layout":"classic","withImages":false,"withVideos":false,"media":[],"reportReasonText":"","mediaMeta":[],"postAvatar":""}