{"id":232585079,"title":"畢業後的出路","content":"想問版上的學長學姊們在應屆畢業之後都會選擇直接進入醫院嗎？\n身邊學長姐的例子都是拿到執照就工作\n現在大三想給自己一年的時間去走走或是到國外讀研究所，不知道這樣回來找工作方面會不會容易遇到一些阻礙(比不上剛畢業的大學生們\n身邊沒有這種例子，所以來這邊尋問一下","excerpt":"想問版上的學長學姊們在應屆畢業之後都會選擇直接進入醫院嗎？身邊學長姐的例子都是拿到執照就工作，現在大三想給自己一年的時間去走走或是到國外讀研究所，不知道這樣回來找工作方面會不會容易遇到一些阻礙（比不上","anonymousSchool":false,"anonymousDepartment":false,"pinned":false,"forumId":"b22d2f5d-3c06-4d08-96b8-770eb38e8f96","replyId":null,"createdAt":"2019-11-27T18:28:24.296Z","updatedAt":"2019-11-27T18:28:24.296Z","commentCount":4,"likeCount":7,"tags":["HIDE_THUMBNAIL"],"topics":["畢業","護理","學長姐幫幫我","詢問"],"supportedReactions":null,"withNickname":true,"reportReason":"","hiddenByAuthor":false,"meta":{"layout":"classic"},"forumName":"護理","forumAlias":"nursing","school":"Secret","department":"emily0719","replyTitle":null,"gender":"F","personaSubscriptable":false,"reactions":[{"id":"286f599c-f86a-4932-82f0-f5a06f1eca03","count":7}],"hidden":false,"customStyle":null,"isSuspiciousAccount":false,"layout":"classic","withImages":false,"withVideos":false,"media":[],"reportReasonText":"","mediaMeta":[],"postAvatar":""}