{"id":232575396,"title":"桃園怡仁","content":"小妹目前想以地區醫院的工作為主 \n希望在近內完成在職進修的課程\n所以想找可以累積年資又不會像區域級以上更忙碌的醫院配合\n目前查過看怡仁醫院的環境、宿舍好像都蠻好的\n但分享的資訊很少\n不知道整體薪資福利和工作量CP值如何🤔\n\n大家有推薦的單位或其他建議嗎？","excerpt":"小妹目前想以地區醫院的工作為主，希望在近內完成在職進修的課程，所以想找可以累積年資又不會像區域級以上更忙碌的醫院配合，目前查過看怡仁醫院的環境、宿舍好像都蠻好的，但分享的資訊很少，不知道整體薪資福利和","anonymousSchool":false,"anonymousDepartment":true,"pinned":false,"forumId":"b22d2f5d-3c06-4d08-96b8-770eb38e8f96","replyId":null,"createdAt":"2019-11-26T10:38:29.148Z","updatedAt":"2019-11-26T19:00:57.820Z","commentCount":12,"likeCount":4,"tags":["HIDE_THUMBNAIL"],"topics":["醫院","桃園","護理","工作","護理板"],"supportedReactions":null,"withNickname":false,"reportReason":"","hiddenByAuthor":false,"meta":{"layout":"classic"},"forumName":"護理","forumAlias":"nursing","school":"耕莘健康管理專科學校","replyTitle":null,"gender":"F","personaSubscriptable":false,"reactions":[{"id":"286f599c-f86a-4932-82f0-f5a06f1eca03","count":4}],"hidden":false,"customStyle":null,"isSuspiciousAccount":false,"layout":"classic","withImages":false,"withVideos":false,"media":[],"reportReasonText":"","mediaMeta":[],"postAvatar":""}