{"id":232639336,"title":"請益 三讀五對","content":"想請問大家，絕對不是伸手牌，只是很疑惑...想問各位前輩們！\n\n如果藥袋直接裝著amp時\n\n情況一：第二讀前，要先拿出來再開始二讀(邊讀邊對)\n情況二：還是先讀完二讀，再拿出藥物 開始檢查是否這瓶藥物（讀完再對）\n\n今天老師說情況一才正確，但我不懂情況二錯在哪，學理只有寫「拿出藥物時，進行二讀」","excerpt":"想請問大家，絕對不是伸手牌，只是很疑惑...想問各位前輩們！，如果藥袋直接裝著amp時，情況一：第二讀前，要先拿出來再開始二讀（邊讀邊對），情況二：還是先讀完二讀，再拿出藥物 開始檢查是否這瓶藥物（讀","anonymousSchool":false,"anonymousDepartment":true,"pinned":false,"forumId":"b22d2f5d-3c06-4d08-96b8-770eb38e8f96","replyId":null,"createdAt":"2019-12-06T17:04:03.328Z","updatedAt":"2019-12-06T17:04:30.665Z","commentCount":7,"likeCount":25,"tags":["HIDE_THUMBNAIL"],"topics":["護理","學長姐幫幫我"],"supportedReactions":null,"withNickname":false,"reportReason":"","hiddenByAuthor":false,"meta":{"layout":"classic"},"forumName":"護理","forumAlias":"nursing","school":"義守大學","replyTitle":null,"gender":"F","personaSubscriptable":false,"reactions":[{"id":"286f599c-f86a-4932-82f0-f5a06f1eca03","count":25}],"hidden":false,"customStyle":null,"isSuspiciousAccount":false,"layout":"classic","withImages":false,"withVideos":false,"media":[],"reportReasonText":"","mediaMeta":[],"postAvatar":""}