{"id":232602720,"title":"台北國泰總院宿舍","content":"想問有在台北國泰總院工作的學長姐~\n總院的宿舍如果沒住到的話\n是會被安排到汐止國泰的宿舍住嗎？\n那這樣是不是就要到汐止國泰工作了？\n還是說住汐止國泰的宿舍然後每天要通勤到總院上班呀？\n\n拜託學姐學長幫幫我回答問題了\n還有如果真的不得以得在外面租屋的話\n台北哪裡房租會比較便宜呢😂","excerpt":"想問有在台北國泰總院工作的學長姐~，總院的宿舍如果沒住到的話，是會被安排到汐止國泰的宿舍住嗎？那這樣是不是就要到汐止國泰工作了？還是說住汐止國泰的宿舍然後每天要通勤到總院上班呀？拜託學姐學長幫幫我回答","anonymousSchool":false,"anonymousDepartment":false,"pinned":false,"forumId":"b22d2f5d-3c06-4d08-96b8-770eb38e8f96","replyId":null,"createdAt":"2019-11-30T18:14:39.554Z","updatedAt":"2019-11-30T18:14:39.554Z","commentCount":0,"likeCount":5,"tags":[],"topics":["學長姐幫幫我","台北","國泰","工作","護理師"],"supportedReactions":null,"withNickname":false,"reportReason":"","hiddenByAuthor":false,"meta":{"layout":"classic"},"forumName":"護理","forumAlias":"nursing","school":"長庚科技大學","department":"護理系","replyTitle":null,"gender":"F","personaSubscriptable":null,"reactions":[{"id":"286f599c-f86a-4932-82f0-f5a06f1eca03","count":5}],"hidden":false,"customStyle":null,"isSuspiciousAccount":false,"layout":"classic","withImages":false,"withVideos":false,"media":[],"reportReasonText":"","mediaMeta":[],"postAvatar":""}