{"id":232699469,"title":"#問 診所或醫院開立慢籤抽血問題","content":"不曉得發在這問對不對..\n但實在是很想得到解答...\n\n是這樣的\n我在一間診所上班\n由於一些原因 原本診所的老醫生暫時休息一陣子\n診所另外聘請了一位駐診醫生\n\n我們診所是有在開立慢性處方籤的\n也有抽血檢查的服務\n\n從我剛開始上班的時候 \n老醫生就都說 開慢籤就不能抽血(好像是說這樣會變成連續三個月都抽血，所以不行)\n所以我們裡面的護理師也就都是秉持這個觀念\n\n但是新來的這位駐診醫生卻說開慢籤也可以抽血 沒有影響\n\n所以我想知道 其他地方的診所或者是醫院裡\n開慢籤到底是能不能抽血???","excerpt":"不曉得發在這問對不對..，但實在是很想得到解答...，是這樣的，我在一間診所上班，由於一些原因 原本診所的老醫生暫時休息一陣子，診所另外聘請了一位駐診醫生，我們診所是有在開立慢性處方籤的，也有抽血檢查","anonymousSchool":false,"anonymousDepartment":true,"pinned":false,"forumId":"b22d2f5d-3c06-4d08-96b8-770eb38e8f96","replyId":null,"createdAt":"2019-12-16T16:01:55.019Z","updatedAt":"2019-12-16T16:01:55.019Z","commentCount":6,"likeCount":6,"tags":["HIDE_THUMBNAIL"],"topics":[],"supportedReactions":null,"withNickname":false,"reportReason":"","hiddenByAuthor":false,"meta":{"layout":"classic"},"forumName":"護理","forumAlias":"nursing","school":"弘光科技大學","replyTitle":null,"gender":"F","personaSubscriptable":null,"reactions":[{"id":"286f599c-f86a-4932-82f0-f5a06f1eca03","count":6}],"hidden":false,"customStyle":null,"isSuspiciousAccount":false,"layout":"classic","withImages":false,"withVideos":false,"media":[],"reportReasonText":"","mediaMeta":[],"postAvatar":""}