{"id":232636637,"title":"你們有這種學姊？","content":"我實在是很不想抱怨\n但真的太太太受不了了\n\n學姊交班給別人落東落西\n反正是學姊 學妹會做\n\n學妹交給學姊\n雞蛋裡挑骨頭 沒有唸到 不舒爽\n\n一上班學姊就在murmur case怎麼這樣排\n疾病嚴重的都排不到你\n因為會吵的人有糖吃 這個您最會了\n\n777777777777","excerpt":"我實在是很不想抱怨，但真的太太太受不了了，學姊交班給別人落東落西，反正是學姊 學妹會做，學妹交給學姊，雞蛋裡挑骨頭 沒有唸到 不舒爽，一上班學姊就在murmur case怎麼這樣排，疾病嚴重的都排不到","anonymousSchool":false,"anonymousDepartment":true,"pinned":false,"forumId":"b22d2f5d-3c06-4d08-96b8-770eb38e8f96","replyId":null,"createdAt":"2019-12-06T09:33:39.191Z","updatedAt":"2019-12-06T09:45:32.327Z","commentCount":8,"likeCount":127,"tags":["HIDE_THUMBNAIL"],"topics":["學姊","護理","醫院","工作","護理師"],"supportedReactions":null,"withNickname":false,"reportReason":"","hiddenByAuthor":false,"meta":{"layout":"classic"},"forumName":"護理","forumAlias":"nursing","school":"經國管理暨健康學院","replyTitle":null,"gender":"F","personaSubscriptable":null,"reactions":[{"id":"286f599c-f86a-4932-82f0-f5a06f1eca03","count":123},{"id":"514c2569-fd53-4d9d-a415-bf0f88e7329f","count":4}],"hidden":false,"customStyle":null,"isSuspiciousAccount":false,"layout":"classic","withImages":false,"withVideos":false,"media":[],"reportReasonText":"","mediaMeta":[],"postAvatar":""}