{"id":232614666,"title":"上班會爆炸的事","content":"昨天上班做治療時打開個人房的門\n發現煙霧瀰漫，聞到濃濃煙味🚬\n於是乎問病人是否在病房內抽煙？\n病人表示沒有在裡面抽\n主訴：我有走到靠近門的地方，因為下午你們跟我講不能在裡面，因為裡面有氧氣！\n\n我說你是在哈囉？\n靠近門的地方不是一樣在室內？不是一樣有氧氣？\n\nㄇㄉ，想死可以不要來醫院嗎？\n人家隔壁都是癌症努力想活著的人\n而你卻一直找死\n\n上班還要吸你的二手煙\n更讓人不爽😡😡😡","excerpt":"昨天上班做治療時打開個人房的門，發現煙霧瀰漫，聞到濃濃煙味，於是乎問病人是否在病房內抽煙？病人表示沒有在裡面抽，主訴：我有走到靠近門的地方，因為下午你們跟我講不能在裡面，因為裡面有氧氣！，我說你是在哈","anonymousSchool":false,"anonymousDepartment":false,"pinned":false,"forumId":"b22d2f5d-3c06-4d08-96b8-770eb38e8f96","replyId":null,"createdAt":"2019-12-02T17:41:54.191Z","updatedAt":"2019-12-02T17:41:54.191Z","commentCount":19,"likeCount":68,"tags":["HIDE_THUMBNAIL"],"topics":["護理","憤怒"],"supportedReactions":null,"withNickname":false,"reportReason":"","hiddenByAuthor":false,"meta":{"layout":"classic"},"forumName":"護理","forumAlias":"nursing","school":"弘光科技大學","department":"護理系","replyTitle":null,"gender":"F","personaSubscriptable":null,"reactions":[{"id":"286f599c-f86a-4932-82f0-f5a06f1eca03","count":63},{"id":"aa0d425f-d530-4478-9a77-fe3aedc79eea","count":5}],"hidden":false,"customStyle":null,"isSuspiciousAccount":false,"layout":"classic","withImages":false,"withVideos":false,"media":[],"reportReasonText":"","mediaMeta":[],"postAvatar":""}