{"id":232663286,"title":"為什麼要看不起救你命的人","content":"（不確定要發護理還是心情版）\n\n身為一個未來的護理師\n覺得這個社會看待護理師的眼光真的非常不ok\n-\n我的二姑前幾年被診斷出乳癌三期\n之後就開始化療\n我有陪她去癌症中心裡面化療過\n全程都是護理師幫忙on針照顧 完全沒看到醫師\n而這幾次從學校回家\n跟她提到我最近交了男朋友也是護理師\n她先扯到當年我為什麼不選台北的學校不像二表姐一樣讀東x法律多好多好\n等妳跟姐姐一樣厲害才准妳交男友\n又說好歹二表姐現在出來是律「師」有專業 我直接回哈囉我是護理「師」好嗎😑\n她竟然很不屑的冷笑一下！！！\n妳知道那些幫你打藥對抗癌細胞的護理師這些年走來有多辛苦嗎？\n妳知道姐姐其實還沒考到律師執照嗎？\n全家都知道我指考自然科失常但社會科超好..\n填社會組科系也可以留台北\n我就是想成為一位護理師救死扶傷怎麼樣？\n心都冷了\n看到護理版上被欺負的學長姐們\n原來我的家人也是那種看不起護理人員的人\n\nhttps://i.imgur.com/zkPDVTa.jpg\n-\n沒有要戰校戰職業 \n我跟我姐感情不錯 我也知道律師執照非常難考！\n希望每個跟我一樣有理想的未來護理師\n未來都可以好好撐下去\n\nhttps://i.imgur.com/2V02fOM.jpg\n\n//圖來自google","excerpt":"（不確定要發護理還是心情版），身為一個未來的護理師，覺得這個社會看待護理師的眼光真的非常不ok，-，我的二姑前幾年被診斷出乳癌三期，之後就開始化療，我有陪她去癌症中心裡面化療過，全程都是護理師幫忙on","anonymousSchool":false,"anonymousDepartment":false,"pinned":false,"forumId":"b22d2f5d-3c06-4d08-96b8-770eb38e8f96","replyId":null,"createdAt":"2019-12-10T18:06:09.593Z","updatedAt":"2019-12-10T18:07:39.147Z","commentCount":21,"likeCount":235,"tags":[],"topics":["護理","兄弟姊妹比到死","先氣死"],"supportedReactions":null,"withNickname":true,"reportReason":"","hiddenByAuthor":false,"meta":{"layout":"classic"},"forumName":"護理","forumAlias":"nursing","school":"沒看過黑糖饅頭ㄇ","department":"jx2000","replyTitle":null,"gender":"F","personaSubscriptable":false,"reactions":[{"id":"286f599c-f86a-4932-82f0-f5a06f1eca03","count":226},{"id":"514c2569-fd53-4d9d-a415-bf0f88e7329f","count":5},{"id":"aa0d425f-d530-4478-9a77-fe3aedc79eea","count":2},{"id":"e8e6bc5d-41b0-4129-b134-97507523d7ff","count":2}],"hidden":false,"customStyle":null,"isSuspiciousAccount":false,"layout":"classic","withImages":true,"withVideos":false,"media":[{"url":"https://i.imgur.com/zkPDVTa.jpg"},{"url":"https://i.imgur.com/2V02fOM.jpg"}],"reportReasonText":"","mediaMeta":[{"id":"e033a6d9-8123-4586-ad58-03b857b17edd","url":"https://i.imgur.com/zkPDVTal.jpg","normalizedUrl":"https://i.imgur.com/zkPDVTal.jpg","thumbnail":"https://i.imgur.com/zkPDVTal.jpg","type":"image/thumbnail","tags":["ANNOTATED"],"createdAt":"2019-12-10T18:06:09.593Z","updatedAt":"2019-12-10T18:07:39.147Z"},{"id":"e033a6d9-8123-4586-ad58-03b857b17edd","url":"https://i.imgur.com/zkPDVTa.jpg","normalizedUrl":"https://imgur.com/zkPDVTa","thumbnail":"https://i.imgur.com/zkPDVTal.jpg","type":"image/imgur","tags":["ANNOTATED"],"createdAt":"2019-12-10T18:06:09.593Z","updatedAt":"2019-12-10T18:07:39.147Z"},{"id":"e642b960-56b3-429e-b5c2-7ebf3e95fbf2","url":"https://i.imgur.com/2V02fOM.jpg","normalizedUrl":"https://imgur.com/2V02fOM","thumbnail":"https://i.imgur.com/2V02fOMl.jpg","type":"image/imgur","tags":["ANNOTATED"],"createdAt":"2019-12-10T18:06:09.593Z","updatedAt":"2019-12-10T18:07:39.147Z"}],"postAvatar":""}