{"id":232634772,"title":"台中榮總徵才請益","content":"各位學長姐，大家好，我是今年應屆畢業生，工作資歷一年（半工半讀），現職於縣市地區醫院，年後約到離職想往台中榮總醫學中心發展，無奈尋求學校無任何推徵管道，只能摸摸鼻子每天緊盯徵才訊息\n想請教各位在中榮工作的學長姊們，中榮徵才潮大概是哪時候呢？詢問護理部譚小姐，譚小姐是說遇缺則補，無缺不補⋯另外想請教中榮契約護理離職率高嗎？小女子是否有機會進入醫學中心工作呢？\n基護、高護、成護（類似最後一哩）都在中榮實習，對中榮的印象真的蠻好的，煩請各位學長姐替小女子解答，謝謝您們！","excerpt":"各位學長姐，大家好，我是今年應屆畢業生，工作資歷一年（半工半讀），現職於縣市地區醫院，年後約到離職想往台中榮總醫學中心發展，無奈尋求學校無任何推徵管道，只能摸摸鼻子每天緊盯徵才訊息，想請教各位在中榮工","anonymousSchool":false,"anonymousDepartment":false,"pinned":false,"forumId":"b22d2f5d-3c06-4d08-96b8-770eb38e8f96","replyId":null,"createdAt":"2019-12-06T03:51:46.846Z","updatedAt":"2019-12-06T04:04:42.327Z","commentCount":16,"likeCount":4,"tags":["HIDE_THUMBNAIL"],"topics":[],"supportedReactions":null,"withNickname":false,"reportReason":"","hiddenByAuthor":false,"meta":{"layout":"classic"},"forumName":"護理","forumAlias":"nursing","school":"中臺科技大學","department":"護理系","replyTitle":null,"gender":"F","personaSubscriptable":false,"reactions":[{"id":"286f599c-f86a-4932-82f0-f5a06f1eca03","count":4}],"hidden":false,"customStyle":null,"isSuspiciousAccount":false,"layout":"classic","withImages":false,"withVideos":false,"media":[],"reportReasonText":"","mediaMeta":[],"postAvatar":""}