{"id":232645899,"title":"小小問題：正式工作的印章","content":"我實習的時候看到學姊都有兩個印章\n一個1x0.5\n一個0.5x0.5\n上次在西門町衝動購物刻了一個0.5x0.5\n就是NOOO 紅色的\n那時候想說要不要大的一起刻\n但想說可能每家醫院不一樣\n請問\n是有藍有紅嗎？\n前面還需要加N幾嗎\n還是現在都能只有名字而已？\n謝謝","excerpt":"我實習的時候看到學姊都有兩個印章，一個1x0.5，一個0.5x0.5，上次在西門町衝動購物刻了一個0.5x0.5，就是NOOO 紅色的，那時候想說要不要大的一起刻，但想說可能每家醫院不一樣，請問，是有","anonymousSchool":false,"anonymousDepartment":true,"pinned":false,"forumId":"b22d2f5d-3c06-4d08-96b8-770eb38e8f96","replyId":null,"createdAt":"2019-12-07T23:28:44.745Z","updatedAt":"2019-12-07T23:28:44.745Z","commentCount":14,"likeCount":12,"tags":["HIDE_THUMBNAIL"],"topics":["印章","護理","醫院","護理師","學長姐幫幫我"],"supportedReactions":null,"withNickname":false,"reportReason":"","hiddenByAuthor":false,"meta":{"layout":"classic"},"forumName":"護理","forumAlias":"nursing","school":"國立臺北護理健康大學","replyTitle":null,"gender":"F","personaSubscriptable":false,"reactions":[{"id":"286f599c-f86a-4932-82f0-f5a06f1eca03","count":12}],"hidden":false,"customStyle":null,"isSuspiciousAccount":false,"layout":"classic","withImages":false,"withVideos":false,"media":[],"reportReasonText":"","mediaMeta":[],"postAvatar":""}