{"id":232647523,"title":"護理三年人生","content":"回首才突然發現護理生涯的第三個年頭了，記得第一年的茫然無措，常常靠北東靠北西，動不動把離職掛在嘴邊，單位鳳梨之一乖乖鎮不住。\n第二年怎麼行走鳳梨威力還那麼強，動不動就endo當水在喝，ICU像在跑廁所⋯\n第三年終於😭😭😭😭謝謝病人厚愛真的⋯⋯請受我一跪🧎‍♀️\n\n這一年對於生死的感覺好像變得更冷淡，病人病況變差求的便是一個好生好死，可能是身在內科這種慢性病患者特別多的地方，看盡了病痛覺得人生最後一步，求得是安然離開。\n偶爾偶爾，遇見幾個特別有臉緣的也會升起些許不捨，不變的是對於生命無常的感慨依舊。\n\n這年晉升拖了很久的N2（抱歉之前都在得過且過能躲則避），還莫名奇妙帶了生涯第一個小學妹，當初是多麼痛的領悟，一直同理心以禮相待，用講解替代責罵，有時候還覺得自己錯了⋯⋯真的好久沒有這麼灰心喪志，還躲在男友懷裡痛哭覺得自己這個老師做得很差，但不得不說也因此成長許多，現在學妹也獨立活蹦亂跳了呢🥰，真的不要覺得學姊沒壓力，學姊的壓力真的山大，還要頂著主管的視線，關心友善包容。\n\n順便給初來乍到的學妹們，雖然新入職場真的跟白紙一樣，學的東西不一定能應用及融會貫通，但這些都是過程。\n\n我學妹常常跟我說：「學姊我回家都看了都讀了，但我一緊張還是忘光光。」\n嗯⋯以後就會記起來了啦⋯⋯\n記不起來就寫下來，小抄上班隨你翻。\n獨立後不懂就問願意教你的學姊吧\n\n「我的速度好慢覺得一直拖累到你⋯」\n呃⋯對啊哈哈哈哈！阿不是啦⋯⋯\n剛來誰會速度快，重要的是不要做出傷害病人的事，然後慢慢地進步加快速度。\n\n希望明年的自己，能比現在更進步。\n也很慶幸自己來到這個單位都和樂融融\n\n聽說要被追殺N3了🤯🤯🤯🤯","excerpt":"回首才突然發現護理生涯的第三個年頭了，記得第一年的茫然無措，常常靠北東靠北西，動不動把離職掛在嘴邊，單位鳳梨之一乖乖鎮不住。第二年怎麼行走鳳梨威力還那麼強，動不動就endo當水在喝，ICU像在跑廁所⋯","anonymousSchool":false,"anonymousDepartment":false,"pinned":false,"forumId":"b22d2f5d-3c06-4d08-96b8-770eb38e8f96","replyId":null,"createdAt":"2019-12-08T08:49:23.549Z","updatedAt":"2019-12-08T08:49:23.549Z","commentCount":18,"likeCount":1172,"tags":["HIDE_THUMBNAIL"],"topics":["護理","人生","心情","護理人生"],"supportedReactions":null,"withNickname":true,"reportReason":"","hiddenByAuthor":false,"meta":{"layout":"classic"},"forumName":"護理","forumAlias":"nursing","school":"N1","department":"ddavp_wbc","replyTitle":null,"gender":"F","personaSubscriptable":false,"reactions":[{"id":"286f599c-f86a-4932-82f0-f5a06f1eca03","count":1168},{"id":"514c2569-fd53-4d9d-a415-bf0f88e7329f","count":2},{"id":"011ead16-9b83-4729-9fde-c588920c6c2d","count":1},{"id":"e8e6bc5d-41b0-4129-b134-97507523d7ff","count":1}],"hidden":false,"customStyle":null,"isSuspiciousAccount":false,"layout":"classic","withImages":false,"withVideos":false,"media":[],"reportReasonText":"","mediaMeta":[],"postAvatar":""}