{"id":232661751,"title":"是否要讀二技","content":"小女子目前專四，一直在猶豫要不要唸二技。\n有稍微爬了一下文，大多數學長姐建議先唸完。\n今天有跟朋友討論一下\n他說在唸二技的這兩年內，同屆畢業的同學說不定已經升N2了，那二技畢業出來的薪水其實也跟五專畢業沒唸二技的差不了多少。\n那為什麼還要浪費時間去唸呢\n我不知道是不是真的，如果是真的說得也很有道理\n有些學長姐說，現在大部分的醫院會要求讀二技\n我怕五專畢業出來後，先工作再唸書，可能就不會像當學生時期一樣\n我自己不確定會在臨床待幾年，目前的想法是待個2.3年，稍微有些存款就換別的跑道\n但說不定到了臨床，實際工作後，會有不一樣的想法\n有之前也是跟我一樣有這些煩惱的學長姐嗎\n需要聽聽你們的想法~","excerpt":"小女子目前專四，一直在猶豫要不要唸二技。有稍微爬了一下文，大多數學長姐建議先唸完。今天有跟朋友討論一下，他說在唸二技的這兩年內，同屆畢業的同學說不定已經升N2了，那二技畢業出來的薪水其實也跟五專畢業沒","anonymousSchool":false,"anonymousDepartment":true,"pinned":false,"forumId":"b22d2f5d-3c06-4d08-96b8-770eb38e8f96","replyId":null,"createdAt":"2019-12-10T14:31:32.511Z","updatedAt":"2019-12-10T14:31:32.511Z","commentCount":17,"likeCount":24,"tags":[],"topics":["二技","護理","升學","學長姐幫幫我","詢問"],"supportedReactions":null,"withNickname":false,"reportReason":"","hiddenByAuthor":false,"meta":{"layout":"classic"},"forumName":"護理","forumAlias":"nursing","school":"新生醫護管理專科學校","replyTitle":null,"gender":"F","personaSubscriptable":null,"reactions":[{"id":"286f599c-f86a-4932-82f0-f5a06f1eca03","count":24}],"hidden":false,"customStyle":null,"isSuspiciousAccount":false,"layout":"classic","withImages":false,"withVideos":false,"media":[],"reportReasonText":"","mediaMeta":[],"postAvatar":""}