{"id":232637309,"title":"猶豫要不要讀二技","content":"如題\n現在專五了，學校老師也說比較建議直接進入職場\n但跑完實習後，選習單位學姊說一口氣讀完比較好，不然未來去在職進修很累等等諸如此類的話......\n猶豫是因為自己也不是愛讀書的人\n請問各位前輩覺得該讀完嗎 ? \n為了大學學歷","excerpt":"如題，現在專五了，學校老師也說比較建議直接進入職場，但跑完實習後，選習單位學姊說一口氣讀完比較好，不然未來去在職進修很累等等諸如此類的話......，猶豫是因為自己也不是愛讀書的人，請問各位前輩覺得該","anonymousSchool":false,"anonymousDepartment":true,"pinned":false,"forumId":"b22d2f5d-3c06-4d08-96b8-770eb38e8f96","replyId":null,"createdAt":"2019-12-06T11:36:09.874Z","updatedAt":"2019-12-06T11:36:35.002Z","commentCount":19,"likeCount":22,"tags":[],"topics":["二技","護理","升學"],"supportedReactions":null,"withNickname":false,"reportReason":"","hiddenByAuthor":false,"meta":{"layout":"classic"},"forumName":"護理","forumAlias":"nursing","school":"耕莘健康管理專科學校","replyTitle":null,"gender":"F","personaSubscriptable":null,"reactions":[{"id":"286f599c-f86a-4932-82f0-f5a06f1eca03","count":21},{"id":"514c2569-fd53-4d9d-a415-bf0f88e7329f","count":1}],"hidden":false,"customStyle":null,"isSuspiciousAccount":false,"layout":"classic","withImages":false,"withVideos":false,"media":[],"reportReasonText":"","mediaMeta":[],"postAvatar":""}