{"id":232678076,"title":"新人三個月精神科心得小分享","content":"常常在板上看到有人發問新人一畢業就去精神科合不合適 所以想說分享一下自己的心得(˶‾᷄ ⁻̫ ‾᷅˵)\n提供給還在迷惘的你們一個參考！\n大部分人都會認為去精神科前「有內外科經驗一兩年會比較好」\n但是！！\n我就是那個剛畢業就踏入精神科的小菜鳥一枚💪\n當然抉擇過程中也掙扎了很久\n但在這就不贅述自己的心路歷程\n\n首先，先介紹我的工作環境\n我是在某醫學中心精神科急性病房\n獨立一個月左右 三班都輪過\n\n那麼我就開始分享我的心得，綜合成以下兩點：\n1.心理疾病往往比生理疾病更難掌握\n其實很多人會認為有內外科經驗會比較好，這點我也是投支持票的！\n的確每次遇到內外科疾病多的病人都會很茫然\n但就是老話兩句\n「不會就是問」\n「虛心接受別人的教導」\n不懂就是問，坐在你旁邊的學姊就算臉再臭，只要你態度客氣的問他，我相信她對你態度也不會差到哪去👐👐\n（當然前提是你沒惹過他😊）\n而且護理這個行業就是團隊合作，如果你的病人很嚴重，相信學姊都很願意幫助你！\n（如果你平常做人還算成功的話啦🤔）\n以上是說明遇到生理疾病嚴重度高到病人時的作法\n但遇到心理疾病嚴重度高的病人時...\n就真的只能靠你自己的會談技巧了\n會談技巧並不真的像課本寫的這麼淺顯易懂\n說話的語氣、態度、用字遣詞甚至是立場都會影響整場會談\n有些病人需要你用強硬並具有侵略性的話語去刺激、要求他們，讓自己站在領導者的角色\n但有些病人卻又不一樣\n尤其很多病人擅長讓自己成為人生戲劇中的最悲情主角\n你這時就應選擇當個旁觀者，不順從也不反駁他\n只是理性的說出你的想法\n對於他們的要求\n合理的便答應 不合理的就應提出協商\n每場會談可能都會需要切換很多種角色\n每個病人也都有最適合他們的會談方式\n這都需要靠自己摸索！\n\n2.讓自己成為一顆太陽☀️\n很多精神科病人都會一直反覆入院\n或是回家後沒有規則服藥\n但他們來住院時可能都是個很乖的病人\n乖乖的吃藥乖乖的配合治療\n住院對他們來說可能才是短暫獲得喘息的機會\n這個社會其實對精神科病人不太友善\n他們工作時可能常常會受到歧視 \n也因為疾病關係他們情緒或是思路都很難維持穩定\n可能一小小的刺激就會讓他們內心潰堤\n所以評估出院後的計畫也是很大一個課題\n有些病人會談時會主動提及自己出院後的規劃\n這時不要吝嗇給予稱讚給予回饋\n有時候一句「我覺得你很適合這方面的工作」\n「我相信你可以辦到的」\n對他們來說都是大大的鼓勵\n再者，成為太陽的另一個層面就是當病人的短暫支持系統\n病人會反覆入院、服藥不規則有一部分也是因為出院後的支持系統太薄弱\n所以當他們住院時出現情緒起伏大或是心情低落情況時\n給予安慰及陪伴他們度過這個時期也是精神科重要的一環！\n當然，如果不習慣給予鼓勵，那麼就先練習自己再忙再累時都保持一個微笑吧😊\n「練習成為一個溫柔的人吧」！\n\n以上兩點是我覺得在精神科上班比較特別的經驗提供給各位～希望有幫助到你們更了解精神科一點點👌👌👌👌\n當然我也還有很多很多很多很多要學習的地方\n不管是哪科 護理就是學海無涯啊～～～","excerpt":"常常在板上看到有人發問新人一畢業就去精神科合不合適 所以想說分享一下自己的心得（˶‾᷄ ⁻̫ ‾᷅˵），提供給還在迷惘的你們一個參考！，大部分人都會認為去精神科前「有內外科經驗一兩年會比較好」但是！！","anonymousSchool":false,"anonymousDepartment":true,"pinned":false,"forumId":"b22d2f5d-3c06-4d08-96b8-770eb38e8f96","replyId":null,"createdAt":"2019-12-13T06:08:32.803Z","updatedAt":"2019-12-13T06:08:32.803Z","commentCount":29,"likeCount":599,"tags":["HIDE_THUMBNAIL"],"topics":["新人","精神科","護理"],"supportedReactions":null,"withNickname":false,"reportReason":"","hiddenByAuthor":false,"meta":{"layout":"classic"},"forumName":"護理","forumAlias":"nursing","school":"國立臺中科技大學","replyTitle":null,"gender":"F","personaSubscriptable":null,"reactions":[{"id":"286f599c-f86a-4932-82f0-f5a06f1eca03","count":597},{"id":"514c2569-fd53-4d9d-a415-bf0f88e7329f","count":2}],"hidden":false,"customStyle":null,"isSuspiciousAccount":false,"layout":"classic","withImages":false,"withVideos":false,"media":[],"reportReasonText":"","mediaMeta":[],"postAvatar":""}