{"id":232630636,"title":"臺大醫院門診護理師面試經驗","content":"臺大醫院門診護理師面試經驗\n該次面試時間為11/13星期三\n壹、面試方法：依照人事室規範，將履歷、授權書、考試及格證書等文件準時在期限內上傳至網站。\n貳、面試地點：台大護理部大教室。\n參、面試流程：\n（一）性向測試：只有是和否兩個選項。\n（二）筆試：考題內容與病房稍有不同，但比較簡單。翻譯題約10題，心臟、肺臟、肺炎、輸血、電腦斷層等。\n（三）面試：\n1.自我介紹一分鐘。\n2.對門診工作的了解。\n3.實習過台大醫院那些科別。\n4.有無考慮讀研究所?\n\n徵選20名護理師，11位來面試，錄取5名。\n \n官方版薪水:\n月薪約 28,500~40,000 元，享勞健保。  另依學、經歷提敘薪級，有紅利奬金（視醫院營運狀況發放）、考績獎金、年終獎金、 三節獎金等，以上均依本院相關規定核發。","excerpt":"臺大醫院門診護理師面試經驗，該次面試時間為11/13星期三，壹、面試方法：依照人事室規範，將履歷、授權書、考試及格證書等文件準時在期限內上傳至網站。貳、面試地點：台大護理部大教室。參、面試流程：（一）","anonymousSchool":false,"anonymousDepartment":true,"pinned":false,"forumId":"b22d2f5d-3c06-4d08-96b8-770eb38e8f96","replyId":null,"createdAt":"2019-12-05T10:21:15.650Z","updatedAt":"2019-12-06T10:50:22.523Z","commentCount":4,"likeCount":21,"tags":[],"topics":["面試","門診","臺大醫院","護理師","護理"],"supportedReactions":null,"withNickname":false,"reportReason":"","hiddenByAuthor":false,"meta":{"layout":"classic"},"forumName":"護理","forumAlias":"nursing","school":"國立陽明大學","replyTitle":null,"gender":"F","personaSubscriptable":null,"reactions":[{"id":"286f599c-f86a-4932-82f0-f5a06f1eca03","count":21}],"hidden":false,"customStyle":null,"isSuspiciousAccount":false,"layout":"classic","withImages":false,"withVideos":false,"media":[],"reportReasonText":"","mediaMeta":[],"postAvatar":""}