{"id":232609874,"title":"抽傭的寄生長照／你知道長照2.0預算有幾成在養「行政人員」嗎？","content":"「我也不能明白，政府透過高額長照預算「扶植」種種機構，不就等於變相「肥」了這些業者？一個機構「養」幾十位居服員，或者該說幾十位居服員「養」一個機構，這樣真的有比較好？為何不由政府相關機關統一約聘就好？行政費用不就可以省了不少？」\n\n節錄自「抽傭的寄生長照／你知道長照2.0預算有幾成在養「行政人員」嗎？」，https://udn.com/umedia/story/12758/4194597\n\n--\n我是一位新進的長期照顧計畫相關人員，主要是因為看到這篇報導，不曉得該去哪裡取暖只好找到這邊嗚嗚（上班偷寫的哈哈哈）\n\n我知道這很可能只是選舉操作的其中一步，然而為什麼有人真的會這麼想？我就隨便抓幾個Dcard上出現過的案例來分享：\n\n1. 督導的工作就是把她們（居服員）工作回來的報表輸入及其他行政工作\nhttps://www.dcard.tw/f/job/p/228982668 \n督導的工作真的能三言兩語道盡嗎？\n\n2. 居服員根本很少回到機構，機構的存在就是與政府機關打交道然後抽成 \nhttps://www.dcard.tw/f/trending/p/232476426\n政府設立這些機構所產生的功能您真的都了解嗎？\n\n3. 居服員既然替政府實現長照的生存照顧義務，由政府統一聘僱給薪也沒有什麼不合理之處，透過機構這些「白手套」要花大筆行政費用，不是等於原來應該用於照顧失能者的預算，另外養了很多行政人員與企業？\nhttps://www.dcard.tw/f/trending/p/232520242 \n所以照顧服務員一個人即可服務所有狀況的個案？\n\n4. 失能等級第八級，長照2.0只願給我們42次、每次3小時的居家喘息，連每週一次都不肯，然後三小時竟然要收1,155元\nhttps://www.dcard.tw/f/trending/p/232271816 \n第一，這個「1,155元」是帳面上的個案金額，全額不需要案家付費\n第二，您真的認為這樣的費用已經足夠了嗎？\n\n5. A單位也根本就是當地最有錢的私營醫院去經營，然後付了大筆金錢在居服員及失能者「以外」的人\nhttps://opinion.cw.com.tw/blog/profile/322/article/6823\n所以醫療產業就是做善事、做功德？\n\n最後一句，「如果捐給紅十字會的善款有一兩成比例用在行政就該被譴責，那長照2.0預算呢？」\n嗯？\n原來長照2.0真的直接被比照為「善款」了呢。","excerpt":"「我也不能明白，政府透過高額長照預算「扶植」種種機構，不就等於變相「肥」了這些業者？一個機構「養」幾十位居服員，或者該說幾十位居服員「養」一個機構，這樣真的有比較好？為何不由政府相關機關統一約聘就好？","anonymousSchool":false,"anonymousDepartment":false,"pinned":false,"forumId":"b22d2f5d-3c06-4d08-96b8-770eb38e8f96","replyId":null,"createdAt":"2019-12-02T03:50:44.443Z","updatedAt":"2019-12-02T03:50:44.443Z","commentCount":0,"likeCount":12,"tags":[],"topics":["長期照顧","行政人員","做功德","積陰德"],"supportedReactions":null,"withNickname":true,"reportReason":"","hiddenByAuthor":false,"meta":{"layout":"classic"},"forumName":"護理","forumAlias":"nursing","school":"Amber","department":"amberland","replyTitle":null,"gender":"M","personaSubscriptable":false,"reactions":[{"id":"286f599c-f86a-4932-82f0-f5a06f1eca03","count":12}],"hidden":false,"customStyle":null,"isSuspiciousAccount":false,"layout":"classic","withImages":false,"withVideos":false,"media":[],"reportReasonText":"","mediaMeta":[],"postAvatar":""}