{"id":232683820,"title":"#問 #意見 桃園醫院","content":"各位學長姐好，我是今年應屆畢業生，也有執照了～想請教桃園醫院有沒有推薦的～\n目前爬文，口袋名單有\n1.桃園國軍醫院804（感覺不缺人QQ\n2.桃園長庚醫院\n3.部桃\n\n想請問這幾間醫院的薪水福利和有沒有推薦的單位（氣氛好），個人很怕單位氣氛差的...或是學長姐...態度...摁....。\n自己也爬很多文，但很多文章問一問都沒下落，想說自己來發文詢問一次，也為其他要去桃園工作的同胞們作為參考❤️謝謝","excerpt":"各位學長姐好，我是今年應屆畢業生，也有執照了～想請教桃園醫院有沒有推薦的～目前爬文，口袋名單有，1.桃園國軍醫院804（感覺不缺人QQ，2.桃園長庚醫院，3.部桃，想請問這幾間醫院的薪水福利和有沒有推","anonymousSchool":false,"anonymousDepartment":true,"pinned":false,"forumId":"b22d2f5d-3c06-4d08-96b8-770eb38e8f96","replyId":null,"createdAt":"2019-12-14T05:56:36.794Z","updatedAt":"2019-12-14T12:38:52.896Z","commentCount":41,"likeCount":20,"tags":["HIDE_THUMBNAIL"],"topics":["桃園","醫院","護理師","學長姐幫幫我","詢問"],"supportedReactions":null,"withNickname":false,"reportReason":"","hiddenByAuthor":false,"meta":{"layout":"classic"},"forumName":"護理","forumAlias":"nursing","school":"中華醫事科技大學","replyTitle":null,"gender":"F","personaSubscriptable":null,"reactions":[{"id":"286f599c-f86a-4932-82f0-f5a06f1eca03","count":19},{"id":"e8e6bc5d-41b0-4129-b134-97507523d7ff","count":1}],"hidden":false,"customStyle":null,"isSuspiciousAccount":false,"layout":"classic","withImages":false,"withVideos":false,"media":[],"reportReasonText":"","mediaMeta":[],"postAvatar":""}