{"id":232645337,"title":"RCC實習準備","content":"寒假要去RCC最後一哩了\n因為不熟悉單位屬性再加上跟之前高護待過的單位差很多，所以很緊張😓\n\n想請問有待過RCC或者曾在RCC實習過的學長姊\n除了內外的呼吸系統看熟外，還有哪些書或者技術需要特別準備？\n\n\n\n謝謝🙏🏻","excerpt":"寒假要去RCC最後一哩了，因為不熟悉單位屬性再加上跟之前高護待過的單位差很多，所以很緊張，想請問有待過RCC或者曾在RCC實習過的學長姊，除了內外的呼吸系統看熟外，還有哪些書或者技術需要特別準備？謝謝","anonymousSchool":false,"anonymousDepartment":false,"pinned":false,"forumId":"b22d2f5d-3c06-4d08-96b8-770eb38e8f96","replyId":null,"createdAt":"2019-12-07T18:49:17.059Z","updatedAt":"2019-12-07T18:52:37.197Z","commentCount":4,"likeCount":10,"tags":["HIDE_THUMBNAIL"],"topics":["學長姐幫幫我","選習"],"supportedReactions":null,"withNickname":true,"reportReason":"","hiddenByAuthor":false,"meta":{"layout":"classic"},"forumName":"護理","forumAlias":"nursing","school":"匿名","department":"qq_nuy","replyTitle":null,"gender":"F","personaSubscriptable":false,"reactions":[{"id":"286f599c-f86a-4932-82f0-f5a06f1eca03","count":10}],"hidden":false,"customStyle":null,"isSuspiciousAccount":false,"layout":"classic","withImages":false,"withVideos":false,"media":[],"reportReasonText":"","mediaMeta":[],"postAvatar":""}