{"id":232691604,"title":"建議轉考到進修部嗎？","content":"原因是在原校的成績不理想\n幾學期的必修也沒有過幾個\n就撇除選修的課程 (修完了)\n\n對護理這職業 也不是沒有著期待\n所以才在想 夜間部可能會好讀點\n不過是會想要讀 進修部的日間班\n\n1. 如果有轉到 不知道能不能到日間呢？\n2. 建議轉考到 中臺護理系(進修部)嗎？\n3. 護理系是進修部畢業 會難找工作嗎？\n\n⚠️ 現就讀四技二上學期\n⚠️ 日間是中臺「進修部」的日間班","excerpt":"原因是在原校的成績不理想，幾學期的必修也沒有過幾個，就撇除選修的課程 （修完了），對護理這職業 也不是沒有著期待，所以才在想 夜間部可能會好讀點，不過是會想要讀 進修部的日間班，1. 如果有轉到 不知","anonymousSchool":false,"anonymousDepartment":false,"pinned":false,"forumId":"b22d2f5d-3c06-4d08-96b8-770eb38e8f96","replyId":null,"createdAt":"2019-12-15T13:57:55.609Z","updatedAt":"2019-12-15T14:00:25.399Z","commentCount":7,"likeCount":3,"tags":["HIDE_THUMBNAIL"],"topics":["護理","轉學考","進修部"],"supportedReactions":null,"withNickname":false,"reportReason":"","hiddenByAuthor":false,"meta":{"layout":"classic"},"forumName":"護理","forumAlias":"nursing","school":"輔英科技大學","department":"護理系","replyTitle":null,"gender":"F","personaSubscriptable":false,"reactions":[{"id":"286f599c-f86a-4932-82f0-f5a06f1eca03","count":3}],"hidden":false,"customStyle":null,"isSuspiciousAccount":false,"layout":"classic","withImages":false,"withVideos":false,"media":[],"reportReasonText":"","mediaMeta":[],"postAvatar":""}