{"id":232642013,"title":"關於執照學分","content":"我想請問各位學長姐\n若是沒有在醫院等臨床工作\n想要去一般的診所工作\n想要修執照的學分數\n請問應該要去哪裡上課呢\n我沒有醫院的管道\n聽說網路可以修\n但也不知道去哪裡上\n\n\n也聽說要職登前是不是有規定要修一些學分嗚嗚\n求解嗚嗚嗚嗚","excerpt":"我想請問各位學長姐，若是沒有在醫院等臨床工作，想要去一般的診所工作，想要修執照的學分數，請問應該要去哪裡上課呢，我沒有醫院的管道，聽說網路可以修，但也不知道去哪裡上，也聽說要職登前是不是有規定要修一些","anonymousSchool":false,"anonymousDepartment":false,"pinned":false,"forumId":"b22d2f5d-3c06-4d08-96b8-770eb38e8f96","replyId":null,"createdAt":"2019-12-07T08:52:01.628Z","updatedAt":"2019-12-07T08:52:01.628Z","commentCount":9,"likeCount":10,"tags":["HIDE_THUMBNAIL"],"topics":["執照","學分","護理"],"supportedReactions":null,"withNickname":true,"reportReason":"","hiddenByAuthor":false,"meta":{"layout":"classic"},"forumName":"護理","forumAlias":"nursing","school":"匿名","department":"ab0423","replyTitle":null,"gender":"F","personaSubscriptable":false,"reactions":[{"id":"286f599c-f86a-4932-82f0-f5a06f1eca03","count":10}],"hidden":false,"customStyle":null,"isSuspiciousAccount":false,"layout":"classic","withImages":false,"withVideos":false,"media":[],"reportReasonText":"","mediaMeta":[],"postAvatar":""}