{"id":232614442,"title":"N3個案報告書寫分享PART1","content":"更新！PART2出來啦！\nN3個案報告書寫分享PART2  \nhttps://www.dcard.tw/f/nursing/p/232652710?cid=94D711DD-FC26-4F97-AD94-00450B18A2F6\n\n再更新！最後一部出來啦！\nN3個案報告書寫分享PART3  https://www.dcard.tw/f/nursing/p/232702266?cid=84E26EBE-060D-4AA4-B653-172C23417935\n\n以下原文⬇️⬇️\n首先要恭喜通過108年第二次個案報告的所有夥伴們！\n今年共計1430件、通過673件，也就是有757位朋友很不幸沒有通過。\n\n而我，很有幸的在第一次書寫就通過了。\n\n所以我想分享我的經驗，給還在努力甚至還沒開始的你（妳），一個繼續撐下去或是準備開始的理由，希望我的分享你們會喜歡。\n\n📍首先，我不知道我的文章會有幾part？所以先分類再說吧！之後陸續更新會在放上來的。\n📍第一篇我會放在如何準備？跟在開始動筆前該如何調整心態或是一些心得的分享。\n📍再來，進不進階完全是個人意志，我並沒有什麼看人眼低的問題。這篇文章不討論極端現象（我就不想寫要不然要怎樣？我就想萬年N0、我可能一年就離職了⋯）\n📍你要寫你可以看我這篇；你不寫你也可以看我這篇當作是看一篇文章罷了，如果可以的話幫我按個愛心❤️跟分享給你的朋友吧！（這是重點的哈哈😂）\n\n好了說了這麼多，準備好我們就開始吧！\n\n🔠為什麼要寫個案報告？\n其實對我來說最重要是為了💰💰\n沒錯！你可以說我就是現實，但為什麼要跟錢過意不去？\n在我的環境，每個層級每一個月都加500，N3可以加到2500，一年就30000了耶！\n對我來說不會太難達成的目標又可以加錢，我會去做。\n\n就算N2好了，我忘記加多少了假設1000，一年也有12000。\n你說N2難嗎？院內自己人審，而且有寫有機會，通過率幾乎100%，應該不難吧？\n一年多一個12000，等於可以買多少你喜歡的東西了？（交給各位去衡量了）\n\n🔠除了錢還有其他的嗎？\n當然也是有，💰只是我在意的其中一樣，還有一個原因：因為它可以帶著走。\n我想同為護理人大家都知道，只有N3護理學會認證的幾乎所有醫院都會認。\n今天當我A醫院膩了想換到B或C，只有N1，很抱歉你可能要從0開始\n那這樣我前面寫的不都白費了嗎？沒錯！跟一張廢紙一樣。（醫院發的那個通過N1/N2的小獎狀，真的跟廢紙沒兩樣🙄）\n\n那你可能會說：我也不知道自己能做多久啊？阿就不想啊！⋯等等\n\n#我說過這篇文章不討論極端現象。\n\n我討論的是如何運用你現有的時間跟資源去完成這份護理作業。\n在醫院你有很多資源可以幫你：有學長姐可以改報告、有個案可以選、有同事的報告可以參考、有圖書館可以運用、有線上資源可以運用⋯等太多了！\n\n而我當初給自己的目標就是我想再這個臨床至少三年，存一些夢想基金（？）再討論後面的生涯規劃，畢竟我都是靠自己，所有一點一滴都要自己努力。\n所以我有了目標：既然要三年那就至少帶個N3走吧！\n\n🔠那我有了目標，該如何開始呢？\n看到這邊我相信你也開始有了一點目標及興趣要開始了吧？如果沒有你可以關掉了，如果有請繼續往下閱讀吧！\n\n首先當然是要有個案，還有書寫方向。可能因為我在急症的關係，病人來來去去很快，所以我可以寫的內容可以比較簡潔⋯\n但⋯就是這個But！！\n如何把在急診的照護寫的有邏輯、具體可行、甚至可讓後人參考？\n這其實是一件很難的事情。（後面會說明）\n所以⋯\n\n#當你決定開始時，就不要想著放棄，要不然你就不要開始。\n\n再來就是你想要寫的是什麼樣的Case？\n獨特的？深度的？特別的？一般的？\n這些都要看你選的個案或是疾病的文獻多寡。\n所以在開始前我建議可以線上搜尋一下文獻，\n看看你選的個案不管年紀、性別、疾病、心靈、護理問題等等，是否有足夠的文獻去support你整篇文章？如果不夠，看是哪方面不夠？試著去修正它，或許就會有不一樣的IDEA喲！\n\n📍當你準備好了心態（我決定為我的錢著想！）\n📍也決定好了個案（就是他了錯不了！他一定可以讓我過）\n📍那就可以開始動工啦！\n\n先偷偷告訴大家，我在108年1月新年目標其中一項就是要寫過N3，那時候我寫這個心願在我的記事本上，我還偷笑了一下！\n：我？不可能完成的吧！跟人家湊什麼熱鬧啦！N3這麼難寫我沒辦法啦！\n後來單位很有幸開了課，名義上是教如何書寫，但其實大部分都是在幫你訂時間交報告。（有list的那種）\n3月開始上課，一開始我很認真教了報告，但後面越來越難，於是在四五月產生放棄的念頭，也沒什麼在動筆⋯\n直到六月學姊說月底要總結了你寫這什麼東西？你還打算要升嗎？（其實我從來沒有打算要升過啊姊！）\n後來想想，這樣放棄好像太廢了吧！這麼容易就放棄？而且交一次要1600耶！\n我怎麼可以讓我的💰放水流？\n於是乎⋯我就努力趕上前啦！\n\n以上我要表達的是：\n#有一個schedule 非常重要！\n#你怎麼看待你的報告這件事情更重要！\n\n如果你只是青菜寫寫、青菜改改、或是你只是想著：因為XX學姊叫我寫、因為XX朋友也在寫⋯\n那你的成績也會青菜回你。\n每一個討論、每一個建議都有它的必要性，身為一個護理師你要的是要動腦思考！\n究竟這個建議能不能用？可以就用，不可以就換個方式。\n\n⏹好了以上就是PART1的部分，希望對你會有幫助。\n接下來讓我寫好PART2再跟大家分享吧！\n⏹如果你有好的建議可以底下留言分享給大家喲！\n⏹讓我們一起努力衝破它吧！\nhttps://i.imgur.com/oWkSgWD.jpg","excerpt":"更新！PART2出來啦！，N3個案報告書寫分享PART2，再更新！最後一部出來啦！，N3個案報告書寫分享PART3，以下原文⬇️⬇️，首先要恭喜通過108年第二次個案報告的所有夥伴們！，今年共計143","anonymousSchool":false,"anonymousDepartment":false,"pinned":false,"forumId":"b22d2f5d-3c06-4d08-96b8-770eb38e8f96","replyId":null,"createdAt":"2019-12-02T17:00:51.109Z","updatedAt":"2019-12-17T04:52:25.603Z","commentCount":23,"likeCount":276,"tags":[],"topics":["報告","護理","個案","醫院","護理師"],"supportedReactions":null,"withNickname":true,"reportReason":"","hiddenByAuthor":false,"meta":{"layout":"classic"},"forumName":"護理","forumAlias":"nursing","school":"ER鋼鐵Nurse","department":"stu89389","replyTitle":null,"gender":"M","personaSubscriptable":null,"reactions":[{"id":"286f599c-f86a-4932-82f0-f5a06f1eca03","count":276}],"hidden":false,"customStyle":null,"isSuspiciousAccount":false,"layout":"classic","withImages":true,"withVideos":false,"media":[{"url":"https://i.imgur.com/oWkSgWD.jpg"}],"reportReasonText":"","mediaMeta":[{"id":"acfa8cd6-c4ba-4895-a385-b188b3ad030f","url":"https://i.imgur.com/oWkSgWDl.jpg","normalizedUrl":"https://i.imgur.com/oWkSgWDl.jpg","thumbnail":"https://i.imgur.com/oWkSgWDl.jpg","type":"image/thumbnail","tags":["ANNOTATED"],"createdAt":"2019-12-02T17:00:51.109Z","updatedAt":"2019-12-17T04:52:25.603Z"},{"id":"acfa8cd6-c4ba-4895-a385-b188b3ad030f","url":"https://i.imgur.com/oWkSgWD.jpg","normalizedUrl":"https://imgur.com/oWkSgWD","thumbnail":"https://i.imgur.com/oWkSgWDl.jpg","type":"image/imgur","tags":["ANNOTATED"],"createdAt":"2019-12-02T17:00:51.109Z","updatedAt":"2019-12-17T04:52:25.603Z"}],"postAvatar":""}