{"id":232689641,"title":"子宮破裂胎心音","content":"不好意思各位學長學姊\n最近在做子宮破裂的報告\n有幾個問題不懂想請教\n\n問題：為什麼子宮破裂補充輸液（點滴）、給予氧氣、產婦採左側臥都無法改善胎兒的胎心音\n\n子宮破裂可能會造成胎盤剝離，進而造成胎心音晚期減速，這時不是依照晚期減速的處理方式就應該可以改善嗎？為什麼不行啊？\n\n實在是做報告做到頭昏腦脹的\n\n麻煩學長姊替無知的我解答\n在此感謝各位學長姊","excerpt":"不好意思各位學長學姊，最近在做子宮破裂的報告，有幾個問題不懂想請教，問題：為什麼子宮破裂補充輸液（點滴）、給予氧氣、產婦採左側臥都無法改善胎兒的胎心音，子宮破裂可能會造成胎盤剝離，進而造成胎心音晚期減","anonymousSchool":false,"anonymousDepartment":false,"pinned":false,"forumId":"b22d2f5d-3c06-4d08-96b8-770eb38e8f96","replyId":null,"createdAt":"2019-12-15T07:37:31.001Z","updatedAt":"2019-12-15T07:37:31.001Z","commentCount":7,"likeCount":28,"tags":[],"topics":["子宮","學長姐幫幫我","詢問","問題"],"supportedReactions":null,"withNickname":false,"reportReason":"","hiddenByAuthor":false,"meta":{"layout":"classic"},"forumName":"護理","forumAlias":"nursing","school":"新生醫護管理專科學校","department":"護理科","replyTitle":null,"gender":"F","personaSubscriptable":false,"reactions":[{"id":"286f599c-f86a-4932-82f0-f5a06f1eca03","count":25},{"id":"4b018f48-e184-445f-adf1-fc8e04ba09b9","count":2},{"id":"e8e6bc5d-41b0-4129-b134-97507523d7ff","count":1}],"hidden":false,"customStyle":null,"isSuspiciousAccount":false,"layout":"classic","withImages":false,"withVideos":false,"media":[],"reportReasonText":"","mediaMeta":[],"postAvatar":""}