{"id":232695440,"title":"想請問 聯醫松德面試","content":"各位學長學姊學弟妹好\n我在精神科有3年的經驗\n因為長輩要搬家到台北\n只好再另找工作\n\n有先上網爬文 松德的部分了\n可能因為精神科的關係 參考甚少\n想詢問 松德醫院面試的過程 跟筆試的範圍\n最重要的還是 筆試的範圍深廣\n很擔心畢業久了 除了經驗 其他都還老師了😭","excerpt":"各位學長學姊學弟妹好，我在精神科有3年的經驗，因為長輩要搬家到台北，只好再另找工作，有先上網爬文 松德的部分了，可能因為精神科的關係 參考甚少，想詢問 松德醫院面試的過程 跟筆試的範圍，最重要的還是 ","anonymousSchool":false,"anonymousDepartment":false,"pinned":false,"forumId":"b22d2f5d-3c06-4d08-96b8-770eb38e8f96","replyId":null,"createdAt":"2019-12-16T05:56:22.910Z","updatedAt":"2019-12-16T05:56:22.910Z","commentCount":4,"likeCount":10,"tags":["HIDE_THUMBNAIL"],"topics":["松德","護理","面試","護理師","護理板"],"supportedReactions":null,"withNickname":false,"reportReason":"","hiddenByAuthor":false,"meta":{"layout":"classic"},"forumName":"護理","forumAlias":"nursing","school":"輔英科技大學","department":"護理系","replyTitle":null,"gender":"F","personaSubscriptable":null,"reactions":[{"id":"286f599c-f86a-4932-82f0-f5a06f1eca03","count":10}],"hidden":false,"customStyle":null,"isSuspiciousAccount":false,"layout":"classic","withImages":false,"withVideos":false,"media":[],"reportReasonText":"","mediaMeta":[],"postAvatar":""}