{"id":232643639,"title":"對護理沒熱忱的你們會怎麼選擇","content":"如題，畢業應屆生對護理沒什麼熱忱，已經在新北某間醫院工作半年，離家約20分鐘。\n但最近思考了很久覺得這個環境沒有很喜歡，如果是你們會換到離家近但薪水可能沒那麼高，還是繼續待在一個已經習慣他的常規薪水偏高但很多事情常常都要自己撿起來做三不五時還要處理大大小小的事更別說要應付學姐了，麻煩大家幫我分析🙏","excerpt":"如題，畢業應屆生對護理沒什麼熱忱，已經在新北某間醫院工作半年，離家約20分鐘。但最近思考了很久覺得這個環境沒有很喜歡，如果是你們會換到離家近但薪水可能沒那麼高，還是繼續待在一個已經習慣他的常規薪水偏高","anonymousSchool":false,"anonymousDepartment":true,"pinned":false,"forumId":"b22d2f5d-3c06-4d08-96b8-770eb38e8f96","replyId":null,"createdAt":"2019-12-07T14:15:31.625Z","updatedAt":"2019-12-07T14:15:31.625Z","commentCount":16,"likeCount":30,"tags":["HIDE_THUMBNAIL"],"topics":["護理","醫院"],"supportedReactions":null,"withNickname":false,"reportReason":"","hiddenByAuthor":false,"meta":{"layout":"classic"},"forumName":"護理","forumAlias":"nursing","school":"弘光科技大學","replyTitle":null,"gender":"F","personaSubscriptable":null,"reactions":[{"id":"286f599c-f86a-4932-82f0-f5a06f1eca03","count":30}],"hidden":false,"customStyle":null,"isSuspiciousAccount":false,"layout":"classic","withImages":false,"withVideos":false,"media":[],"reportReasonText":"","mediaMeta":[],"postAvatar":""}