{"id":232637132,"title":"洗腎室上下針速度之類的事","content":"跪求廣大護理界同仁們的回覆\n\n我是今年畢業直接進洗腎室工作的新人\n目前工作快半年了 \n獨立3個月\n不知為何完全進入厭惡期\n我不知道我是不滿意自己還是不爽制度\n\n上7:30的班 我打6:52分的卡 永遠被記異常\n到現在護理長說人事在盯我😕\n\n6:52分從大門搭電梯到更衣間換衣服\n6:56分看日報卡哪一段 看病人體重 對AK等等\n7:00抽抗凝劑 推血壓計 推治療車\n7:04開始裝第一床管路到第四床\n7:24準備開始打第一個病人\n平均一個病人評估血管  消毒 撕紙膠 on 針 接血 量血壓 面板設定也要8分鐘（不照sop ⋯ 照sop至少12分鐘吧 （光洗手就不知道要花多少時間\n於是大約於7:55分打完第四個病人\n\n真的是我動作太慢嗎⋯ \n看似上7:30的班 壓根7點前要到\n可悲的是我樂意早上班還不行\n延遲上針的後果是什麼？\n下一班病人的抱怨！ \n更衰有晚班病人一定堅持洗好洗滿還害學姐們底累下班⋯ \n\n啊不就是罪人 😐\n沒照sop走 但是也沒違反無菌原則\n天 ！ 我真的快要爆炸💥 \n\n拜託告訴我 我是不是真的太慢😭","excerpt":"跪求廣大護理界同仁們的回覆，我是今年畢業直接進洗腎室工作的新人，目前工作快半年了，獨立3個月，不知為何完全進入厭惡期，我不知道我是不滿意自己還是不爽制度，上7：30的班 我打6：52分的卡 永遠被記異","anonymousSchool":false,"anonymousDepartment":true,"pinned":false,"forumId":"b22d2f5d-3c06-4d08-96b8-770eb38e8f96","replyId":null,"createdAt":"2019-12-06T11:05:19.274Z","updatedAt":"2019-12-06T11:05:19.274Z","commentCount":7,"likeCount":29,"tags":["HIDE_THUMBNAIL"],"topics":["洗腎","透析"],"supportedReactions":null,"withNickname":false,"reportReason":"","hiddenByAuthor":false,"meta":{"layout":"classic"},"forumName":"護理","forumAlias":"nursing","school":"國立臺北護理健康大學","replyTitle":null,"gender":"F","personaSubscriptable":false,"reactions":[{"id":"286f599c-f86a-4932-82f0-f5a06f1eca03","count":29}],"hidden":false,"customStyle":null,"isSuspiciousAccount":false,"layout":"classic","withImages":false,"withVideos":false,"media":[],"reportReasonText":"","mediaMeta":[],"postAvatar":""}