{"id":232620355,"title":"我非常難過害怕","content":"各位學長姐好\n我是一位護生\n在我小學時我的爺爺就過世了在一間醫院\n那時爺爺幾乎每天都待在急診室\n我每天看著很多人送進來\n也不少看見醫護人員進行搶救\n家屬的悲痛\n又或者搶救成功的喜極而泣\n那時心中響起如果我未來也能站在前線救人\n會不會我能挽救更多人\n就不會有那麼多家屬傷心難過\n所以我來到了護理系\n那時心中就已定要走急診\n課業繁忙都沒有打倒我\n但.....在醫院實習的這段期間\n我身臨急診\n當真的需要我去進行搶救時\n我當下心裡非常的害怕\n我害怕我救不了他\n我看著車禍得人被送進來全身是血\n我難過我很想哭我渾身都發抖\n看著這個場景我很悲傷\n到這時我開始質疑我自己\n真的走的了護理嗎？我真的能救人嗎？\n我害怕我會悲傷到不能自己\n我是不是真的不能走急診\n很多人說走久了會麻木\n但是我看到真的非常傷心難過即使我跟病患一點都不熟識......\n能有人給我建議嗎⋯⋯","excerpt":"各位學長姐好，我是一位護生，在我小學時我的爺爺就過世了在一間醫院，那時爺爺幾乎每天都待在急診室，我每天看著很多人送進來，也不少看見醫護人員進行搶救，家屬的悲痛，又或者搶救成功的喜極而泣，那時心中響起如","anonymousSchool":false,"anonymousDepartment":false,"pinned":false,"forumId":"b22d2f5d-3c06-4d08-96b8-770eb38e8f96","replyId":null,"createdAt":"2019-12-03T16:21:58.914Z","updatedAt":"2019-12-03T16:21:58.914Z","commentCount":23,"likeCount":47,"tags":["HIDE_THUMBNAIL"],"topics":["醫院","心情","壓力","護理人生","學長姐幫幫我"],"supportedReactions":null,"withNickname":true,"reportReason":"","hiddenByAuthor":false,"meta":{"layout":"classic"},"forumName":"護理","forumAlias":"nursing","school":"希臘護理獅","department":"bangya","replyTitle":null,"gender":"F","personaSubscriptable":false,"reactions":[{"id":"286f599c-f86a-4932-82f0-f5a06f1eca03","count":45},{"id":"514c2569-fd53-4d9d-a415-bf0f88e7329f","count":2}],"hidden":false,"customStyle":null,"isSuspiciousAccount":false,"layout":"classic","withImages":false,"withVideos":false,"media":[],"reportReasonText":"","mediaMeta":[],"postAvatar":""}