{"id":232655335,"title":"一位new nurse 的自製梗圖","content":"在工作之餘，\n只能自娛娛人，\n製作一些梗圖娛樂自己嗚嗚嗚⋯⋯\n以下分享\n一些臨床上遇到的相似圖片( ´･ᴗ･` )\nhttps://i.imgur.com/MWo37N4.jpg\n請叫我護理師感謝你～\nhttps://i.imgur.com/IMcHMzL.jpg\n每天都有接不完的紅鈴\nhttps://i.imgur.com/i5e4Pit.jpg\nNew nurse 的喜悅：學姊的誇獎、病人的回饋\nhttps://i.imgur.com/l1RLop8.jpg\n每次抽藥，都會噴的手都是\nhttps://i.imgur.com/bqKFYNH.jpg\n充滿異味的傷口～ \nhttps://i.imgur.com/hTduDSV.jpg\n每次要用的時候，氧氣瓶都沒氣QQ\nhttps://i.imgur.com/WpADR3s.jpg\n把醫院當飯店的病人：）\nhttps://i.imgur.com/afyI9BP.jpg\n真滴不喜歡快到交接班的時候接新病人\nhttps://i.imgur.com/K4ZEGSX.jpg\n很怕被小夜的學姊討厭的我嗚嗚嗚\n- - - - - -\n以下補充個笑話\n學姊：這個血液培養瓶可以先用喔，有個阿嬤說算命的說不能抽血。\n正在發藥的我：（噴笑）那算命的有說他不能住院嗎？哈哈哈哈\n\n\n以上就是我\n枯燥乏味的new nurse 人生\n感謝大家收看\n希望能逗笑你們","excerpt":"在工作之餘，只能自娛娛人，製作一些梗圖娛樂自己嗚嗚嗚⋯⋯，以下分享，一些臨床上遇到的相似圖片（ ´･ᴗ･` ），請叫我護理師感謝你～每天都有接不完的紅鈴，New nurse 的喜悅：學姊的誇獎、病人的","anonymousSchool":false,"anonymousDepartment":false,"pinned":false,"forumId":"b22d2f5d-3c06-4d08-96b8-770eb38e8f96","replyId":null,"createdAt":"2019-12-09T14:31:48.925Z","updatedAt":"2019-12-09T14:32:41.942Z","commentCount":113,"likeCount":991,"tags":[],"topics":["護理","醫院"],"supportedReactions":null,"withNickname":false,"reportReason":"","hiddenByAuthor":false,"meta":{"layout":"classic"},"forumName":"護理","forumAlias":"nursing","school":"樹人醫護管理專科學校","department":"護理科","replyTitle":null,"gender":"F","personaSubscriptable":null,"reactions":[{"id":"286f599c-f86a-4932-82f0-f5a06f1eca03","count":956},{"id":"e8e6bc5d-41b0-4129-b134-97507523d7ff","count":33},{"id":"4b018f48-e184-445f-adf1-fc8e04ba09b9","count":2}],"hidden":false,"customStyle":null,"isSuspiciousAccount":false,"layout":"classic","withImages":true,"withVideos":false,"media":[{"url":"https://i.imgur.com/MWo37N4.jpg"},{"url":"https://i.imgur.com/IMcHMzL.jpg"},{"url":"https://i.imgur.com/i5e4Pit.jpg"},{"url":"https://i.imgur.com/l1RLop8.jpg"},{"url":"https://i.imgur.com/bqKFYNH.jpg"},{"url":"https://i.imgur.com/hTduDSV.jpg"},{"url":"https://i.imgur.com/WpADR3s.jpg"},{"url":"https://i.imgur.com/afyI9BP.jpg"},{"url":"https://i.imgur.com/K4ZEGSX.jpg"}],"reportReasonText":"","mediaMeta":[{"id":"2e37b2d1-689e-4b59-8dc1-3b2dfde2607f","url":"https://i.imgur.com/MWo37N4l.jpg","normalizedUrl":"https://i.imgur.com/MWo37N4l.jpg","thumbnail":"https://i.imgur.com/MWo37N4l.jpg","type":"image/thumbnail","tags":["ANNOTATED"],"createdAt":"2019-12-09T14:31:48.925Z","updatedAt":"2019-12-09T14:32:41.942Z"},{"id":"2e37b2d1-689e-4b59-8dc1-3b2dfde2607f","url":"https://i.imgur.com/MWo37N4.jpg","normalizedUrl":"https://imgur.com/MWo37N4","thumbnail":"https://i.imgur.com/MWo37N4l.jpg","type":"image/imgur","tags":["ANNOTATED"],"createdAt":"2019-12-09T14:31:48.925Z","updatedAt":"2019-12-09T14:32:41.942Z"},{"id":"3ba09f2f-d109-46e5-ad0b-683e3a717e52","url":"https://i.imgur.com/IMcHMzL.jpg","normalizedUrl":"https://imgur.com/IMcHMzL","thumbnail":"https://i.imgur.com/IMcHMzLl.jpg","type":"image/imgur","tags":["ANNOTATED"],"createdAt":"2019-12-09T14:31:48.925Z","updatedAt":"2019-12-09T14:32:41.942Z"},{"id":"c459c8d5-4060-43b6-8a77-75feba5cc5e3","url":"https://i.imgur.com/i5e4Pit.jpg","normalizedUrl":"https://imgur.com/i5e4Pit","thumbnail":"https://i.imgur.com/i5e4Pitl.jpg","type":"image/imgur","tags":["ANNOTATED","GOOGLE_VISION_ADULT_LIKELY","SAFE"],"createdAt":"2019-12-09T14:31:48.925Z","updatedAt":"2019-12-09T14:32:41.942Z"},{"id":"381052e9-0f80-44fe-9adc-7d59d4987a5c","url":"https://i.imgur.com/l1RLop8.jpg","normalizedUrl":"https://imgur.com/l1RLop8","thumbnail":"https://i.imgur.com/l1RLop8l.jpg","type":"image/imgur","tags":["ANNOTATED"],"createdAt":"2019-12-09T14:31:48.925Z","updatedAt":"2019-12-09T14:32:41.942Z"},{"id":"9aa9c57b-982f-43d7-8a58-7993aaff80f4","url":"https://i.imgur.com/bqKFYNH.jpg","normalizedUrl":"https://imgur.com/bqKFYNH","thumbnail":"https://i.imgur.com/bqKFYNHl.jpg","type":"image/imgur","tags":["ANNOTATED"],"createdAt":"2019-12-09T14:31:48.925Z","updatedAt":"2019-12-09T14:32:41.942Z"},{"id":"4bc0db24-e2c5-4432-8751-a1b7a34f0430","url":"https://i.imgur.com/hTduDSV.jpg","normalizedUrl":"https://imgur.com/hTduDSV","thumbnail":"https://i.imgur.com/hTduDSVl.jpg","type":"image/imgur","tags":["ANNOTATED"],"createdAt":"2019-12-09T14:31:48.925Z","updatedAt":"2019-12-09T14:32:41.942Z"},{"id":"509cc19f-118c-4adc-a227-1f7b48343924","url":"https://i.imgur.com/WpADR3s.jpg","normalizedUrl":"https://imgur.com/WpADR3s","thumbnail":"https://i.imgur.com/WpADR3sl.jpg","type":"image/imgur","tags":["ANNOTATED"],"createdAt":"2019-12-09T14:31:48.925Z","updatedAt":"2019-12-09T14:32:41.942Z"},{"id":"fc518574-c66d-4a31-ae95-6d583cb49c30","url":"https://i.imgur.com/afyI9BP.jpg","normalizedUrl":"https://imgur.com/afyI9BP","thumbnail":"https://i.imgur.com/afyI9BPl.jpg","type":"image/imgur","tags":["ANNOTATED"],"createdAt":"2019-12-09T14:31:48.925Z","updatedAt":"2019-12-09T14:32:41.942Z"},{"id":"d68330b5-dd17-452c-8292-39e296543bb1","url":"https://i.imgur.com/K4ZEGSX.jpg","normalizedUrl":"https://imgur.com/K4ZEGSX","thumbnail":"https://i.imgur.com/K4ZEGSXl.jpg","type":"image/imgur","tags":["ANNOTATED"],"createdAt":"2019-12-09T14:31:48.925Z","updatedAt":"2019-12-09T14:32:41.942Z"}],"postAvatar":""}