{"id":232722267,"title":"職場跟朋友論","content":"我不知道大家有沒有遇過類似的事情\n我在外面有認識一位朋友\n我介紹對方來我醫院工作 因為醫院不外乎就是缺人；但是有人說一定要感情很好很好才會介紹他來工作嗎\n因為現在的我壓力很大\n老是會被說某某某他不是你的好朋友嗎 你們不是認識嗎\n\n可以跟他說一下不要怎樣怎樣 不要留一堆屎給別人 還是怎樣怎樣的嗎\n\n我現在真的很討厭跟他同單位工作🙄🙄🙄","excerpt":"我不知道大家有沒有遇過類似的事情，我在外面有認識一位朋友，我介紹對方來我醫院工作 因為醫院不外乎就是缺人；但是有人說一定要感情很好很好才會介紹他來工作嗎，因為現在的我壓力很大，老是會被說某某某他不是你","anonymousSchool":false,"anonymousDepartment":true,"pinned":false,"forumId":"b22d2f5d-3c06-4d08-96b8-770eb38e8f96","replyId":null,"createdAt":"2019-12-19T19:02:23.573Z","updatedAt":"2019-12-19T19:02:23.573Z","commentCount":8,"likeCount":12,"tags":["HIDE_THUMBNAIL"],"topics":["朋友","職場","護理","醫院","護理師"],"supportedReactions":null,"withNickname":false,"reportReason":"","hiddenByAuthor":false,"meta":{"layout":"classic"},"forumName":"護理","forumAlias":"nursing","school":"長庚科技大學","replyTitle":null,"gender":"F","personaSubscriptable":false,"reactions":[{"id":"286f599c-f86a-4932-82f0-f5a06f1eca03","count":11},{"id":"4b018f48-e184-445f-adf1-fc8e04ba09b9","count":1}],"hidden":false,"customStyle":null,"isSuspiciousAccount":false,"layout":"classic","withImages":false,"withVideos":false,"media":[],"reportReasonText":"","mediaMeta":[],"postAvatar":""}