{"id":232760206,"title":"臺北榮總麻醉護理訓練班招生中","content":"臺北榮總麻醉護理訓練班招生中！\n\n1.開訓時間\n109/3/1~110/2/28，為期一年\n\n2.報名時間\n~109/2/12(三)，採通訊報名，以郵戳為憑\n\n3.甄選日期\n2/15，另以email通知\n\n4.招訓對象\n(1)國內各公私立大學護理系畢業，領有護理師證書。\n(2)對麻醉工作有興趣之護理人員。\n(3)具ICU或急診單位護理經驗，或具內外科專科護理師資格者尤佳。\n(4)男女不拘。\n\n\n5.訓練內容\n主治醫師及資深護理師之麻醉相關專業知識授課，臨床見實習等。\n\n\n6.訓練費用\n每人35000元(中途退訓恕不退費)\n\n------\n\n簡單Q&A時間\n\n1.受訓時間為平日7:00-15:00，不需輪值班\n2.受訓滿6個月後有機會取得公費生資格\n3.前三個月以授課及臨床見習為主\n4.應屆畢業生也可以報名喔！\n\n------\n\n詳細內容請見招訓簡章，有任何問題歡迎詢問~\nhttps://bit.ly/39c3att\n\n很少發文，如有違反之處請再跟我說，謝謝！","excerpt":"臺北榮總麻醉護理訓練班招生中！，1.開訓時間，109/3/1~110/2/28，為期一年，2.報名時間，~109/2/12（三），採通訊報名，以郵戳為憑，3.甄選日期，2/15，另以email通知，4","anonymousSchool":false,"anonymousDepartment":true,"pinned":false,"forumId":"b22d2f5d-3c06-4d08-96b8-770eb38e8f96","replyId":null,"createdAt":"2019-12-25T15:12:51.526Z","updatedAt":"2019-12-25T15:12:51.526Z","commentCount":15,"likeCount":27,"tags":["HIDE_THUMBNAIL"],"topics":["護理","護理師","醫院","護理人員","台北"],"supportedReactions":null,"withNickname":false,"reportReason":"","hiddenByAuthor":false,"meta":{"layout":"classic"},"forumName":"護理","forumAlias":"nursing","school":"國立臺灣師範大學","replyTitle":null,"gender":"F","personaSubscriptable":null,"reactions":[{"id":"286f599c-f86a-4932-82f0-f5a06f1eca03","count":27}],"hidden":false,"customStyle":null,"isSuspiciousAccount":false,"layout":"classic","withImages":false,"withVideos":false,"media":[],"reportReasonText":"","mediaMeta":[],"postAvatar":""}