{"id":232795967,"title":"南部區域、地區醫院選擇","content":"想請問各位學長姐\n南部地區、區域醫院有比較推薦的嗎\n聖功爬文資料很少\n阮綜合評價兩極\n大東醫院\n鳳山醫院沒缺額\n民生醫院 聽說越來越操\n醫院很多 完全沒頭緒\n因剛待滿醫學中心3個月想離職 \n覺得自己能力不足 不適合待醫學中心\n想轉地區、區域醫院 慢慢學習\n有哪些比較推薦的醫院病患比較不嚴重 \n繁忙程度沒那麼高的\n待醫學中心真的怕了 每天上班12小時 有時候午餐還吃不到","excerpt":"想請問各位學長姐，南部地區、區域醫院有比較推薦的嗎，聖功爬文資料很少，阮綜合評價兩極，大東醫院，鳳山醫院沒缺額，民生醫院 聽說越來越操，醫院很多 完全沒頭緒，因剛待滿醫學中心3個月想離職，覺得自己能力","anonymousSchool":false,"anonymousDepartment":false,"pinned":false,"forumId":"b22d2f5d-3c06-4d08-96b8-770eb38e8f96","replyId":null,"createdAt":"2019-12-31T05:12:29.107Z","updatedAt":"2019-12-31T05:12:29.107Z","commentCount":16,"likeCount":10,"tags":["HIDE_THUMBNAIL"],"topics":["醫院","護理","護理師","工作","護理板"],"supportedReactions":null,"withNickname":true,"reportReason":"","hiddenByAuthor":false,"meta":{"layout":"classic"},"forumName":"護理","forumAlias":"nursing","school":"Pin","department":"coco85112","replyTitle":null,"gender":"F","personaSubscriptable":null,"reactions":[{"id":"286f599c-f86a-4932-82f0-f5a06f1eca03","count":10}],"hidden":false,"customStyle":null,"isSuspiciousAccount":false,"layout":"classic","withImages":false,"withVideos":false,"media":[],"reportReasonText":"","mediaMeta":[],"postAvatar":""}