{"id":232793707,"title":"#問 林長新宿舍","content":"想問版上有沒有人知道新宿舍單人房沒附家具的意思是不是一進去只有一台冷氣啊？\n因為是比較後面進去工作\n前面的學姊們很多都先申請完了\n雙人房的部分也都只缺一人\n想跟朋友一起住都不行QAQ\n單人房有自己的小小世界 但沒附家具\n雙人房得跟不認識的人一起住 但家具什麼的都有附\n兩者每個月價差快2000\n網路上也只找的到四人房的照片\n還在猶豫到底要住單人還是雙人 😫\n\n還是學長姐們有關於新宿舍的介紹\n在院內網站我完全找不到\n麻煩了 非常謝謝！！！！","excerpt":"想問版上有沒有人知道新宿舍單人房沒附家具的意思是不是一進去只有一台冷氣啊？因為是比較後面進去工作，前面的學姊們很多都先申請完了，雙人房的部分也都只缺一人，想跟朋友一起住都不行QAQ，單人房有自己的小小","anonymousSchool":false,"anonymousDepartment":false,"pinned":false,"forumId":"b22d2f5d-3c06-4d08-96b8-770eb38e8f96","replyId":null,"createdAt":"2019-12-30T17:45:35.765Z","updatedAt":"2019-12-30T17:49:01.703Z","commentCount":26,"likeCount":10,"tags":[],"topics":[],"supportedReactions":null,"withNickname":false,"reportReason":"","hiddenByAuthor":false,"meta":{"layout":"classic"},"forumName":"護理","forumAlias":"nursing","school":"長庚科技大學","department":"護理學系","replyTitle":null,"gender":"F","personaSubscriptable":null,"reactions":[{"id":"286f599c-f86a-4932-82f0-f5a06f1eca03","count":10}],"hidden":false,"customStyle":null,"isSuspiciousAccount":false,"layout":"classic","withImages":false,"withVideos":false,"media":[],"reportReasonText":"","mediaMeta":[],"postAvatar":""}