{"id":232785858,"title":"護理目標的評值","content":"敬 19的歲月\n20181107星期三\n是專四上學期的期中考\n當天考了藥物跟國文\n我破天荒的看錯藥物題型\n導致藥物只有一半的成績\n就此拉下神奇的序幕\n---------------------------------------------------------------\n2018 6月初\n專三下近期末考的平日\n我在找班導的路上\n被崇拜的基護老師相中\n於專四上學期成為她的TA\n負責基護實驗晚自習協助教學\n以及協助老師處理文件\n\n(但僅一學期老師便因身體微恙辭職了！)\n四年級自信心滿滿的我\n認為自己一定可以做的很好\n卻發現自己能力跟不上領導的學姊\n雖感到難過\n卻仍相信自己會跟他們一樣成為厲害的護理師\n為了追上腳步\n而外學習了需多專業項目\n在20181027努力考過ACLS證照\n使我誤以為自己進步了\n\n甚至在寒假至地區醫院ICU當護佐\n希望可以培養自己\n增加臨床實務技能\n卻在過年前支援急診時\n初次參與OHCA急救中\n只負責CPR仍沒有壓好\n學姊很保護的對我說了一句\n「妹！你還要再多練習」\n便讓我順道把死亡證明拿給醫師\n在我走向醫師時\n聽到病人家屬失心裂肺的大喊\n「你們有盡力救他嗎？」\n我的心微微的顫了一下！\n我開始質疑自己\n\n隔了幾天\n我依舊至急診支援\n遇到ROSC的中年個案\n那時我與學姊一起整理個案\n在我離開急救區去丟污衣時\n他突然沒pulse\n又繼續急救\n最終\n家屬選擇DDT\n\n整理完器械後醫師怕我打擊太大\n對我開玩笑說\n「你們剛才對他做了什麼？哈哈！」\n當下我笑笑說「不知道！」\n配上一臉憨厚表情\n但我的內心開始有點瓦解\n\n因為保護當事人個資\n所以我只講大略\n先打到這改天再打","excerpt":"敬 19的歲月，20181107星期三，是專四上學期的期中考，當天考了藥物跟國文，我破天荒的看錯藥物題型，導致藥物只有一半的成績，就此拉下神奇的序幕，-------------------------","anonymousSchool":false,"anonymousDepartment":false,"pinned":false,"forumId":"b22d2f5d-3c06-4d08-96b8-770eb38e8f96","replyId":null,"createdAt":"2019-12-29T17:05:52.356Z","updatedAt":"2019-12-30T10:08:52.991Z","commentCount":6,"likeCount":34,"tags":[],"topics":["護理","護理人生","加護病房"],"supportedReactions":null,"withNickname":true,"reportReason":"","hiddenByAuthor":false,"meta":{"layout":"classic"},"forumName":"護理","forumAlias":"nursing","school":"偌依","department":"zoezoezoe","replyTitle":null,"gender":"F","personaSubscriptable":false,"reactions":[{"id":"286f599c-f86a-4932-82f0-f5a06f1eca03","count":34}],"hidden":false,"customStyle":null,"isSuspiciousAccount":false,"layout":"classic","withImages":false,"withVideos":false,"media":[],"reportReasonText":"","mediaMeta":[],"postAvatar":""}