{"id":232798448,"title":"關於新x醫院護理師 後續","content":"我是這次事件熊姓護理師的堂妹\n那因為之前的文章都被檢舉下架了\n我這邊回應有在關注這件案子的卡友們\n我們現在還是有積極調查蒐證 聯絡相關單位\n也在慢慢釐清真相！\n我們要的是真相及霸凌者的道歉及悔意\n-\n在這邊也告知卡友們\n不要在去人肉搜索魏小姐 或是其他相關人士\n也不要用不當激進的言語去罵他們\n我們家屬本意不是這樣🙏\n很謝謝大家幫我們推文 讓這件事曝光\n也很謝謝大家為我們忿忿不平\n我們家屬一定會撐住 讓這件事有個結果\n-\n接下來是我的心裡話\n我希望大家能夠保有同理心 說話留點口德\n言語霸凌甚至精神霸凌都能逼瘋 害死一個人\n不是只有肉體上的傷害會痛\n精神上心理上的折磨不是看醫生吃藥就會好的\n那是沒辦法緩解 並且會記住一輩子的\n想像你的心每天都被一刀一刀的劃著\n你沒辦法止血 也沒辦法治療 而且刀持續劃著\n那種痛苦已經不是抗不抗壓的問題了\n-\n類似的案件一直在我們周遭發生\n多多關心身邊的人 發現霸凌的行為向前制止\n不是躲在旁邊不出聲 或者變成另一個加害者\n當你變成霸凌者 你霸凌的不只是這一個人\n而是整個家庭都被你給傷害\n不要讓自己良心不安！\n-\n社會角落裡或許都有類似的情況每天在上演\n真摯的希望這類的悲劇不要再發生","excerpt":"我是這次事件熊姓護理師的堂妹，那因為之前的文章都被檢舉下架了，我這邊回應有在關注這件案子的卡友們，我們現在還是有積極調查蒐證 聯絡相關單位，也在慢慢釐清真相！，我們要的是真相及霸凌者的道歉及悔意，-，","anonymousSchool":false,"anonymousDepartment":true,"pinned":false,"forumId":"b22d2f5d-3c06-4d08-96b8-770eb38e8f96","replyId":null,"createdAt":"2019-12-31T11:53:07.197Z","updatedAt":"2019-12-31T12:04:54.412Z","commentCount":101,"likeCount":2753,"tags":["HIDE_THUMBNAIL"],"topics":["護理","霸凌","心情","護理人員","醫院"],"supportedReactions":null,"withNickname":false,"reportReason":"","hiddenByAuthor":false,"meta":{"layout":"classic"},"forumName":"護理","forumAlias":"nursing","school":"臺北市立大學","replyTitle":null,"gender":"F","personaSubscriptable":false,"reactions":[{"id":"286f599c-f86a-4932-82f0-f5a06f1eca03","count":2645},{"id":"aa0d425f-d530-4478-9a77-fe3aedc79eea","count":52},{"id":"514c2569-fd53-4d9d-a415-bf0f88e7329f","count":51},{"id":"4b018f48-e184-445f-adf1-fc8e04ba09b9","count":5}],"hidden":false,"customStyle":null,"isSuspiciousAccount":false,"layout":"classic","withImages":false,"withVideos":false,"media":[],"reportReasonText":"","mediaMeta":[],"postAvatar":""}