{"id":232730010,"title":"#問 雲林斗六台大單位氣氛","content":"各位學長姐妳好～\n因為北漂多年終於想回雲林想回家\n但是因為雲林沒有什麼朋友所以不知道從何問起，爬文也很少資訊～\n想請問斗六台大有沒有氣氛好的單位😭\n個人偏好nbc、ER、Pi～\n也想問這幾個單位的優缺點～\n別的單位也可以～\n還有平均薪資是多少（網站是寫40k-43k)\n另外，也想請問，是不是教學醫院的升等（n2 n3 n4）出去會有可能被不承認？","excerpt":"各位學長姐妳好～因為北漂多年終於想回雲林想回家，但是因為雲林沒有什麼朋友所以不知道從何問起，爬文也很少資訊～想請問斗六台大有沒有氣氛好的單位，個人偏好nbc、ER、Pi～也想問這幾個單位的優缺點～別的","anonymousSchool":false,"anonymousDepartment":true,"pinned":false,"forumId":"b22d2f5d-3c06-4d08-96b8-770eb38e8f96","replyId":null,"createdAt":"2019-12-21T03:20:52.418Z","updatedAt":"2019-12-21T03:20:52.418Z","commentCount":12,"likeCount":11,"tags":["HIDE_THUMBNAIL"],"topics":["氣氛","斗六","台大","護理師","工作"],"supportedReactions":null,"withNickname":false,"reportReason":"","hiddenByAuthor":false,"meta":{"layout":"classic"},"forumName":"護理","forumAlias":"nursing","school":"國立臺北護理健康大學","replyTitle":null,"gender":"F","personaSubscriptable":false,"reactions":[{"id":"286f599c-f86a-4932-82f0-f5a06f1eca03","count":11}],"hidden":false,"customStyle":null,"isSuspiciousAccount":false,"layout":"classic","withImages":false,"withVideos":false,"media":[],"reportReasonText":"","mediaMeta":[],"postAvatar":""}