{"id":232792280,"title":"媽媽麻醉諮詢很可愛","content":"麻醉諮詢小孩時，除了詢問健康狀態外，還有重點要詢問，孩兒能否配合打針（要備藥物不一樣）\n（以下對話；媽媽：👩 我：☺️）\n☺️：小孩足月兒，現在5歲，能否配合打針治療？\n👩：嗯...\n☺️：\n👩：就是要綁起來，幾個人壓住，他就會配合打針了！\n☺️：媽媽，那你的孩子就是不能配合打針💉\n👩：（笑）對吼！那就是不配合\n😂🤣🤣🤣🤣媽媽帶小孩累了😂😂","excerpt":"麻醉諮詢小孩時，除了詢問健康狀態外，還有重點要詢問，孩兒能否配合打針（要備藥物不一樣），（以下對話；媽媽： 我：️），️：小孩足月兒，現在5歲，能否配合打針治療？：嗯...，️：：就是要綁起來，幾個人","anonymousSchool":false,"anonymousDepartment":true,"pinned":false,"forumId":"b22d2f5d-3c06-4d08-96b8-770eb38e8f96","replyId":null,"createdAt":"2019-12-30T15:38:57.732Z","updatedAt":"2019-12-30T15:38:57.732Z","commentCount":9,"likeCount":122,"tags":["HIDE_THUMBNAIL"],"topics":["諮詢","麻醉","媽媽","醫院","護理師"],"supportedReactions":null,"withNickname":false,"reportReason":"","hiddenByAuthor":false,"meta":{"layout":"classic"},"forumName":"護理","forumAlias":"nursing","school":"國立臺北護理健康大學","replyTitle":null,"gender":"F","personaSubscriptable":null,"reactions":[{"id":"286f599c-f86a-4932-82f0-f5a06f1eca03","count":116},{"id":"e8e6bc5d-41b0-4129-b134-97507523d7ff","count":6}],"hidden":false,"customStyle":null,"isSuspiciousAccount":false,"layout":"classic","withImages":false,"withVideos":false,"media":[],"reportReasonText":"","mediaMeta":[],"postAvatar":""}