{"id":232761886,"title":"交班","content":"請問各位親愛的學姊\n假如有一天我夢到要交班的時候\n學姊睡過頭遲到 忘記來上班\n導致delay 上一班要交班的人 \n大家會如何處理啊\n—\n大家交班前看過order應該是最基本的尊重吧\n如果下一班的常常遲到 又不提早上班看不看order\n問題又一大堆  \n導致delay下班 報over time不超過吧哈哈⋯","excerpt":"請問各位親愛的學姊，假如有一天我夢到要交班的時候，學姊睡過頭遲到 忘記來上班，導致delay 上一班要交班的人，大家會如何處理啊，—，大家交班前看過order應該是最基本的尊重吧，如果下一班的常常遲到","anonymousSchool":false,"anonymousDepartment":false,"pinned":false,"forumId":"b22d2f5d-3c06-4d08-96b8-770eb38e8f96","replyId":null,"createdAt":"2019-12-25T21:56:52.557Z","updatedAt":"2019-12-25T21:58:39.957Z","commentCount":12,"likeCount":20,"tags":["HIDE_THUMBNAIL"],"topics":["護理","工作"],"supportedReactions":null,"withNickname":true,"reportReason":"","hiddenByAuthor":false,"meta":{"layout":"classic"},"forumName":"護理","forumAlias":"nursing","school":"美人魚","department":"newnewcombiven","replyTitle":null,"gender":"F","personaSubscriptable":null,"reactions":[{"id":"286f599c-f86a-4932-82f0-f5a06f1eca03","count":20}],"hidden":false,"customStyle":null,"isSuspiciousAccount":false,"layout":"classic","withImages":false,"withVideos":false,"media":[],"reportReasonText":"","mediaMeta":[],"postAvatar":""}