{"id":232774235,"title":"下班的問題","content":"我不知道大家有沒有這樣的困擾\n但是我卻有\n我是很標榜準時下班原則的人\n除非有喜歡或者比較要好得同事上班會喇低賽一下之外 \n我不會特別喜歡一直賴在醫院\n\n現在不知道這個是習俗還是慣性\n我們單位是個互相幫忙合作很高的環境\n但是總覺得有些人就是會利用這點故意展現他的細心給別人看\n明明就忙完了 偏偏要沒事找事做\n不然就在那裝忙\n害我們陪他晚下班\n\n真的好想暴吼你他媽可以快點離開電腦嗎","excerpt":"我不知道大家有沒有這樣的困擾，但是我卻有，我是很標榜準時下班原則的人，除非有喜歡或者比較要好得同事上班會喇低賽一下之外，我不會特別喜歡一直賴在醫院，現在不知道這個是習俗還是慣性，我們單位是個互相幫忙合","anonymousSchool":false,"anonymousDepartment":true,"pinned":false,"forumId":"b22d2f5d-3c06-4d08-96b8-770eb38e8f96","replyId":null,"createdAt":"2019-12-27T19:34:19.847Z","updatedAt":"2019-12-27T19:34:19.847Z","commentCount":16,"likeCount":54,"tags":["HIDE_THUMBNAIL"],"topics":["護理","醫院","護理師","工作"],"supportedReactions":null,"withNickname":false,"reportReason":"","hiddenByAuthor":false,"meta":{"layout":"classic"},"forumName":"護理","forumAlias":"nursing","school":"長庚科技大學","replyTitle":null,"gender":"F","personaSubscriptable":false,"reactions":[{"id":"286f599c-f86a-4932-82f0-f5a06f1eca03","count":54}],"hidden":false,"customStyle":null,"isSuspiciousAccount":false,"layout":"classic","withImages":false,"withVideos":false,"media":[],"reportReasonText":"","mediaMeta":[],"postAvatar":""}