{"id":232758559,"title":"新光醫院相關事件觀點分享","content":"最近看了新x醫院的事件\n也看了底下的相關推文\n深有感觸\n想在這裡分享一下不同的看法\n文長慎入\n\n自己臨床工作約三年\n就是很多人說的那種不是很資深的學姊\n不敢說自己多厲害多資深\n但自己科別的常識至少熟悉\n以前新人時期也曾經被很嚴厲對待過\n摔病歷 酸言酸語 被兇及拒交班都有過\n拒交班的狀況大概是上白班的時候學姊晚上9點才願意交班\n當天delay到凌晨一點多才離開醫院隔天白班\n我不是想討拍\n是想表達自己也曾經有過這些不是很愉快的經驗\n所以能夠理解每一個覺得很辛苦的學弟妹們\n\n但是當遇到很多看似很上進的學妹們但實際狀況卻錯誤百出的時候\n我幾乎懷疑這些人是不是每個都像自己及同期朋友們一樣認真\n當初自己在新人時期的做法是\n下班時抄自己在交班單看不懂的英文跟藥物回家查\n每天下班回家思考過一篇自己今天上班的狀況\n遇到的所有事情\n查學姊問我我不會的所有事情才會睡覺\n遇到假日，我會抄遍自己上一個corse學到的藥物跟單字當作複習，如果要換段，我會在上班前一個晚上到醫院去熟悉明天自己要照顧到段落，雖然有可能更動，但至少有個心理準備\n自己當時同期的好朋友也是這樣過來的\n\n但現在遇到的狀況卻是\n學妹即使不夠聰明伶俐\n下班也是馬上睡覺從不讀書\n施打胰島素不會沒關係\n需要教整整兩個禮拜才有辦法獨立施打胰島素\n叫她回家查資料跟學姊回報也每天都說回家不小心睡著了\n所以也等了整整一個月才有東西\n每天教導的事情隔天都會一臉無辜的告訴你你沒有教\n或輪流找別的學姊跟別的學姊說自己的學姊沒有教\n教別的學姊教她\n我雖然不是帶她的學姊\n但身為一個旁觀者同一件事情我看她總共找了四個學姊教過\n都還無法獨立完成\n還怪別人沒有教\n事實上卻是自己從來不思考也不願意抄下來復習\n備點滴到現在都還很有問題\n甚至有的檢體可能還搞不清楚她有沒有送或送到哪裡去\n請問跟這樣的人相處\n大家上班是不是都長期處在提心吊膽\n病人被學妹搞爛卻讓大家每天delay下班\n或被交班的人根本不知道自己會收到什麼爛攤子\n完全有可能\n（事實上也都真的出現過）\n\n\n\n這樣的新人\n帶了整整四個月大家都還是無法放心她獨立\n試想在這樣的狀況下\n大家口氣當然不會說太好\n甚至所謂的霸凌都還有可能會參上一腳\n但換個角度想\n說不定學妹在跟她朋友抱怨的時候\n一定完全不會提自己有多健忘心不在焉\n也不會提到自己回家都根本不看書吧\n\n原文提到的長期可能被一位學姊霸凌或單位同事冷言冷語\n不否認可能單位氣氛不好\n但因為這個學妹人已經不在了\n也無法檢討起事情經過\n其實說實在無法真正歸責到底是誰的問題\n只能說身邊的人沒發現她情緒上出了問題\n而沒來的及阻止憾事發生\n\n但推文底下那些留言\n有些真的很不堪入目\n還把人家的FB挖出來試圖私訊\n這不是私刑那什麼是私刑\n如果那個學姊也跟著一起不堪壓力做了傻事\n這樣大家做的跟心裡認為那個學姊做的事情不是一樣嗎\n請大家留點口德吧\n\n真正有問題的是整個護理制度的問題\n從來不能針對一個人\n護理工作這種事情真的不是每個人都適合\n做錯了的下場都是一條人命\n這樣壓力大的環境下\n要照顧這樣多的病人\n甚至有的還要負責行政工作\n這才是護理最大最大的問題","excerpt":"最近看了新x醫院的事件，也看了底下的相關推文，深有感觸，想在這裡分享一下不同的看法，文長慎入，自己臨床工作約三年，就是很多人說的那種不是很資深的學姊，不敢說自己多厲害多資深，但自己科別的常識至少熟悉，","anonymousSchool":false,"anonymousDepartment":true,"pinned":false,"forumId":"b22d2f5d-3c06-4d08-96b8-770eb38e8f96","replyId":null,"createdAt":"2019-12-25T10:50:07.714Z","updatedAt":"2019-12-25T10:50:07.714Z","commentCount":31,"likeCount":77,"tags":["HIDE_THUMBNAIL"],"topics":["護理師","新光","壓力","護理環境"],"supportedReactions":null,"withNickname":false,"reportReason":"","hiddenByAuthor":false,"meta":{"layout":"classic"},"forumName":"護理","forumAlias":"nursing","school":"長庚科技大學","replyTitle":null,"gender":"F","personaSubscriptable":null,"reactions":[{"id":"286f599c-f86a-4932-82f0-f5a06f1eca03","count":70},{"id":"aa0d425f-d530-4478-9a77-fe3aedc79eea","count":6},{"id":"514c2569-fd53-4d9d-a415-bf0f88e7329f","count":1}],"hidden":false,"customStyle":null,"isSuspiciousAccount":false,"layout":"classic","withImages":false,"withVideos":false,"media":[],"reportReasonText":"","mediaMeta":[],"postAvatar":""}