{"id":232778817,"title":"虛情假意是職場","content":"105年從五專畢業的我，在家境甚是拮据的狀況下放棄二技，投身護理職場開始我渾渾噩噩、以淚洗面的日子。\n    五專實習的我總是做的慢、學的爛，所以臨床護理對我來說絕不是一件輕鬆的事，同期的新人都住同一間房，我比別人晚睡、比別人早起、讀更多學理、身體評估等等，只希望上班能完成和別人做呼吸運動一樣簡單的常規護理，確實，我做到了，但，這才只是護理這條不歸路的開頭。\n    我不太擅長交際，即使進入職場後亦是如此，偏偏，這是個靠關係的單位，“這學妹沒禮貌”、“不會說句學姐早安嗎！”、“臭臉什麼，學妹跩哦！”這些話從每個學姐虛偽的假笑中流出、從不小心經過訕笑的團體時聽見，心很累、很痛，但無能為力，只想著“如果我能跟他們一樣變成厲害的學姐，就不會在被覇凌了吧！”\n    就這樣，反覆磨練將工作能力，一直到今年7月，護理職涯開始有了轉折。\n    7月，被題拔為leader,上班變的比當member 時更加忙碌，控床、cover 學妹病人、危機處理、特殊事件處理、排下一班case、管理麻櫃管藥櫃擋下可能給錯藥的人、接受啊長督導命令在下班前完成單位衛材管理、清床管理，在把這些瑣碎煩炸的工作整理組織後交給下一班leader, 讓隔天啊長詢問時，她有辦法條理的告訴各位長官們工作進行到哪。我以為，我的這些努力，會有人看見、鼓勵、為我高興，但一切都只是我多慮了，這些事件何曾出現，更多的是批評你卻要你接受所謂指教的人、搞小團體以訛傳訛說你當leader就大頭症的人，更多的是不願意幫助你、了解你卻總說我愛你、我是你朋友、希望你更好等等以假裝的笑臉裝朋友挾持你的人，恐懼上班拿Key ，恐懼叫member 接病人，恐懼上頭安排工作給全單位，但當班members 卻要你自己吃下所有工作，不然就是“大頭症”。\n     護理呀，女人何苦為難女人，等等等，總會等到有一天，再也不受委屈的時候，或許，那天就快到了吧？","excerpt":"105年從五專畢業的我，在家境甚是拮据的狀況下放棄二技，投身護理職場開始我渾渾噩噩、以淚洗面的日子。五專實習的我總是做的慢、學的爛，所以臨床護理對我來說絕不是一件輕鬆的事，同期的新人都住同一間房，我比","anonymousSchool":false,"anonymousDepartment":false,"pinned":false,"forumId":"b22d2f5d-3c06-4d08-96b8-770eb38e8f96","replyId":null,"createdAt":"2019-12-28T15:32:16.162Z","updatedAt":"2019-12-28T15:32:16.162Z","commentCount":10,"likeCount":210,"tags":[],"topics":["職場","心情","護理"],"supportedReactions":null,"withNickname":false,"reportReason":"","hiddenByAuthor":false,"meta":{"layout":"classic"},"forumName":"護理","forumAlias":"nursing","school":"國立臺北護理健康大學","department":"護理系","replyTitle":null,"gender":"F","personaSubscriptable":null,"reactions":[{"id":"286f599c-f86a-4932-82f0-f5a06f1eca03","count":196},{"id":"514c2569-fd53-4d9d-a415-bf0f88e7329f","count":13},{"id":"aa0d425f-d530-4478-9a77-fe3aedc79eea","count":1}],"hidden":false,"customStyle":null,"isSuspiciousAccount":false,"layout":"classic","withImages":false,"withVideos":false,"media":[],"reportReasonText":"","mediaMeta":[],"postAvatar":""}