{"id":232780177,"title":"外國人在台灣做MRI的費用","content":"大家好\n小弟的肩膀及胸肌已經痛了好一段時間（已經按很多醫師及物理治療師的建議休息接近半年了）\n所以想說照一下MRI看看，但由於我經濟能力有限，碰巧接下來有機會來台灣一段時間，所以想比較一下台灣跟香港MRI的價錢🙌🏽（甚麼地區也沒所謂","excerpt":"大家好，小弟的肩膀及胸肌已經痛了好一段時間（已經按很多醫師及物理治療師的建議休息接近半年了），所以想說照一下MRI看看，但由於我經濟能力有限，碰巧接下來有機會來台灣一段時間，所以想比較一下台灣跟香港M","anonymousSchool":false,"anonymousDepartment":false,"pinned":false,"forumId":"b22d2f5d-3c06-4d08-96b8-770eb38e8f96","replyId":null,"createdAt":"2019-12-28T19:47:48.759Z","updatedAt":"2019-12-28T19:47:48.759Z","commentCount":8,"likeCount":10,"tags":["HIDE_THUMBNAIL"],"topics":["外國人","費用","醫院","護理","詢問"],"supportedReactions":null,"withNickname":true,"reportReason":"","hiddenByAuthor":false,"meta":{"layout":"classic"},"forumName":"護理","forumAlias":"nursing","school":"迷途小DD","department":"anonymkiddddd","replyTitle":null,"gender":"M","personaSubscriptable":false,"reactions":[{"id":"286f599c-f86a-4932-82f0-f5a06f1eca03","count":10}],"hidden":false,"customStyle":null,"isSuspiciousAccount":false,"layout":"classic","withImages":false,"withVideos":false,"media":[],"reportReasonText":"","mediaMeta":[],"postAvatar":""}