{"id":232791273,"title":"想離開醫院","content":"各位護理界的先進們～\n我是應屆畢業生\n剛到醫院上班滿5個月了\n每天都在想著怎麼離開醫院的環境\n每天都在想自己未來的可能性\n不想過著輪班沒有生活品質的生活\n沒有熱情到風雨無阻的奮不顧身到醫院\n受不了每天上班超過12個小時\n\n所以爬了各大網站的文\n目前想到「職護」\n雖然薪水不會比現在多 但我想過著規律的生活\n但工作年資太少怕\n如果上完52個小時職護的課也無法找到職護的工作\n所以遲遲不敢離開\n能否請大家給我一些建議呢？\n感激不盡\n\n-在護理界十字路口徘徊的無助菜鳥","excerpt":"各位護理界的先進們～我是應屆畢業生，剛到醫院上班滿5個月了，每天都在想著怎麼離開醫院的環境，每天都在想自己未來的可能性，不想過著輪班沒有生活品質的生活，沒有熱情到風雨無阻的奮不顧身到醫院，受不了每天上","anonymousSchool":false,"anonymousDepartment":false,"pinned":false,"forumId":"b22d2f5d-3c06-4d08-96b8-770eb38e8f96","replyId":null,"createdAt":"2019-12-30T13:38:37.676Z","updatedAt":"2019-12-30T13:38:37.676Z","commentCount":11,"likeCount":53,"tags":["HIDE_THUMBNAIL"],"topics":["工作","護理師","問題","護理人生","離職"],"supportedReactions":null,"withNickname":false,"reportReason":"","hiddenByAuthor":false,"meta":{"layout":"classic"},"forumName":"護理","forumAlias":"nursing","school":"輔英科技大學","department":"護理系","replyTitle":null,"gender":"F","personaSubscriptable":null,"reactions":[{"id":"286f599c-f86a-4932-82f0-f5a06f1eca03","count":53}],"hidden":false,"customStyle":null,"isSuspiciousAccount":false,"layout":"classic","withImages":false,"withVideos":false,"media":[],"reportReasonText":"","mediaMeta":[],"postAvatar":""}