{"id":232751309,"title":"New nurse  心情抒發 (病人不請看護篇）","content":"到底學姐在為難我，還是我能力差\n\n\n一個人要照顧10-11病人，本來就不可能同時注意每個病人的狀況\n所以來住院的病人不管是不是clear的，自己一個人來住院，基本上都會希望旁邊有家屬照顧，如果沒有就會拼命的勸說請看護在一旁照顧\n\n偶爾會遇到有些病人是clear的，病況沒那麼差，還可以自行行走，步態穩，可能因為經濟、家屬不方便、或是覺得不嚴重就是不請看護，好說歹說病人就是不請，每到這個時候我都會很痛苦，因為交班的時候，學姐一定會生氣，再念我一頓\n🙍‍♀️學姐們    👩我  👩‍⚕️專師  🤦‍♂️病人\n\n交班時\n例子一:\n👩:一位病人消化道出血的病人，因解墨綠便入院……（交了一堆）， 現無腹痛不適 ，專師學姐也說病人其實沒什麼事，也不需輸血，做完胃鏡沒什麼事隔天就可以出院了，四肢肌力五分，可自行行走，步態穩，家屬有急事突然說晚上要回去一趟明天再來，拼命勸說家屬並阻止，但還是跑回去了\n🙍‍♀️:所以現在誰顧\n👩:呃 ...沒有人\n🙍‍♀️:你有跟他說晚上沒有人在，出意外我們沒辦法負責嗎\n👩:有，我已經跟他說夜班護理人力不可能同時注意每個病人的狀況，家屬表示了解，家屬還表示出事不會怪罪護理人員，他真因為急事需要離開，有事電話聯絡，我也留下可以其他聯絡的家屬電話\n🙍‍♀️:所以呢？出事誰負責？我嗎?還是你要負責！\n👩:我……（學姐我也不想啊😢，我已經勸說到病人及家屬要抓狂了，也沒有其他家屬能來）\n\n\n例子二\n巡房中\n 👩:明天要做檢查了，家屬知道了嗎？有人來陪嗎？\n🤦‍♂️病人:沒有，我一個人就可以了\n 👩:（內心倒抽一口氣），都沒有家屬能夠過來嗎？\n🤦‍♂️病人:這種事情不需要麻煩別人\n👩:但我們建議還是有家屬在比較好哦，因為作檢查時，如果有問題，醫師可能馬上處理，回病房時旁邊有人照顧比較好喔\n🤦‍♂️:不用啦，是會怎麼樣嗎（開始生氣了）\n👩‍⚕️這時專師剛好拿同意書過來\n👩:(救星來了)呃 學姐，明天檢查家屬沒辦法來喔\n👩‍⚕️:沒關係，他明天就一個人，其他家屬的電話都留了吧，要都聯絡得上的喔\n🤦‍♂️:嗯有\n👩:……\n\n交班時\n🙍‍♀️家屬呢?\n👩沒辦法來，已經留了電🙍‍♀️:沒有家屬又怎麼檢查！啊檢查完誰要顧！\n👩😢我已經一直跟病人說了，專師學姐來還說明天病人自己一個就可以了\n🙍‍♀️：(深呼吸）你怎麼都留一推屎給我！ \n\n有時候很疑惑明明學姐有時也會交沒有家屬的病人給我，可是卻理所當然的樣子，叫我自己注意\n\n但我交了可以自行照顧，偶爾還會再單位散步的病人，因為沒有家屬就要被罵到臭頭\n\n真的很想反問學姐病人不請看護，難道我能拿槍逼他請嗎？\n\n每天上白班已經很累了，一堆order、檢查滿天飛，時不時要面對把呼叫鈴當服務鈴的再按，無理的病人及家屬，和有家屬跟沒有一樣，時不時跑不見，跑病房跑到懷疑人生，每天累到比狗還慘，為什麼因為我是新人，就要求什麼一定都要完美才行，不然就是能力不足，有些明明不是我能控制的，卻變成我的過錯😟","excerpt":"到底學姐在為難我，還是我能力差，一個人要照顧10-11病人，本來就不可能同時注意每個病人的狀況，所以來住院的病人不管是不是clear的，自己一個人來住院，基本上都會希望旁邊有家屬照顧，如果沒有就會拼命","anonymousSchool":false,"anonymousDepartment":false,"pinned":false,"forumId":"b22d2f5d-3c06-4d08-96b8-770eb38e8f96","replyId":null,"createdAt":"2019-12-24T10:02:07.565Z","updatedAt":"2019-12-28T15:59:06.348Z","commentCount":14,"likeCount":107,"tags":[],"topics":[],"supportedReactions":null,"withNickname":true,"reportReason":"","hiddenByAuthor":false,"meta":{"layout":"classic"},"forumName":"護理","forumAlias":"nursing","school":"愛喝茶的女孩","department":"cat_lovers","replyTitle":null,"gender":"F","personaSubscriptable":null,"reactions":[{"id":"286f599c-f86a-4932-82f0-f5a06f1eca03","count":102},{"id":"514c2569-fd53-4d9d-a415-bf0f88e7329f","count":2},{"id":"aa0d425f-d530-4478-9a77-fe3aedc79eea","count":2},{"id":"4b018f48-e184-445f-adf1-fc8e04ba09b9","count":1}],"hidden":false,"customStyle":null,"isSuspiciousAccount":false,"layout":"classic","withImages":false,"withVideos":false,"media":[],"reportReasonText":"","mediaMeta":[],"postAvatar":""}