{"id":232726240,"title":"#問 內湖三總 急診 新人","content":"想請問三總的學長姐們😊\n小弟畢業後直接進軍營，最近才從國軍online登出\n想要應徵三總的急診🚑\n但網站上只有一般病房護理人員的選項有在徵人\n想請問是不是就代表沒有缺額了？\n因為我的志願目前只有急診🚑\n懇請學長姐們幫我解答🙏","excerpt":"想請問三總的學長姐們，小弟畢業後直接進軍營，最近才從國軍online登出，想要應徵三總的急診，但網站上只有一般病房護理人員的選項有在徵人，想請問是不是就代表沒有缺額了？因為我的志願目前只有急診，懇請學","anonymousSchool":false,"anonymousDepartment":false,"pinned":false,"forumId":"b22d2f5d-3c06-4d08-96b8-770eb38e8f96","replyId":null,"createdAt":"2019-12-20T11:33:07.592Z","updatedAt":"2019-12-20T11:33:07.592Z","commentCount":7,"likeCount":8,"tags":["HIDE_THUMBNAIL"],"topics":["內湖","三總","新人","學長姐幫幫我"],"supportedReactions":null,"withNickname":true,"reportReason":"","hiddenByAuthor":false,"meta":{"layout":"classic"},"forumName":"護理","forumAlias":"nursing","school":"愛吃牛肉","department":"allen851004","replyTitle":null,"gender":"M","personaSubscriptable":null,"reactions":[{"id":"286f599c-f86a-4932-82f0-f5a06f1eca03","count":8}],"hidden":false,"customStyle":null,"isSuspiciousAccount":false,"layout":"classic","withImages":false,"withVideos":false,"media":[],"reportReasonText":"","mediaMeta":[],"postAvatar":""}