{"id":232714635,"title":"有感而發","content":"在學校的時候總會對臨床抱著一點期待，進入職場後才發現難的不是工作,而是人心...永遠不知道誰在你背後捅了一刀,又或者哪位學姊告訴你沒關係,背地裡卻默默的酸了你N遍,好人當然還是有,但卻是少數中的少數,同樣身為女生的我還是覺得女人多的地方真可怕...","excerpt":"在學校的時候總會對臨床抱著一點期待，進入職場後才發現難的不是工作，而是人心...永遠不知道誰在你背後捅了一刀，又或者哪位學姊告訴你沒關係，背地裡卻默默的酸了你N遍，好人當然還是有，但卻是少數中的少數，","anonymousSchool":false,"anonymousDepartment":true,"pinned":false,"forumId":"b22d2f5d-3c06-4d08-96b8-770eb38e8f96","replyId":null,"createdAt":"2019-12-18T17:27:28.622Z","updatedAt":"2019-12-18T17:27:28.622Z","commentCount":1,"likeCount":33,"tags":["HIDE_THUMBNAIL"],"topics":[],"supportedReactions":null,"withNickname":false,"reportReason":"","hiddenByAuthor":false,"meta":{"layout":"classic"},"forumName":"護理","forumAlias":"nursing","school":"崇仁醫護管理專科學校","replyTitle":null,"gender":"F","personaSubscriptable":null,"reactions":[{"id":"286f599c-f86a-4932-82f0-f5a06f1eca03","count":32},{"id":"514c2569-fd53-4d9d-a415-bf0f88e7329f","count":1}],"hidden":false,"customStyle":null,"isSuspiciousAccount":false,"layout":"classic","withImages":false,"withVideos":false,"media":[],"reportReasonText":"","mediaMeta":[],"postAvatar":""}