{"id":232726463,"title":"讓我抱怨一下","content":"每天提早一小時到單位至少晚兩個小時下班\n才22歲我不想每天倒數著過著日子\n每天下班的想法都是\n「今天終於過完了」\n我才22歲難道未來的日子都要這麼倒數著過嗎⋯⋯\n想離職想找一份不用負擔人命的工作\n\n跟阿長督導講他們只會說\n想想你的初衷是什麼\n我們以前也都是這樣過來的\n再試一下撐過就是你的\n\n我都想自殺都快活不下去了你跟我談初衷\n我阿嬤以前也在河邊洗衣服你怎麼現在用洗衣機洗\n我試過了真的不行到底憑什麼你可以擋我不讓我離職\n\n毫無生活品質的生活不叫生活，是虐待\n\n。","excerpt":"每天提早一小時到單位至少晚兩個小時下班，才22歲我不想每天倒數著過著日子，每天下班的想法都是，「今天終於過完了」我才22歲難道未來的日子都要這麼倒數著過嗎⋯⋯，想離職想找一份不用負擔人命的工作，跟阿長","anonymousSchool":false,"anonymousDepartment":true,"pinned":false,"forumId":"b22d2f5d-3c06-4d08-96b8-770eb38e8f96","replyId":null,"createdAt":"2019-12-20T12:15:32.888Z","updatedAt":"2019-12-20T12:15:32.888Z","commentCount":39,"likeCount":330,"tags":["HIDE_THUMBNAIL"],"topics":["護理","護理師","心情","壓力"],"supportedReactions":null,"withNickname":false,"reportReason":"","hiddenByAuthor":false,"meta":{"layout":"classic"},"forumName":"護理","forumAlias":"nursing","school":"長庚科技大學","replyTitle":null,"gender":"F","personaSubscriptable":null,"reactions":[{"id":"286f599c-f86a-4932-82f0-f5a06f1eca03","count":324},{"id":"514c2569-fd53-4d9d-a415-bf0f88e7329f","count":5},{"id":"4b018f48-e184-445f-adf1-fc8e04ba09b9","count":1}],"hidden":false,"customStyle":null,"isSuspiciousAccount":false,"layout":"classic","withImages":false,"withVideos":false,"media":[],"reportReasonText":"","mediaMeta":[],"postAvatar":""}