{"id":232788312,"title":"非本科考ACLS","content":"打給厚\n我是醫管系畢業兩年覺得自己科系出路徬徨無助的人，今年決定報考學士後，結果我口試分數頗好的但書審成績因為什麼都沒有所以爛到爆炸直接跟護理系說明年再相會！\n然而直接白白等著明年再報一次就覺得我會與護理永遠無緣\n所以我開始報考急救證照，最基本BLS當作是去玩一天就考到了就覺得自己的專業值飆高一個腦波弱連ACLS 是什麼都還搞不清楚的狀況就報名繳錢了\n繳完開始問辜狗大神ACLS 到底何方神聖問完只聽到我錢包心痛的聲音因為心電圖我只看的懂一條直線是什麼意思是要考屁\n為了讓我的錢包不要白白重傷的情況下，我先去買了ACLS 的課本回來看，連N/S是什麼BP是什麼我都一起辜狗大神了！不說我還以為我在看原文書呢^-^\n看了兩個月還是搞不懂心臟上面是心房還心室的情況下，我帶著我200%的鬥志上完第一天的課知道了怎麼看心電圖，然後回家問了我的護理斯姊姊惡補藥名怎麼唸然後它們是拿來幹嘛的然後順便叫她演一下路倒的阿婆讓我run個5次大概到凌晨兩點才睡\n終於我在隔天被抽上去演練的時候說的出高血鉀可以給jusomine,然後又在mega code的時候抽到最簡單的VT，還可以打pass給我的隊友\n最後，我只能說：馬的真的有夠難，但我都佩服我自己的意志力了！\n各位想考的學長姐們一定可以過的！加油","excerpt":"打給厚，我是醫管系畢業兩年覺得自己科系出路徬徨無助的人，今年決定報考學士後，結果我口試分數頗好的但書審成績因為什麼都沒有所以爛到爆炸直接跟護理系說明年再相會！，然而直接白白等著明年再報一次就覺得我會與","anonymousSchool":false,"anonymousDepartment":false,"pinned":false,"forumId":"b22d2f5d-3c06-4d08-96b8-770eb38e8f96","replyId":null,"createdAt":"2019-12-30T05:40:29.555Z","updatedAt":"2019-12-30T05:41:36.627Z","commentCount":7,"likeCount":47,"tags":["HIDE_THUMBNAIL"],"topics":["非本","護理"],"supportedReactions":null,"withNickname":true,"reportReason":"","hiddenByAuthor":false,"meta":{"layout":"classic"},"forumName":"護理","forumAlias":"nursing","school":"55555","department":"sandy5104","replyTitle":null,"gender":"F","personaSubscriptable":false,"reactions":[{"id":"286f599c-f86a-4932-82f0-f5a06f1eca03","count":47}],"hidden":false,"customStyle":null,"isSuspiciousAccount":false,"layout":"classic","withImages":false,"withVideos":false,"media":[],"reportReasonText":"","mediaMeta":[],"postAvatar":""}