{"id":232849251,"title":"護理之家","content":"請問有沒有學長姐一畢業後就到護理之家上班的呢？\n我從五專實習到二技實習完後確定不留在醫院了⋯\n曾經試著努力，但還是放棄了，雖然覺得自己真的很弱，別人可以我卻無法⋯也因為沒有第二專長，所以想好好運用自己辛苦考來的護理師執照！\n請學長、學姊們幫幫我～有沒有推薦中部的護理之家？","excerpt":"請問有沒有學長姐一畢業後就到護理之家上班的呢？我從五專實習到二技實習完後確定不留在醫院了⋯，曾經試著努力，但還是放棄了，雖然覺得自己真的很弱，別人可以我卻無法⋯也因為沒有第二專長，所以想好好運用自己辛","anonymousSchool":false,"anonymousDepartment":true,"pinned":false,"forumId":"b22d2f5d-3c06-4d08-96b8-770eb38e8f96","replyId":null,"createdAt":"2020-01-08T06:17:17.322Z","updatedAt":"2020-01-08T06:17:17.322Z","commentCount":26,"likeCount":18,"tags":["HIDE_THUMBNAIL"],"topics":["學長姐幫幫我","護理師","護理板","護理","醫院"],"supportedReactions":null,"withNickname":false,"reportReason":"","hiddenByAuthor":false,"meta":{"layout":"classic"},"forumName":"護理","forumAlias":"nursing","school":"長庚科技大學","replyTitle":null,"gender":"F","personaSubscriptable":false,"reactions":[{"id":"286f599c-f86a-4932-82f0-f5a06f1eca03","count":18}],"hidden":false,"customStyle":null,"isSuspiciousAccount":false,"layout":"classic","withImages":false,"withVideos":false,"media":[],"reportReasonText":"","mediaMeta":[],"postAvatar":""}