{"id":232812517,"title":"讀護理真的很不好嗎","content":"我是剛專一的護生\n對於護理也是保持著想幫助別人（還有賺錢\n才進來的，但看了很多護理相關的評論，有人說讀護理真的浪費了很多青春，寧願讀高職。也有人說讀護理出社會至少有個穩定的工作，但前陣子發生的跳樓事件讓我對護理真的產生了很多疑問\n我想請問各位護理系的學長姊們，我這樣走對嘛","excerpt":"我是剛專一的護生，對於護理也是保持著想幫助別人（還有賺錢，才進來的，但看了很多護理相關的評論，有人說讀護理真的浪費了很多青春，寧願讀高職。也有人說讀護理出社會至少有個穩定的工作，但前陣子發生的跳樓事件","anonymousSchool":false,"anonymousDepartment":false,"pinned":false,"forumId":"b22d2f5d-3c06-4d08-96b8-770eb38e8f96","replyId":null,"createdAt":"2020-01-02T13:59:11.259Z","updatedAt":"2020-01-02T13:59:11.259Z","commentCount":46,"likeCount":45,"tags":["HIDE_THUMBNAIL"],"topics":["護理","詢問"],"supportedReactions":null,"withNickname":true,"reportReason":"","hiddenByAuthor":false,"meta":{"layout":"classic"},"forumName":"護理","forumAlias":"nursing","school":"蝦子","department":"kookieyu","replyTitle":null,"gender":"F","personaSubscriptable":true,"reactions":[{"id":"286f599c-f86a-4932-82f0-f5a06f1eca03","count":45}],"hidden":false,"customStyle":null,"isSuspiciousAccount":false,"layout":"classic","withImages":false,"withVideos":false,"media":[],"reportReasonText":"","mediaMeta":[],"postAvatar":""}