{"id":232886915,"title":"黑特 禾O","content":"想去的各位大大\n請好好考慮清楚\n無論是要去生小孩還是要去那裡賣命的\n過來人的經驗來跟你們說\n錢，看起來好像很多\n但，做的事真的很認真的給他\n累！到！靠！北！\n誇張沉重的媽寶比\n面試跟你說最多1:4對，但實際上不！可！能！\n醫生瘋狂生\n你就瘋狂接\n他們狂賺錢\n你就累到靠北\n每天沒吃飯，沒喝水、沒上廁所是正常\n每天晚下班也是正常\n\n本人目前最高紀錄\n上班7媽+9寶\n下班8媽+10寶\n這是真的！沒在跟你唬爛！\n小夜上到快早上5點才下班……\n\n朝令夕改也是常見\n沒有正規固定但SOP\n規則常常改、常常換\n一件事很多工\n真的很煩！\n\n煩的不是照顧小孩\n而是那些讓人厭惡的規範\n還有每天面對被醫生寵上天的爸媽\n每天都有無數個白痴無腦智障的問題\n每天下班都差點找不到眼球跑到哪了\n還要心平氣和回答他們的無腦問題……\n\n唉……\n只能說在那裡上班\n真的比在大醫院上班\n還要累好幾倍……\n\n在那裡除了賣專業、賣服務\n還要賣你的身體、勞力跟命呀……\n再怎麼喜歡小孩的你們……\n請不要想不開將你的熱情\n揮灑在這個地方\n讓你對婦產科的熱情給澆熄了……","excerpt":"想去的各位大大，請好好考慮清楚，無論是要去生小孩還是要去那裡賣命的，過來人的經驗來跟你們說，錢，看起來好像很多，但，做的事真的很認真的給他，累！到！靠！北！，誇張沉重的媽寶比，面試跟你說最多1：4對，","anonymousSchool":false,"anonymousDepartment":true,"pinned":false,"forumId":"b22d2f5d-3c06-4d08-96b8-770eb38e8f96","replyId":null,"createdAt":"2020-01-13T20:21:14.537Z","updatedAt":"2020-01-13T20:21:14.537Z","commentCount":21,"likeCount":77,"tags":[],"topics":["黑特","護理人生","護理環境","工作"],"supportedReactions":null,"withNickname":false,"reportReason":"","hiddenByAuthor":false,"meta":{"layout":"classic"},"forumName":"護理","forumAlias":"nursing","school":"弘光科技大學","replyTitle":null,"gender":"F","personaSubscriptable":null,"reactions":[{"id":"286f599c-f86a-4932-82f0-f5a06f1eca03","count":74},{"id":"aa0d425f-d530-4478-9a77-fe3aedc79eea","count":2},{"id":"4b018f48-e184-445f-adf1-fc8e04ba09b9","count":1}],"hidden":false,"customStyle":null,"isSuspiciousAccount":false,"layout":"classic","withImages":false,"withVideos":false,"media":[],"reportReasonText":"","mediaMeta":[],"postAvatar":""}