{"id":232811171,"title":"#申請護理積分教學 #二技","content":"嗨~首次發文請見諒 ><\n如果你是讀五專然後繼續升學唸二技，擔心護理積分不夠的人，那你一定要看這篇XD\n教你如何花錢買護理積分$$ 最多可以替你的護理積分增加60分~~\n\n五專畢業後考取到護理師證照，有些人沒有先就業而是繼續升學，\n等二技畢業後上班職登會發現，\n執業執照換照日期是從你考取到護理師證照\"發照當天\"就開始算，不是從首次職登才開始算QQ\n(也就是說如果你二技期間完全沒取得積分的話，那畢業後要4年內完成120分)\n好廢話太多了~回到正題~~\n\n五專畢業因為已經取得護理師證照了，所以唸二技也算是進修XD\n之前上網爬文，只有找到下面這個網址很簡單敘述的:\n \nhttps://www.twna.org.tw/frontend/un05_forum/detail.asp?id=4391&addcount=1\n \n(個人覺得講得太簡單了，當時我還自己摸索了好久才成功阿🥺~)\n\n\n這裡可查詢積分:\n \nhttps://ma.mohw.gov.tw/maportal/Default.aspx\n \n\n若不知道怎麼查詢的這裡有圖文教學:\n \nhttps://www.twna.org.tw/frontend/un20_education/webPage_1/index_9.htm\n \n\n\n以下開始教學囉^0^\n登入後點選 \"應用系統功能\" 裡面的 \"護產積分管理系統\"\nhttp://i.imgur.com/1INDzCB.png\n\n進去後呢，左邊點選第一個 \"個人類活動\"\nhttp://i.imgur.com/BdPwXGf.png\n\n再點選\"新增活動\"\nhttps://megapx-assets.dcard.tw/images/d902b8d4-13eb-407a-965f-fbf5a98144f9/1280.jpeg\n然後就按照裡面需要的資料一步一步完成~\n提醒大家一下，審查單位須依照申請日期有所不同喔!\n1~3月中華民國精神衛生護理學會 ;\n4~6月台灣護理學會 ;\n7~9月中華民國護理師護士公會全國聯合 ;\n10~12月中華民國急重症護理學會。\nhttp://i.imgur.com/YS5xnZZ.png\n\n活動內容選擇: \"國內外大學進修專業相關課程\"，再按右邊的 \"新增活動\"\nhttp://i.imgur.com/49MLMXj.png\n\n然後會進入到以下畫面:\n這邊就打上你的學校的資料~\n記得要上傳你的歷年成績單!!\n我個人是二技畢業後才四學期一起申請，所以上傳歷年成績單（等到畢業才發現：天啊😨自己只剩下四年了，嚇得趕緊買學分🤣）\nhttp://i.imgur.com/1ooVeHw.png\n\n按儲存後，會到以下畫面繼續填課程:\nhttp://i.imgur.com/s6tuVKb.png\n急重症、實證、護理倫理、安寧、中醫、高齡,等等...這些都能申請，但每間學校的課程不盡相同，大家就自己分辨囉~~^^\n時間起迄就看上課的日期~\n⚠️提醒大家:每學期最多可送審3個學分申請積分認證，每個學分積分5點，一學期最多可得15 點=15護理積分\n也就是說一學期最多3學分，超過會被退件喔!!注意!!\n如果申請滿的話，最多可以替你的護理積分增加60分!!(一學期15分*4學期)\n審查費用計算方式：\n每個積點30元，也就是說看你申請幾個護理積分，一分30元，若申請15個積點（護理積分）則為450元，依此類推！（申請全滿最多60*30=1800$）\n\n填完課程會有以下畫面: \nhttp://i.imgur.com/wJnrjnc.png\n都填完後就送審🤗~~\n你可以再到個人類活動查詢進度，\nhttp://i.imgur.com/9bd4pTv.png\n\n不論審核有無通過都會寄信到你的信箱通知你!!\n若申請結果為 退件 ，可以登入到上圖查詢進度的地方，會告訴你哪裡有問題，修改後再送件! 會再寄信通知有無通過!\n\n申請通過後會寄信給你匯款資訊\n匯款後再傳真匯款的收據🧾回去~ \n總之就是按照步驟就能獲得積分囉^0^\nhttp://i.imgur.com/jVaY94u.png\n\n以上~是花錢購買積分的小撇步，也許有些人覺得不需要花錢買，有需要的再購買吧~~謝謝大家 :)","excerpt":"嗨~首次發文請見諒 ><，如果你是讀五專然後繼續升學唸二技，擔心護理積分不夠的人，那你一定要看這篇XD，教你如何花錢買護理積分$$ 最多可以替你的護理積分增加60分~~，五專畢業後考取到護理師證照，有","anonymousSchool":false,"anonymousDepartment":false,"pinned":false,"forumId":"b22d2f5d-3c06-4d08-96b8-770eb38e8f96","replyId":null,"createdAt":"2020-01-02T10:21:26.968Z","updatedAt":"2020-01-03T03:49:43.171Z","commentCount":5,"likeCount":147,"tags":[],"topics":["護理師","二技護理","護理積分","二技","護理板"],"supportedReactions":null,"withNickname":false,"reportReason":"","hiddenByAuthor":false,"meta":{"layout":"classic"},"forumName":"護理","forumAlias":"nursing","school":"長庚科技大學","department":"護理系","replyTitle":null,"gender":"F","personaSubscriptable":false,"reactions":[{"id":"286f599c-f86a-4932-82f0-f5a06f1eca03","count":147}],"hidden":false,"customStyle":null,"isSuspiciousAccount":false,"layout":"classic","withImages":true,"withVideos":false,"media":[{"url":"http://i.imgur.com/1INDzCB.png"},{"url":"http://i.imgur.com/BdPwXGf.png"},{"url":"https://megapx-assets.dcard.tw/images/d902b8d4-13eb-407a-965f-fbf5a98144f9/1280.jpeg"},{"url":"http://i.imgur.com/YS5xnZZ.png"},{"url":"http://i.imgur.com/49MLMXj.png"},{"url":"http://i.imgur.com/1ooVeHw.png"},{"url":"http://i.imgur.com/s6tuVKb.png"},{"url":"http://i.imgur.com/wJnrjnc.png"},{"url":"http://i.imgur.com/9bd4pTv.png"},{"url":"http://i.imgur.com/jVaY94u.png"}],"reportReasonText":"","mediaMeta":[{"id":"2437f6d9-b432-4170-a1f9-36938e3791ef","url":"https://i.imgur.com/1INDzCBl.jpg","normalizedUrl":"https://i.imgur.com/1INDzCBl.jpg","thumbnail":"https://i.imgur.com/1INDzCBl.jpg","type":"image/thumbnail","tags":["ANNOTATED"],"createdAt":"2020-01-02T10:21:26.968Z","updatedAt":"2020-01-03T03:49:43.171Z"},{"id":"2437f6d9-b432-4170-a1f9-36938e3791ef","url":"http://i.imgur.com/1INDzCB.png","normalizedUrl":"https://imgur.com/1INDzCB","thumbnail":"https://i.imgur.com/1INDzCBl.jpg","type":"image/imgur","tags":["ANNOTATED"],"createdAt":"2020-01-02T10:21:26.968Z","updatedAt":"2020-01-03T03:49:43.171Z"},{"id":"6e846841-b713-4c40-93ab-216d8623d144","url":"http://i.imgur.com/BdPwXGf.png","normalizedUrl":"https://imgur.com/BdPwXGf","thumbnail":"https://i.imgur.com/BdPwXGfl.jpg","type":"image/imgur","tags":["ANNOTATED"],"createdAt":"2020-01-02T10:21:26.968Z","updatedAt":"2020-01-03T03:49:43.171Z"},{"id":"a1e07b42-0abd-4b26-b67e-5a00d70b9c15","url":"https://megapx-assets.dcard.tw/images/d902b8d4-13eb-407a-965f-fbf5a98144f9/1280.jpeg","normalizedUrl":"https://megapx.dcard.tw/v1/images/d902b8d4-13eb-407a-965f-fbf5a98144f9","thumbnail":"https://megapx-assets.dcard.tw/images/d902b8d4-13eb-407a-965f-fbf5a98144f9/640.jpeg","type":"image/megapx","tags":["ANNOTATED"],"createdAt":"2020-01-02T15:42:43.547Z","updatedAt":"2020-01-03T03:49:43.171Z","width":1366,"height":531},{"id":"22bf30fb-5887-4a84-8d6a-62e025855dbe","url":"http://i.imgur.com/YS5xnZZ.png","normalizedUrl":"https://imgur.com/YS5xnZZ","thumbnail":"https://i.imgur.com/YS5xnZZl.jpg","type":"image/imgur","tags":["ANNOTATED"],"createdAt":"2020-01-02T10:21:26.968Z","updatedAt":"2020-01-03T03:49:43.171Z"},{"id":"a75a53ca-7bff-49f2-84c6-a5595fa93dfe","url":"http://i.imgur.com/49MLMXj.png","normalizedUrl":"https://imgur.com/49MLMXj","thumbnail":"https://i.imgur.com/49MLMXjl.jpg","type":"image/imgur","tags":["ANNOTATED"],"createdAt":"2020-01-02T10:21:26.968Z","updatedAt":"2020-01-03T03:49:43.171Z"},{"id":"7c006d9c-df50-4e2e-b72a-0274b3b0bacc","url":"http://i.imgur.com/1ooVeHw.png","normalizedUrl":"https://imgur.com/1ooVeHw","thumbnail":"https://i.imgur.com/1ooVeHwl.jpg","type":"image/imgur","tags":["ANNOTATED"],"createdAt":"2020-01-02T10:21:26.968Z","updatedAt":"2020-01-03T03:49:43.171Z"},{"id":"448c8ffb-e1e1-4886-b79b-dfbc51ca64f0","url":"http://i.imgur.com/s6tuVKb.png","normalizedUrl":"https://imgur.com/s6tuVKb","thumbnail":"https://i.imgur.com/s6tuVKbl.jpg","type":"image/imgur","tags":["ANNOTATED"],"createdAt":"2020-01-02T10:21:26.968Z","updatedAt":"2020-01-03T03:49:43.171Z"},{"id":"be7f3ae6-c11e-4c34-9fdb-012d6de04cbf","url":"http://i.imgur.com/wJnrjnc.png","normalizedUrl":"https://imgur.com/wJnrjnc","thumbnail":"https://i.imgur.com/wJnrjncl.jpg","type":"image/imgur","tags":["ANNOTATED"],"createdAt":"2020-01-02T10:21:26.968Z","updatedAt":"2020-01-03T03:49:43.171Z"},{"id":"25fa9dd5-27cb-49cc-890a-fccf779b18f3","url":"http://i.imgur.com/9bd4pTv.png","normalizedUrl":"https://imgur.com/9bd4pTv","thumbnail":"https://i.imgur.com/9bd4pTvl.jpg","type":"image/imgur","tags":["ANNOTATED"],"createdAt":"2020-01-02T10:21:26.968Z","updatedAt":"2020-01-03T03:49:43.171Z"},{"id":"68527b9a-0bb3-48a1-973b-4b71ca5d8324","url":"http://i.imgur.com/jVaY94u.png","normalizedUrl":"https://imgur.com/jVaY94u","thumbnail":"https://i.imgur.com/jVaY94ul.jpg","type":"image/imgur","tags":["ANNOTATED"],"createdAt":"2020-01-02T10:21:26.968Z","updatedAt":"2020-01-03T03:49:43.171Z"}],"postAvatar":""}