{"id":232833563,"title":"我想這個就是真愛吧！","content":"一般人小夜下班後要幹什麼?\n當然是回去睡覺啊！\n學生時代曾經在林口長庚TC打工\n有一整年都是上大夜\n整晚在諾大的醫院來回穿梭\n白天攘往熙來的醫院\n晚上空無一人\n有次一點多經過藥局前面\n注意到一男一女坐著說話\n四點多再經過時依然在聊\n五點半取藥的時候就離開了\n\n這樣的情況常常發生\n後來了解是小夜的學姐\n下班後來跟在藥局前等候已久的男友說話\n據說男友是從事警消工作的\n也是需要輪班\n所以只能喬共同的空檔\n在燈光不美氣氛不佳的藥局門口\n說說話\n在我眼中看來\n這樣真美！\n其實我把看到的回報護理站與學姐們交換情報\n那男的看起來還不錯","excerpt":"一般人小夜下班後要幹什麼？當然是回去睡覺啊！，學生時代曾經在林口長庚TC打工，有一整年都是上大夜，整晚在諾大的醫院來回穿梭，白天攘往熙來的醫院，晚上空無一人，有次一點多經過藥局前面，注意到一男一女坐著","anonymousSchool":false,"anonymousDepartment":false,"pinned":false,"forumId":"b22d2f5d-3c06-4d08-96b8-770eb38e8f96","replyId":null,"createdAt":"2020-01-05T21:19:20.366Z","updatedAt":"2020-01-05T21:20:32.514Z","commentCount":0,"likeCount":101,"tags":[],"topics":["真愛","護理","醫院","護理師"],"supportedReactions":null,"withNickname":false,"reportReason":"","hiddenByAuthor":false,"meta":{"layout":"classic"},"forumName":"護理","forumAlias":"nursing","school":"國立臺灣科技大學","department":"機械工程學系","replyTitle":null,"gender":"M","personaSubscriptable":false,"reactions":[{"id":"286f599c-f86a-4932-82f0-f5a06f1eca03","count":101}],"hidden":false,"customStyle":null,"isSuspiciousAccount":false,"layout":"classic","withImages":false,"withVideos":false,"media":[],"reportReasonText":"","mediaMeta":[],"postAvatar":""}