{"id":232879473,"title":"實習","content":"大半年的實習終於結束了\n在最後一天慶祝自己已脫離這種生活的同時\n我也思考著我這半年來所經歷之事\n\n第一 不外乎是自己的動作太緩慢\n在每一個科別總是被學姐及老師嫌棄動作太慢\n我常常會跟不上學姐的腳步尤其是外科\n我嘗試著加快腳步\n但加快後又什麼都做不好\n因為我太緊張\n怕動作太慢讓學姐來不及給藥換藥\n也怕影響學姐打紀錄的時間\n\n第二 技術雖然有進步但還是會緊張手抖\n從第一站出來到最後一站\n雖然漸漸的不會那麼緊張了\n但還是會因為動作太慢緊張而手抖\n甚至因為動作慢而讓老師受不了\n老師乾脆直接把技術自己做一做還比較快\n\n第三 只想做好技術就好\n進去病房後只想做好技術\n什麼都不管\n不怎麼關心病人\n也因這事被老師碎唸過\n病人可能因為不知道要做什麼事緊張\n我們可以時時刻刻的關心病人\n讓病人知道自己是關心他們的\n並不是只有他面對疾病\n\n目前能想到的就只有這樣\n\n文筆沒有很好\n抱歉","excerpt":"大半年的實習終於結束了，在最後一天慶祝自己已脫離這種生活的同時，我也思考著我這半年來所經歷之事，第一 不外乎是自己的動作太緩慢，在每一個科別總是被學姐及老師嫌棄動作太慢，我常常會跟不上學姐的腳步尤其是","anonymousSchool":false,"anonymousDepartment":true,"pinned":false,"forumId":"b22d2f5d-3c06-4d08-96b8-770eb38e8f96","replyId":null,"createdAt":"2020-01-12T15:52:23.835Z","updatedAt":"2020-01-12T15:52:23.835Z","commentCount":1,"likeCount":20,"tags":[],"topics":["實習"],"supportedReactions":null,"withNickname":false,"reportReason":"","hiddenByAuthor":false,"meta":{"layout":"classic"},"forumName":"護理","forumAlias":"nursing","school":"中華醫事科技大學","replyTitle":null,"gender":"F","personaSubscriptable":true,"reactions":[{"id":"286f599c-f86a-4932-82f0-f5a06f1eca03","count":20}],"hidden":false,"customStyle":null,"isSuspiciousAccount":false,"layout":"classic","withImages":false,"withVideos":false,"media":[],"reportReasonText":"","mediaMeta":[],"postAvatar":""}