{"id":232850780,"title":"#提問 護理朋友被針筒刺到","content":"我朋友在診所上班，\n他目前還沒考執照但被要求得幫病人打針，\n結果因為病人突發狀況，\n害她被針筒刺到，\n她當下立馬跟醫生說，\n醫生說要幫忙詢問病人是否能配合抽血，\n問完結果那位病人說可以，\n醫生叫她去跟同事說幫那位病人順便抽血，\n因為那時候她同事好像正在幫那位病人打別的針，\n我朋友跟同事說，\n同事卻嫌麻煩而不理會，\n結果就讓病人走了，\n導致我朋友到現在還很擔憂，\n回去要求老闆娘打電話請對方回來抽血，\n但對方卻不想多跑一趟，\n雖然她自己第一次抽血剛出來的結果是沒怎樣，\n他們診所也說要提供我朋友抽半年的血，\n但聽起來好像還是很擔憂，\n誰知道半年後真的沒事？\n那位同事也很沒人性，\n病人肯配合卻嫌麻煩，\n想請問大家有什麼想法及建議🙇🏻‍♀️","excerpt":"我朋友在診所上班，他目前還沒考執照但被要求得幫病人打針，結果因為病人突發狀況，害她被針筒刺到，她當下立馬跟醫生說，醫生說要幫忙詢問病人是否能配合抽血，問完結果那位病人說可以，醫生叫她去跟同事說幫那位病","anonymousSchool":false,"anonymousDepartment":true,"pinned":false,"forumId":"b22d2f5d-3c06-4d08-96b8-770eb38e8f96","replyId":null,"createdAt":"2020-01-08T10:26:42.028Z","updatedAt":"2020-01-08T10:29:11.399Z","commentCount":24,"likeCount":137,"tags":["HIDE_THUMBNAIL"],"topics":["護理","針筒","醫院","護理師","心情"],"supportedReactions":null,"withNickname":false,"reportReason":"","hiddenByAuthor":false,"meta":{"layout":"classic"},"forumName":"護理","forumAlias":"nursing","school":"南臺科技大學","replyTitle":null,"gender":"F","personaSubscriptable":null,"reactions":[{"id":"286f599c-f86a-4932-82f0-f5a06f1eca03","count":132},{"id":"514c2569-fd53-4d9d-a415-bf0f88e7329f","count":3},{"id":"aa0d425f-d530-4478-9a77-fe3aedc79eea","count":2}],"hidden":false,"customStyle":null,"isSuspiciousAccount":false,"layout":"classic","withImages":false,"withVideos":false,"media":[],"reportReasonText":"","mediaMeta":[],"postAvatar":""}