{"id":232876202,"title":"延畢國考時間","content":"想請問各位學長姐，我現在專四，考完期末覺得很危險，如果延畢的話是不是只能111年七月再考呢？\n\n（如果沒延畢是話是明年考，但是如果延畢半學期的話二月沒辦法考，因為要提早報名，但還沒有畢業證書）\n\n如果有錯拜託告訴我，謝謝🙏🙏🙏🙏","excerpt":"想請問各位學長姐，我現在專四，考完期末覺得很危險，如果延畢的話是不是只能111年七月再考呢？（如果沒延畢是話是明年考，但是如果延畢半學期的話二月沒辦法考，因為要提早報名，但還沒有畢業證書），如果有錯拜","anonymousSchool":false,"anonymousDepartment":false,"pinned":false,"forumId":"b22d2f5d-3c06-4d08-96b8-770eb38e8f96","replyId":null,"createdAt":"2020-01-12T06:33:20.256Z","updatedAt":"2020-01-12T06:33:20.256Z","commentCount":7,"likeCount":16,"tags":[],"topics":["國考","護理","學長姐幫幫我"],"supportedReactions":null,"withNickname":true,"reportReason":"","hiddenByAuthor":false,"meta":{"layout":"classic"},"forumName":"護理","forumAlias":"nursing","school":"很冷","department":"oooooo123","replyTitle":null,"gender":"F","personaSubscriptable":null,"reactions":[{"id":"286f599c-f86a-4932-82f0-f5a06f1eca03","count":16}],"hidden":false,"customStyle":null,"isSuspiciousAccount":false,"layout":"classic","withImages":false,"withVideos":false,"media":[],"reportReasonText":"","mediaMeta":[],"postAvatar":""}