{"id":232880387,"title":"猶豫要不要離職","content":"小妹我目前在臨床也待了半年\n\n去年畢業的我往台中去了醫學中心工作\n跟合得來的朋友相約抱著歷練的心態\n想當然血汗程度可想而知，卻還是來了\n\n朋友本身就是邏輯加速度快，想法也成熟，她說過之前也是很玻璃心的只是現在改過來了，現在適應的得心應手（裡面一定也有她自己的努力）\n\n而我，從剛開始進去的一個多月，每天每天都很低落，壓力大，覺得學生跟正式員工的身分轉變不過來，沈陷在低潮想著做不好就頂多離職的心態，差不多兩三個月，這中間無數次跟朋友說想離職得到的回應是......\n\n這是過渡期，也有被點說心態不在線上就想當然的不會想做下去（超中肯、是個真心的好朋友）\n\n同時帶我跟朋友的學姊人很好，也有說過我們差別就是一個可以融會貫通的很快，我就是邏輯很容易卡死的那個（這我承認😂😂😂\n\n每當有兩天假期可以回家的時候就巴不得飛奔，可是當要收假那天就又覺得憂鬱啦哩拉雜的心情又出來了\n就會在火車或公車上忍不住想掉淚\n\n朋友也說每次我回家後都這樣（講離職講到後來就說妳在講我就不留你XD)\n\n大概過了幾個月有比較上手（突然頓悟之類的、真的超突然就想開了，雖然也還是被追欠的之中學習）\n就覺得自己的另外問題出現了\n病人狀況太複雜的在聽完交班之後能理解但相反要我交給下一班瞭解就有點困難（不知道是口條還是腦袋問題）\n遇上比我new的學妹交給我，沒辦法問到該問的被下一班提出疑問的時候我就講不出來（那一個月被學姊說要學起來該問的、要知道的有哪些就可以避免被追）\n\n很高興在這個地方可以遇到好學姊跟好同事\n\n但我一直想離職而在猶豫的原因的是我想家、雖然不比台中方便，而家人也是希望我歷練個幾年等合約到了就回家😂\n\n想聽聽大家離家工作的心路歷程\n雖然我覺得是我長不大（玻璃心呃呃呃）","excerpt":"小妹我目前在臨床也待了半年，去年畢業的我往台中去了醫學中心工作，跟合得來的朋友相約抱著歷練的心態，想當然血汗程度可想而知，卻還是來了，朋友本身就是邏輯加速度快，想法也成熟，她說過之前也是很玻璃心的只是","anonymousSchool":false,"anonymousDepartment":true,"pinned":false,"forumId":"b22d2f5d-3c06-4d08-96b8-770eb38e8f96","replyId":null,"createdAt":"2020-01-12T18:19:22.347Z","updatedAt":"2020-01-12T19:12:00.630Z","commentCount":11,"likeCount":50,"tags":["HIDE_THUMBNAIL"],"topics":["護理","護理師","菜鳥"],"supportedReactions":null,"withNickname":false,"reportReason":"","hiddenByAuthor":false,"meta":{"layout":"classic"},"forumName":"護理","forumAlias":"nursing","school":"崇仁醫護管理專科學校","replyTitle":null,"gender":"F","personaSubscriptable":false,"reactions":[{"id":"286f599c-f86a-4932-82f0-f5a06f1eca03","count":50}],"hidden":false,"customStyle":null,"isSuspiciousAccount":false,"layout":"classic","withImages":false,"withVideos":false,"media":[],"reportReasonText":"","mediaMeta":[],"postAvatar":""}