{"id":232821080,"title":"提離職被拒絕","content":"已經不是第一次提離職了\n這次算是第三次\n\n\n一直覺得自己做的不夠好\n壓力很大 沒有任何生活品質可言\n\n我知道學姊們對我很好 阿長也是\n人情壓力真的很大 也覺得自己離開後可能\n沒辦法再遇到那麼好的單位了\n\n但一直過不去心裡的檻\n單位好雜 有兒科婦科產科外科甚至偶爾內科\n薪水純白實領才三萬五 每天工時長達10-12小時\n\n也跟阿長提過了也說希望自己能去婦產專科醫院\n阿長也拒絕了認為我都讀到二技畢業了為什麼要到小醫院去 小醫院福利不會 也沒有辦法跟我保障 我老了我該怎麼辦\n\n但是我現在真的很不快樂 ⋯⋯","excerpt":"已經不是第一次提離職了，這次算是第三次，一直覺得自己做的不夠好，壓力很大 沒有任何生活品質可言，我知道學姊們對我很好 阿長也是，人情壓力真的很大 也覺得自己離開後可能，沒辦法再遇到那麼好的單位了，但一","anonymousSchool":false,"anonymousDepartment":false,"pinned":false,"forumId":"b22d2f5d-3c06-4d08-96b8-770eb38e8f96","replyId":null,"createdAt":"2020-01-03T20:01:19.600Z","updatedAt":"2020-01-03T20:01:19.600Z","commentCount":34,"likeCount":60,"tags":["HIDE_THUMBNAIL"],"topics":[],"supportedReactions":null,"withNickname":false,"reportReason":"","hiddenByAuthor":false,"meta":{"layout":"classic"},"forumName":"護理","forumAlias":"nursing","school":"輔英科技大學","department":"護理系","replyTitle":null,"gender":"F","personaSubscriptable":false,"reactions":[{"id":"286f599c-f86a-4932-82f0-f5a06f1eca03","count":59},{"id":"514c2569-fd53-4d9d-a415-bf0f88e7329f","count":1}],"hidden":false,"customStyle":null,"isSuspiciousAccount":false,"layout":"classic","withImages":false,"withVideos":false,"media":[],"reportReasonText":"","mediaMeta":[],"postAvatar":""}