{"id":232860802,"title":"關於打卡","content":"我們醫院2020-1-1開始要因為延遲下班要點選因素\n1.個人因素\n2.我忘了？好像是電腦當機什麼的\n3.主管派班\n然後新年開始不管你交班到哪事情有沒做完\n阿長和資深學姐就會要求你先打卡\n連下刀洗器械尚未完成都不是理由\n覺得很幹\n那拜託學姐和阿長下班自己留下來洗\n放隔夜也沒關係\n\n聽說單位如果有太多因［個人因素］延遲下班的話聽說會被約談\n我平常就是事情做很快的人\n絕對不會拖延下班時間\n但偏偏最近太忙\n除了刀多還有急救\n怎麼可能不延遲下班\n我真心拜託快點來約談我\n我真心想了解設計這個爛規定的人","excerpt":"我們醫院2020-1-1開始要因為延遲下班要點選因素，1.個人因素，2.我忘了？好像是電腦當機什麼的，3.主管派班，然後新年開始不管你交班到哪事情有沒做完，阿長和資深學姐就會要求你先打卡，連下刀洗器械","anonymousSchool":false,"anonymousDepartment":false,"pinned":false,"forumId":"b22d2f5d-3c06-4d08-96b8-770eb38e8f96","replyId":null,"createdAt":"2020-01-09T20:11:25.758Z","updatedAt":"2020-01-09T20:11:25.758Z","commentCount":4,"likeCount":11,"tags":["HIDE_THUMBNAIL"],"topics":["護理","醫院","工作","心情","職場"],"supportedReactions":null,"withNickname":true,"reportReason":"","hiddenByAuthor":false,"meta":{"layout":"classic"},"forumName":"護理","forumAlias":"nursing","school":"@小朋友","department":"babe163","replyTitle":null,"gender":"F","personaSubscriptable":false,"reactions":[{"id":"286f599c-f86a-4932-82f0-f5a06f1eca03","count":11}],"hidden":false,"customStyle":null,"isSuspiciousAccount":false,"layout":"classic","withImages":false,"withVideos":false,"media":[],"reportReasonText":"","mediaMeta":[],"postAvatar":""}