{"id":232854770,"title":"想請問在彰基體系工作的大家～","content":"小女子我是目前在彰基工作的護理師，目前剛正式上線一個多月，因為病房工作沉重繁忙，工作環境嚴苛，故在試用期三個月及上線的這一個月裡都有跟單位護理長及臨床教師提到離職或換單位的問題，但總是被模糊焦點，含含糊糊的帶過去，之前我就因為工作及同事導致情緒焦慮而到身心科看診吃藥控制，但近期已經開始有憂鬱的症狀，睡眠也受影響，常常發藥或打記錄做到一半時情緒就莫名的低落，開始掉眼淚，也重新到身心科看診，經過自己慎重的考慮及和家人討論過後，決定提出離職或調職，換一個環境或換一個職位，養好自己的身心狀態，再考慮是否繼續從事護理的工作。\n    但我之前聽說在彰基工作不滿兩年就要罰三萬的違約金，我有打電話問過人事部的職員也是得到相同的答案，所以想請問在彰基體系工作的大家是不是工作未滿兩年真的就要罰這麼多錢呢？若是真的的話我能向哪些單位求助呢？還有我想請問大家我該怎麼跟護理長及督導溝通，他們才能正視我的困境及要求呢？\n    有這麼多問題真的很不好意思…雖然當初讀護理系的時候就知道未來的工作環境一定是嚴苛的，我也很認真很努力的想要適應、想要撐下去，但生理的不舒服及心理上的絕望已經讓我對工作失去信心、勇氣及快樂，唯一剩下的只有恐懼，所以我決定先照顧好自己，再考慮未來的職業，希望大家能為我解惑，真的謝謝……","excerpt":"小女子我是目前在彰基工作的護理師，目前剛正式上線一個多月，因為病房工作沉重繁忙，工作環境嚴苛，故在試用期三個月及上線的這一個月裡都有跟單位護理長及臨床教師提到離職或換單位的問題，但總是被模糊焦點，含含","anonymousSchool":false,"anonymousDepartment":false,"pinned":false,"forumId":"b22d2f5d-3c06-4d08-96b8-770eb38e8f96","replyId":null,"createdAt":"2020-01-09T01:39:34.462Z","updatedAt":"2020-01-09T10:15:29.473Z","commentCount":17,"likeCount":35,"tags":[],"topics":["護理","護理師","學長姐幫幫我","詢問"],"supportedReactions":null,"withNickname":true,"reportReason":"","hiddenByAuthor":false,"meta":{"layout":"classic"},"forumName":"護理","forumAlias":"nursing","school":"護理","department":"zxcvbnm0903","replyTitle":null,"gender":"F","personaSubscriptable":false,"reactions":[{"id":"286f599c-f86a-4932-82f0-f5a06f1eca03","count":34},{"id":"514c2569-fd53-4d9d-a415-bf0f88e7329f","count":1}],"hidden":false,"customStyle":null,"isSuspiciousAccount":false,"layout":"classic","withImages":false,"withVideos":false,"media":[],"reportReasonText":"","mediaMeta":[],"postAvatar":""}