{"id":232836844,"title":"台中醫院","content":"即將面臨畢業QQ\n畢業後想要回到台中上班\n單位想選急診\n\n想請問\n1.中山醫\n2.中國醫\n3.榮總\n4.童綜\n5.慈濟台中分院\n6.衛福部台中醫院\n7.亞洲醫院\n\n哪一間的薪資和待遇算下來會比較高跟好呢？\n我比較知道台北的QQ\n台中求各位學長姐解答謝謝","excerpt":"即將面臨畢業QQ，畢業後想要回到台中上班，單位想選急診，想請問，1.中山醫，2.中國醫，3.榮總，4.童綜，5.慈濟台中分院，6.衛福部台中醫院，7.亞洲醫院，哪一間的薪資和待遇算下來會比較高跟好呢？","anonymousSchool":false,"anonymousDepartment":false,"pinned":false,"forumId":"b22d2f5d-3c06-4d08-96b8-770eb38e8f96","replyId":null,"createdAt":"2020-01-06T10:20:42.015Z","updatedAt":"2020-01-06T10:20:42.015Z","commentCount":23,"likeCount":32,"tags":[],"topics":["護理","醫院","工作"],"supportedReactions":null,"withNickname":false,"reportReason":"","hiddenByAuthor":false,"meta":{"layout":"classic"},"forumName":"護理","forumAlias":"nursing","school":"長庚科技大學","department":"護理系","replyTitle":null,"gender":"F","personaSubscriptable":true,"reactions":[{"id":"286f599c-f86a-4932-82f0-f5a06f1eca03","count":32}],"hidden":false,"customStyle":null,"isSuspiciousAccount":false,"layout":"classic","withImages":false,"withVideos":false,"media":[],"reportReasonText":"","mediaMeta":[],"postAvatar":""}