{"id":232889494,"title":"請益 ...月中的嬰兒室","content":"近期面試台中西區勤美附近 帝*產後護理之家\n的嬰兒室護理師\n純白班（供餐）\n試用期3個月:28000\n正職：30000\n上班時間7:30-15:30\n有保姆協助餵奶.換尿布.洗奶瓶 等等...\n\n由於我0經驗\n\n請問有沒有學長姊在這兒工作？\n單位氣氛好嗎？\n工作內容？\n這樣的待遇算好嗎？","excerpt":"近期面試台中西區勤美附近 帝*產後護理之家，的嬰兒室護理師，純白班（供餐），試用期3個月：28000，正職：30000，上班時間7：30-15：30，有保姆協助餵奶.換尿布.洗奶瓶 等等...，由於我","anonymousSchool":false,"anonymousDepartment":false,"pinned":false,"forumId":"b22d2f5d-3c06-4d08-96b8-770eb38e8f96","replyId":null,"createdAt":"2020-01-14T09:43:57.530Z","updatedAt":"2020-01-14T09:43:57.530Z","commentCount":12,"likeCount":1,"tags":["HIDE_THUMBNAIL"],"topics":["護理師","新人","單位","學長姐幫幫我"],"supportedReactions":null,"withNickname":false,"reportReason":"","hiddenByAuthor":false,"meta":{"layout":"classic"},"forumName":"護理","forumAlias":"nursing","school":"弘光科技大學","department":"護理系","replyTitle":null,"gender":"F","personaSubscriptable":null,"reactions":[{"id":"286f599c-f86a-4932-82f0-f5a06f1eca03","count":1}],"hidden":false,"customStyle":null,"isSuspiciousAccount":false,"layout":"classic","withImages":false,"withVideos":false,"media":[],"reportReasonText":"","mediaMeta":[],"postAvatar":""}