{"id":232818041,"title":"新x跳樓 事件","content":"看到這麼多原本新X跳樓事件的文被刪\n感覺蠻難過😫\n這種事情竟然就要被淡忘了\n欺負他的學姐們 你們應該也都還記得這件事吧\n未來可以對學弟妹好一點嗎\n不要老是仗著 以前我們也是這樣過來的\n\n以前看網路資料\n就說你們跟南部某鋼鐵醫院有得比\n兩家一樣都發生過員工宿舍跳樓\nGoogle都找得到","excerpt":"看到這麼多原本新X跳樓事件的文被刪，感覺蠻難過，這種事情竟然就要被淡忘了，欺負他的學姐們 你們應該也都還記得這件事吧，未來可以對學弟妹好一點嗎，不要老是仗著 以前我們也是這樣過來的，以前看網路資料，就","anonymousSchool":false,"anonymousDepartment":true,"pinned":false,"forumId":"b22d2f5d-3c06-4d08-96b8-770eb38e8f96","replyId":null,"createdAt":"2020-01-03T11:00:54.458Z","updatedAt":"2020-01-03T11:04:13.349Z","commentCount":2,"likeCount":171,"tags":["HIDE_THUMBNAIL"],"topics":["護理","護理師","工作","護理環境"],"supportedReactions":null,"withNickname":false,"reportReason":"","hiddenByAuthor":false,"meta":{"layout":"classic"},"forumName":"護理","forumAlias":"nursing","school":"長庚科技大學","replyTitle":null,"gender":"M","personaSubscriptable":false,"reactions":[{"id":"286f599c-f86a-4932-82f0-f5a06f1eca03","count":164},{"id":"514c2569-fd53-4d9d-a415-bf0f88e7329f","count":5},{"id":"4b018f48-e184-445f-adf1-fc8e04ba09b9","count":1},{"id":"aa0d425f-d530-4478-9a77-fe3aedc79eea","count":1}],"hidden":false,"customStyle":null,"isSuspiciousAccount":false,"layout":"classic","withImages":false,"withVideos":false,"media":[],"reportReasonText":"","mediaMeta":[],"postAvatar":""}