{"id":232881752,"title":"單位氣氛","content":"護理的工作不外乎就是勾心鬥角\n互相計較\n自私的團體生活\n進來這單位也有少許時光飛逝了\n從去年開始 味道就開始變了\n一開始的互相合作及協助下達成了品質\n但現在 卻責怪說夜班品質很差\n夜班品質很差 所以其他班別都沒事？\n不用檢討？\n這不是大家應該一起的嗎 ？\n難道說 因為白班很忙\n品質60分就好 剩下的別人在擦屁股嗎\n有時候 夜班也很忙啊\n人力縮減 又要面對日夜顛倒的操勞\n不是夜班費就可以彌補的衰退跟代謝能力流失的問題\n\n尤其被抨擊到\n覺得上班上的很不快樂\n並隨著時間推移 覺得人生一直為了五斗米折腰\n 衍生出來的感觸 - 人生很難\n\n#女人何苦為難女人\n#舌根會嚼的比較贏面","excerpt":"護理的工作不外乎就是勾心鬥角，互相計較，自私的團體生活，進來這單位也有少許時光飛逝了，從去年開始 味道就開始變了，一開始的互相合作及協助下達成了品質，但現在 卻責怪說夜班品質很差，夜班品質很差 所以其","anonymousSchool":false,"anonymousDepartment":true,"pinned":false,"forumId":"b22d2f5d-3c06-4d08-96b8-770eb38e8f96","replyId":null,"createdAt":"2020-01-13T04:14:54.616Z","updatedAt":"2020-01-13T04:14:54.616Z","commentCount":3,"likeCount":24,"tags":["HIDE_THUMBNAIL"],"topics":["護理","護理師","醫院","護理板","護理人生"],"supportedReactions":null,"withNickname":false,"reportReason":"","hiddenByAuthor":false,"meta":{"layout":"classic"},"forumName":"護理","forumAlias":"nursing","school":"長庚科技大學","replyTitle":null,"gender":"F","personaSubscriptable":false,"reactions":[{"id":"286f599c-f86a-4932-82f0-f5a06f1eca03","count":24}],"hidden":false,"customStyle":null,"isSuspiciousAccount":false,"layout":"classic","withImages":false,"withVideos":false,"media":[],"reportReasonText":"","mediaMeta":[],"postAvatar":""}