{"id":232868111,"title":"找到喜歡的工作好難","content":"現在的工作氣氛不錯 學姊很好\n但很忙 薪水糟糕 福利差\n一直有想離職的念頭\n\n再加上很想回故鄉\n雖然丟履歷給公家醫院了但遲遲無下文\n想說不然去診所吧 結果平均起薪2萬多⋯\n\n\n好想快點離開現在的地方⋯⋯\n但又不敢輕易離開 怕找不到工作","excerpt":"現在的工作氣氛不錯 學姊很好，但很忙 薪水糟糕 福利差，一直有想離職的念頭，再加上很想回故鄉，雖然丟履歷給公家醫院了但遲遲無下文，想說不然去診所吧 結果平均起薪2萬多⋯，好想快點離開現在的地方⋯⋯，但","anonymousSchool":false,"anonymousDepartment":false,"pinned":false,"forumId":"b22d2f5d-3c06-4d08-96b8-770eb38e8f96","replyId":null,"createdAt":"2020-01-11T00:14:04.707Z","updatedAt":"2020-01-11T00:16:57.768Z","commentCount":6,"likeCount":23,"tags":["HIDE_THUMBNAIL"],"topics":[],"supportedReactions":null,"withNickname":false,"reportReason":"","hiddenByAuthor":false,"meta":{"layout":"classic"},"forumName":"護理","forumAlias":"nursing","school":"輔英科技大學","department":"護理系","replyTitle":null,"gender":"F","personaSubscriptable":false,"reactions":[{"id":"286f599c-f86a-4932-82f0-f5a06f1eca03","count":23}],"hidden":false,"customStyle":null,"isSuspiciousAccount":false,"layout":"classic","withImages":false,"withVideos":false,"media":[],"reportReasonText":"","mediaMeta":[],"postAvatar":""}