{"id":232864913,"title":"中部診所工作推薦","content":"這幾天在人力銀行看到彰化有家曉陽眼科診所\n底薪就三萬六了，還有加些獎金，上網爬了一下文，評論很兩極，\n想詢問學姊們，知道這家的工作好嗎？\n還有眼科診所的工作大致都是什麼呢？\n感覺好像也要進手術房的樣子，要學會on iv、肌肉注射等等。因為畢業就走嬰兒室，太久沒碰針了，有點陌生了😂","excerpt":"這幾天在人力銀行看到彰化有家曉陽眼科診所，底薪就三萬六了，還有加些獎金，上網爬了一下文，評論很兩極，想詢問學姊們，知道這家的工作好嗎？還有眼科診所的工作大致都是什麼呢？感覺好像也要進手術房的樣子，要學","anonymousSchool":false,"anonymousDepartment":false,"pinned":false,"forumId":"b22d2f5d-3c06-4d08-96b8-770eb38e8f96","replyId":null,"createdAt":"2020-01-10T12:16:07.517Z","updatedAt":"2020-01-10T12:16:07.517Z","commentCount":2,"likeCount":11,"tags":["HIDE_THUMBNAIL"],"topics":["護理","診所","中部","護理師","護理板"],"supportedReactions":null,"withNickname":true,"reportReason":"","hiddenByAuthor":false,"meta":{"layout":"classic"},"forumName":"護理","forumAlias":"nursing","school":"Cindy","department":"cindy1","replyTitle":null,"gender":"F","personaSubscriptable":true,"reactions":[{"id":"286f599c-f86a-4932-82f0-f5a06f1eca03","count":11}],"hidden":false,"customStyle":null,"isSuspiciousAccount":false,"layout":"classic","withImages":false,"withVideos":false,"media":[],"reportReasonText":"","mediaMeta":[],"postAvatar":""}