{"id":232809932,"title":"我該繼續下去嗎..？","content":"各位學長姐大家好\n我是今年剛踏入護理界的新鮮人\n目前在某區域教學醫院的加護病房工作\n最近剛滿半年年資\n但是因為有學姊跟我提過 說我速度太慢\n因為在急重症 所以做事需加快腳步\n但我也想快啊..可是我不知道該怎麼做\n最近又被另一個學姊會談\n她說了很多 最印象深刻的是..\n「妳當初做護理是為了什麼」\n我回答不出來..\n我就在想..\n我是不是不適合護理這條路？\n但如果轉行我要去哪裡？\n我最近好迷茫喔😭\n學長姐們可以給我點建議嗎🙏","excerpt":"各位學長姐大家好，我是今年剛踏入護理界的新鮮人，目前在某區域教學醫院的加護病房工作，最近剛滿半年年資，但是因為有學姊跟我提過 說我速度太慢，因為在急重症 所以做事需加快腳步，但我也想快啊..可是我不知","anonymousSchool":false,"anonymousDepartment":true,"pinned":false,"forumId":"b22d2f5d-3c06-4d08-96b8-770eb38e8f96","replyId":null,"createdAt":"2020-01-02T06:55:39.122Z","updatedAt":"2020-01-02T06:55:39.122Z","commentCount":4,"likeCount":20,"tags":["HIDE_THUMBNAIL"],"topics":["護理師","學長姐幫幫我","工作"],"supportedReactions":null,"withNickname":false,"reportReason":"","hiddenByAuthor":false,"meta":{"layout":"classic"},"forumName":"護理","forumAlias":"nursing","school":"慈濟科技大學","replyTitle":null,"gender":"F","personaSubscriptable":null,"reactions":[{"id":"286f599c-f86a-4932-82f0-f5a06f1eca03","count":20}],"hidden":false,"customStyle":null,"isSuspiciousAccount":false,"layout":"classic","withImages":false,"withVideos":false,"media":[],"reportReasonText":"","mediaMeta":[],"postAvatar":""}