{"id":232821674,"title":"台大醫院的錄取方式","content":"請問一下台大醫院（總院）想錄取的話\n是他們每年的某個時間會固定招額嗎\n還是是要考試才能進去的呢\n\n如果進去的話是會看校名和校排嗎\n急重症單位會用新人嗎？\n\n另外想問台大真的有值得去嗎\n還是不如去三總、亞東、北榮就好呢","excerpt":"請問一下台大醫院（總院）想錄取的話，是他們每年的某個時間會固定招額嗎，還是是要考試才能進去的呢，如果進去的話是會看校名和校排嗎，急重症單位會用新人嗎？另外想問台大真的有值得去嗎，還是不如去三總、亞東、","anonymousSchool":false,"anonymousDepartment":false,"pinned":false,"forumId":"b22d2f5d-3c06-4d08-96b8-770eb38e8f96","replyId":null,"createdAt":"2020-01-04T02:36:58.377Z","updatedAt":"2020-01-04T04:23:05.521Z","commentCount":50,"likeCount":17,"tags":["HIDE_THUMBNAIL"],"topics":[],"supportedReactions":null,"withNickname":true,"reportReason":"","hiddenByAuthor":false,"meta":{"layout":"classic"},"forumName":"護理","forumAlias":"nursing","school":"厭世護理師","department":"happydogdog","replyTitle":null,"gender":"M","personaSubscriptable":false,"reactions":[{"id":"286f599c-f86a-4932-82f0-f5a06f1eca03","count":17}],"hidden":false,"customStyle":null,"isSuspiciousAccount":false,"layout":"classic","withImages":false,"withVideos":false,"media":[],"reportReasonText":"","mediaMeta":[],"postAvatar":""}