{"id":232830073,"title":"面對死亡瞬間是怎樣呢～","content":"本人是剛畢業沒多久的小小菜鳥🐤才半個月資歷💁🏻‍♀️\n就在今日沒想到我面對病人人生中死亡經歷過程～\n原本以為自己待的單位不可能發生，因為病人都很快出院，但.....這次遇到的病人剛好是自己單位學姐的家屬👨‍👩‍👧‍👦\n———————————————————————\n從第一天顧起病人還記得是個很開朗🤗對答如流可自行下床的阿公👨🏻‍🦳\n經過20天後照顧過程家屬簽署了DNR📄\n在這20天很難想像一個人可下床到都只能臥床，身體變超虛弱🤒\n但幸好阿公有個幸福家庭每天都有一堆家人陪伴\n🧓🏻👩🏻🧒🏻👦🏻👧🏻👨🏻👨‍👩‍👧‍👦\n今日血壓開始掉到50/25mmHg、SpO2:60-70%，家屬就開始call其他人回來看阿公最後一面，在病房開始看見每個人都哭起😢尤其是奶奶握住病人不放手那瞬間，覺得心好痛💔～眼眶泛紅眼淚打轉著👀之後開始請往生室人處理，把自己心情處理好去處理其他床🛏️\n就在等往生室人來處理～家屬一一出來看著你說聲「辛苦了，謝謝你」那瞬間心超酸超痛😔的，讓我回憶起之前面對自己阿公過世最後一面\n———————————————————————\n說真的護理💉真的是很偉大的行業，要面對超多人、事、物～會感慨一生中要保握很多事，誰也不知道下一秒會發生什麼事～（人生無常）\n每天就算工作累但只要聽到「謝謝你」就會覺得自己幫助到人很開心～在忙也覺得今天很欣慰😘😘\n———————————————————————\n結果今天真的又發生一床CPR！!\n雖然我不是主護但聽到要CPR、EKG monitor、急救車、call 9595丟下手邊工作立馬衝🏃‍♀️因為還是菜鳥不是很厲害只能幫忙遞物不會的趕快問學姐那個是什麼？在哪裡？一直跑來跑去幫忙拿東西🚑\n當下眼前看著一群醫生急救、家屬在外著急哭著，真的覺得「生死一瞬間」，早上一個人好好的誰也不知道下一秒發生什麼事～😩\n———————————————————————\n更\n感謝🙏\n大家分享經歷～這就是「自己人生的一個過程」😄\n大家一起加油💪祝大家新的一年都有好的開始～🐭","excerpt":"本人是剛畢業沒多久的小小菜鳥才半個月資歷‍️，就在今日沒想到我面對病人人生中死亡經歷過程～原本以為自己待的單位不可能發生，因為病人都很快出院，但.....這次遇到的病人剛好是自己單位學姐的家屬‍‍‍，","anonymousSchool":false,"anonymousDepartment":true,"pinned":false,"forumId":"b22d2f5d-3c06-4d08-96b8-770eb38e8f96","replyId":null,"createdAt":"2020-01-05T10:21:12.594Z","updatedAt":"2020-01-07T04:13:55.417Z","commentCount":40,"likeCount":725,"tags":["HIDE_THUMBNAIL"],"topics":["死亡","護理","護理師","醫院","心情"],"supportedReactions":null,"withNickname":false,"reportReason":"","hiddenByAuthor":false,"meta":{"layout":"classic"},"forumName":"護理","forumAlias":"nursing","school":"輔英科技大學","replyTitle":null,"gender":"F","personaSubscriptable":false,"reactions":[{"id":"286f599c-f86a-4932-82f0-f5a06f1eca03","count":703},{"id":"514c2569-fd53-4d9d-a415-bf0f88e7329f","count":18},{"id":"011ead16-9b83-4729-9fde-c588920c6c2d","count":4}],"hidden":false,"customStyle":null,"isSuspiciousAccount":false,"layout":"classic","withImages":false,"withVideos":false,"media":[],"reportReasonText":"","mediaMeta":[],"postAvatar":""}