{"id":232891040,"title":"#問 水痘疫苗","content":"如果發錯版 會在刪文🙏🏻\n\n想請問各位\n知道在哪裡自費打水痘疫苗比較便宜嘛😭\n我上網查了很多價差都很大\n有看到最便宜1500多的\n還有到2.3000都有的😭\n我看網路上的資料是寫說去省醫院打好像比較便宜？\n想知道各位有沒有其他資訊😭\n麻煩大家了🙏🏻🙏🏻🙏🏻","excerpt":"如果發錯版 會在刪文，想請問各位，知道在哪裡自費打水痘疫苗比較便宜嘛，我上網查了很多價差都很大，有看到最便宜1500多的，還有到2.3000都有的，我看網路上的資料是寫說去省醫院打好像比較便宜？想知道","anonymousSchool":false,"anonymousDepartment":true,"pinned":false,"forumId":"b22d2f5d-3c06-4d08-96b8-770eb38e8f96","replyId":null,"createdAt":"2020-01-14T14:27:25.126Z","updatedAt":"2020-01-14T14:27:25.126Z","commentCount":10,"likeCount":6,"tags":["HIDE_THUMBNAIL"],"topics":["疫苗","學長姐幫幫我"],"supportedReactions":null,"withNickname":false,"reportReason":"","hiddenByAuthor":false,"meta":{"layout":"classic"},"forumName":"護理","forumAlias":"nursing","school":"中山醫學大學","replyTitle":null,"gender":"F","personaSubscriptable":null,"reactions":[{"id":"286f599c-f86a-4932-82f0-f5a06f1eca03","count":6}],"hidden":false,"customStyle":null,"isSuspiciousAccount":false,"layout":"classic","withImages":false,"withVideos":false,"media":[],"reportReasonText":"","mediaMeta":[],"postAvatar":""}