{"id":232874601,"title":"想要正常班的生活","content":"去年剛畢業有進臨床工作幾個月，不喜歡便轉戰門診～但目前門診還要幫忙卡半急診的工作 實在覺得無法長期做下去 打算做個兩年再走,有想過另外考個案管理師或是衛教師的執照 至少可以正常班，希望有經驗的學姐可以分享一下～ 謝謝！","excerpt":"去年剛畢業有進臨床工作幾個月，不喜歡便轉戰門診～但目前門診還要幫忙卡半急診的工作 實在覺得無法長期做下去 打算做個兩年再走，有想過另外考個案管理師或是衛教師的執照 至少可以正常班，希望有經驗的學姐可以","anonymousSchool":false,"anonymousDepartment":true,"pinned":false,"forumId":"b22d2f5d-3c06-4d08-96b8-770eb38e8f96","replyId":null,"createdAt":"2020-01-11T19:44:09.369Z","updatedAt":"2020-01-11T19:44:09.369Z","commentCount":7,"likeCount":15,"tags":["HIDE_THUMBNAIL"],"topics":["護理","護理師","護理板"],"supportedReactions":null,"withNickname":false,"reportReason":"","hiddenByAuthor":false,"meta":{"layout":"classic"},"forumName":"護理","forumAlias":"nursing","school":"輔英科技大學","replyTitle":null,"gender":"F","personaSubscriptable":null,"reactions":[{"id":"286f599c-f86a-4932-82f0-f5a06f1eca03","count":15}],"hidden":false,"customStyle":null,"isSuspiciousAccount":false,"layout":"classic","withImages":false,"withVideos":false,"media":[],"reportReasonText":"","mediaMeta":[],"postAvatar":""}