{"id":232870230,"title":"被罵過最慘的話","content":"目前只是小小的SN，我自己很幸運，實習生涯中只有選習被學姊唸過“學校到底有教妳什麼”、“妳不是都有抄筆記嗎，怎麼還都記不住”、“妳是我帶過最需要加油的”，第一週被講成這樣每天都在哭，學姊還覺得我抗壓性很差，好加在之後學姊看到我的努力，有說我進步了，可以當一半的人力等等，讓我覺得真的很開心（灑花）。\n\n最近是我們最後一站實習了，同學被老師罵的很慘很慘，每天都很負面，老師也表示完全不會相信她，她只要去衛教一定要有老師同學跟著，她也因此開始對自己非常失望，也在猶豫要不要繼續唸護理，或乾脆停實習。\n\n後來聽另一個同學說，那個老師在基護的時候講的話更難聽，直接問我同學“除了吃還會幹嘛？”、“學理爛就算了，技術也爛”、最後一週我同學覺得她自己有進步時，老師卻說“妳一點進步都沒有，不積極也不努力，之後實習最好不要再碰到我”等等，當初另一個同學也是深受打擊，直到高護受到更多老師肯定才釋懷。\n\n結果不小心打了那麼多，只是想問學長姊或學弟妹們，護理生涯中有沒有被罵過什麼真的讓自己無法接受的話？大家都是怎麼釋懷的呢？\n最近也努力安慰朋友，她也慢慢好開心一點了，希望禮拜一一切都能好好的。","excerpt":"目前只是小小的SN，我自己很幸運，實習生涯中只有選習被學姊唸過“學校到底有教妳什麼”、“妳不是都有抄筆記嗎，怎麼還都記不住”、“妳是我帶過最需要加油的”，第一週被講成這樣每天都在哭，學姊還覺得我抗壓性","anonymousSchool":false,"anonymousDepartment":false,"pinned":false,"forumId":"b22d2f5d-3c06-4d08-96b8-770eb38e8f96","replyId":null,"createdAt":"2020-01-11T08:34:51.351Z","updatedAt":"2020-01-11T08:35:13.428Z","commentCount":30,"likeCount":155,"tags":[],"topics":["詢問","護理","心情調適"],"supportedReactions":null,"withNickname":false,"reportReason":"","hiddenByAuthor":false,"meta":{"layout":"classic"},"forumName":"護理","forumAlias":"nursing","school":"長庚科技大學","department":"護理學系","replyTitle":null,"gender":"F","personaSubscriptable":null,"reactions":[{"id":"286f599c-f86a-4932-82f0-f5a06f1eca03","count":153},{"id":"514c2569-fd53-4d9d-a415-bf0f88e7329f","count":2}],"hidden":false,"customStyle":null,"isSuspiciousAccount":false,"layout":"classic","withImages":false,"withVideos":false,"media":[],"reportReasonText":"","mediaMeta":[],"postAvatar":""}