{"id":232882920,"title":"老人家吃葉黃素保健眼睛可以嗎?","content":"話說你們有買葉黃素給長輩吃嗎???\n\n我爺爺超愛看手機追劇\n一直以來都沒特別注意他的身體狀況\n剛看他戴老花眼鏡，拿著手機追劇，時不時把眼鏡拿掉揉眼睛\n\n他是不是應該要吃點葉黃素?\n你們有買給長輩吃哪個牌子求推薦?","excerpt":"話說你們有買葉黃素給長輩吃嗎？？？我爺爺超愛看手機追劇，一直以來都沒特別注意他的身體狀況，剛看他戴老花眼鏡，拿著手機追劇，時不時把眼鏡拿掉揉眼睛，他是不是應該要吃點葉黃素？你們有買給長輩吃哪個牌子求推","anonymousSchool":false,"anonymousDepartment":true,"pinned":false,"forumId":"b22d2f5d-3c06-4d08-96b8-770eb38e8f96","replyId":null,"createdAt":"2020-01-13T08:03:36.388Z","updatedAt":"2020-01-13T08:03:36.388Z","commentCount":9,"likeCount":12,"tags":[],"topics":[],"supportedReactions":null,"withNickname":false,"reportReason":"","hiddenByAuthor":false,"meta":{"layout":"classic"},"forumName":"護理","forumAlias":"nursing","school":"佛光大學","replyTitle":null,"gender":"F","personaSubscriptable":false,"reactions":[{"id":"286f599c-f86a-4932-82f0-f5a06f1eca03","count":12}],"hidden":false,"customStyle":null,"isSuspiciousAccount":false,"layout":"classic","withImages":false,"withVideos":false,"media":[],"reportReasonText":"","mediaMeta":[],"postAvatar":""}