{"id":232833816,"title":"插不插鼻胃管","content":"想跟各位討論一件困擾我很久的事\n在內科病房裡常常遇到插鼻胃管的病患，或面臨要插鼻胃管的病患\n\n當面對退化性的病人，到底要不要插鼻胃管？\n我目前遇到的，醫生會先解釋好處與壞處，最後尊重病患或家屬的意願，但往往遇到病患意識不清，家屬表不想讓病患痛苦，不太想插鼻胃管，但醫生都會說一句「不插就是讓阿公、阿媽餓死，你們自己考慮一下」\n結果家屬就同意了，最後拔不掉又撐著痛苦，有家屬跟我說她很後悔當初決定插鼻胃管⋯\n也有遇過家屬堅持不插，但營養針打到全身腫、找不到血管、到處瘀青⋯\n看得真的很不捨⋯\n每次遇到家屬詢問我們，我都不知道該怎麼辦⋯⋯\n希望各位學長姐給予菜鳥一些方向與建議🙏🙏","excerpt":"想跟各位討論一件困擾我很久的事，在內科病房裡常常遇到插鼻胃管的病患，或面臨要插鼻胃管的病患，當面對退化性的病人，到底要不要插鼻胃管？我目前遇到的，醫生會先解釋好處與壞處，最後尊重病患或家屬的意願，但往","anonymousSchool":false,"anonymousDepartment":false,"pinned":false,"forumId":"b22d2f5d-3c06-4d08-96b8-770eb38e8f96","replyId":232826258,"createdAt":"2020-01-06T00:53:04.030Z","updatedAt":"2020-01-06T00:54:38.706Z","commentCount":8,"likeCount":22,"tags":["HIDE_THUMBNAIL"],"topics":["時事","討論","長照","醫療","老人"],"supportedReactions":null,"withNickname":false,"reportReason":"","hiddenByAuthor":false,"meta":{"layout":"classic"},"forumName":"護理","forumAlias":"nursing","school":"中臺科技大學","department":"護理系","replyTitle":"我不要插鼻胃管 #好文分享","gender":"F","personaSubscriptable":null,"reactions":[{"id":"286f599c-f86a-4932-82f0-f5a06f1eca03","count":22}],"hidden":false,"customStyle":null,"isSuspiciousAccount":false,"layout":"classic","withImages":false,"withVideos":false,"media":[],"reportReasonText":"","mediaMeta":[],"postAvatar":""}