{"id":232810228,"title":"護理新人時薪","content":"抱歉手機排版請見諒\n想請問有執照的護理新人去做兼職\n這樣時薪正常應該是多少\n會因為沒待過大醫院而錢變少嗎？\n按照規定走是158元\n但難道不應該因為有執照而更多嗎？\n之前聽老師說200都有可能\n還是那是因為是老鳥去兼職所以才是這樣的時薪","excerpt":"抱歉手機排版請見諒，想請問有執照的護理新人去做兼職，這樣時薪正常應該是多少，會因為沒待過大醫院而錢變少嗎？按照規定走是158元，但難道不應該因為有執照而更多嗎？之前聽老師說200都有可能，還是那是因為","anonymousSchool":false,"anonymousDepartment":true,"pinned":false,"forumId":"b22d2f5d-3c06-4d08-96b8-770eb38e8f96","replyId":null,"createdAt":"2020-01-02T07:43:44.360Z","updatedAt":"2020-01-02T07:43:44.360Z","commentCount":14,"likeCount":18,"tags":["HIDE_THUMBNAIL"],"topics":["護理","時薪","工作"],"supportedReactions":null,"withNickname":false,"reportReason":"","hiddenByAuthor":false,"meta":{"layout":"classic"},"forumName":"護理","forumAlias":"nursing","school":"長庚科技大學","replyTitle":null,"gender":"F","personaSubscriptable":false,"reactions":[{"id":"286f599c-f86a-4932-82f0-f5a06f1eca03","count":18}],"hidden":false,"customStyle":null,"isSuspiciousAccount":false,"layout":"classic","withImages":false,"withVideos":false,"media":[],"reportReasonText":"","mediaMeta":[],"postAvatar":""}