{"id":232851398,"title":"基護實習應該準備什麼","content":"月底就要去基護實習了~\n我想知道在聖母醫院S8\n除了要看基護 還需要而外看什麼嗎？\n基護的哪些是必須知道的?\n啊大概會常看到哪些藥?\n可能會做到哪些技術?\n\n(๑•̀ㅁ•́ฅ)我知道有人會叫我排文\n我排過了 但還是不太清楚(〃'▽'〃) \n不是聖母醫院的也回答一下吧～好讓我參考參考\nS8好像是外科🤔\n\nsorry啦 我問題多 而且感覺自己問會比較好😅","excerpt":"月底就要去基護實習了~，我想知道在聖母醫院S8，除了要看基護 還需要而外看什麼嗎？基護的哪些是必須知道的？啊大概會常看到哪些藥？可能會做到哪些技術？（๑•̀ㅁ•́ฅ）我知道有人會叫我排文，我排過了 但","anonymousSchool":false,"anonymousDepartment":true,"pinned":false,"forumId":"b22d2f5d-3c06-4d08-96b8-770eb38e8f96","replyId":null,"createdAt":"2020-01-08T12:14:53.446Z","updatedAt":"2020-01-08T12:47:03.745Z","commentCount":9,"likeCount":11,"tags":[],"topics":["基護","實習","護理","醫院"],"supportedReactions":null,"withNickname":false,"reportReason":"","hiddenByAuthor":false,"meta":{"layout":"classic"},"forumName":"護理","forumAlias":"nursing","school":"聖母醫護管理專科學校","replyTitle":null,"gender":"F","personaSubscriptable":false,"reactions":[{"id":"286f599c-f86a-4932-82f0-f5a06f1eca03","count":11}],"hidden":false,"customStyle":null,"isSuspiciousAccount":false,"layout":"classic","withImages":false,"withVideos":false,"media":[],"reportReasonText":"","mediaMeta":[],"postAvatar":""}