{"id":232846455,"title":"心導管手術","content":"想問問各位護理人員們\n\n最近我的一個親戚去做心導管手術\n他本身患有糖尿病\n我想請問一下這樣的手術與糖尿病之間有什麼關聯嗎？\n\n我知道糖尿病會對血管造成一些影響\n但我不知道\n如果是輕微的話是不是做這個手術只是當作檢查？\n如果嚴重的話做這個手術是不是表示身體很不好？\n\n希望可以幫我解答一下\n謝謝各位辛苦的護理人員了😰","excerpt":"想問問各位護理人員們，最近我的一個親戚去做心導管手術，他本身患有糖尿病，我想請問一下這樣的手術與糖尿病之間有什麼關聯嗎？我知道糖尿病會對血管造成一些影響，但我不知道，如果是輕微的話是不是做這個手術只是","anonymousSchool":false,"anonymousDepartment":true,"pinned":false,"forumId":"b22d2f5d-3c06-4d08-96b8-770eb38e8f96","replyId":null,"createdAt":"2020-01-07T16:54:22.210Z","updatedAt":"2020-01-07T16:54:22.210Z","commentCount":6,"likeCount":10,"tags":["HIDE_THUMBNAIL"],"topics":["護理","手術","學長姐幫幫我","詢問","護理板"],"supportedReactions":null,"withNickname":false,"reportReason":"","hiddenByAuthor":false,"meta":{"layout":"classic"},"forumName":"護理","forumAlias":"nursing","school":"長庚科技大學","replyTitle":null,"gender":"F","personaSubscriptable":false,"reactions":[{"id":"286f599c-f86a-4932-82f0-f5a06f1eca03","count":10}],"hidden":false,"customStyle":null,"isSuspiciousAccount":false,"layout":"classic","withImages":false,"withVideos":false,"media":[],"reportReasonText":"","mediaMeta":[],"postAvatar":""}