{"id":232863652,"title":"護理師們也硬起來投票","content":"看到無論時事板、同志版都在鼓勵大家投票\n也想告訴我們的同仁\n（1）一起投票守護我們的醫療資源不要像香港一樣混入越來越多的五星旗人，造成自己工作的負擔\nhttps://i.imgur.com/jHHmuu6.jpg\nhttps://i.imgur.com/r5s2QZ1.jpg\n\n（2）還有讓自己的家人朋友在使用我們國家醫療資源時，卻發現被五星旗人占滿，而只能繼續空等，無論懷孕產檢還是癌症照CT、MRI\nhttps://i.imgur.com/Oqlm8PW.jpg\n平常面對病人已經夠暴躁了\n再來一堆五星旗人我會真的想把他們通通電死🙄\nhttps://i.imgur.com/luiLvWn.jpg\n\n希望各位護理同仁一同享受我們的得來不易的民主\n一同守護我們的醫療環境與品質\n\n沒休假的肝苦人們也祝你們病人乖乖","excerpt":"看到無論時事板、同志版都在鼓勵大家投票，也想告訴我們的同仁，（1）一起投票守護我們的醫療資源不要像香港一樣混入越來越多的五星旗人，造成自己工作的負擔，（2）還有讓自己的家人朋友在使用我們國家醫療資源時","anonymousSchool":false,"anonymousDepartment":false,"pinned":false,"forumId":"b22d2f5d-3c06-4d08-96b8-770eb38e8f96","replyId":null,"createdAt":"2020-01-10T08:53:08.493Z","updatedAt":"2020-01-10T16:06:25.870Z","commentCount":170,"likeCount":8809,"tags":[],"topics":["護理","醫院","護理環境"],"supportedReactions":null,"withNickname":false,"reportReason":"","hiddenByAuthor":false,"meta":{"layout":"classic"},"forumName":"護理","forumAlias":"nursing","school":"中山醫學大學","department":"護理學系","replyTitle":null,"gender":"F","personaSubscriptable":null,"reactions":[{"id":"286f599c-f86a-4932-82f0-f5a06f1eca03","count":8579},{"id":"aa0d425f-d530-4478-9a77-fe3aedc79eea","count":164},{"id":"e8e6bc5d-41b0-4129-b134-97507523d7ff","count":42},{"id":"514c2569-fd53-4d9d-a415-bf0f88e7329f","count":14},{"id":"4b018f48-e184-445f-adf1-fc8e04ba09b9","count":6},{"id":"011ead16-9b83-4729-9fde-c588920c6c2d","count":4}],"hidden":false,"customStyle":null,"isSuspiciousAccount":false,"layout":"classic","withImages":true,"withVideos":false,"media":[{"url":"https://i.imgur.com/jHHmuu6.jpg"},{"url":"https://i.imgur.com/r5s2QZ1.jpg"},{"url":"https://i.imgur.com/Oqlm8PW.jpg"},{"url":"https://i.imgur.com/luiLvWn.jpg"}],"reportReasonText":"","mediaMeta":[{"id":"32616e00-1db9-4b31-aecb-32a6dd18cf7a","url":"https://i.imgur.com/jHHmuu6l.jpg","normalizedUrl":"https://i.imgur.com/jHHmuu6l.jpg","thumbnail":"https://i.imgur.com/jHHmuu6l.jpg","type":"image/thumbnail","tags":["ANNOTATED"],"createdAt":"2020-01-10T09:49:05.267Z","updatedAt":"2020-01-10T16:06:25.870Z"},{"id":"32616e00-1db9-4b31-aecb-32a6dd18cf7a","url":"https://i.imgur.com/jHHmuu6.jpg","normalizedUrl":"https://imgur.com/jHHmuu6","thumbnail":"https://i.imgur.com/jHHmuu6l.jpg","type":"image/imgur","tags":["ANNOTATED"],"createdAt":"2020-01-10T09:49:05.267Z","updatedAt":"2020-01-10T16:06:25.870Z"},{"id":"337f012a-63c7-4122-a6a5-0ab37a96cd79","url":"https://i.imgur.com/r5s2QZ1.jpg","normalizedUrl":"https://imgur.com/r5s2QZ1","thumbnail":"https://i.imgur.com/r5s2QZ1l.jpg","type":"image/imgur","tags":["ANNOTATED"],"createdAt":"2020-01-10T09:49:05.267Z","updatedAt":"2020-01-10T16:06:25.870Z"},{"id":"52e63290-1b75-4261-ade0-55e9c1205d7a","url":"https://i.imgur.com/Oqlm8PW.jpg","normalizedUrl":"https://imgur.com/Oqlm8PW","thumbnail":"https://i.imgur.com/Oqlm8PWl.jpg","type":"image/imgur","tags":["ANNOTATED"],"createdAt":"2020-01-10T09:44:30.099Z","updatedAt":"2020-01-10T16:06:25.870Z"},{"id":"be9380c5-fe50-4e55-8bed-e76e5018d8f6","url":"https://i.imgur.com/luiLvWn.jpg","normalizedUrl":"https://imgur.com/luiLvWn","thumbnail":"https://i.imgur.com/luiLvWnl.jpg","type":"image/imgur","tags":["ANNOTATED"],"createdAt":"2020-01-10T09:44:30.099Z","updatedAt":"2020-01-10T16:06:25.870Z"}],"postAvatar":""}