{"id":232897442,"title":"好工作難尋","content":"各位學姊妹們 想跟大家求救一下•••\n去年剛從某醫中離職 搬到台中本以為自己有工作經驗應該會駕輕就熟\n但不幸的也只能怪自己沒有多作功課找到台中某百年醫院被裡面的奇怪處置跟多紙化（要一直黏黏貼貼醫囑，醫師更新醫囑後我們也要盯著印表機拿紙看，完全都不用電腦）嚇到，重點是例如跟你說是兒科病房結果住了一堆內外大雜燴也被這嚇到所以選擇離職（跟我同期進來的學姊也先跑了，還偷偷跟我說她的單位已經跑了3-4個護理人員）\n再來找到某小區域醫院，打聽到護理系統有電子化了，結果一進去還是看到古老的手寫醫囑跟給藥單，因為還不適應所以容易寫錯給藥單導致學姊要求我重寫（說是要入病歷不能更改等）加上學姊講話口氣很差，我又受不了就選擇離職了\n現階段的我是不是該先休息一陣子呢😭？\n有從醫中轉區域小醫院的學姊可以給我點建議嗎？\n還是我只是單純找錯工作導致我適應不良？這兩份工作共同點大概就是沒有資訊化，看醫囑跟給藥都要對紙本，我轉換不過來，又怕漏給病人什麼藥物之類的我很不安，這時如果又被罵自尊心容易受創😭很怕我再也找不到好工作了\n台中資訊化系統完善的醫院有哪些呢？\n也希望好心的大家推薦我不錯的單位或醫院，謝謝大家了🙏🙏","excerpt":"各位學姊妹們 想跟大家求救一下•••，去年剛從某醫中離職 搬到台中本以為自己有工作經驗應該會駕輕就熟，但不幸的也只能怪自己沒有多作功課找到台中某百年醫院被裡面的奇怪處置跟多紙化（要一直黏黏貼貼醫囑，醫","anonymousSchool":false,"anonymousDepartment":true,"pinned":false,"forumId":"b22d2f5d-3c06-4d08-96b8-770eb38e8f96","replyId":null,"createdAt":"2020-01-15T16:02:45.240Z","updatedAt":"2020-01-15T16:02:45.240Z","commentCount":14,"likeCount":16,"tags":[],"topics":["護理","醫院","工作","護理師","學長姐幫幫我"],"supportedReactions":null,"withNickname":false,"reportReason":"","hiddenByAuthor":false,"meta":{"layout":"classic"},"forumName":"護理","forumAlias":"nursing","school":"中臺科技大學","replyTitle":null,"gender":"F","personaSubscriptable":false,"reactions":[{"id":"286f599c-f86a-4932-82f0-f5a06f1eca03","count":16}],"hidden":false,"customStyle":null,"isSuspiciousAccount":false,"layout":"classic","withImages":false,"withVideos":false,"media":[],"reportReasonText":"","mediaMeta":[],"postAvatar":""}