{"id":232970602,"title":"#問 SARS&武漢肺炎","content":"想請問版上\n有沒有在Sars盛行期間是護生\n現在已經是護理師的卡友呢？\n\n那時你們正常實習嗎？還是有暫停呢\n現在正在實習中 有點擔心😓\n學校要我們上下班量體溫及戴口罩而已\n如果自己有疑慮得申請停實習⋯\n剩下的聽政府頒布政策\n很無奈～～ 會延畢且衍生一堆問題的","excerpt":"想請問版上，有沒有在Sars盛行期間是護生，現在已經是護理師的卡友呢？那時你們正常實習嗎？還是有暫停呢，現在正在實習中 有點擔心，學校要我們上下班量體溫及戴口罩而已，如果自己有疑慮得申請停實習⋯，剩下","anonymousSchool":false,"anonymousDepartment":true,"pinned":false,"forumId":"b22d2f5d-3c06-4d08-96b8-770eb38e8f96","replyId":null,"createdAt":"2020-01-28T05:13:07.022Z","updatedAt":"2020-01-28T05:13:07.022Z","commentCount":12,"likeCount":37,"tags":["HIDE_THUMBNAIL"],"topics":["武漢","護理","護理師","學長姐幫幫我"],"supportedReactions":null,"withNickname":false,"reportReason":"","hiddenByAuthor":false,"meta":{"layout":"classic"},"forumName":"護理","forumAlias":"nursing","school":"康寧大學","replyTitle":null,"gender":"F","personaSubscriptable":null,"reactions":[{"id":"286f599c-f86a-4932-82f0-f5a06f1eca03","count":37}],"hidden":false,"customStyle":null,"isSuspiciousAccount":false,"layout":"classic","withImages":false,"withVideos":false,"media":[],"reportReasonText":"","mediaMeta":[],"postAvatar":""}