{"id":232956860,"title":"陷入混亂的我","content":"每個人都有自己的生活要過\n收尋著聯絡清單看誰可以聊\n卻又只是把自己負面的情緒再說一次\n會有誰每次都可以接受的呢\n除了家人\n就算男友也在工作的縣市卻也提不起勁\n\n不敢說自己變得有多厲害 \n是至少有比剛進來好一些\n卻又在某些地方開始退步\n\n到底是哪裡出了問題\n是同事還是學姊們態度\n沒有必要人人都是好臉色對你\n自己是該從中進步\n要說我也說 自我勉勵的官方話\n\n個性本來就畏畏縮縮事情總不敢第一個做\n情緒一來就臭臉\n一團煩躁累積在胸口\n看什麼事都不順不想做不想吃\n無法看的長遠跟紓解調適\n朋友一說就變得不敢表現出來\n\n總對這樣的自己很無奈\n哭也哭過了 聊也聊過了 \n卻時不時還有這種想法冒出來\n學姊也說過 這只是份工作 \n或許是工作中沒有讓我獲得想要的成就感吧\n也許是環境 \n也許是我\n自己\n這個心態\n打從心底沒想接受\n才會一直反反覆覆吧\n\n看著許多朋友從一踏進來到後來\n發現原來這不適合自己而離開\n去尋找下個適合的工作\n那個勇氣 \n或許對她來說下一份是合適的 或是不合適的\n我不曉得\n\n現在我只是會覺得 \n我每天去工作的地方 \n佔了我生活重心的一半\n但我心裡看不到任何色彩\n黑矇矇的 去當一個會執行工作能力的機器\n然後得到報酬 再繼續這個循環\n\n但我還是會活著 不會做傻事\n只是跟知己聊到這塊 \n她叫我有事打給她要等到她來我這\n瞬間淚崩\n\n調適真的好難啊🤯","excerpt":"每個人都有自己的生活要過，收尋著聯絡清單看誰可以聊，卻又只是把自己負面的情緒再說一次，會有誰每次都可以接受的呢，除了家人，就算男友也在工作的縣市卻也提不起勁，不敢說自己變得有多厲害，是至少有比剛進來好","anonymousSchool":false,"anonymousDepartment":true,"pinned":false,"forumId":"b22d2f5d-3c06-4d08-96b8-770eb38e8f96","replyId":null,"createdAt":"2020-01-25T15:10:41.025Z","updatedAt":"2020-01-25T15:10:41.025Z","commentCount":8,"likeCount":26,"tags":["HIDE_THUMBNAIL"],"topics":["心情","壓力","工作"],"supportedReactions":null,"withNickname":false,"reportReason":"","hiddenByAuthor":false,"meta":{"layout":"classic"},"forumName":"護理","forumAlias":"nursing","school":"崇仁醫護管理專科學校","replyTitle":null,"gender":"F","personaSubscriptable":false,"reactions":[{"id":"286f599c-f86a-4932-82f0-f5a06f1eca03","count":26}],"hidden":false,"customStyle":null,"isSuspiciousAccount":false,"layout":"classic","withImages":false,"withVideos":false,"media":[],"reportReasonText":"","mediaMeta":[],"postAvatar":""}