{"id":232923911,"title":"【填問卷送100元禮卷】招募工作滿一個月但尚未滿一年的新進護理人員","content":"各位敬愛的護理先進\n我是國立陽明大學臨床護理研究所，李佳珉研究生\n目前著手進行新進護理人員於職場中身心狀況及離職意向之研究\n本研究通過國立陽明大學附設醫院IRB字號第2019A028號審查\n本研究招募\n1.工作滿一個月但尚未滿一年的新進護理人員(民國108年2月01日後執業之護理人員)\n 2.不限應屆畢業生或是非應屆畢業生(有無工作經驗皆可)\n 3.需再醫院參與輪班工作，且為第一線提供病人照護之護理師\n 4.排除門診、專科護理師、個案管理師、居家護理、社區護理、檢查室或行政職等護理人員。\n 為了答謝填答的護理人員，在研究結束後將發送價值100元禮卷\n 研究邀請函連結\n https://1drv.ms/b/s!AgvJfOFbsnB0eL6S9RYx8RKzp6s?e=fbXliM\n填寫後記得依頁面指示回傳收件資料，以利禮卷寄送\n請各位Dcard版友將此連結傳給符合條件的朋友、工作單位群組或是班上群組\n感謝大家的協助。\n\nhttp://i.imgur.com/tg5hW2d.jpg","excerpt":"各位敬愛的護理先進，我是國立陽明大學臨床護理研究所，李佳珉研究生，目前著手進行新進護理人員於職場中身心狀況及離職意向之研究，本研究通過國立陽明大學附設醫院IRB字號第2019A028號審查，本研究招募","anonymousSchool":false,"anonymousDepartment":false,"pinned":false,"forumId":"b22d2f5d-3c06-4d08-96b8-770eb38e8f96","replyId":null,"createdAt":"2020-01-20T05:07:21.164Z","updatedAt":"2020-01-20T05:07:21.164Z","commentCount":10,"likeCount":5,"tags":[],"topics":["護理人員","禮卷","問卷","護理師","學長姐幫幫我"],"supportedReactions":null,"withNickname":false,"reportReason":"","hiddenByAuthor":false,"meta":{"layout":"classic"},"forumName":"護理","forumAlias":"nursing","school":"國立陽明大學","department":"臨床護理研究所","replyTitle":null,"gender":"M","personaSubscriptable":false,"reactions":[{"id":"286f599c-f86a-4932-82f0-f5a06f1eca03","count":5}],"hidden":false,"customStyle":null,"isSuspiciousAccount":false,"layout":"classic","withImages":true,"withVideos":false,"media":[{"url":"http://i.imgur.com/tg5hW2d.jpg"}],"reportReasonText":"","mediaMeta":[{"id":"59e1f3af-beb5-42ac-a8d6-b9dde8b65a3f","url":"https://i.imgur.com/tg5hW2dl.jpg","normalizedUrl":"https://i.imgur.com/tg5hW2dl.jpg","thumbnail":"https://i.imgur.com/tg5hW2dl.jpg","type":"image/thumbnail","tags":["ANNOTATED"],"createdAt":"2020-01-20T05:07:21.164Z","updatedAt":"2020-01-20T05:07:21.164Z"},{"id":"59e1f3af-beb5-42ac-a8d6-b9dde8b65a3f","url":"http://i.imgur.com/tg5hW2d.jpg","normalizedUrl":"https://imgur.com/tg5hW2d","thumbnail":"https://i.imgur.com/tg5hW2dl.jpg","type":"image/imgur","tags":["ANNOTATED"],"createdAt":"2020-01-20T05:07:21.164Z","updatedAt":"2020-01-20T05:07:21.164Z"}],"postAvatar":""}