{"id":232928283,"title":"台南市醫院 病房計時人員","content":"想請問各位學長姐們\n是否知道台南市有沒有醫院有在請短期工讀生\n像病房的計時人員那種\n上網爬了很多打工APP 都沒有找到\n也看過各醫院的徵才資訊\n不太確定台南是否有這樣的職缺 \n希望知道的學長姐可以幫忙分享 \n謝謝大家🙏🙏🙏🙏\n已經具護理師證照囉～～～～\n想在等實習的假期中 找點事請做\n也算是實習期小暖身 🤣🤣🤣","excerpt":"想請問各位學長姐們，是否知道台南市有沒有醫院有在請短期工讀生，像病房的計時人員那種，上網爬了很多打工APP 都沒有找到，也看過各醫院的徵才資訊，不太確定台南是否有這樣的職缺，希望知道的學長姐可以幫忙分","anonymousSchool":false,"anonymousDepartment":true,"pinned":false,"forumId":"b22d2f5d-3c06-4d08-96b8-770eb38e8f96","replyId":null,"createdAt":"2020-01-20T17:05:30.897Z","updatedAt":"2020-01-21T06:49:25.821Z","commentCount":7,"likeCount":5,"tags":["HIDE_THUMBNAIL"],"topics":["計時","護理師","台南市"],"supportedReactions":null,"withNickname":false,"reportReason":"","hiddenByAuthor":false,"meta":{"layout":"classic"},"forumName":"護理","forumAlias":"nursing","school":"國立臺南護理專科學校","replyTitle":null,"gender":"F","personaSubscriptable":false,"reactions":[{"id":"286f599c-f86a-4932-82f0-f5a06f1eca03","count":5}],"hidden":false,"customStyle":null,"isSuspiciousAccount":false,"layout":"classic","withImages":false,"withVideos":false,"media":[],"reportReasonText":"","mediaMeta":[],"postAvatar":""}