{"id":232910638,"title":"關於責任感","content":"臨床工作四年\n我熱愛臨床、照顧病人\n每日的評估工作\n讓我可以立即發現問題並請醫師做處置\n但有時病人的臨床症狀不明顯\n導致有時無法直接明確的告知值班病人的問題（我常上夜班\n到了隔天當科做檢查才發現其實是有問題\n他們沒有怪任何人\n但我認為站在第一線的我們\n應該要立即判斷\n- - - - - - - -\n常檢討自己的評估是否有錯誤或批判性思考不夠\n很困擾\n- - - - - - - -\n有沒有人也會這樣\n學姐說我責任心很重","excerpt":"臨床工作四年，我熱愛臨床、照顧病人，每日的評估工作，讓我可以立即發現問題並請醫師做處置，但有時病人的臨床症狀不明顯，導致有時無法直接明確的告知值班病人的問題（我常上夜班，到了隔天當科做檢查才發現其實是","anonymousSchool":false,"anonymousDepartment":true,"pinned":false,"forumId":"b22d2f5d-3c06-4d08-96b8-770eb38e8f96","replyId":null,"createdAt":"2020-01-17T21:45:18.991Z","updatedAt":"2020-01-17T21:45:18.991Z","commentCount":4,"likeCount":116,"tags":["HIDE_THUMBNAIL"],"topics":["護理師","護理","工作","醫院"],"supportedReactions":null,"withNickname":false,"reportReason":"","hiddenByAuthor":false,"meta":{"layout":"classic"},"forumName":"護理","forumAlias":"nursing","school":"康寧大學","replyTitle":null,"gender":"F","personaSubscriptable":null,"reactions":[{"id":"286f599c-f86a-4932-82f0-f5a06f1eca03","count":114},{"id":"514c2569-fd53-4d9d-a415-bf0f88e7329f","count":2}],"hidden":false,"customStyle":null,"isSuspiciousAccount":false,"layout":"classic","withImages":false,"withVideos":false,"media":[],"reportReasonText":"","mediaMeta":[],"postAvatar":""}