{"id":232971487,"title":"兒童口罩","content":"因為本人臉比較小\n帶成人口罩的話都很鬆\n而且呼吸眼鏡都會霧掉\n每次都覺得空氣會留進來感覺不是太好\n買兒童口罩會比較剛好\n想請問兒童口罩和成人口罩防疫上有什麼區別嗎，有爬文過但好像沒有在討論這塊\n成人可以使用兒童口罩嗎","excerpt":"因為本人臉比較小，帶成人口罩的話都很鬆，而且呼吸眼鏡都會霧掉，每次都覺得空氣會留進來感覺不是太好，買兒童口罩會比較剛好，想請問兒童口罩和成人口罩防疫上有什麼區別嗎，有爬文過但好像沒有在討論這塊，成人可","anonymousSchool":false,"anonymousDepartment":true,"pinned":false,"forumId":"b22d2f5d-3c06-4d08-96b8-770eb38e8f96","replyId":null,"createdAt":"2020-01-28T08:39:45.687Z","updatedAt":"2020-01-28T08:40:18.567Z","commentCount":6,"likeCount":4,"tags":[],"topics":["口罩","武漢肺炎","醫療","醫院"],"supportedReactions":null,"withNickname":false,"reportReason":"","hiddenByAuthor":false,"meta":{"layout":"classic"},"forumName":"護理","forumAlias":"nursing","school":"明志科技大學","replyTitle":null,"gender":"F","personaSubscriptable":false,"reactions":[{"id":"286f599c-f86a-4932-82f0-f5a06f1eca03","count":4}],"hidden":false,"customStyle":null,"isSuspiciousAccount":false,"layout":"classic","withImages":false,"withVideos":false,"media":[],"reportReasonText":"","mediaMeta":[],"postAvatar":""}