{"id":232943535,"title":"2019-nCoV  aka 武漢肺炎","content":"日前台灣已經有確診武漢肺炎的個案！\n\n而在台灣，第一線醫療人員的你/妳，做好防疫準備了嗎？\n\n而正在醫療現場的妳，了解武漢肺炎嗎？\n下面就讓我用一些投影片來介紹「武漢肺炎」\n\n2019-nCoV  aka 武漢肺炎\n2019-12-08\n在武漢華南市場被發現！\n2020-01-15\n出現中國境外移出個案，分別位於：泰國、日本、新加坡、南韓\n2020-01-21\n台灣出現境外移入病例，並確診為冠狀病毒感染\n\n目前陸方採取消極防疫措施，不檢驗就沒有確診，所以實際上感染人數與死亡人數可能會更多，據英國研究報告\nhttps://megapx-assets.dcard.tw/images/3cae6f45-df22-4bd3-bf48-de455423b0c5/1280.jpeg\n可能中國境內感染人數高達1723人以上！\n\n並且也確認為「有限度的人傳人」\n病毒可能的傳播方式\nhttps://megapx-assets.dcard.tw/images/8749ad7d-c467-43e1-9475-d77eca693ec5/full.jpeg\nhttps://megapx-assets.dcard.tw/images/a8722735-4746-436a-bca5-2435eb6dbae1/full.jpeg\n2020-01-21\n台灣將「武漢肺炎、2019-nCoV」納入第五類法定傳染病，並依照指示於24小時內通報！\n\nhttps://megapx-assets.dcard.tw/images/eea57ac1-a511-4e1f-aad0-fb311356bc71/full.jpeg\nhttps://megapx-assets.dcard.tw/images/56a36196-6771-457f-b0d2-a546daf89df3/full.jpeg\n有類流感或上呼吸道感染症狀，先確認患者在14天內的旅遊史！\n所以要開始確認發燒患者的TOCC\nT:旅遊史\nO:職業\nC:接觸史\nC:群聚\n\n那些是通報準則，以下\nhttps://megapx-assets.dcard.tw/images/5601169c-3ce3-4a50-bb34-a74a1fcdbd6f/full.jpeg\nhttps://megapx-assets.dcard.tw/images/628576c7-fd10-483e-8358-55e39db8f4cf/full.jpeg\nhttps://megapx-assets.dcard.tw/images/439efd2b-29d6-49ec-87b1-817c46046dde/full.jpeg\n目前武漢肺炎沒有抗病毒藥物及特效藥，目前治療方式為症狀治療！\n\n如何預防\nhttps://megapx-assets.dcard.tw/images/a4c0b8a1-4175-4153-bb39-fc0b8b565922/full.jpeg\n\nhttps://megapx-assets.dcard.tw/images/5de22198-33f2-49da-baef-b2e710521c83/full.jpeg\n請戴上口罩，口罩，還是口罩\n口罩如何選擇！\nhttps://megapx-assets.dcard.tw/images/f6ef534b-59ff-4797-aa58-627f81a3c16f/full.jpeg\nhttps://megapx-assets.dcard.tw/images/db144933-6d0f-4254-a19f-4d1ba8322846/full.jpeg\nhttps://megapx-assets.dcard.tw/images/39f0f611-d7a7-42bd-9aed-b3c2025f3597/full.jpeg\n請大家不要恐慌，去搶N95口罩，請將N95留給第一線醫療人員使用！\n久戴N95，還沒病死先被悶死！\nhttps://megapx-assets.dcard.tw/images/063aed66-9531-40f1-b4ae-efb45af5a1a1/full.jpeg\nhttps://megapx-assets.dcard.tw/images/47ab87e1-e5f1-4675-a03a-8fb18a8f7e21/full.jpeg\nhttps://megapx-assets.dcard.tw/images/de2cde38-e0b5-4d41-9a9c-c527783acfef/full.jpeg\n如果懷疑感染請撥打1922防疫專線\nhttps://megapx-assets.dcard.tw/images/0f3266cc-7f18-4dc0-82f2-a6534a04fde1/full.jpeg\nhttps://megapx-assets.dcard.tw/images/77245cad-3c07-4e9c-9e55-17853e0147bb/full.jpeg\nhttps://megapx-assets.dcard.tw/images/bdbd9877-6562-4f29-aa75-60a96a700faf/full.jpeg\n\n會有專人並且VIP高級服務！\nhttps://megapx-assets.dcard.tw/images/34840a52-f184-443a-8577-cd582b464f0d/full.jpeg\n以上\n\n勞動部也發布相關勞動權益的保障資訊\n\n「武漢肺炎」(世界衛生組織正式命名為「2019新型冠狀病毒」)目前已出現確診感染病例，勞工因配合防疫需求所衍生出之勞工請假、給薪等疑義，勞動部說明如下：\n\n一、勞工「感染武漢肺炎」被要求隔離治療者：\n\n(一)因職業上原因受感染者：\n勞工如經認定係職業上原因致感染「武漢肺炎」，雇主應給予公傷病假，並給付相當於原領工資之工資補償，若勞工因此所致之死亡、失能、傷害或疾病，雇主亦應依勞動基準法有關職業災害規定予以補償。\n\n(二)非因職業上原因受感染者：\n勞工如非因職業上原因感染「武漢肺炎」，隔離治療期間得請普通傷病假、特別休假或事假療養。\n\n二、勞工「未感染武漢肺炎」惟因有接觸疑慮，經防疫單位要求進行自主健康管理者：\n\n(一)勞工配合衛生主管機關自主健康管理之要求，自行居家休養：\n\n勞工如自行居家休養（隔離）者，可請普通傷病假、事假或特別休假，或協議調整工作時間。\n\n(二)雇主認為勞工已收到自主管理通知書，對其出勤有所疑慮，要求勞工不要出勤，因屬雇主受領勞務遲延，仍應照給工資。\n\n三、勞工之家庭成員因病或因受自主健康管理要求，需親自照顧者：\n勞工除可依《性別工作平等法》規定，請家庭照顧假外，亦可依勞工請假規則請事假，或與雇主協商排定特別休假。勞工請家庭照顧假者，其請假日數與事假合併計算，全年共計7日，父母雙方可分別依此規定請假。另勞工提出請假申請時，雇主不得拒絕，且不得視為缺勤而影響全勤獎金、考績，或為其他不利之處分。\n\n不論是雇主或是勞工，都必須配合防疫，勞工除可依規定請假外，勞資雙方亦可協商調整工作時間，共同為防疫工作盡一分心力。\n\n醫院內的防疫措施請參照各醫院感控標準作業流程！\n\n急診小菜鳥和大家共同打擊傳染病！\n\n資料來源\n疾病管制署\n雙和急診李尚醫師 臉書\n陳志金醫師臉書","excerpt":"日前台灣已經有確診武漢肺炎的個案！，而在台灣，第一線醫療人員的你/妳，做好防疫準備了嗎？而正在醫療現場的妳，了解武漢肺炎嗎？下面就讓我用一些投影片來介紹「武漢肺炎」2019-nCoV  aka 武漢肺","anonymousSchool":false,"anonymousDepartment":true,"pinned":false,"forumId":"b22d2f5d-3c06-4d08-96b8-770eb38e8f96","replyId":null,"createdAt":"2020-01-23T08:28:03.496Z","updatedAt":"2020-01-23T11:00:59.759Z","commentCount":6,"likeCount":274,"tags":[],"topics":["武漢","肺炎","醫院","護理師"],"supportedReactions":null,"withNickname":false,"reportReason":"","hiddenByAuthor":false,"meta":{"layout":"classic"},"forumName":"護理","forumAlias":"nursing","school":"輔英科技大學","replyTitle":null,"gender":"M","personaSubscriptable":null,"reactions":[{"id":"286f599c-f86a-4932-82f0-f5a06f1eca03","count":273},{"id":"011ead16-9b83-4729-9fde-c588920c6c2d","count":1}],"hidden":false,"customStyle":null,"isSuspiciousAccount":false,"layout":"classic","withImages":true,"withVideos":false,"media":[{"url":"https://megapx-assets.dcard.tw/images/3cae6f45-df22-4bd3-bf48-de455423b0c5/1280.jpeg"},{"url":"https://megapx-assets.dcard.tw/images/8749ad7d-c467-43e1-9475-d77eca693ec5/full.jpeg"},{"url":"https://megapx-assets.dcard.tw/images/a8722735-4746-436a-bca5-2435eb6dbae1/full.jpeg"},{"url":"https://megapx-assets.dcard.tw/images/eea57ac1-a511-4e1f-aad0-fb311356bc71/full.jpeg"},{"url":"https://megapx-assets.dcard.tw/images/56a36196-6771-457f-b0d2-a546daf89df3/full.jpeg"},{"url":"https://megapx-assets.dcard.tw/images/5601169c-3ce3-4a50-bb34-a74a1fcdbd6f/full.jpeg"},{"url":"https://megapx-assets.dcard.tw/images/628576c7-fd10-483e-8358-55e39db8f4cf/full.jpeg"},{"url":"https://megapx-assets.dcard.tw/images/439efd2b-29d6-49ec-87b1-817c46046dde/full.jpeg"},{"url":"https://megapx-assets.dcard.tw/images/a4c0b8a1-4175-4153-bb39-fc0b8b565922/full.jpeg"},{"url":"https://megapx-assets.dcard.tw/images/5de22198-33f2-49da-baef-b2e710521c83/full.jpeg"},{"url":"https://megapx-assets.dcard.tw/images/f6ef534b-59ff-4797-aa58-627f81a3c16f/full.jpeg"},{"url":"https://megapx-assets.dcard.tw/images/db144933-6d0f-4254-a19f-4d1ba8322846/full.jpeg"},{"url":"https://megapx-assets.dcard.tw/images/39f0f611-d7a7-42bd-9aed-b3c2025f3597/full.jpeg"},{"url":"https://megapx-assets.dcard.tw/images/063aed66-9531-40f1-b4ae-efb45af5a1a1/full.jpeg"},{"url":"https://megapx-assets.dcard.tw/images/47ab87e1-e5f1-4675-a03a-8fb18a8f7e21/full.jpeg"},{"url":"https://megapx-assets.dcard.tw/images/de2cde38-e0b5-4d41-9a9c-c527783acfef/full.jpeg"},{"url":"https://megapx-assets.dcard.tw/images/0f3266cc-7f18-4dc0-82f2-a6534a04fde1/full.jpeg"},{"url":"https://megapx-assets.dcard.tw/images/77245cad-3c07-4e9c-9e55-17853e0147bb/full.jpeg"},{"url":"https://megapx-assets.dcard.tw/images/bdbd9877-6562-4f29-aa75-60a96a700faf/full.jpeg"},{"url":"https://megapx-assets.dcard.tw/images/34840a52-f184-443a-8577-cd582b464f0d/full.jpeg"}],"reportReasonText":"","mediaMeta":[{"id":"ac1ac3e1-7375-48c3-a9c9-f6c96006d39d","url":"https://megapx-assets.dcard.tw/images/3cae6f45-df22-4bd3-bf48-de455423b0c5/640.jpeg","normalizedUrl":"https://megapx-assets.dcard.tw/images/3cae6f45-df22-4bd3-bf48-de455423b0c5/640.jpeg","thumbnail":"https://megapx-assets.dcard.tw/images/3cae6f45-df22-4bd3-bf48-de455423b0c5/640.jpeg","type":"image/thumbnail","tags":["ANNOTATED"],"createdAt":"2020-01-23T08:28:03.496Z","updatedAt":"2020-01-23T11:00:59.759Z","width":640,"height":360},{"id":"ac1ac3e1-7375-48c3-a9c9-f6c96006d39d","url":"https://megapx-assets.dcard.tw/images/3cae6f45-df22-4bd3-bf48-de455423b0c5/1280.jpeg","normalizedUrl":"https://megapx.dcard.tw/v1/images/3cae6f45-df22-4bd3-bf48-de455423b0c5","thumbnail":"https://megapx-assets.dcard.tw/images/3cae6f45-df22-4bd3-bf48-de455423b0c5/640.jpeg","type":"image/megapx","tags":["ANNOTATED"],"createdAt":"2020-01-23T08:28:03.496Z","updatedAt":"2020-01-23T11:00:59.759Z","width":2000,"height":1125},{"id":"02624d25-34ec-46fc-8424-1958d779e127","url":"https://megapx-assets.dcard.tw/images/8749ad7d-c467-43e1-9475-d77eca693ec5/full.jpeg","normalizedUrl":"https://megapx.dcard.tw/v1/images/8749ad7d-c467-43e1-9475-d77eca693ec5","thumbnail":"https://megapx-assets.dcard.tw/images/8749ad7d-c467-43e1-9475-d77eca693ec5/640.jpeg","type":"image/megapx","tags":["ANNOTATED"],"createdAt":"2020-01-23T08:28:03.496Z","updatedAt":"2020-01-23T11:00:59.759Z","width":960,"height":540},{"id":"3d22b0c6-37ec-4ae7-8766-66a88c63e019","url":"https://megapx-assets.dcard.tw/images/a8722735-4746-436a-bca5-2435eb6dbae1/full.jpeg","normalizedUrl":"https://megapx.dcard.tw/v1/images/a8722735-4746-436a-bca5-2435eb6dbae1","thumbnail":"https://megapx-assets.dcard.tw/images/a8722735-4746-436a-bca5-2435eb6dbae1/640.jpeg","type":"image/megapx","tags":["ANNOTATED"],"createdAt":"2020-01-23T08:28:03.496Z","updatedAt":"2020-01-23T11:00:59.759Z","width":960,"height":540},{"id":"223d5687-7295-4bcb-9d73-7dfd41a03529","url":"https://megapx-assets.dcard.tw/images/eea57ac1-a511-4e1f-aad0-fb311356bc71/full.jpeg","normalizedUrl":"https://megapx.dcard.tw/v1/images/eea57ac1-a511-4e1f-aad0-fb311356bc71","thumbnail":"https://megapx-assets.dcard.tw/images/eea57ac1-a511-4e1f-aad0-fb311356bc71/640.jpeg","type":"image/megapx","tags":["ANNOTATED"],"createdAt":"2020-01-23T08:28:03.496Z","updatedAt":"2020-01-23T11:00:59.759Z","width":960,"height":540},{"id":"1a57e244-3a10-4eaf-8939-c9775eb063b9","url":"https://megapx-assets.dcard.tw/images/56a36196-6771-457f-b0d2-a546daf89df3/full.jpeg","normalizedUrl":"https://megapx.dcard.tw/v1/images/56a36196-6771-457f-b0d2-a546daf89df3","thumbnail":"https://megapx-assets.dcard.tw/images/56a36196-6771-457f-b0d2-a546daf89df3/640.jpeg","type":"image/megapx","tags":["ANNOTATED"],"createdAt":"2020-01-23T08:28:03.496Z","updatedAt":"2020-01-23T11:00:59.759Z","width":960,"height":540},{"id":"390cfefe-703e-4df4-af87-30db02541454","url":"https://megapx-assets.dcard.tw/images/5601169c-3ce3-4a50-bb34-a74a1fcdbd6f/full.jpeg","normalizedUrl":"https://megapx.dcard.tw/v1/images/5601169c-3ce3-4a50-bb34-a74a1fcdbd6f","thumbnail":"https://megapx-assets.dcard.tw/images/5601169c-3ce3-4a50-bb34-a74a1fcdbd6f/640.jpeg","type":"image/megapx","tags":["ANNOTATED"],"createdAt":"2020-01-23T08:28:03.496Z","updatedAt":"2020-01-23T11:00:59.759Z","width":960,"height":540},{"id":"6daf2531-b906-430a-9c99-bf0b2c0cddd8","url":"https://megapx-assets.dcard.tw/images/628576c7-fd10-483e-8358-55e39db8f4cf/full.jpeg","normalizedUrl":"https://megapx.dcard.tw/v1/images/628576c7-fd10-483e-8358-55e39db8f4cf","thumbnail":"https://megapx-assets.dcard.tw/images/628576c7-fd10-483e-8358-55e39db8f4cf/640.jpeg","type":"image/megapx","tags":["ANNOTATED"],"createdAt":"2020-01-23T08:28:03.496Z","updatedAt":"2020-01-23T11:00:59.759Z","width":960,"height":540},{"id":"faf22f92-0079-4eec-a117-4080743f586f","url":"https://megapx-assets.dcard.tw/images/439efd2b-29d6-49ec-87b1-817c46046dde/full.jpeg","normalizedUrl":"https://megapx.dcard.tw/v1/images/439efd2b-29d6-49ec-87b1-817c46046dde","thumbnail":"https://megapx-assets.dcard.tw/images/439efd2b-29d6-49ec-87b1-817c46046dde/640.jpeg","type":"image/megapx","tags":["ANNOTATED"],"createdAt":"2020-01-23T08:28:03.496Z","updatedAt":"2020-01-23T11:00:59.759Z","width":960,"height":540},{"id":"97bb83d2-3fa4-4d4b-bdf6-2a95a24f34f5","url":"https://megapx-assets.dcard.tw/images/a4c0b8a1-4175-4153-bb39-fc0b8b565922/full.jpeg","normalizedUrl":"https://megapx.dcard.tw/v1/images/a4c0b8a1-4175-4153-bb39-fc0b8b565922","thumbnail":"https://megapx-assets.dcard.tw/images/a4c0b8a1-4175-4153-bb39-fc0b8b565922/640.jpeg","type":"image/megapx","tags":["ANNOTATED"],"createdAt":"2020-01-23T08:28:03.496Z","updatedAt":"2020-01-23T11:00:59.759Z","width":960,"height":540},{"id":"0cfb078a-ad1a-4d81-9272-e634668132e4","url":"https://megapx-assets.dcard.tw/images/5de22198-33f2-49da-baef-b2e710521c83/full.jpeg","normalizedUrl":"https://megapx.dcard.tw/v1/images/5de22198-33f2-49da-baef-b2e710521c83","thumbnail":"https://megapx-assets.dcard.tw/images/5de22198-33f2-49da-baef-b2e710521c83/640.jpeg","type":"image/megapx","tags":["ANNOTATED"],"createdAt":"2020-01-23T08:28:03.496Z","updatedAt":"2020-01-23T11:00:59.759Z","width":960,"height":540},{"id":"7dc521b3-9b92-4bf4-ad79-f15ba1ed878a","url":"https://megapx-assets.dcard.tw/images/f6ef534b-59ff-4797-aa58-627f81a3c16f/full.jpeg","normalizedUrl":"https://megapx.dcard.tw/v1/images/f6ef534b-59ff-4797-aa58-627f81a3c16f","thumbnail":"https://megapx-assets.dcard.tw/images/f6ef534b-59ff-4797-aa58-627f81a3c16f/640.jpeg","type":"image/megapx","tags":["ANNOTATED"],"createdAt":"2020-01-23T08:28:03.496Z","updatedAt":"2020-01-23T11:00:59.759Z","width":960,"height":540},{"id":"e64d060e-93fd-4646-9ab0-957c82c7026c","url":"https://megapx-assets.dcard.tw/images/db144933-6d0f-4254-a19f-4d1ba8322846/full.jpeg","normalizedUrl":"https://megapx.dcard.tw/v1/images/db144933-6d0f-4254-a19f-4d1ba8322846","thumbnail":"https://megapx-assets.dcard.tw/images/db144933-6d0f-4254-a19f-4d1ba8322846/640.jpeg","type":"image/megapx","tags":["ANNOTATED"],"createdAt":"2020-01-23T08:28:03.496Z","updatedAt":"2020-01-23T11:00:59.759Z","width":960,"height":540},{"id":"8917f0fd-8c06-40af-bfd2-094b7d38d218","url":"https://megapx-assets.dcard.tw/images/39f0f611-d7a7-42bd-9aed-b3c2025f3597/full.jpeg","normalizedUrl":"https://megapx.dcard.tw/v1/images/39f0f611-d7a7-42bd-9aed-b3c2025f3597","thumbnail":"https://megapx-assets.dcard.tw/images/39f0f611-d7a7-42bd-9aed-b3c2025f3597/640.jpeg","type":"image/megapx","tags":["ANNOTATED"],"createdAt":"2020-01-23T08:28:03.496Z","updatedAt":"2020-01-23T11:00:59.759Z","width":960,"height":540},{"id":"0d2d4f5a-57ce-4518-8539-4cc0a080d868","url":"https://megapx-assets.dcard.tw/images/063aed66-9531-40f1-b4ae-efb45af5a1a1/full.jpeg","normalizedUrl":"https://megapx.dcard.tw/v1/images/063aed66-9531-40f1-b4ae-efb45af5a1a1","thumbnail":"https://megapx-assets.dcard.tw/images/063aed66-9531-40f1-b4ae-efb45af5a1a1/640.jpeg","type":"image/megapx","tags":["ANNOTATED"],"createdAt":"2020-01-23T08:28:03.496Z","updatedAt":"2020-01-23T11:00:59.759Z","width":960,"height":540},{"id":"570988a6-8fcb-4479-9820-a9b4e969788d","url":"https://megapx-assets.dcard.tw/images/47ab87e1-e5f1-4675-a03a-8fb18a8f7e21/full.jpeg","normalizedUrl":"https://megapx.dcard.tw/v1/images/47ab87e1-e5f1-4675-a03a-8fb18a8f7e21","thumbnail":"https://megapx-assets.dcard.tw/images/47ab87e1-e5f1-4675-a03a-8fb18a8f7e21/640.jpeg","type":"image/megapx","tags":["ANNOTATED"],"createdAt":"2020-01-23T08:28:03.496Z","updatedAt":"2020-01-23T11:00:59.759Z","width":960,"height":540},{"id":"e9d9fc5c-6841-485f-abdf-da5979aa1477","url":"https://megapx-assets.dcard.tw/images/de2cde38-e0b5-4d41-9a9c-c527783acfef/full.jpeg","normalizedUrl":"https://megapx.dcard.tw/v1/images/de2cde38-e0b5-4d41-9a9c-c527783acfef","thumbnail":"https://megapx-assets.dcard.tw/images/de2cde38-e0b5-4d41-9a9c-c527783acfef/640.jpeg","type":"image/megapx","tags":["ANNOTATED"],"createdAt":"2020-01-23T08:28:03.496Z","updatedAt":"2020-01-23T11:00:59.759Z","width":960,"height":540},{"id":"40c11c11-6ece-4a70-a7c7-48e970b66516","url":"https://megapx-assets.dcard.tw/images/0f3266cc-7f18-4dc0-82f2-a6534a04fde1/full.jpeg","normalizedUrl":"https://megapx.dcard.tw/v1/images/0f3266cc-7f18-4dc0-82f2-a6534a04fde1","thumbnail":"https://megapx-assets.dcard.tw/images/0f3266cc-7f18-4dc0-82f2-a6534a04fde1/640.jpeg","type":"image/megapx","tags":["ANNOTATED"],"createdAt":"2020-01-23T08:28:03.496Z","updatedAt":"2020-01-23T11:00:59.759Z","width":960,"height":540},{"id":"1df0195b-68a8-4bc7-9901-b5b54808bc4a","url":"https://megapx-assets.dcard.tw/images/77245cad-3c07-4e9c-9e55-17853e0147bb/full.jpeg","normalizedUrl":"https://megapx.dcard.tw/v1/images/77245cad-3c07-4e9c-9e55-17853e0147bb","thumbnail":"https://megapx-assets.dcard.tw/images/77245cad-3c07-4e9c-9e55-17853e0147bb/640.jpeg","type":"image/megapx","tags":["ANNOTATED"],"createdAt":"2020-01-23T08:28:03.496Z","updatedAt":"2020-01-23T11:00:59.759Z","width":960,"height":540},{"id":"a74c1318-5c23-4c0b-bb74-f9010a94ae95","url":"https://megapx-assets.dcard.tw/images/bdbd9877-6562-4f29-aa75-60a96a700faf/full.jpeg","normalizedUrl":"https://megapx.dcard.tw/v1/images/bdbd9877-6562-4f29-aa75-60a96a700faf","thumbnail":"https://megapx-assets.dcard.tw/images/bdbd9877-6562-4f29-aa75-60a96a700faf/640.jpeg","type":"image/megapx","tags":["ANNOTATED"],"createdAt":"2020-01-23T08:28:03.496Z","updatedAt":"2020-01-23T11:00:59.759Z","width":960,"height":540},{"id":"720c547b-26b3-4326-82fb-3d72c82dcf69","url":"https://megapx-assets.dcard.tw/images/34840a52-f184-443a-8577-cd582b464f0d/full.jpeg","normalizedUrl":"https://megapx.dcard.tw/v1/images/34840a52-f184-443a-8577-cd582b464f0d","thumbnail":"https://megapx-assets.dcard.tw/images/34840a52-f184-443a-8577-cd582b464f0d/640.jpeg","type":"image/megapx","tags":["ANNOTATED"],"createdAt":"2020-01-23T08:28:03.496Z","updatedAt":"2020-01-23T11:00:59.759Z","width":960,"height":540}],"postAvatar":""}