{"id":232970458,"title":"燃燒自己照亮別人","content":"身為護理師已經邁向第五年\n近期武漢病毒疫情擴散\n不難想起SARS封院的事\n昨天在家看新聞我媽跟我說\n如果萬不一像當年封院\n我會去照顧那些病人嗎？\n當下真的回答不出來\n不是沒有犧牲奉獻的精神\n但是大家不都是寶貴的生命嗎\n有人說如果沒有犧牲奉獻的精神\n當初為什麼要選擇這個職業\n\n護理師真的要燃燒自己照亮別人嗎？","excerpt":"身為護理師已經邁向第五年，近期武漢病毒疫情擴散，不難想起SARS封院的事，昨天在家看新聞我媽跟我說，如果萬不一像當年封院，我會去照顧那些病人嗎？當下真的回答不出來，不是沒有犧牲奉獻的精神，但是大家不都","anonymousSchool":false,"anonymousDepartment":true,"pinned":false,"forumId":"b22d2f5d-3c06-4d08-96b8-770eb38e8f96","replyId":null,"createdAt":"2020-01-28T04:37:57.365Z","updatedAt":"2020-01-28T04:37:57.365Z","commentCount":12,"likeCount":75,"tags":["HIDE_THUMBNAIL"],"topics":["武漢","武漢疫情","護理","問題","壓力"],"supportedReactions":null,"withNickname":false,"reportReason":"","hiddenByAuthor":false,"meta":{"layout":"classic"},"forumName":"護理","forumAlias":"nursing","school":"弘光科技大學","replyTitle":null,"gender":"F","personaSubscriptable":null,"reactions":[{"id":"286f599c-f86a-4932-82f0-f5a06f1eca03","count":75}],"hidden":false,"customStyle":null,"isSuspiciousAccount":false,"layout":"classic","withImages":false,"withVideos":false,"media":[],"reportReasonText":"","mediaMeta":[],"postAvatar":""}