{"id":232963828,"title":"專四才覺醒對護理沒熱誠","content":"當初是因為家裡希望\n所以我選擇了護理科\n但我真的讀的很痛苦\n可能本身就是不愛讀書的個性\n但不管選什麼科系\n都一定是要讀書要學習的\n我本來就對護理沒有什麼興趣\n現在專四了\n過完年之後要全年實習了\n我真的很不想很不想很不想繼續讀護理了\n但我卻不知道該怎麼做我才能繼續\n家裡希望我至少五專畢業有考到執照\n之後想學什麼再去插大什麼的\n但我現在真的好累\n只要想到去學校就很煩\n去醫院也好煩\n完全不想穿上那套制服\n（之前在醫院上班 真的是受夠了那個環境跟氣氛\n還有台灣人的態度 跟學長姊們給的壓力）\n這種環境真的不是我要的\n我不知道我該怎麼辦了\n有人有類似經驗可以分享嗎？","excerpt":"當初是因為家裡希望，所以我選擇了護理科，但我真的讀的很痛苦，可能本身就是不愛讀書的個性，但不管選什麼科系，都一定是要讀書要學習的，我本來就對護理沒有什麼興趣，現在專四了，過完年之後要全年實習了，我真的","anonymousSchool":false,"anonymousDepartment":true,"pinned":false,"forumId":"b22d2f5d-3c06-4d08-96b8-770eb38e8f96","replyId":null,"createdAt":"2020-01-26T19:08:50.701Z","updatedAt":"2020-01-26T19:08:50.701Z","commentCount":28,"likeCount":47,"tags":["HIDE_THUMBNAIL"],"topics":["護理","醫院","工作","學長姐幫幫我","壓力"],"supportedReactions":null,"withNickname":false,"reportReason":"","hiddenByAuthor":false,"meta":{"layout":"classic"},"forumName":"護理","forumAlias":"nursing","school":"國立臺中科技大學","replyTitle":null,"gender":"F","personaSubscriptable":null,"reactions":[{"id":"286f599c-f86a-4932-82f0-f5a06f1eca03","count":46},{"id":"514c2569-fd53-4d9d-a415-bf0f88e7329f","count":1}],"hidden":false,"customStyle":null,"isSuspiciousAccount":false,"layout":"classic","withImages":false,"withVideos":false,"media":[],"reportReasonText":"","mediaMeta":[],"postAvatar":""}