{"id":232925798,"title":"該留下來還是要換環境......","content":"我是在北部一家蠻新的醫院上班\n本身是走新生兒科（不是ICU)\n當初帶著很高的期望來這家醫院\n隨著醫師和其他工作人員的加入後\n單位不該出現的病人越來越多\n甚至嚴重超過護病比（1:7～9）\n有時全單位只有一個Nurse\n有幾個病人你就要care幾個\n長期下來除了怕自己hold不住小孩狀況\n還要應付上面跟醫生的冷言冷語和情緒\n我很愛小孩\n但是我很害怕這樣的自己有一天會出錯傷害到他們\n所以想請問學長姐.........\n你們覺得我要繼續學 還是應該離開？","excerpt":"我是在北部一家蠻新的醫院上班，本身是走新生兒科（不是ICU），當初帶著很高的期望來這家醫院，隨著醫師和其他工作人員的加入後，單位不該出現的病人越來越多，甚至嚴重超過護病比（1：7～9），有時全單位只有","anonymousSchool":false,"anonymousDepartment":true,"pinned":false,"forumId":"b22d2f5d-3c06-4d08-96b8-770eb38e8f96","replyId":null,"createdAt":"2020-01-20T10:46:37.817Z","updatedAt":"2020-01-20T10:46:37.817Z","commentCount":21,"likeCount":22,"tags":["HIDE_THUMBNAIL"],"topics":[],"supportedReactions":null,"withNickname":false,"reportReason":"","hiddenByAuthor":false,"meta":{"layout":"classic"},"forumName":"護理","forumAlias":"nursing","school":"元培醫事科技大學","replyTitle":null,"gender":"F","personaSubscriptable":null,"reactions":[{"id":"286f599c-f86a-4932-82f0-f5a06f1eca03","count":22}],"hidden":false,"customStyle":null,"isSuspiciousAccount":false,"layout":"classic","withImages":false,"withVideos":false,"media":[],"reportReasonText":"","mediaMeta":[],"postAvatar":""}