{"id":232978922,"title":"義大醫院早鳥獎金","content":"大家好～\n我是去年五專畢業的學妹\n最近離開前一家醫院,想放自己幾個月長假\n記得之前學校有說過 有些醫院會有早鳥獎金\n想問有沒有學長姊知道\n義大醫院的早鳥獎金,是幾月前入職才有呢？\n還有價錢大概是多少😅\n謝謝大家","excerpt":"大家好～我是去年五專畢業的學妹，最近離開前一家醫院，想放自己幾個月長假，記得之前學校有說過 有些醫院會有早鳥獎金，想問有沒有學長姊知道，義大醫院的早鳥獎金，是幾月前入職才有呢？還有價錢大概是多少，謝謝","anonymousSchool":false,"anonymousDepartment":true,"pinned":false,"forumId":"b22d2f5d-3c06-4d08-96b8-770eb38e8f96","replyId":null,"createdAt":"2020-01-29T13:30:55.764Z","updatedAt":"2020-01-29T13:30:55.764Z","commentCount":2,"likeCount":5,"tags":["HIDE_THUMBNAIL"],"topics":["義大醫院","護理","護理師"],"supportedReactions":null,"withNickname":false,"reportReason":"","hiddenByAuthor":false,"meta":{"layout":"classic"},"forumName":"護理","forumAlias":"nursing","school":"輔英科技大學","replyTitle":null,"gender":"F","personaSubscriptable":false,"reactions":[{"id":"286f599c-f86a-4932-82f0-f5a06f1eca03","count":5}],"hidden":false,"customStyle":null,"isSuspiciousAccount":false,"layout":"classic","withImages":false,"withVideos":false,"media":[],"reportReasonText":"","mediaMeta":[],"postAvatar":""}