{"id":232976469,"title":"高雄長庚心血管外科醫師","content":"大家好\n我爸爸在年初時因為在國外出差時主動脈剝離\n臨時在國外緊急動了支架手術 \n也在加護病房裡住了好久....😔\n因被延遲了好幾個小時誤診 \n導致術後下半身仍有不適情形（肚子悶痛、腳麻等）\n好不容易病情穩定回台\n因第一次碰到這麼大的事故\n想好好再幫他徹底他檢查身體 以及調整用藥\n我們全家這次真的嚇到了 因為真的生死一瞬間\n因家中離高雄長庚最近，\n如果可以的話不知道有沒有比較推薦的醫師？\n謝謝你們。","excerpt":"大家好，我爸爸在年初時因為在國外出差時主動脈剝離，臨時在國外緊急動了支架手術，也在加護病房裡住了好久....，因被延遲了好幾個小時誤診，導致術後下半身仍有不適情形（肚子悶痛、腳麻等），好不容易病情穩定","anonymousSchool":false,"anonymousDepartment":true,"pinned":false,"forumId":"b22d2f5d-3c06-4d08-96b8-770eb38e8f96","replyId":null,"createdAt":"2020-01-29T05:08:50.829Z","updatedAt":"2020-01-29T05:10:19.841Z","commentCount":1,"likeCount":2,"tags":["HIDE_THUMBNAIL"],"topics":["外科醫師","長庚","高雄"],"supportedReactions":null,"withNickname":false,"reportReason":"","hiddenByAuthor":false,"meta":{"layout":"classic"},"forumName":"護理","forumAlias":"nursing","school":"輔英科技大學","replyTitle":null,"gender":"F","personaSubscriptable":null,"reactions":[{"id":"286f599c-f86a-4932-82f0-f5a06f1eca03","count":2}],"hidden":false,"customStyle":null,"isSuspiciousAccount":false,"layout":"classic","withImages":false,"withVideos":false,"media":[],"reportReasonText":"","mediaMeta":[],"postAvatar":""}