{"id":232901577,"title":"台大醫院（非應屆畢業生）徵才","content":"請問一下板上有人知道台大醫院（非應屆）徵才開缺通常都在什麼時候嗎？\n有人說要時常follow徵才網站\n我電訪是說約9-12月 但我同學是5月進去的\n另外想問網站徵才是只限該部門囉\n不是說想去什麼單位就能申請嗎\n謝謝大家","excerpt":"請問一下板上有人知道台大醫院（非應屆）徵才開缺通常都在什麼時候嗎？有人說要時常follow徵才網站，我電訪是說約9-12月 但我同學是5月進去的，另外想問網站徵才是只限該部門囉，不是說想去什麼單位就能","anonymousSchool":false,"anonymousDepartment":false,"pinned":false,"forumId":"b22d2f5d-3c06-4d08-96b8-770eb38e8f96","replyId":null,"createdAt":"2020-01-16T10:56:32.084Z","updatedAt":"2020-01-16T10:56:32.084Z","commentCount":7,"likeCount":6,"tags":["HIDE_THUMBNAIL"],"topics":["醫院","台大","工作","護理師","護理"],"supportedReactions":null,"withNickname":true,"reportReason":"","hiddenByAuthor":false,"meta":{"layout":"classic"},"forumName":"護理","forumAlias":"nursing","school":"0906","department":"aircraft9527","replyTitle":null,"gender":"M","personaSubscriptable":false,"reactions":[{"id":"286f599c-f86a-4932-82f0-f5a06f1eca03","count":6}],"hidden":false,"customStyle":null,"isSuspiciousAccount":false,"layout":"classic","withImages":false,"withVideos":false,"media":[],"reportReasonText":"","mediaMeta":[],"postAvatar":""}