{"id":232957729,"title":"好奇抽血時在想什麼","content":"前幾天身體有點不舒服，看醫生說要抽血檢查\n兩個年輕護理師姊姊，一人兩針，第四針上😖\n他們抽不上看起來都蠻懊惱，甚至跟我說抱歉，我就很好奇了\n=你們抽血時會想些什麼？=\n\n第一個護理師抽第一次沒中，說了不好意思，然後找了超級久(快十分鐘)才準備扎第二針\n我中間有問要不要我拳頭用力看看，但扎下去還是一咪咪抽不起來\n她再看一下就突然跑去換人了\n\n\n第二個護理師看很久，也讓我用力，還是看不太到血管，問我平常抽哪，我說手背🤚\n她看了一下，很疑惑的問我：你確定手背？？\n我很確定啊每次一定要換手背get😭\n\n接著他抽了我沒抽過的地方🤔🤔\n手背小臂中間那顆凸凸的骨頭\nhttps://i.imgur.com/zjQsNdP.jpg\n\n\n這次有一點血，但流太慢凝固了作廢🤦\n她看起來好懊惱\n：你血管太沉了，又流很慢會凝血\n：不好意思餒扎那麼多針\n我也很少三針沒起來，尤其手背\n我說沒事沒事，你慢慢來\n她又兩隻手到處摸一摸，我覺得看起來還是沒什麼把握，就說：平常好像是扎手背靠近中間的地方，沒有扎過剛剛那邊\n她說是血管太沉太沉\n其實我有感覺到...三針每一針都夭壽深TT\n最後是抽這邊↓↓也是沒抽過的地方\nhttps://i.imgur.com/pvB3Ji5.jpg\n離開前她又有道歉一次\n\n我很納悶耶以前從來沒有挨太多針被道歉的\n我過程也不是皺眉頭或很反彈，只有只有另一隻手抓外套抓得很緊，還有第三針太深，哀了一下說woo有點痛\n\n兩個都是年輕小姊姊，我看他們抽之前都很謹慎，但是沒抽到就會懊惱，好像還有點抱歉的感覺\n很好奇，如果不是特別會鬧的患者，你們在抽血(尤其是抽不上/被叫來換的)時在想什麼？\n\n錯版請告知馬上刪\n久沒用看板好多，找不到醫療版之類的QQ","excerpt":"前幾天身體有點不舒服，看醫生說要抽血檢查，兩個年輕護理師姊姊，一人兩針，第四針上，他們抽不上看起來都蠻懊惱，甚至跟我說抱歉，我就很好奇了，=你們抽血時會想些什麼？=，第一個護理師抽第一次沒中，說了不好","anonymousSchool":false,"anonymousDepartment":true,"pinned":false,"forumId":"b22d2f5d-3c06-4d08-96b8-770eb38e8f96","replyId":null,"createdAt":"2020-01-25T17:17:17.143Z","updatedAt":"2020-01-25T17:17:17.143Z","commentCount":41,"likeCount":238,"tags":[],"topics":["醫院","護理師","抽血"],"supportedReactions":null,"withNickname":false,"reportReason":"","hiddenByAuthor":false,"meta":{"layout":"classic"},"forumName":"護理","forumAlias":"nursing","school":"台南應用科技大學","replyTitle":null,"gender":"F","personaSubscriptable":false,"reactions":[{"id":"286f599c-f86a-4932-82f0-f5a06f1eca03","count":237},{"id":"e8e6bc5d-41b0-4129-b134-97507523d7ff","count":1}],"hidden":false,"customStyle":null,"isSuspiciousAccount":false,"layout":"classic","withImages":true,"withVideos":false,"media":[{"url":"https://i.imgur.com/zjQsNdP.jpg"},{"url":"https://i.imgur.com/pvB3Ji5.jpg"}],"reportReasonText":"","mediaMeta":[{"id":"ae7fc6cf-a411-45d2-8535-c9fb8c822cd3","url":"https://i.imgur.com/zjQsNdPl.jpg","normalizedUrl":"https://i.imgur.com/zjQsNdPl.jpg","thumbnail":"https://i.imgur.com/zjQsNdPl.jpg","type":"image/thumbnail","tags":["ANNOTATED"],"createdAt":"2020-01-25T17:17:17.143Z","updatedAt":"2020-01-25T17:17:17.143Z"},{"id":"ae7fc6cf-a411-45d2-8535-c9fb8c822cd3","url":"https://i.imgur.com/zjQsNdP.jpg","normalizedUrl":"https://imgur.com/zjQsNdP","thumbnail":"https://i.imgur.com/zjQsNdPl.jpg","type":"image/imgur","tags":["ANNOTATED"],"createdAt":"2020-01-25T17:17:17.143Z","updatedAt":"2020-01-25T17:17:17.143Z"},{"id":"1d32c00c-03a4-45ce-a3d5-51d03cea2a39","url":"https://i.imgur.com/pvB3Ji5.jpg","normalizedUrl":"https://imgur.com/pvB3Ji5","thumbnail":"https://i.imgur.com/pvB3Ji5l.jpg","type":"image/imgur","tags":["ANNOTATED"],"createdAt":"2020-01-25T17:17:17.143Z","updatedAt":"2020-01-25T17:17:17.143Z"}],"postAvatar":""}