{"id":232963689,"title":"有工作道德就不應該計較?","content":"我是學生，也是香港某醫院的學護(有薪水)，算是踏進護理的圈子了\n\n最近流感和武漢肺炎來襲，前2個月分別在某2所大醫院內科實習，目前也在老人科內科復健病房兼職工作，都是爆滿的狀態，2人病房放三張床，走廊放床，病格放滿床像這樣↓↓https://i.imgur.com/CVvD5lQ.jpg\n\n\n一實習就明白什麼infection control, 病人私隱都是sh*t，護士病人比例誇張到1:12(我們學生/學護也算在裡面了)，太忙傷口洗不完，留小便樣本只能在換尿布時光速順便做完(會盡量保持無菌但。。。真的只能盡量)，大小便吃飯沒時間相信大家當護理工作的都相當明白(ಥ_ಥ)\n\n忙碌歸忙碌，工作環境雖然惡劣，但看到病人有好轉或康復出院跟我們說謝謝的時候還是很有成就感，覺得辛苦也是值得\n\n前話廢話很多----------------------------------------\n\n香港的醫護對政府很生氣，大概有因為到現在有發燒的大陸人還能一直來香港看病增加醫療負擔(明明病房已經爆死)、極低透明度下抽了「生死籤」決定要去照顧疑似或確診武漢肺炎的醫護人員，和醫院隔離設施和部份病房保護衣物不足，被隔離病人對護士行使暴力等等\n\n因此有醫護正籌備罷工停止非緊急醫療服務等工業行動，為的是自己是在安全有保護的情況下工作和香港病人能得到適當的隔離治療，香港護士協會也希望能有津貼給予護士\n\n但是網上有意見說護理人員是well paid for it，今天拜年是也有親戚說工作最重要的是有熱情，自己喜歡的啦，不要太多要求，不應該罷工云云\n\n但我是覺得醫護人員的要求都蠻合理，就香港的防疫抗疫工作都很慢才有反應，開大門任由大陸人玩耍、看病，明明已經有個案是沒有發燒而染上肺炎，還靠旅客自己申報病情，有病的也以人道理由讓他們千里迢迢來香港入關看病，香港政府: \nhttps://i.imgur.com/V483TOo.jpg\n\n他們還一直不申報從疫區來，到很後期才告知，防護措施做不及，因此有個案是被安排到普通病房而非隔離病房幾個小時，被影響的醫護人員和病人不知道有多少咧\n\n我是覺得醫護人員有職業道德，對病人有熱情不代表可以讓別人對我們為所欲為，不明不白的被告知排到很前的去隔離病房照顧病人; 照顧病人時的防護裝備還是不足的; 在遇到危險時一句well paid for it就被打發\n\n香港醫護的薪水雖然是不錯，但薪水不是買起我們的命和生活，而是付出努力辛苦得來的!!!就我自己來說，我很願意照顧每一位病人，即使是在現在危險、極其辛苦的情況下，但我並不願意以我的生命值硬接政策不當而成的禍，況且是做對自己和病人都沒益處的事，不然這不叫抗疫，共渡時艱，而是共同用生命值硬接等死","excerpt":"我是學生，也是香港某醫院的學護（有薪水），算是踏進護理的圈子了，最近流感和武漢肺炎來襲，前2個月分別在某2所大醫院內科實習，目前也在老人科內科復健病房兼職工作，都是爆滿的狀態，2人病房放三張床，走廊放","anonymousSchool":false,"anonymousDepartment":false,"pinned":false,"forumId":"b22d2f5d-3c06-4d08-96b8-770eb38e8f96","replyId":null,"createdAt":"2020-01-26T18:17:55.203Z","updatedAt":"2020-01-26T18:17:55.203Z","commentCount":6,"likeCount":20,"tags":[],"topics":["護理","工作","武漢肺炎","職業道德"],"supportedReactions":null,"withNickname":false,"reportReason":"","hiddenByAuthor":false,"meta":{"layout":"classic"},"forumName":"護理","forumAlias":"nursing","school":"香港公開大學","department":"護理學系","replyTitle":null,"gender":"F","personaSubscriptable":false,"reactions":[{"id":"286f599c-f86a-4932-82f0-f5a06f1eca03","count":19},{"id":"aa0d425f-d530-4478-9a77-fe3aedc79eea","count":1}],"hidden":false,"customStyle":null,"isSuspiciousAccount":false,"layout":"classic","withImages":true,"withVideos":false,"media":[{"url":"https://i.imgur.com/CVvD5lQ.jpg"},{"url":"https://i.imgur.com/V483TOo.jpg"}],"reportReasonText":"","mediaMeta":[{"id":"ea8c316b-8982-4d96-8252-aefd4861c5db","url":"https://i.imgur.com/CVvD5lQl.jpg","normalizedUrl":"https://i.imgur.com/CVvD5lQl.jpg","thumbnail":"https://i.imgur.com/CVvD5lQl.jpg","type":"image/thumbnail","tags":["ANNOTATED"],"createdAt":"2020-01-26T18:17:55.203Z","updatedAt":"2020-01-26T18:17:55.203Z"},{"id":"ea8c316b-8982-4d96-8252-aefd4861c5db","url":"https://i.imgur.com/CVvD5lQ.jpg","normalizedUrl":"https://imgur.com/CVvD5lQ","thumbnail":"https://i.imgur.com/CVvD5lQl.jpg","type":"image/imgur","tags":["ANNOTATED"],"createdAt":"2020-01-26T18:17:55.203Z","updatedAt":"2020-01-26T18:17:55.203Z"},{"id":"524b0700-7fbf-4c0a-8ce8-654eb0715a57","url":"https://i.imgur.com/V483TOo.jpg","normalizedUrl":"https://imgur.com/V483TOo","thumbnail":"https://i.imgur.com/V483TOol.jpg","type":"image/imgur","tags":["ANNOTATED"],"createdAt":"2020-01-26T18:17:55.203Z","updatedAt":"2020-01-26T18:17:55.203Z"}],"postAvatar":""}