{"id":232926090,"title":"面試可以不說經歷嗎","content":"是這樣的，年後要去某間地區醫院面試\n半年前成為某醫學中心的逃兵\n只工作兩個多月而已\n想說這種短期經驗感覺說不上是經歷\n面試時想說自己沒有工作經驗 \n但又想到自己有醫事人員卡...深怕到時被發現\n請問學長姐會怎麼做呢？\n照實說還是隱瞞？\n謝謝你們！","excerpt":"是這樣的，年後要去某間地區醫院面試，半年前成為某醫學中心的逃兵，只工作兩個多月而已，想說這種短期經驗感覺說不上是經歷，面試時想說自己沒有工作經驗，但又想到自己有醫事人員卡...深怕到時被發現，請問學長","anonymousSchool":false,"anonymousDepartment":true,"pinned":false,"forumId":"b22d2f5d-3c06-4d08-96b8-770eb38e8f96","replyId":null,"createdAt":"2020-01-20T11:38:11.620Z","updatedAt":"2020-01-20T11:38:11.620Z","commentCount":11,"likeCount":20,"tags":["HIDE_THUMBNAIL"],"topics":[],"supportedReactions":null,"withNickname":false,"reportReason":"","hiddenByAuthor":false,"meta":{"layout":"classic"},"forumName":"護理","forumAlias":"nursing","school":"輔英科技大學","replyTitle":null,"gender":"F","personaSubscriptable":false,"reactions":[{"id":"286f599c-f86a-4932-82f0-f5a06f1eca03","count":20}],"hidden":false,"customStyle":null,"isSuspiciousAccount":false,"layout":"classic","withImages":false,"withVideos":false,"media":[],"reportReasonText":"","mediaMeta":[],"postAvatar":""}