{"id":232978808,"title":"想轉換跑道～","content":"不知道有沒有人跟我一樣\n開始上班之後\n總覺得每天不想上班\n對護理也沒什麼特別喜愛\n薪水方面也不是特別多...\n也不喜歡學長學姐制\n想換跑道...卻又不知道要往哪個方向走\n有沒有人能給我一點意見呢...？","excerpt":"不知道有沒有人跟我一樣，開始上班之後，總覺得每天不想上班，對護理也沒什麼特別喜愛，薪水方面也不是特別多...，也不喜歡學長學姐制，想換跑道...卻又不知道要往哪個方向走，有沒有人能給我一點意見呢...","anonymousSchool":false,"anonymousDepartment":true,"pinned":false,"forumId":"b22d2f5d-3c06-4d08-96b8-770eb38e8f96","replyId":null,"createdAt":"2020-01-29T13:11:16.694Z","updatedAt":"2020-01-29T13:11:16.694Z","commentCount":11,"likeCount":19,"tags":["HIDE_THUMBNAIL"],"topics":["轉換","跑道","護理","護理師"],"supportedReactions":null,"withNickname":false,"reportReason":"","hiddenByAuthor":false,"meta":{"layout":"classic"},"forumName":"護理","forumAlias":"nursing","school":"元培醫事科技大學","replyTitle":null,"gender":"F","personaSubscriptable":null,"reactions":[{"id":"286f599c-f86a-4932-82f0-f5a06f1eca03","count":19}],"hidden":false,"customStyle":null,"isSuspiciousAccount":false,"layout":"classic","withImages":false,"withVideos":false,"media":[],"reportReasonText":"","mediaMeta":[],"postAvatar":""}