{"id":232924707,"title":"想問 北護生死管理學系","content":"1.出路是甚麼,盡量清楚一點\n2.跟心理系一樣嗎\n3.都在學什麼呢\n4.這個系算很冷門的系嗎，會很忙嗎\n5.在這個系什麼能力最重要呢\n6.如果已經在讀的學長姐們，再重考一次還會想要再選這個系嗎？\n\n我有先上網找過資料，因為資料真的太少所以才來這裡問，如果問錯地方請不要駡我(σ°∀°)σ..:*☆\n非常感謝你們","excerpt":"1.出路是甚麼，盡量清楚一點，2.跟心理系一樣嗎，3.都在學什麼呢，4.這個系算很冷門的系嗎，會很忙嗎，5.在這個系什麼能力最重要呢，6.如果已經在讀的學長姐們，再重考一次還會想要再選這個系嗎？我有先","anonymousSchool":false,"anonymousDepartment":false,"pinned":false,"forumId":"b22d2f5d-3c06-4d08-96b8-770eb38e8f96","replyId":null,"createdAt":"2020-01-20T07:32:13.362Z","updatedAt":"2020-01-20T07:32:13.362Z","commentCount":10,"likeCount":13,"tags":[],"topics":["北護","生死","管理學"],"supportedReactions":null,"withNickname":false,"reportReason":"","hiddenByAuthor":false,"meta":{"layout":"classic"},"forumName":"護理","forumAlias":"nursing","school":"國立臺中科技大學","department":"護理系","replyTitle":null,"gender":"F","personaSubscriptable":false,"reactions":[{"id":"286f599c-f86a-4932-82f0-f5a06f1eca03","count":13}],"hidden":false,"customStyle":null,"isSuspiciousAccount":false,"layout":"classic","withImages":false,"withVideos":false,"media":[],"reportReasonText":"","mediaMeta":[],"postAvatar":""}