{"id":232909194,"title":"執照換照","content":"想問如果拿到護理師執照後沒有從事護理行業\n之後如果想回臨床（已到換照時間）\n請問一定要修滿積分才能換嗎？\n如果是的話要多少積分呢？\n如果沒有走臨床要去哪裡補積分啊？\n網路上的資料大部分都是原本從事臨床的換照經驗\n想問問學長姐🙏🙏","excerpt":"想問如果拿到護理師執照後沒有從事護理行業，之後如果想回臨床（已到換照時間），請問一定要修滿積分才能換嗎？如果是的話要多少積分呢？如果沒有走臨床要去哪裡補積分啊？網路上的資料大部分都是原本從事臨床的換照","anonymousSchool":false,"anonymousDepartment":true,"pinned":false,"forumId":"b22d2f5d-3c06-4d08-96b8-770eb38e8f96","replyId":null,"createdAt":"2020-01-17T15:19:31.458Z","updatedAt":"2020-01-17T15:19:31.458Z","commentCount":3,"likeCount":28,"tags":["HIDE_THUMBNAIL"],"topics":["護理","護理師","問題","詢問"],"supportedReactions":null,"withNickname":false,"reportReason":"","hiddenByAuthor":false,"meta":{"layout":"classic"},"forumName":"護理","forumAlias":"nursing","school":"慈濟大學","replyTitle":null,"gender":"F","personaSubscriptable":false,"reactions":[{"id":"286f599c-f86a-4932-82f0-f5a06f1eca03","count":28}],"hidden":false,"customStyle":null,"isSuspiciousAccount":false,"layout":"classic","withImages":false,"withVideos":false,"media":[],"reportReasonText":"","mediaMeta":[],"postAvatar":""}