{"id":232938098,"title":"男生人生規劃問題請益","content":"各位好 我是護理系的男生\n\n我們家並不是很富裕，大部分是要自己賺錢養自己，因為今年應屆要畢業了，我不太確定兵單什麼時候會來，而醫院應該也不會用還沒當兵的男生，在等當兵到當完兵的這段時間我也沒有足夠的存款能支付這段時間的花費和生活費，我上網看了一下提前當兵大概是8月（但也不一定成功）而延後當兵是隔年的2-5月間\n\n而前陣子我剛完成我的實習，很幸運的實習的單位（區域醫院）也希望我留下來工作，我目前的想法是，我能先去工作並且存錢到隔年的2-5月間，到時候的存款應該也能支付我四個月兵役期間的花費，而兵役結束後我也打算跳槽到更高層級（醫學中心）的醫院，這段時間也算是累積一些經驗\n\n但又想到，若能順利8月當兵，4個月後12月開始無後顧之憂的工作，這樣是不是比較好呢？ 但是又會考慮到屆時我想要的更高層級醫院是否有缺額，若無的話我又會更無法存到錢\n\n而我也發現很多男生都11.12月才到職且還沒當兵，也有同事等到1月才去當兵，中間就浪費了很多時間，對於這段時間很多的不確定才有這方面的考量\n\n綜合以上，因為我不只是人生規劃的問題，還有經濟方面的考量，故想要詢問一下板上各位的意見，作為規劃人生的參考，麻煩🙏🙏","excerpt":"各位好 我是護理系的男生，我們家並不是很富裕，大部分是要自己賺錢養自己，因為今年應屆要畢業了，我不太確定兵單什麼時候會來，而醫院應該也不會用還沒當兵的男生，在等當兵到當完兵的這段時間我也沒有足夠的存款","anonymousSchool":false,"anonymousDepartment":true,"pinned":false,"forumId":"b22d2f5d-3c06-4d08-96b8-770eb38e8f96","replyId":null,"createdAt":"2020-01-22T10:18:09.429Z","updatedAt":"2020-01-22T10:18:09.429Z","commentCount":16,"likeCount":19,"tags":["HIDE_THUMBNAIL"],"topics":[],"supportedReactions":null,"withNickname":false,"reportReason":"","hiddenByAuthor":false,"meta":{"layout":"classic"},"forumName":"護理","forumAlias":"nursing","school":"輔英科技大學","replyTitle":null,"gender":"M","personaSubscriptable":false,"reactions":[{"id":"286f599c-f86a-4932-82f0-f5a06f1eca03","count":19}],"hidden":false,"customStyle":null,"isSuspiciousAccount":false,"layout":"classic","withImages":false,"withVideos":false,"media":[],"reportReasonText":"","mediaMeta":[],"postAvatar":""}