{"id":232649705,"title":"想來蓋個飛機樓","content":"最近假日常常跑機場(主要跑松山)\n下禮拜應該會衝期待很久的桃機觀景台\n順便朝聖之前沒去到的砲陣地\n\n從小就很喜歡飛機\n目前最愛ANA 787系列\n到今年才開始帶著相機趴趴走\n在構圖上我還是個超級菜鳥\n想來蓋個飛機樓找找靈感吧\n各路大神！來曬照吧～\n\n時間：2019.12.7&8\n相機：Sony RX10M4\nhttps://i.imgur.com/IeBo5vm.jpg\n民權大橋 ANA全日空 波音787-8 JA802A\n.\nhttps://i.imgur.com/NTXtJwk.jpg\n空軍一號咖啡廳 長榮航空 Airbus A330 B16337\n.\nhttps://i.imgur.com/bbLvzuT.jpg\n果菜市場 JAL日航 波音777 JA704J\n.\nhttps://i.imgur.com/ud9pWR7.jpg\n果菜市場 長榮航空 Airbus A321 B16211\n.\nhttps://i.imgur.com/OOBR4VL.jpg\n果菜市場 中華航空 Airbus A330 B18301\n.\nhttps://i.imgur.com/Ji2rEWH.jpg\n飛機巷 華信航空 ATR72-600 B16858\n\n是說今天在果菜看到立榮酷企鵝重起飛\n不知道板上有沒有人也有看到\n覺得真的超神奇的畫面\nhttps://i.imgur.com/SwjEi8P.jpg\n：安安妳好我來降落了\n....\nhttps://i.imgur.com/WYPhdq0.jpg\n：真的哦要降落了\n....\nhttps://i.imgur.com/BwbAX58.jpg\n：嗯？\n....\nhttps://i.imgur.com/tnCEy0R.jpg\n：我又飛走囉XDDD \n\n最後\n揮手作結\n一路順風\nhttps://i.imgur.com/iLALPhD.jpg","excerpt":"最近假日常常跑機場（主要跑松山），下禮拜應該會衝期待很久的桃機觀景台，順便朝聖之前沒去到的砲陣地，從小就很喜歡飛機，目前最愛ANA 787系列，到今年才開始帶著相機趴趴走，在構圖上我還是個超級菜鳥，想","anonymousSchool":false,"anonymousDepartment":true,"pinned":false,"forumId":"5e4df604-ce17-49d0-a7bf-621022e76fc0","replyId":null,"createdAt":"2019-12-08T15:39:28.819Z","updatedAt":"2019-12-08T15:57:46.984Z","commentCount":61,"likeCount":137,"tags":[],"topics":["飛機","航空","攝影新手"],"supportedReactions":null,"withNickname":false,"reportReason":"","hiddenByAuthor":false,"meta":{"layout":"classic"},"forumName":"航空","forumAlias":"aviation","school":"國立嘉義大學","replyTitle":null,"gender":"F","personaSubscriptable":false,"reactions":[{"id":"286f599c-f86a-4932-82f0-f5a06f1eca03","count":137}],"hidden":false,"customStyle":null,"isSuspiciousAccount":false,"layout":"classic","withImages":true,"withVideos":false,"media":[{"url":"https://i.imgur.com/IeBo5vm.jpg"},{"url":"https://i.imgur.com/NTXtJwk.jpg"},{"url":"https://i.imgur.com/bbLvzuT.jpg"},{"url":"https://i.imgur.com/ud9pWR7.jpg"},{"url":"https://i.imgur.com/OOBR4VL.jpg"},{"url":"https://i.imgur.com/Ji2rEWH.jpg"},{"url":"https://i.imgur.com/SwjEi8P.jpg"},{"url":"https://i.imgur.com/WYPhdq0.jpg"},{"url":"https://i.imgur.com/BwbAX58.jpg"},{"url":"https://i.imgur.com/tnCEy0R.jpg"},{"url":"https://i.imgur.com/iLALPhD.jpg"}],"reportReasonText":"","mediaMeta":[{"id":"bb76fe20-bc2b-40f6-9cbf-9a8a3572b0ab","url":"https://i.imgur.com/IeBo5vml.jpg","normalizedUrl":"https://i.imgur.com/IeBo5vml.jpg","thumbnail":"https://i.imgur.com/IeBo5vml.jpg","type":"image/thumbnail","tags":["ANNOTATED"],"createdAt":"2019-12-08T15:39:28.819Z","updatedAt":"2019-12-08T15:57:46.984Z"},{"id":"bb76fe20-bc2b-40f6-9cbf-9a8a3572b0ab","url":"https://i.imgur.com/IeBo5vm.jpg","normalizedUrl":"https://imgur.com/IeBo5vm","thumbnail":"https://i.imgur.com/IeBo5vml.jpg","type":"image/imgur","tags":["ANNOTATED"],"createdAt":"2019-12-08T15:39:28.819Z","updatedAt":"2019-12-08T15:57:46.984Z"},{"id":"6fcf187b-3840-418c-afd0-1dcbb147327d","url":"https://i.imgur.com/NTXtJwk.jpg","normalizedUrl":"https://imgur.com/NTXtJwk","thumbnail":"https://i.imgur.com/NTXtJwkl.jpg","type":"image/imgur","tags":["ANNOTATED"],"createdAt":"2019-12-08T15:39:28.819Z","updatedAt":"2019-12-08T15:57:46.984Z"},{"id":"e1b05732-728e-446f-b979-af46490ba439","url":"https://i.imgur.com/bbLvzuT.jpg","normalizedUrl":"https://imgur.com/bbLvzuT","thumbnail":"https://i.imgur.com/bbLvzuTl.jpg","type":"image/imgur","tags":["ANNOTATED"],"createdAt":"2019-12-08T15:39:28.819Z","updatedAt":"2019-12-08T15:57:46.984Z"},{"id":"2fe9b32a-3896-4127-a5f6-45ccdfc90cf6","url":"https://i.imgur.com/ud9pWR7.jpg","normalizedUrl":"https://imgur.com/ud9pWR7","thumbnail":"https://i.imgur.com/ud9pWR7l.jpg","type":"image/imgur","tags":["ANNOTATED"],"createdAt":"2019-12-08T15:39:28.819Z","updatedAt":"2019-12-08T15:57:46.984Z"},{"id":"955e3562-eb07-43c4-b695-15fd487db64b","url":"https://i.imgur.com/OOBR4VL.jpg","normalizedUrl":"https://imgur.com/OOBR4VL","thumbnail":"https://i.imgur.com/OOBR4VLl.jpg","type":"image/imgur","tags":["ANNOTATED"],"createdAt":"2019-12-08T15:39:28.819Z","updatedAt":"2019-12-08T15:57:46.984Z"},{"id":"770b6380-19ff-4bb3-9e73-6ea4ae83ec88","url":"https://i.imgur.com/Ji2rEWH.jpg","normalizedUrl":"https://imgur.com/Ji2rEWH","thumbnail":"https://i.imgur.com/Ji2rEWHl.jpg","type":"image/imgur","tags":["ANNOTATED"],"createdAt":"2019-12-08T15:39:28.819Z","updatedAt":"2019-12-08T15:57:46.984Z"},{"id":"d5b2a756-c107-49b5-b764-7db4d5ac53e7","url":"https://i.imgur.com/SwjEi8P.jpg","normalizedUrl":"https://imgur.com/SwjEi8P","thumbnail":"https://i.imgur.com/SwjEi8Pl.jpg","type":"image/imgur","tags":["ANNOTATED"],"createdAt":"2019-12-08T15:39:28.819Z","updatedAt":"2019-12-08T15:57:46.984Z"},{"id":"f966947e-04c0-44ca-8a76-f09055c184b1","url":"https://i.imgur.com/WYPhdq0.jpg","normalizedUrl":"https://imgur.com/WYPhdq0","thumbnail":"https://i.imgur.com/WYPhdq0l.jpg","type":"image/imgur","tags":["ANNOTATED"],"createdAt":"2019-12-08T15:39:28.819Z","updatedAt":"2019-12-08T15:57:46.984Z"},{"id":"70c3cf3f-c492-4123-917d-d207f03aaeb4","url":"https://i.imgur.com/BwbAX58.jpg","normalizedUrl":"https://imgur.com/BwbAX58","thumbnail":"https://i.imgur.com/BwbAX58l.jpg","type":"image/imgur","tags":["ANNOTATED"],"createdAt":"2019-12-08T15:39:28.819Z","updatedAt":"2019-12-08T15:57:46.984Z"},{"id":"2deb6821-19d8-4e08-abee-780492ab8cd2","url":"https://i.imgur.com/tnCEy0R.jpg","normalizedUrl":"https://imgur.com/tnCEy0R","thumbnail":"https://i.imgur.com/tnCEy0Rl.jpg","type":"image/imgur","tags":["ANNOTATED"],"createdAt":"2019-12-08T15:39:28.819Z","updatedAt":"2019-12-08T15:57:46.984Z"},{"id":"a865ea12-4ab5-4a17-9f63-3db3c8688b29","url":"https://i.imgur.com/iLALPhD.jpg","normalizedUrl":"https://imgur.com/iLALPhD","thumbnail":"https://i.imgur.com/iLALPhDl.jpg","type":"image/imgur","tags":["ANNOTATED"],"createdAt":"2019-12-08T15:39:28.819Z","updatedAt":"2019-12-08T15:57:46.984Z"}],"postAvatar":""}