{"id":232688956,"title":"#卡達 12/15面試","content":"大家好～～\n\n很開心參與這次的面試\n這是我第五次了\n考官看起來笑笑的但是依舊請我等晚上八點的通知～😭😭😭😭😭\n\n我是不是沒有希望了？\n還是我要在台北等到八點呢？\n工作在南部明早是早班好猶豫要不要留下來等待呀 每年的規則好像都不一樣\n\n有人拿到紙條嗎🙏🥺","excerpt":"大家好～～很開心參與這次的面試，這是我第五次了，考官看起來笑笑的但是依舊請我等晚上八點的通知～我是不是沒有希望了？還是我要在台北等到八點呢？工作在南部明早是早班好猶豫要不要留下來等待呀 每年的規則好像","anonymousSchool":false,"anonymousDepartment":true,"pinned":false,"forumId":"5e4df604-ce17-49d0-a7bf-621022e76fc0","replyId":null,"createdAt":"2019-12-15T04:41:55.031Z","updatedAt":"2019-12-15T04:41:55.031Z","commentCount":39,"likeCount":18,"tags":["HIDE_THUMBNAIL"],"topics":["面試","卡達","空服員"],"supportedReactions":null,"withNickname":false,"reportReason":"","hiddenByAuthor":false,"meta":{"layout":"classic"},"forumName":"航空","forumAlias":"aviation","school":"銘傳大學","replyTitle":null,"gender":"F","personaSubscriptable":null,"reactions":[{"id":"286f599c-f86a-4932-82f0-f5a06f1eca03","count":18}],"hidden":false,"customStyle":null,"isSuspiciousAccount":false,"layout":"classic","withImages":false,"withVideos":false,"media":[],"reportReasonText":"","mediaMeta":[],"postAvatar":""}