{"id":232650141,"title":"開飛機難嗎？","content":"看到有電影中，機長與副機長皆失能昏迷或死亡時，詢問乘客有沒有會開飛機的，有乘客因為玩飛機遊戲所以成功把飛機降落，這是有可能的嗎?\n\n我有玩開飛機的遊戲，目前未階是首席飛行員\n我目前只知道\n襟翼是可以減速﹑增加升力？\n機翼結霜時會降低升力要開啟防冰\n失速時機頭要向下\n假設右邊起落架放不下去，就把燃料都移到左邊，便釋放部份燃料\n如果飛機重量太重又必須落地可以放燃料\n起落架放下時會降低空速\n減速板伸長可以降低空速\n引擎起火就開啟滅火，但會失去那個引擎\n\n\n大概就這些，如果只知道這些，我能把飛機給降落嗎？還是有什麼可能會問題要解決的可以考我看看？","excerpt":"看到有電影中，機長與副機長皆失能昏迷或死亡時，詢問乘客有沒有會開飛機的，有乘客因為玩飛機遊戲所以成功把飛機降落，這是有可能的嗎？我有玩開飛機的遊戲，目前未階是首席飛行員，我目前只知道，襟翼是可以減速﹑","anonymousSchool":false,"anonymousDepartment":true,"pinned":false,"forumId":"5e4df604-ce17-49d0-a7bf-621022e76fc0","replyId":null,"createdAt":"2019-12-08T16:38:30.444Z","updatedAt":"2019-12-09T05:50:24.046Z","commentCount":32,"likeCount":17,"tags":[],"topics":["飛機"],"supportedReactions":null,"withNickname":false,"reportReason":"","hiddenByAuthor":false,"meta":{"layout":"classic"},"forumName":"航空","forumAlias":"aviation","school":"國立臺中科技大學","replyTitle":null,"gender":"M","personaSubscriptable":null,"reactions":[{"id":"286f599c-f86a-4932-82f0-f5a06f1eca03","count":17}],"hidden":false,"customStyle":null,"isSuspiciousAccount":false,"layout":"classic","withImages":false,"withVideos":false,"media":[],"reportReasonText":"","mediaMeta":[],"postAvatar":""}