{"id":232655707,"title":"BudgetAir訂票疑問","content":"BudgetAir訂票疑問\n(原文網址: https://www.dcard.tw/f/travel/p/232655195?ref=ios)\n\n想請教各位偉大的卡友們😓\n小弟我第一次使用skyscanner定機票\n這次要從高雄飛韓國\n網頁是連結到BudgetAir去做購票的動作\n因為購票後才去爬文發現似乎還是要從航空公司官網訂機票才比較省事不會造成後續有問題\n但因為已經訂票也付款完成\n想請問各位大大這樣算是有訂票成功嗎\n我有到易斯達航空跟德威航空的網站查詢定位確認\nhttps://i.imgur.com/yBp4VYi.jpg\nhttps://i.imgur.com/jkfOJEo.jpg\n麻煩各位前輩替小弟指點迷津\n感激不盡🙏🙏🙏🙏\n有在旅遊版發了想說有航空版也順便問一下😅","excerpt":"BudgetAir訂票疑問，（原文網址：想請教各位偉大的卡友們，小弟我第一次使用skyscanner定機票，這次要從高雄飛韓國，網頁是連結到BudgetAir去做購票的動作，因為購票後才去爬文發現似乎","anonymousSchool":false,"anonymousDepartment":true,"pinned":false,"forumId":"5e4df604-ce17-49d0-a7bf-621022e76fc0","replyId":null,"createdAt":"2019-12-09T15:26:40.916Z","updatedAt":"2019-12-09T15:26:40.916Z","commentCount":10,"likeCount":1,"tags":["HIDE_THUMBNAIL"],"topics":["訂票","航空","問題","旅遊"],"supportedReactions":null,"withNickname":false,"reportReason":"","hiddenByAuthor":false,"meta":{"layout":"classic"},"forumName":"航空","forumAlias":"aviation","school":"國立宜蘭大學","replyTitle":null,"gender":"M","personaSubscriptable":null,"reactions":[{"id":"286f599c-f86a-4932-82f0-f5a06f1eca03","count":1}],"hidden":false,"customStyle":null,"isSuspiciousAccount":false,"layout":"classic","withImages":true,"withVideos":false,"media":[],"reportReasonText":"","mediaMeta":[{"id":"ccdc8b26-8fb0-4b81-b15d-31b6d213fe20","url":"https://i.imgur.com/yBp4VYi.jpg","normalizedUrl":"https://imgur.com/yBp4VYi","thumbnail":"https://i.imgur.com/yBp4VYil.jpg","type":"image/imgur","tags":["ANNOTATED"],"createdAt":"2019-12-09T15:26:40.916Z","updatedAt":"2019-12-09T15:26:40.916Z"},{"id":"29079ae0-559c-4ae0-a53e-d5ba84170b33","url":"https://i.imgur.com/jkfOJEo.jpg","normalizedUrl":"https://imgur.com/jkfOJEo","thumbnail":"https://i.imgur.com/jkfOJEol.jpg","type":"image/imgur","tags":["ANNOTATED"],"createdAt":"2019-12-09T15:26:40.916Z","updatedAt":"2019-12-09T15:26:40.916Z"}],"postAvatar":""}