{"id":232641356,"title":"虎航地勤2019初試流程分享","content":"趁著記憶猶新來打篇分享文\n這次虎航地勤初試流程跟上次空服的流程差不多，\n流程：\n進入園區前會先要求出示初試通知書，然後集合一定人數後，虎航的人員會帶著你前往繳交資料的地方，虎航的姊姊在你排隊的時候告知你要把初試通知書放在最前面，再來依序是履歷表、畢業證書正本及英語檢定正本。另外身分證的部分請拿在手上，因為檢查的工作人員有四五個（有點忘記了），所以其實速度很快，建議大家在進入園區前可以都先準備好，不然會手忙腳亂的！\n確認完資料後，虎航的姊姊會幫你貼編號，我記得也有分ABC三組，然後前往二樓等候區等待，八個人之後由工作人員再帶你下樓前往另一棟的二樓面試。（這邊其實等待5-7分鐘而已，所以要整理一下服裝儀容的各位可能要趕快整理，因為接下來的一切都超快的！！）\n接下來就是由工作人員告知面試流程，第一位要負責開門帶位（沒錯！就是我@@，我虎航空服的時候也是第一位...），最後一位工作人員有告知說進去時工作人員會幫忙關門，面試結束出來後要麻煩最後一位關門，每個人進入後會有相對應的叉叉，就站在上面就好。（另外工作人員有提到複試結果會在一週內以郵件告知，有特別交代不要打電話詢問！！）接下來就是抽題目，給一分鐘的時間閱讀，我覺得虎航的哥哥姊姊人都很好，進入考場前還會再交代一次，也告訴我們不要緊張！\n進入後其實主考官人都很好，跟主考官打招呼後走到定位，主考官會說歡迎詞，然後還笑笑的叫我們不要緊張，放鬆會講的比較好哦～（真是天使啊～）八位都結束後，考官會感謝大家來參加，然後就鞠躬謝謝考官，出門後把編號撕下來，短文題目還給工作人員，就結束了～整個流程從報到檢查文件到面試下來應該不到30分鐘，我有看到有人考完立刻衝去換衣服趕場華信的考試！\n因為我是第一位，所以由我先開始，我在唸的是時候可能被雷打到，居然忘記唸我的題目編號...等我想到已經唸完了哈哈哈，不過可能因為上次有參加過虎航空服的初試，所以流程比較熟悉，比起上次穩定許多（上次邊唸邊發抖）但因為我的題目蠻多比較長的字，碰到不會唸的我就順順的唸過去，之後就是保持微笑跟姿勢看著主考官以及聽其他人唸，因為也默默在觀察考官，有發現到如果卡卡的話考官會抬頭稍微看一下，有人在唸的時候考官也會默默注意其他人，所以記得微笑不要忘記了～\n以上，分享給接下來要考試的大家，也祝大家都能順利的成為航空的一份子！\nP.s開始準備瘋狂刷信箱的日子了！哈哈哈","excerpt":"趁著記憶猶新來打篇分享文，這次虎航地勤初試流程跟上次空服的流程差不多，流程：進入園區前會先要求出示初試通知書，然後集合一定人數後，虎航的人員會帶著你前往繳交資料的地方，虎航的姊姊在你排隊的時候告知你要","anonymousSchool":false,"anonymousDepartment":true,"pinned":false,"forumId":"5e4df604-ce17-49d0-a7bf-621022e76fc0","replyId":null,"createdAt":"2019-12-07T06:28:15.091Z","updatedAt":"2019-12-07T06:28:15.091Z","commentCount":127,"likeCount":77,"tags":["HIDE_THUMBNAIL"],"topics":["虎航","地勤","流程","面試"],"supportedReactions":null,"withNickname":false,"reportReason":"","hiddenByAuthor":false,"meta":{"layout":"classic"},"forumName":"航空","forumAlias":"aviation","school":"國立高雄大學","replyTitle":null,"gender":"F","personaSubscriptable":false,"reactions":[{"id":"286f599c-f86a-4932-82f0-f5a06f1eca03","count":77}],"hidden":false,"customStyle":null,"isSuspiciousAccount":false,"layout":"classic","withImages":false,"withVideos":false,"media":[],"reportReasonText":"","mediaMeta":[],"postAvatar":""}