{"id":232663243,"title":"#發問 新航線上履歷刪除","content":"今年有申請過2019年3月的新航招募，而這場招募是有DI及上傳履歷，在DI被刷掉了。\n最近開了一個新的新航招募截止日在2020/02/16，剛剛開進去看發現是不用上傳履歷的，但是因為我報考過3月那場履歷一直在網頁上，我也找不到方法刪除也會自動帶入新的申請我覺得蠻奇怪的。\n想請問有沒有人也有這樣的問題？該如何解決？\nhttps://i.imgur.com/MXpExyo.jpg","excerpt":"今年有申請過2019年3月的新航招募，而這場招募是有DI及上傳履歷，在DI被刷掉了。最近開了一個新的新航招募截止日在2020/02/16，剛剛開進去看發現是不用上傳履歷的，但是因為我報考過3月那場履歷","anonymousSchool":false,"anonymousDepartment":true,"pinned":false,"forumId":"5e4df604-ce17-49d0-a7bf-621022e76fc0","replyId":null,"createdAt":"2019-12-10T17:56:08.454Z","updatedAt":"2019-12-10T17:56:08.454Z","commentCount":23,"likeCount":13,"tags":[],"topics":["履歷","航空","空服員","航空業","空服員面試"],"supportedReactions":null,"withNickname":false,"reportReason":"","hiddenByAuthor":false,"meta":{"layout":"classic"},"forumName":"航空","forumAlias":"aviation","school":"高雄醫學大學","replyTitle":null,"gender":"F","personaSubscriptable":false,"reactions":[{"id":"286f599c-f86a-4932-82f0-f5a06f1eca03","count":13}],"hidden":false,"customStyle":null,"isSuspiciousAccount":false,"layout":"classic","withImages":true,"withVideos":false,"media":[{"url":"https://i.imgur.com/MXpExyo.jpg"}],"reportReasonText":"","mediaMeta":[{"id":"991e6dfc-9a98-4be7-9c35-3ec556a4b69b","url":"https://i.imgur.com/MXpExyol.jpg","normalizedUrl":"https://i.imgur.com/MXpExyol.jpg","thumbnail":"https://i.imgur.com/MXpExyol.jpg","type":"image/thumbnail","tags":["ANNOTATED"],"createdAt":"2019-12-10T17:56:08.454Z","updatedAt":"2019-12-10T17:56:08.454Z"},{"id":"991e6dfc-9a98-4be7-9c35-3ec556a4b69b","url":"https://i.imgur.com/MXpExyo.jpg","normalizedUrl":"https://imgur.com/MXpExyo","thumbnail":"https://i.imgur.com/MXpExyol.jpg","type":"image/imgur","tags":["ANNOTATED"],"createdAt":"2019-12-10T17:56:08.454Z","updatedAt":"2019-12-10T17:56:08.454Z"}],"postAvatar":""}