{"id":232671777,"title":"遠東航空確認暫停營運（更新）","content":"12/13更新11:30\n實在看不懂董座出來說\n所有員工留任沒有資遣問題\n一切都是資金缺口問題\n等籌措會申請復航？？？？？？\n誰還會對這家公司有信心啊啊啊啊啊啊\n說昨天的資遣公告是其他高層主管危機處理失當\n哈囉？？\n—————————————————————\n退票作業\n\nhttps://docs.google.com/forms/d/e/1FAIpQLSf-ecpzwY3MW75ax_5Tf8BNZ9GqWKOE1BeuTrO_Uys9pqA3aw/viewform\nhttps://i.imgur.com/8vCwysa.jpg\nhttps://i.imgur.com/FvJ97Ag.jpg\n請大家務必善待第一線同仁\n—————————————————————\n\n遠東航空公告\n致各位同仁:\n本公司因長期營運虧損,資金籌措困難,經公司通知,將於2019年12月13日起停止一切飛航營運。為保障同仁權益,本公告視同資遣通知,同仁的最後在職日為2019年12月13日(協助善後人員除外)。人事單位將印發服務證明及退保文件,以利同仁申請失業給付,各單位善後人員將協助辦理終止營運相關作業。\n珍重再見 祝福您\nhttps://i.imgur.com/bDDf05b.jpg\n（圖片取自ptt 航空版）\n\n內部公告了\n遠航哥姐們加油\n—————————————————————\n\n1、遠航員工辛苦了，長榮履歷登錄2019/12/31截止，新加坡航空履歷登錄2020/2/16截止，明年還有星宇航空。加油！餐飲業龍頭鼎泰豐🥟台灣區擴店中，歡迎加入！\n\n2、2020/1/11買遠東航空票的趕快買別家航空。回家投票❗️❗️❗️❗️❗️❗️","excerpt":"12/13更新11：30，實在看不懂董座出來說，所有員工留任沒有資遣問題，一切都是資金缺口問題，等籌措會申請復航？？？？？？誰還會對這家公司有信心啊啊啊啊啊啊，說昨天的資遣公告是其他高層主管危機處理失","anonymousSchool":false,"anonymousDepartment":false,"pinned":false,"forumId":"5e4df604-ce17-49d0-a7bf-621022e76fc0","replyId":null,"createdAt":"2019-12-12T06:24:39.009Z","updatedAt":"2019-12-13T03:33:11.674Z","commentCount":626,"likeCount":5403,"tags":[],"topics":["遠東航空","航空"],"supportedReactions":null,"withNickname":true,"reportReason":"","hiddenByAuthor":false,"meta":{"layout":"classic"},"forumName":"航空","forumAlias":"aviation","school":"匿名","department":"hahahahahahaha1","replyTitle":null,"gender":"M","personaSubscriptable":false,"reactions":[{"id":"286f599c-f86a-4932-82f0-f5a06f1eca03","count":5147},{"id":"514c2569-fd53-4d9d-a415-bf0f88e7329f","count":148},{"id":"4b018f48-e184-445f-adf1-fc8e04ba09b9","count":90},{"id":"e8e6bc5d-41b0-4129-b134-97507523d7ff","count":12},{"id":"aa0d425f-d530-4478-9a77-fe3aedc79eea","count":4},{"id":"011ead16-9b83-4729-9fde-c588920c6c2d","count":2}],"hidden":false,"customStyle":null,"isSuspiciousAccount":false,"layout":"classic","withImages":true,"withVideos":false,"media":[{"url":"https://i.imgur.com/8vCwysa.jpg"},{"url":"https://i.imgur.com/FvJ97Ag.jpg"},{"url":"https://i.imgur.com/bDDf05b.jpg"}],"reportReasonText":"","mediaMeta":[{"id":"32028cee-a896-4265-94e8-3d91180b9121","url":"https://i.imgur.com/8vCwysal.jpg","normalizedUrl":"https://i.imgur.com/8vCwysal.jpg","thumbnail":"https://i.imgur.com/8vCwysal.jpg","type":"image/thumbnail","tags":["ANNOTATED"],"createdAt":"2019-12-12T10:14:37.494Z","updatedAt":"2019-12-13T03:33:11.674Z"},{"id":"32028cee-a896-4265-94e8-3d91180b9121","url":"https://i.imgur.com/8vCwysa.jpg","normalizedUrl":"https://imgur.com/8vCwysa","thumbnail":"https://i.imgur.com/8vCwysal.jpg","type":"image/imgur","tags":["ANNOTATED"],"createdAt":"2019-12-12T10:14:37.494Z","updatedAt":"2019-12-13T03:33:11.674Z"},{"id":"416cf803-17b0-4a33-938c-42b4c148f1b6","url":"https://i.imgur.com/FvJ97Ag.jpg","normalizedUrl":"https://imgur.com/FvJ97Ag","thumbnail":"https://i.imgur.com/FvJ97Agl.jpg","type":"image/imgur","tags":["ANNOTATED"],"createdAt":"2019-12-12T11:16:32.222Z","updatedAt":"2019-12-13T03:33:11.674Z"},{"id":"17489884-b7e7-4e64-ac07-8faabebd43f2","url":"https://i.imgur.com/bDDf05b.jpg","normalizedUrl":"https://imgur.com/bDDf05b","thumbnail":"https://i.imgur.com/bDDf05bl.jpg","type":"image/imgur","tags":["ANNOTATED"],"createdAt":"2019-12-12T06:38:58.088Z","updatedAt":"2019-12-13T03:33:11.674Z"}],"postAvatar":""}