{"id":232691600,"title":"如果未來要走航空 大學選什麼科系很重要嗎","content":"我現在是大一的讀南應旅館 因為高中就一直走餐旅\n所以不排斥旅館 但也沒有喜歡 \n但其實一直有一個夢想能在桃園機場工作\n對地勤 空少蠻有興趣的 媽媽也很支持我\n只是我現在不知道要怎麼繼續讀下去\n原本想說要轉學轉系 但又不知道航空的哪間學校好\n高餐也考不上 才來南應旅館的 \n也很怕自己的選擇是錯的\n我是想問走航空會很看大學學歷還是大學科系嗎\n然後我們南應是大一~三在學校讀書\n大四一整年都在旅館實習 \n老師說如果做的好就會繼續在原本實習的飯店繼續工作\n我是怕我這樣之後再走航空會不會很累\n會不會不如別人 還是資訊跟航空技術比別人差\n因為我現在聽到的都是走應外跟航空的\n這個問題困擾了我很久 已經快半年\n希望有人能出來給我指點一下 讓我知道個方向\n謝謝各位ಥ_ಥ","excerpt":"我現在是大一的讀南應旅館 因為高中就一直走餐旅，所以不排斥旅館 但也沒有喜歡，但其實一直有一個夢想能在桃園機場工作，對地勤 空少蠻有興趣的 媽媽也很支持我，只是我現在不知道要怎麼繼續讀下去，原本想說要","anonymousSchool":false,"anonymousDepartment":false,"pinned":false,"forumId":"5e4df604-ce17-49d0-a7bf-621022e76fc0","replyId":null,"createdAt":"2019-12-15T13:57:42.022Z","updatedAt":"2019-12-15T13:57:42.022Z","commentCount":16,"likeCount":23,"tags":[],"topics":["航空","未來","科系"],"supportedReactions":null,"withNickname":false,"reportReason":"","hiddenByAuthor":false,"meta":{"layout":"classic"},"forumName":"航空","forumAlias":"aviation","school":"台南應用科技大學","department":"旅館管理系","replyTitle":null,"gender":"M","personaSubscriptable":null,"reactions":[{"id":"286f599c-f86a-4932-82f0-f5a06f1eca03","count":23}],"hidden":false,"customStyle":null,"isSuspiciousAccount":false,"layout":"classic","withImages":false,"withVideos":false,"media":[],"reportReasonText":"","mediaMeta":[],"postAvatar":""}