{"id":232679246,"title":"#分享#飛機餐#星宇航空","content":"我們要做到的是，顧客的旅遊體驗始於啟程步入飛機，終於顧客回程步出飛機，要把搭飛機成為旅遊體驗的一部分—翟健華 執行長\n\nhttps://i.imgur.com/7i5OOiR.jpg\n\n一年前才剛創立的航空公司，今日就帶著稱霸一方的野心即將殺入航空市場，而號稱重金打造的機上餐有請到米其林一星Longtail（商務艙）、胡同燒肉、復興空廚，三家來負責，在訂票時同時就能選擇餐點。這裡提供今日供應餐點的照片！\n\nhttps://i.imgur.com/WeWs0uA.jpg\n胡同燒肉（沒吃到\n\nhttps://i.imgur.com/lJDazQO.jpg\nLongtail: 肉派&越南米線&椰子奶酪&南洋風情調酒\n\n肉派的麵包可能拿出來有點久所以偏乾但肉派的調理很剛好，重點是放到麵包上不會鬆散掉下來；米線內有紫蘇葉、九層塔葉還有很多香料下去調味，不會太酸、洽到好處的調味讓人食指大動，米線中的豬肉也是炙燒過的，非常香😋，搭配上南洋風情調酒這道料理非常完美；奶酪的椰子味相當濃，口感也是比市面上奶酪好吃。\n\nhttps://i.imgur.com/lydmfoo.jpg\n\n蜷尾家冰淇淋：不得不說在飛機上吃哈@@斯真的還好，能有台灣味的冰淇淋在飛機上提供大家享用，乘客是幸福的。這次的是鐵觀音茶加上苦甜巧克力碎片，在每一口冰淇淋中你能吃到鐵觀音的茶香，咀嚼時能有苦甜巧克力碎片的口感，最後的吃完冰淇淋回甘，蜷尾家的冰淇淋蛋糕並沒有像哈@@斯的一樣甜，所以並不會膩！冰淇淋絕對會是各位上飛機驚艷的一環！\np.s2020第二季會有隱藏口味登上星宇\n\nhttps://i.imgur.com/aq8E16E.jpg\n\n咖啡：拿鐵跟美式應該是我喝過飛機上最好喝的咖啡了，好喝程度也超過便利商店，個人覺得超越另一個星牌！\n\n機上的飲食是我每次搭乘飛機都很期待的，星宇航空的確讓我開了眼界，期待正式上線首航！\nhttps://i.imgur.com/YKDRa6N.jpg","excerpt":"我們要做到的是，顧客的旅遊體驗始於啟程步入飛機，終於顧客回程步出飛機，要把搭飛機成為旅遊體驗的一部分—翟健華 執行長，一年前才剛創立的航空公司，今日就帶著稱霸一方的野心即將殺入航空市場，而號稱重金打造","anonymousSchool":false,"anonymousDepartment":true,"pinned":false,"forumId":"5e4df604-ce17-49d0-a7bf-621022e76fc0","replyId":null,"createdAt":"2019-12-13T09:41:04.165Z","updatedAt":"2019-12-13T09:41:04.165Z","commentCount":36,"likeCount":1177,"tags":[],"topics":["星宇航空","飛機餐"],"supportedReactions":null,"withNickname":false,"reportReason":"","hiddenByAuthor":false,"meta":{"layout":"classic"},"forumName":"航空","forumAlias":"aviation","school":"世新大學","replyTitle":null,"gender":"M","personaSubscriptable":false,"reactions":[{"id":"286f599c-f86a-4932-82f0-f5a06f1eca03","count":1172},{"id":"4b018f48-e184-445f-adf1-fc8e04ba09b9","count":3},{"id":"e8e6bc5d-41b0-4129-b134-97507523d7ff","count":2}],"hidden":false,"customStyle":null,"isSuspiciousAccount":false,"layout":"classic","withImages":true,"withVideos":false,"media":[{"url":"https://i.imgur.com/7i5OOiR.jpg"},{"url":"https://i.imgur.com/WeWs0uA.jpg"},{"url":"https://i.imgur.com/lJDazQO.jpg"},{"url":"https://i.imgur.com/lydmfoo.jpg"},{"url":"https://i.imgur.com/aq8E16E.jpg"},{"url":"https://i.imgur.com/YKDRa6N.jpg"}],"reportReasonText":"","mediaMeta":[{"id":"0ab09e3b-1671-43b6-a1ef-543741382f3d","url":"https://i.imgur.com/7i5OOiRl.jpg","normalizedUrl":"https://i.imgur.com/7i5OOiRl.jpg","thumbnail":"https://i.imgur.com/7i5OOiRl.jpg","type":"image/thumbnail","tags":["ANNOTATED"],"createdAt":"2019-12-13T09:41:04.165Z","updatedAt":"2019-12-13T09:41:04.165Z"},{"id":"0ab09e3b-1671-43b6-a1ef-543741382f3d","url":"https://i.imgur.com/7i5OOiR.jpg","normalizedUrl":"https://imgur.com/7i5OOiR","thumbnail":"https://i.imgur.com/7i5OOiRl.jpg","type":"image/imgur","tags":["ANNOTATED"],"createdAt":"2019-12-13T09:41:04.165Z","updatedAt":"2019-12-13T09:41:04.165Z"},{"id":"451a71eb-a3a6-49bb-8521-1d6bb7818aad","url":"https://i.imgur.com/WeWs0uA.jpg","normalizedUrl":"https://imgur.com/WeWs0uA","thumbnail":"https://i.imgur.com/WeWs0uAl.jpg","type":"image/imgur","tags":["ANNOTATED"],"createdAt":"2019-12-13T09:41:04.165Z","updatedAt":"2019-12-13T09:41:04.165Z"},{"id":"9739768d-a7c6-46a3-aea4-af2fbcfe0c60","url":"https://i.imgur.com/lJDazQO.jpg","normalizedUrl":"https://imgur.com/lJDazQO","thumbnail":"https://i.imgur.com/lJDazQOl.jpg","type":"image/imgur","tags":["ANNOTATED"],"createdAt":"2019-12-13T09:41:04.165Z","updatedAt":"2019-12-13T09:41:04.165Z"},{"id":"a2c804e9-eedd-4c9e-b2d6-69da3232dca6","url":"https://i.imgur.com/lydmfoo.jpg","normalizedUrl":"https://imgur.com/lydmfoo","thumbnail":"https://i.imgur.com/lydmfool.jpg","type":"image/imgur","tags":["ANNOTATED"],"createdAt":"2019-12-13T09:41:04.165Z","updatedAt":"2019-12-13T09:41:04.165Z"},{"id":"2f1c63e1-5be3-4d64-822a-51ef931dda20","url":"https://i.imgur.com/aq8E16E.jpg","normalizedUrl":"https://imgur.com/aq8E16E","thumbnail":"https://i.imgur.com/aq8E16El.jpg","type":"image/imgur","tags":["ANNOTATED"],"createdAt":"2019-12-13T09:41:04.165Z","updatedAt":"2019-12-13T09:41:04.165Z"},{"id":"1f488874-e548-4ae6-a67e-1ef20501ec6e","url":"https://i.imgur.com/YKDRa6N.jpg","normalizedUrl":"https://imgur.com/YKDRa6N","thumbnail":"https://i.imgur.com/YKDRa6Nl.jpg","type":"image/imgur","tags":["ANNOTATED"],"createdAt":"2019-12-13T09:41:04.165Z","updatedAt":"2019-12-13T09:41:04.165Z"}],"postAvatar":""}