{"id":232641031,"title":"#機師 加拿大ATPL筆試/執照","content":"今天剛寫完加拿大ATPL筆試，來聊聊航空筆試，跟ATPL執照可以幹嘛吧!\n\n先說一下飛機好了，在加拿大飛機分兩種，要兩個機師(以上)或一個機師的機型，比方說那些波音空巴的噴射機，Dash 8都是要兩個人才能飛的 (2 crew aircraft)\n有些小一點的飛機比方說B1900, King Air 100/200/350之類的，其實法規上一個機師就合法了 (還是有例外)，不過通常這種商用飛行都還是派兩個人飛。\n要飛那些兩人才能飛的，單單只有CPL是不夠的，起碼要CPL+IATRA 或CPL+ATPL筆試，或ATPL\n\n加拿大ATPL要求:\n-總飛時1500小時\n-有一堆哩哩摳摳的時數要求，比較麻煩的是250 機長時數 (PIC)，25 夜間越野機長時數 (Night PIC XC)\n-三個筆試SARON SAMRA INRAT(IFR的筆試) 都要70分以上\n-申請前12個月要用飛機考過一次Group 1 IFR考試 (或Pilot Proficient Check, PPC)\n\n雖說ATPL要1500小時，不過750小時就可以考筆試，筆試考過了就可以飛2 crew aircraft了!\n那如果不到750又想飛2 crew aircraft呢? 那就寫IATRA，全名叫Aeroplane Type Rating for Two Crew or Cruise Relief Pilot\nIATRA基本上就是簡單版的ATPL，寫過了就可以去飛2 crew aircraft\n\n有了ATPL可以幹嘛呢? \n加拿大商用飛行分702/703/704/705，這是照Canadian Aviation Regulations (CARs)第七章分出來的。\n簡單來說，702就是一些特殊的Aerial Work，像我的空拍或灑灑農藥或Pipeline inspection都是。\n703/704/705大致上是照飛機的座位數分的，9人以下是703 (Air Taxi)，10-19人是704 (Commuter)，20人以上是705 (Airlines Operations)\n要在705當機長的話必須要有ATPL，副機師的話其實只需要CPL+IATRA。不過應該沒人想一輩子當副機師，所以遲早都得考ATPL。\n加拿大沒有美國1500小時才能飛Airlines的規定，我也不知道是好還是不好，1500小時就有噴射機飛聽起來其實蠻棒的\n\n筆試嘛...加拿大不像美國是有題庫的，從PPL一路到ATPL都沒有題庫，你不念書就考不過這麼簡單。\n加拿大最北七的是，那個筆試Study Guide有寫跟沒寫一樣，ATPL的Study guide 基本上可以濃縮成一個字: Everything\n但是...有考試就有補習班，INRAT/SARON/SAMRA我都有去上Aerocourse的課，貴爆，可是基本上有認真聽的話保證過。\nAerocourse會請業界機師來上課，像這次教的一個是加航快退休的機長，另一個是Sunwing飛737的機長，可以聽到蠻多好玩的故事。\n\n有些人問我為什麼不回台灣，我都說回台灣就來不了加拿大了。\n台灣的ATPL換不了加拿大ATPL，拿著時數去申請那個不叫換喔。\n250小時就回台灣的話，要去哪生出ATPL需要的那250PIC，沒有加拿大ATPL，回來領低薪做副機師應該不太可能啦。\n加拿大機師們的起薪是很低的，就算進了加航也一樣，希望Pilot shortage可以改變一下這件事。\n不過我現在好像已經有PIC requirement了齁...還是不要\n\n好啦，考完這輩子民航局最後兩個筆試，接下來看看哪間704要收我吧!\n人生民航局筆試都90分以上成就達成!\nhttp://i.imgur.com/W7ER1j4.jpg","excerpt":"今天剛寫完加拿大ATPL筆試，來聊聊航空筆試，跟ATPL執照可以幹嘛吧！，先說一下飛機好了，在加拿大飛機分兩種，要兩個機師（以上）或一個機師的機型，比方說那些波音空巴的噴射機，Dash 8都是要兩個人","anonymousSchool":false,"anonymousDepartment":false,"pinned":false,"forumId":"5e4df604-ce17-49d0-a7bf-621022e76fc0","replyId":null,"createdAt":"2019-12-07T05:14:48.714Z","updatedAt":"2019-12-07T05:14:48.714Z","commentCount":8,"likeCount":27,"tags":[],"topics":["機師","加拿大","航空"],"supportedReactions":null,"withNickname":true,"reportReason":"","hiddenByAuthor":false,"meta":{"layout":"classic"},"forumName":"航空","forumAlias":"aviation","school":"Andy","department":"kaoandy1125","replyTitle":null,"gender":"M","personaSubscriptable":false,"reactions":[{"id":"286f599c-f86a-4932-82f0-f5a06f1eca03","count":27}],"hidden":false,"customStyle":null,"isSuspiciousAccount":false,"layout":"classic","withImages":true,"withVideos":false,"media":[{"url":"http://i.imgur.com/W7ER1j4.jpg"}],"reportReasonText":"","mediaMeta":[{"id":"4c793954-ffc7-4aad-a420-fe6b1d494105","url":"https://i.imgur.com/W7ER1j4l.jpg","normalizedUrl":"https://i.imgur.com/W7ER1j4l.jpg","thumbnail":"https://i.imgur.com/W7ER1j4l.jpg","type":"image/thumbnail","tags":["ANNOTATED"],"createdAt":"2019-12-07T05:14:48.714Z","updatedAt":"2019-12-07T05:14:48.714Z"},{"id":"4c793954-ffc7-4aad-a420-fe6b1d494105","url":"http://i.imgur.com/W7ER1j4.jpg","normalizedUrl":"https://imgur.com/W7ER1j4","thumbnail":"https://i.imgur.com/W7ER1j4l.jpg","type":"image/imgur","tags":["ANNOTATED"],"createdAt":"2019-12-07T05:14:48.714Z","updatedAt":"2019-12-07T05:14:48.714Z"}],"postAvatar":""}