{"id":232673086,"title":"遠東航空退票..","content":"今天12/12遠東航空無預警宣布消息\n相信大家有訂票的都措手不及\n不論哪條航線大家都很著\n櫃檯擠滿了退票人潮\n不過不要把情緒帶給幫你處理的地勤\n他們可是即將失業的人\n連這個月的薪水都不知道領不領的到\n將心比心","excerpt":"今天12/12遠東航空無預警宣布消息，相信大家有訂票的都措手不及，不論哪條航線大家都很著，櫃檯擠滿了退票人潮，不過不要把情緒帶給幫你處理的地勤，他們可是即將失業的人，連這個月的薪水都不知道領不領的到，","anonymousSchool":false,"anonymousDepartment":true,"pinned":false,"forumId":"5e4df604-ce17-49d0-a7bf-621022e76fc0","replyId":null,"createdAt":"2019-12-12T10:23:45.578Z","updatedAt":"2019-12-12T10:23:45.578Z","commentCount":9,"likeCount":147,"tags":["HIDE_THUMBNAIL"],"topics":["航空"],"supportedReactions":null,"withNickname":false,"reportReason":"","hiddenByAuthor":false,"meta":{"layout":"classic"},"forumName":"航空","forumAlias":"aviation","school":"國立金門大學","replyTitle":null,"gender":"M","personaSubscriptable":null,"reactions":[{"id":"286f599c-f86a-4932-82f0-f5a06f1eca03","count":147}],"hidden":false,"customStyle":null,"isSuspiciousAccount":false,"layout":"classic","withImages":false,"withVideos":false,"media":[],"reportReasonText":"","mediaMeta":[],"postAvatar":""}