{"id":232687904,"title":"海關有過紀錄","content":"大家好！\n我是一個在出國方面沒甚麼經驗的人，\n前陣子有幸前往韓國觀光，\n然而回國前因為迷糊，\n不小心把超過規定容量一點點的食物戴在手提行李上，\n結果被韓國海關查收了...\n（我當下真的很氣自己怎麼沒有注意到...\n    也決定以後一定要更加小心！）\n本來以為被查收之後不會有什麼後遺症，\n結果回臺灣時卻被海關特別叫到一旁，\n所有行李被特別放到x光檢查儀上檢查，\n之後和家人聊到這件事，\n我的舅舅提醒我說之後出國要小心，\n因為我這樣算是留有記錄了，\n之後可能就是被海關檢查的高風險群，\n這讓我感到擔心所以特別上網查了相關資訊，\n不過卻找不太到有關的內容，\n所以想在這裡請教知道的大神們，\n如果食物超過容量被查收，\n會留下紀錄嗎？\n之後出國容易被盯上嗎？\n\n還有就是因為之後有可能去美國，\n然後聽說美國海關十分嚴格，\n所以也很擔心會不會因為這樣的紀錄而被刁難呢？\n\n真的很謝謝各位的回答！","excerpt":"大家好！，我是一個在出國方面沒甚麼經驗的人，前陣子有幸前往韓國觀光，然而回國前因為迷糊，不小心把超過規定容量一點點的食物戴在手提行李上，結果被韓國海關查收了...，（我當下真的很氣自己怎麼沒有注意到.","anonymousSchool":false,"anonymousDepartment":false,"pinned":false,"forumId":"5e4df604-ce17-49d0-a7bf-621022e76fc0","replyId":null,"createdAt":"2019-12-14T19:10:56.810Z","updatedAt":"2019-12-14T19:10:56.810Z","commentCount":5,"likeCount":7,"tags":[],"topics":["海關","詢問","航空","入關","問題"],"supportedReactions":null,"withNickname":true,"reportReason":"","hiddenByAuthor":false,"meta":{"layout":"classic"},"forumName":"航空","forumAlias":"aviation","school":"曉","department":"yuokiou","replyTitle":null,"gender":"F","personaSubscriptable":false,"reactions":[{"id":"286f599c-f86a-4932-82f0-f5a06f1eca03","count":7}],"hidden":false,"customStyle":null,"isSuspiciousAccount":false,"layout":"classic","withImages":false,"withVideos":false,"media":[],"reportReasonText":"","mediaMeta":[],"postAvatar":""}