{"id":232684679,"title":"問）準備地勤經驗分享","content":"小弟今年6月剛畢業\n一直懷著地勤夢\n近期瘋狂google爬文\n一直以來\n很想進到航空業發展\n可惜自己英文能力不足（慘的那種\n想找補習班來學好英文\n增加聽說讀寫能力\n\n大概給自己的預設準備期為一年～一年半\n好好閉關自己 \n\n\n想知道有沒有人跟我一樣\n或者曾經跟我一樣然後現在順利考上\n我想聽聽你們的分享建議以及寶貴經驗\n🙏謝謝你們","excerpt":"小弟今年6月剛畢業，一直懷著地勤夢，近期瘋狂google爬文，一直以來，很想進到航空業發展，可惜自己英文能力不足（慘的那種，想找補習班來學好英文，增加聽說讀寫能力，大概給自己的預設準備期為一年～一年半","anonymousSchool":false,"anonymousDepartment":false,"pinned":false,"forumId":"5e4df604-ce17-49d0-a7bf-621022e76fc0","replyId":null,"createdAt":"2019-12-14T09:25:40.756Z","updatedAt":"2019-12-14T09:25:40.756Z","commentCount":16,"likeCount":27,"tags":["HIDE_THUMBNAIL"],"topics":["地勤","經驗","面試","詢問"],"supportedReactions":null,"withNickname":true,"reportReason":"","hiddenByAuthor":false,"meta":{"layout":"classic"},"forumName":"航空","forumAlias":"aviation","school":"Smile","department":"yeeyeeyee1111","replyTitle":null,"gender":"M","personaSubscriptable":false,"reactions":[{"id":"286f599c-f86a-4932-82f0-f5a06f1eca03","count":27}],"hidden":false,"customStyle":null,"isSuspiciousAccount":false,"layout":"classic","withImages":false,"withVideos":false,"media":[],"reportReasonText":"","mediaMeta":[],"postAvatar":""}