{"id":232652592,"title":"【航空考情站】2019樂桃航空空服員招募&面試流程","content":"2019樂桃航空空服員招募&面試流程\n✈樂桃招募流程：線上報名→筆試、面試、身體檢查→受訓2個月(雇用型態為約聘簽約社員)→正社員(訓練合格成為正式空服員)\n✈報名時間：2019年12月5日至 2020 年 1 月 7 日 12:00 \n✈招募條件資格\n◎ 學歷與經驗條件：高中畢業需有3年以上工作經驗\n◎ 語言：日文商用程度的聽說讀寫能力、TOEIC600分或GTEC-LR260分以上的同等英文能力。\n◎ 視力：肉眼或雙眼接觸矯正視力在1.0以上的人\n◎健康狀況：航空機乗務に際し、必要な体力を有し、呼吸器・循環器・耳鼻咽喉・眼球・腰椎等沒有問題的人\n◎通勤：一個小時內到達公司指定辦公室的地方等待的人\n◎其他：簽證（簽證），可讓您停留在我們公司指定的培訓地點和工作地點（包括海外）\n◎ 招募人數：包含台灣人在內，預計招募人數為 100 名，預計於 2020 年 6 月後入職\n◎ 應考方法\n<第1階段：初試和筆試>\n2020年1月26日（星期日）-27日（星期一）/沖繩\n2020年2月1日（星期六）-3（星期一）/大阪\n2020年2月8日（星期六）-10（星期一）/東京\n<第2階段：面試/身體檢查>\n2020年2月22日（星期六）-24（星期一/節假日）/大阪\n\n✈樂桃空服員薪資、福利、休假計算\n[實習生]受訓2個月\n・與新員工一小時1,000日元〜（包括選擇DC時的30日元）\n[乘務員]訓練合格成為正式空服員\n・與新員工合作，每小時1100日元起（選擇DC時為30日元）\n・不上班的待命工作1,000日元/小時\n此外，還有額外的津貼\n・乘員時間津貼\n・加班，深夜工作費\n・在規定的範圍內支付交通津貼\n休假：根據日本法律要求授予帶薪年假、假期受工作規則和上班率的限制​​​​​​","excerpt":"2019樂桃航空空服員招募&面試流程，樂桃招募流程：線上報名→筆試、面試、身體檢查→受訓2個月（雇用型態為約聘簽約社員）→正社員（訓練合格成為正式空服員），報名時間：2019年12月5日至 2020 ","anonymousSchool":false,"anonymousDepartment":false,"pinned":false,"forumId":"5e4df604-ce17-49d0-a7bf-621022e76fc0","replyId":null,"createdAt":"2019-12-09T06:26:39.057Z","updatedAt":"2019-12-10T05:46:16.161Z","commentCount":5,"likeCount":333,"tags":[],"topics":["航空考情站","樂桃航空","空服員面試","面試","空服員"],"supportedReactions":null,"withNickname":true,"reportReason":"","hiddenByAuthor":false,"meta":{"layout":"classic"},"forumName":"航空","forumAlias":"aviation","school":"Zoo","department":"kiko520","replyTitle":null,"gender":"M","personaSubscriptable":false,"reactions":[{"id":"286f599c-f86a-4932-82f0-f5a06f1eca03","count":333}],"hidden":false,"customStyle":null,"isSuspiciousAccount":false,"layout":"classic","withImages":false,"withVideos":false,"media":[],"reportReasonText":"","mediaMeta":[],"postAvatar":""}