{"id":232633682,"title":"#分享 2019虎航空服員面試分享","content":"雖然說虎航面試已經過很久了，我最終也沒有收到體檢通知，但是那時候就有在內心許下如果能進到複試就要來寫寫心得，畢竟當時也是靠著板上的文去了解流程等等的，希望也能幫助到之後要考的人！\n\n在最前面先貼一下這次的時程表，希望能減少下次大家重複提問的機會～\n9/23-10/13 報名\n10/21 初試通知\n10/26 初試\n10/29 複試通知\n10/30 初試遺珠\n11/02 複試\n11/13 體檢通知 & 複試遺珠\n\n⭐️履歷 ⭐️\n虎航是跟yes123合作，直接上yes123填寫履歷並投遞就可以了，比起其他家是快速簡單許多，我個人是能填的都填了，自傳中文約450字，英文約250字（單字非字元），因為是應屆畢業生，所以內容大概是簡述一下過去學校社團跟打工的經驗，還有從中學到了什麼、擁有了什麼能力，也順利收到初試通知．（順帶一提，我是他開放投遞的當天半夜就投了，所以號碼非常的前面）\n\nhttp://i.imgur.com/C4ku7Ys.jpg\n\n⭐️初試 ⭐️\n➢面試者只要在信上面的報到時間內到就可以了，沒有一定要提早多少．\n➢門口的工作人員會確認你的通知單，走進去後會有人引導你坐電梯到樓上繳資料．室內一切都是禁止拍照的．（這邊再提醒一下，一定要備妥＆確認好所有的資料，尤其是多益的時效，我親眼看到有人因為是太久以前的多益成績單被請出去的，真的大家如果有要考的決心就必須時刻注意好自己有沒有符合規定！）\n➢資料都沒問題的話會進到一個房間，給你一個編號，依順序ABCABC這樣分下去，所以在你前後的不會是跟你同一間的．貼完編號會到旁邊先進行摸高，跟大家說的一樣，因為地上的線離牆有一小段距離，所以整個身體會是斜的，會比視覺上看起來的高～（但是我有看到有人沒摸到線，工作人員也沒特別紀錄）接著就是按照分組坐，一排八個人，邊看影片邊等待．\n➢輪到你們那排時，會請大家坐電梯下去並走到另外一棟樓，到了面試教室的外面會有工作人員講解等等進去的流程，包括動線跟不能提到自己的名字，接著會抽廣播詞，等大家都抽完了再一起打開看，我自己是覺得時間蠻充裕的，可以完整的看完好幾遍．\n➢進去後按照動線走到定點，開始報編號念英文廣播詞．我的那間有四個考官，兩個考官會認真的看著你，另外兩個則是很認真的盯著資料，不會問多餘的問題，非常簡潔俐落．我念文章時有跟考官對眼，最後也有順利收到複試通知．\n\nhttp://i.imgur.com/MP4d8JD.jpg\n\n⭐️複試 ⭐️\n➢這邊先提一下，我的複試編號比初試還後面，朋友的則是相反，不太知道是按照什麼排的．\n➢一樣在時間內到達後，進到上次的等候室領取編號等叫號，不確定這邊的英文編號跟日韓文有沒有關係．\n➢到複試的教室外面，工作人員會給大家抽等等要回答的題目，也可以先看，但流程就不會像上次一樣先解釋，而是給裡面的考官決定．\n➢複試是坐著的，一組五個人，我的這間教室有四個考官．流程是依序自我介紹＋用英文回答剛剛抽的題目．分享一下我們這間的題目（有點久遠我只能大概打題目意思）：\n📍你喜歡和朋友聊天的內容\n📍你曾經做的改變\n📍現階段最想學習的一樣技能\n📍最近做的一個夢\n📍用一個字形容你\n➢等五個人都結束發言會由考官自由提問，主要是針對剛剛自我介紹跟回答的內容，我們這間是沒有人有日韓能力的，所以沒有這方面的問題．\n➢大家的經歷都很豐富，像有的是親善大使，有的是有去打工度假，五個人都有被深入提問．比較想特別提出的是回答夢的考生跟去打工度假的考生的回答都是偏可愛有趣的那種，反而被笑笑的多問了很多問題，所以我覺得回答不一定要很制式化或是很完美，流暢開朗的表達可能更有機會！\n\n其實在出考場的時候就知道自己大概不會錄取了，檢討了一下自己的表現，覺得自介跟英文都講的還算平穩流暢（但我們這間的所有人英文都很流暢），考官也有做一些筆記，應該是回答考官問題的部分，沒有去回答一個能一次就讓人聽懂的答案，反而講了一個很特別但一下子難以理解的東西，在我觀察下考官是沒有做任何筆記的，感覺興致缺缺XD 最後果然是沒有收到體檢通知的～\n\n分享就到這邊啦，然後有些話想要提一下，就是關於規定的部分．如果像是虎航說長髮束齊，問一下馬尾可不可以這種我覺得都很OK，但是只要航空公司有明定列出要怎麼樣的，就請大家照著人家的規定走，像是華航就規定要穿白色襯衫，有人就會問請問淡粉紅色可以嗎？套一句最近流行的話，是在哈囉？難道別人回答可以你就真的要穿粉色到時候再被請回？講這個只是希望每篇留言的討論可以不要一直回答這種不需要回答的問題．\n\n不好意思上一段好像口氣比較兇一點XD 還是想要來個溫馨的結尾，希望大家不管是這禮拜的華航複試，或者之後任何的面試，都能一切順利，追尋自己的夢想，一起飛向天空✈️有問題歡迎留言提問呦～","excerpt":"雖然說虎航面試已經過很久了，我最終也沒有收到體檢通知，但是那時候就有在內心許下如果能進到複試就要來寫寫心得，畢竟當時也是靠著板上的文去了解流程等等的，希望也能幫助到之後要考的人！，在最前面先貼一下這次","anonymousSchool":false,"anonymousDepartment":false,"pinned":false,"forumId":"5e4df604-ce17-49d0-a7bf-621022e76fc0","replyId":null,"createdAt":"2019-12-05T19:17:52.767Z","updatedAt":"2019-12-08T15:33:35.651Z","commentCount":9,"likeCount":135,"tags":[],"topics":["虎航","空服員","空服員面試","面試","航空"],"supportedReactions":null,"withNickname":true,"reportReason":"","hiddenByAuthor":false,"meta":{"layout":"classic"},"forumName":"航空","forumAlias":"aviation","school":"J","department":"hjml","replyTitle":null,"gender":"F","personaSubscriptable":false,"reactions":[{"id":"286f599c-f86a-4932-82f0-f5a06f1eca03","count":134},{"id":"e8e6bc5d-41b0-4129-b134-97507523d7ff","count":1}],"hidden":false,"customStyle":null,"isSuspiciousAccount":false,"layout":"classic","withImages":true,"withVideos":false,"media":[{"url":"http://i.imgur.com/C4ku7Ys.jpg"},{"url":"http://i.imgur.com/MP4d8JD.jpg"}],"reportReasonText":"","mediaMeta":[{"id":"a724e919-eb8a-4380-af3c-6a4444339cf9","url":"https://i.imgur.com/C4ku7Ysl.jpg","normalizedUrl":"https://i.imgur.com/C4ku7Ysl.jpg","thumbnail":"https://i.imgur.com/C4ku7Ysl.jpg","type":"image/thumbnail","tags":["ANNOTATED"],"createdAt":"2019-12-05T19:17:52.767Z","updatedAt":"2019-12-08T15:33:35.651Z"},{"id":"a724e919-eb8a-4380-af3c-6a4444339cf9","url":"http://i.imgur.com/C4ku7Ys.jpg","normalizedUrl":"https://imgur.com/C4ku7Ys","thumbnail":"https://i.imgur.com/C4ku7Ysl.jpg","type":"image/imgur","tags":["ANNOTATED"],"createdAt":"2019-12-05T19:17:52.767Z","updatedAt":"2019-12-08T15:33:35.651Z"},{"id":"28b180cf-1cb8-472e-9760-8d618b665a22","url":"http://i.imgur.com/MP4d8JD.jpg","normalizedUrl":"https://imgur.com/MP4d8JD","thumbnail":"https://i.imgur.com/MP4d8JDl.jpg","type":"image/imgur","tags":["ANNOTATED"],"createdAt":"2019-12-05T19:17:52.767Z","updatedAt":"2019-12-08T15:33:35.651Z"}],"postAvatar":""}