{"id":232694110,"title":"桃園機場觀景台","content":"#桃園機場 #機場觀景台 \n前天桃園國際機場觀景台在下午三點整正式對外開放，但因為航警認為參訪人數太多，因此在開放後不到兩小時決定封閉觀景台最前方5公尺，前方人員只出不進，以維護飛安...\n昨天親自去朝聖後發現封鎖區的視野的確最佳，可以拍到靠橋飛機的全身，但現在的視野只適合拍滑行道、外坪跟跑道上的飛機，給大家參考看看~\n分別是跑道上起飛的華航A333(23L起飛)\n長榮航空B789後推中\n華航A333準備靠橋(可以跟機師揮手互動的好機會)\n至於封鎖區之後會不會再度開放，桃機公司今天會與航警局再開一次協調會決定。\nhttps://i.imgur.com/JzqNCM8.jpg\nhttps://i.imgur.com/lDLhytB.jpg\nhttps://i.imgur.com/1WeTF2v.jpg","excerpt":"#桃園機場 #機場觀景台，前天桃園國際機場觀景台在下午三點整正式對外開放，但因為航警認為參訪人數太多，因此在開放後不到兩小時決定封閉觀景台最前方5公尺，前方人員只出不進，以維護飛安...，昨天親自去朝","anonymousSchool":false,"anonymousDepartment":false,"pinned":false,"forumId":"5e4df604-ce17-49d0-a7bf-621022e76fc0","replyId":null,"createdAt":"2019-12-16T00:54:59.072Z","updatedAt":"2019-12-16T00:54:59.072Z","commentCount":8,"likeCount":55,"tags":[],"topics":["桃園機場","觀景台","航警","看飛機"],"supportedReactions":null,"withNickname":false,"reportReason":"","hiddenByAuthor":false,"meta":{"layout":"classic"},"forumName":"航空","forumAlias":"aviation","school":"臺北城市科技大學","department":"餐飲管理系","replyTitle":null,"gender":"M","personaSubscriptable":null,"reactions":[{"id":"286f599c-f86a-4932-82f0-f5a06f1eca03","count":55}],"hidden":false,"customStyle":null,"isSuspiciousAccount":false,"layout":"classic","withImages":true,"withVideos":false,"media":[{"url":"https://i.imgur.com/JzqNCM8.jpg"},{"url":"https://i.imgur.com/lDLhytB.jpg"},{"url":"https://i.imgur.com/1WeTF2v.jpg"}],"reportReasonText":"","mediaMeta":[{"id":"ebacce01-cadb-4a2b-8e32-c678e3753933","url":"https://i.imgur.com/JzqNCM8l.jpg","normalizedUrl":"https://i.imgur.com/JzqNCM8l.jpg","thumbnail":"https://i.imgur.com/JzqNCM8l.jpg","type":"image/thumbnail","tags":["ANNOTATED"],"createdAt":"2019-12-16T00:54:59.072Z","updatedAt":"2019-12-16T00:54:59.072Z"},{"id":"ebacce01-cadb-4a2b-8e32-c678e3753933","url":"https://i.imgur.com/JzqNCM8.jpg","normalizedUrl":"https://imgur.com/JzqNCM8","thumbnail":"https://i.imgur.com/JzqNCM8l.jpg","type":"image/imgur","tags":["ANNOTATED"],"createdAt":"2019-12-16T00:54:59.072Z","updatedAt":"2019-12-16T00:54:59.072Z"},{"id":"091740ea-6224-458b-b91c-0ba633042ed6","url":"https://i.imgur.com/lDLhytB.jpg","normalizedUrl":"https://imgur.com/lDLhytB","thumbnail":"https://i.imgur.com/lDLhytBl.jpg","type":"image/imgur","tags":["ANNOTATED"],"createdAt":"2019-12-16T00:54:59.072Z","updatedAt":"2019-12-16T00:54:59.072Z"},{"id":"46036117-3110-4945-ae95-ff7a3525f788","url":"https://i.imgur.com/1WeTF2v.jpg","normalizedUrl":"https://imgur.com/1WeTF2v","thumbnail":"https://i.imgur.com/1WeTF2vl.jpg","type":"image/imgur","tags":["ANNOTATED"],"createdAt":"2019-12-16T00:54:59.072Z","updatedAt":"2019-12-16T00:54:59.072Z"}],"postAvatar":""}