{"id":232695351,"title":"2019/12月虎航地勤複試面試分享","content":"受到dcard分享文很多幫助\n終於輪到我有這個機會回饋給各位了!!!\n文筆不佳請各位不要嫌棄\n前面的進場流程等等就不贅述了\n值得一提的是，在等待進場的小房間中，白板上有寫上交通津貼\n沒記錯的話是以下：\n22:00～5:59津貼450\n6:00～21:59津貼250\n\n這次一樣八人集滿進入小房間\n我是Y考場，8:00~8:40場\n開始前被告知是「中文自我介紹」+「抽題目英文回答」\n*有其他考場分享是英文自我介紹*\n虎航姐姐也有特別提到請勿致電詢問，會以電子郵件通知（其它文下有人分享一周內通知）\n跟初試一樣，先坐在外面抽小卡，統一翻起來看，再來進門正式開始\n進門後一樣走一圈，各自入座，面前五位考官，有一位考官會負責發言\n考官一如往常親切地歡迎各位來參加複試，告訴大家待會請進行中文自我介紹＋說出抽到的題目，以英文進行回答，不要緊張、放輕鬆～\n\n我們這次考場分別有在國泰實習過的兩位、長榮內勤、五星級飯店櫃台、澳洲打工度假、去過韓國做什麼忘了XD\n\n第一位去過韓國的考生有被問到可以麻煩用韓文說「你的行李過重了」，考生表示可以試試看，最後雖然有點卡，但是考生跟提問的考官也笑得很燦爛。\n第二位自我介紹後，因有日文的語言專長，考官直接請她進行日文自我介紹，有點卡，考官說OK可以了。\n所以各位有其他語言專長還是記得要準備一下呀~~~\n\n第三位在澳洲打工度假過，英文很順，也沒有被問其他問題。\n\n第四位考生穿襯衫，在最後考官提問時，有詢問「為什麼你要穿襯衫？」該考生表示覺得自己這樣穿起來比較有整體感、自己比較有自信等等\n考官就點點頭，但我個人還是強烈建議照規定走啦...畢竟這樣感覺在跟公司說「我就是那種不會遵守公司規定的員工」\n\n第五位考生，在英文問答的過程非常不順，最後考官說「你要不要用中文做結尾」\n\n第六位就是我啦，沒有被問到任何問題，抽到的問題是「你的朋友會怎麼形容你這個人？」但我對自己的表現覺得還可以，希望會有好結果囉XDDD\n\n第七位曾在長榮待過、目前在富邦銀行任職，最後考官有問他，如果真的最後被錄取了，薪資可能會跟你之前的工作有落差喔！考生回答沒關係，因為喜歡做與人互動的行業（之類的）\n\n第八位在五星級飯店工作，最後有被考官問，簡單分享客訴經驗及如何解決？\n\n以下分享我記得抽到的問題\n－最近一次旅行的經驗？\n－你為這次面試準備了什麼？\n－你的朋友會如何形容你？\n（其他再請有面試的夥伴分享囉～我實在忘記了）更* B13 B20 B21 B39 有問題分享\n\n最後考官很可愛的說，之後我們會用電子郵件通知，請記得除了一般郵件，垃圾郵件也要查看喔！\n\n以上就是這次的面試分享經驗，希望大家會有好結果！！","excerpt":"受到dcard分享文很多幫助，終於輪到我有這個機會回饋給各位了！！！，文筆不佳請各位不要嫌棄，前面的進場流程等等就不贅述了，值得一提的是，在等待進場的小房間中，白板上有寫上交通津貼，沒記錯的話是以下：","anonymousSchool":false,"anonymousDepartment":true,"pinned":false,"forumId":"5e4df604-ce17-49d0-a7bf-621022e76fc0","replyId":null,"createdAt":"2019-12-16T05:41:25.848Z","updatedAt":"2019-12-19T07:19:27.318Z","commentCount":68,"likeCount":84,"tags":["HIDE_THUMBNAIL"],"topics":["虎航","地勤","面試","航空業"],"supportedReactions":null,"withNickname":false,"reportReason":"","hiddenByAuthor":false,"meta":{"layout":"classic"},"forumName":"航空","forumAlias":"aviation","school":"國立屏東大學","replyTitle":null,"gender":"F","personaSubscriptable":false,"reactions":[{"id":"286f599c-f86a-4932-82f0-f5a06f1eca03","count":84}],"hidden":false,"customStyle":null,"isSuspiciousAccount":false,"layout":"classic","withImages":false,"withVideos":false,"media":[],"reportReasonText":"","mediaMeta":[],"postAvatar":""}