{"id":232642768,"title":"2019/12/7虎航地勤初試分享","content":"看好多網路上的分享 想說自己也來小小貢獻一下🌝\n12/3收到初試通知 其實有在工作已經忘記自己有報名的事 所以用了四天的時間偷偷在上班爬文準備\n主要準備廣告詞 把網路上的內容都印下來在鏡子前練習\n中英文自我介紹也先準備怕突然抽考😅\n禮拜六一早到松山機場3號出口 出來大概走十分鐘就能看到中華航空的建築物 也會有很多面試生 不怕會迷路👌\n到了會有引導人員 先繳交資料 就到等候區等候 八個人為一組後會帶到一間小房間外面 虎航的姐姐會告知流程➡️走台步➡️唸廣播詞面試就結束了 複試下週會通知 記得不要打電話詢問哦 之後就抽題目 大概有一分鐘可以順一遍內容（好佛心啊！！！\n小小分享一下自己的面試過程 我是一個會卡痰的人（有人跟我一樣有這個困惱嗎嗚嗚嗚 所以我特地在進去前先清痰 沒想到輪到我唸的時候大概第三句我居然又卡痰了😭😭😭已哭 後續只能硬著頭皮唸完 但繼續保持微笑 其實覺得丟臉到不行😖😖\n雖然沒什麼機會進複試 但也是寶貴的經驗 謝謝大家看完～～\n最後最後偷偷問 有人覺得虎航的廣播詞有點難嗎～～\nPs虎航考官真的都超好 會讓人沒這麼緊張🥰","excerpt":"看好多網路上的分享 想說自己也來小小貢獻一下，12/3收到初試通知 其實有在工作已經忘記自己有報名的事 所以用了四天的時間偷偷在上班爬文準備，主要準備廣告詞 把網路上的內容都印下來在鏡子前練習，中英文","anonymousSchool":false,"anonymousDepartment":true,"pinned":false,"forumId":"5e4df604-ce17-49d0-a7bf-621022e76fc0","replyId":null,"createdAt":"2019-12-07T11:24:02.486Z","updatedAt":"2019-12-07T11:25:59.150Z","commentCount":7,"likeCount":35,"tags":["HIDE_THUMBNAIL"],"topics":["地勤","虎航","面試"],"supportedReactions":null,"withNickname":false,"reportReason":"","hiddenByAuthor":false,"meta":{"layout":"classic"},"forumName":"航空","forumAlias":"aviation","school":"國立屏東大學","replyTitle":null,"gender":"F","personaSubscriptable":null,"reactions":[{"id":"286f599c-f86a-4932-82f0-f5a06f1eca03","count":35}],"hidden":false,"customStyle":null,"isSuspiciousAccount":false,"layout":"classic","withImages":false,"withVideos":false,"media":[],"reportReasonText":"","mediaMeta":[],"postAvatar":""}