{"id":232685056,"title":"2019/12 虎航地勤招募","content":"平常都是看別人分享航空面試文章\n這次換我來分享虎航地勤的初複試吧！\n（畢竟也只能分享這個了哈哈其他面試也都是在初試止步，有機會再來分享我的初試血淚史？？？？？？）\n\n\n這次虎航一樣是從yes 123投履歷\n我投的履歷跟當初空服投的不一樣\n不過今年的空服我也有進入初試\n但就是⋯⋯嗯遺珠一隻唷：）））\n\n\n🌟12/7 初試(我是12:30場次的)\n初試流程如同網路上所說\n報到▶️等待面試▶️報編號唸廣播詞▶️打烊收工回家😂\n初試是8人為一組進去面試\n面試前一樣會讓你先抽廣播詞 然後會給你幾分鐘時間準備！\n基本上考官人都很好很親切！\n現場的哥跟姐也是非常親切！！\n整個面試的氣氛很不錯以及很有效率(這真的很重要哈哈)\n\n🌟12/11 收到複試通知\n其實收到通知的當下，我以為我又是遺珠一隻，認真一看才發現嗚嗚終於進複試了，然後這次複試要求穿素色polo衫！！我看到的當下真的頭很痛，超級難找的阿\n\n🌟12/14 複試(這次我是10:40場次)\n複試流程一樣是先報到▶️面試▶️打烊收工回家\n複試的部分是8人為一組\n等待的時間比較長一點 這時可以趁機狂背自我介紹跟調節身心！！！\n我們這批我聽到的都是「中文自我介紹」然後抽一個題目「英文回答」\n在進考場前會先讓你抽考題 會讓你先看考題然後大概有2.3分鐘的時間可以思考\n之後進去考場就是一個一個自我介紹完 再回答剛剛抽到的考題\n每個人都講完之後 考官會在對有興趣的部分做提問\n\n以上大概就是這次虎航地勤的detail\n那我個人有些小心得\n🔅初試的廣播詞我覺得除了講順之外 可以多把自己不熟的單字趁機多念幾遍 然後不要緊張！！！！just do yourself\n🔅複試的自我介紹務必在家就要背的滾瓜爛熟 不然你一緊張就會跟考官尷尬對看或是語無倫次 講到自己也不知道自己在講啥\n🔅以我的觀察 虎航真的會比較喜歡朝氣活力的考生 畢竟它們的公司文化就是這樣 所以如果你天生偏內向 面試的時候一定要至少裝外向一點 因為我們那組就有考生被問\n\n報告完畢。\n\n雖然不知道有沒有機會拿到進入虎航的最終門票，也不知道自己有沒有資格打這些，不過我覺得多少能夠幫助一些未來想考虎航的朋友們吧：））））\n\n下台一鞠躬🐯","excerpt":"平常都是看別人分享航空面試文章，這次換我來分享虎航地勤的初複試吧！，（畢竟也只能分享這個了哈哈其他面試也都是在初試止步，有機會再來分享我的初試血淚史？？？？？？），這次虎航一樣是從yes 123投履歷","anonymousSchool":false,"anonymousDepartment":true,"pinned":false,"forumId":"5e4df604-ce17-49d0-a7bf-621022e76fc0","replyId":null,"createdAt":"2019-12-14T10:38:38.047Z","updatedAt":"2019-12-14T11:20:53.959Z","commentCount":33,"likeCount":124,"tags":["HIDE_THUMBNAIL"],"topics":["虎航","地勤","航空","面試"],"supportedReactions":null,"withNickname":false,"reportReason":"","hiddenByAuthor":false,"meta":{"layout":"classic"},"forumName":"航空","forumAlias":"aviation","school":"元智大學","replyTitle":null,"gender":"F","personaSubscriptable":false,"reactions":[{"id":"286f599c-f86a-4932-82f0-f5a06f1eca03","count":124}],"hidden":false,"customStyle":null,"isSuspiciousAccount":false,"layout":"classic","withImages":false,"withVideos":false,"media":[],"reportReasonText":"","mediaMeta":[],"postAvatar":""}