{"id":232731406,"title":"開心❤️經歷波折！買到的星宇航空首航澳門！","content":"https://i.imgur.com/ITYniKr.jpg\n其實之前就一直對星宇航空董事長張國煒有點小佩服，從張被長榮惡鬥趕出公司，到自己成立星宇航空都有稍微多看一眼新聞，但沒特別去追消息。\n\n直到上週看到新聞說星宇航空要開賣了，還都沒有想過要去搶一定很貴的首航票。\n\n結果開賣當天一直被fb的新聞洗版，說開賣5分鐘首航就賣光，星宇表示可以跟旅行社詢問看看有沒有套裝行程，原來自由行行程也有搭配首航第一班的航班！\n\n當天睡前還想說無聊看一下旅行社的搭配價格，大多都3天2夜 12900-2萬左右含稅都有，不過真的每一家都顯示團位售光，找了一陣子還真的看到有個旅行社還剩2個機位可下單。\n\n可惡！本來沒有特別想法的我，那種搶購魂不知道為何出現，立馬下單，但下單後看到訂位ok，訂金可以在12/20前付即可，當下決定讓自己冷靜考慮幾天再付款。\nhttps://i.imgur.com/gSXcoKF.jpg\n其實訂位完當下有再回頭看，的確馬上團位顯示為0了。就是感覺運氣很好撿到人家取消的，沒想到隔天上班到一半就收到通知說訂單無效，當然立馬聯繫客服，客服的回應我也只能笑笑，她說因為在我下單的前幾分鐘剛好也有人下單，系統還來不及把機位扣掉，所以我的是沒有機位的🙄🙄🙄🙄，好吧應該99%其實是因為我還沒付訂金，雖然搶到票，但拉掉我最方便吧！\nhttps://i.imgur.com/QA2WMnc.jpg\n\n但上面有說本人有搶購魂還記得嗎！\n越是難買的不知道為何就越想到手！💪💪\n跟旅伴討論後，一家台灣的航空公司成立的首航航班不知道下次還有機會搭到是什麼時候。\n而且首航小禮物感覺就很豐富啊！\n飛機上可能還能遇到很多youtuber\n還可能搭到董事長親自開的飛機✈️\n\n決定開始想辦法找機位！\n第一個就是到官網，有空就重整看一下有沒有釋出機位（因為想說才開賣隔天，應該會有人刷錯或是後悔取消）\n第二個就是找旅行社看能不能排候補。\n\n結果 登登登～\nhttps://i.imgur.com/xStIhsK.jpg\n\n補上跟同伴的對話\nhttps://i.imgur.com/9hfjIc9.jpg\nhttps://i.imgur.com/DiKRHM6.jpg\nhttps://i.imgur.com/YyzOyiX.jpg\nhttps://i.imgur.com/rbW76j8.jpg\n\n最後！等我回來發星宇航空開箱文吧","excerpt":"其實之前就一直對星宇航空董事長張國煒有點小佩服，從張被長榮惡鬥趕出公司，到自己成立星宇航空都有稍微多看一眼新聞，但沒特別去追消息。直到上週看到新聞說星宇航空要開賣了，還都沒有想過要去搶一定很貴的首航票","anonymousSchool":false,"anonymousDepartment":true,"pinned":false,"forumId":"5e4df604-ce17-49d0-a7bf-621022e76fc0","replyId":null,"createdAt":"2019-12-21T08:45:34.251Z","updatedAt":"2019-12-21T09:00:46.413Z","commentCount":12,"likeCount":59,"tags":[],"topics":["星宇","澳門","航空","航空板","星宇航空"],"supportedReactions":null,"withNickname":false,"reportReason":"","hiddenByAuthor":false,"meta":{"layout":"classic"},"forumName":"航空","forumAlias":"aviation","school":"崇右影藝科技大學","replyTitle":null,"gender":"F","personaSubscriptable":false,"reactions":[{"id":"286f599c-f86a-4932-82f0-f5a06f1eca03","count":59}],"hidden":false,"customStyle":null,"isSuspiciousAccount":false,"layout":"classic","withImages":true,"withVideos":false,"media":[{"url":"https://i.imgur.com/ITYniKr.jpg"},{"url":"https://i.imgur.com/gSXcoKF.jpg"},{"url":"https://i.imgur.com/QA2WMnc.jpg"},{"url":"https://i.imgur.com/xStIhsK.jpg"},{"url":"https://i.imgur.com/9hfjIc9.jpg"},{"url":"https://i.imgur.com/DiKRHM6.jpg"},{"url":"https://i.imgur.com/YyzOyiX.jpg"},{"url":"https://i.imgur.com/rbW76j8.jpg"}],"reportReasonText":"","mediaMeta":[{"id":"98ee1f72-e504-4add-83c8-4acacfe470be","url":"https://i.imgur.com/ITYniKrl.jpg","normalizedUrl":"https://i.imgur.com/ITYniKrl.jpg","thumbnail":"https://i.imgur.com/ITYniKrl.jpg","type":"image/thumbnail","tags":["ANNOTATED"],"createdAt":"2019-12-21T09:00:46.413Z","updatedAt":"2019-12-21T09:00:46.413Z"},{"id":"98ee1f72-e504-4add-83c8-4acacfe470be","url":"https://i.imgur.com/ITYniKr.jpg","normalizedUrl":"https://imgur.com/ITYniKr","thumbnail":"https://i.imgur.com/ITYniKrl.jpg","type":"image/imgur","tags":["ANNOTATED"],"createdAt":"2019-12-21T09:00:46.413Z","updatedAt":"2019-12-21T09:00:46.413Z"},{"id":"f5ee9801-6aa2-4f77-b276-367d24a6870a","url":"https://i.imgur.com/gSXcoKF.jpg","normalizedUrl":"https://imgur.com/gSXcoKF","thumbnail":"https://i.imgur.com/gSXcoKFl.jpg","type":"image/imgur","tags":["ANNOTATED"],"createdAt":"2019-12-21T08:45:34.251Z","updatedAt":"2019-12-21T09:00:46.413Z"},{"id":"b7836301-a8e6-42d0-b0de-1586c21c0daa","url":"https://i.imgur.com/QA2WMnc.jpg","normalizedUrl":"https://imgur.com/QA2WMnc","thumbnail":"https://i.imgur.com/QA2WMncl.jpg","type":"image/imgur","tags":["ANNOTATED"],"createdAt":"2019-12-21T08:45:34.251Z","updatedAt":"2019-12-21T09:00:46.413Z"},{"id":"12d9a634-b6db-4dd9-8e1f-964cc303f851","url":"https://i.imgur.com/xStIhsK.jpg","normalizedUrl":"https://imgur.com/xStIhsK","thumbnail":"https://i.imgur.com/xStIhsKl.jpg","type":"image/imgur","tags":["ANNOTATED"],"createdAt":"2019-12-21T08:45:34.251Z","updatedAt":"2019-12-21T09:00:46.413Z"},{"id":"afa32eca-041c-4e8c-b091-3702514aaaa5","url":"https://i.imgur.com/9hfjIc9.jpg","normalizedUrl":"https://imgur.com/9hfjIc9","thumbnail":"https://i.imgur.com/9hfjIc9l.jpg","type":"image/imgur","tags":["ANNOTATED"],"createdAt":"2019-12-21T08:52:00.688Z","updatedAt":"2019-12-21T09:00:46.413Z"},{"id":"bde68bf9-e569-42b4-a909-5e0b0347fcee","url":"https://i.imgur.com/DiKRHM6.jpg","normalizedUrl":"https://imgur.com/DiKRHM6","thumbnail":"https://i.imgur.com/DiKRHM6l.jpg","type":"image/imgur","tags":["ANNOTATED"],"createdAt":"2019-12-21T08:52:00.688Z","updatedAt":"2019-12-21T09:00:46.413Z"},{"id":"79983db8-9a33-48ce-8c45-6eb4b638d22d","url":"https://i.imgur.com/YyzOyiX.jpg","normalizedUrl":"https://imgur.com/YyzOyiX","thumbnail":"https://i.imgur.com/YyzOyiXl.jpg","type":"image/imgur","tags":["ANNOTATED"],"createdAt":"2019-12-21T08:52:00.688Z","updatedAt":"2019-12-21T09:00:46.413Z"},{"id":"312745d1-e1b3-469c-a9fe-a2619b1d3ec6","url":"https://i.imgur.com/rbW76j8.jpg","normalizedUrl":"https://imgur.com/rbW76j8","thumbnail":"https://i.imgur.com/rbW76j8l.jpg","type":"image/imgur","tags":["ANNOTATED"],"createdAt":"2019-12-21T08:57:27.261Z","updatedAt":"2019-12-21T09:00:46.413Z"}],"postAvatar":""}