{"id":232705067,"title":"#分享 星宇航空 搶首航～～殘念，但還是可以早早飛🇲🇴","content":"6分鐘就被搶光的票，只能說我的網速太慢了！\n結果機票是首航的一個月後 哈哈哈\n\n會員卡也不是第一號，但比起某社團大家發的文，我的卡號是非常前面的😅😅😅\n我看大家都3千多或4千\n\n而我 16081☺️☺️ 小小讓我小確幸（對別人來說沒什麼，對於星宇小迷的我蠻開心的！）\nhttps://i.imgur.com/YdfXeTf.jpg\n\n非常期待星宇的航程，也讓我有機會可以去🇲🇴\n我覺得我買到很便宜的價格來回不到7千，大家覺得呢？（含餐 含選座位 含行李分別去20kg及回30kg)\n\n官網說也含文字WiFi在飛行途中，覺得星宇贏了✌️\n大家是否也這麼覺得呢？\n\n我想很多人都很期待搭乘吧！\n貴公司真的很用心～～\n也很期待是座上第一架回國飛機A321neoB58201\n\n我竟然莫名奇妙的變航空迷😆😆\n跟我熱愛網球一樣😅😅\n那種不會去做這件事，但很喜歡看😌\n\n希望搶到首航的人可以跟我分享😍😍\n\n開啟星宇航程✈️✈️\nNicely","excerpt":"6分鐘就被搶光的票，只能說我的網速太慢了！，結果機票是首航的一個月後 哈哈哈，會員卡也不是第一號，但比起某社團大家發的文，我的卡號是非常前面的，我看大家都3千多或4千，而我 16081️️ 小小讓我小","anonymousSchool":false,"anonymousDepartment":false,"pinned":false,"forumId":"5e4df604-ce17-49d0-a7bf-621022e76fc0","replyId":null,"createdAt":"2019-12-17T12:46:39.440Z","updatedAt":"2019-12-17T12:46:39.440Z","commentCount":11,"likeCount":30,"tags":[],"topics":["星宇航空","航空業","航空板","航空"],"supportedReactions":null,"withNickname":true,"reportReason":"","hiddenByAuthor":false,"meta":{"layout":"classic"},"forumName":"航空","forumAlias":"aviation","school":"ABCDEF","department":"yilienchang0608","replyTitle":null,"gender":"F","personaSubscriptable":false,"reactions":[{"id":"286f599c-f86a-4932-82f0-f5a06f1eca03","count":30}],"hidden":false,"customStyle":null,"isSuspiciousAccount":false,"layout":"classic","withImages":true,"withVideos":false,"media":[{"url":"https://i.imgur.com/YdfXeTf.jpg"}],"reportReasonText":"","mediaMeta":[{"id":"88ef8591-a586-484f-bb97-307d711aed92","url":"https://i.imgur.com/YdfXeTfl.jpg","normalizedUrl":"https://i.imgur.com/YdfXeTfl.jpg","thumbnail":"https://i.imgur.com/YdfXeTfl.jpg","type":"image/thumbnail","tags":["ANNOTATED"],"createdAt":"2019-12-17T12:46:39.440Z","updatedAt":"2019-12-17T12:46:39.440Z"},{"id":"88ef8591-a586-484f-bb97-307d711aed92","url":"https://i.imgur.com/YdfXeTf.jpg","normalizedUrl":"https://imgur.com/YdfXeTf","thumbnail":"https://i.imgur.com/YdfXeTfl.jpg","type":"image/imgur","tags":["ANNOTATED"],"createdAt":"2019-12-17T12:46:39.440Z","updatedAt":"2019-12-17T12:46:39.440Z"}],"postAvatar":""}