{"id":232787741,"title":"#問題 羽田機場(HND)新航路啟用問題","content":"眾所皆知，位在日本東京都的羽田機場(HND)有四條跑道，分別為：\nA跑道(16R-34L)，3000公尺長，60公尺寬\nB跑道(04 -22 )，2500公尺長，60公尺寬\nC跑道(16L-34R)，3360公尺長，60公尺寬\nD跑道(05 -23 )，2500公尺長，60公尺寬\n其中D跑道是在2010年新建的一條跑道，主要用於深夜到清晨之間班機起降使用 \n\n由於羽田機場(HND)的風向很固定，夏季吹偏南風，冬季吹偏北風  \n往年羽田機場(HND)的起降程序也因為風向因素，分成南風版與北風版  \n在以往的日子裡，吹偏南風時  \n班機都是使用B跑道的22降落或D跑道的23降落  \n然後使用A跑道的16R起飛或C跑道的16L起飛\n\nhttp://i.imgur.com/1Gp6BIH.jpg\n至於吹偏北風時，跑道使用則是  \n班機使用A跑道的34L降落或C跑道的34R降落  \n然後使用D跑道的05起飛或C跑道的34R起飛\n\nhttp://i.imgur.com/zchhKVs.jpg\n只是現在基於2020年東京奧運，預期湧入大量人潮進入東京的影響  \n日本國土交通省打算啟用羽田機場(HND)的新航路  \n吹偏南風時，要在羽田機場(HND)降落的班機  \n將要飛越東京都的上空，從A跑道的16R降落或C跑道的16L降落  \n然後使用A跑道的16R起飛、B跑道的22起飛或C跑道的16L起飛  \n這條新航路的使用時間為15:00~19:00的羽田空港尖峰時段 \n如此一來，預計可以為羽田機場(HND)增加每日50架次的起降次數\nhttp://i.imgur.com/S9HPp9Z.jpg\n現在問題來了，由於南風版羽田機場(HND)尖峰時段啟用的新航路  \n降落時勢必會低空飛越東京都的上空 \n飛越的地方剛好就是廣尾、惠比壽、澀谷、代官山、目黑...等\n這些位於東京都中心的高級住宅區\n甚至於連日本皇室的赤坂御所、東京奧運主場館新國立競技場\n都在這條新啟用的降落航道正下方\n這樣子會不會因為飛機引發的噪音問題以及無法預期的掉落物問題\n引發東京都民的大規模反彈與抗議呢？\n而且這兩條新航路會不會沒有如ILS般的導航系統設施\n以致於降落的困難度變得宛如台北松山機場(TSA)28跑道降落一樣困難？\n\n以上這幾個問題，還請各位多多討論與回答，謝謝。\n圖片取自於日本國土交通省官方網站","excerpt":"眾所皆知，位在日本東京都的羽田機場（HND）有四條跑道，分別為：A跑道（16R-34L），3000公尺長，60公尺寬，B跑道（04 -22 ），2500公尺長，60公尺寬，C跑道（16L-34R），3","anonymousSchool":false,"anonymousDepartment":false,"pinned":false,"forumId":"5e4df604-ce17-49d0-a7bf-621022e76fc0","replyId":null,"createdAt":"2019-12-30T03:50:10.188Z","updatedAt":"2019-12-30T03:50:10.188Z","commentCount":11,"likeCount":22,"tags":[],"topics":["羽田","機場","航空","詢問"],"supportedReactions":null,"withNickname":true,"reportReason":"","hiddenByAuthor":false,"meta":{"layout":"classic"},"forumName":"航空","forumAlias":"aviation","school":"Truespace ","department":"truespace","replyTitle":null,"gender":"M","personaSubscriptable":false,"reactions":[{"id":"286f599c-f86a-4932-82f0-f5a06f1eca03","count":22}],"hidden":false,"customStyle":null,"isSuspiciousAccount":false,"layout":"classic","withImages":true,"withVideos":false,"media":[{"url":"http://i.imgur.com/1Gp6BIH.jpg"},{"url":"http://i.imgur.com/zchhKVs.jpg"},{"url":"http://i.imgur.com/S9HPp9Z.jpg"}],"reportReasonText":"","mediaMeta":[{"id":"9ec53c82-53b5-4c23-b0ff-15aa06af1e1d","url":"https://i.imgur.com/1Gp6BIHl.jpg","normalizedUrl":"https://i.imgur.com/1Gp6BIHl.jpg","thumbnail":"https://i.imgur.com/1Gp6BIHl.jpg","type":"image/thumbnail","tags":["ANNOTATED"],"createdAt":"2019-12-30T03:50:10.188Z","updatedAt":"2019-12-30T03:50:10.188Z"},{"id":"9ec53c82-53b5-4c23-b0ff-15aa06af1e1d","url":"http://i.imgur.com/1Gp6BIH.jpg","normalizedUrl":"https://imgur.com/1Gp6BIH","thumbnail":"https://i.imgur.com/1Gp6BIHl.jpg","type":"image/imgur","tags":["ANNOTATED"],"createdAt":"2019-12-30T03:50:10.188Z","updatedAt":"2019-12-30T03:50:10.188Z"},{"id":"389b42d5-94c6-419e-a454-f08069bc8061","url":"http://i.imgur.com/zchhKVs.jpg","normalizedUrl":"https://imgur.com/zchhKVs","thumbnail":"https://i.imgur.com/zchhKVsl.jpg","type":"image/imgur","tags":["ANNOTATED"],"createdAt":"2019-12-30T03:50:10.188Z","updatedAt":"2019-12-30T03:50:10.188Z"},{"id":"69635a3f-265c-4f40-8605-9412d3ef3d62","url":"http://i.imgur.com/S9HPp9Z.jpg","normalizedUrl":"https://imgur.com/S9HPp9Z","thumbnail":"https://i.imgur.com/S9HPp9Zl.jpg","type":"image/imgur","tags":["ANNOTATED"],"createdAt":"2019-12-30T03:50:10.188Z","updatedAt":"2019-12-30T03:50:10.188Z"}],"postAvatar":""}