{"id":232799120,"title":"#問 自訓機師","content":"大家好～\n我想發問一下\n有關自訓機師的一些問題\n- - - 分- - - 隔- - - 線- - - \n先來介紹一下我自己\n某國立科大的學生，為了要賺出國受訓的錢選擇讀夜校。\n但是我爬過許多文後\n想問大家為了成為一名機師而花200-300萬是否值得\n因為我不認為\n我有可能是那個萬中選一的幸運兒，\n一回國就有可能進的了，長榮或中華或是其它航空。\n而且我也沒有任何的外籍身份。\n可以請機師指點一下迷津嗎😓\n謝謝各位🙏🏼🙏🏼","excerpt":"大家好～我想發問一下，有關自訓機師的一些問題，- - - 分- - - 隔- - - 線- - -，先來介紹一下我自己，某國立科大的學生，為了要賺出國受訓的錢選擇讀夜校。但是我爬過許多文後，想問大家為","anonymousSchool":false,"anonymousDepartment":false,"pinned":false,"forumId":"5e4df604-ce17-49d0-a7bf-621022e76fc0","replyId":null,"createdAt":"2019-12-31T13:42:14.918Z","updatedAt":"2019-12-31T13:42:14.918Z","commentCount":61,"likeCount":8,"tags":["HIDE_THUMBNAIL"],"topics":["機師","問題","自訓","工作"],"supportedReactions":null,"withNickname":true,"reportReason":"","hiddenByAuthor":false,"meta":{"layout":"classic"},"forumName":"航空","forumAlias":"aviation","school":"有一個夢想當機師的男紙","department":"oiio","replyTitle":null,"gender":"M","personaSubscriptable":false,"reactions":[{"id":"286f599c-f86a-4932-82f0-f5a06f1eca03","count":8}],"hidden":false,"customStyle":null,"isSuspiciousAccount":false,"layout":"classic","withImages":false,"withVideos":false,"media":[],"reportReasonText":"","mediaMeta":[],"postAvatar":""}