{"id":232729533,"title":"2020新航DI題目分享","content":"自從新航2019年12月公佈招募空服員後，我在填寫報名表的隔天（12/17）就收到了Digital Interview，上網找了DI的考古題，雖然新航提供的DI網站也可以練習，但題目好像就兩三題一直輪流，想問已經考過的卡友們，不知道正式錄的時候題目也差不多嗎？1/9前就要回傳影片，有點緊張😓","excerpt":"自從新航2019年12月公佈招募空服員後，我在填寫報名表的隔天（12/17）就收到了Digital Interview，上網找了DI的考古題，雖然新航提供的DI網站也可以練習，但題目好像就兩三題一直輪","anonymousSchool":false,"anonymousDepartment":false,"pinned":false,"forumId":"5e4df604-ce17-49d0-a7bf-621022e76fc0","replyId":null,"createdAt":"2019-12-21T00:17:29.290Z","updatedAt":"2019-12-21T00:17:29.290Z","commentCount":130,"likeCount":42,"tags":["HIDE_THUMBNAIL"],"topics":["航空","空服員","空服員面試","新加坡航空"],"supportedReactions":null,"withNickname":true,"reportReason":"","hiddenByAuthor":false,"meta":{"layout":"classic"},"forumName":"航空","forumAlias":"aviation","school":"真理大學","department":"jessiesu614","replyTitle":null,"gender":"F","personaSubscriptable":false,"reactions":[{"id":"286f599c-f86a-4932-82f0-f5a06f1eca03","count":42}],"hidden":false,"customStyle":null,"isSuspiciousAccount":false,"layout":"classic","withImages":false,"withVideos":false,"media":[],"reportReasonText":"","mediaMeta":[],"postAvatar":""}