{"id":232780320,"title":"身高175會不會對當空姐來說太高","content":"從小就很希望能考上空姐\n但是我的身高從高中的173\n一路的長到175（現在大二）\n也還不知道會不會長高⋯⋯\n看網路上通常都只到175\n但感覺自己還會長高😔\n雖然空姐有超過175的但也很少\n想問有175或175以上的女孩有去面試錄取嗎🥺🥺🥺\n真的好怕身高讓我直接對這夢想留有遺憾⋯⋯","excerpt":"從小就很希望能考上空姐，但是我的身高從高中的173，一路的長到175（現在大二），也還不知道會不會長高⋯⋯，看網路上通常都只到175，但感覺自己還會長高，雖然空姐有超過175的但也很少，想問有175或","anonymousSchool":false,"anonymousDepartment":true,"pinned":false,"forumId":"5e4df604-ce17-49d0-a7bf-621022e76fc0","replyId":null,"createdAt":"2019-12-28T21:15:23.749Z","updatedAt":"2019-12-28T21:18:00.161Z","commentCount":29,"likeCount":20,"tags":["HIDE_THUMBNAIL"],"topics":["身高","空姐","空服員","面試"],"supportedReactions":null,"withNickname":false,"reportReason":"","hiddenByAuthor":false,"meta":{"layout":"classic"},"forumName":"航空","forumAlias":"aviation","school":"東海大學","replyTitle":null,"gender":"F","personaSubscriptable":null,"reactions":[{"id":"286f599c-f86a-4932-82f0-f5a06f1eca03","count":20}],"hidden":false,"customStyle":null,"isSuspiciousAccount":false,"layout":"classic","withImages":false,"withVideos":false,"media":[],"reportReasonText":"","mediaMeta":[],"postAvatar":""}