{"id":232778050,"title":"#發問 長榮履歷一直顯示資料儲存錯誤","content":"請問成功投長榮履歷的大家\n自傳那個步驟一直顯示資料儲存錯誤\n爬文看大家也遇過這個問題\n但我沒有超過字數 沒有分段 英文也沒有'這個符號 薪資那欄也只有數字\n我是從word複製過去的 整段跟分段複製都試過了還是不行\n請問還有什麼辦法嗎😭😭😭\n八月投履歷時很順利的說～","excerpt":"請問成功投長榮履歷的大家，自傳那個步驟一直顯示資料儲存錯誤，爬文看大家也遇過這個問題，但我沒有超過字數 沒有分段 英文也沒有'這個符號 薪資那欄也只有數字，我是從word複製過去的 整段跟分段複製都試","anonymousSchool":false,"anonymousDepartment":true,"pinned":false,"forumId":"5e4df604-ce17-49d0-a7bf-621022e76fc0","replyId":null,"createdAt":"2019-12-28T13:40:12.837Z","updatedAt":"2019-12-28T13:40:12.837Z","commentCount":8,"likeCount":3,"tags":["HIDE_THUMBNAIL"],"topics":["履歷"],"supportedReactions":null,"withNickname":false,"reportReason":"","hiddenByAuthor":false,"meta":{"layout":"classic"},"forumName":"航空","forumAlias":"aviation","school":"國立臺北護理健康大學","replyTitle":null,"gender":"F","personaSubscriptable":null,"reactions":[{"id":"286f599c-f86a-4932-82f0-f5a06f1eca03","count":3}],"hidden":false,"customStyle":null,"isSuspiciousAccount":false,"layout":"classic","withImages":false,"withVideos":false,"media":[],"reportReasonText":"","mediaMeta":[],"postAvatar":""}