{"id":232711010,"title":"2019華航空服備取","content":"各位航空板板友好\n\n上週的華航客艙組員招募收到備取通知\n但備取通知上面沒有任何體檢時間\n所以是等到華航官方一月中旬寄信後\n才能參加體檢嗎？\n\n另外想請問\n歷年來的華航備取遞補上的機率高嗎？\n有前輩有相關經驗的嗎？\n實在非常焦急😭😭\n希望有前輩們能給一點意見\n\n謝謝！","excerpt":"各位航空板板友好，上週的華航客艙組員招募收到備取通知，但備取通知上面沒有任何體檢時間，所以是等到華航官方一月中旬寄信後，才能參加體檢嗎？另外想請問，歷年來的華航備取遞補上的機率高嗎？有前輩有相關經驗的","anonymousSchool":false,"anonymousDepartment":false,"pinned":false,"forumId":"5e4df604-ce17-49d0-a7bf-621022e76fc0","replyId":null,"createdAt":"2019-12-18T09:07:19.005Z","updatedAt":"2019-12-18T09:07:19.005Z","commentCount":39,"likeCount":24,"tags":["HIDE_THUMBNAIL"],"topics":["華航","空服","空服員面試"],"supportedReactions":null,"withNickname":true,"reportReason":"","hiddenByAuthor":false,"meta":{"layout":"classic"},"forumName":"航空","forumAlias":"aviation","school":"Haaaa_c","department":"haaaa_c","replyTitle":null,"gender":"F","personaSubscriptable":true,"reactions":[{"id":"286f599c-f86a-4932-82f0-f5a06f1eca03","count":24}],"hidden":false,"customStyle":null,"isSuspiciousAccount":false,"layout":"classic","withImages":false,"withVideos":false,"media":[],"reportReasonText":"","mediaMeta":[],"postAvatar":""}