{"id":232765246,"title":"我也收到星宇航空的感謝信","content":"昨天晚上投的履歷，在今天收到信件\n雖然沒有入選，但其實很感動的是他們願意一個一個回覆，有一種至少有被看到的感覺ಥ_ಥ\n我的航空夢想才剛開始，還有很多需要學習的地方，希望這次收到感謝信的人也都不要灰心，繼續堅持有一天一定會成功的！❤️\nhttps://i.imgur.com/zhEZU1v.jpg","excerpt":"昨天晚上投的履歷，在今天收到信件，雖然沒有入選，但其實很感動的是他們願意一個一個回覆，有一種至少有被看到的感覺ಥ_ಥ，我的航空夢想才剛開始，還有很多需要學習的地方，希望這次收到感謝信的人也都不要灰心，","anonymousSchool":false,"anonymousDepartment":true,"pinned":false,"forumId":"5e4df604-ce17-49d0-a7bf-621022e76fc0","replyId":232744008,"createdAt":"2019-12-26T10:52:19.837Z","updatedAt":"2019-12-26T10:52:19.837Z","commentCount":7,"likeCount":29,"tags":[],"topics":["星宇航空"],"supportedReactions":null,"withNickname":false,"reportReason":"","hiddenByAuthor":false,"meta":{"layout":"classic"},"forumName":"航空","forumAlias":"aviation","school":"世新大學","replyTitle":"又是一封星宇航空感謝信","gender":"F","personaSubscriptable":null,"reactions":[{"id":"286f599c-f86a-4932-82f0-f5a06f1eca03","count":29}],"hidden":false,"customStyle":null,"isSuspiciousAccount":false,"layout":"classic","withImages":true,"withVideos":false,"media":[{"url":"https://i.imgur.com/zhEZU1v.jpg"}],"reportReasonText":"","mediaMeta":[{"id":"e1b5990d-7d19-4645-8269-8c899dcac272","url":"https://i.imgur.com/zhEZU1vl.jpg","normalizedUrl":"https://i.imgur.com/zhEZU1vl.jpg","thumbnail":"https://i.imgur.com/zhEZU1vl.jpg","type":"image/thumbnail","tags":["ANNOTATED"],"createdAt":"2019-12-26T10:52:19.837Z","updatedAt":"2019-12-26T10:52:19.837Z"},{"id":"e1b5990d-7d19-4645-8269-8c899dcac272","url":"https://i.imgur.com/zhEZU1v.jpg","normalizedUrl":"https://imgur.com/zhEZU1v","thumbnail":"https://i.imgur.com/zhEZU1vl.jpg","type":"image/imgur","tags":["ANNOTATED"],"createdAt":"2019-12-26T10:52:19.837Z","updatedAt":"2019-12-26T10:52:19.837Z"}],"postAvatar":""}