{"id":232766318,"title":"新航空服不小心按到送出","content":"不好意思打擾大家\n小的剛才犯了很難過的蠢錯\n就是我知道送出就不能更改\n在填寫報名履歷時\n我把第一部分資料填完\n因為每頁下面都有Next\n就很順的一頁一頁點\n誰知道資料第二頁下方的不是Next\n是Submit final answer...\n就這樣我的學歷工作經歷等都還沒填完就送出了\n然後也無法更改\n很崩潰因為我實在很重視\n不知道為什麼會犯這麼蠢的錯誤\n一直想找聯絡信箱 或是電話\n但是查了之前的文章都查不到官方詢問方式\n不曉得有沒有人知道空服詢問信箱\n真的希望大家要小心\n我每一頁下面都是下一頁\n不曉得第二頁就有“提交最終報名”……\n好難過……也很緊張","excerpt":"不好意思打擾大家，小的剛才犯了很難過的蠢錯，就是我知道送出就不能更改，在填寫報名履歷時，我把第一部分資料填完，因為每頁下面都有Next，就很順的一頁一頁點，誰知道資料第二頁下方的不是Next，是Sub","anonymousSchool":false,"anonymousDepartment":true,"pinned":false,"forumId":"5e4df604-ce17-49d0-a7bf-621022e76fc0","replyId":null,"createdAt":"2019-12-26T13:56:28.027Z","updatedAt":"2019-12-26T13:56:28.027Z","commentCount":19,"likeCount":16,"tags":[],"topics":["空服員"],"supportedReactions":null,"withNickname":false,"reportReason":"","hiddenByAuthor":false,"meta":{"layout":"classic"},"forumName":"航空","forumAlias":"aviation","school":"輔仁大學","replyTitle":null,"gender":"F","personaSubscriptable":null,"reactions":[{"id":"286f599c-f86a-4932-82f0-f5a06f1eca03","count":16}],"hidden":false,"customStyle":null,"isSuspiciousAccount":false,"layout":"classic","withImages":false,"withVideos":false,"media":[],"reportReasonText":"","mediaMeta":[],"postAvatar":""}