{"id":232723364,"title":"一個禮拜坐了五次飛機✈️","content":"本人目前正在杜拜實習，剛好有一個禮拜的假期可以完成人生第一次去歐洲旅遊的成就。\n這次買了土耳其航空的機票，價位中等且飛機餐蠻好吃的另外位子坐起來還算舒適，只不過要在伊斯坦堡轉機，所以從杜拜到歐洲來回就要搭四次飛機，然後我從德國到英國也是搭廉價航空，所以加起來總共在一個禮拜內搭了五次飛機！我本身非常喜歡搭飛機的感覺所以這次旅途也讓我滿足了在短時間內搭多次飛機的快感😄\nhttps://megapx.dcard.tw/v1/images/a8ccc4d3-7cd9-4c65-82dd-9e6137e05737/encode/1280\n🇦🇪清晨從杜拜出發 DXB-SAW\nhttps://megapx.dcard.tw/v1/images/c1d820dd-6adf-4454-b4e3-839b9fc36640/encode/1280\n🇹🇷抵達伊斯坦堡轉機 SAW-CDG\nhttps://megapx.dcard.tw/v1/images/4106f6b2-6fb3-43c0-ab5f-1c43838abf8e/encode/1280\n🇫🇷戴高樂機場降落CDG\nhttps://megapx.dcard.tw/v1/images/422a2d1f-a928-4e75-afed-927d3f5d2735/encode/1280\n🇩🇪從德國的多特蒙德機場搭easyjet DTM-LTN\nhttps://megapx.dcard.tw/v1/images/525b965f-9c8c-41da-8c65-19bdd83ee187/encode/1280\n🇬🇧抵達倫敦Luton airport LTN\nhttps://megapx.dcard.tw/v1/images/11e1407b-8a68-4aa9-93fd-5efc5a7d30af/encode/1280\n🇬🇧從倫敦Gatwick airport回杜拜 LGW-SAW-DXB","excerpt":"本人目前正在杜拜實習，剛好有一個禮拜的假期可以完成人生第一次去歐洲旅遊的成就。這次買了土耳其航空的機票，價位中等且飛機餐蠻好吃的另外位子坐起來還算舒適，只不過要在伊斯坦堡轉機，所以從杜拜到歐洲來回就要","anonymousSchool":false,"anonymousDepartment":true,"pinned":false,"forumId":"5e4df604-ce17-49d0-a7bf-621022e76fc0","replyId":null,"createdAt":"2019-12-20T02:48:42.163Z","updatedAt":"2019-12-20T02:53:22.878Z","commentCount":14,"likeCount":243,"tags":[],"topics":["飛機","土耳其航空","航空","旅遊"],"supportedReactions":null,"withNickname":false,"reportReason":"","hiddenByAuthor":false,"meta":{"layout":"classic"},"forumName":"航空","forumAlias":"aviation","school":"靜宜大學","replyTitle":null,"gender":"M","personaSubscriptable":false,"reactions":[{"id":"286f599c-f86a-4932-82f0-f5a06f1eca03","count":243}],"hidden":false,"customStyle":null,"isSuspiciousAccount":false,"layout":"classic","withImages":false,"withVideos":false,"media":[],"reportReasonText":"","mediaMeta":[{"id":"6ec145a4-a241-443b-92a0-9d58ade3db19","url":"https://megapx-assets.dcard.tw/images/a8ccc4d3-7cd9-4c65-82dd-9e6137e05737/640.jpeg","normalizedUrl":"https://megapx-assets.dcard.tw/images/a8ccc4d3-7cd9-4c65-82dd-9e6137e05737/640.jpeg","thumbnail":"https://megapx-assets.dcard.tw/images/a8ccc4d3-7cd9-4c65-82dd-9e6137e05737/640.jpeg","type":"image/thumbnail","tags":["ANNOTATED"],"createdAt":"2019-12-20T02:48:42.163Z","updatedAt":"2019-12-20T02:53:22.878Z","width":640,"height":480},{"id":"6ec145a4-a241-443b-92a0-9d58ade3db19","url":"https://megapx.dcard.tw/v1/images/a8ccc4d3-7cd9-4c65-82dd-9e6137e05737/encode/1280","normalizedUrl":"https://megapx.dcard.tw/v1/images/a8ccc4d3-7cd9-4c65-82dd-9e6137e05737","thumbnail":"https://megapx-assets.dcard.tw/images/a8ccc4d3-7cd9-4c65-82dd-9e6137e05737/640.jpeg","type":"image/megapx","tags":["ANNOTATED"],"createdAt":"2019-12-20T02:48:42.163Z","updatedAt":"2019-12-20T02:53:22.878Z","width":2000,"height":1500},{"id":"2069a2d6-d9e3-4deb-825a-df351de24b65","url":"https://megapx.dcard.tw/v1/images/c1d820dd-6adf-4454-b4e3-839b9fc36640/encode/1280","normalizedUrl":"https://megapx.dcard.tw/v1/images/c1d820dd-6adf-4454-b4e3-839b9fc36640","thumbnail":"https://megapx-assets.dcard.tw/images/c1d820dd-6adf-4454-b4e3-839b9fc36640/640.jpeg","type":"image/megapx","tags":["ANNOTATED"],"createdAt":"2019-12-20T02:48:42.163Z","updatedAt":"2019-12-20T02:53:22.878Z","width":1500,"height":2000},{"id":"3e762bee-17f4-4875-a9b7-d6afabe1bd1d","url":"https://megapx.dcard.tw/v1/images/4106f6b2-6fb3-43c0-ab5f-1c43838abf8e/encode/1280","normalizedUrl":"https://megapx.dcard.tw/v1/images/4106f6b2-6fb3-43c0-ab5f-1c43838abf8e","thumbnail":"https://megapx-assets.dcard.tw/images/4106f6b2-6fb3-43c0-ab5f-1c43838abf8e/640.jpeg","type":"image/megapx","tags":["ANNOTATED"],"createdAt":"2019-12-20T02:48:42.163Z","updatedAt":"2019-12-20T02:53:22.878Z","width":1125,"height":2000},{"id":"dfb6e893-1e84-4598-a6e2-02b4342b4281","url":"https://megapx.dcard.tw/v1/images/422a2d1f-a928-4e75-afed-927d3f5d2735/encode/1280","normalizedUrl":"https://megapx.dcard.tw/v1/images/422a2d1f-a928-4e75-afed-927d3f5d2735","thumbnail":"https://megapx-assets.dcard.tw/images/422a2d1f-a928-4e75-afed-927d3f5d2735/640.jpeg","type":"image/megapx","tags":["ANNOTATED"],"createdAt":"2019-12-20T02:48:42.163Z","updatedAt":"2019-12-20T02:53:22.878Z","width":1500,"height":2000},{"id":"91e731b3-3080-4b13-b748-be6fa248ec29","url":"https://megapx.dcard.tw/v1/images/525b965f-9c8c-41da-8c65-19bdd83ee187/encode/1280","normalizedUrl":"https://megapx.dcard.tw/v1/images/525b965f-9c8c-41da-8c65-19bdd83ee187","thumbnail":"https://megapx-assets.dcard.tw/images/525b965f-9c8c-41da-8c65-19bdd83ee187/640.jpeg","type":"image/megapx","tags":["ANNOTATED"],"createdAt":"2019-12-20T02:48:42.163Z","updatedAt":"2019-12-20T02:53:22.878Z","width":1125,"height":2000},{"id":"f413e3fa-70c0-448b-8c75-6cb3ffee9f6c","url":"https://megapx.dcard.tw/v1/images/11e1407b-8a68-4aa9-93fd-5efc5a7d30af/encode/1280","normalizedUrl":"https://megapx.dcard.tw/v1/images/11e1407b-8a68-4aa9-93fd-5efc5a7d30af","thumbnail":"https://megapx-assets.dcard.tw/images/11e1407b-8a68-4aa9-93fd-5efc5a7d30af/640.jpeg","type":"image/megapx","tags":["ANNOTATED"],"createdAt":"2019-12-20T02:48:42.163Z","updatedAt":"2019-12-20T02:53:22.878Z","width":1500,"height":2000}],"postAvatar":""}