{"id":232717255,"title":"#發問 航空資訊討論群組","content":"大家好\n之前在航空版上有看過航空考情資訊站或是一個屏科大男同學的發文主要是創一個考情交流的群組\n但現在刪掉了 也找不到\n而創群組的人是一個補習班的人\n所以有人再另創一個非補習班的新群組\n結果補習班的人卻說那是仿冒的群組（？？）\n因為非補習班的新群組裡面有航空考情站在網路上公開分享的文章\n於是補習班的人卻要大家支持正版 拒絕仿冒（？）\n是只有我覺得很奇怪嗎⋯⋯\n我覺得很奇怪的當下 群組裡就有人開始回應他\n可是那個人說的也沒有什麼錯 雖然蠻兇的😅\n但我仔細想想\n畢竟大家是來交流討論分享的\n但如果拿我們大家的資訊去發展補習班事業\n（雖然我不知道到底有沒有 但之前退群組的空服姐姐也覺得這樣不好）\n所以我後來還是退群了\n也不知道那個補習班的人怎麼回應\n聽說有另外的人去聯絡那個補習班關於這個群組的事情 也不知道後續發展如何\n但我覺得防人之心不可無 大家還是小心慎選\n\n總之 希望大家都能順利飛上藍天❤️","excerpt":"大家好，之前在航空版上有看過航空考情資訊站或是一個屏科大男同學的發文主要是創一個考情交流的群組，但現在刪掉了 也找不到，而創群組的人是一個補習班的人，所以有人再另創一個非補習班的新群組，結果補習班的人","anonymousSchool":false,"anonymousDepartment":true,"pinned":false,"forumId":"5e4df604-ce17-49d0-a7bf-621022e76fc0","replyId":null,"createdAt":"2019-12-19T05:50:29.242Z","updatedAt":"2019-12-19T05:50:29.242Z","commentCount":10,"likeCount":13,"tags":["HIDE_THUMBNAIL"],"topics":["航空","資訊","群組"],"supportedReactions":null,"withNickname":false,"reportReason":"","hiddenByAuthor":false,"meta":{"layout":"classic"},"forumName":"航空","forumAlias":"aviation","school":"銘傳大學","replyTitle":null,"gender":"F","personaSubscriptable":null,"reactions":[{"id":"286f599c-f86a-4932-82f0-f5a06f1eca03","count":13}],"hidden":false,"customStyle":null,"isSuspiciousAccount":false,"layout":"classic","withImages":false,"withVideos":false,"media":[],"reportReasonText":"","mediaMeta":[],"postAvatar":""}