{"id":232762814,"title":"#分享 空服/地勤考試經驗（文長）","content":"大家好,\n我是ST(應該有些人知道我是誰，但是這不是重點XD)\n \n以下開始正文分享,但有些真的久遠了記不得，順序也不是按照面試順序排XD\n以報名起始日來歸類年份的話\n---------------------2018年---------------------------\n \n菲律賓亞航空服(當天知道結果)\n第一面pass(六個人一批，一個考官對一個考生同時進行一些問答),\n第二面團體活動failed(十幾個一組演戲)\n \n \n全日空ANA 空服\n十個一組(考官問問題，每個人回答，最後十取一) failed\n \n \n卡達空服\nOpen day failed\n \n \n新航空服\n第一次投書審就fail\n第二次投，錄完DI，被邀請去面試，到團體辯論 failed\n \n \n日航空服/地勤\n書審都過\n空服第一面(三考官對六考生，問一些daily life的事情)→failed\n地勤當天因為有事情沒去面試QQ\n \n \n長榮/立榮地勤\n書審怎麼投，就是不過\n \n \n虎航空服(從這邊開始有點記憶了XD)\n初試: 外面看英文短文，進去走指定路線+念短文，結束\n最終結果: 初試failed\n \n \n虎航地勤\n初試內容似虎航空服\n最終結果: 初試failed\n \n \n-----------------------Ho ho ho 來到了2019年------------------------------\n2019\n \n新航空服: 第三次考\n最後結果:DI完，failed\n \n \n國泰空服\nDI完被邀請去final interview, 要進行中文測驗、面試是一次很多人進行, 1對1(現場真的很吵，會問一些當空服的基本問題)\n最後結果: 最終面試完failed\n \n \n長榮空服\n我懶得打了，這可以分享太多了\n請看 https://www.dcard.tw/f/job/p/231725486\n最後結果: 複試完failed\n \n然後從長榮考完試之後，我開始思索，為什麼這次又失敗\n(之前都沒有思考，之前都是抱持著僥倖、得過且過的態度去面試，所以我都不記得2018的面試XD)\n後來開始在DCARD上面加了讀書會(桃園區)\n練習了一些地方，看看不同人的面試方法、聽聽不同人對我的指教，我想這就是一個轉折吧\n之後\n \n \n虎航空服\n一次面試: 扣掉摸高、審查資料，一樣外面可以先看稿，進去走指定路線，關門，結束)\n二次面試: 外面先抽問題，進去先中文自我介紹，\n再來英文回答你抽到的問題，再來看考官有沒有想追問的，但我沒被問，我那組只有一個被問\n最後結果: failed\n \n \n華航空服\n書審就掰掰了\n \n \n日航地勤\n書審pass→一面(四個考官對五個考生，也是問一些基本問題) →failed\n \n \n華信地勤\n一面的考試內容跟虎航初試其實都差不多\n二面考試方式更加輕鬆，不過真的都會注重問交通跟住的方面這一塊去著墨\n最終結果: 收到備取通知\n \n \n虎航地勤\n一面pass(同2018方式)\n二面(我穿藍色polo衫，第一間考試間Z)面試也是一樣，外面抽題目，進去後中文自我介紹、英文回答抽到的題目，\n然後我被追問一個問題，同組也是有其他3個被問(但不知道他們結果如何)\n最終結果: 收到體檢通知\n \n長榮到虎航地勤的期間，其實一樣天天看文章(DCARD)\n有時候還會去留言，但都用學校去留言XD\n每一篇文章、每一則留言都會有一些資訊，把它吸收化成養分都會成長不少\n當然還是要懂得分辨真假拉，以及要養成爬文的習慣，跟耐心毅力的磨練\n \n然而其實當初考完長榮後會報地勤是因為想多一些面試的實戰經驗\n俗話說practice makes perfect就是這樣吧\n \n讀書會的幫助，見仁見智，對我來說是不小\n現在已經養成看到考官都不會緊張(像是虎航的考官已經看到好多熟面孔了XD)\n \n現階段目標還是空服，不過沒意外就會去虎航地勤多學一些技巧跟知識吧(如果體檢沒被刷的話)\n共勉之。\n \n蘿西我來了(如果你有看到的話XD)","excerpt":"大家好，我是ST（應該有些人知道我是誰，但是這不是重點XD），以下開始正文分享，但有些真的久遠了記不得，順序也不是按照面試順序排XD，以報名起始日來歸類年份的話，-------------------","anonymousSchool":false,"anonymousDepartment":false,"pinned":false,"forumId":"5e4df604-ce17-49d0-a7bf-621022e76fc0","replyId":null,"createdAt":"2019-12-26T03:47:03.684Z","updatedAt":"2019-12-26T03:47:03.684Z","commentCount":45,"likeCount":264,"tags":["HIDE_THUMBNAIL"],"topics":["地勤","空服","航空","空服員","航空業"],"supportedReactions":null,"withNickname":true,"reportReason":"","hiddenByAuthor":false,"meta":{"layout":"classic"},"forumName":"航空","forumAlias":"aviation","school":"ST","department":"sugarfreetang","replyTitle":null,"gender":"M","personaSubscriptable":false,"reactions":[{"id":"286f599c-f86a-4932-82f0-f5a06f1eca03","count":263},{"id":"e8e6bc5d-41b0-4129-b134-97507523d7ff","count":1}],"hidden":false,"customStyle":null,"isSuspiciousAccount":false,"layout":"classic","withImages":false,"withVideos":false,"media":[],"reportReasonText":"","mediaMeta":[],"postAvatar":""}