{"id":232753647,"title":"地勤履歷大頭照/高雄","content":"大家好！\n因為離畢業有一段時間了\n想重拍大頭照\n想請問大家有沒有推薦高雄拍大頭照的地方\n自然，不要修太大為主\n爬過文但大部分推薦的都在北部\n實在是沒錢也沒閒QQ\n高雄的部分好像比較少人分享\n要不然就是有點像葉小姐的文章\n還有想請問\n有些網路知名拍攝店的求職照範例\n有些有點微側身，那種可以嗎\n麻煩大大不吝分享了，感謝","excerpt":"大家好！，因為離畢業有一段時間了，想重拍大頭照，想請問大家有沒有推薦高雄拍大頭照的地方，自然，不要修太大為主，爬過文但大部分推薦的都在北部，實在是沒錢也沒閒QQ，高雄的部分好像比較少人分享，要不然就是","anonymousSchool":false,"anonymousDepartment":false,"pinned":false,"forumId":"5e4df604-ce17-49d0-a7bf-621022e76fc0","replyId":null,"createdAt":"2019-12-24T15:41:30.270Z","updatedAt":"2019-12-24T15:41:30.270Z","commentCount":18,"likeCount":9,"tags":["HIDE_THUMBNAIL"],"topics":["高雄","大頭照","履歷","地勤"],"supportedReactions":null,"withNickname":true,"reportReason":"","hiddenByAuthor":false,"meta":{"layout":"classic"},"forumName":"航空","forumAlias":"aviation","school":"鄉下野孩紙","department":"appleword","replyTitle":null,"gender":"F","personaSubscriptable":false,"reactions":[{"id":"286f599c-f86a-4932-82f0-f5a06f1eca03","count":9}],"hidden":false,"customStyle":null,"isSuspiciousAccount":false,"layout":"classic","withImages":false,"withVideos":false,"media":[],"reportReasonText":"","mediaMeta":[],"postAvatar":""}