{"id":232707970,"title":"星宇會籍","content":"好像很少人討論\n2020年底前可以持各家航空會員可以match同等級星宇會籍\n會籍保有4年\n個人想法是\n星宇保級制度分別為\nAdventure: 12個月累積30000/25個航段\nExplorer : 12個月累積50000/50個航段\nINSIGHTER: 12個月累積120,000/100個航段\n就這樣看來以現在的航段很難飛出保級來，所以個人猜測大概4年內會飛國際航線，老實說星宇的會籍沒有讓人很想match過來..個人有星盟金卡、天合的超級菁英，實在沒有興趣想要match。\n目前星宇放出的里程兌換表格，也沒有特殊亮點，不過最後的舉例滿像是長榮和華航的外站出發的開票算是一個有趣的點。\n最後大概就是台灣航空公司終於有家庭帳戶摟~~~~不過除了配偶以外都限制20歲以下..這點真心糟糕..不過想想老闆是誰後就釋懷了（攤手，還是希望跟日本一樣給2等親以內的人還比較好..\n\n結論就是...星宇會籍跟兌換表格完全沒亮點啊（翻桌。\n至於明年再考慮要不要match過去高卡了","excerpt":"好像很少人討論，2020年底前可以持各家航空會員可以match同等級星宇會籍，會籍保有4年，個人想法是，星宇保級制度分別為，Adventure： 12個月累積30000/25個航段，Explorer ","anonymousSchool":false,"anonymousDepartment":true,"pinned":false,"forumId":"5e4df604-ce17-49d0-a7bf-621022e76fc0","replyId":null,"createdAt":"2019-12-17T20:20:41.544Z","updatedAt":"2019-12-17T20:20:41.544Z","commentCount":7,"likeCount":6,"tags":["HIDE_THUMBNAIL"],"topics":["星宇","航空","航空板"],"supportedReactions":null,"withNickname":false,"reportReason":"","hiddenByAuthor":false,"meta":{"layout":"classic"},"forumName":"航空","forumAlias":"aviation","school":"加州州立大學富勒頓分校","replyTitle":null,"gender":"M","personaSubscriptable":false,"reactions":[{"id":"286f599c-f86a-4932-82f0-f5a06f1eca03","count":6}],"hidden":false,"customStyle":null,"isSuspiciousAccount":false,"layout":"classic","withImages":false,"withVideos":false,"media":[],"reportReasonText":"","mediaMeta":[],"postAvatar":""}