{"id":232744008,"title":"又是一封星宇航空感謝信","content":"前不久投了星宇航空空服標準人員的職缺，想說哇這次沒有秒收到感謝信，應該是有希望，等了快兩個禮拜還安排好要去拜拜保佑能有面試的機會，結果剛剛就收到了感謝信⋯\n投行政助理/工讀，被發感謝信，我可以理解可能職缺要保留給身心障礙人士\n但這次投的空服標準人員，我可以說每一項要求我都符合啊⋯甚至在外商航空公司實習過，真的很不懂他們的人才需求是什麼\n經歷過這麼多次的失敗，連入場卷都得不到，已經不知道要不要繼續下去了⋯","excerpt":"前不久投了星宇航空空服標準人員的職缺，想說哇這次沒有秒收到感謝信，應該是有希望，等了快兩個禮拜還安排好要去拜拜保佑能有面試的機會，結果剛剛就收到了感謝信⋯，投行政助理/工讀，被發感謝信，我可以理解可能","anonymousSchool":false,"anonymousDepartment":true,"pinned":false,"forumId":"5e4df604-ce17-49d0-a7bf-621022e76fc0","replyId":null,"createdAt":"2019-12-23T08:50:17.837Z","updatedAt":"2019-12-23T08:50:17.837Z","commentCount":205,"likeCount":182,"tags":["HIDE_THUMBNAIL"],"topics":["星宇航空"],"supportedReactions":null,"withNickname":false,"reportReason":"","hiddenByAuthor":false,"meta":{"layout":"classic"},"forumName":"航空","forumAlias":"aviation","school":"中華科技大學","replyTitle":null,"gender":"F","personaSubscriptable":false,"reactions":[{"id":"286f599c-f86a-4932-82f0-f5a06f1eca03","count":182}],"hidden":false,"customStyle":null,"isSuspiciousAccount":false,"layout":"classic","withImages":false,"withVideos":false,"media":[],"reportReasonText":"","mediaMeta":[],"postAvatar":""}