{"id":232769894,"title":"旅行社開票可以累積哩程嗎？","content":"各位學長好\n小弟透過旅行社開華航機票，只單買機票而已\n來回開的艙等是分別是R、N\n華航官網上R、N是可以累積哩程的（雖然很少\n但平時大眾認知從旅行社買票是不能累積（？\n還是是只跟團的那種機票？\n抑或是只要符合能累積哩程的艙等，不管跟誰買都能累積嗎？","excerpt":"各位學長好，小弟透過旅行社開華航機票，只單買機票而已，來回開的艙等是分別是R、N，華航官網上R、N是可以累積哩程的（雖然很少，但平時大眾認知從旅行社買票是不能累積（？還是是只跟團的那種機票？抑或是只要","anonymousSchool":false,"anonymousDepartment":true,"pinned":false,"forumId":"5e4df604-ce17-49d0-a7bf-621022e76fc0","replyId":null,"createdAt":"2019-12-27T05:59:52.809Z","updatedAt":"2019-12-27T05:59:52.809Z","commentCount":16,"likeCount":2,"tags":["HIDE_THUMBNAIL"],"topics":["開票","旅行社","累積"],"supportedReactions":null,"withNickname":false,"reportReason":"","hiddenByAuthor":false,"meta":{"layout":"classic"},"forumName":"航空","forumAlias":"aviation","school":"致理科技大學","replyTitle":null,"gender":"M","personaSubscriptable":false,"reactions":[{"id":"286f599c-f86a-4932-82f0-f5a06f1eca03","count":2}],"hidden":false,"customStyle":null,"isSuspiciousAccount":false,"layout":"classic","withImages":false,"withVideos":false,"media":[],"reportReasonText":"","mediaMeta":[],"postAvatar":""}