{"id":232760835,"title":"#急 訂機票名字錯了一個字","content":"最近訂了trip網站的長榮機票\n結果打姓HUANG打成HUAHG不小心錯了一個字！\n打去長榮客服問他說不能直接去臨櫃辦理更改\n因為不是官網買的⋯\n打去trip客服說他們要去問長榮⋯\n請問怎麼辦？？？確定能改嗎？？","excerpt":"最近訂了trip網站的長榮機票，結果打姓HUANG打成HUAHG不小心錯了一個字！，打去長榮客服問他說不能直接去臨櫃辦理更改，因為不是官網買的⋯，打去trip客服說他們要去問長榮⋯，請問怎麼辦？？？確","anonymousSchool":false,"anonymousDepartment":true,"pinned":false,"forumId":"5e4df604-ce17-49d0-a7bf-621022e76fc0","replyId":null,"createdAt":"2019-12-25T16:28:02.388Z","updatedAt":"2019-12-25T16:28:02.388Z","commentCount":13,"likeCount":6,"tags":["HIDE_THUMBNAIL"],"topics":["訂機票","名字","長榮航空"],"supportedReactions":null,"withNickname":false,"reportReason":"","hiddenByAuthor":false,"meta":{"layout":"classic"},"forumName":"航空","forumAlias":"aviation","school":"亞東技術學院","replyTitle":null,"gender":"F","personaSubscriptable":null,"reactions":[{"id":"286f599c-f86a-4932-82f0-f5a06f1eca03","count":5},{"id":"e8e6bc5d-41b0-4129-b134-97507523d7ff","count":1}],"hidden":false,"customStyle":null,"isSuspiciousAccount":false,"layout":"classic","withImages":false,"withVideos":false,"media":[],"reportReasonText":"","mediaMeta":[],"postAvatar":""}