{"id":232765559,"title":"新加坡航空✈️DI面試相關問題","content":"我是在12/21提出線上申請，12/26就收到DI通知（外商航空效率真的很快），這次線上申請，是不用提供CV的，看板上有很多人分享題目，\n但是我對於服裝和頭髮有很大的問題😂，我找過很多資料，有的人是穿洋裝綁公主頭，有的是穿應試服，想詢問大家是穿什麼服裝做DI面試的～\n另外希望有好心人可以分享群組讓我加入🙏\n祝大家都可以順利飛上藍天🎉🎉","excerpt":"我是在12/21提出線上申請，12/26就收到DI通知（外商航空效率真的很快），這次線上申請，是不用提供CV的，看板上有很多人分享題目，但是我對於服裝和頭髮有很大的問題，我找過很多資料，有的人是穿洋裝","anonymousSchool":false,"anonymousDepartment":false,"pinned":false,"forumId":"5e4df604-ce17-49d0-a7bf-621022e76fc0","replyId":null,"createdAt":"2019-12-26T11:54:36.685Z","updatedAt":"2019-12-26T11:54:36.685Z","commentCount":25,"likeCount":12,"tags":["HIDE_THUMBNAIL"],"topics":[],"supportedReactions":null,"withNickname":false,"reportReason":"","hiddenByAuthor":false,"meta":{"layout":"classic"},"forumName":"航空","forumAlias":"aviation","school":"國立臺北大學","department":"經濟學系","replyTitle":null,"gender":"F","personaSubscriptable":null,"reactions":[{"id":"286f599c-f86a-4932-82f0-f5a06f1eca03","count":12}],"hidden":false,"customStyle":null,"isSuspiciousAccount":false,"layout":"classic","withImages":false,"withVideos":false,"media":[],"reportReasonText":"","mediaMeta":[],"postAvatar":""}