{"id":232750625,"title":"#分享 2019年底虎航地勤複試","content":"第一次在低卡分享面試經驗\r這篇算是抒發\r昨天看著好多人都收到了體檢,恭喜啦\r剛剛收到遺珠信了,心裡也覺得酸酸的\n\r\r複試通知有寫說要穿polo衫\r我找了PCHOME的24小時到貨真的很快 (晚上7點下訂,隔天早上10點左右收到)\r貼到群組後，聽說後來賣光光了XDDDDDD\r\r\r這次複試也跟2019年的空服一樣\r中文自我介紹一分鐘左右+抽題目以英文回答 (總共大約4分鐘)\r\r我抽到的題目是：最喜歡的食物\r我的回答翻成中文是：我最喜歡的食物是麻油雞佛 (Sesame oil chicken testicles)，這不只是我喜歡的食物，也是我爸爸喜歡的。我爸爸星期六常常要加班，他上班很辛苦，所以我會去市場買雞佛回家煮，為了讓他開心而且也不會那麼累。老實說，這個面試結束之後，我就要去市場買雞佛了\r(這回答可能會被認識ㄉ朋友認出XD)\r\r另外也有被問到現在的工作跟這個職位沒太多相關,可以輪班嗎?\r全程保持微笑\r聽到其他人的題目有:工作最驕傲的事/做過最衝動的事/最喜歡的國家和文化\r\r\r老實說這次是我自己覺得最順的一次\r雖然沒有收到體檢...\r汲汲營營的路途上或許跌跌撞撞,或許跌跤數十回\r讓我瀟灑哭一回,我還是會繼續努力T____T\r\r下次被問到最喜歡的食物,不要再跟我一樣回答雞佛了\r(也許我應該針對食物的本身和味道做更多的介紹吧? 知道的人歡迎給我建議嗚嗚)\r\r\r\r祝福各位達成目標","excerpt":"第一次在低卡分享面試經驗\r這篇算是抒發\r昨天看著好多人都收到了體檢，恭喜啦\r剛剛收到遺珠信了，心裡也覺得酸酸的，複試通知有寫說要穿polo衫\r我找了PCHOME的24小時到貨真的很快 （晚上7點下訂，","anonymousSchool":false,"anonymousDepartment":true,"pinned":false,"forumId":"5e4df604-ce17-49d0-a7bf-621022e76fc0","replyId":null,"createdAt":"2019-12-24T08:01:43.677Z","updatedAt":"2019-12-24T16:11:43.383Z","commentCount":9,"likeCount":28,"tags":["HIDE_THUMBNAIL"],"topics":["虎航","地勤","航空","航空業"],"supportedReactions":null,"withNickname":false,"reportReason":"","hiddenByAuthor":false,"meta":{"layout":"classic"},"forumName":"航空","forumAlias":"aviation","school":"東吳大學","replyTitle":null,"gender":"F","personaSubscriptable":false,"reactions":[{"id":"286f599c-f86a-4932-82f0-f5a06f1eca03","count":28}],"hidden":false,"customStyle":null,"isSuspiciousAccount":false,"layout":"classic","withImages":false,"withVideos":false,"media":[],"reportReasonText":"","mediaMeta":[],"postAvatar":""}