{"id":232782854,"title":"#發問 新航複檢問題","content":"在上一次招募時面試到了最後試穿制服及膚況檢查的關卡，但因為當時膚況不佳長了幾個痘痘被要求下一次招募時直接到最後一關複檢\n\n想詢問是否有版友有被招回複檢的相關經驗，以及是否需要重新投遞履歷還是公司會另行通知呢？🙏🏻🙏🏻🙏🏻\n\n（第一次發文若有違反版規再麻煩協助告知，我會立即修改的😖也預祝大家這次面試順利💪🏻）","excerpt":"在上一次招募時面試到了最後試穿制服及膚況檢查的關卡，但因為當時膚況不佳長了幾個痘痘被要求下一次招募時直接到最後一關複檢，想詢問是否有版友有被招回複檢的相關經驗，以及是否需要重新投遞履歷還是公司會另行通","anonymousSchool":false,"anonymousDepartment":true,"pinned":false,"forumId":"5e4df604-ce17-49d0-a7bf-621022e76fc0","replyId":null,"createdAt":"2019-12-29T09:04:26.050Z","updatedAt":"2019-12-29T09:04:26.050Z","commentCount":10,"likeCount":10,"tags":["HIDE_THUMBNAIL"],"topics":["航空","航空業","空服員面試","面試","航空板"],"supportedReactions":null,"withNickname":false,"reportReason":"","hiddenByAuthor":false,"meta":{"layout":"classic"},"forumName":"航空","forumAlias":"aviation","school":"銘傳大學","replyTitle":null,"gender":"F","personaSubscriptable":null,"reactions":[{"id":"286f599c-f86a-4932-82f0-f5a06f1eca03","count":10}],"hidden":false,"customStyle":null,"isSuspiciousAccount":false,"layout":"classic","withImages":false,"withVideos":false,"media":[],"reportReasonText":"","mediaMeta":[],"postAvatar":""}