{"id":232708934,"title":"#1207 華航複試心得分享","content":"受到版上大家的面試分享以及準備過程，今天換我給大家一些面試的過程心得感想～不過內容可能會有點抒發自己心裡情緒，如果不喜歡看的人可能要麻煩你略過了！\n\n簡單背景介紹：\n女/應屆畢業生\n有正職工作非服務業\n多益800/博思60\n\n\n流程分享：\n\n1.審文件\n一到華航大樓刷完身分證，就會直接請你上4樓，不會跟初試一樣先在2樓大廳等待，上4樓之後一樣要繳和初試相同的文件，他們還會再審一次，而且這次還要再準備複印的版本，大家真的記得都要準備好，不然還要匆匆忙忙去便利商便影印真的會影響自己面試的心情\n\n2.拍照\n審完文件後，一樣會給你面試編號貼在胸前，現場的工作人員會請你把東西放好後，走到大家等待區的最前方拍照，跟我之前在網路上爬文的不一樣，這次是自己拍，沒有跟立牌一起拍，也不用同場面試的人一起拍\n\n3.職能測驗\n應該不能說是職能測驗，比較偏向是在測驗你的個性的，10分鐘120題，很多人都說這裡順順的不要思考趕快寫完就對了，偏偏我在這個時候想很多，我來不及交卷...超想殺死自己的QQ，雖然我問工作人員，他說沒關係系統會記錄，不過我覺得有可能我在這裡摔了一大跤了....\n\n4.面試\n我是Y組面試的，在進去面試前，華航的空服姊姊都會再三提醒不可以說自己的名字，不可以跟其他人交談，可以先放輕鬆的坐，我不會在意的，然後還很親切的說加油！過了今天就解脫了！人真的很好～～\n進去時一樣是和面試官打招呼，後走S線的台步，面試官一共有7~8位(有點忘記了，我記得男女很平均)，然後面試6個人，面試官人都笑笑的，請我們自我介紹30秒不限語言(但也沒特別計時，有人也講了大概1分鐘)，請大家回答相同的題目(搶答，但都要回答)，這樣就結束了~\n\n\n------------------------------------------------------------------------------------------------------------------------\n最後是我自己小小的心情抒發(不想看可以略過)\n我其實準備考空服的時間不算太長，我大概是9月底的時候才開始下定決心考空服，10月開始參加讀書會，然後過程中有投過虎航履歷，不過書審就沒過了，所以華航是我人生第一場空服面試！\n華航是我第一志願，結果第一場就要面對華航面試其實真的壓力蠻大的，所以我瘋狂上網爬文，準備廣播詞、自我介紹等等\n不知道是不是因為第一次面試覺得很新奇也很幸運，一路到了複試，而且我覺得我在最後面試的表現還蠻不錯的，至少我在自我介紹和回答問題都有讓考官笑，我覺得蠻開心的，也覺得應該錄取的機會會蠻大的，可是最後還是沒有通過複試...一直覺得有可能真的是因為我的職測的關係，才會變成這樣，也因為這個結果難過蠻久的，所以才決定到這裡發文算是抒發自己心裡的不愉快吧\n最後真的覺得選擇走這條路真的很辛苦，能夠一次考上空服的人真的都很了不起，只要一個不小心就很容易失去這個機會，我也正在學習調適面對失敗的心情\n發這個文除了是鼓勵自己不要再陷入這樣的悲傷情緒之中，同時也鼓勵同樣走在這條路上的夥伴，一起努力朝著這條路前進，一起努力飛上天：）","excerpt":"受到版上大家的面試分享以及準備過程，今天換我給大家一些面試的過程心得感想～不過內容可能會有點抒發自己心裡情緒，如果不喜歡看的人可能要麻煩你略過了！，簡單背景介紹：女/應屆畢業生，有正職工作非服務業，多","anonymousSchool":false,"anonymousDepartment":true,"pinned":false,"forumId":"5e4df604-ce17-49d0-a7bf-621022e76fc0","replyId":null,"createdAt":"2019-12-18T03:10:24.567Z","updatedAt":"2019-12-18T15:55:07.371Z","commentCount":26,"likeCount":1251,"tags":["HIDE_THUMBNAIL"],"topics":["華航","面試心得","空服員面試","空服員"],"supportedReactions":null,"withNickname":false,"reportReason":"","hiddenByAuthor":false,"meta":{"layout":"classic"},"forumName":"航空","forumAlias":"aviation","school":"輔仁大學","replyTitle":null,"gender":"F","personaSubscriptable":false,"reactions":[{"id":"286f599c-f86a-4932-82f0-f5a06f1eca03","count":1249},{"id":"514c2569-fd53-4d9d-a415-bf0f88e7329f","count":2}],"hidden":false,"customStyle":null,"isSuspiciousAccount":false,"layout":"classic","withImages":false,"withVideos":false,"media":[],"reportReasonText":"","mediaMeta":[],"postAvatar":""}