{"id":232899154,"title":"#發問 🌍EVA AIR培訓機師","content":"不好意思 打擾一下版上各位\n想請問有沒有前輩也是大約在12底投遞長榮航空培訓機師履歷 但已經有收到筆試通知\n\n目前已經過了兩個多禮拜 仍是沒有收到信\n小弟的多益成績為960. S/W:150/190\n不知道是不是口說方面成績還不夠 一直沒收到通知🥺","excerpt":"不好意思 打擾一下版上各位，想請問有沒有前輩也是大約在12底投遞長榮航空培訓機師履歷 但已經有收到筆試通知，目前已經過了兩個多禮拜 仍是沒有收到信，小弟的多益成績為960. S/W：150/190，不","anonymousSchool":false,"anonymousDepartment":false,"pinned":false,"forumId":"5e4df604-ce17-49d0-a7bf-621022e76fc0","replyId":null,"createdAt":"2020-01-16T02:39:20.605Z","updatedAt":"2020-01-16T02:39:20.605Z","commentCount":23,"likeCount":9,"tags":["HIDE_THUMBNAIL"],"topics":["機師","長榮航空","詢問"],"supportedReactions":null,"withNickname":true,"reportReason":"","hiddenByAuthor":false,"meta":{"layout":"classic"},"forumName":"航空","forumAlias":"aviation","school":"果粉拿去炸","department":"pilot_lcy","replyTitle":null,"gender":"M","personaSubscriptable":null,"reactions":[{"id":"286f599c-f86a-4932-82f0-f5a06f1eca03","count":9}],"hidden":false,"customStyle":null,"isSuspiciousAccount":false,"layout":"classic","withImages":false,"withVideos":false,"media":[],"reportReasonText":"","mediaMeta":[],"postAvatar":""}