{"id":232853085,"title":"#航空 #星宇航空","content":"https://megapx-assets.dcard.tw/images/7296cb0a-3e50-4d7e-ab88-d21ec3e3989e/1280.jpeg\n稍早準備要睡覺的時候，手機突然來了一封mail，點開看居然是星宇航空的信件！！\n請問各位前輩們 航機清潔人員的面試甄試的流程是怎麼樣的呢⋯⋯爬文都沒這個職缺的文章⋯\n\nPS.我這個英文程度不好的人準備去當砲灰了","excerpt":"稍早準備要睡覺的時候，手機突然來了一封mail，點開看居然是星宇航空的信件！！，請問各位前輩們 航機清潔人員的面試甄試的流程是怎麼樣的呢⋯⋯爬文都沒這個職缺的文章⋯，PS.我這個英文程度不好的人準備去","anonymousSchool":false,"anonymousDepartment":true,"pinned":false,"forumId":"5e4df604-ce17-49d0-a7bf-621022e76fc0","replyId":null,"createdAt":"2020-01-08T16:12:19.484Z","updatedAt":"2020-01-08T16:27:30.631Z","commentCount":48,"likeCount":108,"tags":[],"topics":["星宇航空","地勤","面試","航空板","招募"],"supportedReactions":null,"withNickname":false,"reportReason":"","hiddenByAuthor":false,"meta":{"layout":"classic"},"forumName":"航空","forumAlias":"aviation","school":"環球科技大學","replyTitle":null,"gender":"M","personaSubscriptable":null,"reactions":[{"id":"286f599c-f86a-4932-82f0-f5a06f1eca03","count":107},{"id":"e8e6bc5d-41b0-4129-b134-97507523d7ff","count":1}],"hidden":false,"customStyle":null,"isSuspiciousAccount":false,"layout":"classic","withImages":true,"withVideos":false,"media":[{"url":"https://megapx-assets.dcard.tw/images/7296cb0a-3e50-4d7e-ab88-d21ec3e3989e/1280.jpeg"}],"reportReasonText":"","mediaMeta":[{"id":"a63d0258-e544-47a0-aafc-478992fa316b","url":"https://megapx-assets.dcard.tw/images/7296cb0a-3e50-4d7e-ab88-d21ec3e3989e/640.jpeg","normalizedUrl":"https://megapx-assets.dcard.tw/images/7296cb0a-3e50-4d7e-ab88-d21ec3e3989e/640.jpeg","thumbnail":"https://megapx-assets.dcard.tw/images/7296cb0a-3e50-4d7e-ab88-d21ec3e3989e/640.jpeg","type":"image/thumbnail","tags":[],"createdAt":"2020-01-08T16:27:30.631Z","updatedAt":"2020-01-08T16:27:30.631Z","width":296,"height":640},{"id":"a63d0258-e544-47a0-aafc-478992fa316b","url":"https://megapx-assets.dcard.tw/images/7296cb0a-3e50-4d7e-ab88-d21ec3e3989e/1280.jpeg","normalizedUrl":"https://megapx.dcard.tw/v1/images/7296cb0a-3e50-4d7e-ab88-d21ec3e3989e","thumbnail":"https://megapx-assets.dcard.tw/images/7296cb0a-3e50-4d7e-ab88-d21ec3e3989e/640.jpeg","type":"image/megapx","tags":[],"createdAt":"2020-01-08T16:27:30.631Z","updatedAt":"2020-01-08T16:27:30.631Z","width":925,"height":2000}],"postAvatar":""}