{"id":232865696,"title":"大家好～請問板上有航空公司人資招募嗎？","content":"大家好～\n想請問板上有航空公司的人資招募組嗎？\n我的狀況是我有聽說空服最後錄取階段都有傳說中的身家調查。想請問身家調查有人知道是調查哪方面呢？如：有無犯罪紀錄/ 工作經歷/學歷/健康狀況⋯⋯等等嗎？\n因為本人是確定無犯罪紀錄，但直系親屬中有人有過些法律糾紛⋯另外還有小時候得過哮喘⋯不知道會不會受到影響⋯\n\n謝謝大家 期待神人的回覆","excerpt":"大家好～想請問板上有航空公司的人資招募組嗎？我的狀況是我有聽說空服最後錄取階段都有傳說中的身家調查。想請問身家調查有人知道是調查哪方面呢？如：有無犯罪紀錄/ 工作經歷/學歷/健康狀況⋯⋯等等嗎？因為本","anonymousSchool":false,"anonymousDepartment":true,"pinned":false,"forumId":"5e4df604-ce17-49d0-a7bf-621022e76fc0","replyId":null,"createdAt":"2020-01-10T14:09:08.021Z","updatedAt":"2020-01-10T14:09:08.021Z","commentCount":5,"likeCount":9,"tags":["HIDE_THUMBNAIL"],"topics":["航空公司","人資","航空","空服員","航空業"],"supportedReactions":null,"withNickname":false,"reportReason":"","hiddenByAuthor":false,"meta":{"layout":"classic"},"forumName":"航空","forumAlias":"aviation","school":"淡江大學","replyTitle":null,"gender":"F","personaSubscriptable":false,"reactions":[{"id":"286f599c-f86a-4932-82f0-f5a06f1eca03","count":9}],"hidden":false,"customStyle":null,"isSuspiciousAccount":false,"layout":"classic","withImages":false,"withVideos":false,"media":[],"reportReasonText":"","mediaMeta":[],"postAvatar":""}