{"id":232813200,"title":"星宇航空客服專員應徵","content":"上個月投了星宇的地勤職缺，到現在還是審核中😭\n剛才從星宇的官網登入帳戶發現!!!\nhttps://i.imgur.com/CXQJnys.jpg\n\n上面寫我沒投遞任何職缺啊???\n\n該不會這是我一直沒下文的原因吧😂😂😂\n想知道有沒有人知道…嗚嗚該不會我少了什麼步驟\n在那邊扣扣蛋😵😵😵\n\n不過信箱是有收到星宇的履歷管理系統\n應該也許好像可能還是有投成功吧？","excerpt":"上個月投了星宇的地勤職缺，到現在還是審核中，剛才從星宇的官網登入帳戶發現！！！，上面寫我沒投遞任何職缺啊？？？該不會這是我一直沒下文的原因吧，想知道有沒有人知道…嗚嗚該不會我少了什麼步驟，在那邊扣扣蛋","anonymousSchool":false,"anonymousDepartment":true,"pinned":false,"forumId":"5e4df604-ce17-49d0-a7bf-621022e76fc0","replyId":null,"createdAt":"2020-01-02T15:34:51.971Z","updatedAt":"2020-01-02T15:37:03.117Z","commentCount":27,"likeCount":33,"tags":[],"topics":["星宇航空","客服","航空","航空業","地勤"],"supportedReactions":null,"withNickname":false,"reportReason":"","hiddenByAuthor":false,"meta":{"layout":"classic"},"forumName":"航空","forumAlias":"aviation","school":"中國文化大學","replyTitle":null,"gender":"F","personaSubscriptable":null,"reactions":[{"id":"286f599c-f86a-4932-82f0-f5a06f1eca03","count":33}],"hidden":false,"customStyle":null,"isSuspiciousAccount":false,"layout":"classic","withImages":true,"withVideos":false,"media":[{"url":"https://i.imgur.com/CXQJnys.jpg"}],"reportReasonText":"","mediaMeta":[{"id":"24c62fff-75b6-4008-9157-803a6972268d","url":"https://i.imgur.com/CXQJnysl.jpg","normalizedUrl":"https://i.imgur.com/CXQJnysl.jpg","thumbnail":"https://i.imgur.com/CXQJnysl.jpg","type":"image/thumbnail","tags":["ANNOTATED"],"createdAt":"2020-01-02T15:34:51.971Z","updatedAt":"2020-01-02T15:37:03.117Z"},{"id":"24c62fff-75b6-4008-9157-803a6972268d","url":"https://i.imgur.com/CXQJnys.jpg","normalizedUrl":"https://imgur.com/CXQJnys","thumbnail":"https://i.imgur.com/CXQJnysl.jpg","type":"image/imgur","tags":["ANNOTATED"],"createdAt":"2020-01-02T15:34:51.971Z","updatedAt":"2020-01-02T15:37:03.117Z"}],"postAvatar":""}