{"id":232899099,"title":"2019華航空服招募 初試複試分享","content":"（文有點長）\n體檢結果終於出來了\n終於有一個結果QQ（等待好煎熬嗚嗚）\n想說來打打文章分享準備過程和面試心得\n希望對以後要面試的人有幫助，大家也可以互相交流！\n關於招募條件、流程、準備資料等等比較硬性的規定，網路上很容易找到，我就不贅述囉～\n\n🔆個人小背景\n2019年畢業，第一次參加空服面試\n多益9xx，有第二外語\n照片我是繳交白底露齒照，但我也準備好另一份填好的表格貼不露齒照片\n（純粹覺得自己不露齒的照片很兇...）\n反正要做好備案，不要讓自己有現場被請回家的可能就好\n \n🔆初試：摸高＿繳資料＿唸英文短文（有些考場會問問題）\n \n✔️進去面試房間之前，考場外會發要朗讀的內容給大家看，時間是充裕的可以完整看完一遍，建議大家不要太心急的想要趕快念完，可以一邊念一邊注意斷句，尋找可以抬頭看考官eye contact的時機，避免到時候進去太緊張，直接埋頭唸完沒有看考官微笑，我就是這樣在場外練習（邊唸邊抬頭哈哈），還是有全部念完喔很充裕不用擔心！\n \n✔️考官提問：「最近有在追什麼劇或是電影嗎？」，由左至右依序回答。\n考生1：一個和航空相關的電影（忘記名字）\n有引起考官注意（考官反應大概是：喔～那部喔）\n 考生2：表示自己有在學韓文，所以會看韓劇，把字幕關掉，練習自己的聽力。\n我覺得這個回答超聰明！讓考官知道你會講韓文的優勢，考官也有反問：喔～會講韓文喔\n考生3：後宮甄嬛傳，希望看了自己可以學習不要被欺負\n考官整個哈哈大笑，感覺效果不錯，有印象深刻到\n（其他考生的回答我實在不記得QQ）\n \n✔️總而言之，我覺得回答不一定要扯到航空，但要能夠展現你的人格特質或是優勢！\n其實在回答裡展現人格特質一點都不難喔，從談吐、敘述的方式就很明顯了\n我個人是比較會說故事，活潑一點的個性，所以在回答跟念短文的時候都比較不緊張\n偷偷認為可能是自己能到複試的原因> <\n\n \n🔆複試：繳資料＿適職測驗＿小房間等待約30分鐘（此時一起等待的人就是同組面試的戰友喔）＿考場面試\n\n✔️適職測驗真的不用思考太久，直接衝鋒飛車的做完就ok！\n✔️在小房間等待約30分鐘，可能是因為大家都很緊張，面面相襯，鴉雀無聲，真的是我此生度過最尷尬的30分鐘了哈哈哈\n\n✔️進考場後，由左至右自我介紹，語言不限\n我前面三位都選擇用英文自我介紹，我也想說好吧就用英文。比較特別的是前面幾位的英文自介都很有特色，例如用一個物品或英文縮寫比喻自己等等，有吸引到考官注意，但我原本準備的英文自介超普通，就是考官好，我是編號xxx，畢業於xxx，求學期間xxx，畢業後xxx\n，瞬間覺得不妙，幸好之前準備題目有準備到：請用英文推薦自己。內容比較容易吸引考官注意，我就馬上拿來自介了！講完大概50秒，考官有微笑點頭。\n\n✔️小插曲分享：我後面那位考生選擇用中文自我介紹，被考官打斷要求用英文，因為前面的考生都用英文（一開始明明不限語言嗚嗚），要是我真的會超慌\n\n✔️考官提問：「初試放榜當下什麼心情，這段期間怎麼準備複試的？（中文回答）」\n這題滿好回答，大家就發揮說故事的能力，我的回答比較活潑，還直接在考官面前表演我當下眼睛半睜不敢看結果的樣子哈哈哈。自己的想法是，大家不用覺得一定要fit in到航空公司喜歡的類型，例如我自己就不是氣質少女型，如果真要逼自己表現出很氣質乖巧的樣子，反而會更緊張，所以就決定把考官當作朋友一樣在聊天分享！（但也不要太誇張哈哈）\n\n✔️回答精簡切重點：相信大家都想在回答裡表現出自己很有熱忱、多喜歡華航等等，但建議精簡有力就好，一題回答不要超過一分鐘，（但也不要一兩句結束啦哈哈），我們這組有個女生講到被考官打斷，還是繼續多講了一分鐘左右，我看到有些考官有點不耐煩，這樣很可惜，大家要注意一下喔！\n\n\n🔆接著以下是自己從準備以來的一些小心得，沒有絕對正確，但希望可以幫助到你：）\n \n✔️最大的敵人就是自己，如何克服緊張？\n參加空服招考不可能不緊張，但是「如何讓緊張不影響自己的表現」就很重要！\n 如果你還在學，建議可以多參加學校社團或系學會，累積「需要在眾人面前講話、展現自己的機會」，在職場上也可以把握一些報告或主持會議的機會，因為我發現緊張感是會習慣的，當你習慣每次上台講話的緊張感，慢慢的就不會讓緊張去影響到自己表現了。例如我自己在複試的時候很緊張，原本以為回答會抖音或鬼打牆之類的，但是後來在應答上還是很順也有條理，回過頭思考可能是大學的經驗有幫助到自己。\n \n✔️如何準備華航面試？\n初試的時候知道華航主要就是考念短文，我大概每天都花三小時都在練習朗讀華航機上雜誌，熟悉航空相關詞彙，或者比較難發音的單字。\n複試就是搜集了大概一百題的考古題，準備中英兩個版本的回答內容。同時地毯式的了解華航這間公司，包含機隊編排、航點、企業精神、獲獎新聞、商品、近期活動等等，回頭看看當初打的文件內容有將近兩萬字，因為我不想抱著僥倖的心態去碰運氣，所以就卯起來準備，雖然不是全部都有用到，但是準備齊全，自然就會有自信的去面試～\n\n✔️心態怎麼調適？\n準備的時候不迷茫，面試的時候不緊張，等待結果的時候不焦慮，不可能！但我覺得調適自己的心態很重要。建議大家要抱著勢在必得的決心去「做準備」，泰然的面對結果，同時對自己的未來做多重打算，航空業不是人生的唯一最佳選擇：）（打完這篇覺得好心靈雞湯哈哈哈）\n\n🔆最後祝福大家都可以走到最適合自己的地方，然後喜歡自己做的選擇!","excerpt":"（文有點長），體檢結果終於出來了，終於有一個結果QQ（等待好煎熬嗚嗚），想說來打打文章分享準備過程和面試心得，希望對以後要面試的人有幫助，大家也可以互相交流！，關於招募條件、流程、準備資料等等比較硬性","anonymousSchool":false,"anonymousDepartment":true,"pinned":false,"forumId":"5e4df604-ce17-49d0-a7bf-621022e76fc0","replyId":null,"createdAt":"2020-01-16T02:24:23.983Z","updatedAt":"2020-01-16T02:29:16.761Z","commentCount":30,"likeCount":594,"tags":["HIDE_THUMBNAIL"],"topics":["華航","航空","空服員","空服員面試"],"supportedReactions":null,"withNickname":false,"reportReason":"","hiddenByAuthor":false,"meta":{"layout":"classic"},"forumName":"航空","forumAlias":"aviation","school":"國立臺灣師範大學","replyTitle":null,"gender":"F","personaSubscriptable":false,"reactions":[{"id":"286f599c-f86a-4932-82f0-f5a06f1eca03","count":592},{"id":"011ead16-9b83-4729-9fde-c588920c6c2d","count":2}],"hidden":false,"customStyle":null,"isSuspiciousAccount":false,"layout":"classic","withImages":false,"withVideos":false,"media":[],"reportReasonText":"","mediaMeta":[],"postAvatar":""}