{"id":232849771,"title":"#機師 加拿大「小」航空公司面試心得","content":"12月初考完ATPL筆試之後開始找工作(我有身份我有身份我有身份)，海投了好幾十封履歷，大概是聖誕節前大家都不想做事，只有兩家有面試XD\n\n這篇會蠻technical的，看不懂的話先說聲抱歉。\n然後只代表加拿大航空業而已，不要問我為什麼台灣沒有這條那條，我只是想記錄下來，然後說不定以後有人會用的到。\n\n複習一下，加拿大商用飛行大致上分為三種 (有例外，不過就先這樣吧)\n-703 (Air Taxi): 9人(含)以下\n-704 (Commuter): 10-19人\n-705 (Airline): 20人以上\n\n我現在有787小時，大概可以進的就是703/704，或者一些小間的705。\n申請時我最想去的是一些有規模的704，班表不要太糟糕，錢的話我不太要求反正都很少...\n\n第一間面試的是溫哥華的某貨機公司A，招 B1900 副機師。\n寫信來說要電話面試，會在某一天的早上九點到下午兩點打給我。\n先不說要我空出五個小時很不優，最後...還沒打來!!\n我兩點多打去問總機師說不是要面試嗎? 他說 \"Oh yes yes we can do that right now\"\n然後去找了個機師來面試，100%就是忘記這回事。\n結果面試問了一大堆很技術性的問題，還好我有先找資料知道他們大概問些什麼，不然一定直接被問倒。\n問了一大堆我知道沒人想看，所以就把問題放在文章最後了。\n說下禮拜會給我答覆，結果無聲無息...\n再過一個禮拜，突然一大早打來說有些上次沒問完的問題，又問了一些HR問題，我都還沒睡醒...\n五分鐘之後又打來說最後一個問題，掛電話之後過五分鐘offer就來了...\n居然是叫我去飛Cessna Caravan! 我才不要飛單引擎飛機...\n班表很爛，禮拜一到五大概飛三到四天，剩下的時間就是待命，所以月休八天?\n時數又賺很少(一個月20-35小時)，而且整個面試過程覺得不太好，讓我很猶豫。\n\n第二間是加拿大中部一間蠻有規模的B公司，有703/704/705的飛機。\n這間就給人有尊重的感覺，準時打來，問問題也一次就問完，Email也回很快，不過問了一堆2 crew 的問題，我自己覺得是回答的很糟...\n-機長想要在機翼有結冰的情況下起飛怎麼辦?\n-後面有個乘客在發瘋怎麼辦?\n其他我忘光了哈哈\n這是招Merlin 副機師的職位 (Swearingen Merlin)，其實是老大哥Swearingen Metroliner的縮短版，在台灣應該看不到這種飛機...\n這間公司的Metroliner都有Glass Cockpit，Merlin還有自動駕駛，實在是很願意花錢升級飛機的一間公司。\n是的你沒看錯，加拿大很多703/704是沒有自動駕駛或Glass Cockpit的，一切手飛，沒有FMC 沒有Flight Director，看著舊舊的Steam Guages飛ILS到離地200呎，真的很刺激阿...\n這公司每個月只上16天班，超過的都算加班OT，而且還不用簽合約想走就可以走。\n後來居然有收到Offer，所以拒絕A公司之後，二月中準備開兩千多公里的車去受訓，然後開始載陌生人的人生了。\n\n你問薪水? 第二間其實都還沒跟我說，不過稅前一定也沒有台幣一百萬 (第一間沒有)。\n沒辦法，為了夢想嘛，再吃幾年土吧!\n\n\n\n第一間的面試問題:\n在說面試問題前先說說CAP GEN這東西。\n加拿大的航圖都是Nav Canada出的，每個省份的IFR航圖不同本，像溫哥華的BC就是CAP 2。\nCAP GEN是不用錢的，裡面有很多的規則，比如說如何決定起飛能見度，低能見度RVOP/LVOP，備降場天氣標準，Approach ban (RVR低於標準是不能進場的)\nCAP GEN跟其他航圖一樣，也是每56天更新一次，如果不介意看過期的東西，這裡有一份舊的:  http://www.navcanada.ca/EN/products-and-services/Documents/CAP_GEN_en_20190815.pdf \n要最新的就得上Nav Canada網站去下載CAP GEN，要帳號不過這份文件是不用錢的。\n除了一些基本的HR問題，我還記得的問題有:\n-10000 ft以下速限? 250 knots\n-接近controlled airport速限? below 3000 AGL less than 200 knots\n-Holding speed restriction? 6000 and below: 200 knots, 6001-14000: 230 knots, >14000: 265 knots\n-標準IFR離場能見度是? 1/2 SM 或RVR2600\n-IFR 離場的Spec Vis是幹嘛的? 極度簡化的答案是飛機太爛爬太慢，需要VFR繞著機場爬到一個固定高度\n-B1900 是哪個Category 的飛機? Category C\n-RVR 低於多少是RVOP? RVR 2600~1200，不包含2600\n-IFR 標準是要爬200 ft/nm，這個是單引擎還是正常(雙引擎)的要求? 雙引擎\n-IFR 備降場天氣要求...太複雜了我不解釋XD\n-NDB 進場，你可以偷用同一條跑道的LOC嗎? 當然不行...\n-ILS 進場，FAF是一個NDB，還沒過FAF的時候發現NDB掛了，還可以繼續進場嗎? 當然可以，不行的話加拿大不知道有多少ILS不能用了XD\n-那你要怎麼知道過了FAF? GPS，兩個VOR...\n-進場圖NDB A跟NDB runway xx差在哪? 如果final approach跟跑道夾角小於30度的算 Straight in approach，大於30度就只能Circling所以不會有Runway XX了\n-CAT C Circling approach的保護空域怎麼算的? 1.7 nm radius from departure end of runway\n-Circling approach進雲怎麼辦? 重飛\n-Contact approach天氣要求? 能見度1SM，不能進雲\n-Contact approach 重飛怎麼辦? 鬼知道...\n-目視進場天氣要求? 能見度3SM，Ceiling 500 above minimum IFR altitude\n-這輩子有什麼要做困難決定的時候?\n-機長看起來很累，脾氣很糟怎麼辦? 只有這一次的話我會請病假，常常這樣的話要Report SMS","excerpt":"12月初考完ATPL筆試之後開始找工作（我有身份我有身份我有身份），海投了好幾十封履歷，大概是聖誕節前大家都不想做事，只有兩家有面試XD，這篇會蠻technical的，看不懂的話先說聲抱歉。然後只代表","anonymousSchool":false,"anonymousDepartment":false,"pinned":false,"forumId":"5e4df604-ce17-49d0-a7bf-621022e76fc0","replyId":null,"createdAt":"2020-01-08T07:42:37.148Z","updatedAt":"2020-01-08T07:42:37.148Z","commentCount":22,"likeCount":50,"tags":[],"topics":["機師","面試","加拿大","自訓","航空"],"supportedReactions":null,"withNickname":true,"reportReason":"","hiddenByAuthor":false,"meta":{"layout":"classic"},"forumName":"航空","forumAlias":"aviation","school":"Andy","department":"kaoandy1125","replyTitle":null,"gender":"M","personaSubscriptable":false,"reactions":[{"id":"286f599c-f86a-4932-82f0-f5a06f1eca03","count":50}],"hidden":false,"customStyle":null,"isSuspiciousAccount":false,"layout":"classic","withImages":false,"withVideos":false,"media":[],"reportReasonText":"","mediaMeta":[],"postAvatar":""}