{"id":232896342,"title":"#問 長程機型推薦","content":"小弟我規劃半年後的長假要去歐洲走一遭\n（只有回程搭長途飛機）\n用一些看了幾個機票比價平台\n查了幾家航空公司的機型\n大概就是B777 A380兩種\n或者是還有其他我我沒查到的\n \n請問各位大大 若以機位大小和舒適度來講 比較推哪一種呢？\n或是有沒有什麼推薦的航空公司？\n\n我看阿聯酋和新航的A380比其他公司的777貴個兩三千 值得嗎？\n🙏🙏🙏感謝各位大大解惑","excerpt":"小弟我規劃半年後的長假要去歐洲走一遭，（只有回程搭長途飛機），用一些看了幾個機票比價平台，查了幾家航空公司的機型，大概就是B777 A380兩種，或者是還有其他我我沒查到的，請問各位大大 若以機位大小","anonymousSchool":false,"anonymousDepartment":true,"pinned":false,"forumId":"5e4df604-ce17-49d0-a7bf-621022e76fc0","replyId":null,"createdAt":"2020-01-15T13:21:09.663Z","updatedAt":"2020-01-15T13:21:09.663Z","commentCount":10,"likeCount":3,"tags":["HIDE_THUMBNAIL"],"topics":["航空","詢問"],"supportedReactions":null,"withNickname":false,"reportReason":"","hiddenByAuthor":false,"meta":{"layout":"classic"},"forumName":"航空","forumAlias":"aviation","school":"臺灣警察專科學校","replyTitle":null,"gender":"M","personaSubscriptable":false,"reactions":[{"id":"286f599c-f86a-4932-82f0-f5a06f1eca03","count":3}],"hidden":false,"customStyle":null,"isSuspiciousAccount":false,"layout":"classic","withImages":false,"withVideos":false,"media":[],"reportReasonText":"","mediaMeta":[],"postAvatar":""}