{"id":232890771,"title":"考航空的心路歷程","content":"一直都有想考航空的夢想，但也就是小小的，放在心裡的夢想。\n去年大學畢業，其實沒有特別想考航空，就想待在自已熟悉的舒適圈，但看到身邊有位朋友去報考，從大陸考到國內，也激起了我想考航空的慾望。其實還挺謝謝她的❤️，因為有她才讓我有勇氣去追夢。\n\n〰️\n///考試心路歷程///\n\n第一家長榮空服，是我第一次考的。收到面試通知到面試才一週時間準備，那一個禮拜我拼了命地練習綁法式、找各種考古題練習。但身為初生之犢，初試就被刷了。\n還記得當時得失心很重，心裡想反正我就不是長榮要的台灣好媳婦啊，一直抱怨著。\n第二家台南立榮地勤，雖然是台南站的地勤，比較小，但我抱著去練習也好！的心情就這樣去了。雖然還是沒上，但一次次的面試經驗，讓我慢慢有了基礎。\n第三家華航空服，當時真的非常緊張，卻還是在初試被刷掉了。我記得我畫深紅的眼影，初試時考官看的不只有你念廣播詞，還有你整體形象是不是符合我們公司要的。\n第四家華信地勤，松山機場，都第四家了！我就拿出一百二十分的準備，噁心的念廣播詞，成功進到複試，但在複試回答我自己也不是很滿意，最後收到遺珠信。\n第五家長榮空服，第二次報考長榮，比起第一次青澀的我，我真的已經沒那麼緊張了！一樣噁心的念廣播詞，記得微笑，順利通過初試。而複試是考官們針對履歷提出問題。之後就會去做筆試、小體檢、適職測驗（以上是看時間安排，不一定哪個先哪個後），結束後考場人員就會跟你說大概什麼時候會收到通知了。現在在慢慢的等通知中⋯。🤞🏻\n哦對！拜託一定要吃早餐！！！考試前我怕胃不舒服我都只會吃一個水煮蛋，想說應該有時間吃午餐吧，沒想到我一路考到下午快3點，餓到肚子痛的感覺你懂嗎！！！\n\n〰️\n///服儀、心情///\n\n👄妝容\n如果不會畫眼妝，可以接個睫毛，讓眼睛看起來更有神！\n最後考華信跟長榮時我都有接～\n第五次考長榮我畫了橘金色眼影，讓眼睛看起來bling bling\nhttps://megapx-assets.dcard.tw/images/f26564a4-5ec0-4102-aa26-2d178d7cc067/1280.jpeg\n\n🥼服裝\n西門町的日新＋大豐皮鞋-跟高7公分看起來比例比較好\n因為我膝蓋有車禍的疤，所以我買資生堂圓形罐子的遮瑕膏配上三花的絲襪，簡直絕配！疤痕幾乎都看不見\nhttps://megapx-assets.dcard.tw/images/1ee3155f-8e49-490c-88d8-411fafcb8d4d/1280.jpeg\n💅🏻手部\n指甲油可擦可不擦\n我只有第一次考長榮時擦紅色指甲油，之後都是素甲\n重要的是保持整潔就好\n\n💬初試-廣播詞\n對著鏡子，在唸時一定要記得笑！有笑容念出來的聲音完全不一樣！\n小tips：很多人在糾結到底要不要跟考官eye contact，我覺得如果有是非常加分的！而eye contact的時機抓在文章念到句點時！這樣也比較不會忘記念到哪裡。（我自己是這樣覺得拉）\n\n💬複試-中英文問答、自我介紹\n我在立榮、華信、長榮複試時，考官手上都會有你的簡歷。\n自我介紹可能就比較沒有那麼重要，但我覺得還是要準備的！背一下沒有損失的～\n問答時考官可能從你的系所、工作經歷、種種去提問題，記得保持微笑，把想表達的盡可能說出來。\n\n❤️心態（這個最重要）\n得失心真的不要太重，雖然第一次考卻遺珠時，真的會很難過，但是除了抱怨，是不是應該轉變心態，告訴自己說找出原因下次再繼續努力！與其自怨自艾，不如好好調整好自己～\n就像我第一次長榮沒上，但是這期間我一直增進自己，到最後成功過到複試。\n〰️\n雖然不是專業的，但我想把一路走來的歷程分享給大家。\n我覺得考航空的你/妳們，都是最溫暖的，就算遺珠，還是很願意給彼此鼓勵。\n我相信有一天，我們會在空中相遇的。✈️✨💕\n\n最後問大家\n大家會不會狂刷有關報考的各種內容、email，這半年我像瘋了一樣狂更新😂覺得自己很好笑哈哈","excerpt":"一直都有想考航空的夢想，但也就是小小的，放在心裡的夢想。去年大學畢業，其實沒有特別想考航空，就想待在自已熟悉的舒適圈，但看到身邊有位朋友去報考，從大陸考到國內，也激起了我想考航空的慾望。其實還挺謝謝她","anonymousSchool":false,"anonymousDepartment":true,"pinned":false,"forumId":"5e4df604-ce17-49d0-a7bf-621022e76fc0","replyId":null,"createdAt":"2020-01-14T13:44:58.702Z","updatedAt":"2020-01-14T13:45:42.948Z","commentCount":82,"likeCount":1125,"tags":[],"topics":["航空","面試","空服員","地勤","空服員面試"],"supportedReactions":null,"withNickname":false,"reportReason":"","hiddenByAuthor":false,"meta":{"layout":"classic"},"forumName":"航空","forumAlias":"aviation","school":"義守大學","replyTitle":null,"gender":"F","personaSubscriptable":null,"reactions":[{"id":"286f599c-f86a-4932-82f0-f5a06f1eca03","count":1122},{"id":"e8e6bc5d-41b0-4129-b134-97507523d7ff","count":2},{"id":"4b018f48-e184-445f-adf1-fc8e04ba09b9","count":1}],"hidden":false,"customStyle":null,"isSuspiciousAccount":false,"layout":"classic","withImages":true,"withVideos":false,"media":[{"url":"https://megapx-assets.dcard.tw/images/f26564a4-5ec0-4102-aa26-2d178d7cc067/1280.jpeg"},{"url":"https://megapx-assets.dcard.tw/images/1ee3155f-8e49-490c-88d8-411fafcb8d4d/1280.jpeg"}],"reportReasonText":"","mediaMeta":[{"id":"a9efacb1-6485-41e0-bef7-ce1e48688d52","url":"https://megapx-assets.dcard.tw/images/f26564a4-5ec0-4102-aa26-2d178d7cc067/640.jpeg","normalizedUrl":"https://megapx-assets.dcard.tw/images/f26564a4-5ec0-4102-aa26-2d178d7cc067/640.jpeg","thumbnail":"https://megapx-assets.dcard.tw/images/f26564a4-5ec0-4102-aa26-2d178d7cc067/640.jpeg","type":"image/thumbnail","tags":["ANNOTATED"],"createdAt":"2020-01-14T13:44:58.702Z","updatedAt":"2020-01-14T13:45:42.948Z","width":640,"height":640},{"id":"a9efacb1-6485-41e0-bef7-ce1e48688d52","url":"https://megapx-assets.dcard.tw/images/f26564a4-5ec0-4102-aa26-2d178d7cc067/1280.jpeg","normalizedUrl":"https://megapx.dcard.tw/v1/images/f26564a4-5ec0-4102-aa26-2d178d7cc067","thumbnail":"https://megapx-assets.dcard.tw/images/f26564a4-5ec0-4102-aa26-2d178d7cc067/640.jpeg","type":"image/megapx","tags":["ANNOTATED"],"createdAt":"2020-01-14T13:44:58.702Z","updatedAt":"2020-01-14T13:45:42.948Z","width":2000,"height":2000},{"id":"2003a5a7-44db-44af-a7bb-a7118602c344","url":"https://megapx-assets.dcard.tw/images/1ee3155f-8e49-490c-88d8-411fafcb8d4d/1280.jpeg","normalizedUrl":"https://megapx.dcard.tw/v1/images/1ee3155f-8e49-490c-88d8-411fafcb8d4d","thumbnail":"https://megapx-assets.dcard.tw/images/1ee3155f-8e49-490c-88d8-411fafcb8d4d/640.jpeg","type":"image/megapx","tags":["ANNOTATED"],"createdAt":"2020-01-14T13:44:58.702Z","updatedAt":"2020-01-14T13:45:42.948Z","width":2000,"height":2000}],"postAvatar":""}