{"id":232818357,"title":"#發問 華航777選位","content":"我二月中要去紐約一趟\n然後買在豪華經濟艙\n想說都買比較貴的乾脆在加價選位\n結果選到33AC 旁邊剛好沒有窗戶\n我是自己看飛行紀錄文發現33排剛好沒有窗戶\n\n覺得航空公司有必要在座位景觀\n有影響的位置特別標註一下？\n我就是特別想看窗戶的人\n結果花錢選到沒窗戶的位置⋯\n\n然後現在我還可以在改一次座位嗎\n華航的客服電話完全打不進去⋯","excerpt":"我二月中要去紐約一趟，然後買在豪華經濟艙，想說都買比較貴的乾脆在加價選位，結果選到33AC 旁邊剛好沒有窗戶，我是自己看飛行紀錄文發現33排剛好沒有窗戶，覺得航空公司有必要在座位景觀，有影響的位置特別","anonymousSchool":false,"anonymousDepartment":true,"pinned":false,"forumId":"5e4df604-ce17-49d0-a7bf-621022e76fc0","replyId":null,"createdAt":"2020-01-03T11:56:02.593Z","updatedAt":"2020-01-03T11:56:02.593Z","commentCount":11,"likeCount":7,"tags":["HIDE_THUMBNAIL"],"topics":["選位","華航"],"supportedReactions":null,"withNickname":false,"reportReason":"","hiddenByAuthor":false,"meta":{"layout":"classic"},"forumName":"航空","forumAlias":"aviation","school":"世新大學","replyTitle":null,"gender":"M","personaSubscriptable":false,"reactions":[{"id":"286f599c-f86a-4932-82f0-f5a06f1eca03","count":7}],"hidden":false,"customStyle":null,"isSuspiciousAccount":false,"layout":"classic","withImages":false,"withVideos":false,"media":[],"reportReasonText":"","mediaMeta":[],"postAvatar":""}