{"id":232889227,"title":"甘迺迪轉機","content":"您好～因為本人有一些小疑惑想要問問有經驗的人！\n\n請問飛往美國的目的地之前，需要在甘迺迪轉機，大家的經驗談裡大概會需要多少時間呢？\n\n由於機票是三小時，但也上網查過如果被抓去小黑房就要預留四小時（有做功課過），但還是想問問真正有飛過的人的經驗！謝謝！","excerpt":"您好～因為本人有一些小疑惑想要問問有經驗的人！，請問飛往美國的目的地之前，需要在甘迺迪轉機，大家的經驗談裡大概會需要多少時間呢？由於機票是三小時，但也上網查過如果被抓去小黑房就要預留四小時（有做功課過","anonymousSchool":false,"anonymousDepartment":true,"pinned":false,"forumId":"5e4df604-ce17-49d0-a7bf-621022e76fc0","replyId":null,"createdAt":"2020-01-14T08:53:06.359Z","updatedAt":"2020-01-14T08:53:06.359Z","commentCount":19,"likeCount":3,"tags":["HIDE_THUMBNAIL"],"topics":["航空","轉機","紐約","美國"],"supportedReactions":null,"withNickname":false,"reportReason":"","hiddenByAuthor":false,"meta":{"layout":"classic"},"forumName":"航空","forumAlias":"aviation","school":"國立高雄餐旅大學","replyTitle":null,"gender":"F","personaSubscriptable":null,"reactions":[{"id":"286f599c-f86a-4932-82f0-f5a06f1eca03","count":3}],"hidden":false,"customStyle":null,"isSuspiciousAccount":false,"layout":"classic","withImages":false,"withVideos":false,"media":[],"reportReasonText":"","mediaMeta":[],"postAvatar":""}