{"id":232893315,"title":"#航空 有報名樂桃空服的朋友嗎？","content":"有沒有人跟我一樣猶豫到底要不要飛去日本面試的😅\n\n其實一直有在準備空服考試，以及日文面試什麼的，但日文面試+空服面試這樣的雙重考驗加起來是第一次！！超害怕的，而且其他應試者大多數都會是日本人（我猜）\n\n不知道有無面試經驗可以分享？\n\n或是有跟我一樣猶豫的朋友嗎？😂","excerpt":"有沒有人跟我一樣猶豫到底要不要飛去日本面試的，其實一直有在準備空服考試，以及日文面試什麼的，但日文面試+空服面試這樣的雙重考驗加起來是第一次！！超害怕的，而且其他應試者大多數都會是日本人（我猜），不知","anonymousSchool":false,"anonymousDepartment":true,"pinned":false,"forumId":"5e4df604-ce17-49d0-a7bf-621022e76fc0","replyId":null,"createdAt":"2020-01-15T02:36:01.000Z","updatedAt":"2020-01-15T02:36:01.000Z","commentCount":16,"likeCount":8,"tags":[],"topics":["空服員面試","空服","樂桃","航空業","航空"],"supportedReactions":null,"withNickname":false,"reportReason":"","hiddenByAuthor":false,"meta":{"layout":"classic"},"forumName":"航空","forumAlias":"aviation","school":"銘傳大學","replyTitle":null,"gender":"M","personaSubscriptable":null,"reactions":[{"id":"286f599c-f86a-4932-82f0-f5a06f1eca03","count":8}],"hidden":false,"customStyle":null,"isSuspiciousAccount":false,"layout":"classic","withImages":false,"withVideos":false,"media":[],"reportReasonText":"","mediaMeta":[],"postAvatar":""}