{"id":232804963,"title":"#飛行記錄 [影音]長榮商務艙 關西-台北777-300ER","content":"先上影片\nhttps://youtu.be/sRZl1bL3yK8\n\n 出發：大阪關西\n 抵達：台北桃園\n 艙等：商務艙\n 時間：10月9日下午13:10起飛\n 機型：777-300ER\n 購入時間：2019/10/9......\n\n這一次這張機票買的突然\n主要還是要讓自己心情好\n\n當天一到關西機場\n因為第一次搭商務艙，不知道直接趴到報到櫃台就好\n我還傻傻的等著地勤叫，哈哈...    \n\n當天有拿到一個張出關快速通關\n相比之下，回程從台北出發沒拿到\n所以也不知道台北是不是真的有\n\n而且連出關也是自動通關\n走到海關坐的位置後面有看到\n海關人員就是坐著看大家刷過的照片跟資料\n一個人要看著5~6個機台正在通過的人的資料\n\n因為這次搭的是在比較遠的位置\n需要搭接駁車電車過去\n貴賓室也感覺小小的，很邊間\n沒有什麼人，蠻期待的可以看到飛機起飛也沒有\n倒是蠻安靜\n\n一上飛機，我其實傻坐了好久\n兩三次空服員都要送水\n或是問菜單決定好沒，我都還在發呆...\n\n不過第一次搭商務艙，確實有覺得777-300ER的座位有點舊的感覺\n不過該有的舒適性還是有的\n只是因為是反魚骨座位\n喜歡靠在窗上看天空的我，還是有一點失望 \n中間隔著桌子\n\n餐點的部份，比較平常搭經濟艙\n變成一道一道，量也比較多\n飲料也是可以續，倒是吃的蠻開心的\n只是愛吃甜點的我，倒是對甜點有點失望... \n\n整體感覺算是不錯\n下次失心瘋，我就再換別家的搭搭看好了","excerpt":"先上影片，出發：大阪關西，抵達：台北桃園，艙等：商務艙，時間：10月9日下午13：10起飛，機型：777-300ER，購入時間：2019/10/9......，這一次這張機票買的突然，主要還是要讓自己","anonymousSchool":false,"anonymousDepartment":false,"pinned":false,"forumId":"5e4df604-ce17-49d0-a7bf-621022e76fc0","replyId":null,"createdAt":"2020-01-01T12:29:42.987Z","updatedAt":"2020-01-01T12:29:42.987Z","commentCount":0,"likeCount":5,"tags":[],"topics":["記錄","商務艙","台北","關西","飛行"],"supportedReactions":null,"withNickname":true,"reportReason":"","hiddenByAuthor":false,"meta":{"layout":"classic"},"forumName":"航空","forumAlias":"aviation","school":"Ryen","department":"ryen","replyTitle":null,"gender":"M","personaSubscriptable":false,"reactions":[{"id":"286f599c-f86a-4932-82f0-f5a06f1eca03","count":5}],"hidden":false,"customStyle":null,"isSuspiciousAccount":false,"layout":"classic","withImages":false,"withVideos":false,"media":[],"reportReasonText":"","mediaMeta":[{"id":"7e90b47d-a3d0-4bcf-b58c-4c607b9c99b3","url":"https://img.youtube.com/vi/sRZl1bL3yK8/hqdefault.jpg","normalizedUrl":"https://img.youtube.com/vi/sRZl1bL3yK8/hqdefault.jpg","thumbnail":"https://img.youtube.com/vi/sRZl1bL3yK8/hqdefault.jpg","type":"image/thumbnail","tags":["ANNOTATED"],"createdAt":"2020-01-01T12:29:42.987Z","updatedAt":"2020-01-01T12:29:42.987Z"},{"id":"7e90b47d-a3d0-4bcf-b58c-4c607b9c99b3","url":"https://youtu.be/sRZl1bL3yK8","normalizedUrl":"https://www.youtube.com/watch?v=sRZl1bL3yK8","thumbnail":"https://img.youtube.com/vi/sRZl1bL3yK8/hqdefault.jpg","type":"video/youtube","tags":["ANNOTATED"],"createdAt":"2020-01-01T12:29:42.987Z","updatedAt":"2020-01-01T12:29:42.987Z"}],"postAvatar":""}