{"id":232843088,"title":"#問 參加完華航培訓機師說明會大概多久收到筆試通知","content":"哈囉大家好\n第一次發文 如果有不妥的地方再請大家指教\n\n如標題提到的\n我在上個月丟出華航培訓機師的履歷\n蠻順利在隔週收到說明會的邀請信件\n但說明會結束一陣子了...\n我的信箱都沒有動靜😭\n\n想請問一下最近有報考華航培訓機師的同學們\n大家大約在說明會結束後多久收到筆試通知的啊\n\n我在網路上都找不到相關的資訊\n謝謝大家了🙏","excerpt":"哈囉大家好，第一次發文 如果有不妥的地方再請大家指教，如標題提到的，我在上個月丟出華航培訓機師的履歷，蠻順利在隔週收到說明會的邀請信件，但說明會結束一陣子了...，我的信箱都沒有動靜，想請問一下最近有","anonymousSchool":false,"anonymousDepartment":false,"pinned":false,"forumId":"5e4df604-ce17-49d0-a7bf-621022e76fc0","replyId":null,"createdAt":"2020-01-07T09:13:23.107Z","updatedAt":"2020-01-07T09:35:17.237Z","commentCount":18,"likeCount":6,"tags":["HIDE_THUMBNAIL"],"topics":["機師","華航","筆試","航空板"],"supportedReactions":null,"withNickname":true,"reportReason":"","hiddenByAuthor":false,"meta":{"layout":"classic"},"forumName":"航空","forumAlias":"aviation","school":"✈️","department":"lifeinthesky","replyTitle":null,"gender":"M","personaSubscriptable":false,"reactions":[{"id":"286f599c-f86a-4932-82f0-f5a06f1eca03","count":6}],"hidden":false,"customStyle":null,"isSuspiciousAccount":false,"layout":"classic","withImages":false,"withVideos":false,"media":[],"reportReasonText":"","mediaMeta":[],"postAvatar":""}