{"id":232817907,"title":"長榮招募地勤～","content":"【2020長榮航空招考地勤】\n\n報名時間：2020年1月6日起至2020年1月12日止。 \n報名方式：請於網路報名( 請點選此登錄履歷)。 \n考試時間：預訂2020年2月初，審核合格者，將E-MAIL通知。 \n上班日期：預計於2020年3月報到。\n上班地點：高雄國際機場\n\nhttps://www.evaair.com/zh-tw/about-eva-air/careers/job-openings/ground-position/2020-ground-staff.html","excerpt":"【2020長榮航空招考地勤】報名時間：2020年1月6日起至2020年1月12日止。報名方式：請於網路報名（ 請點選此登錄履歷）。考試時間：預訂2020年2月初，審核合格者，將E-MAIL通知。上班日","anonymousSchool":false,"anonymousDepartment":false,"pinned":false,"forumId":"5e4df604-ce17-49d0-a7bf-621022e76fc0","replyId":null,"createdAt":"2020-01-03T10:37:24.678Z","updatedAt":"2020-01-03T10:37:24.678Z","commentCount":62,"likeCount":132,"tags":["HIDE_THUMBNAIL"],"topics":[],"supportedReactions":null,"withNickname":false,"reportReason":"","hiddenByAuthor":false,"meta":{"layout":"classic"},"forumName":"航空","forumAlias":"aviation","school":"國立高雄餐旅大學","department":"航空暨運輸服務管理系","replyTitle":null,"gender":"F","personaSubscriptable":false,"reactions":[{"id":"286f599c-f86a-4932-82f0-f5a06f1eca03","count":132}],"hidden":false,"customStyle":null,"isSuspiciousAccount":false,"layout":"classic","withImages":false,"withVideos":false,"media":[],"reportReasonText":"","mediaMeta":[],"postAvatar":""}