{"id":232816260,"title":"星宇內勤招募進度","content":"我在12/24投遞了星宇內勤的兩個職缺\n一個是電子商務專員(目前職業有相關)\n另一個是機上用品開發專員\n\n12/27早上9點收到電子商務專員的已讀信件\n晚上11點收到遺珠信😢\n\n12/29晚上收到機上用品開發專員的已讀信件\n一直到現在就沒下落了！！！\n\n想請問有人收到機上用品開發專員的面試信了嗎謝謝🙏🏼","excerpt":"我在12/24投遞了星宇內勤的兩個職缺，一個是電子商務專員（目前職業有相關），另一個是機上用品開發專員，12/27早上9點收到電子商務專員的已讀信件，晚上11點收到遺珠信，12/29晚上收到機上用品開","anonymousSchool":false,"anonymousDepartment":true,"pinned":false,"forumId":"5e4df604-ce17-49d0-a7bf-621022e76fc0","replyId":null,"createdAt":"2020-01-03T05:50:42.308Z","updatedAt":"2020-01-03T05:50:42.308Z","commentCount":8,"likeCount":18,"tags":["HIDE_THUMBNAIL"],"topics":["星宇","內勤"],"supportedReactions":null,"withNickname":false,"reportReason":"","hiddenByAuthor":false,"meta":{"layout":"classic"},"forumName":"航空","forumAlias":"aviation","school":"文藻外語大學","replyTitle":null,"gender":"F","personaSubscriptable":null,"reactions":[{"id":"286f599c-f86a-4932-82f0-f5a06f1eca03","count":18}],"hidden":false,"customStyle":null,"isSuspiciousAccount":false,"layout":"classic","withImages":false,"withVideos":false,"media":[],"reportReasonText":"","mediaMeta":[],"postAvatar":""}