{"id":232826679,"title":"#台中空服地勤讀書會 🛫️","content":"更\n如果想要的都可以加\n我會不定時看有沒有增加\n也可以直接留言催促我😂😂\nhttps://docs.google.com/forms/d/e/1FAIpQLSdcU_oFjq7bxdXjub2IaGuNtDzX_ZylPx23fAL-xJKMClZdQA/viewform?vc=0&c=0&w=1\n- - - - - - - - - - - - - - - - - - - - \n自己本身是應屆畢業生\n之前也有在dcard上面看到有其他讀書會\n但是群組裡面大家好像不太發言\n更別說約出來進行模擬面試的機會了😞\n\n我希望可以找到個性活潑外向🙌🏻且對空服與地勤懷有夢想的人加入✈️\n不管多益方面還未達到航空公司要求😣\n也能找到共同奮鬥多益分數的夥伴😊\n又或者多益已達到資格想要精進面試能力💪🏻、儀態或是由夥伴以主考官的立場訓練臨場反應\n（講的好像航空補習班但我真的不是🤣🤣）\n\n希望我的熱情能找到跟我一樣懷有夢想的你們🥰🥰\n只要達到20人能夠開群組\n我保證一個月最少一次讓大家有約出來交流的機會❤️","excerpt":"更，如果想要的都可以加，我會不定時看有沒有增加，也可以直接留言催促我，- - - - - - - - - - - - - - - - - - - -，自己本身是應屆畢業生，之前也有在dcard上面看到","anonymousSchool":false,"anonymousDepartment":true,"pinned":false,"forumId":"5e4df604-ce17-49d0-a7bf-621022e76fc0","replyId":null,"createdAt":"2020-01-04T17:28:56.763Z","updatedAt":"2020-01-06T03:59:41.418Z","commentCount":71,"likeCount":45,"tags":["HIDE_THUMBNAIL"],"topics":["地勤","空服","讀書","空服員","空服員面試"],"supportedReactions":null,"withNickname":false,"reportReason":"","hiddenByAuthor":false,"meta":{"layout":"classic"},"forumName":"航空","forumAlias":"aviation","school":"國立勤益科技大學","replyTitle":null,"gender":"M","personaSubscriptable":false,"reactions":[{"id":"286f599c-f86a-4932-82f0-f5a06f1eca03","count":45}],"hidden":false,"customStyle":null,"isSuspiciousAccount":false,"layout":"classic","withImages":false,"withVideos":false,"media":[],"reportReasonText":"","mediaMeta":[],"postAvatar":""}