{"id":232816487,"title":"不要再酸了！幾位殉職長官都是好長官","content":"一堆酸民在那邊靠爸，說什麼比讚，還有笑容咧，他沒同理心的\n\n臉書上已有人簡單說明，請大家不要不懂裝懂，也請幫忙向大家說明\n\n沒待過飛行部隊的可能不懂這個手勢的含義，在空軍，飛行員在機艙裡，維修人員員在地面檢查，沒辦法言語溝通，只能用手語代表。\n\n地勤回報的手勢就是比讚，代表檢查良好，飛行員回報地勤座艙狀況，也是用比讚的方代表檢查良好。\n\n所以沒有什麼不妥。\n\n這個手勢是代表『我狀況良好』\nhttps://i.imgur.com/VIllahM.jpg\nhttps://i.imgur.com/eKkasj2.jpg","excerpt":"一堆酸民在那邊靠爸，說什麼比讚，還有笑容咧，他沒同理心的，臉書上已有人簡單說明，請大家不要不懂裝懂，也請幫忙向大家說明，沒待過飛行部隊的可能不懂這個手勢的含義，在空軍，飛行員在機艙裡，維修人員員在地面","anonymousSchool":false,"anonymousDepartment":true,"pinned":false,"forumId":"5e4df604-ce17-49d0-a7bf-621022e76fc0","replyId":null,"createdAt":"2020-01-03T06:34:21.980Z","updatedAt":"2020-01-03T08:07:01.814Z","commentCount":8,"likeCount":88,"tags":[],"topics":["長官","殉職","航空"],"supportedReactions":null,"withNickname":false,"reportReason":"","hiddenByAuthor":false,"meta":{"layout":"classic"},"forumName":"航空","forumAlias":"aviation","school":"空軍航空技術學院","replyTitle":null,"gender":"M","personaSubscriptable":false,"reactions":[{"id":"286f599c-f86a-4932-82f0-f5a06f1eca03","count":84},{"id":"514c2569-fd53-4d9d-a415-bf0f88e7329f","count":3},{"id":"aa0d425f-d530-4478-9a77-fe3aedc79eea","count":1}],"hidden":false,"customStyle":null,"isSuspiciousAccount":false,"layout":"classic","withImages":true,"withVideos":false,"media":[{"url":"https://i.imgur.com/VIllahM.jpg"},{"url":"https://i.imgur.com/eKkasj2.jpg"}],"reportReasonText":"","mediaMeta":[{"id":"aa53e19c-b5fe-4476-be88-daccac5eabbc","url":"https://i.imgur.com/VIllahMl.jpg","normalizedUrl":"https://i.imgur.com/VIllahMl.jpg","thumbnail":"https://i.imgur.com/VIllahMl.jpg","type":"image/thumbnail","tags":["ANNOTATED"],"createdAt":"2020-01-03T06:34:21.980Z","updatedAt":"2020-01-03T08:07:01.814Z"},{"id":"aa53e19c-b5fe-4476-be88-daccac5eabbc","url":"https://i.imgur.com/VIllahM.jpg","normalizedUrl":"https://imgur.com/VIllahM","thumbnail":"https://i.imgur.com/VIllahMl.jpg","type":"image/imgur","tags":["ANNOTATED"],"createdAt":"2020-01-03T06:34:21.980Z","updatedAt":"2020-01-03T08:07:01.814Z"},{"id":"d7c4ec3c-33f8-421e-8352-cd207e5af808","url":"https://i.imgur.com/eKkasj2.jpg","normalizedUrl":"https://imgur.com/eKkasj2","thumbnail":"https://i.imgur.com/eKkasj2l.jpg","type":"image/imgur","tags":["ANNOTATED"],"createdAt":"2020-01-03T06:34:21.980Z","updatedAt":"2020-01-03T08:07:01.814Z"}],"postAvatar":""}