{"id":232803796,"title":"長榮虎航空服員選擇","content":"女生朋友兩家長榮虎航都錄取了\n不知道該如何選擇\n想詢問意見\n兩家都可以住台灣\n長榮優點：知名度高航班多\n虎航優點：虎航升遷可能比較快\n我對於此了解不多\n我只是想幫忙問一下\n想詢問板上有經驗的各位\n或正在飛的各位 有什麼建議嗎\n謝謝🙏","excerpt":"女生朋友兩家長榮虎航都錄取了，不知道該如何選擇，想詢問意見，兩家都可以住台灣，長榮優點：知名度高航班多，虎航優點：虎航升遷可能比較快，我對於此了解不多，我只是想幫忙問一下，想詢問板上有經驗的各位，或正","anonymousSchool":false,"anonymousDepartment":false,"pinned":false,"forumId":"5e4df604-ce17-49d0-a7bf-621022e76fc0","replyId":null,"createdAt":"2020-01-01T08:49:17.367Z","updatedAt":"2020-01-01T08:49:17.367Z","commentCount":50,"likeCount":40,"tags":["HIDE_THUMBNAIL"],"topics":["虎航","空服員","長榮航空","航空板","面試"],"supportedReactions":null,"withNickname":true,"reportReason":"","hiddenByAuthor":false,"meta":{"layout":"classic"},"forumName":"航空","forumAlias":"aviation","school":"Major Tom","department":"hc9831tommy","replyTitle":null,"gender":"M","personaSubscriptable":false,"reactions":[{"id":"286f599c-f86a-4932-82f0-f5a06f1eca03","count":40}],"hidden":false,"customStyle":null,"isSuspiciousAccount":false,"layout":"classic","withImages":false,"withVideos":false,"media":[],"reportReasonText":"","mediaMeta":[],"postAvatar":""}