{"id":232864621,"title":"詢問前2天的台北/新北讀書會","content":"哈嘍想問一下～\n前2天看到有人再找夥伴組台北/新北讀書會\n我有在下面留言+1\n人滿了之後原po在留言處有放表單讓我們填\n填完之後就到現在都沒有人加我到群組\n不知道是不是我賴的ID寫錯😭\n因為原本那篇文已經刪掉了\n我找不到人問 所以才在這邊發文\n希望原po會看到🙏🏼\n或是有人也遇到一樣的問題～","excerpt":"哈嘍想問一下～前2天看到有人再找夥伴組台北/新北讀書會，我有在下面留言+1，人滿了之後原po在留言處有放表單讓我們填，填完之後就到現在都沒有人加我到群組，不知道是不是我賴的ID寫錯，因為原本那篇文已經","anonymousSchool":false,"anonymousDepartment":true,"pinned":false,"forumId":"5e4df604-ce17-49d0-a7bf-621022e76fc0","replyId":null,"createdAt":"2020-01-10T11:27:41.295Z","updatedAt":"2020-01-10T11:27:41.295Z","commentCount":5,"likeCount":1,"tags":["HIDE_THUMBNAIL"],"topics":["讀書會","台北","新北"],"supportedReactions":null,"withNickname":false,"reportReason":"","hiddenByAuthor":false,"meta":{"layout":"classic"},"forumName":"航空","forumAlias":"aviation","school":"輔仁大學","replyTitle":null,"gender":"F","personaSubscriptable":null,"reactions":[{"id":"286f599c-f86a-4932-82f0-f5a06f1eca03","count":1}],"hidden":false,"customStyle":null,"isSuspiciousAccount":false,"layout":"classic","withImages":false,"withVideos":false,"media":[],"reportReasonText":"","mediaMeta":[],"postAvatar":""}