{"id":232837845,"title":"K董一句話，讓我對星宇航空徹底失望","content":"我是星宇航空粉絲，星宇航空倒數19天首航，我個人是給予祝福的，但針對星宇航空張董事長日前所說的：「黑鷹失事，排行程的人應該槍斃！」\nhttps://i.imgur.com/s2cmnip.jpg\n\n\n列舉以下幾點論述，供大家參考：\n\n我們都知道張董事長是出自於好意，在此也謝謝張董事長對殉職將士的惋惜之意，要軍方分散風險，但若是全家人搭乘星宇航空出遊，搭同一架飛機，是否要分散風險呢？官兵弟兄就像一家人一樣，如手如足，而且當天是慰問行程，搭乘同一架機是合理的事情。\n\n簡單來說，總長為軍方最高階長官，在國防部長忙碌之餘，可代理部長慰問部隊，或執行任何任務，由此可知部長與總長是國防部的正、副領導人之意。此次部長未在機上，早已是分散風險的決策。\n\n黑鷹失事已無法挽回寶貴生命，舉國哀慟，日前101大樓也為官兵們弔念祈福，看著101的燈光拼湊的字樣，箇中滋味無法以言語形容。換個角度想，101是世界大樓中的指標之一，也是時尚的象徵，悼念軍人讓全世界看到，不僅僅是字面上的意義，而是教育所有時尚界的名人，如何「尊重軍人」！\n\n無論臺灣發生何種災難，軍方義不容辭，派遣兵力支援！2015年2月4日，復興空難之際，軍方立即火速馳援，儘管基隆河水溫僅2度C，海軍水下作業大隊仍咬牙潛水搜救，上岸後各個嘴唇發紫，身體不自覺地顫抖著。\n\n長官下令：「繼續輪班！搜救！」此刻潛水員的眼神告訴國人：我們一定會努力把人救出，軍人武德的信念表露無遺！輪班休息、下潛、休息、下潛...........僅舉多案中的一例，希望您能理解：軍人的存在，是為國家、為百姓而奮鬥！\n\n將心比心，若今天是星宇發生此事，軍方一定會「以德報怨」，立即伸出援手，而且張董事長絕對不會忍心說：「把排行程的人（或任何員工）槍斃！」這席話，因為，您可能不知道，失事當天，排行程的負責人當時在機上，墜機後強忍處痛，看著機內同伴傷口不斷滲血，漸漸沒了氣息，試圖保持鎮定，打電話向部內求援！8個同仁已殉職，此刻在醫院養傷的他，心中有多沉重！照張董事長一說，是排行程的人害8位長官喪命在自己手中，試問，他的心中有多難受。\n\n軍方與星宇相同的是，都在為自己的形象、品牌建立認同感，努力為團隊付出、努力，就像張董「以身作則」帶動整個團隊一樣！軍方也會更加重視飛行安全，不會讓殉職烈士白白犧牲。\n\n我們很喜歡星宇航空，從行銷、文宣、品牌甚至責任、領導統御，都非常值得外界學習效法，但張董事長這句話，真的重擊所有同仁對星宇的認同，我覺得沒必要再對這件事「火上加油」了！\n\n軍人大多都是「少說話、多做事。」的典型人物，有多累、有多苦旁人並不了解，被誣陷也沒辦法回應，因為只有國防部發言人才有權發言。真心希望軍方、星宇彼此能互相尊重，共同守護中華民國安全。\n\n因此我們希望星宇航空能給軍方支持與鼓勵，我們一樣會繼續支持您，彼此在各自的領域發光發熱，祝您首航順利，而軍人也會繼續保護台灣\n，2020一起加油！「攜手同心，台灣前進」帶著這個寶島一起走向世界！","excerpt":"我是星宇航空粉絲，星宇航空倒數19天首航，我個人是給予祝福的，但針對星宇航空張董事長日前所說的：「黑鷹失事，排行程的人應該槍斃！」列舉以下幾點論述，供大家參考：我們都知道張董事長是出自於好意，在此也謝","anonymousSchool":false,"anonymousDepartment":false,"pinned":false,"forumId":"5e4df604-ce17-49d0-a7bf-621022e76fc0","replyId":null,"createdAt":"2020-01-06T13:02:21.576Z","updatedAt":"2020-01-06T15:36:35.871Z","commentCount":42,"likeCount":117,"tags":[],"topics":["星宇","航空業","直升機"],"supportedReactions":null,"withNickname":true,"reportReason":"","hiddenByAuthor":false,"meta":{"layout":"classic"},"forumName":"航空","forumAlias":"aviation","school":"聽音樂不聽話～～","department":"luyuyu","replyTitle":null,"gender":"M","personaSubscriptable":null,"reactions":[{"id":"286f599c-f86a-4932-82f0-f5a06f1eca03","count":113},{"id":"514c2569-fd53-4d9d-a415-bf0f88e7329f","count":3},{"id":"aa0d425f-d530-4478-9a77-fe3aedc79eea","count":1}],"hidden":false,"customStyle":null,"isSuspiciousAccount":false,"layout":"classic","withImages":true,"withVideos":false,"media":[{"url":"https://i.imgur.com/s2cmnip.jpg"}],"reportReasonText":"","mediaMeta":[{"id":"bae51517-5d0d-4280-8ac1-e660c1d2fe14","url":"https://i.imgur.com/s2cmnipl.jpg","normalizedUrl":"https://i.imgur.com/s2cmnipl.jpg","thumbnail":"https://i.imgur.com/s2cmnipl.jpg","type":"image/thumbnail","tags":["ANNOTATED"],"createdAt":"2020-01-06T13:02:21.576Z","updatedAt":"2020-01-06T15:36:35.871Z"},{"id":"bae51517-5d0d-4280-8ac1-e660c1d2fe14","url":"https://i.imgur.com/s2cmnip.jpg","normalizedUrl":"https://imgur.com/s2cmnip","thumbnail":"https://i.imgur.com/s2cmnipl.jpg","type":"image/imgur","tags":["ANNOTATED"],"createdAt":"2020-01-06T13:02:21.576Z","updatedAt":"2020-01-06T15:36:35.871Z"}],"postAvatar":""}