{"id":232850535,"title":"#問 地勤兼職的性質？","content":"近年都會看到一些兼職的地勤職缺\n想請問\n航空公司的需求真的是兼職嗎？\n之前看到有人分享時數好像也會到一天8小時（分兩段班）\n比如說我還在讀書（研究所）\n想找的工作也是兼職類型（不要太長時數\n適不適合報考兼職呢？\n\n謝謝","excerpt":"近年都會看到一些兼職的地勤職缺，想請問，航空公司的需求真的是兼職嗎？之前看到有人分享時數好像也會到一天8小時（分兩段班），比如說我還在讀書（研究所），想找的工作也是兼職類型（不要太長時數，適不適合報考","anonymousSchool":false,"anonymousDepartment":true,"pinned":false,"forumId":"5e4df604-ce17-49d0-a7bf-621022e76fc0","replyId":null,"createdAt":"2020-01-08T09:47:27.959Z","updatedAt":"2020-01-08T09:47:27.959Z","commentCount":15,"likeCount":12,"tags":[],"topics":["地勤","兼職"],"supportedReactions":null,"withNickname":false,"reportReason":"","hiddenByAuthor":false,"meta":{"layout":"classic"},"forumName":"航空","forumAlias":"aviation","school":"文藻外語大學","replyTitle":null,"gender":"F","personaSubscriptable":true,"reactions":[{"id":"286f599c-f86a-4932-82f0-f5a06f1eca03","count":11},{"id":"4b018f48-e184-445f-adf1-fc8e04ba09b9","count":1}],"hidden":false,"customStyle":null,"isSuspiciousAccount":false,"layout":"classic","withImages":false,"withVideos":false,"media":[],"reportReasonText":"","mediaMeta":[],"postAvatar":""}