{"id":232833629,"title":"0105長榮航空 初複試分享～","content":"首次發文 \n可能有比較亂或不周到的地方 請大家見諒😊\n\n收到版上各位的幫忙，也想弱弱的回饋一下～\n\n20200105長榮航空空服員面試\n\n這次是我第二次參加長榮空服的面試\n第一次初試唸完就被刷～\n我記得我是第四批 當時5取1\n當下其實不太懂刷人的原因 自認為唸的蠻順的🤣\n但就是收拾心情準備下一場面試囉～\n\n這次再收到長榮面試\n就調整了法式包頭的綁法 跟化妝技巧\n法式包頭上 第一次綁的很緊！沒有把頭髮梳的澎澎的（讓我看起來很嚴厲不太好相處的感覺）所以這次就改變自己 看了網路教學努力搞出一個比較像空姐Fu的頭～\n\n妝容上 我覺得長榮應該比較喜歡清純一點乖乖的樣子，所以眼影並未上的太深、也沒把眼線拉很長～～有認真刷睫毛 感覺比較有精神🤩\n\n關於初試面試：\n\n09:00場\n\n進去時要給警衛看通知單跟身分證（身分證一定要收好，因為當天有聽到地勤唸說他已經撿到12張，也告訴其他考生務必收好）\n\n初試流程就如同版上各位分享～\n（就不特別再說了）\n一進去時 我自己習慣先跟考官打招呼～\n笑的很燦爛 增加考官印象！\n而且會覺得比較貼近一點 \n等等唸的時候就把考官想成自己的家人\n（滿舒緩緊張感的😌）\n全程大部分都露齒微笑 真的會很僵感覺快流口水！所以就偶爾嘴巴收起來再立馬露齒笑😁\n\n這次初試可以說出自己的名字 \n因為長榮這關真的很特別～有的唸的很好的人也會被刷掉 所以只能告訴大家盡量很有自信 唸錯也沒關係 不斷發射給考官甜笑就對！（他們可能追尋有長榮氣質的人？😉）\n\n我這組是5取2\n台語部分我比上次唸的卡上許多～～\n同組的另一個女生 英文有稍微停頓\n但是她的台語超強 溜到不行～\n出來時我直接拿好包包了😂\n\n但沒想到拿到小白單 進了複試！\n\n關於複試的其他小關卡都還好 \n有認真聽講解絕對沒什麼問題的！就不特別贅述 ）\n但如果大家有問題 我一定盡可能的回答💗\n\n關於複試面試：\n\n我那場有3位考官（2女1男）\n其實考官很好 都笑笑的很親切，過程就像是跟家裡長輩聊天那種☺️\n\n會從履歷上問你問題，再從你的回答繼續延伸。一場大約40-50分鐘，每個人問到的問題大約都有5題，或者5題以上。\n\n同組的考生都非常優秀！有在職的空服員，考官就會問一些蠻專業問題，大家也都表現超好👍\n\n我自己沒有被問到比較專業的問題，都是算比較生活或個人的問題～（感覺我的問題比較少 ，因為前面有位考生非常的會延伸、加上是最後一場，考官可能要下班ㄌ就開始說其實空服是很辛苦的工作，大家必須要有認知，做一個完美結尾😉）\n\n以上是我這次在長榮複試的感想\n能夠進去複試看一看 覺得很開心😃\n大家的表現\n讓我真的在內心哇嗚～處處都是高手耶！！\n\n希望2020飛上青天💙💙\n以上昨天的心得 供大家參考～～\n\n也謝謝版上其他人的無私分享\n讓我能夠順利走到複試！\n希望大家都順利～～加油💪\n有問題我會盡量解答滴👌👌👌","excerpt":"首次發文，可能有比較亂或不周到的地方 請大家見諒，收到版上各位的幫忙，也想弱弱的回饋一下～20200105長榮航空空服員面試，這次是我第二次參加長榮空服的面試，第一次初試唸完就被刷～我記得我是第四批 ","anonymousSchool":false,"anonymousDepartment":true,"pinned":false,"forumId":"5e4df604-ce17-49d0-a7bf-621022e76fc0","replyId":null,"createdAt":"2020-01-05T22:42:31.901Z","updatedAt":"2020-01-05T22:42:31.901Z","commentCount":94,"likeCount":272,"tags":["HIDE_THUMBNAIL"],"topics":["空服員面試","長榮航空"],"supportedReactions":null,"withNickname":false,"reportReason":"","hiddenByAuthor":false,"meta":{"layout":"classic"},"forumName":"航空","forumAlias":"aviation","school":"銘傳大學","replyTitle":null,"gender":"F","personaSubscriptable":false,"reactions":[{"id":"286f599c-f86a-4932-82f0-f5a06f1eca03","count":272}],"hidden":false,"customStyle":null,"isSuspiciousAccount":false,"layout":"classic","withImages":false,"withVideos":false,"media":[],"reportReasonText":"","mediaMeta":[],"postAvatar":""}