{"id":232812294,"title":"#飛行記錄 [影音]泰國獅航 台北-廊曼 737-800","content":"大家好~\n還是一樣先上一下影片\nhttps://youtu.be/Dq6dnOyMBP0\n\n這次的飛行資訊\n出發：台北桃園TPE\n抵達：泰國廊曼DMK\n艙等：廉價航空\n時間：2019年12月21日上午1：25起飛\n機型：737-800\n\n\n這次會去這一趟泰國\n完全是因為公司突然多出一天價\n所以臨時買了一個三天兩夜的來回機票\n因為要爭取泰國停留時間，所以買了紅眼班機\n\n12/20這天晚上大概11點到桃機\n看到排隊的人大概已經5678十了吧\n沒有什麼特別快速報到\n所以就乖乖的排進人龍\n\n這班機大概台灣人30~40%\n不少泰國人要回去的感覺\n\n地勤人員有詢問簽證\n也因為還在泰國落地簽免費期間\n所以我也就回是要辦落地簽\n因為在人龍排隊的時候\n看到某幾位地勤是有查看別人的資料跟秤行李重量\n到是意外的，我沒有被要求看資料跟秤行李\n\n另外有一點要提\n因為是三天二夜所以我就沒有買託運\n打算用手提解決一切\n當初看到獅航的手提的尺吋40*30*20有嚇到\n比別的廉航小了一號\n所以就趕快上網查了一下，大概都是說沒有特別嚴格會量\n最後，我是帶著尺吋內的包包，重量也用手持電子秤秤過沒超過  \n不過泰國回來方面就說不準了\n因為我回程不是搭泰國獅航\n\n也因為報到花了不少時間\n有人有超大條瓦愣紙包的行李\n有人超重要去領錢\n真的是卡的蠻久的，好在手機真的是好夥伴\n所以一報到回，就迅速出關\n本來打算去免費貴賓室休息跟幫夥伴充電\n無奈裡面有一團人，講話跟笑得大聲\n所以就離開去登機口了\n\n這天的登機口是A1\n跟以前常去的B1R大概也是一樣\n只差是在2樓，所以有空橋\n當天這區真的蠻多人的，依稀記得還有往韓國的航班\n\n登機時間一到，大家就一擁而上\n完全不管地勤廣播說第幾排的先上\n不過地勤到是有徹底執行後排先上\n所以排在隊伍最後，但是選位在最後一排的我\n可以插到前面先登機~哈                 \n飛機還是一慣的33，椅距也是一模模一樣樣\n所以避免頻尿的自己，有要一直閃過旁邊座位的人去廁所的冏境\n所以現在都是選在走道位\n不過幸運的，當天班機大概8.9分滿\n但是最後一排的六個位置都沒有人\n所以我那三個位置完全變我自己的\n不過180公分，選走道位，坐3~4小時，我覺得是OK的\n反正旁邊如果真的有人，可以稍微伸到走道舒展一下\n\n剛登機沒多久，空服就過來詢問我有沒有點餐\n點了什麼？\n我真的忘了我點了什麼\n還用手機開了看訂位確認信才知道\n殊不知阿，全機只有我點餐\n沒過多久，就隱約聽到空服把什麼放進去加熱的聲音\n然後一陣怪味就飄了出來\n一開始我自己聞到，也是怪害怕的\n因為真的跟我電腦主機板燒掉的味道一樣\n搞得隔壁的外國人去跟空服確認了一下\n\n當天的雲真的不少            \n桃園還飄了一點雨\n所以起飛，真的晃了蠻久的\n然後一亮燈，我的餐滿上就從後面上了上來\n大蒜炸雞炒飯\n雖然吃起來沒有燒焦主機板味道\n不過也是不好吃\n蛋絲真的乾的像煎過頭\n飯沒味道，還內圈的飯軟，外圈的飯硬\n雞肉也是一樣硬\n目前吃過的餐，真的就屬這份最難吃\n看了一下還有成份表\n沒想到用的還是日本米\n我也是乾笑.....\n\n這期間空服有先出來發入境表\n\n沒多久，空服人員有推推車出來\n最讓我驚訝的是泰國獅航機上沒有餐飲菜單\n它們到底是在做慈善還是功德\n沒想要賺錢\n你想買東西吃，就是得等空服員推車過來\n再跟他們問有什麼                    \n不過這趟泰國行，真心覺得不是自己英文太爛\n泰國人英文有些發音，我真的悟不出來\n所以要點餐，可能要多廢點力\n而且泰獅航網站上只有正餐可以點\n但推車裡似乎有泡麵跟泡飯可以點\n因為有看到有人點，空服又拿去機艙後面廚房加熱\n推車最後只有出來一次\n過沒多久，空服就是拿著大垃圾袋直接出來收垃圾\n就熄燈了\n很偶爾才會有空服出來尋一下\n\n因為最後一排都沒有人\n所以安全指示燈一熄\n就有外國人跑來我旁邊排一個人躺三個位置\n看來換位置，在某些航班上是OK的\n特別我這班的空服員還蠻鬆.....散的感覺\n吃完餐，填完入境表、換完SIM卡\n我也是一個人佔三個位置\n要躺三個位置又要繫安全帶也蠻卡的\n帶上耳塞，果然引擎聲還是有\n不知道是太累還是怎樣\n意外還是有睡一下子            \n快到之後，亮燈\n不同於之前搭的航班\n幾乎都是降落半小時前就要你坐好不要起來\n這班大概是15分鐘前吧\n\n降落後一路滑很遠\n滑到都是獅航的機飛停的地方\n本來以為我又是最後下機的\n結果窗外竟然有一個樓梯就靠過來\n又本來以為它是要卸行李或什麼之類的\n結果沒一會，空服就走出來說可以從後面下\n反而蠻早我就變成後面第一個下機\n拍了拍照，就上公車了\n\n是說獅航這班真的到曼谷的時間不錯\n一天的開始，搭配現在落地簽要花一些時間\n大概出來也是6點左右，剛好開始玩(不過很累)\n\n可惜的是半夜這班用的不是新機型，沒搭到...\n價格倒是很可以...      \n以上","excerpt":"大家好~，還是一樣先上一下影片，這次的飛行資訊，出發：台北桃園TPE，抵達：泰國廊曼DMK，艙等：廉價航空，時間：2019年12月21日上午1：25起飛，機型：737-800，這次會去這一趟泰國，完全","anonymousSchool":false,"anonymousDepartment":false,"pinned":false,"forumId":"5e4df604-ce17-49d0-a7bf-621022e76fc0","replyId":null,"createdAt":"2020-01-02T13:25:41.061Z","updatedAt":"2020-01-09T03:38:13.676Z","commentCount":2,"likeCount":7,"tags":["HIDE_THUMBNAIL"],"topics":["飛行","泰國","航空","獅航","記錄"],"supportedReactions":null,"withNickname":true,"reportReason":"","hiddenByAuthor":false,"meta":{"layout":"classic"},"forumName":"航空","forumAlias":"aviation","school":"Ryen","department":"ryen","replyTitle":null,"gender":"M","personaSubscriptable":false,"reactions":[{"id":"286f599c-f86a-4932-82f0-f5a06f1eca03","count":7}],"hidden":false,"customStyle":null,"isSuspiciousAccount":false,"layout":"classic","withImages":false,"withVideos":false,"media":[],"reportReasonText":"","mediaMeta":[{"id":"cb25d6c0-0c1c-409f-b636-eabc5ea7fd3e","url":"https://youtu.be/Dq6dnOyMBP0","normalizedUrl":"https://www.youtube.com/watch?v=Dq6dnOyMBP0","thumbnail":"https://img.youtube.com/vi/Dq6dnOyMBP0/hqdefault.jpg","type":"video/youtube","tags":["ANNOTATED"],"createdAt":"2020-01-02T13:25:41.061Z","updatedAt":"2020-01-09T03:38:13.676Z"}],"postAvatar":""}