{"id":232858290,"title":"[飛行記錄] [影音]泰越捷 曼谷蘇汪納蓬BKK-台中RMQ A320-214","content":"大家好好好\n老樣子\n先放影片\nhttps://youtu.be/bO32blXir2E\n\n 這次的飛行資訊\n 出發：泰國曼谷蘇汪納蓬BKK\n 抵達：台中RMQ\n 艙等：廉價航空\n 時間：2019年12月23日上午9：00\n 機型：A320-214\n\n泰國三天兩夜快閃，咻的一下就過完了\n為了可以早點回台灣休息一下\n所以訂了越捷一早的飛機\n9點的飛機趕早上的機場捷運到，還來得及\n所以沒有特意住在機場附近，相當棒\n\n當天一早到，已經開櫃開始在報到\n排隊的人也大概一直維持在20位左右  \n速度一般大概30分鐘完成報到\n出境跟以往也大致相同\n人雖然多，不過前進的速度還算快\n讓我第一次體驗到過海關要拖鞋的也是泰國\n\n由於時間蠻緊的，所以很快就到F1A登機口\n本來趕緊想先去上個廁所\n結果，BBK的廁所幾乎都是只有2間\n只好再跑到貴賓室附近去\n結果也是滿的...只好乖乖等\n不過BKK機場蓋得蠻華麗\n可是廁所好像還好，昏暗的讓人感覺老舊\n不過大好處的就是，不會有建築物擋住飛機\n可以好好拍照，也能順便看看附近飛機\n也因為這樣當天也有看到飛行員出來尋看飛機\n\n起飛時間也大約是在9點左右\n\n因為排在最後一個登上飛機，有看到這時候第二班巴士才過來\n登機後馬一迎面而來的就是越捷空服員女生\n真的就是穿著短褲，不過飛行過程，我看大家也沒有特別在看他們\n男生就一般的黑色西裝褲\n登機的速度不算快，總共三台巴士\n這天載客率感覺不錯\n最後面全滿\n\n而來到習慣的最後一排左邊C號走道位子\n越捷的位置大小，也就是一般廉價航空一樣\n不過比起去程的泰國獅航，多了可以後仰的按鍵\n但真的是...沒效果\n短程的航班，又是早上，本來也就睡不太下\n而A320的機組人員有一個位置，感覺就是坐在走道面對前面\n所以坐在最後一個位置的我\n起飛降落感覺有種被盯著的奇怪感，哈  \n\n上完廁所回去，已經開始登機了\n我趕快就上前去登機\n沒有注意到是不是有先後登機順序\n可能上廁所期間有廣播也不一定\n不過我劃在最後一排，照常理應該也是前面\n不意外的是用巴士載到登機口\n\n但是...上巴士的F1A感覺就是在機場的最這邊\n一路開到最遠那邊，蠻遠的\n都還看到維修廠了     \n越捷的桌子，感覺大小應該跟別家沒差異\n可是有略低，而且比較靠近身體，有好有壞\n\n而這次訂得餐，也是在訂機票的時候就一併訂了\n訂的是泰式炒麵組合，含水跟布朗尼\n比起訂的其它廉航，越捷的餐跟選位都便宜了不少，甚至一半\n比起泰國獅航好的，是越捷有菜單(應該其它很多家都有)\n看了一下價目，確實先訂餐可以省一些\n四種主餐中，我點了我看起來最喜歡的\n這次就真的是點對了\n味道相當洽到好處的炒麵\n每樣東西都相當入味\n尤其最愛豆乾丁，很像肉絲炒豆乾\n有點微硬的口感，很對我的口味\n\n而甜點布朗尼，雖然包裝洋春\n吃起來甜，但後來看影片\n才了解到，我當時為什麼會滿意這個甜點\n就是因為它蠻大塊的.....哈哈   \n\n然後，我一開始在看菜單的時候\n看到飲料區，不知道為什麼看走眼\n以為飲料都是30塊\n就想著，椰子水我記得泰國7-11都是賣25塊\n越捷也太佛了吧，只多5塊\n所以就一直等著空服員推著過來，要買個兩瓶\n結果我只拿100塊泰幣給空服員\n等他跟我說120我才知道，原來一瓶是60...\n也是硬著頭皮付了，哈哈\n\n那廁所就是...大家都一樣，不是很適合上大的\n除非很急，不然上大的我還是喜輕鬆上\n感覺外面有人在等，而且下一位進去聞到\n會有點不自在跟不好意思...\n\n而最後，提早了快半小時抵達台中\n自從8.9年前當兵的時候，搭過國內線從金門回來過\n就再也沒來過台中機場\n讓我驚訝有空橋，因為記得以前是自己走下飛機的\n\n台中機場的海關，還會在手扶梯口提醒大家不要帶肉品\n我沒托運     \n一個大迴轉馬上出關，也是有過X光機喔\n\n最後...順便繞去一中街洗了個牙\n跟吃久違的一中九州拉麵\n還是一樣好吃...","excerpt":"大家好好好，老樣子，先放影片，這次的飛行資訊，出發：泰國曼谷蘇汪納蓬BKK，抵達：台中RMQ，艙等：廉價航空，時間：2019年12月23日上午9：00，機型：A320-214，泰國三天兩夜快閃，咻的一","anonymousSchool":false,"anonymousDepartment":false,"pinned":false,"forumId":"5e4df604-ce17-49d0-a7bf-621022e76fc0","replyId":null,"createdAt":"2020-01-09T12:55:30.171Z","updatedAt":"2020-01-09T12:55:47.774Z","commentCount":2,"likeCount":7,"tags":[],"topics":["曼谷","飛行紀錄","影音","越捷","台中"],"supportedReactions":null,"withNickname":true,"reportReason":"","hiddenByAuthor":false,"meta":{"layout":"classic"},"forumName":"航空","forumAlias":"aviation","school":"Ryen","department":"ryen","replyTitle":null,"gender":"M","personaSubscriptable":false,"reactions":[{"id":"286f599c-f86a-4932-82f0-f5a06f1eca03","count":7}],"hidden":false,"customStyle":null,"isSuspiciousAccount":false,"layout":"classic","withImages":false,"withVideos":false,"media":[],"reportReasonText":"","mediaMeta":[{"id":"854520a9-3485-40a1-807d-529d66d9b4e4","url":"https://img.youtube.com/vi/bO32blXir2E/hqdefault.jpg","normalizedUrl":"https://img.youtube.com/vi/bO32blXir2E/hqdefault.jpg","thumbnail":"https://img.youtube.com/vi/bO32blXir2E/hqdefault.jpg","type":"image/thumbnail","tags":["ANNOTATED"],"createdAt":"2020-01-09T12:55:30.171Z","updatedAt":"2020-01-09T12:55:47.774Z"},{"id":"854520a9-3485-40a1-807d-529d66d9b4e4","url":"https://youtu.be/bO32blXir2E","normalizedUrl":"https://www.youtube.com/watch?v=bO32blXir2E","thumbnail":"https://img.youtube.com/vi/bO32blXir2E/hqdefault.jpg","type":"video/youtube","tags":["ANNOTATED"],"createdAt":"2020-01-09T12:55:30.171Z","updatedAt":"2020-01-09T12:55:47.774Z"}],"postAvatar":""}