{"id":232807030,"title":"為什麼想當空服員？","content":"#更 \n謝謝大家理我XD看完你們的留言，感覺可以先試試看再說，況且我還算年輕（？）還有三年的時間可以考慮，總之很謝謝各位，我會努力做功課的，如果有不懂的再麻煩各位～\n\n身邊沒有認識的人是空服員，但是我知道這一份看起來光鮮亮麗，卻要吃很多苦頭的工作。\n\n大概在國中有「想當空服員」的想法，但之後也沒有繼續想了。\n\n高中時，這個想法又跑出來了，到現在有越來越強烈的慾望想成為空服員，但是我的理由是：\n1.空服員的儀態很美\n2.可以到世界各地看看，同時又能賺錢\n3.薪水不低\n4.讓家人出國玩的成本變低\n\n不知道這些原因，在各位看來會不會很膚淺？或是不夠支撐我走上這條辛苦的路？\n\n我很好奇各位想當空服員的初衷，希望大家可以跟我分享，謝謝你們！","excerpt":"#更，謝謝大家理我XD看完你們的留言，感覺可以先試試看再說，況且我還算年輕（？）還有三年的時間可以考慮，總之很謝謝各位，我會努力做功課的，如果有不懂的再麻煩各位～身邊沒有認識的人是空服員，但是我知道這","anonymousSchool":false,"anonymousDepartment":true,"pinned":false,"forumId":"5e4df604-ce17-49d0-a7bf-621022e76fc0","replyId":null,"createdAt":"2020-01-01T17:06:24.078Z","updatedAt":"2020-01-02T15:35:04.603Z","commentCount":53,"likeCount":63,"tags":["HIDE_THUMBNAIL"],"topics":["詢問"],"supportedReactions":null,"withNickname":false,"reportReason":"","hiddenByAuthor":false,"meta":{"layout":"classic"},"forumName":"航空","forumAlias":"aviation","school":"輔仁大學","replyTitle":null,"gender":"F","personaSubscriptable":false,"reactions":[{"id":"286f599c-f86a-4932-82f0-f5a06f1eca03","count":63}],"hidden":false,"customStyle":null,"isSuspiciousAccount":false,"layout":"classic","withImages":false,"withVideos":false,"media":[],"reportReasonText":"","mediaMeta":[],"postAvatar":""}