{"id":232977930,"title":"星宇航空 飛行體驗 台北－澳門 JX205/JX201","content":"在開賣那天很順利的買到了機票👏🏻\n由於購買的是經濟艙的部分，所以我下面都是以經濟艙為主唷！\n經濟艙機票部分有分以下幾種（擷取自星宇航空官方網站）\n主要差異在「里程」、「托運行李公斤數」、「選位」\n購票前要注意一下唷～\n我這次購買的是限量票價唷😂\n\n\nhttp://i.imgur.com/kiFIrFu.jpg\n\n我搭乘的不是首航，也不是K董航班\n因此當天C/I的旅客沒有很多\n甚至比我想的還少\n\n星宇的櫃檯在第一航廈的六號櫃檯\nhttp://i.imgur.com/5g4Dmrl.jpg\n人工櫃檯C/I外也有自助報到機器可以使用\nhttp://i.imgur.com/EEXMbvN.jpg\n櫃台上有行李條可以免費拿取，也有機上電子用品使用規範說明\nhttp://i.imgur.com/miSTdZM.jpg\n順利拿到登機證了，15A逃生門的座位\n登機門為A2\n座位的部分可以在起飛前48小時選位\n但第一排和逃生門一樣要收費喲（前區座位則免費）\nhttp://i.imgur.com/7jMNPts.jpg\n當然也可以網路報到\n可提前拿到數位登機證\n使用iphone的人可以加入Apple Wallet唷！\n\nhttp://i.imgur.com/Ty3seJD.jpg\n\n過完安檢和出境後，就跑去看看貴賓室了（只有外觀哈哈哈😂\n看起來真的質感滿分\n希望有機會可以進去✌🏻\n\n接下來就準備登機囉～～\n由於來機晚到，導致地面作業有延遲\n當天比預計登機的時間晚了約20分鐘\nhttp://i.imgur.com/9zUWlsG.jpg\n（桃機的玻璃真的不好拍照！！）\nhttp://i.imgur.com/xyRttvV.jpg\n當天人數應該不超過60個吧\n可能因為載重的關係，所以旅客都被分配在後方的位置\nhttp://i.imgur.com/NzuzzsK.jpg\n逃生門座位的椅距真的很大很舒服\nhttp://i.imgur.com/IH1HgVP.jpg\n\n\n安全須知卡和出口座位須知卡\nhttp://i.imgur.com/QfmsPtd.jpg\n星宇A321Neo（窄體客機）也有機上娛樂系統\n且螢幕也很大（亮面螢幕），看起來很舒服，但相對的反光比較嚴重\n螢幕下方有個USB和3.5mm的耳機孔（我覺得耳機孔很加分👍🏻👍🏻👍🏻\n只不過系統不能像華航一樣，跟其他乘客聊天\nhttp://i.imgur.com/D27g0WU.jpg\n\n機上的燈光，藍橘色搭配蠻美的\nhttp://i.imgur.com/85PUCWu.jpg\n接下來就是餐點的部份：胡同燒肉\n只有一種，不能選擇\n但真的是很好吃（吃過很多飛機餐，有在前三名\n因為是用塑膠盒的關係，周圍米粒的部分並不會太乾太硬\n只不過吃到最後也是很油\nhttp://i.imgur.com/ExvP0tW.jpg\n餐具則是鐵製的，也是質感滿分\n回收後應該會重複使用\nhttp://i.imgur.com/g9hRhjF.jpg\n如果是從澳門飛往台北的話\n就沒有胡同燒肉囉\nhttp://i.imgur.com/gwu7FFD.jpg\n飲品的部分\n由於台北澳門是短程航線\n我就沒有額外再點飲品了\nhttp://i.imgur.com/BRdFaII.jpg\n再來就是機上WiFi的部分（一萬英尺以上才能使用）\n單純傳送文字訊息的話，全艙等都能免費使用\n如果要看影片之類比較大流量的\n就要額外購買流量囉（商務艙則是免費\n我看很多人都不知道有這個服務\n這邊讓大家知道一下（搭飛機還能傳Line聊天真的很棒\n\nhttp://i.imgur.com/9Ls1uAu.png\nhttp://i.imgur.com/R8EaZbd.png\n\nhttp://i.imgur.com/1497Szu.png\n\n回程就沒有空橋了\n停在外機坪，但也是一個不錯的體驗（我自己很愛外機坪哈😍\n可以近距離看到飛機\n也搭到了星宇的接駁車\n\nhttp://i.imgur.com/OtlMY6V.jpg\n\nhttp://i.imgur.com/gL8U6hm.jpg\n\n-------------------------------------------------------------------------------------------------------------------------------------\n整理來說星宇各方面都很不錯👏🏻\n免稅商品較少一些\n廁所的空間不太大，有點擠\nA321Neo引勤聲音也小蠻多的\n星宇的地勤和空服人員都很熱情❤️\n希望可以繼續保持\n開更多航線囉～✈️\n\n\n不過最近武漢肺炎越來越嚴重\n旅客真的少很多 航班也取消不少\n星宇的澳門航線甚至要砍兩班\n也辛苦每個第一線的工作人員了\n大家記得戴口罩\n保護自己也保護他人\n回國也要如實申報健康狀況👍🏻\n祝大家新年快樂🎆\nhttp://i.imgur.com/Kqmlx7o.jpg\n\nhttp://i.imgur.com/S2ZlpmJ.jpg","excerpt":"在開賣那天很順利的買到了機票，由於購買的是經濟艙的部分，所以我下面都是以經濟艙為主唷！，經濟艙機票部分有分以下幾種（擷取自星宇航空官方網站），主要差異在「里程」、「托運行李公斤數」、「選位」購票前要注","anonymousSchool":false,"anonymousDepartment":false,"pinned":false,"forumId":"5e4df604-ce17-49d0-a7bf-621022e76fc0","replyId":null,"createdAt":"2020-01-29T10:25:16.945Z","updatedAt":"2020-01-29T17:39:41.360Z","commentCount":7,"likeCount":117,"tags":[],"topics":["體驗","澳門","星宇航空","航空","STARLUXAIRLINES"],"supportedReactions":null,"withNickname":true,"reportReason":"","hiddenByAuthor":false,"meta":{"layout":"classic"},"forumName":"航空","forumAlias":"aviation","school":"比利boy","department":"alex1907","replyTitle":null,"gender":"M","personaSubscriptable":null,"reactions":[{"id":"286f599c-f86a-4932-82f0-f5a06f1eca03","count":117}],"hidden":false,"customStyle":null,"isSuspiciousAccount":false,"layout":"classic","withImages":true,"withVideos":false,"media":[{"url":"http://i.imgur.com/kiFIrFu.jpg"},{"url":"http://i.imgur.com/5g4Dmrl.jpg"},{"url":"http://i.imgur.com/EEXMbvN.jpg"},{"url":"http://i.imgur.com/miSTdZM.jpg"},{"url":"http://i.imgur.com/7jMNPts.jpg"},{"url":"http://i.imgur.com/Ty3seJD.jpg"},{"url":"http://i.imgur.com/9zUWlsG.jpg"},{"url":"http://i.imgur.com/xyRttvV.jpg"},{"url":"http://i.imgur.com/NzuzzsK.jpg"},{"url":"http://i.imgur.com/IH1HgVP.jpg"},{"url":"http://i.imgur.com/QfmsPtd.jpg"},{"url":"http://i.imgur.com/D27g0WU.jpg"},{"url":"http://i.imgur.com/85PUCWu.jpg"},{"url":"http://i.imgur.com/ExvP0tW.jpg"},{"url":"http://i.imgur.com/g9hRhjF.jpg"},{"url":"http://i.imgur.com/gwu7FFD.jpg"},{"url":"http://i.imgur.com/BRdFaII.jpg"},{"url":"http://i.imgur.com/9Ls1uAu.png"},{"url":"http://i.imgur.com/R8EaZbd.png"},{"url":"http://i.imgur.com/1497Szu.png"},{"url":"http://i.imgur.com/OtlMY6V.jpg"},{"url":"http://i.imgur.com/gL8U6hm.jpg"},{"url":"http://i.imgur.com/Kqmlx7o.jpg"},{"url":"http://i.imgur.com/S2ZlpmJ.jpg"}],"reportReasonText":"","mediaMeta":[{"id":"9e9491f0-af51-474d-abf3-15955c2ce628","url":"https://i.imgur.com/kiFIrFul.jpg","normalizedUrl":"https://i.imgur.com/kiFIrFul.jpg","thumbnail":"https://i.imgur.com/kiFIrFul.jpg","type":"image/thumbnail","tags":["ANNOTATED"],"createdAt":"2020-01-29T10:25:16.945Z","updatedAt":"2020-01-29T17:39:41.360Z"},{"id":"9e9491f0-af51-474d-abf3-15955c2ce628","url":"http://i.imgur.com/kiFIrFu.jpg","normalizedUrl":"https://imgur.com/kiFIrFu","thumbnail":"https://i.imgur.com/kiFIrFul.jpg","type":"image/imgur","tags":["ANNOTATED"],"createdAt":"2020-01-29T10:25:16.945Z","updatedAt":"2020-01-29T17:39:41.360Z"},{"id":"c29c2e94-61c2-4233-be9e-7fa7e9578600","url":"http://i.imgur.com/5g4Dmrl.jpg","normalizedUrl":"https://imgur.com/5g4Dmrl","thumbnail":"https://i.imgur.com/5g4Dmrll.jpg","type":"image/imgur","tags":["ANNOTATED"],"createdAt":"2020-01-29T10:25:16.945Z","updatedAt":"2020-01-29T17:39:41.360Z"},{"id":"d8165793-a1e6-434d-87ea-90152d419bda","url":"http://i.imgur.com/EEXMbvN.jpg","normalizedUrl":"https://imgur.com/EEXMbvN","thumbnail":"https://i.imgur.com/EEXMbvNl.jpg","type":"image/imgur","tags":["ANNOTATED"],"createdAt":"2020-01-29T10:25:16.945Z","updatedAt":"2020-01-29T17:39:41.360Z"},{"id":"7dc38bfc-4e9d-4dad-a798-7e60f6f165a1","url":"http://i.imgur.com/miSTdZM.jpg","normalizedUrl":"https://imgur.com/miSTdZM","thumbnail":"https://i.imgur.com/miSTdZMl.jpg","type":"image/imgur","tags":["ANNOTATED"],"createdAt":"2020-01-29T10:25:16.945Z","updatedAt":"2020-01-29T17:39:41.360Z"},{"id":"9b72aed0-49d6-4852-8b35-1a5db74221cc","url":"http://i.imgur.com/7jMNPts.jpg","normalizedUrl":"https://imgur.com/7jMNPts","thumbnail":"https://i.imgur.com/7jMNPtsl.jpg","type":"image/imgur","tags":["ANNOTATED"],"createdAt":"2020-01-29T10:25:16.945Z","updatedAt":"2020-01-29T17:39:41.360Z"},{"id":"ced64496-cde0-44b0-a092-7fbf090996f6","url":"http://i.imgur.com/Ty3seJD.jpg","normalizedUrl":"https://imgur.com/Ty3seJD","thumbnail":"https://i.imgur.com/Ty3seJDl.jpg","type":"image/imgur","tags":["ANNOTATED"],"createdAt":"2020-01-29T10:33:56.829Z","updatedAt":"2020-01-29T17:39:41.360Z"},{"id":"950ad53a-b84f-418c-bc69-0018ed5128c8","url":"http://i.imgur.com/9zUWlsG.jpg","normalizedUrl":"https://imgur.com/9zUWlsG","thumbnail":"https://i.imgur.com/9zUWlsGl.jpg","type":"image/imgur","tags":["ANNOTATED"],"createdAt":"2020-01-29T10:25:16.945Z","updatedAt":"2020-01-29T17:39:41.360Z"},{"id":"e5c5f524-ce4b-4ec5-a6e1-dc7aee4f20e1","url":"http://i.imgur.com/xyRttvV.jpg","normalizedUrl":"https://imgur.com/xyRttvV","thumbnail":"https://i.imgur.com/xyRttvVl.jpg","type":"image/imgur","tags":["ANNOTATED"],"createdAt":"2020-01-29T10:25:16.945Z","updatedAt":"2020-01-29T17:39:41.360Z"},{"id":"f71abe61-5517-49b2-84ad-3ea5d82da522","url":"http://i.imgur.com/NzuzzsK.jpg","normalizedUrl":"https://imgur.com/NzuzzsK","thumbnail":"https://i.imgur.com/NzuzzsKl.jpg","type":"image/imgur","tags":["ANNOTATED"],"createdAt":"2020-01-29T10:25:16.945Z","updatedAt":"2020-01-29T17:39:41.360Z"},{"id":"3d1e5e6f-8659-4bb6-a0f5-386e2f6a847b","url":"http://i.imgur.com/IH1HgVP.jpg","normalizedUrl":"https://imgur.com/IH1HgVP","thumbnail":"https://i.imgur.com/IH1HgVPl.jpg","type":"image/imgur","tags":["ANNOTATED"],"createdAt":"2020-01-29T10:25:16.945Z","updatedAt":"2020-01-29T17:39:41.360Z"},{"id":"06914b05-e926-408b-bdcb-351057a3a49d","url":"http://i.imgur.com/QfmsPtd.jpg","normalizedUrl":"https://imgur.com/QfmsPtd","thumbnail":"https://i.imgur.com/QfmsPtdl.jpg","type":"image/imgur","tags":["ANNOTATED"],"createdAt":"2020-01-29T10:25:16.945Z","updatedAt":"2020-01-29T17:39:41.360Z"},{"id":"94b556db-aa2a-473c-9cb4-140c334c95ea","url":"http://i.imgur.com/D27g0WU.jpg","normalizedUrl":"https://imgur.com/D27g0WU","thumbnail":"https://i.imgur.com/D27g0WUl.jpg","type":"image/imgur","tags":["ANNOTATED"],"createdAt":"2020-01-29T10:25:16.945Z","updatedAt":"2020-01-29T17:39:41.360Z"},{"id":"68249041-f909-4bd1-8a88-8fe6580cd3ea","url":"http://i.imgur.com/85PUCWu.jpg","normalizedUrl":"https://imgur.com/85PUCWu","thumbnail":"https://i.imgur.com/85PUCWul.jpg","type":"image/imgur","tags":["ANNOTATED"],"createdAt":"2020-01-29T10:25:16.945Z","updatedAt":"2020-01-29T17:39:41.360Z"},{"id":"6ebb50b3-57c8-4020-a212-dc6e959d03ed","url":"http://i.imgur.com/ExvP0tW.jpg","normalizedUrl":"https://imgur.com/ExvP0tW","thumbnail":"https://i.imgur.com/ExvP0tWl.jpg","type":"image/imgur","tags":["ANNOTATED"],"createdAt":"2020-01-29T10:25:16.945Z","updatedAt":"2020-01-29T17:39:41.360Z"},{"id":"a24a02f7-1a7e-4bc2-b96f-0ee714cd5103","url":"http://i.imgur.com/g9hRhjF.jpg","normalizedUrl":"https://imgur.com/g9hRhjF","thumbnail":"https://i.imgur.com/g9hRhjFl.jpg","type":"image/imgur","tags":["ANNOTATED"],"createdAt":"2020-01-29T10:25:16.945Z","updatedAt":"2020-01-29T17:39:41.360Z"},{"id":"a9192ae2-a82b-496b-9e09-30069478f5ec","url":"http://i.imgur.com/gwu7FFD.jpg","normalizedUrl":"https://imgur.com/gwu7FFD","thumbnail":"https://i.imgur.com/gwu7FFDl.jpg","type":"image/imgur","tags":["ANNOTATED"],"createdAt":"2020-01-29T10:25:16.945Z","updatedAt":"2020-01-29T17:39:41.360Z"},{"id":"9cb4026f-ecf8-4679-be98-878f034c657a","url":"http://i.imgur.com/BRdFaII.jpg","normalizedUrl":"https://imgur.com/BRdFaII","thumbnail":"https://i.imgur.com/BRdFaIIl.jpg","type":"image/imgur","tags":["ANNOTATED"],"createdAt":"2020-01-29T10:25:16.945Z","updatedAt":"2020-01-29T17:39:41.360Z"},{"id":"109fb8a5-07b0-4804-add2-796b694adf6d","url":"http://i.imgur.com/9Ls1uAu.png","normalizedUrl":"https://imgur.com/9Ls1uAu","thumbnail":"https://i.imgur.com/9Ls1uAul.jpg","type":"image/imgur","tags":["ANNOTATED"],"createdAt":"2020-01-29T10:25:16.945Z","updatedAt":"2020-01-29T17:39:41.360Z"},{"id":"04ce0b87-de27-4c4f-8697-d642d4b2fc85","url":"http://i.imgur.com/R8EaZbd.png","normalizedUrl":"https://imgur.com/R8EaZbd","thumbnail":"https://i.imgur.com/R8EaZbdl.jpg","type":"image/imgur","tags":["ANNOTATED"],"createdAt":"2020-01-29T10:25:16.945Z","updatedAt":"2020-01-29T17:39:41.360Z"},{"id":"bf5ec573-f726-4b0a-9029-b764712b77ec","url":"http://i.imgur.com/1497Szu.png","normalizedUrl":"https://imgur.com/1497Szu","thumbnail":"https://i.imgur.com/1497Szul.jpg","type":"image/imgur","tags":["ANNOTATED"],"createdAt":"2020-01-29T10:25:16.945Z","updatedAt":"2020-01-29T17:39:41.360Z"},{"id":"4cdab413-0ac5-434e-b2c6-e9f81f7755c7","url":"http://i.imgur.com/OtlMY6V.jpg","normalizedUrl":"https://imgur.com/OtlMY6V","thumbnail":"https://i.imgur.com/OtlMY6Vl.jpg","type":"image/imgur","tags":["ANNOTATED"],"createdAt":"2020-01-29T10:25:16.945Z","updatedAt":"2020-01-29T17:39:41.360Z"},{"id":"904f3994-a477-428d-b7d8-9605297f3e83","url":"http://i.imgur.com/gL8U6hm.jpg","normalizedUrl":"https://imgur.com/gL8U6hm","thumbnail":"https://i.imgur.com/gL8U6hml.jpg","type":"image/imgur","tags":["ANNOTATED"],"createdAt":"2020-01-29T10:25:16.945Z","updatedAt":"2020-01-29T17:39:41.360Z"},{"id":"8571959d-6d3d-4577-a0b0-a2e92f974177","url":"http://i.imgur.com/Kqmlx7o.jpg","normalizedUrl":"https://imgur.com/Kqmlx7o","thumbnail":"https://i.imgur.com/Kqmlx7ol.jpg","type":"image/imgur","tags":["ANNOTATED"],"createdAt":"2020-01-29T10:25:16.945Z","updatedAt":"2020-01-29T17:39:41.360Z"},{"id":"b2b815de-888b-4b13-867f-6cb74f4a98c9","url":"http://i.imgur.com/S2ZlpmJ.jpg","normalizedUrl":"https://imgur.com/S2ZlpmJ","thumbnail":"https://i.imgur.com/S2ZlpmJl.jpg","type":"image/imgur","tags":["ANNOTATED"],"createdAt":"2020-01-29T10:25:16.945Z","updatedAt":"2020-01-29T17:39:41.360Z"}],"postAvatar":""}