{"id":232930359,"title":"#發問#長榮應試繳交學年成績、手寫履歷問題","content":"我是2020應屆即將畢業的大四生\n雖然長榮不一定會在下半年招人但還是想事先請問各位板上的前輩，\n長榮會在初試當天繳交全學年的成績單，長榮是否會在意全學年的成績不是很理想？（我沒有被當的紀錄但成績偏後面）\n在複試階段也會有需要手寫履歷的部分，關於這部分長榮是否會非常在意字體的美醜呢？（我知道這問題很白癡，但我從小就是字醜到大啊😭😭😭）\n最後，若無搭飛機、搭長榮的飛機的經驗，是不是會大幅降低錄取的機會呢？\n這些問題都是爬文爬了好久但找不到相關文章的啊😭謝謝大家～～～～","excerpt":"我是2020應屆即將畢業的大四生，雖然長榮不一定會在下半年招人但還是想事先請問各位板上的前輩，長榮會在初試當天繳交全學年的成績單，長榮是否會在意全學年的成績不是很理想？（我沒有被當的紀錄但成績偏後面）","anonymousSchool":false,"anonymousDepartment":false,"pinned":false,"forumId":"5e4df604-ce17-49d0-a7bf-621022e76fc0","replyId":null,"createdAt":"2020-01-21T05:37:05.390Z","updatedAt":"2020-01-21T05:37:05.390Z","commentCount":12,"likeCount":22,"tags":["HIDE_THUMBNAIL"],"topics":["履歷","航空","空服員","空服員面試","長榮航空"],"supportedReactions":null,"withNickname":true,"reportReason":"","hiddenByAuthor":false,"meta":{"layout":"classic"},"forumName":"航空","forumAlias":"aviation","school":"痴痴的吃吃吃吃","department":"hahahaaaaaaa","replyTitle":null,"gender":"F","personaSubscriptable":null,"reactions":[{"id":"286f599c-f86a-4932-82f0-f5a06f1eca03","count":22}],"hidden":false,"customStyle":null,"isSuspiciousAccount":false,"layout":"classic","withImages":false,"withVideos":false,"media":[],"reportReasonText":"","mediaMeta":[],"postAvatar":""}