{"id":232932992,"title":"#發問 脊椎側彎想考空服","content":"我是應屆畢業生\n一直以來都有空服夢，所以儘管還沒有徵空服的消息，還是先去骨科照了X光\n因為醫生說我有15度的脊椎側彎，所以昨天立馬去了物理治療所詢問。\n結果一整個療程（大約八次）要$16000！\n對於我來說負擔有點太大了😓\n想請問大家覺得這是必要花的錢嗎？\n還是有人就算側彎15度也考上了呢？\n\n（如果有人有cp值較高的整脊也請推薦給我🙇🏻‍♀️🙇🏻‍♀️）非常感謝各位的幫忙。","excerpt":"我是應屆畢業生，一直以來都有空服夢，所以儘管還沒有徵空服的消息，還是先去骨科照了X光，因為醫生說我有15度的脊椎側彎，所以昨天立馬去了物理治療所詢問。結果一整個療程（大約八次）要$16000！，對於我","anonymousSchool":false,"anonymousDepartment":false,"pinned":false,"forumId":"5e4df604-ce17-49d0-a7bf-621022e76fc0","replyId":null,"createdAt":"2020-01-21T13:36:58.063Z","updatedAt":"2020-01-21T13:36:58.063Z","commentCount":14,"likeCount":13,"tags":["HIDE_THUMBNAIL"],"topics":["空服員","脊椎側彎","空服員面試","航空業","航空"],"supportedReactions":null,"withNickname":true,"reportReason":"","hiddenByAuthor":false,"meta":{"layout":"classic"},"forumName":"航空","forumAlias":"aviation","school":"1998","department":"luluzz","replyTitle":null,"gender":"F","personaSubscriptable":false,"reactions":[{"id":"286f599c-f86a-4932-82f0-f5a06f1eca03","count":13}],"hidden":false,"customStyle":null,"isSuspiciousAccount":false,"layout":"classic","withImages":false,"withVideos":false,"media":[],"reportReasonText":"","mediaMeta":[],"postAvatar":""}