{"id":232934093,"title":"長榮和立榮相關問題","content":"最近很關注長榮航空的招募，立榮航空也在招人到1/28截止，想問一下有沒有人是長榮、立榮都報名呢?是否會因為重複報名導致一個有收到一個沒收到或是兩個一起沒收到?好奇2019-2020真的那麼多人離開長榮嗎?有沒有要離職的能分享她的工作苦談的?","excerpt":"最近很關注長榮航空的招募，立榮航空也在招人到1/28截止，想問一下有沒有人是長榮、立榮都報名呢？是否會因為重複報名導致一個有收到一個沒收到或是兩個一起沒收到？好奇2019-2020真的那麼多人離開長榮","anonymousSchool":false,"anonymousDepartment":false,"pinned":false,"forumId":"5e4df604-ce17-49d0-a7bf-621022e76fc0","replyId":null,"createdAt":"2020-01-21T16:10:21.711Z","updatedAt":"2020-01-21T16:10:21.711Z","commentCount":17,"likeCount":25,"tags":[],"topics":["空服員","航空","航空業","面試","長榮航空"],"supportedReactions":null,"withNickname":true,"reportReason":"","hiddenByAuthor":false,"meta":{"layout":"classic"},"forumName":"航空","forumAlias":"aviation","school":"誰能讓航空業變好我就選誰","department":"a0963539639","replyTitle":null,"gender":"F","personaSubscriptable":false,"reactions":[{"id":"286f599c-f86a-4932-82f0-f5a06f1eca03","count":25}],"hidden":false,"customStyle":null,"isSuspiciousAccount":false,"layout":"classic","withImages":false,"withVideos":false,"media":[],"reportReasonText":"","mediaMeta":[],"postAvatar":""}