{"id":232908971,"title":"#發問 日航V.S長榮 選擇","content":"大家好，第一次於此發文\n最近正在規劃日本自由行，因此機票什麼的都得自己處理，故而因此搜尋到許多不同的選擇，而經過慢慢的篩選及個人偏好，目前就剩下日航跟長榮兩家。\n小弟我這次要從桃園飛成田，當初在搜尋的時候是以想要搭乘Boeing 787 Dreamliner客機為目標的，因此最後才選到剩下日航(使用787-8)以及長榮(使用787-10)；因此在此想要請教的是：若不考慮價格，其他方面比較起來，哪家航空公司比較推薦？\n或者，若板上有朋友發現其他航空公司，且一樣使用Boeing 787 Dreamliner客機，並且認為比小弟提出的還更值得推薦的話，也可以分享一下～～\n感激不盡！","excerpt":"大家好，第一次於此發文，最近正在規劃日本自由行，因此機票什麼的都得自己處理，故而因此搜尋到許多不同的選擇，而經過慢慢的篩選及個人偏好，目前就剩下日航跟長榮兩家。小弟我這次要從桃園飛成田，當初在搜尋的時","anonymousSchool":false,"anonymousDepartment":true,"pinned":false,"forumId":"5e4df604-ce17-49d0-a7bf-621022e76fc0","replyId":null,"createdAt":"2020-01-17T14:51:02.593Z","updatedAt":"2020-01-17T14:51:02.593Z","commentCount":29,"likeCount":6,"tags":[],"topics":["日航","長榮航空"],"supportedReactions":null,"withNickname":false,"reportReason":"","hiddenByAuthor":false,"meta":{"layout":"classic"},"forumName":"航空","forumAlias":"aviation","school":"國立臺北大學","replyTitle":null,"gender":"M","personaSubscriptable":false,"reactions":[{"id":"286f599c-f86a-4932-82f0-f5a06f1eca03","count":6}],"hidden":false,"customStyle":null,"isSuspiciousAccount":false,"layout":"classic","withImages":false,"withVideos":false,"media":[],"reportReasonText":"","mediaMeta":[],"postAvatar":""}