{"id":232933686,"title":"#分享 立榮航空招募空服員","content":"立榮招募空服員囉～\n有興趣的人可以開始填履歷了\n\n關於工作內容、福利可以參考 B24 B25\n\nhttps://www.evaair.com/zh-tw/about-eva-air/careers/job-openings/cabin-crew/new-of-UNICREW-202001.html\n\n報考資格\n\n「立榮空服組」-\n須持有中華民國身分證。\n限中華民國教育部認可之國內外大專院校以上畢業者，不限科系；持國外畢業證書者，須經由駐外機構認證。\n矯正後視力達0.8，並合乎本公司規定之體格標準。\n具備以下任一項英檢成績： 全民英語能力分級檢定測驗達中級(含)以上程度 / TOEIC 達550分以上 / IELTS 4.0以上 / TOEFL iBT達57分以上 / TOEFL ITP達457分以上 / BULATS達40分以上 / Linguaskill達140分以上。\n\n「地勤轉任組(限立榮航空在職員工)」-\n報考資訊另行以內部公告通知。\n\n\n報考方式\n如您符合報考資格，想加入立榮航空空服員的陣容，歡迎您利用網路報名登錄。為避免網路擁塞情形，請儘速完成網路報名，網路系統委由長榮航空代辦。 網路報名登錄\n\n報名期間\n即日起至2020年1月28日。\n\n考試項目及招募流程\n本公司於收到應徵資料後將進行審核，合格者將另行以電子郵件方式通知考試時間及地點，從應徵到成為本公司空服學員須經過以下程序，各項結果需經綜整評量後，依員額需求擇優寄發報到參訓通知。\n面試：預計於2020年2月22日(六) 舉行。\n資格審查、儀態評選、服務適職性、中英文面試等進行篩選。\n適性測驗：安排職業適性診斷測驗。\n筆試：包括心算測驗、適職評量及勞基法84-1說明會後測驗三項。\n體檢：至本公司指定醫療院所進行體檢。\n報到：預計於2020年4月報到。\n工作地點：松山、桃園、台中及高雄等機場。","excerpt":"立榮招募空服員囉～有興趣的人可以開始填履歷了，關於工作內容、福利可以參考 B24 B25，報考資格，「立榮空服組」-，須持有中華民國身分證。限中華民國教育部認可之國內外大專院校以上畢業者，不限科系；持","anonymousSchool":false,"anonymousDepartment":true,"pinned":false,"forumId":"5e4df604-ce17-49d0-a7bf-621022e76fc0","replyId":null,"createdAt":"2020-01-21T15:16:58.735Z","updatedAt":"2020-01-23T07:36:52.964Z","commentCount":53,"likeCount":67,"tags":["HIDE_THUMBNAIL"],"topics":["立榮航空","空服員","空服員面試","航空業"],"supportedReactions":null,"withNickname":false,"reportReason":"","hiddenByAuthor":false,"meta":{"layout":"classic"},"forumName":"航空","forumAlias":"aviation","school":"國立高雄師範大學","replyTitle":null,"gender":"F","personaSubscriptable":true,"reactions":[{"id":"286f599c-f86a-4932-82f0-f5a06f1eca03","count":67}],"hidden":false,"customStyle":null,"isSuspiciousAccount":false,"layout":"classic","withImages":false,"withVideos":false,"media":[],"reportReasonText":"","mediaMeta":[],"postAvatar":""}