{"id":232956234,"title":"#台北空服讀書會","content":"自我介紹👶🏻👶🏻👶🏻\n23歲 TOEIC 700分/Linguaskill Business 156分\n目標：外商、國籍皆可\n還沒考過～\n\n📌地點：小樹屋（地點可再議）\n📌時間：一個禮拜一次\n📌人數：5～10位（可視人數分組）\n📌服裝：正裝或應考服\n📌主題：Host決定\n📌Host：每個人輪流\n📌資格：TOEIC 600分以上\n📌備註：不分國籍或外商航空，會穿插著練習，第一次的聚會會以長榮為主練習\n\n滿20人以上開google表單，以時間地點較能配合的人為主ㄛ～會另外創Line群組！\n\n另外\n㊗️航空版的各位\n2020一起飛向藍天！✈️✈️✈️","excerpt":"自我介紹，23歲 TOEIC 700分/Linguaskill Business 156分，目標：外商、國籍皆可，還沒考過～地點：小樹屋（地點可再議），時間：一個禮拜一次，人數：5～10位（可視人數分","anonymousSchool":false,"anonymousDepartment":true,"pinned":false,"forumId":"5e4df604-ce17-49d0-a7bf-621022e76fc0","replyId":null,"createdAt":"2020-01-25T13:29:49.424Z","updatedAt":"2020-01-25T14:14:07.031Z","commentCount":28,"likeCount":32,"tags":["HIDE_THUMBNAIL"],"topics":["航空","空服員"],"supportedReactions":null,"withNickname":false,"reportReason":"","hiddenByAuthor":false,"meta":{"layout":"classic"},"forumName":"航空","forumAlias":"aviation","school":"世新大學","replyTitle":null,"gender":"F","personaSubscriptable":null,"reactions":[{"id":"286f599c-f86a-4932-82f0-f5a06f1eca03","count":32}],"hidden":false,"customStyle":null,"isSuspiciousAccount":false,"layout":"classic","withImages":false,"withVideos":false,"media":[],"reportReasonText":"","mediaMeta":[],"postAvatar":""}