{"id":232951504,"title":"#高雄空服讀書會","content":"寄到各位的信箱囉！\n\n—————————————————————\n\n\n簡短自我介紹：24歲  目標國籍航空  TOEIC 590分（很爛，正在努力考高）\n沒有考過航空～\n\n地點：高雄市區\n時間：一週一到兩次\n服裝：儘量正式服裝，較有臨場感\nhost :輪流\n主題：host決定\n資格：TOEIC550⬆️ 真心想考空服\n\n滿20人，才能開表單\n\n希望能跟大家一起努力\n想考 國籍/外商都可以一起練習\n期許大家都能很順利的飛上天空✈️\n\n有什麼問題大家都能提出來～","excerpt":"寄到各位的信箱囉！，—————————————————————，簡短自我介紹：24歲  目標國籍航空  TOEIC 590分（很爛，正在努力考高），沒有考過航空～地點：高雄市區，時間：一週一到兩次，服","anonymousSchool":false,"anonymousDepartment":true,"pinned":false,"forumId":"5e4df604-ce17-49d0-a7bf-621022e76fc0","replyId":null,"createdAt":"2020-01-24T14:32:50.709Z","updatedAt":"2020-01-29T18:09:17.100Z","commentCount":48,"likeCount":20,"tags":["HIDE_THUMBNAIL"],"topics":["讀書","空服","高雄","航空"],"supportedReactions":null,"withNickname":false,"reportReason":"","hiddenByAuthor":false,"meta":{"layout":"classic"},"forumName":"航空","forumAlias":"aviation","school":"台南應用科技大學","replyTitle":null,"gender":"F","personaSubscriptable":null,"reactions":[{"id":"286f599c-f86a-4932-82f0-f5a06f1eca03","count":20}],"hidden":false,"customStyle":null,"isSuspiciousAccount":false,"layout":"classic","withImages":false,"withVideos":false,"media":[],"reportReasonText":"","mediaMeta":[],"postAvatar":""}