{"id":232926321,"title":"#分享 阿酋面試心得","content":"https://megapx-assets.dcard.tw/images/bd9df309-e117-4c1f-af1a-cc1beaf2891f/1280.jpeg\n\n\n我之前去歐洲除了散心之外還有就是去參加阿酋的面試\n不想太早說是因為覺得八字還沒有一撇\n但我現在收到final了\n所以想說跟大家分享一下現在阿酋的流程\n我是在Brussels 和Düsseldorf 參加Open Day\nBrussels 現場大概53個參加\nDüsseldorf \n現場人數39個人而已！\n沒錯39人！\n機乎都是歐洲人來參加\n在Düsseldorf \n亞洲人包括我只有四個\n兩個泰國妹妹 \n一個香港妹妹\n在我之前在卡達航空工作的時候我就有聽聞歐洲的Open Day會比較把名額都保留給歐洲人(金髮碧眼條款😅\n這兩場參加下來我還真的非常有感\n\n在Brussels 參加面試的時候我就有發現\n沃！好多都是現職空服！大概快要一半！\n然后我有參考很多人的意見\n包括團討的時候應該不要發表太多意見啊\n多去同意別人意見\n絕對不要否定別人的想法blah blah blah\n我完全照做！\n結果⋯⋯⋯⋯\nFAIL!\n\n\n因為人數太少\n所以CV drop直接pass\n全部進入團討\n在Brussels 的團討提題目是\n如果今天飛機Emergency evacuate成功後 \n乘客有些是傷患和各式各樣的人\n有十個選項的東西你只能挑五個東西下機\n你會挑哪些\n1.water\n2.food\n3.torch\n4.defibrillator\n5.first aid kit\n6.oxygen bottle\n7.blanket \n8.ELT\n9.cell phone \n10.fire extinguisher \n然後我們22個人全部有10分鐘可以討論\n10分鐘結束後要大家統一出五個物品及原因\n我覺得這邊非常的心機\n因為我們要自己推派人選去發表意見\n講的人很重要\n推派的過程也很重要\n突然想起來還好之前卡達的面試只有演講\n而且一開始討論根本一團亂\n有些歐洲人真的話超多\n真的插不上話！\n然後此時此刻就會觀察到有一群人就是默默點頭然後說對你說的很棒的人\n我就是其中一個\n再來在七嘴八舌之下10分鐘其實很快就過了\n考官這就是在旁圍繞著看著大家作筆記\n然後當然也是像大家所說的不要看他專心的討論\n10分鐘後也是七嘴八舌的發表最後的結果\n那個時候我就覺得我不大妙\n果真 我布魯塞爾fail了\n\n第二次在Düsseldorf \n記取教訓\n調整面試方式\nEmirates 要的人\n不像Qatar 一樣要唯唯諾諾\n比較注重意見發表和個人特質\n而當了2年cabin crew的我\n當然知道crew要有什麼特質\n\n心裏準備好的我\n在2度下雨的低溫一大早起床去了open day\n現場比上次面試的人更少了\n39人！\n但真的不可以輕率\n大部分都是小模等級以上的男男女女\n超模如我有2、3個\n在不知道取多少人的情況下\n我真的要全力以赴\n就像Brussels一樣 CV drop完直接團討\n但這次團討形式不一樣\n2、3個一組 然討論一張照片\n照片後面有五個問題\n像我們拿到的題目是一個cabin crew 在機艙內跟兩個坐在位置上的小孩對話\n1.圖片發生了什麼事\n2.組員在跟小孩對話什麼\n3.組員可以為小孩做什麼\n4.組員要如何做出讓他們難忘的事\n5.組員要如何為公司帶來更多價值\n\n我們3個分配她們2個各兩題\n我來講最後一題\n因為他們覺得最後一題最難說😅\n\n我大概的說法是\n雖然照片裡面是組員在跟小孩講話\n但我想要說的是\n不論是在對小孩或者是大人老人各式各樣的人\n我們都要讓他們Exceed  Expectation\n很多小細節都可以讓他們感到非常貼心\n人跟人之間相處 最難能可貴的就是溫度\n溫度帶給客人溫暖 \n這份溫暖絕對是組員能為公司帶來最大的價值\n（拜託不要讓我翻成英文 我當下腎上腺素激增霹靂啪啦就講出來了🤣🤣）\n\n很幸運的我成功的下一關了\n我兩個partner沒有😭\n\n下一關就是只紙筆摸高\n本人有180沒啥問題 然後紙筆測驗真的真的不難 而且大家也都是超快就寫結束了\n\n再來下一關 我快嚇死\n直接一對一了欸！\n目前剩下5個人\n3個德國女生\n1個匈牙利男\n然後就我    大家都是超模\n女生都有175以上\n匈男跟我差不多高\n\n我大概跟考官講了快半小時\n內容就問了一堆\n我之前當警察的問題\n反而沒問什麼我在卡達的事\n其實也沒問什麼很tricky的問題\n比較像是在聊天\n（原諒我記不太得內容，面試完我只記得我腦汁絞盡）\n然後我快餓死\n7點起床到下午5點\n中午只有2小時吃東西   整個餓瘋\n\n正當我以為這是final的時候\n我們又刷了一個人\n剩下的四個就要我們等最後的線上面試final （咦？怎麼跟我之前聽到的都不一樣？）\n考官要我們線上把資料都用齊全公司要做審核\n\n很幸運的     我最近收到了要線上面試的通知\n\nWish me good luckkkkkkkkk~~~\n我不知道是不是每個地方的open day面試型態都這樣 \n這是我在歐洲面試的經驗 給想飛的大家參考一下","excerpt":"我之前去歐洲除了散心之外還有就是去參加阿酋的面試，不想太早說是因為覺得八字還沒有一撇，但我現在收到final了，所以想說跟大家分享一下現在阿酋的流程，我是在Brussels 和Düsseldorf 參","anonymousSchool":false,"anonymousDepartment":false,"pinned":false,"forumId":"5e4df604-ce17-49d0-a7bf-621022e76fc0","replyId":null,"createdAt":"2020-01-20T12:14:08.477Z","updatedAt":"2020-01-21T06:36:11.416Z","commentCount":76,"likeCount":2483,"tags":[],"topics":["面試","航空","空服員","阿酋","航空業"],"supportedReactions":null,"withNickname":true,"reportReason":"","hiddenByAuthor":false,"meta":{"layout":"classic"},"forumName":"航空","forumAlias":"aviation","school":"CurrySong","department":"godricsong","replyTitle":null,"gender":"M","personaSubscriptable":false,"reactions":[{"id":"286f599c-f86a-4932-82f0-f5a06f1eca03","count":2458},{"id":"011ead16-9b83-4729-9fde-c588920c6c2d","count":15},{"id":"4b018f48-e184-445f-adf1-fc8e04ba09b9","count":5},{"id":"e8e6bc5d-41b0-4129-b134-97507523d7ff","count":5}],"hidden":false,"customStyle":null,"isSuspiciousAccount":false,"layout":"classic","withImages":true,"withVideos":false,"media":[{"url":"https://megapx-assets.dcard.tw/images/bd9df309-e117-4c1f-af1a-cc1beaf2891f/1280.jpeg"}],"reportReasonText":"","mediaMeta":[{"id":"f34edbeb-9f8a-4ce9-b151-30f3d9141dcc","url":"https://megapx-assets.dcard.tw/images/bd9df309-e117-4c1f-af1a-cc1beaf2891f/640.jpeg","normalizedUrl":"https://megapx-assets.dcard.tw/images/bd9df309-e117-4c1f-af1a-cc1beaf2891f/640.jpeg","thumbnail":"https://megapx-assets.dcard.tw/images/bd9df309-e117-4c1f-af1a-cc1beaf2891f/640.jpeg","type":"image/thumbnail","tags":["ANNOTATED"],"createdAt":"2020-01-20T12:14:08.477Z","updatedAt":"2020-01-21T06:36:11.416Z","width":480,"height":640},{"id":"f34edbeb-9f8a-4ce9-b151-30f3d9141dcc","url":"https://megapx-assets.dcard.tw/images/bd9df309-e117-4c1f-af1a-cc1beaf2891f/1280.jpeg","normalizedUrl":"https://megapx.dcard.tw/v1/images/bd9df309-e117-4c1f-af1a-cc1beaf2891f","thumbnail":"https://megapx-assets.dcard.tw/images/bd9df309-e117-4c1f-af1a-cc1beaf2891f/640.jpeg","type":"image/megapx","tags":["ANNOTATED"],"createdAt":"2020-01-20T12:14:08.477Z","updatedAt":"2020-01-21T06:36:11.416Z","width":1500,"height":2000}],"postAvatar":""}