{"id":232944958,"title":"[飛行記錄][影音] 捷星 日本關西-台北 | 咖哩雞好吃","content":"大家好阿阿阿\n尾牙有沒有抽到大獎阿\n我只有500塊....\n一樣先來個先影片\nhttps://youtu.be/Lkmem5nN7Ds\n簡易飛行資訊\n出發：關西KIX(日)17:10\n抵達：台北TPE(日)19:25\n機型：A320\n票價：約台幣3605含選位+餐 \n這次關西神戶快閃為了拉長快閃停留的時間\n所以選了這班捷星的班機\n下午5點起飛\n回來後還來得及接高鐵回中部\n有點小貴\n不過航班時間相當不錯\n報到時候在人真的不多\n但又是假象\n因為登機的時候人一樣全滿\n報到的時候地勤有讓我把全部的行李上秤\n結果6.3kg\n還提醒了我一下\n如果要買拌手禮要小心超過7kg限重\n搭機場電車到遙遠的16登機門這邊的時候\n一個靈光乍現\n想到JCE信用卡有免費貴賓室\n原來就在剛剛下電車的樓梯口\n叫做六甲\n出示JCB信用卡跟登機證就可以進去\n有免費的報紙雜志、WIFI\n零食、餅乾、牛奶、果汁\n然後咖啡加茶一體機\n這天使用的是16號登機門\n上完廁所剛好遇到今天的的飛機在進來\n登機有沒有廣播\n不是很確定\n因為我戴著耳機\n但是別的廣播我是有聽到的\n總之我注意到的時候已經在登機了\n好像沒有讓座位後排的先上\n當天日本地勤蠻嚴格執行行李規定\n排在我前面三位的一位先生\n背包從免稅品袋中露出半顆頭\n就被地勤請到旁邊塞好塞滿才能上飛機\n捷星這班把醫療用品放在上層置物架\n所以就是像這樣擠到要滿出來\n蠻多人上機是找不到置物空間的\n也不確定是不是登機花多太多時間\n延遲了20分鐘才起飛\n廉航的座位都大同小異就跳過\n反正我185坐起來很擠\n捷星的菜單比較樂桃就有趣多了\n各式套餐組可以給它買起來\n特別的是只有在訂票或是事先預約才有的菜單\n我這次點的呢就是添來兄的這道\n咖哩雞\n餐還有用一個可口可樂的紙盒裝著\n捧起來吃也不是問題\n青菜軟到不用嚼的調味清淡\n又不到沒味道，相當不錯\n跟咖哩雞是一重一淡搭配\n 咖哩雞部份就是超好吃\n不像我常吃的那種日式咖哩\n是加了比較多香料\n東南亞口味咖哩相當好吃\n 一入口微微的辣味\n我常說\n 微辣能讓味道再上一個層次\n 不過這個就是吃不了辣的人沒辦法接受的程度\n白飯為普通泰國米那種口感\n 但是配上咖喱雞\n 真的是相乘效果\n冰淇淋就是一般巧克力冰淇淋\n吃完飯剛好一個退完冰的節奏\n吃完飯、稍微休息一下\n偶還會聞到\n空服出來噴的芳香劑味道\n 大約晚上7:35降落在桃園機場\n下機前，空服還發了klook的折價券\n空服當時看我一附台灣臉\n還沒有要給我的意思\n提醒大家\n日本回來的班機記得拿這張非洲豬瘟卡\n可以在海關前\n比別人更快的入關\n時間好\n價格倒是略高\n空服人員中文a通\n餐好吃\n最大的缺點就是那個行李架放醫療用品\n搞得空間不足","excerpt":"大家好阿阿阿，尾牙有沒有抽到大獎阿，我只有500塊....，一樣先來個先影片，簡易飛行資訊，出發：關西KIX（日）17：10，抵達：台北TPE（日）19：25，機型：A320，票價：約台幣3605含選","anonymousSchool":false,"anonymousDepartment":false,"pinned":false,"forumId":"5e4df604-ce17-49d0-a7bf-621022e76fc0","replyId":null,"createdAt":"2020-01-23T12:39:59.336Z","updatedAt":"2020-01-23T12:39:59.336Z","commentCount":3,"likeCount":3,"tags":[],"topics":["航空","日本","關西","捷星","記錄"],"supportedReactions":null,"withNickname":true,"reportReason":"","hiddenByAuthor":false,"meta":{"layout":"classic"},"forumName":"航空","forumAlias":"aviation","school":"Ryen","department":"ryen","replyTitle":null,"gender":"M","personaSubscriptable":false,"reactions":[{"id":"286f599c-f86a-4932-82f0-f5a06f1eca03","count":3}],"hidden":false,"customStyle":null,"isSuspiciousAccount":false,"layout":"classic","withImages":false,"withVideos":false,"media":[],"reportReasonText":"","mediaMeta":[{"id":"72d5a312-157c-4808-8473-6e59ebc047bd","url":"https://img.youtube.com/vi/Lkmem5nN7Ds/hqdefault.jpg","normalizedUrl":"https://img.youtube.com/vi/Lkmem5nN7Ds/hqdefault.jpg","thumbnail":"https://img.youtube.com/vi/Lkmem5nN7Ds/hqdefault.jpg","type":"image/thumbnail","tags":["ANNOTATED"],"createdAt":"2020-01-23T12:39:59.336Z","updatedAt":"2020-01-23T12:39:59.336Z"},{"id":"72d5a312-157c-4808-8473-6e59ebc047bd","url":"https://youtu.be/Lkmem5nN7Ds","normalizedUrl":"https://www.youtube.com/watch?v=Lkmem5nN7Ds","thumbnail":"https://img.youtube.com/vi/Lkmem5nN7Ds/hqdefault.jpg","type":"video/youtube","tags":["ANNOTATED"],"createdAt":"2020-01-23T12:39:59.336Z","updatedAt":"2020-01-23T12:39:59.336Z"}],"postAvatar":""}