{"id":232952471,"title":"#發問 長榮航空面試服裝","content":"https://megapx-assets.dcard.tw/images/1b34a411-2af8-4433-a02b-10f0eac50c9e/full.jpeg\n我知道應該99.9%的人都是穿素色襯衫+窄裙\n但剛剛認真再看一次發現有 短袖窄裙式洋裝\n所以還蠻想知道有沒有人看過或穿短袖窄裙式洋裝去面試的\n\n另外也蠻好奇短袖窄裙式洋裝是類似旗袍的衣服嗎😳\n謝謝大家的指教，大家新年快樂🐭年賺更多錢🤍🤍","excerpt":"我知道應該99.9%的人都是穿素色襯衫+窄裙，但剛剛認真再看一次發現有 短袖窄裙式洋裝，所以還蠻想知道有沒有人看過或穿短袖窄裙式洋裝去面試的，另外也蠻好奇短袖窄裙式洋裝是類似旗袍的衣服嗎，謝謝大家的指","anonymousSchool":false,"anonymousDepartment":true,"pinned":false,"forumId":"5e4df604-ce17-49d0-a7bf-621022e76fc0","replyId":null,"createdAt":"2020-01-24T17:11:46.918Z","updatedAt":"2020-01-24T17:11:46.918Z","commentCount":4,"likeCount":21,"tags":[],"topics":["長榮航空","面試","服裝","航空","空服員"],"supportedReactions":null,"withNickname":false,"reportReason":"","hiddenByAuthor":false,"meta":{"layout":"classic"},"forumName":"航空","forumAlias":"aviation","school":"文藻外語大學","replyTitle":null,"gender":"F","personaSubscriptable":false,"reactions":[{"id":"286f599c-f86a-4932-82f0-f5a06f1eca03","count":21}],"hidden":false,"customStyle":null,"isSuspiciousAccount":false,"layout":"classic","withImages":true,"withVideos":false,"media":[{"url":"https://megapx-assets.dcard.tw/images/1b34a411-2af8-4433-a02b-10f0eac50c9e/full.jpeg"}],"reportReasonText":"","mediaMeta":[{"id":"f0bc9332-013d-4adb-ad47-0fd6608c20c4","url":"https://megapx-assets.dcard.tw/images/1b34a411-2af8-4433-a02b-10f0eac50c9e/640.jpeg","normalizedUrl":"https://megapx-assets.dcard.tw/images/1b34a411-2af8-4433-a02b-10f0eac50c9e/640.jpeg","thumbnail":"https://megapx-assets.dcard.tw/images/1b34a411-2af8-4433-a02b-10f0eac50c9e/640.jpeg","type":"image/thumbnail","tags":["ANNOTATED"],"createdAt":"2020-01-24T17:11:46.918Z","updatedAt":"2020-01-24T17:11:46.918Z","width":640,"height":280},{"id":"f0bc9332-013d-4adb-ad47-0fd6608c20c4","url":"https://megapx-assets.dcard.tw/images/1b34a411-2af8-4433-a02b-10f0eac50c9e/full.jpeg","normalizedUrl":"https://megapx.dcard.tw/v1/images/1b34a411-2af8-4433-a02b-10f0eac50c9e","thumbnail":"https://megapx-assets.dcard.tw/images/1b34a411-2af8-4433-a02b-10f0eac50c9e/640.jpeg","type":"image/megapx","tags":["ANNOTATED"],"createdAt":"2020-01-24T17:11:46.918Z","updatedAt":"2020-01-24T17:11:46.918Z","width":1242,"height":544}],"postAvatar":""}