{"id":232902434,"title":"[飛行記錄][影音]樂桃航空 TPE桃園-KIX關西 安全上我有疑問？","content":"大家好阿阿阿\n來個先影片\nhttps://youtu.be/d-k8jdzIi3o\n簡易飛行資訊\n出發：TPE桃園(五)22:30\n抵達：KIX關西二航(六)02:00\n機型：A320\n票價：2850含選位\n這次搭樂桃完全是因為要爭取快閃關西時間\n所以選了晚上10點半的飛機\n一直以來就知道樂桃的搭乘率很高\n也想不通為什麼很高\n因為行李是計件的\n我很偏好是計重的\n所以蠻期待搭看看\n那天到桃園一航報到櫃台\n竟然只有一組人在報到\n不知道是我晚到，還是地勤速度快\n最後到登機口還是蠻多人的\n目測大約8成多\n還是有一些空位\n也有廣播要大家要按照位置坐\n這天是有空橋的\n難道是晚上桃機就不用巴士載了嗎？\n因為上次泰獅航也是有空橋\n通常廉航感覺蠻多都是有搭巴士到停機處\n上飛機還是一樣\n找位子、塞置物空間\n大致就是跟預定的時間一樣起飛\n樂桃一直以來都感覺有在徵台籍空服\n我大概2.3年前也曾經填過履歷\n可惜日文沒好到寫出自傳就放棄了\n可是今天這班感覺沒有會中文的空服\n全程安全示範是用日文\n最後只用英文請大家參照安全須知卡\n空服清一色女性\n襯杉+窄褲嗎？\n還有小外套\n給我一種幹練職場女性的感覺\n後艙的空服有一位長得蠻像小8\n我一度有在看空姐忙什麼的感覺\n另外也有可能是日籍航空\n所以習慣有暖氣\n這天感覺有些熱跟悶\n不知道是不是真的有開暖氣\n完全不同以往別的航空公司\n樂桃給我最大的疑惑\n就是起飛跟降落都沒有熄燈\n有一種不安全感\n因為之前夜間搭機沒有這樣過\n後來回來有查了一下網路\n只找到一個留言\n寫是開著燈，能方便機組人員確認艙內狀況\n也沒有找到規定一定要起飛跟降落熄燈\n反正就是自己不習慣\n總歸是安全回來了\n起飛後，空服員不像其它航空公司的一樣\n樂桃的空服員並沒有推推車出來賣餐飲\n是直接拿著菜單展示問著\n這個做法我是蠻喜歡的\n至少不用把溢到走道的腳收回來\n只是當天要付點餐錢\n拿了一萬日找不開\n只好刷卡\n結果又因為卡號是印的不行\n卡號一定要是那種摸起來有浮起來那種才行\n買了一個粥跟果汁\n樂桃沒有組合餐\n比起來貴一些\n粥就是鹹到爆\n完全吃不出來其它東西的味道\n果汁就是果汁糖漿\n打什麼名號跟+30%原汁感覺也一樣\n餐就是一種名過其實的感覺\n而且訂票的時候不能連同餐一起訂\n大概是因為一直更新菜單\n所以也不會有事先訂的優惠\n不過樂桃最贏的就是空服員的服務\n飛行全程都一直在巡視客艙\n不會像之前的獅航一樣\n巡一兩次、收完垃圾，就去後艙休息了\n空服默默坐在我後面\n我都沒有注意到\n最後1:30降落在關西機場\n大概提早了半小時到\n樂桃在關西這是自己走進航廈的\n一路還有工作人員引導\n蠻日式的謹慎感\n還沒開艙門前，也有提醒下家下機不要逗留拍照\n樂桃搭完真的蠻失望的\n因為餐不好吃…\n通常印象中，日本的東西雖然貴了一點\n但是都是蠻好吃的\n但這次就是完全踩到大雷\n如果只是想純綷搭也還是不錯的\n只是起飛降落沒熄燈不解\n還有行李是計件的","excerpt":"大家好阿阿阿，來個先影片，簡易飛行資訊，出發：TPE桃園（五）22：30，抵達：KIX關西二航（六）02：00，機型：A320，票價：2850含選位，這次搭樂桃完全是因為要爭取快閃關西時間，所以選了晚","anonymousSchool":false,"anonymousDepartment":false,"pinned":false,"forumId":"5e4df604-ce17-49d0-a7bf-621022e76fc0","replyId":null,"createdAt":"2020-01-16T13:34:51.091Z","updatedAt":"2020-01-16T13:34:51.091Z","commentCount":11,"likeCount":9,"tags":[],"topics":["航空","飛行紀錄","樂桃航空","大阪","日本"],"supportedReactions":null,"withNickname":true,"reportReason":"","hiddenByAuthor":false,"meta":{"layout":"classic"},"forumName":"航空","forumAlias":"aviation","school":"Ryen","department":"ryen","replyTitle":null,"gender":"M","personaSubscriptable":false,"reactions":[{"id":"286f599c-f86a-4932-82f0-f5a06f1eca03","count":8},{"id":"aa0d425f-d530-4478-9a77-fe3aedc79eea","count":1}],"hidden":false,"customStyle":null,"isSuspiciousAccount":false,"layout":"classic","withImages":false,"withVideos":false,"media":[],"reportReasonText":"","mediaMeta":[{"id":"9967e8ac-6f1d-4608-8990-7bc8f8c306bc","url":"https://img.youtube.com/vi/d-k8jdzIi3o/hqdefault.jpg","normalizedUrl":"https://img.youtube.com/vi/d-k8jdzIi3o/hqdefault.jpg","thumbnail":"https://img.youtube.com/vi/d-k8jdzIi3o/hqdefault.jpg","type":"image/thumbnail","tags":["ANNOTATED"],"createdAt":"2020-01-16T13:34:51.091Z","updatedAt":"2020-01-16T13:34:51.091Z"},{"id":"9967e8ac-6f1d-4608-8990-7bc8f8c306bc","url":"https://youtu.be/d-k8jdzIi3o","normalizedUrl":"https://www.youtube.com/watch?v=d-k8jdzIi3o","thumbnail":"https://img.youtube.com/vi/d-k8jdzIi3o/hqdefault.jpg","type":"video/youtube","tags":["ANNOTATED"],"createdAt":"2020-01-16T13:34:51.091Z","updatedAt":"2020-01-16T13:34:51.091Z"}],"postAvatar":""}