{"id":232975615,"title":"#經驗 真的千萬別搭瑞安航空","content":"先在這裡留個紀錄\n昨天2020/1/28立陶宛時間19:05瑞安航空Ryanair FR3937航班，從立陶宛維爾紐斯Lithuania Vilnius 前往英國倫敦Southend機場，瑞安航空指控懷疑我的文件是假的Suspecting false documents ，因此拒絕我的搭乘。\n\n這是很嚴重的不實指控，我都已經通過海關了，海關地勤人員檢查過我的資料，確認沒問題，但是因為瑞安航空的指控，我被拒絕搭乘上飛機，只能入境回去，而且完全沒有任何瑞安航空負責人在現場，完全沒有任何證據來說我的護照是假的，還是一樣不讓我登機，並且我跟地勤人員討證明說我因什麼原因被你們請出來不能登機也討不到，還說本來這件事情是要叫警察來處理的。\n\n這實在是很不能接受，我的行程、我的時間、我的計畫、我的金錢、我的清白就這樣被誣衊被浪費，無奈我在國外，很難跟他們處理。\n\n瑞安航空客服是國際電話，我打到一半我的錢被扣完切斷了，很難跟他們聯繫，我的機票是跟Trip.com買的，當時也有些狀況，就是瑞安航空的規定是除非你有電子登機證不然要實體登機證就要付20歐元，還真是搭乘24年的飛機歷史，第一次聽到印登機證還要錢，而我也登入Ryanair 的app，用我的email來查登機證是查不到的，估計是因為Trip.com幫我訂的關係吧，因此我還是認命付這20歐元拿實體登機證。\n\n後面經過那些過程被請出來後，地勤人員幫我聯絡瑞安航空，然後他們要我購買這個機票的信用卡號，結果他們查不到紀錄。\n\n目前已聯繫我國中華民國駐英國代表處、駐拉脫維亞代表處以及中華民國領事事務局，感謝他們的幫助，他們表示這是我跟瑞安航空的私人契約無法介入，但是之後還會再跟我聯絡討論事情後續怎麼處理，並且會請領事局寄給我我的文件的有效證明。\n\n再次聲明本人無任何飛行不良紀錄，護照也已經使用一陣子了，況且我都已在立陶宛維爾紐斯大學讀書了，臨時居留簽證也在申請中了，最好我的文件是假的，這是非常嚴重的不實指控，請瑞安航空一定要負責到底。 \n\n本來現在可以在英國想著要怎麼走，現在只能待在家裡度過了，瑞安航空我永遠不會搭程你的。\n\n聽台灣駐英國代表處的人說，瑞安航空對台灣人民很不友善呢 呵呵\n\n也請各位拒搭瑞安航空，因為不知到什麼時候就換你被他們莫名奇妙拒絕登機。","excerpt":"先在這裡留個紀錄，昨天2020/1/28立陶宛時間19：05瑞安航空Ryanair FR3937航班，從立陶宛維爾紐斯Lithuania Vilnius 前往英國倫敦Southend機場，瑞安航空指控","anonymousSchool":false,"anonymousDepartment":true,"pinned":false,"forumId":"5e4df604-ce17-49d0-a7bf-621022e76fc0","replyId":null,"createdAt":"2020-01-28T23:36:23.886Z","updatedAt":"2020-01-28T23:43:33.309Z","commentCount":11,"likeCount":23,"tags":["HIDE_THUMBNAIL"],"topics":["瑞安航空","航空"],"supportedReactions":null,"withNickname":false,"reportReason":"","hiddenByAuthor":false,"meta":{"layout":"classic"},"forumName":"航空","forumAlias":"aviation","school":"維爾紐斯大學","replyTitle":null,"gender":"M","personaSubscriptable":null,"reactions":[{"id":"286f599c-f86a-4932-82f0-f5a06f1eca03","count":22},{"id":"4b018f48-e184-445f-adf1-fc8e04ba09b9","count":1}],"hidden":false,"customStyle":null,"isSuspiciousAccount":false,"layout":"classic","withImages":false,"withVideos":false,"media":[],"reportReasonText":"","mediaMeta":[],"postAvatar":""}