{"id":232933607,"title":"#空服讀書會","content":"想找空服讀書會 \n人數：8-10人\n希望是有心想一起飛上天的戰友 有沒有考過都沒關係\n\n目標：大家都考上心目中理想的航空公司\n\n練習 時間：挑大家都可以的時間去練習\nEX:小樹屋\n\n我本人是考過五六次 有的有進到第二關 有的被刷。征戰過蠻多場","excerpt":"想找空服讀書會，人數：8-10人，希望是有心想一起飛上天的戰友 有沒有考過都沒關係，目標：大家都考上心目中理想的航空公司，練習 時間：挑大家都可以的時間去練習，EX：小樹屋，我本人是考過五六次 有的有","anonymousSchool":false,"anonymousDepartment":true,"pinned":false,"forumId":"5e4df604-ce17-49d0-a7bf-621022e76fc0","replyId":null,"createdAt":"2020-01-21T15:05:47.704Z","updatedAt":"2020-01-21T15:05:47.704Z","commentCount":40,"likeCount":13,"tags":["HIDE_THUMBNAIL"],"topics":["空服","空服員面試","空服讀書會"],"supportedReactions":null,"withNickname":false,"reportReason":"","hiddenByAuthor":false,"meta":{"layout":"classic"},"forumName":"航空","forumAlias":"aviation","school":"中國文化大學","replyTitle":null,"gender":"F","personaSubscriptable":null,"reactions":[{"id":"286f599c-f86a-4932-82f0-f5a06f1eca03","count":13}],"hidden":false,"customStyle":null,"isSuspiciousAccount":false,"layout":"classic","withImages":false,"withVideos":false,"media":[],"reportReasonText":"","mediaMeta":[],"postAvatar":""}