{"id":232934204,"title":"#分享 中華航空天合聯盟彩繪商務艙初體驗","content":"航空公司：中華航空\n機型：A330（天合聯盟彩繪機身）\n\n中華航空A330雖然是有年紀的機種\n可是這次不是普通版本的華航客機\n而是天合聯盟彩繪機身的版本😂😂😂\n看到的時候很興奮，因為第一次坐銀色的華航\nhttps://megapx-assets.dcard.tw/images/859a787f-962b-465f-80d2-96e80237e9b4/1280.jpeg\n\n既然坐商務艙，當然要去貴賓室吃東西\n可是我一直都覺得沒好吃的😭😭\nhttps://megapx-assets.dcard.tw/images/05c3d21b-5af6-4252-a900-0081018cd718/1280.jpeg\n\n吃飽後準備上飛機繼續吃\n難得坐一次商務艙，就自拍紀念一下！\n雖然是舊機型，可是位置還是很大，我個人覺得很滿意了🙈🙈🙈🙈\nhttps://megapx-assets.dcard.tw/images/9ca16c39-fa79-4549-86cf-6944c7f192cc/1280.jpeg\nhttps://megapx-assets.dcard.tw/images/5273e6ba-8b85-4c0e-a98e-2500e62ac34b/1280.jpeg\n\n這次是臺北飛往廈門的班機\n我看了很久，一直在想八寶雞肉醬龍捲麵是什麼\n後來我就選擇上面的蝦仁飯😂😂\nhttps://megapx-assets.dcard.tw/images/d990de42-2060-4de9-b9e3-8434d472130f/1280.jpeg\n\n很幸運的是，我覺得這個餐還蠻好吃的！\nhttps://megapx-assets.dcard.tw/images/31f85e12-82a5-4998-af5c-c0877769719f/1280.jpeg\n吃飽再搭配一個結冰的哈根大師，超難挖\nhttps://megapx-assets.dcard.tw/images/fcb1ff35-f73f-41d5-beb1-f0cf42ea5593/1280.jpeg\n\n才剛吃完沒多久，飛機就準備下降🤣🤣\nhttps://megapx-assets.dcard.tw/images/0e97feca-864f-4ded-a4df-28a208e45188/1280.jpeg\nhttps://megapx-assets.dcard.tw/images/1d59e8c8-3fb2-4e31-9852-5991abbd7e43/1280.jpeg\nhttps://megapx-assets.dcard.tw/images/4f699aea-edca-444c-b5c5-07f8c3bfbfc5/1280.jpeg\nhttps://megapx-assets.dcard.tw/images/f77b0cab-582f-443e-a9e4-4c198d3da372/1280.jpeg\n\n順利抵達廈門高崎機場\n因為真的好少見，忍不住又拍了一張！\nhttps://megapx-assets.dcard.tw/images/36c95064-a8cc-4b50-abd3-9edab1efd7ee/1280.jpeg","excerpt":"航空公司：中華航空，機型：A330（天合聯盟彩繪機身），中華航空A330雖然是有年紀的機種，可是這次不是普通版本的華航客機，而是天合聯盟彩繪機身的版本，看到的時候很興奮，因為第一次坐銀色的華航，既然坐","anonymousSchool":false,"anonymousDepartment":false,"pinned":false,"forumId":"5e4df604-ce17-49d0-a7bf-621022e76fc0","replyId":null,"createdAt":"2020-01-21T16:23:00.669Z","updatedAt":"2020-01-21T16:24:43.946Z","commentCount":2,"likeCount":23,"tags":[],"topics":["彩繪","中華航空","商務艙","華航","初體驗"],"supportedReactions":null,"withNickname":true,"reportReason":"","hiddenByAuthor":false,"meta":{"layout":"classic"},"forumName":"航空","forumAlias":"aviation","school":"ALEXLCLEE ","department":"uscalex","replyTitle":null,"gender":"M","personaSubscriptable":false,"reactions":[{"id":"286f599c-f86a-4932-82f0-f5a06f1eca03","count":23}],"hidden":false,"customStyle":null,"isSuspiciousAccount":false,"layout":"classic","withImages":true,"withVideos":false,"media":[{"url":"https://megapx-assets.dcard.tw/images/859a787f-962b-465f-80d2-96e80237e9b4/1280.jpeg"},{"url":"https://megapx-assets.dcard.tw/images/05c3d21b-5af6-4252-a900-0081018cd718/1280.jpeg"},{"url":"https://megapx-assets.dcard.tw/images/9ca16c39-fa79-4549-86cf-6944c7f192cc/1280.jpeg"},{"url":"https://megapx-assets.dcard.tw/images/5273e6ba-8b85-4c0e-a98e-2500e62ac34b/1280.jpeg"},{"url":"https://megapx-assets.dcard.tw/images/d990de42-2060-4de9-b9e3-8434d472130f/1280.jpeg"},{"url":"https://megapx-assets.dcard.tw/images/31f85e12-82a5-4998-af5c-c0877769719f/1280.jpeg"},{"url":"https://megapx-assets.dcard.tw/images/fcb1ff35-f73f-41d5-beb1-f0cf42ea5593/1280.jpeg"},{"url":"https://megapx-assets.dcard.tw/images/0e97feca-864f-4ded-a4df-28a208e45188/1280.jpeg"},{"url":"https://megapx-assets.dcard.tw/images/1d59e8c8-3fb2-4e31-9852-5991abbd7e43/1280.jpeg"},{"url":"https://megapx-assets.dcard.tw/images/4f699aea-edca-444c-b5c5-07f8c3bfbfc5/1280.jpeg"},{"url":"https://megapx-assets.dcard.tw/images/f77b0cab-582f-443e-a9e4-4c198d3da372/1280.jpeg"},{"url":"https://megapx-assets.dcard.tw/images/36c95064-a8cc-4b50-abd3-9edab1efd7ee/1280.jpeg"}],"reportReasonText":"","mediaMeta":[{"id":"35471f47-d5fa-4425-b33c-1bacebc364f5","url":"https://megapx-assets.dcard.tw/images/859a787f-962b-465f-80d2-96e80237e9b4/640.jpeg","normalizedUrl":"https://megapx-assets.dcard.tw/images/859a787f-962b-465f-80d2-96e80237e9b4/640.jpeg","thumbnail":"https://megapx-assets.dcard.tw/images/859a787f-962b-465f-80d2-96e80237e9b4/640.jpeg","type":"image/thumbnail","tags":["ANNOTATED"],"createdAt":"2020-01-21T16:23:00.669Z","updatedAt":"2020-01-21T16:23:00.669Z","width":640,"height":480},{"id":"35471f47-d5fa-4425-b33c-1bacebc364f5","url":"https://megapx-assets.dcard.tw/images/859a787f-962b-465f-80d2-96e80237e9b4/1280.jpeg","normalizedUrl":"https://megapx.dcard.tw/v1/images/859a787f-962b-465f-80d2-96e80237e9b4","thumbnail":"https://megapx-assets.dcard.tw/images/859a787f-962b-465f-80d2-96e80237e9b4/640.jpeg","type":"image/megapx","tags":["ANNOTATED"],"createdAt":"2020-01-21T16:23:00.669Z","updatedAt":"2020-01-21T16:23:00.669Z","width":2000,"height":1500},{"id":"cc7c3984-9f9c-46ed-a324-1b26fb196639","url":"https://megapx-assets.dcard.tw/images/05c3d21b-5af6-4252-a900-0081018cd718/1280.jpeg","normalizedUrl":"https://megapx.dcard.tw/v1/images/05c3d21b-5af6-4252-a900-0081018cd718","thumbnail":"https://megapx-assets.dcard.tw/images/05c3d21b-5af6-4252-a900-0081018cd718/640.jpeg","type":"image/megapx","tags":["ANNOTATED"],"createdAt":"2020-01-21T16:23:00.669Z","updatedAt":"2020-01-21T16:23:00.669Z","width":1818,"height":1818},{"id":"b3f7dacd-cf0f-4986-a780-ded4daec006a","url":"https://megapx-assets.dcard.tw/images/9ca16c39-fa79-4549-86cf-6944c7f192cc/1280.jpeg","normalizedUrl":"https://megapx.dcard.tw/v1/images/9ca16c39-fa79-4549-86cf-6944c7f192cc","thumbnail":"https://megapx-assets.dcard.tw/images/9ca16c39-fa79-4549-86cf-6944c7f192cc/640.jpeg","type":"image/megapx","tags":["ANNOTATED"],"createdAt":"2020-01-21T16:23:00.669Z","updatedAt":"2020-01-21T16:23:00.669Z","width":2000,"height":1500},{"id":"26223dbe-62be-4a5f-a615-894ccff6e28a","url":"https://megapx-assets.dcard.tw/images/5273e6ba-8b85-4c0e-a98e-2500e62ac34b/1280.jpeg","normalizedUrl":"https://megapx.dcard.tw/v1/images/5273e6ba-8b85-4c0e-a98e-2500e62ac34b","thumbnail":"https://megapx-assets.dcard.tw/images/5273e6ba-8b85-4c0e-a98e-2500e62ac34b/640.jpeg","type":"image/megapx","tags":["ANNOTATED"],"createdAt":"2020-01-21T16:23:00.669Z","updatedAt":"2020-01-21T16:23:00.669Z","width":2000,"height":1500},{"id":"0337f0d8-90a0-47d2-83b4-6cf19dac259c","url":"https://megapx-assets.dcard.tw/images/d990de42-2060-4de9-b9e3-8434d472130f/1280.jpeg","normalizedUrl":"https://megapx.dcard.tw/v1/images/d990de42-2060-4de9-b9e3-8434d472130f","thumbnail":"https://megapx-assets.dcard.tw/images/d990de42-2060-4de9-b9e3-8434d472130f/640.jpeg","type":"image/megapx","tags":["ANNOTATED"],"createdAt":"2020-01-21T16:23:00.669Z","updatedAt":"2020-01-21T16:23:00.669Z","width":1600,"height":2000},{"id":"24a0190f-d50b-45dd-a6a1-42ae3deb90d3","url":"https://megapx-assets.dcard.tw/images/31f85e12-82a5-4998-af5c-c0877769719f/1280.jpeg","normalizedUrl":"https://megapx.dcard.tw/v1/images/31f85e12-82a5-4998-af5c-c0877769719f","thumbnail":"https://megapx-assets.dcard.tw/images/31f85e12-82a5-4998-af5c-c0877769719f/640.jpeg","type":"image/megapx","tags":["ANNOTATED"],"createdAt":"2020-01-21T16:23:00.669Z","updatedAt":"2020-01-21T16:23:00.669Z","width":2000,"height":1500},{"id":"a24818f7-0c95-4d38-acc9-00fe04cb5af4","url":"https://megapx-assets.dcard.tw/images/fcb1ff35-f73f-41d5-beb1-f0cf42ea5593/1280.jpeg","normalizedUrl":"https://megapx.dcard.tw/v1/images/fcb1ff35-f73f-41d5-beb1-f0cf42ea5593","thumbnail":"https://megapx-assets.dcard.tw/images/fcb1ff35-f73f-41d5-beb1-f0cf42ea5593/640.jpeg","type":"image/megapx","tags":["ANNOTATED"],"createdAt":"2020-01-21T16:23:00.669Z","updatedAt":"2020-01-21T16:23:00.669Z","width":2001,"height":1501},{"id":"666b6aa8-a4b4-4b81-af0c-6d471fb3540a","url":"https://megapx-assets.dcard.tw/images/0e97feca-864f-4ded-a4df-28a208e45188/1280.jpeg","normalizedUrl":"https://megapx.dcard.tw/v1/images/0e97feca-864f-4ded-a4df-28a208e45188","thumbnail":"https://megapx-assets.dcard.tw/images/0e97feca-864f-4ded-a4df-28a208e45188/640.jpeg","type":"image/megapx","tags":["ANNOTATED"],"createdAt":"2020-01-21T16:23:00.669Z","updatedAt":"2020-01-21T16:23:00.669Z","width":2000,"height":1500},{"id":"6347712e-3ed4-42f7-a56d-c8bfbd32faad","url":"https://megapx-assets.dcard.tw/images/1d59e8c8-3fb2-4e31-9852-5991abbd7e43/1280.jpeg","normalizedUrl":"https://megapx.dcard.tw/v1/images/1d59e8c8-3fb2-4e31-9852-5991abbd7e43","thumbnail":"https://megapx-assets.dcard.tw/images/1d59e8c8-3fb2-4e31-9852-5991abbd7e43/640.jpeg","type":"image/megapx","tags":["ANNOTATED"],"createdAt":"2020-01-21T16:23:00.669Z","updatedAt":"2020-01-21T16:23:00.669Z","width":2000,"height":1501},{"id":"7ed91a6e-6083-47b9-bbeb-8111a8f5fa2a","url":"https://megapx-assets.dcard.tw/images/4f699aea-edca-444c-b5c5-07f8c3bfbfc5/1280.jpeg","normalizedUrl":"https://megapx.dcard.tw/v1/images/4f699aea-edca-444c-b5c5-07f8c3bfbfc5","thumbnail":"https://megapx-assets.dcard.tw/images/4f699aea-edca-444c-b5c5-07f8c3bfbfc5/640.jpeg","type":"image/megapx","tags":["ANNOTATED"],"createdAt":"2020-01-21T16:23:00.669Z","updatedAt":"2020-01-21T16:23:00.669Z","width":2000,"height":1500},{"id":"b76b4b58-6de9-4f06-9dde-473bb3ecbeb9","url":"https://megapx-assets.dcard.tw/images/f77b0cab-582f-443e-a9e4-4c198d3da372/1280.jpeg","normalizedUrl":"https://megapx.dcard.tw/v1/images/f77b0cab-582f-443e-a9e4-4c198d3da372","thumbnail":"https://megapx-assets.dcard.tw/images/f77b0cab-582f-443e-a9e4-4c198d3da372/640.jpeg","type":"image/megapx","tags":["ANNOTATED"],"createdAt":"2020-01-21T16:23:00.669Z","updatedAt":"2020-01-21T16:23:00.669Z","width":2000,"height":1500},{"id":"9bdc7661-3df9-48de-86df-366fdc3c833e","url":"https://megapx-assets.dcard.tw/images/36c95064-a8cc-4b50-abd3-9edab1efd7ee/1280.jpeg","normalizedUrl":"https://megapx.dcard.tw/v1/images/36c95064-a8cc-4b50-abd3-9edab1efd7ee","thumbnail":"https://megapx-assets.dcard.tw/images/36c95064-a8cc-4b50-abd3-9edab1efd7ee/640.jpeg","type":"image/megapx","tags":["ANNOTATED"],"createdAt":"2020-01-21T16:23:00.669Z","updatedAt":"2020-01-21T16:23:00.669Z","width":2000,"height":1500}],"postAvatar":""}