{"id":232911401,"title":"國內線和國外線轉機問題","content":"買兩間不同航空的機票，然後第一個是州坐到另一州，然後在換航空國際線飛回台灣，這樣的話，我還要入境一次美國在回台灣嗎？ 還是我直接走往轉機的地方就行了  我的行李要怎麼辦啊啊啊啊啊 我聽說國際線跟國內線要在出入境一次","excerpt":"買兩間不同航空的機票，然後第一個是州坐到另一州，然後在換航空國際線飛回台灣，這樣的話，我還要入境一次美國在回台灣嗎？ 還是我直接走往轉機的地方就行了  我的行李要怎麼辦啊啊啊啊啊 我聽說國際線跟國內線","anonymousSchool":false,"anonymousDepartment":true,"pinned":false,"forumId":"5e4df604-ce17-49d0-a7bf-621022e76fc0","replyId":null,"createdAt":"2020-01-18T04:11:46.294Z","updatedAt":"2020-01-18T04:11:46.294Z","commentCount":4,"likeCount":0,"tags":["HIDE_THUMBNAIL"],"topics":["轉機"],"supportedReactions":null,"withNickname":false,"reportReason":"","hiddenByAuthor":false,"meta":{"layout":"classic"},"forumName":"航空","forumAlias":"aviation","school":"國立高雄師範大學","replyTitle":null,"gender":"F","personaSubscriptable":true,"reactions":[],"hidden":false,"customStyle":null,"isSuspiciousAccount":false,"layout":"classic","withImages":false,"withVideos":false,"media":[],"reportReasonText":"","mediaMeta":[],"postAvatar":""}