{"id":232969638,"title":"#發問 關於長榮航空面試問題","content":"各位晚安\n我想請教大家\n據我所了解長榮對於工會的態度一向是採否定的\n比如問您是否會加入工會 就必須回答否\n但這樣當考官在審核時不會覺得這樣只是在迎合公司嗎?\n我想了解當面對工會相關問題時究竟該如何回答最合適呢?","excerpt":"各位晚安，我想請教大家，據我所了解長榮對於工會的態度一向是採否定的，比如問您是否會加入工會 就必須回答否，但這樣當考官在審核時不會覺得這樣只是在迎合公司嗎？我想了解當面對工會相關問題時究竟該如何回答最","anonymousSchool":false,"anonymousDepartment":true,"pinned":false,"forumId":"5e4df604-ce17-49d0-a7bf-621022e76fc0","replyId":null,"createdAt":"2020-01-27T20:32:38.808Z","updatedAt":"2020-01-27T20:32:38.808Z","commentCount":7,"likeCount":9,"tags":[],"topics":["長榮航空","面試"],"supportedReactions":null,"withNickname":false,"reportReason":"","hiddenByAuthor":false,"meta":{"layout":"classic"},"forumName":"航空","forumAlias":"aviation","school":"國立暨南國際大學","replyTitle":null,"gender":"M","personaSubscriptable":null,"reactions":[{"id":"286f599c-f86a-4932-82f0-f5a06f1eca03","count":9}],"hidden":false,"customStyle":null,"isSuspiciousAccount":false,"layout":"classic","withImages":false,"withVideos":false,"media":[],"reportReasonText":"","mediaMeta":[],"postAvatar":""}