{"id":232560135,"title":"二技應該讀夜間部嗎？","content":"各位學長姐們 我現在是專四生\n我還在思考 畢業後讀二技\n我應該是要早上工作晚上讀二技\n還是二技畢業後在工作？\n學長姐們有什麼建議的嗎？🙇🙇🙇\n（如果我很像體驗大學生活 是不是應該選擇讀二技後在就業？但又很想趕快賺錢給家人）","excerpt":"各位學長姐們 我現在是專四生，我還在思考 畢業後讀二技，我應該是要早上工作晚上讀二技，還是二技畢業後在工作？學長姐們有什麼建議的嗎？（如果我很像體驗大學生活 是不是應該選擇讀二技後在就業？但又很想趕快","anonymousSchool":false,"anonymousDepartment":false,"pinned":false,"forumId":"b22d2f5d-3c06-4d08-96b8-770eb38e8f96","replyId":null,"createdAt":"2019-11-24T01:19:45.691Z","updatedAt":"2019-11-24T01:19:45.691Z","commentCount":4,"likeCount":9,"tags":[],"topics":["二技","護理","學長姐幫幫我"],"supportedReactions":null,"withNickname":true,"reportReason":"","hiddenByAuthor":false,"meta":{"layout":"classic"},"forumName":"護理","forumAlias":"nursing","school":"櫻","department":"yunyun_0520","replyTitle":null,"gender":"F","personaSubscriptable":false,"reactions":[{"id":"286f599c-f86a-4932-82f0-f5a06f1eca03","count":9}],"hidden":false,"customStyle":null,"isSuspiciousAccount":false,"layout":"classic","withImages":false,"withVideos":false,"media":[],"reportReasonText":"","mediaMeta":[],"postAvatar":""}