{"id":232585148,"title":"每天實習被講被唸心好累","content":"這個工作為什麼那麼難\n目前第二站實習\n真的好累喔\n雖然老師不兇\n學姊人很好\n可是還是很沮喪\n覺得自己很沒能力\n一堆事不會\n藥也不知道是什麼\n完全沒看過的名詞一大堆\n挫折感滿點\n只有換藥被看護稱讚跟感謝的時候和開心\n其他時候只想哭\n一堆查不完的藥\n看不完的病情病歷\n每天還要跟老師討論個案病情\n寫dart或是soap\n好累\n一切都很沮喪","excerpt":"這個工作為什麼那麼難，目前第二站實習，真的好累喔，雖然老師不兇，學姊人很好，可是還是很沮喪，覺得自己很沒能力，一堆事不會，藥也不知道是什麼，完全沒看過的名詞一大堆，挫折感滿點，只有換藥被看護稱讚跟感謝","anonymousSchool":false,"anonymousDepartment":false,"pinned":false,"forumId":"b22d2f5d-3c06-4d08-96b8-770eb38e8f96","replyId":null,"createdAt":"2019-11-27T18:45:46.522Z","updatedAt":"2019-11-27T18:45:59.976Z","commentCount":7,"likeCount":56,"tags":["HIDE_THUMBNAIL"],"topics":["實習"],"supportedReactions":null,"withNickname":true,"reportReason":"","hiddenByAuthor":false,"meta":{"layout":"classic"},"forumName":"護理","forumAlias":"nursing","school":"小松子","department":"taeyeon9999","replyTitle":null,"gender":"F","personaSubscriptable":true,"reactions":[{"id":"286f599c-f86a-4932-82f0-f5a06f1eca03","count":56}],"hidden":false,"customStyle":null,"isSuspiciousAccount":false,"layout":"classic","withImages":false,"withVideos":false,"media":[],"reportReasonText":"","mediaMeta":[],"postAvatar":""}