{"id":232572995,"title":"想轉換跑道","content":"目前在區域醫院內科病房工作近三年\n（大護畢、有執照、N2）\n感覺內科經驗已經累積到差不多，不過病房屬性的關係，病人屬性大多為1.胸內、2.腸內、3.神內、4.血腫...等等\n有想要轉到開刀房的想法，但是聽到單位學姊說\n「開刀房寧願要一個全新的新人，不要一個已經有經驗的人」請問這句話是屬實的嗎？\n我沒有開刀房實習經驗，我也沒有修過手術相關課程，這樣錄取機率高嗎？","excerpt":"目前在區域醫院內科病房工作近三年，（大護畢、有執照、N2），感覺內科經驗已經累積到差不多，不過病房屬性的關係，病人屬性大多為1.胸內、2.腸內、3.神內、4.血腫...等等，有想要轉到開刀房的想法，但","anonymousSchool":false,"anonymousDepartment":true,"pinned":false,"forumId":"b22d2f5d-3c06-4d08-96b8-770eb38e8f96","replyId":null,"createdAt":"2019-11-26T03:27:45.820Z","updatedAt":"2019-11-26T03:27:45.820Z","commentCount":8,"likeCount":22,"tags":["HIDE_THUMBNAIL"],"topics":["轉換","跑道","護理"],"supportedReactions":null,"withNickname":false,"reportReason":"","hiddenByAuthor":false,"meta":{"layout":"classic"},"forumName":"護理","forumAlias":"nursing","school":"弘光科技大學","replyTitle":null,"gender":"F","personaSubscriptable":false,"reactions":[{"id":"286f599c-f86a-4932-82f0-f5a06f1eca03","count":22}],"hidden":false,"customStyle":null,"isSuspiciousAccount":false,"layout":"classic","withImages":false,"withVideos":false,"media":[],"reportReasonText":"","mediaMeta":[],"postAvatar":""}