{"id":232572056,"title":"現在的實習生","content":"想問一下各位學長姐們～\n實習到第三週了還是不會用IV bag會很誇張ㄇ⋯⋯\n重點已經不是第一站了！！！\n最近帶學妹們發現要求他們會用bag已經是個很大的期望了😐\n而且不知道是我個人的感覺還是怎樣 \n來臨床工作後發現現在的實習生真的都不太主動耶........🤔","excerpt":"想問一下各位學長姐們～實習到第三週了還是不會用IV bag會很誇張ㄇ⋯⋯，重點已經不是第一站了！！！，最近帶學妹們發現要求他們會用bag已經是個很大的期望了，而且不知道是我個人的感覺還是怎樣，來臨床工","anonymousSchool":false,"anonymousDepartment":false,"pinned":false,"forumId":"b22d2f5d-3c06-4d08-96b8-770eb38e8f96","replyId":null,"createdAt":"2019-11-25T20:18:38.454Z","updatedAt":"2019-11-25T20:18:38.454Z","commentCount":10,"likeCount":42,"tags":["HIDE_THUMBNAIL"],"topics":["實習生"],"supportedReactions":null,"withNickname":false,"reportReason":"","hiddenByAuthor":false,"meta":{"layout":"classic"},"forumName":"護理","forumAlias":"nursing","school":"輔英科技大學","department":"護理系","replyTitle":null,"gender":"F","personaSubscriptable":null,"reactions":[{"id":"286f599c-f86a-4932-82f0-f5a06f1eca03","count":42}],"hidden":false,"customStyle":null,"isSuspiciousAccount":false,"layout":"classic","withImages":false,"withVideos":false,"media":[],"reportReasonText":"","mediaMeta":[],"postAvatar":""}