{"id":232532443,"title":"奇美醫院","content":"我是應屆畢業生，有些問題想要請教板上在奇美上班的學長姐們~\n目前想要應徵ICU護理人員,\n看很多人分享永康奇美icu是不收應屆，請問是真的嗎？那柳營奇美icu收應屆嗎？\n關於工作內容大概是哪些，\n單位氣氛如何?\n系統是否全面電子化?好上手嗎？\n附近有推薦美食嗎?","excerpt":"我是應屆畢業生，有些問題想要請教板上在奇美上班的學長姐們~，目前想要應徵ICU護理人員，看很多人分享永康奇美icu是不收應屆，請問是真的嗎？那柳營奇美icu收應屆嗎？關於工作內容大概是哪些，單位氣氛如","anonymousSchool":false,"anonymousDepartment":false,"pinned":false,"forumId":"b22d2f5d-3c06-4d08-96b8-770eb38e8f96","replyId":null,"createdAt":"2019-11-19T13:05:35.343Z","updatedAt":"2019-11-19T13:05:35.343Z","commentCount":3,"likeCount":12,"tags":[],"topics":[],"supportedReactions":null,"withNickname":false,"reportReason":"","hiddenByAuthor":false,"meta":{"layout":"classic"},"forumName":"護理","forumAlias":"nursing","school":"長庚科技大學","department":"護理學系","replyTitle":null,"gender":"F","personaSubscriptable":false,"reactions":[{"id":"286f599c-f86a-4932-82f0-f5a06f1eca03","count":12}],"hidden":false,"customStyle":null,"isSuspiciousAccount":false,"layout":"classic","withImages":false,"withVideos":false,"media":[],"reportReasonText":"","mediaMeta":[],"postAvatar":""}