{"id":232583336,"title":"土城長庚 升遷比較快？","content":"各位學長姐我明年二技畢業\n目前土城長庚聽說明年四月試營運6月正式開工\n聽學校老師說建議到土城長庚醫院不要去林口長庚\n可以先卡位而且新醫院比較容易升遷\n\n\n請問新開幕的醫院比較容易升遷這件事是噱頭嗎？\n如果想去內科加護病房工作林長有什麼單位比較好或有什麼單位有缺人嗎？（滿想挑戰嘗試CCU之類的加護病房\n土城長庚新人進去會不會因為沒有資歷而不安排特殊單位呢？","excerpt":"各位學長姐我明年二技畢業，目前土城長庚聽說明年四月試營運6月正式開工，聽學校老師說建議到土城長庚醫院不要去林口長庚，可以先卡位而且新醫院比較容易升遷，請問新開幕的醫院比較容易升遷這件事是噱頭嗎？如果想","anonymousSchool":false,"anonymousDepartment":true,"pinned":false,"forumId":"b22d2f5d-3c06-4d08-96b8-770eb38e8f96","replyId":null,"createdAt":"2019-11-27T14:21:47.433Z","updatedAt":"2019-11-27T14:21:47.433Z","commentCount":8,"likeCount":16,"tags":["HIDE_THUMBNAIL"],"topics":["長庚","林長","土長","護理","醫院"],"supportedReactions":null,"withNickname":false,"reportReason":"","hiddenByAuthor":false,"meta":{"layout":"classic"},"forumName":"護理","forumAlias":"nursing","school":"長庚科技大學","replyTitle":null,"gender":"M","personaSubscriptable":null,"reactions":[{"id":"286f599c-f86a-4932-82f0-f5a06f1eca03","count":16}],"hidden":false,"customStyle":null,"isSuspiciousAccount":false,"layout":"classic","withImages":false,"withVideos":false,"media":[],"reportReasonText":"","mediaMeta":[],"postAvatar":""}