{"id":232546258,"title":"#問#雙和醫院","content":"各位學長、姊好~\n最近剛好在選最後一哩的醫院\n目前有考慮要不要填雙合的ER或是SI\n但是身邊沒有認識的人在裡面工作\n想詢問在雙合工作的學長、姊知不知道這兩個單位的氛圍？排班（一個月一個班、花花班）？或是有沒有其他推薦的單位，謝謝🙏！","excerpt":"各位學長、姊好~，最近剛好在選最後一哩的醫院，目前有考慮要不要填雙合的ER或是SI，但是身邊沒有認識的人在裡面工作，想詢問在雙合工作的學長、姊知不知道這兩個單位的氛圍？排班（一個月一個班、花花班）？或","anonymousSchool":false,"anonymousDepartment":false,"pinned":false,"forumId":"b22d2f5d-3c06-4d08-96b8-770eb38e8f96","replyId":null,"createdAt":"2019-11-21T15:04:39.907Z","updatedAt":"2019-11-21T15:04:39.907Z","commentCount":19,"likeCount":8,"tags":["HIDE_THUMBNAIL"],"topics":["學長姐幫幫我","詢問","醫院","護理師","職場"],"supportedReactions":null,"withNickname":true,"reportReason":"","hiddenByAuthor":false,"meta":{"layout":"classic"},"forumName":"護理","forumAlias":"nursing","school":"…","department":"jessie860113","replyTitle":null,"gender":"F","personaSubscriptable":false,"reactions":[{"id":"286f599c-f86a-4932-82f0-f5a06f1eca03","count":8}],"hidden":false,"customStyle":null,"isSuspiciousAccount":false,"layout":"classic","withImages":false,"withVideos":false,"media":[],"reportReasonText":"","mediaMeta":[],"postAvatar":""}