{"id":232592654,"title":"更-實習壓力與睡眠品質關係","content":"哈囉各位姐妹\n我們是弘光二技的學生\n大家都有實習過吧～\n我們想瞭解實習壓力與睡眠品質的關係\n希望大家花一點點的時間動動手指\n幫助我們填寫問卷～～\n謝謝🙏\n\n——————\n更新～\n因為很多人都利用其它的選項做了複選的動作\n例如：以上壓力都很大\n之類的\n希望大家選擇一個最讓自己壓力大的選項\n如有其它再填其它\n不然這樣你填的表單就無法使用了哦\n\n還有請各位要看清楚所有說明在做答覆哦\n在哪個單位壓力最大哪裡已經做了說明\n：以下題目皆以此為基準\n意思就是填寫下面的所有題目都以那個單位的狀況為標準填寫\n如果利用其它填寫的是：都待過\n之類的答案的話那個問卷我們也無法列入計算哦～\n\nhttps://forms.gle/9uTdSicvzaB2Xsea9","excerpt":"哈囉各位姐妹，我們是弘光二技的學生，大家都有實習過吧～我們想瞭解實習壓力與睡眠品質的關係，希望大家花一點點的時間動動手指，幫助我們填寫問卷～～謝謝，——————，更新～因為很多人都利用其它的選項做了複","anonymousSchool":false,"anonymousDepartment":true,"pinned":false,"forumId":"b22d2f5d-3c06-4d08-96b8-770eb38e8f96","replyId":null,"createdAt":"2019-11-29T02:37:41.089Z","updatedAt":"2019-12-01T09:42:13.412Z","commentCount":16,"likeCount":32,"tags":["HIDE_THUMBNAIL"],"topics":["睡眠","品質","壓力","關係","實習"],"supportedReactions":null,"withNickname":false,"reportReason":"","hiddenByAuthor":false,"meta":{"layout":"classic"},"forumName":"護理","forumAlias":"nursing","school":"弘光科技大學","replyTitle":null,"gender":"F","personaSubscriptable":null,"reactions":[{"id":"286f599c-f86a-4932-82f0-f5a06f1eca03","count":32}],"hidden":false,"customStyle":null,"isSuspiciousAccount":false,"layout":"classic","withImages":false,"withVideos":false,"media":[],"reportReasonText":"","mediaMeta":[],"postAvatar":""}