{"id":232537543,"title":"cvc判讀","content":"我是一隻很菜很菜的麻醉菜鳥\n應屆畢業進去很多都不懂\n請學長姐們幫忙學妹我解答問題，謝謝\n\n1.課本上cvp的正常值為4-12\n但到了臨床上 學姊們常常15.16.20也都沒處理\n跟我們說要看baseline，可是到底離basline多高多低叫做需要obs或者要處理的程度呢？\n\n2.cvp的waveform為什麼長得跟課本上教的不太一樣呢？有的時候長的跟直線沒什麼兩樣阿\n？這樣要怎麼知道cvc有沒有on上？\n\n3.st 也是，都說要看basline,那到底差距多少要處理呢，怎麼樣才能看出被麻醉的病人有沒有mi發生？","excerpt":"我是一隻很菜很菜的麻醉菜鳥，應屆畢業進去很多都不懂，請學長姐們幫忙學妹我解答問題，謝謝，1.課本上cvp的正常值為4-12，但到了臨床上 學姊們常常15.16.20也都沒處理，跟我們說要看baseli","anonymousSchool":false,"anonymousDepartment":false,"pinned":false,"forumId":"b22d2f5d-3c06-4d08-96b8-770eb38e8f96","replyId":null,"createdAt":"2019-11-20T08:48:48.111Z","updatedAt":"2019-11-20T08:48:48.111Z","commentCount":5,"likeCount":36,"tags":[],"topics":["護理","醫院","護理師","學長姐幫幫我","問題"],"supportedReactions":null,"withNickname":true,"reportReason":"","hiddenByAuthor":false,"meta":{"layout":"classic"},"forumName":"護理","forumAlias":"nursing","school":"doudon","department":"doudoudondon","replyTitle":null,"gender":"F","personaSubscriptable":null,"reactions":[{"id":"286f599c-f86a-4932-82f0-f5a06f1eca03","count":36}],"hidden":false,"customStyle":null,"isSuspiciousAccount":false,"layout":"classic","withImages":false,"withVideos":false,"media":[],"reportReasonText":"","mediaMeta":[],"postAvatar":""}