{"id":232564593,"title":"關於錄取後的問題","content":"最近面試了兩家醫院\n有一間已確定錄取\n另一間還在等通知\n\n錄取的那間醫院感覺上非常缺人\n面試完我離開一小時就接到錄取電話了\n人資也跟我壓12/4報到 12/16上班\n因為這間醫院是在台南而我是高雄人\n所以比較想要待在自己家的縣市上班\n目前是在等高雄的醫院通知\n\n想請問之後如果跟台南的醫院說沒辦法去那邊上班了是可以的嗎（會在報到日期前說）\n還是說跟他們壓日期就要去上班😖\n\n因為這兩間醫院自己都滿喜歡的\n只是因為還是想要以高雄為主所以還在等高雄這邊的醫院通知我🥺\n想請問有人遇過類似情形嗎 錄取了也壓了報到日期卻沒有去那間醫院上班的","excerpt":"最近面試了兩家醫院，有一間已確定錄取，另一間還在等通知，錄取的那間醫院感覺上非常缺人，面試完我離開一小時就接到錄取電話了，人資也跟我壓12/4報到 12/16上班，因為這間醫院是在台南而我是高雄人，所","anonymousSchool":false,"anonymousDepartment":true,"pinned":false,"forumId":"b22d2f5d-3c06-4d08-96b8-770eb38e8f96","replyId":null,"createdAt":"2019-11-24T16:36:30.779Z","updatedAt":"2019-11-24T16:36:30.779Z","commentCount":3,"likeCount":17,"tags":["HIDE_THUMBNAIL"],"topics":["醫院","工作","詢問"],"supportedReactions":null,"withNickname":false,"reportReason":"","hiddenByAuthor":false,"meta":{"layout":"classic"},"forumName":"護理","forumAlias":"nursing","school":"弘光科技大學","replyTitle":null,"gender":"F","personaSubscriptable":false,"reactions":[{"id":"286f599c-f86a-4932-82f0-f5a06f1eca03","count":17}],"hidden":false,"customStyle":null,"isSuspiciousAccount":false,"layout":"classic","withImages":false,"withVideos":false,"media":[],"reportReasonText":"","mediaMeta":[],"postAvatar":""}