{"id":232536979,"title":"離職請益","content":"目前在單位快兩個月，剛進單位的時候被一個學姐無緣無故兇到想說乾脆離職好了，後來被其他學姐鼓勵留了下來，然後過陣子又跟那個兇學姐搭班，此學姐非常喜歡翻舊賬還有你當下犯錯他不當下跟你說，然後在你覺得事情忙到一個段落的時候，吐出一句：你知道我剛剛很生氣嗎？，我每次都要猜我到底哪裡惹到他，所以我現在只要看到她或班表出現跟他搭班我的心跳就會開始加速，真的很想離職，想請問學長姐最好最不會被慰留的離職理由是什麼？謝謝","excerpt":"目前在單位快兩個月，剛進單位的時候被一個學姐無緣無故兇到想說乾脆離職好了，後來被其他學姐鼓勵留了下來，然後過陣子又跟那個兇學姐搭班，此學姐非常喜歡翻舊賬還有你當下犯錯他不當下跟你說，然後在你覺得事情忙","anonymousSchool":false,"anonymousDepartment":true,"pinned":false,"forumId":"b22d2f5d-3c06-4d08-96b8-770eb38e8f96","replyId":null,"createdAt":"2019-11-20T07:20:59.005Z","updatedAt":"2019-11-20T07:20:59.005Z","commentCount":6,"likeCount":36,"tags":[],"topics":["離職","護理","請益"],"supportedReactions":null,"withNickname":false,"reportReason":"","hiddenByAuthor":false,"meta":{"layout":"classic"},"forumName":"護理","forumAlias":"nursing","school":"中華醫事科技大學","replyTitle":null,"gender":"F","personaSubscriptable":null,"reactions":[{"id":"286f599c-f86a-4932-82f0-f5a06f1eca03","count":36}],"hidden":false,"customStyle":null,"isSuspiciousAccount":false,"layout":"classic","withImages":false,"withVideos":false,"media":[],"reportReasonText":"","mediaMeta":[],"postAvatar":""}