{"id":232583556,"title":"長庚大學 護理 醫院","content":"有句話說\n唸護理系 什麼學校出來都差不多\n只要有護理師執照\n但我還是\n想請問唸護理的學長姐尤其是唸長庚的\n長庚大學的環境怎麼樣呢\n長庚大學跟長庚科大差別在哪\n出來以後都在長庚醫院工作的話\n有什麼差異嗎\n我問的問題可能很蠢\n但我真的很需要一個裡面的人\n實實在在的詳細說說裡面的事情\n\n然後大家推輔大嗎？或是有什麼建議\n一個很想換環境 已經受到人心險惡的學生\n\n也許下面會得到自己轉換心境\n自己克服自己找資料\n不用太在意\n自己心態重要不然換了到哪裡都一樣等等的回覆\n\n但是 我已經極限了才來社群網站發文的\n當大家不知道我發生了什麼的時候\n請不要幫我下評論\n求求大家不要漠視 \n我只是需要一個答案\n\n\n最後想請教 \n我現在唸的學校以我的成績繼續保持的話至少未來能在奇美或是有機會上去應徵上成大\n\n長庚的話出路會比較好嗎\n長庚醫院怎麼樣呢\n聽說長庚出來的其他醫院都不太用\n是真的嗎","excerpt":"有句話說，唸護理系 什麼學校出來都差不多，只要有護理師執照，但我還是，想請問唸護理的學長姐尤其是唸長庚的，長庚大學的環境怎麼樣呢，長庚大學跟長庚科大差別在哪，出來以後都在長庚醫院工作的話，有什麼差異嗎","anonymousSchool":false,"anonymousDepartment":true,"pinned":false,"forumId":"b22d2f5d-3c06-4d08-96b8-770eb38e8f96","replyId":null,"createdAt":"2019-11-27T14:52:21.060Z","updatedAt":"2019-11-27T15:00:39.157Z","commentCount":19,"likeCount":20,"tags":[],"topics":["醫院","長庚大學","護理","詢問","工作"],"supportedReactions":null,"withNickname":false,"reportReason":"","hiddenByAuthor":false,"meta":{"layout":"classic"},"forumName":"護理","forumAlias":"nursing","school":"中華醫事科技大學","replyTitle":null,"gender":"F","personaSubscriptable":false,"reactions":[{"id":"286f599c-f86a-4932-82f0-f5a06f1eca03","count":20}],"hidden":false,"customStyle":null,"isSuspiciousAccount":false,"layout":"classic","withImages":false,"withVideos":false,"media":[],"reportReasonText":"","mediaMeta":[],"postAvatar":""}