{"id":232536870,"title":"#問  精神專科醫院","content":"各位學長姐好，小妹是今天的應屆畢業生，在外科病房工作三個月，發現自己不適合（單位氣氛差）所以離職了\n之後有打算去精神科（因為自己本身對精神科有興趣），想問問北部的國軍醫院如何？\n最近要去面試，看網路上的面試經驗好像會考筆試，問的內容好像也有點嚴苛，想問問要準備些什麼呢？\n\n\n小妹在此謝謝各位護理前輩們 了","excerpt":"各位學長姐好，小妹是今天的應屆畢業生，在外科病房工作三個月，發現自己不適合（單位氣氛差）所以離職了，之後有打算去精神科（因為自己本身對精神科有興趣），想問問北部的國軍醫院如何？最近要去面試，看網路上的","anonymousSchool":false,"anonymousDepartment":false,"pinned":false,"forumId":"b22d2f5d-3c06-4d08-96b8-770eb38e8f96","replyId":null,"createdAt":"2019-11-20T07:02:32.394Z","updatedAt":"2019-11-20T10:23:27.608Z","commentCount":16,"likeCount":21,"tags":[],"topics":["工作","精神科","醫院","護理","護理師"],"supportedReactions":null,"withNickname":false,"reportReason":"","hiddenByAuthor":false,"meta":{"layout":"classic"},"forumName":"護理","forumAlias":"nursing","school":"敏惠醫護管理專科學校","department":"護理科","replyTitle":null,"gender":"F","personaSubscriptable":false,"reactions":[{"id":"286f599c-f86a-4932-82f0-f5a06f1eca03","count":21}],"hidden":false,"customStyle":null,"isSuspiciousAccount":false,"layout":"classic","withImages":false,"withVideos":false,"media":[],"reportReasonText":"","mediaMeta":[],"postAvatar":""}