{"id":232568658,"title":"勞健保扣得合理嗎？","content":"https://i.imgur.com/XNPKDHM.png\n學妹我是專5的護生，目前在某間醫院工讀兼實習，這個月拿到第一次薪水，查看了一下明細後發現有追扣和提撥的勞健保費用，因為不曉得這些費用的用意為何，單位上的學姐也不是很好相處，我不太敢問單位的阿長、學姐\n所以想拜託知道這部分的學長姐們能夠幫我看看，醫院扣除的費用合理嗎？","excerpt":"學妹我是專5的護生，目前在某間醫院工讀兼實習，這個月拿到第一次薪水，查看了一下明細後發現有追扣和提撥的勞健保費用，因為不曉得這些費用的用意為何，單位上的學姐也不是很好相處，我不太敢問單位的阿長、學姐，","anonymousSchool":false,"anonymousDepartment":false,"pinned":false,"forumId":"b22d2f5d-3c06-4d08-96b8-770eb38e8f96","replyId":null,"createdAt":"2019-11-25T10:06:52.197Z","updatedAt":"2019-11-25T10:16:38.437Z","commentCount":1,"likeCount":9,"tags":[],"topics":["護理","醫院","工讀生","學長姐幫幫我"],"supportedReactions":null,"withNickname":false,"reportReason":"","hiddenByAuthor":false,"meta":{"layout":"classic"},"forumName":"護理","forumAlias":"nursing","school":"仁德醫護管理專科學校","department":"護理科","replyTitle":null,"gender":"F","personaSubscriptable":null,"reactions":[{"id":"286f599c-f86a-4932-82f0-f5a06f1eca03","count":9}],"hidden":false,"customStyle":null,"isSuspiciousAccount":false,"layout":"classic","withImages":true,"withVideos":false,"media":[{"url":"https://i.imgur.com/XNPKDHM.png"}],"reportReasonText":"","mediaMeta":[{"id":"d4cb20be-23e3-4f1f-976f-f72dab444c08","url":"https://i.imgur.com/XNPKDHMl.jpg","normalizedUrl":"https://i.imgur.com/XNPKDHMl.jpg","thumbnail":"https://i.imgur.com/XNPKDHMl.jpg","type":"image/thumbnail","tags":["ANNOTATED"],"createdAt":"2019-11-25T10:06:52.197Z","updatedAt":"2019-11-25T10:16:38.437Z"},{"id":"d4cb20be-23e3-4f1f-976f-f72dab444c08","url":"https://i.imgur.com/XNPKDHM.png","normalizedUrl":"https://imgur.com/XNPKDHM","thumbnail":"https://i.imgur.com/XNPKDHMl.jpg","type":"image/imgur","tags":["ANNOTATED"],"createdAt":"2019-11-25T10:06:52.197Z","updatedAt":"2019-11-25T10:16:38.437Z"}],"postAvatar":""}