{"id":232533355,"title":"是我太草莓？","content":"原本就知道護理人最愛為難護理人\n想說當護生沒人權就算了\n\n帶你的老師眾所皆知很雞掰 \n叫學生自己環熟就算了\n還說：我等下會問你們東西在哪裡喔 不知道就你們自己的問題\n\nㄜ新人都需要被帶環熟了，請問護生是先知還是通靈？\n\n第一天聽完早上單位大交 ，結束後老師自己走到某台電腦前什麼都沒說，有一位同學還在聽學長姐小交\n\n他就直接爆氣：好哇，都沒人要聽啊，你們就自主學習啊！\n\n當下心裡：阿某哩洗勒趕🙂？我還以為自己在選習欸\n\n\n\nok fine 運氣不好\n自認倒霉就過了\n\n\n\n聽到嘲笑病人真的有點too over\n某天單位影印機某個零件壞掉\n還對問單位學姊：是不是那個xxx(夜班）撞壞的，他屁股那麼大\n\n有時候還會跟單位學姊嚼舌根別的學姊\n對每個學姊講的還不太一樣\n\n真的是蠻貓咪的\nhttps://i.imgur.com/K2lQdTb.jpg\n草莓到爆炸了啦我！護理逃兵不4一天造成的","excerpt":"原本就知道護理人最愛為難護理人，想說當護生沒人權就算了，帶你的老師眾所皆知很雞掰，叫學生自己環熟就算了，還說：我等下會問你們東西在哪裡喔 不知道就你們自己的問題，ㄜ新人都需要被帶環熟了，請問護生是先知","anonymousSchool":false,"anonymousDepartment":false,"pinned":false,"forumId":"b22d2f5d-3c06-4d08-96b8-770eb38e8f96","replyId":null,"createdAt":"2019-11-19T15:15:24.115Z","updatedAt":"2019-11-19T15:15:45.403Z","commentCount":7,"likeCount":136,"tags":[],"topics":["草莓","壓力","實習人生"],"supportedReactions":null,"withNickname":true,"reportReason":"","hiddenByAuthor":false,"meta":{"layout":"classic"},"forumName":"護理","forumAlias":"nursing","school":"阿洛小花","department":"jupit_er_ror","replyTitle":null,"gender":"M","personaSubscriptable":false,"reactions":[{"id":"286f599c-f86a-4932-82f0-f5a06f1eca03","count":131},{"id":"514c2569-fd53-4d9d-a415-bf0f88e7329f","count":3},{"id":"4b018f48-e184-445f-adf1-fc8e04ba09b9","count":1},{"id":"aa0d425f-d530-4478-9a77-fe3aedc79eea","count":1}],"hidden":false,"customStyle":null,"isSuspiciousAccount":false,"layout":"classic","withImages":true,"withVideos":false,"media":[{"url":"https://i.imgur.com/K2lQdTb.jpg"}],"reportReasonText":"","mediaMeta":[{"id":"7864ca20-4f85-4ffd-94f2-20833fa424d7","url":"https://i.imgur.com/K2lQdTbl.jpg","normalizedUrl":"https://i.imgur.com/K2lQdTbl.jpg","thumbnail":"https://i.imgur.com/K2lQdTbl.jpg","type":"image/thumbnail","tags":["ANNOTATED"],"createdAt":"2019-11-19T15:15:24.115Z","updatedAt":"2019-11-19T15:15:45.403Z"},{"id":"7864ca20-4f85-4ffd-94f2-20833fa424d7","url":"https://i.imgur.com/K2lQdTb.jpg","normalizedUrl":"https://imgur.com/K2lQdTb","thumbnail":"https://i.imgur.com/K2lQdTbl.jpg","type":"image/imgur","tags":["ANNOTATED"],"createdAt":"2019-11-19T15:15:24.115Z","updatedAt":"2019-11-19T15:15:45.403Z"}],"postAvatar":""}