{"id":232570336,"title":"spo2的waveform","content":"請問為什麼spo2的waveform會前一個波可能很高，下一個又矮一點，再下一個可能又更矮或差不多或更高（不是只一個波跟一個波中間的矮地方哦）\n\n前提是ekg都正常哦aline wave也正常\n\n拜託幫我解答一下","excerpt":"請問為什麼spo2的waveform會前一個波可能很高，下一個又矮一點，再下一個可能又更矮或差不多或更高（不是只一個波跟一個波中間的矮地方哦），前提是ekg都正常哦aline wave也正常，拜託幫我","anonymousSchool":false,"anonymousDepartment":false,"pinned":false,"forumId":"b22d2f5d-3c06-4d08-96b8-770eb38e8f96","replyId":null,"createdAt":"2019-11-25T14:49:26.509Z","updatedAt":"2019-11-25T14:49:26.509Z","commentCount":10,"likeCount":6,"tags":[],"topics":["護理","護理師","工作","學長姐幫幫我"],"supportedReactions":null,"withNickname":true,"reportReason":"","hiddenByAuthor":false,"meta":{"layout":"classic"},"forumName":"護理","forumAlias":"nursing","school":"doudon","department":"doudoudondon","replyTitle":null,"gender":"F","personaSubscriptable":null,"reactions":[{"id":"286f599c-f86a-4932-82f0-f5a06f1eca03","count":6}],"hidden":false,"customStyle":null,"isSuspiciousAccount":false,"layout":"classic","withImages":false,"withVideos":false,"media":[],"reportReasonText":"","mediaMeta":[],"postAvatar":""}