{"id":232590276,"title":"很崩潰","content":"我不喜歡護理\n甚至很排斥去醫院上班\n雖然有其他選擇……\n診所 護理之家 月子中心等等\n那些我並不排斥所以我選擇去試試看\n雖然不喜歡護理但我試著去面對\n看我能不能做著做著就喜歡上\n但漸漸地就會覺得自己或許不適合護理\n無論怎麼做都會被罵也不會有人認可你\n加上自己媽媽也是護理人員\n他都希望我能堅持下去\n但我真的沒辦法……\n每天都很痛苦，覺得自己有夠沒用","excerpt":"我不喜歡護理，甚至很排斥去醫院上班，雖然有其他選擇……，診所 護理之家 月子中心等等，那些我並不排斥所以我選擇去試試看，雖然不喜歡護理但我試著去面對，看我能不能做著做著就喜歡上，但漸漸地就會覺得自己或","anonymousSchool":false,"anonymousDepartment":true,"pinned":false,"forumId":"b22d2f5d-3c06-4d08-96b8-770eb38e8f96","replyId":null,"createdAt":"2019-11-28T14:39:11.675Z","updatedAt":"2019-11-28T14:39:11.675Z","commentCount":10,"likeCount":42,"tags":[],"topics":["護理","工作"],"supportedReactions":null,"withNickname":false,"reportReason":"","hiddenByAuthor":false,"meta":{"layout":"classic"},"forumName":"護理","forumAlias":"nursing","school":"康寧大學","replyTitle":null,"gender":"F","personaSubscriptable":null,"reactions":[{"id":"286f599c-f86a-4932-82f0-f5a06f1eca03","count":39},{"id":"514c2569-fd53-4d9d-a415-bf0f88e7329f","count":3}],"hidden":false,"customStyle":null,"isSuspiciousAccount":false,"layout":"classic","withImages":false,"withVideos":false,"media":[],"reportReasonText":"","mediaMeta":[],"postAvatar":""}