{"id":232570695,"title":"護理新人想離職","content":"各位學長姊們，我是今年應屆畢業生，也是應屆考上執照，最近剛到某間醫院的內科病房上班，但是單位的一切一切都讓我覺得很糟糕，或許是我個人的問題，我也不知道該如何敘述，但是我想請問各位：\n1.我剛到職不到2週，我就想離職了，請問什麼時候提離職比較合適呢？\n2.沒有簽約是提離職隔天就可以不用去了嘛?\n\n謝謝各位學長姊們的解惑!!","excerpt":"各位學長姊們，我是今年應屆畢業生，也是應屆考上執照，最近剛到某間醫院的內科病房上班，但是單位的一切一切都讓我覺得很糟糕，或許是我個人的問題，我也不知道該如何敘述，但是我想請問各位：1.我剛到職不到2週","anonymousSchool":false,"anonymousDepartment":false,"pinned":false,"forumId":"b22d2f5d-3c06-4d08-96b8-770eb38e8f96","replyId":null,"createdAt":"2019-11-25T15:38:28.136Z","updatedAt":"2019-11-25T15:38:28.136Z","commentCount":17,"likeCount":27,"tags":[],"topics":["護理","新人","離職"],"supportedReactions":null,"withNickname":false,"reportReason":"","hiddenByAuthor":false,"meta":{"layout":"classic"},"forumName":"護理","forumAlias":"nursing","school":"國立臺北護理健康大學","department":"護理系","replyTitle":null,"gender":"F","personaSubscriptable":null,"reactions":[{"id":"286f599c-f86a-4932-82f0-f5a06f1eca03","count":27}],"hidden":false,"customStyle":null,"isSuspiciousAccount":false,"layout":"classic","withImages":false,"withVideos":false,"media":[],"reportReasonText":"","mediaMeta":[],"postAvatar":""}