{"id":232659217,"title":"衛福部桃園醫院宿舍","content":"各位學長姐好～(๑•̀ㅁ•́ฅ)\n學妹即將去部桃選習，有申請到醫院宿舍\n不知板上有沒有學長學姐也住部桃宿舍\n能不能分享一下床舖、衛浴等等設備\n如果有照片那就更棒了( • ̀ω•́ )✧\n\n有上網搜尋，但都沒什麼照片或是文字敘述\n先謝謝各位學長姐的分享🙏🙏\n\n----更新-------12/11\n\n謝謝各位學姐的分享，學妹感激不盡，整體環境感覺起來還不錯，不用追垃圾車、衛浴在外面真的是一大福音～我也會小心我的頭的～(๑•̀ㅁ•́ฅ)","excerpt":"各位學長姐好～（๑•̀ㅁ•́ฅ），學妹即將去部桃選習，有申請到醫院宿舍，不知板上有沒有學長學姐也住部桃宿舍，能不能分享一下床舖、衛浴等等設備，如果有照片那就更棒了（ • ̀ω•́ ），有上網搜尋，但都","anonymousSchool":false,"anonymousDepartment":false,"pinned":false,"forumId":"b22d2f5d-3c06-4d08-96b8-770eb38e8f96","replyId":null,"createdAt":"2019-12-10T07:32:54.708Z","updatedAt":"2019-12-11T05:14:23.141Z","commentCount":9,"likeCount":18,"tags":[],"topics":["衛福部","桃園","宿舍"],"supportedReactions":null,"withNickname":false,"reportReason":"","hiddenByAuthor":false,"meta":{"layout":"classic"},"forumName":"護理","forumAlias":"nursing","school":"長庚科技大學","department":"護理系","replyTitle":null,"gender":"F","personaSubscriptable":null,"reactions":[{"id":"286f599c-f86a-4932-82f0-f5a06f1eca03","count":18}],"hidden":false,"customStyle":null,"isSuspiciousAccount":false,"layout":"classic","withImages":false,"withVideos":false,"media":[],"reportReasonText":"","mediaMeta":[],"postAvatar":""}