{"id":232683867,"title":"桃園居善精神科醫院 環境工作氣氛如何","content":"想請問一下有人有在桃園居善精神科醫院護理工作過嗎？\n想請問他的薪資福利還有工作氣氛如何\n最近年後有在考慮往這家精神科醫院方向發展\n但是網路上找的資料這家都好少\n\n還有精神科護理人員都在做什麼呢？ \n有爬文了，但是還想聽聽不同的意見\n之前專科有實習過 但是也沒有什麼印象了\n求分享謝謝🙏","excerpt":"想請問一下有人有在桃園居善精神科醫院護理工作過嗎？想請問他的薪資福利還有工作氣氛如何，最近年後有在考慮往這家精神科醫院方向發展，但是網路上找的資料這家都好少，還有精神科護理人員都在做什麼呢？有爬文了，","anonymousSchool":false,"anonymousDepartment":true,"pinned":false,"forumId":"b22d2f5d-3c06-4d08-96b8-770eb38e8f96","replyId":null,"createdAt":"2019-12-14T06:10:36.091Z","updatedAt":"2019-12-14T06:10:36.091Z","commentCount":9,"likeCount":5,"tags":["HIDE_THUMBNAIL"],"topics":["桃園","精神科","醫院","護理","工作"],"supportedReactions":null,"withNickname":false,"reportReason":"","hiddenByAuthor":false,"meta":{"layout":"classic"},"forumName":"護理","forumAlias":"nursing","school":"長庚科技大學","replyTitle":null,"gender":"F","personaSubscriptable":false,"reactions":[{"id":"286f599c-f86a-4932-82f0-f5a06f1eca03","count":5}],"hidden":false,"customStyle":null,"isSuspiciousAccount":false,"layout":"classic","withImages":false,"withVideos":false,"media":[],"reportReasonText":"","mediaMeta":[],"postAvatar":""}