{"id":232600745,"title":"風氣","content":"搜尋版上的新人文\n除了工作壓力以外 不少都是人際問題\n護理屆學長姊制風評差是很有名的\n真的體會到的時候 依然還是想哭\n\n告訴自己明天要在更好\n伴隨而來的是更大的挫折\n會的被罵到不會\n一直說爛 不可能 就真的不行了\n\n感覺如果不讓人感覺到 我也是個人\n是個生命 是否如他們說的沒資格活著⋯","excerpt":"搜尋版上的新人文，除了工作壓力以外 不少都是人際問題，護理屆學長姊制風評差是很有名的，真的體會到的時候 依然還是想哭，告訴自己明天要在更好，伴隨而來的是更大的挫折，會的被罵到不會，一直說爛 不可能 就","anonymousSchool":false,"anonymousDepartment":false,"pinned":false,"forumId":"b22d2f5d-3c06-4d08-96b8-770eb38e8f96","replyId":null,"createdAt":"2019-11-30T12:44:24.541Z","updatedAt":"2019-11-30T12:44:53.456Z","commentCount":3,"likeCount":15,"tags":["HIDE_THUMBNAIL"],"topics":["護理"],"supportedReactions":null,"withNickname":true,"reportReason":"","hiddenByAuthor":false,"meta":{"layout":"classic"},"forumName":"護理","forumAlias":"nursing","school":"暱鳴","department":"moderatewild","replyTitle":null,"gender":"F","personaSubscriptable":false,"reactions":[{"id":"286f599c-f86a-4932-82f0-f5a06f1eca03","count":14},{"id":"514c2569-fd53-4d9d-a415-bf0f88e7329f","count":1}],"hidden":false,"customStyle":null,"isSuspiciousAccount":false,"layout":"classic","withImages":false,"withVideos":false,"media":[],"reportReasonText":"","mediaMeta":[],"postAvatar":""}