{"id":232640517,"title":"#問#未來的選擇","content":"目前在一家小醫院工作\n\n北部非市區純白不含勞健保34000元/月\n工作算輕鬆 準時上下班 提供三餐食宿水電\n輪班夜班上多的話(沒有包班費)大概4萬多\n三節2000\n沒有其他績效或有的沒的獎金\n\n但沒什麼晉升制度 所以可能即使工作10年20年薪水頂多加一點點上去\n\n未來想去北部市區工作\n請問在北部像是台大 三總 林口長庚\n如果自己租房子(因為不習慣跟別人同寢室)還有一些林林總總的生活費\n到市區工作總體下來存的錢會比較多嗎？\n\n目前一個月可以存2萬多快3萬\n(其中孝親費1萬元)\n平常花不到什麼錢","excerpt":"目前在一家小醫院工作，北部非市區純白不含勞健保34000元/月，工作算輕鬆 準時上下班 提供三餐食宿水電，輪班夜班上多的話（沒有包班費）大概4萬多，三節2000，沒有其他績效或有的沒的獎金，但沒什麼晉","anonymousSchool":false,"anonymousDepartment":false,"pinned":false,"forumId":"b22d2f5d-3c06-4d08-96b8-770eb38e8f96","replyId":null,"createdAt":"2019-12-07T02:59:46.205Z","updatedAt":"2019-12-07T03:00:30.770Z","commentCount":2,"likeCount":8,"tags":[],"topics":["護理","醫院","工作","護理師","詢問"],"supportedReactions":null,"withNickname":true,"reportReason":"","hiddenByAuthor":false,"meta":{"layout":"classic"},"forumName":"護理","forumAlias":"nursing","school":"天天","department":"sandy3233","replyTitle":null,"gender":"F","personaSubscriptable":null,"reactions":[{"id":"286f599c-f86a-4932-82f0-f5a06f1eca03","count":8}],"hidden":false,"customStyle":null,"isSuspiciousAccount":false,"layout":"classic","withImages":false,"withVideos":false,"media":[],"reportReasonText":"","mediaMeta":[],"postAvatar":""}