{"id":232613688,"title":"問~關於學士後護理 面試及書審資料準備","content":"關於\"學士後護理\"的 面試及書審準備我想問大家一些心得\n1.大家都如何準備面試的?有什麼方式嗎?\n\n2.可以分享你/妳的 面試成功(有正取)的經驗嗎?面試過程中問了些什麼回答了些什麼?\n\n3.我知道每間學校書審資料都不一樣，但是大致上都有自傳與讀書計畫(目標)。可以與我分享你/妳們如何撰寫一篇自傳與讀書計畫的大綱嗎?\n\n更))4.我還想了解每間學校每學期課本購買費用((大概會花多少金額在買書上面?)\n\n希望各位學長姐們給予我一些有助於我的回應!\n也希望大家在回答時可以說說妳就讀哪間學校\n(國立台灣大學、台北醫學大學、國立台北護理健康大學、弘光科技大學)\n好讓我蒐集整理，準備當各位的小學妹~~><","excerpt":"關於\"學士後護理\"的 面試及書審準備我想問大家一些心得，1.大家都如何準備面試的？有什麼方式嗎？2.可以分享你/妳的 面試成功（有正取）的經驗嗎？面試過程中問了些什麼回答了些什麼？3.我知道每間學校書","anonymousSchool":false,"anonymousDepartment":false,"pinned":false,"forumId":"b22d2f5d-3c06-4d08-96b8-770eb38e8f96","replyId":null,"createdAt":"2019-12-02T15:21:35.268Z","updatedAt":"2019-12-06T16:23:33.737Z","commentCount":8,"likeCount":10,"tags":[],"topics":["護理","面試","學士後"],"supportedReactions":null,"withNickname":true,"reportReason":"","hiddenByAuthor":false,"meta":{"layout":"classic"},"forumName":"護理","forumAlias":"nursing","school":"小嬌逼逼","department":"siougbibi","replyTitle":null,"gender":"F","personaSubscriptable":false,"reactions":[{"id":"286f599c-f86a-4932-82f0-f5a06f1eca03","count":10}],"hidden":false,"customStyle":null,"isSuspiciousAccount":false,"layout":"classic","withImages":false,"withVideos":false,"media":[],"reportReasonText":"","mediaMeta":[],"postAvatar":""}