{"id":232686645,"title":"護理真的適合自己嗎","content":"在急診工作約一年，因為不是大型醫院所以遇到的危急的病人還是有但不到非常多，最近到加護病房實習真的很不適應，在加護醫生不是一直開新的醫囑就是一直DC，搞得自己非常亂，病人也蠻多長期臥床、意識混亂的，不像急診一樣人來人往可以面對很多不同的病人及家屬，遇到住比較久的交班也都交的不太好，身上很多管路還有技術是在急診沒遇過的，比如CVVH，on CVP等等，在加護實習的這幾天就好像自己完全沒工作經驗，雖然下班把不懂的查一查，但很多基本的問題都還是要問學姊，例如實習到工作以來都是用胰島素空針打SC，沒有用過筆針還因為這個去問實習的學長姐，雖然人都很好願意教但總覺得自己這樣蠻丟臉的，雖然才短短幾天說不適合護理好像有點太早，但下班還是會覺得自己怎麼會這麼廢，想問看看有沒有學長姐有類似經驗可以分享一下，或是給點建議也可以，謝謝","excerpt":"在急診工作約一年，因為不是大型醫院所以遇到的危急的病人還是有但不到非常多，最近到加護病房實習真的很不適應，在加護醫生不是一直開新的醫囑就是一直DC，搞得自己非常亂，病人也蠻多長期臥床、意識混亂的，不像","anonymousSchool":false,"anonymousDepartment":true,"pinned":false,"forumId":"b22d2f5d-3c06-4d08-96b8-770eb38e8f96","replyId":null,"createdAt":"2019-12-14T15:28:47.403Z","updatedAt":"2019-12-14T15:28:47.403Z","commentCount":12,"likeCount":90,"tags":["HIDE_THUMBNAIL"],"topics":["護理","工作","護理師"],"supportedReactions":null,"withNickname":false,"reportReason":"","hiddenByAuthor":false,"meta":{"layout":"classic"},"forumName":"護理","forumAlias":"nursing","school":"長庚科技大學","replyTitle":null,"gender":"M","personaSubscriptable":null,"reactions":[{"id":"286f599c-f86a-4932-82f0-f5a06f1eca03","count":90}],"hidden":false,"customStyle":null,"isSuspiciousAccount":false,"layout":"classic","withImages":false,"withVideos":false,"media":[],"reportReasonText":"","mediaMeta":[],"postAvatar":""}