{"id":232670320,"title":"有經驗的護理新人","content":"我在他院有3年工作經驗，近日剛搬家所以換了一間醫院，但因為無ICU缺所以先去ER，但ER跟ICU的常規畢竟還是有落差，且大家覺得妳有經驗所以期望比較高，也覺得妳應該要什麼都會，IC也應該每一個都一次就中，沒把握的請她們幫忙也被說話，手寫醫囑看了有問題問也被說話，因為之前待的醫院已經都資訊化，所以操作起來都很習慣動作也很快，所以處理紙本的醫囑及計價時有點不習慣，動作相對也比較慢；另外昨天想說自己才剛去而已主要就先顧好自己的病人就好，有空再幫其他學姊，才不會造成別人的麻煩，結果某個別區的學姊可能覺得我都沒幫忙（不過我明明就看到原本帶我的學姊都有在幫她）或覺得我動作太慢也有可能，整個上班過程態度超差（我心裡也一直有想要🤬她的想法）\n也覺得才一個禮拜而已心裡壓力很大，也覺得自己怎麼年紀越大越草莓😔","excerpt":"我在他院有3年工作經驗，近日剛搬家所以換了一間醫院，但因為無ICU缺所以先去ER，但ER跟ICU的常規畢竟還是有落差，且大家覺得妳有經驗所以期望比較高，也覺得妳應該要什麼都會，IC也應該每一個都一次就","anonymousSchool":false,"anonymousDepartment":true,"pinned":false,"forumId":"b22d2f5d-3c06-4d08-96b8-770eb38e8f96","replyId":null,"createdAt":"2019-12-12T01:11:39.904Z","updatedAt":"2019-12-12T01:14:39.953Z","commentCount":5,"likeCount":27,"tags":["HIDE_THUMBNAIL"],"topics":["護理","醫院","問題"],"supportedReactions":null,"withNickname":false,"reportReason":"","hiddenByAuthor":false,"meta":{"layout":"classic"},"forumName":"護理","forumAlias":"nursing","school":"輔英科技大學","replyTitle":null,"gender":"F","personaSubscriptable":null,"reactions":[{"id":"286f599c-f86a-4932-82f0-f5a06f1eca03","count":27}],"hidden":false,"customStyle":null,"isSuspiciousAccount":false,"layout":"classic","withImages":false,"withVideos":false,"media":[],"reportReasonText":"","mediaMeta":[],"postAvatar":""}