{"id":232668689,"title":"拿到執照後可以打工度假嗎？","content":"本人一直有想要出國打工度假的想法\n本來就打算拿到護理執照後就出國打工度假\n但家人覺得這樣的話不太好，覺得我一年後回來就會把護理的東西全部忘光，又要重學...\n\n想問一下板上的學長姐還有學弟妹們的想法，或者說有類似的經驗可以跟我分享一下嗎？？感謝><","excerpt":"本人一直有想要出國打工度假的想法，本來就打算拿到護理執照後就出國打工度假，但家人覺得這樣的話不太好，覺得我一年後回來就會把護理的東西全部忘光，又要重學...，想問一下板上的學長姐還有學弟妹們的想法，或","anonymousSchool":false,"anonymousDepartment":false,"pinned":false,"forumId":"b22d2f5d-3c06-4d08-96b8-770eb38e8f96","replyId":null,"createdAt":"2019-12-11T15:38:57.288Z","updatedAt":"2019-12-11T15:38:57.288Z","commentCount":15,"likeCount":29,"tags":[],"topics":["護理","打工度假","學長姐幫幫我"],"supportedReactions":null,"withNickname":true,"reportReason":"","hiddenByAuthor":false,"meta":{"layout":"classic"},"forumName":"護理","forumAlias":"nursing","school":"S","department":"seoujin1204","replyTitle":null,"gender":"F","personaSubscriptable":false,"reactions":[{"id":"286f599c-f86a-4932-82f0-f5a06f1eca03","count":29}],"hidden":false,"customStyle":null,"isSuspiciousAccount":false,"layout":"classic","withImages":false,"withVideos":false,"media":[],"reportReasonText":"","mediaMeta":[],"postAvatar":""}