{"id":232636055,"title":"1/11總統大選","content":"如題\n請問大家明年1/11號如果真的很想去投票但沒有假怎麼辦\n最近很困擾我的問題\n明年第一次投票真的很想去投但是單位太多人預那天假根本沒辦法讓大家都放到\n這樣當天上白班的人不就都沒辦法投到票了嗎\n又不太可能叫大夜班加班\n之前投同性婚姻的時候那時候在的單位阿長說白班如果想去投票的人跟大夜班協調讓大夜班報加班一小時但其實誰知道投票會投多久如果來不及上班怎麼辦而且大夜班人員根本不想加班白班最忙的就是剛開始的前一兩個小時啊所以也根本沒有人敢去投\n有沒有人有跟我一樣的困擾啊😫\n關鍵時刻的明年選舉真的想去投啊！好焦慮啊！","excerpt":"如題，請問大家明年1/11號如果真的很想去投票但沒有假怎麼辦，最近很困擾我的問題，明年第一次投票真的很想去投但是單位太多人預那天假根本沒辦法讓大家都放到，這樣當天上白班的人不就都沒辦法投到票了嗎，又不","anonymousSchool":false,"anonymousDepartment":true,"pinned":false,"forumId":"b22d2f5d-3c06-4d08-96b8-770eb38e8f96","replyId":null,"createdAt":"2019-12-06T07:52:41.646Z","updatedAt":"2019-12-06T07:52:41.646Z","commentCount":13,"likeCount":43,"tags":["HIDE_THUMBNAIL"],"topics":["投票日","選舉","總統大選"],"supportedReactions":null,"withNickname":false,"reportReason":"","hiddenByAuthor":false,"meta":{"layout":"classic"},"forumName":"護理","forumAlias":"nursing","school":"弘光科技大學","replyTitle":null,"gender":"F","personaSubscriptable":false,"reactions":[{"id":"286f599c-f86a-4932-82f0-f5a06f1eca03","count":43}],"hidden":false,"customStyle":null,"isSuspiciousAccount":false,"layout":"classic","withImages":false,"withVideos":false,"media":[],"reportReasonText":"","mediaMeta":[],"postAvatar":""}