{"id":232688222,"title":"盧小小的病人","content":"剛剛幫一個漲尿的阿伯插尿管，改來改去的就算了，已經跟他確認好到底要單導還是放留置尿管，他也說要留置的那種\n但是有一直跳針表示可不可以給女護理師插，說我之前插，插到一直流血\n我跟他說你已經漲尿了，前列腺一直很腫了，這樣子插本來就會有很大的機會會出血，還是不聽……一直在我旁邊碎碎念，第一次上班上到差點翻桌，已經都在忙了，還給我一直543\n插完之後，發現我們插的是留置尿管，你他媽的才說我來醫院只是想單導，媽的，是不會一次做決定喔……………\n跟各位在臨床上奮鬥的天使們，說聲\n一起加油吧……","excerpt":"剛剛幫一個漲尿的阿伯插尿管，改來改去的就算了，已經跟他確認好到底要單導還是放留置尿管，他也說要留置的那種，但是有一直跳針表示可不可以給女護理師插，說我之前插，插到一直流血，我跟他說你已經漲尿了，前列腺","anonymousSchool":false,"anonymousDepartment":false,"pinned":false,"forumId":"b22d2f5d-3c06-4d08-96b8-770eb38e8f96","replyId":null,"createdAt":"2019-12-14T22:59:49.734Z","updatedAt":"2019-12-14T22:59:49.734Z","commentCount":16,"likeCount":68,"tags":[],"topics":["護理","病人","護理環境"],"supportedReactions":null,"withNickname":false,"reportReason":"","hiddenByAuthor":false,"meta":{"layout":"classic"},"forumName":"護理","forumAlias":"nursing","school":"義守大學","department":"護理學系","replyTitle":null,"gender":"M","personaSubscriptable":false,"reactions":[{"id":"286f599c-f86a-4932-82f0-f5a06f1eca03","count":66},{"id":"aa0d425f-d530-4478-9a77-fe3aedc79eea","count":2}],"hidden":false,"customStyle":null,"isSuspiciousAccount":false,"layout":"classic","withImages":false,"withVideos":false,"media":[],"reportReasonText":"","mediaMeta":[],"postAvatar":""}