{"id":232673201,"title":"回答問題卻被罵危言聳聽","content":"有一個朋友問我一個疾病的問題\n我回答了可能會發生比較嚴重的症狀\n並請他要去看醫生\n\n結果過幾天他傳來一則網路文章給我看\n跟我說我危言聳聽\n文章裡面根本沒這麼嚴重\n\n我就回他\n如果你想相信網路文章的話\n那你以後就別來問我了\n\n好無奈\n好心幫忙卻被罵\n\n最後我告訴他\n如果你不願意相信護理專業 \n請你以後不要問我問題\n我一律不回答","excerpt":"有一個朋友問我一個疾病的問題，我回答了可能會發生比較嚴重的症狀，並請他要去看醫生，結果過幾天他傳來一則網路文章給我看，跟我說我危言聳聽，文章裡面根本沒這麼嚴重，我就回他，如果你想相信網路文章的話，那你","anonymousSchool":false,"anonymousDepartment":false,"pinned":false,"forumId":"b22d2f5d-3c06-4d08-96b8-770eb38e8f96","replyId":null,"createdAt":"2019-12-12T10:45:18.160Z","updatedAt":"2019-12-12T10:45:18.160Z","commentCount":12,"likeCount":307,"tags":["HIDE_THUMBNAIL"],"topics":[],"supportedReactions":null,"withNickname":false,"reportReason":"","hiddenByAuthor":false,"meta":{"layout":"classic"},"forumName":"護理","forumAlias":"nursing","school":"長庚科技大學","department":"護理系","replyTitle":null,"gender":"F","personaSubscriptable":false,"reactions":[{"id":"286f599c-f86a-4932-82f0-f5a06f1eca03","count":292},{"id":"aa0d425f-d530-4478-9a77-fe3aedc79eea","count":10},{"id":"e8e6bc5d-41b0-4129-b134-97507523d7ff","count":4},{"id":"4b018f48-e184-445f-adf1-fc8e04ba09b9","count":1}],"hidden":false,"customStyle":null,"isSuspiciousAccount":false,"layout":"classic","withImages":false,"withVideos":false,"media":[],"reportReasonText":"","mediaMeta":[],"postAvatar":""}