{"id":232638765,"title":"關於精神科病房","content":"想請問精神科病房的護理師的工作內容大概是什麼？跟一般內外科病房的差異在哪裡，本人目前有在考慮要前往精神科就職，但對精神科病房的了解實在不多，想知道要如何準備好自己面對臨床，以及有什麼該注意的事情，拜託各位學長姐了🙏","excerpt":"想請問精神科病房的護理師的工作內容大概是什麼？跟一般內外科病房的差異在哪裡，本人目前有在考慮要前往精神科就職，但對精神科病房的了解實在不多，想知道要如何準備好自己面對臨床，以及有什麼該注意的事情，拜託","anonymousSchool":false,"anonymousDepartment":true,"pinned":false,"forumId":"b22d2f5d-3c06-4d08-96b8-770eb38e8f96","replyId":null,"createdAt":"2019-12-06T15:32:46.729Z","updatedAt":"2019-12-06T15:32:46.729Z","commentCount":13,"likeCount":11,"tags":["HIDE_THUMBNAIL"],"topics":["護理","護理師"],"supportedReactions":null,"withNickname":false,"reportReason":"","hiddenByAuthor":false,"meta":{"layout":"classic"},"forumName":"護理","forumAlias":"nursing","school":"慈惠醫護管理專科學校","replyTitle":null,"gender":"M","personaSubscriptable":false,"reactions":[{"id":"286f599c-f86a-4932-82f0-f5a06f1eca03","count":11}],"hidden":false,"customStyle":null,"isSuspiciousAccount":false,"layout":"classic","withImages":false,"withVideos":false,"media":[],"reportReasonText":"","mediaMeta":[],"postAvatar":""}