{"id":232603736,"title":"感謝林口長庚的急診護理人員們","content":"不知道能不能發這個版，錯版煩請告知，謝謝🙏🏻\n-\n從本週三開始吃什麼就吐\n週五越來越嚴重還吐了15次左右\n週六傍晚去了林口長庚掛急診\n（因為晚上沒有肝膽腸胃科⋯）\n醫生很快的診斷出我是內耳不平衡導致噁心嘔吐⋯\n打了針後很快就好了！\n很感謝林口長庚的急診護理人員\n醫生的判斷快速正確\n用針用藥也很棒，因為我很快沒有不舒服了\n即使沒有不舒服了也沒有請我回家，而是說：妳先去吃東西看看，不會吐了想回家再跟我說\n抽血的護理師也很溫柔，點滴的軟針比較粗會比較痛還會事先告知♥️\n因為太痛了我呼吸很快，她還提醒我不要這樣呼吸，不好\n幫我打針的護理師也很溫柔，在做什麼事都會先告知\n「這支是胃藥喔，這隻是食鹽水幫妳沖洗一下哦。」♥️\n大家都很溫柔⋯讓我很快的沒有再嘔吐，超級感動\n提一個很好笑的事情\n最後要回家前醫生問我有好多了嗎？\n我說有\n醫生就跟護理師說：看起來真的有好多了\n護理師說：真的，跟剛來的時候比起來好多了\n看來我剛去的時候一定是一副死人臉🥺\n感謝林口長庚急診護理人員🙏🏻\n印象最深刻的：急診3診的中性戴眼鏡護理人員、在急診診療室外面的，頭髮好像是紅色的，臉上有一顆痣，用粉紅環保杯的護理人員、短頭髮常常甩自己名牌的護理人員\n這三位我比較常看到，她們對病患都好溫柔喔🥰\n-\n題外話⋯\n為什麼週五吐了15次卻拖到週六才去看醫生\n其實週五我有去離家裡比較近的衛生xx部台x醫院掛急診\n那邊的醫生診斷我是急性腸胃炎，打了兩支針開了藥就讓我回家了\n結果隔天一樣狂吐我就去比較遠的林口長庚掛急診了\n還好有去🥺現在真的好多了🥰","excerpt":"不知道能不能發這個版，錯版煩請告知，謝謝，-，從本週三開始吃什麼就吐，週五越來越嚴重還吐了15次左右，週六傍晚去了林口長庚掛急診，（因為晚上沒有肝膽腸胃科⋯），醫生很快的診斷出我是內耳不平衡導致噁心嘔","anonymousSchool":false,"anonymousDepartment":false,"pinned":false,"forumId":"b22d2f5d-3c06-4d08-96b8-770eb38e8f96","replyId":null,"createdAt":"2019-12-01T02:41:27.182Z","updatedAt":"2019-12-01T02:47:47.463Z","commentCount":11,"likeCount":314,"tags":["HIDE_THUMBNAIL"],"topics":["護理人員","長庚"],"supportedReactions":null,"withNickname":true,"reportReason":"","hiddenByAuthor":false,"meta":{"layout":"classic"},"forumName":"護理","forumAlias":"nursing","school":"檸檬魚","department":"lemonyu","replyTitle":null,"gender":"F","personaSubscriptable":false,"reactions":[{"id":"286f599c-f86a-4932-82f0-f5a06f1eca03","count":312},{"id":"4b018f48-e184-445f-adf1-fc8e04ba09b9","count":1},{"id":"e8e6bc5d-41b0-4129-b134-97507523d7ff","count":1}],"hidden":false,"customStyle":null,"isSuspiciousAccount":false,"layout":"classic","withImages":false,"withVideos":false,"media":[],"reportReasonText":"","mediaMeta":[],"postAvatar":""}