{"id":232608986,"title":"我不是一個好護理師","content":"今年畢業進了一間教學制度很好的醫院\n也曾熱血的想說一定要在這裡學好學滿\n這樣未來去其他地方都不用怕了\n但\n真的開始上線工作後只覺得每天都心很累\n\n跟大多數新人一樣開始懷疑自己到底試不試合這條路\n每天都想被車撞死算了\n\n不討厭照顧病人\n但覺得自己沒有能力顧好他們\n沒辦法為他們想到解決問題的方法\n\n跟學姐交班都lose很多事情，也不太會交流\n可以明顯感覺出跟剛進去時候比學姐對我的態度都比較冷一點(也可能是我真的不會與人交流😭\n\n下班也都比別人晚\n平常白班(7點到單位)都待到晚上8、9點才走\n\n每天早上睜開眼睛要上班時\n都是想著「苦難日又要開始了...」\n\n家人是希望能撐個2年拿到一些資歷\n但我真的覺得能走完一年就很了不起了\n\n已經上班快4個月了\n每天覺得自己還是跟顆白菜一樣\n而且我們算特殊單位\n病人數少但包含所有科別\n這讓我難以想像未來去其他單位照顧十幾個病人要怎麼辦\n\n還有很多很多的想法都不知道怎麼打出來\n只能說目前是走一步算一步了","excerpt":"今年畢業進了一間教學制度很好的醫院，也曾熱血的想說一定要在這裡學好學滿，這樣未來去其他地方都不用怕了，但，真的開始上線工作後只覺得每天都心很累，跟大多數新人一樣開始懷疑自己到底試不試合這條路，每天都想","anonymousSchool":false,"anonymousDepartment":false,"pinned":false,"forumId":"b22d2f5d-3c06-4d08-96b8-770eb38e8f96","replyId":null,"createdAt":"2019-12-01T23:08:32.643Z","updatedAt":"2019-12-01T23:08:32.643Z","commentCount":37,"likeCount":419,"tags":[],"topics":["護理","心情","壓力"],"supportedReactions":null,"withNickname":false,"reportReason":"","hiddenByAuthor":false,"meta":{"layout":"classic"},"forumName":"護理","forumAlias":"nursing","school":"亞洲大學","department":"護理學系","replyTitle":null,"gender":"F","personaSubscriptable":false,"reactions":[{"id":"286f599c-f86a-4932-82f0-f5a06f1eca03","count":411},{"id":"514c2569-fd53-4d9d-a415-bf0f88e7329f","count":8}],"hidden":false,"customStyle":null,"isSuspiciousAccount":false,"layout":"classic","withImages":false,"withVideos":false,"media":[],"reportReasonText":"","mediaMeta":[],"postAvatar":""}