{"id":232681347,"title":"讀護理很輕鬆？！","content":"在讀五專後 常常聽到我讀高中高職的同學😈說\n \n😈：你讀五專很輕鬆欸 學校管的都不嚴\n每次聽到這個我都不知道怎麼反駁她們\n\n我的os：對沒錯！五專學制確實和高中高職不太一樣，但是我們讀的書沒有比你們少嘛！我們的壓力也沒有比你們較少，這些你都沒看到你就直接下結論這樣是對的嗎~\n\n不想爭執我沒回她了 但是想問大家 真的覺得讀護理很簡單ㄇ？\n\n（btw真的覺得每個科系 行業都有他難的地方 只是我們不知道過程而已👌）\n________________________________________\n更：\n看了很多人的留言，每個人看法與思想程度都不同，但是我想說 五專並非不愛讀書的人讀的，很多人也因為對護理有熱忱、想要幫助照顧別人而進來的~所以請不要以偏概全ㄛ🥰","excerpt":"在讀五專後 常常聽到我讀高中高職的同學說，：你讀五專很輕鬆欸 學校管的都不嚴，每次聽到這個我都不知道怎麼反駁她們，我的os：對沒錯！五專學制確實和高中高職不太一樣，但是我們讀的書沒有比你們少嘛！我們的","anonymousSchool":false,"anonymousDepartment":false,"pinned":false,"forumId":"b22d2f5d-3c06-4d08-96b8-770eb38e8f96","replyId":null,"createdAt":"2019-12-13T15:42:29.403Z","updatedAt":"2019-12-16T14:10:32.590Z","commentCount":88,"likeCount":329,"tags":[],"topics":["詢問","壓力","護理系","護理","心情"],"supportedReactions":null,"withNickname":false,"reportReason":"","hiddenByAuthor":false,"meta":{"layout":"classic"},"forumName":"護理","forumAlias":"nursing","school":"馬偕醫護管理專科學校","department":"護理科","replyTitle":null,"gender":"F","personaSubscriptable":false,"reactions":[{"id":"286f599c-f86a-4932-82f0-f5a06f1eca03","count":328},{"id":"e8e6bc5d-41b0-4129-b134-97507523d7ff","count":1}],"hidden":false,"customStyle":null,"isSuspiciousAccount":false,"layout":"classic","withImages":false,"withVideos":false,"media":[],"reportReasonText":"","mediaMeta":[],"postAvatar":""}