{"id":232641969,"title":"北榮單位選擇","content":"各位學長姊想請問北榮都是確定錄取後報到才可以填單位\n所以是儘管我梯次是在前面先錄取，但報到月份填比較後面，就只能選可能後錄取但報到月份比較前面的人選剩的對嗎～\n因為很怕最後單位不是自己喜歡的\n怕去開刀房之類的 唉","excerpt":"各位學長姊想請問北榮都是確定錄取後報到才可以填單位，所以是儘管我梯次是在前面先錄取，但報到月份填比較後面，就只能選可能後錄取但報到月份比較前面的人選剩的對嗎～因為很怕最後單位不是自己喜歡的，怕去開刀房","anonymousSchool":false,"anonymousDepartment":true,"pinned":false,"forumId":"b22d2f5d-3c06-4d08-96b8-770eb38e8f96","replyId":null,"createdAt":"2019-12-07T08:44:29.490Z","updatedAt":"2019-12-07T08:44:29.490Z","commentCount":6,"likeCount":6,"tags":["HIDE_THUMBNAIL"],"topics":["北榮","單位","工作"],"supportedReactions":null,"withNickname":false,"reportReason":"","hiddenByAuthor":false,"meta":{"layout":"classic"},"forumName":"護理","forumAlias":"nursing","school":"長庚科技大學","replyTitle":null,"gender":"F","personaSubscriptable":false,"reactions":[{"id":"286f599c-f86a-4932-82f0-f5a06f1eca03","count":6}],"hidden":false,"customStyle":null,"isSuspiciousAccount":false,"layout":"classic","withImages":false,"withVideos":false,"media":[],"reportReasonText":"","mediaMeta":[],"postAvatar":""}