{"id":232609147,"title":"考慮要離開還是撐下去..？","content":"各位苦海中的兄弟姐妹們大家好\n我是今年應屆 帶著滿腔熱血進醫中的小學妹\n才踏入臨床一個月 熱情就快被澆熄了\n雖然單位學姐都很好 複雜度也不高\n但是一個月以來吃不下 睡不好 無敵厭世\n讓我真的不得不思考自己適不適合這條路\n加上接連有同梯的夥伴離開\n覺得自己越來越孤單了\n以前實習都只有去過醫中 沒有去過區域醫院\n想問 是應該撐下去 至少滿3個月\n還是轉到地區醫院 會比較好\n或著直接去報考明年2月的研究所？\n（打算找公衛相關的 不用工作經歷）\n如果繼續撐 就沒辦法一邊讀書 就要等後年考試了 撐到3個月離職 資歷也是寫不上去 所以正在猶豫\n請各位大大給我一些意見了\n祝踏入臨床的各位 吃的好 睡得著 \n不要跟我一樣QQ","excerpt":"各位苦海中的兄弟姐妹們大家好，我是今年應屆 帶著滿腔熱血進醫中的小學妹，才踏入臨床一個月 熱情就快被澆熄了，雖然單位學姐都很好 複雜度也不高，但是一個月以來吃不下 睡不好 無敵厭世，讓我真的不得不思考","anonymousSchool":false,"anonymousDepartment":true,"pinned":false,"forumId":"b22d2f5d-3c06-4d08-96b8-770eb38e8f96","replyId":null,"createdAt":"2019-12-02T00:50:14.253Z","updatedAt":"2019-12-02T00:50:14.253Z","commentCount":15,"likeCount":35,"tags":["HIDE_THUMBNAIL"],"topics":["護理","工作","護理師","學長姐幫幫我","心情"],"supportedReactions":null,"withNickname":false,"reportReason":"","hiddenByAuthor":false,"meta":{"layout":"classic"},"forumName":"護理","forumAlias":"nursing","school":"國立成功大學","replyTitle":null,"gender":"F","personaSubscriptable":null,"reactions":[{"id":"286f599c-f86a-4932-82f0-f5a06f1eca03","count":35}],"hidden":false,"customStyle":null,"isSuspiciousAccount":false,"layout":"classic","withImages":false,"withVideos":false,"media":[],"reportReasonText":"","mediaMeta":[],"postAvatar":""}