{"id":232697734,"title":"台大單位選擇請益","content":"想請問各位學長姐台大兒童醫院的新生兒加護病房0PNI、新生兒中重度病房0PNO、嬰兒加護病房0PII跟嬰兒中重度病房0PII，以上這四個單位若選擇排序會怎麼選擇呢~~~ （關於單位氣氛、主管及忙碌程度等等的）\n\n謝謝🙏🏻","excerpt":"想請問各位學長姐台大兒童醫院的新生兒加護病房0PNI、新生兒中重度病房0PNO、嬰兒加護病房0PII跟嬰兒中重度病房0PII，以上這四個單位若選擇排序會怎麼選擇呢~~~ （關於單位氣氛、主管及忙碌程度","anonymousSchool":false,"anonymousDepartment":true,"pinned":false,"forumId":"b22d2f5d-3c06-4d08-96b8-770eb38e8f96","replyId":null,"createdAt":"2019-12-16T12:20:01.151Z","updatedAt":"2019-12-16T12:20:01.151Z","commentCount":15,"likeCount":6,"tags":["HIDE_THUMBNAIL"],"topics":["台大","護理","單位","醫院"],"supportedReactions":null,"withNickname":false,"reportReason":"","hiddenByAuthor":false,"meta":{"layout":"classic"},"forumName":"護理","forumAlias":"nursing","school":"長庚科技大學","replyTitle":null,"gender":"F","personaSubscriptable":false,"reactions":[{"id":"286f599c-f86a-4932-82f0-f5a06f1eca03","count":6}],"hidden":false,"customStyle":null,"isSuspiciousAccount":false,"layout":"classic","withImages":false,"withVideos":false,"media":[],"reportReasonText":"","mediaMeta":[],"postAvatar":""}