{"id":232739235,"title":"新竹護理","content":"各位同行的護理們 想問問大家\n本人在北部醫學中心工作三年\n最近想回新竹工作\n不知道有沒有新竹的學姊們可以推薦\n找過各大職缺平台\n但因為我重視的是工作環境 所以還是想要有親身經驗的分享\n目前是不想輪班的工作了 \n所以想問問有沒有推薦的工作單位\n環境好氣氛好 待遇合理就好了\n謝謝大家","excerpt":"各位同行的護理們 想問問大家，本人在北部醫學中心工作三年，最近想回新竹工作，不知道有沒有新竹的學姊們可以推薦，找過各大職缺平台，但因為我重視的是工作環境 所以還是想要有親身經驗的分享，目前是不想輪班的","anonymousSchool":false,"anonymousDepartment":true,"pinned":false,"forumId":"b22d2f5d-3c06-4d08-96b8-770eb38e8f96","replyId":null,"createdAt":"2019-12-22T14:27:32.388Z","updatedAt":"2019-12-22T14:27:32.388Z","commentCount":5,"likeCount":12,"tags":["HIDE_THUMBNAIL"],"topics":["護理","新竹","護理師"],"supportedReactions":null,"withNickname":false,"reportReason":"","hiddenByAuthor":false,"meta":{"layout":"classic"},"forumName":"護理","forumAlias":"nursing","school":"長庚科技大學","replyTitle":null,"gender":"F","personaSubscriptable":null,"reactions":[{"id":"286f599c-f86a-4932-82f0-f5a06f1eca03","count":12}],"hidden":false,"customStyle":null,"isSuspiciousAccount":false,"layout":"classic","withImages":false,"withVideos":false,"media":[],"reportReasonText":"","mediaMeta":[],"postAvatar":""}