{"id":232788317,"title":"預立醫療決定","content":"https://www.mohw.gov.tw/dl-48462-0fdd14a0-1e16-4c6b-bac8-73209c3cf825.html\n\n\n我想知道做好一切準備後\n這個申請書填完後是要交去自己常常會去的醫院還是別的單位\n我跟家人在不同的縣市\n四年大學畢業後也可能會在外縣市生活\n怕的是說如果發生事情了\n家人就算趕到可能也來不及了\n所以才想做這個決定\n人生無常\n很難保證說某一天會不會身體突然出事","excerpt":"我想知道做好一切準備後，這個申請書填完後是要交去自己常常會去的醫院還是別的單位，我跟家人在不同的縣市，四年大學畢業後也可能會在外縣市生活，怕的是說如果發生事情了，家人就算趕到可能也來不及了，所以才想做","anonymousSchool":false,"anonymousDepartment":false,"pinned":false,"forumId":"b22d2f5d-3c06-4d08-96b8-770eb38e8f96","replyId":null,"createdAt":"2019-12-30T05:41:14.083Z","updatedAt":"2019-12-30T05:41:14.083Z","commentCount":6,"likeCount":9,"tags":["HIDE_THUMBNAIL"],"topics":["醫療","詢問"],"supportedReactions":null,"withNickname":false,"reportReason":"","hiddenByAuthor":false,"meta":{"layout":"classic"},"forumName":"護理","forumAlias":"nursing","school":"東南科技大學","department":"表演藝術系","replyTitle":null,"gender":"M","personaSubscriptable":false,"reactions":[{"id":"286f599c-f86a-4932-82f0-f5a06f1eca03","count":9}],"hidden":false,"customStyle":null,"isSuspiciousAccount":false,"layout":"classic","withImages":false,"withVideos":false,"media":[],"reportReasonText":"","mediaMeta":[],"postAvatar":""}