{"id":232752730,"title":"偷拍","content":"護理人員認真工作被偷拍真的很低落😞\n\n很擔心未來病人的隱私問題\n\n本院之前因為妨礙秘密罪上過新聞\n\n事發當時，本院高層表示會全力協助受害護理人員，支持提告！\n\n後來拖了將近一年\n直到最近我們這些被偷拍的護理人員\n才陸續收到傳票\n短短兩星期收到兩次\n\n第一次地檢署要求出庭\n因為大家都要上班，委由醫院聘請律師請假處理\n\n第一次收到傳票，院方開會\n\n院方表示：\n偷拍的男護理師是年輕人，家境不好，大家都提告，他也拿不出這麼多錢賠，如果現在先和解，就保證有錢拿，未來就不一定了～\n\n（成年男性，家裡沒錢就要去偷拍？沒錢要去犯罪，也該是去搶銀行吧！偷拍跟家境不好有什麼關係？）\n\n律師表示：\n提告也看能不能告得成，也很大機率告不成，很難說⋯\n\n第二次收到傳票，院方開會\n\n院方表示：\n第一次和解的人都拿到錢了，我是跟對方說，一定不能跟第一次一樣，或是比第一次低，這樣大家一起說一個金額啦！好統一處理～\n\n律師表示：為什麼要連著兩次傳票這麼近，因為檢察官在一一確認各位的影像，發現有一些很難辨識啦，所以請各位全部一定要到場⋯⋯\n\n大家護理人員面面相覷⋯⋯\n一起指認自己被偷拍的證據？！\n\n（證據當初在警局已經確認過為本人，並且親自簽名！）\n\n為何還要一起指認？\n關於隱私的部分？！\n\n（註：偷拍攝影機放在更衣室\n和廁所🚾面對馬桶🚽，\n意思就是偷拍的內容為，\n換制服沒穿衣服和上廁所沒穿褲子）\n\n我是解讀為院方和地檢署都想趕快和解，畢竟偷拍為告訴乃論，和解無刑責，醫院也省事，地檢署也省麻煩！\n\n但是男護理師的職業，萬一日後再繼續從事相關工作，繼續偷拍，也許未來受害的就不只是他身邊的護理人員，也許是無力保護自己的女病人，未來也許是各位的家人朋友，姐妹，母女，出現在鏡頭前⋯⋯⋯\n\n重點是，護理人員都急著和解，光想到就讓我覺得無力⋯⋯\nhttps://i.imgur.com/wu5VdyT.jpg","excerpt":"護理人員認真工作被偷拍真的很低落，很擔心未來病人的隱私問題，本院之前因為妨礙秘密罪上過新聞，事發當時，本院高層表示會全力協助受害護理人員，支持提告！，後來拖了將近一年，直到最近我們這些被偷拍的護理人員","anonymousSchool":false,"anonymousDepartment":false,"pinned":false,"forumId":"b22d2f5d-3c06-4d08-96b8-770eb38e8f96","replyId":null,"createdAt":"2019-12-24T13:40:36.752Z","updatedAt":"2019-12-24T13:40:36.752Z","commentCount":3,"likeCount":111,"tags":[],"topics":["護理師","醫院","工作","心情"],"supportedReactions":null,"withNickname":true,"reportReason":"","hiddenByAuthor":false,"meta":{"layout":"classic"},"forumName":"護理","forumAlias":"nursing","school":"焦慮不安症","department":"sandysu","replyTitle":null,"gender":"F","personaSubscriptable":null,"reactions":[{"id":"286f599c-f86a-4932-82f0-f5a06f1eca03","count":107},{"id":"aa0d425f-d530-4478-9a77-fe3aedc79eea","count":2},{"id":"4b018f48-e184-445f-adf1-fc8e04ba09b9","count":1},{"id":"514c2569-fd53-4d9d-a415-bf0f88e7329f","count":1}],"hidden":false,"customStyle":null,"isSuspiciousAccount":false,"layout":"classic","withImages":true,"withVideos":false,"media":[{"url":"https://i.imgur.com/wu5VdyT.jpg"}],"reportReasonText":"","mediaMeta":[{"id":"d037517e-73a2-45f7-abf0-4bd7c8f70392","url":"https://i.imgur.com/wu5VdyTl.jpg","normalizedUrl":"https://i.imgur.com/wu5VdyTl.jpg","thumbnail":"https://i.imgur.com/wu5VdyTl.jpg","type":"image/thumbnail","tags":["ANNOTATED"],"createdAt":"2019-12-24T13:40:36.752Z","updatedAt":"2019-12-24T13:40:36.752Z"},{"id":"d037517e-73a2-45f7-abf0-4bd7c8f70392","url":"https://i.imgur.com/wu5VdyT.jpg","normalizedUrl":"https://imgur.com/wu5VdyT","thumbnail":"https://i.imgur.com/wu5VdyTl.jpg","type":"image/imgur","tags":["ANNOTATED"],"createdAt":"2019-12-24T13:40:36.752Z","updatedAt":"2019-12-24T13:40:36.752Z"}],"postAvatar":""}