{"id":232770888,"title":"護理界的恥辱","content":"內心真實的感到疑惑\n這個護理師到底怎麼畢業 怎麼拿到執照的\n本來在工作場合就不能用手機吧\n更何況你拍的還是別人的孩子\n在拍限動的時間\n其實應該要拿來好好照顧那個小孩吧\n為什麼會有這麼糟糕的護理人員？\n家屬應該覺得很雖小 \n怎麼會剛好給你這種人帶到自己的孩子\n拜託未來不要再有這種事情發生了\n會毀壞護理師的名聲","excerpt":"內心真實的感到疑惑，這個護理師到底怎麼畢業 怎麼拿到執照的，本來在工作場合就不能用手機吧，更何況你拍的還是別人的孩子，在拍限動的時間，其實應該要拿來好好照顧那個小孩吧，為什麼會有這麼糟糕的護理人員？家","anonymousSchool":false,"anonymousDepartment":false,"pinned":false,"forumId":"b22d2f5d-3c06-4d08-96b8-770eb38e8f96","replyId":232761824,"createdAt":"2019-12-27T08:59:22.984Z","updatedAt":"2019-12-27T08:59:22.984Z","commentCount":3,"likeCount":71,"tags":[],"topics":["護理師","護理","恥辱"],"supportedReactions":null,"withNickname":false,"reportReason":"","hiddenByAuthor":false,"meta":{"layout":"classic"},"forumName":"護理","forumAlias":"nursing","school":"耕莘健康管理專科學校","department":"護理科","replyTitle":"《轉貼》靠北護理師貼文","gender":"F","personaSubscriptable":false,"reactions":[{"id":"286f599c-f86a-4932-82f0-f5a06f1eca03","count":63},{"id":"aa0d425f-d530-4478-9a77-fe3aedc79eea","count":6},{"id":"011ead16-9b83-4729-9fde-c588920c6c2d","count":1},{"id":"514c2569-fd53-4d9d-a415-bf0f88e7329f","count":1}],"hidden":false,"customStyle":null,"isSuspiciousAccount":false,"layout":"classic","withImages":false,"withVideos":false,"media":[],"reportReasonText":"","mediaMeta":[],"postAvatar":""}