{"id":232765121,"title":"另外一則新人故事","content":"最近看到新光護理師自殺的事情發生,讓我想起古久以前臨床學姊跟我分享的一件事情。\n  \n學姊說道：『 有某個學霸！在學成績很好！學生會長之類之類的人來單位工作，大家賦予的滿滿的期待在這位新人身上。最後那位學霸新人工作無法適應，嗯......就不說他工作遭遇什麼事情了，離開護理崗位後她進了身心科。』\n\n \n這件事情被當作成名的事績傳頌呢，因為學姊們又一次守護了地球的和平！感謝飛天學姊隊的努力。\n\n那位學姊跟我都說只有這些，其實我也想危言聳聽一下，但我不知道那位有沒有自殺、有沒有進病房、會不會變成高自殺風險然後在保護室裡面哭泣尖叫。\n  \n最後...\n對不起！學弟妹是爛草莓！\n對不起！學弟妹不知感恩！\n \n\n對不起！學姊 我合理認為您是一個賤人！\n  \n情緒發洩,補充跟我說這件事情的學姊是天使。","excerpt":"最近看到新光護理師自殺的事情發生，讓我想起古久以前臨床學姊跟我分享的一件事情。學姊說道：『 有某個學霸！在學成績很好！學生會長之類之類的人來單位工作，大家賦予的滿滿的期待在這位新人身上。最後那位學霸新","anonymousSchool":false,"anonymousDepartment":false,"pinned":false,"forumId":"b22d2f5d-3c06-4d08-96b8-770eb38e8f96","replyId":null,"createdAt":"2019-12-26T10:29:41.660Z","updatedAt":"2019-12-26T10:34:21.152Z","commentCount":4,"likeCount":152,"tags":[],"topics":["故事","新人","護理","醫院","護理師"],"supportedReactions":null,"withNickname":false,"reportReason":"","hiddenByAuthor":false,"meta":{"layout":"classic"},"forumName":"護理","forumAlias":"nursing","school":"國立臺北護理健康大學","department":"護理系","replyTitle":null,"gender":"M","personaSubscriptable":false,"reactions":[{"id":"286f599c-f86a-4932-82f0-f5a06f1eca03","count":152}],"hidden":false,"customStyle":null,"isSuspiciousAccount":false,"layout":"classic","withImages":false,"withVideos":false,"media":[],"reportReasonText":"","mediaMeta":[],"postAvatar":""}