{"id":232720467,"title":"國軍中清分院急診","content":"板上學長姐們好，我主要想瞭解中清分院國軍急診的單位氣氛，推不推薦去，在人力銀行上有看到他們開缺額，但在各網站上關於國軍中清分院急診的評論都很少，想請有瞭解國軍中清分院急診的學長姐們可以幫忙解答一下疑惑！拜託了🙏🙏","excerpt":"板上學長姐們好，我主要想瞭解中清分院國軍急診的單位氣氛，推不推薦去，在人力銀行上有看到他們開缺額，但在各網站上關於國軍中清分院急診的評論都很少，想請有瞭解國軍中清分院急診的學長姐們可以幫忙解答一下疑惑","anonymousSchool":false,"anonymousDepartment":true,"pinned":false,"forumId":"b22d2f5d-3c06-4d08-96b8-770eb38e8f96","replyId":null,"createdAt":"2019-12-19T14:23:47.003Z","updatedAt":"2019-12-19T14:26:42.741Z","commentCount":3,"likeCount":6,"tags":[],"topics":["護理","醫院","工作","詢問"],"supportedReactions":null,"withNickname":false,"reportReason":"","hiddenByAuthor":false,"meta":{"layout":"classic"},"forumName":"護理","forumAlias":"nursing","school":"中臺科技大學","replyTitle":null,"gender":"F","personaSubscriptable":null,"reactions":[{"id":"286f599c-f86a-4932-82f0-f5a06f1eca03","count":6}],"hidden":false,"customStyle":null,"isSuspiciousAccount":false,"layout":"classic","withImages":false,"withVideos":false,"media":[],"reportReasonText":"","mediaMeta":[],"postAvatar":""}