{"id":232746354,"title":"關於病床這件事","content":"---如有不妥，歡迎告知，立即刪文---\n\n不好意思，各位護理師好\n我不是伸手牌，只是最近發生的問題有些困惑\n讓我娓娓道來，事情是這樣的\n最近有位親戚得到癌症，在長庚就診\n（在哪間醫院不能透露的話，麻煩告知）\n等了一週都沒有病房，開始詢問有沒有什麼方法可以「喬」進病房...\n我是不懂堅持單人房的意義啦\n都生病了，有病床要緊不是嗎\n他是長輩，我也不好多說什麼\n不過我是覺得滿不好啦，大家乖乖排隊\n想靠關係進去是什麼心態...\n這種事情在醫院是常態（？\n還是小妹我太不食人間煙火了","excerpt":"---如有不妥，歡迎告知，立即刪文---，不好意思，各位護理師好，我不是伸手牌，只是最近發生的問題有些困惑，讓我娓娓道來，事情是這樣的，最近有位親戚得到癌症，在長庚就診，（在哪間醫院不能透露的話，麻煩","anonymousSchool":false,"anonymousDepartment":true,"pinned":false,"forumId":"b22d2f5d-3c06-4d08-96b8-770eb38e8f96","replyId":null,"createdAt":"2019-12-23T14:58:04.370Z","updatedAt":"2019-12-23T15:00:59.058Z","commentCount":8,"likeCount":7,"tags":[],"topics":["病床","醫院"],"supportedReactions":null,"withNickname":false,"reportReason":"","hiddenByAuthor":false,"meta":{"layout":"classic"},"forumName":"護理","forumAlias":"nursing","school":"東吳大學","replyTitle":null,"gender":"F","personaSubscriptable":false,"reactions":[{"id":"286f599c-f86a-4932-82f0-f5a06f1eca03","count":7}],"hidden":false,"customStyle":null,"isSuspiciousAccount":false,"layout":"classic","withImages":false,"withVideos":false,"media":[],"reportReasonText":"","mediaMeta":[],"postAvatar":""}