{"id":232715043,"title":"對不起學妹","content":"我發誓不想成為一個兇學姊的人\n可是我今天第一天發怒\n因為學妹交班\n問他什麼他都回「不知道」不然就是非語言的沈默僵持著交班\n\n我只能生氣的說病人妳顧的 你回我這樣我要怎麼顧？狀況不好家屬救不救很重要 你回我不確定 到時候我是要救他還是放生他 現在DNR都不DNR了 \n你漏了什麼叫你補 你卡刷一刷人拍拍屁股就走\n有問題你不處理 拖到下一班才處理\n你不就要感謝病人還撐著...\n\n以後沒有人可以幫你 不想說的時候 法律你扛的","excerpt":"我發誓不想成為一個兇學姊的人，可是我今天第一天發怒，因為學妹交班，問他什麼他都回「不知道」不然就是非語言的沈默僵持著交班，我只能生氣的說病人妳顧的 你回我這樣我要怎麼顧？狀況不好家屬救不救很重要 你回","anonymousSchool":false,"anonymousDepartment":true,"pinned":false,"forumId":"b22d2f5d-3c06-4d08-96b8-770eb38e8f96","replyId":null,"createdAt":"2019-12-18T18:42:18.121Z","updatedAt":"2019-12-18T18:42:18.121Z","commentCount":32,"likeCount":890,"tags":["HIDE_THUMBNAIL"],"topics":["護理","醫院","護理師","職場"],"supportedReactions":null,"withNickname":false,"reportReason":"","hiddenByAuthor":false,"meta":{"layout":"classic"},"forumName":"護理","forumAlias":"nursing","school":"長庚科技大學","replyTitle":null,"gender":"F","personaSubscriptable":false,"reactions":[{"id":"286f599c-f86a-4932-82f0-f5a06f1eca03","count":865},{"id":"aa0d425f-d530-4478-9a77-fe3aedc79eea","count":18},{"id":"4b018f48-e184-445f-adf1-fc8e04ba09b9","count":6},{"id":"011ead16-9b83-4729-9fde-c588920c6c2d","count":1}],"hidden":false,"customStyle":null,"isSuspiciousAccount":false,"layout":"classic","withImages":false,"withVideos":false,"media":[],"reportReasonText":"","mediaMeta":[],"postAvatar":""}