{"id":232796544,"title":"北部醫院工作請益","content":"各位學長學姐好～\n我是一個南部的應屆畢業生，準備要去北飄工作\n爬了很多文章都比較舊了而且資料很少～\n想問問在一些資訊，主要想知道淡水馬偕或是台北馬偕，其他北部醫院也可以推薦\n想找：兒科、產科，或是單位風氣好的科別也可以，因為之後要陸續寄面試資料 所以想請益\n薪水這個點可能沒有很在意，在意單位風氣跟學姊願意教可以學到很多東西的醫院 這樣～\n不好意思麻煩你們了～～～","excerpt":"各位學長學姐好～我是一個南部的應屆畢業生，準備要去北飄工作，爬了很多文章都比較舊了而且資料很少～想問問在一些資訊，主要想知道淡水馬偕或是台北馬偕，其他北部醫院也可以推薦，想找：兒科、產科，或是單位風氣","anonymousSchool":false,"anonymousDepartment":true,"pinned":false,"forumId":"b22d2f5d-3c06-4d08-96b8-770eb38e8f96","replyId":null,"createdAt":"2019-12-31T06:47:48.140Z","updatedAt":"2019-12-31T06:48:13.904Z","commentCount":3,"likeCount":9,"tags":["HIDE_THUMBNAIL"],"topics":["工作","詢問","醫院","應屆畢業生"],"supportedReactions":null,"withNickname":false,"reportReason":"","hiddenByAuthor":false,"meta":{"layout":"classic"},"forumName":"護理","forumAlias":"nursing","school":"義守大學","replyTitle":null,"gender":"F","personaSubscriptable":null,"reactions":[{"id":"286f599c-f86a-4932-82f0-f5a06f1eca03","count":9}],"hidden":false,"customStyle":null,"isSuspiciousAccount":false,"layout":"classic","withImages":false,"withVideos":false,"media":[],"reportReasonText":"","mediaMeta":[],"postAvatar":""}