{"id":232702266,"title":"N3個案報告書寫分享PART3（END)","content":"提供前面兩集給大家參考！\n不免俗希望大家會喜歡❤️\n也幫我按愛心+分享給周遭正水深火熱的夥伴吧！💪💪\nN3個案報告書寫分享PART1  \nhttps://www.dcard.tw/f/nursing/p/232614442?cid=17988B07-B519-4189-A144-5267F8AF60D1\n\nN3個案報告書寫分享PART2  \nhttps://www.dcard.tw/f/nursing/p/232652710?cid=2C61A413-9FFF-414E-8DE7-5F32957742E3\n\n\n以下正文開始⬇️⬇️\n\n恭喜你走到這邊啦！代表你的報告已經完成50%了！\n剩最重要的護理評估、護理問題、結論這三項了。\n📍使用何種評估法？\n這問題要看你想怎麼寫這個個案？\n坊間有說法是說用gorden11項不太容易過？\n我覺得應該是這麼說：GORDEN11項比較簡單評估、而且並不是每個個案11項都可以評估，所以會顯得比較薄弱？\n當然各項評估法都有他的獨特性跟薄弱的地方，但你要決定的是你的個案在哪種評估法會讓你比較好寫？就用那種吧！\n我個人是用四大層面分析：生理、心裡、社會、靈性。\n📌生理有：身體外觀、營養代謝、泌尿排泄、活動運動、睡眠休息等。\n📌心裡有：自我感受、因應防衛機轉。\n📌社會有：角色功能、家庭支持功能。\n📌靈性無特別分層。\n以上看起來，我的四大層面其實或多或少有結合GORDEN11的細項，這也是互相互補下來的成果，供大家參考。\n\n📍護理問題制定？\n學會規定至少三項護理問題，所以這三項很重要，因為護理問題有結合到前面的文獻查證，甚至是你的標題！\n所以整個個案報告最重要就是這一part了！\n我在生理上面有兩項問題、心裡及社會各一項，其中生理一項在簡單傷口處置跟藥物使用後就有改善所以不用探討。\n最後就是各一項總共三項護理問題。\n📌這邊要跟大家說，當初在制定護理問題的時候有想說好寫為主，但後來被學姊退回，因為越好寫的問題越沒鑑別性，所以建議護理問題要寫比較深的話要稍微難一點的問題。\n\n我也有參考華杏的：護理診斷手冊來制定，這本書各位當學生時幾乎人手一本，在這時候就很重要可以派上用場了！\n📌護理問題內容\n表格內我設定三項：目標、措施、評值。\n📌目標：要有主詞、動詞、明確日期、明確人物、明確符合的問題。(需具體、可行、可量化)\n例如：01/01「出院前」病童及其「家屬」能說出「傷口自我照護注意事項」2項。\n📷📷​\nhttp://i.imgur.com/sHtISuG.jpg\n\n以上就有三個重點：\n1.時間-出院前\n2.家屬-哪個家屬？媽媽？外婆？爺爺？\n3.傷口自我照護注意事項-衛教單張醫院應該都有，準確的運用各種文字是這邊的重點！\n📌措施：針對你的護理問題，並配合你的護理目標，提供連貫一致、與適當護理措施。\n\n同時也必須有文獻查證的配合。將執行的人、事、時、地、物說明清楚。\n措施中盡量要有對話，而且要一步步具體呈現。\n例如上面舉例問題，可以提供一下措施：\nhttp://i.imgur.com/vXpKf6q.jpg\n這邊也有幾個重點：\n1.要有圖片輔助！\n2.準確利用文字說明\n3.內容使用對話模式，並且要符合病人年紀該有的對話。\n\n📌評值：根據目標逐一評值成效，且不要再衍生新的護理措施。針對後續照顧要有具體計畫。\nhttp://i.imgur.com/XhdjHxj.jpg\n重點如下：\n1.有明確時間\n2.病人能說出或做出你的措施\n3.說明目標為達成原因？\n以上就是針對護理問題最重要的說明，也是整個文章佔篇幅最大的部分。\n這一部分真的要好好寫努力寫！\n\n📍最後就是結論了！重點如下：\n1.簡明扼要\n2.要有個人觀點\n3.提出具體的限制跟困難達成原因？\n4.對日後護理照護的具體建議\n\n礙於篇幅的關係，有興趣的朋友底下留言，我會給你更多建議。\n\n\n以上就是台灣護理學會個案報告書寫最重要的流程啦！\n我把我的心得分享給大家，目的是希望大家也能一起寫過！\n\n倘若現在的你正在水深火熱中？或是還在迷糊中不知該如何開始？或是有想但是還沒有一個衝動？\n別想拉現在正是時候！給自己一個新年的願望吧！","excerpt":"提供前面兩集給大家參考！，不免俗希望大家會喜歡️，也幫我按愛心+分享給周遭正水深火熱的夥伴吧！，N3個案報告書寫分享PART1，N3個案報告書寫分享PART2，以下正文開始⬇️⬇️，恭喜你走到這邊啦！","anonymousSchool":false,"anonymousDepartment":false,"pinned":false,"forumId":"b22d2f5d-3c06-4d08-96b8-770eb38e8f96","replyId":null,"createdAt":"2019-12-17T04:47:35.114Z","updatedAt":"2019-12-17T04:57:02.661Z","commentCount":5,"likeCount":115,"tags":[],"topics":["台灣護理學會","個案報告","護理師","護理","醫院"],"supportedReactions":null,"withNickname":true,"reportReason":"","hiddenByAuthor":false,"meta":{"layout":"classic"},"forumName":"護理","forumAlias":"nursing","school":"ER鋼鐵Nurse","department":"stu89389","replyTitle":null,"gender":"M","personaSubscriptable":null,"reactions":[{"id":"286f599c-f86a-4932-82f0-f5a06f1eca03","count":115}],"hidden":false,"customStyle":null,"isSuspiciousAccount":false,"layout":"classic","withImages":true,"withVideos":false,"media":[{"url":"http://i.imgur.com/sHtISuG.jpg"},{"url":"http://i.imgur.com/vXpKf6q.jpg"},{"url":"http://i.imgur.com/XhdjHxj.jpg"}],"reportReasonText":"","mediaMeta":[{"id":"b7ed621c-66ab-4f56-8e8d-a17ebaf49b18","url":"https://i.imgur.com/sHtISuGl.jpg","normalizedUrl":"https://i.imgur.com/sHtISuGl.jpg","thumbnail":"https://i.imgur.com/sHtISuGl.jpg","type":"image/thumbnail","tags":["ANNOTATED"],"createdAt":"2019-12-17T04:47:35.114Z","updatedAt":"2019-12-17T04:57:02.661Z"},{"id":"b7ed621c-66ab-4f56-8e8d-a17ebaf49b18","url":"http://i.imgur.com/sHtISuG.jpg","normalizedUrl":"https://imgur.com/sHtISuG","thumbnail":"https://i.imgur.com/sHtISuGl.jpg","type":"image/imgur","tags":["ANNOTATED"],"createdAt":"2019-12-17T04:47:35.114Z","updatedAt":"2019-12-17T04:57:02.661Z"},{"id":"fbe0a772-76cc-4901-8247-aee58c8941fa","url":"http://i.imgur.com/vXpKf6q.jpg","normalizedUrl":"https://imgur.com/vXpKf6q","thumbnail":"https://i.imgur.com/vXpKf6ql.jpg","type":"image/imgur","tags":["ANNOTATED"],"createdAt":"2019-12-17T04:47:35.114Z","updatedAt":"2019-12-17T04:57:02.661Z"},{"id":"74dc5e6d-a6c9-4be2-8f35-ba5240f45f62","url":"http://i.imgur.com/XhdjHxj.jpg","normalizedUrl":"https://imgur.com/XhdjHxj","thumbnail":"https://i.imgur.com/XhdjHxjl.jpg","type":"image/imgur","tags":["ANNOTATED"],"createdAt":"2019-12-17T04:47:35.114Z","updatedAt":"2019-12-17T04:57:02.661Z"}],"postAvatar":""}