{"id":232797148,"title":"對未來迷惘……","content":"各位學長姊好\n小妹今年25要26歲了\n護理師執照努力很久都沒考上\n越考越沒信心\n覺得不能一直跟家裡拿錢\n應該先去工作養活自己\n目前只有內科診所助理1年經驗\n有BLS及照服證照\n曾做過藥局（藥師助理）約1個月及養護機構護士2個月\n覺得都不是自己喜歡的（工作內容比較瑣碎、養護機構是大型的，護病比1：70-80，看學姊也常delay下班2、3小時以上，我自己最高記錄是跟小夜班學姊一起下班……）\n學姊說我技術沒問題，也很認真默默做，但比較不會跟人相處，適合那種功能性護理的工作（我自己也確實比較喜歡只做技術的）\n目前有面試杏一跟牙科都還在等通知有無錄取\n想請問各位學長姊我還有什麼工作選擇嗎？生技公司的研究助理可以去試試嗎？還是去工廠當作業員算了……\n已經不知道能跟誰說了……😭\n拜託各位學長姊給點意見，小妹感激不盡🙏🙏🙏","excerpt":"各位學長姊好，小妹今年25要26歲了，護理師執照努力很久都沒考上，越考越沒信心，覺得不能一直跟家裡拿錢，應該先去工作養活自己，目前只有內科診所助理1年經驗，有BLS及照服證照，曾做過藥局（藥師助理）約","anonymousSchool":false,"anonymousDepartment":true,"pinned":false,"forumId":"b22d2f5d-3c06-4d08-96b8-770eb38e8f96","replyId":null,"createdAt":"2019-12-31T08:26:03.887Z","updatedAt":"2019-12-31T08:26:03.887Z","commentCount":10,"likeCount":44,"tags":[],"topics":["學長姐幫幫我","工作","心情"],"supportedReactions":null,"withNickname":false,"reportReason":"","hiddenByAuthor":false,"meta":{"layout":"classic"},"forumName":"護理","forumAlias":"nursing","school":"長庚科技大學","replyTitle":null,"gender":"F","personaSubscriptable":null,"reactions":[{"id":"286f599c-f86a-4932-82f0-f5a06f1eca03","count":44}],"hidden":false,"customStyle":null,"isSuspiciousAccount":false,"layout":"classic","withImages":false,"withVideos":false,"media":[],"reportReasonText":"","mediaMeta":[],"postAvatar":""}