{"id":232752964,"title":"後悔護理嗎","content":"如果你問我後悔嗎\n我想我會說也許吧\n當初滿懷期待的踏上護理 \n覺得利用專業幫助他人是一件很厲害很棒的事\n踏上了 然後呢  \n每天倒數幾個小時後上班 \n放假三天 就開始倒數剩兩天、剩一天、倒數四小時.....\n我說 我最討厭睡覺 因為張開眼就得上班了 \n最可怕的是什麼\n就算你沒有做出傷天害理的事 還是會被罵到思考自己真的這麼糟糕嗎 \n睡個覺還會夢到學姊說哪裡哪裡做不好 又驚醒\n\n停下動作思考一下紀錄要怎麼打就被說 學妹！是在發呆嗎？\n停下動作就被罵 學妹憑什麼聽別人聊天？不會做自己的事嗎？\n對到眼還會翻一個白眼讓妳知道他就是討厭妳\n就算被罵還是得說謝謝 \n你們說大家都是這樣來的 既然明明知道這種痛苦\n又為什麼要施壓在別人身上呢\n妳說撐過就好了\n但是\n我也是我爸媽的寶貝啊 我做出傷害你或是你家人的事了嗎？說妳壞話了嗎？\n我也只是出來賺錢養家 憑什麼遭受你們的冷言冷語\n難道新人就這麼該死嗎？","excerpt":"如果你問我後悔嗎，我想我會說也許吧，當初滿懷期待的踏上護理，覺得利用專業幫助他人是一件很厲害很棒的事，踏上了 然後呢，每天倒數幾個小時後上班，放假三天 就開始倒數剩兩天、剩一天、倒數四小時.....，","anonymousSchool":false,"anonymousDepartment":false,"pinned":false,"forumId":"b22d2f5d-3c06-4d08-96b8-770eb38e8f96","replyId":null,"createdAt":"2019-12-24T14:09:06.936Z","updatedAt":"2019-12-24T14:09:06.936Z","commentCount":96,"likeCount":990,"tags":["HIDE_THUMBNAIL"],"topics":["護理","後悔","心情","壓力"],"supportedReactions":null,"withNickname":true,"reportReason":"","hiddenByAuthor":false,"meta":{"layout":"classic"},"forumName":"護理","forumAlias":"nursing","school":"Ree","department":"cherryy","replyTitle":null,"gender":"F","personaSubscriptable":false,"reactions":[{"id":"286f599c-f86a-4932-82f0-f5a06f1eca03","count":930},{"id":"514c2569-fd53-4d9d-a415-bf0f88e7329f","count":51},{"id":"aa0d425f-d530-4478-9a77-fe3aedc79eea","count":8},{"id":"011ead16-9b83-4729-9fde-c588920c6c2d","count":1}],"hidden":false,"customStyle":null,"isSuspiciousAccount":false,"layout":"classic","withImages":false,"withVideos":false,"media":[],"reportReasonText":"","mediaMeta":[],"postAvatar":""}