{"id":232743486,"title":"生了病，同事都知道","content":"各位學長姊好\n學妹我現在任職一醫學中心\n想問生病了在各自醫院就診\n然後全單位都會知道你生什麼病 曾過去有哪些疾病嗎？\n\n之前我們同事生病\n大家都在講她生什麼病\n然後最近的近況怎麼樣\n\n想問學長姊醫院 單位 都是這樣嗎\n\n還是 八卦的同事 剛好集中在我們單位？\n\n我自己是覺得很沒職業道德啦⋯⋯","excerpt":"各位學長姊好，學妹我現在任職一醫學中心，想問生病了在各自醫院就診，然後全單位都會知道你生什麼病 曾過去有哪些疾病嗎？之前我們同事生病，大家都在講她生什麼病，然後最近的近況怎麼樣，想問學長姊醫院 單位 ","anonymousSchool":false,"anonymousDepartment":true,"pinned":false,"forumId":"b22d2f5d-3c06-4d08-96b8-770eb38e8f96","replyId":null,"createdAt":"2019-12-23T07:30:00.218Z","updatedAt":"2019-12-23T07:44:40.908Z","commentCount":6,"likeCount":30,"tags":["HIDE_THUMBNAIL"],"topics":["人員","醫護","護理","醫院","護理師"],"supportedReactions":null,"withNickname":false,"reportReason":"","hiddenByAuthor":false,"meta":{"layout":"classic"},"forumName":"護理","forumAlias":"nursing","school":"經國管理暨健康學院","replyTitle":null,"gender":"F","personaSubscriptable":null,"reactions":[{"id":"286f599c-f86a-4932-82f0-f5a06f1eca03","count":30}],"hidden":false,"customStyle":null,"isSuspiciousAccount":false,"layout":"classic","withImages":false,"withVideos":false,"media":[],"reportReasonText":"","mediaMeta":[],"postAvatar":""}