{"id":232727468,"title":"選擇","content":"請問各位學長姐們\n\n我唸了四年書過程中就很不快樂也曾想放棄過但最後還是撐過來了\n\n但在臨床的四個月真心覺得不喜歡每天戰戰兢兢\n不喜歡每天眼睛睜開就要想自己今天會被排什麼樣的case\n不喜歡每天眼睛睜開看到單位訊息自己被on new p’t one\n不喜歡每次要交班前就緊張的看著leader排下一班的case擔心要跟很電的學長姐交班\n不喜歡每天要提早一小時上班每天延後至少兩小時下班\n不喜歡每天提心吊膽擔心病人會不會在我班上飛走\n不喜歡每次要接新病人不管是不是on在我身上都會很緊張\n\n這份工作啊⋯⋯讓人不喜歡的地方實在是太多太多，甚至除了薪水優渥我想不出其他可以讓我喜歡的地方\n一段時間自己就會陷入很低潮覺得自己什麼都做不好只要靜下來就會一直想醫院的事\n要強迫自己不去想要看很吵的綜藝節目要開很大聲才可以讓自己分心不去想工作的事\n甚至連電視劇或綜藝節目談到跟醫療有關的我都不能看不能聽因為會想到醫院的事\n只要一靜下來就憂鬱就開始掉眼淚\n試用期還沒過前曾提過要離開，第一次被慰留第二次說請督導跟我談\n談的結果也是說想想你的初衷\n唸了四年書這樣太可惜了\n大家都是這樣走過來的撐過去就是你的了\n叫我再試試看不要這麼早放棄\n\n我試了\n我多試了一個月現在要第二個月了\n我還是沒辦法\n我沒辦法承受那瞬間的壓力\n新病人進來你要快速的評估完他的全部包含身上管路要快速了解他因為有可能再十分鐘你就要跟下一班交班了\n下一班的學姊可能會因為你交的不好不夠好或是病人不整齊line都打結而不開心\n殊不知你根本還沒時間去整理，他們只看到結果\n\n我曾在餐飲業工讀一間公司我待了六年從最菜的工讀生一小時一百慢慢往上加當到leader\n餐飲業很辛苦工時也長但過程我很開心因為我不用戰戰兢兢的八小時也不用離開去上個廁所聽到機器alarm就很緊張擔心是不是自己的病人怎麼了\n\n想請問\n唸了四年書，在臨床四個月後離開護理\n做餐飲\n\n大家的想法是什麼\n\n謝謝🙏","excerpt":"請問各位學長姐們，我唸了四年書過程中就很不快樂也曾想放棄過但最後還是撐過來了，但在臨床的四個月真心覺得不喜歡每天戰戰兢兢，不喜歡每天眼睛睜開就要想自己今天會被排什麼樣的case，不喜歡每天眼睛睜開看到","anonymousSchool":false,"anonymousDepartment":true,"pinned":false,"forumId":"b22d2f5d-3c06-4d08-96b8-770eb38e8f96","replyId":null,"createdAt":"2019-12-20T15:05:53.398Z","updatedAt":"2019-12-20T15:05:53.398Z","commentCount":7,"likeCount":28,"tags":["HIDE_THUMBNAIL"],"topics":["護理","護理師","心情"],"supportedReactions":null,"withNickname":false,"reportReason":"","hiddenByAuthor":false,"meta":{"layout":"classic"},"forumName":"護理","forumAlias":"nursing","school":"長庚科技大學","replyTitle":null,"gender":"F","personaSubscriptable":null,"reactions":[{"id":"286f599c-f86a-4932-82f0-f5a06f1eca03","count":26},{"id":"514c2569-fd53-4d9d-a415-bf0f88e7329f","count":2}],"hidden":false,"customStyle":null,"isSuspiciousAccount":false,"layout":"classic","withImages":false,"withVideos":false,"media":[],"reportReasonText":"","mediaMeta":[],"postAvatar":""}