{"id":232732378,"title":"護理苦海無涯","content":"每次上班都在想希望今天不要那麼忙\n每次下班前都在想等等要怎麼交班比較好\n每次下班後都在想還有沒有漏掉、欠學姊什麼東西\n真正下班後又開始倒數離明天上班還有幾個小時\n每次放假都在想還剩幾天就要上班了\n唉剛踏入臨床的我，好憂鬱啊！","excerpt":"每次上班都在想希望今天不要那麼忙，每次下班前都在想等等要怎麼交班比較好，每次下班後都在想還有沒有漏掉、欠學姊什麼東西，真正下班後又開始倒數離明天上班還有幾個小時，每次放假都在想還剩幾天就要上班了，唉剛","anonymousSchool":false,"anonymousDepartment":true,"pinned":false,"forumId":"b22d2f5d-3c06-4d08-96b8-770eb38e8f96","replyId":null,"createdAt":"2019-12-21T11:58:34.527Z","updatedAt":"2019-12-21T11:58:34.527Z","commentCount":10,"likeCount":100,"tags":["HIDE_THUMBNAIL"],"topics":["心情","壓力","護理人生"],"supportedReactions":null,"withNickname":false,"reportReason":"","hiddenByAuthor":false,"meta":{"layout":"classic"},"forumName":"護理","forumAlias":"nursing","school":"美和科技大學","replyTitle":null,"gender":"F","personaSubscriptable":false,"reactions":[{"id":"286f599c-f86a-4932-82f0-f5a06f1eca03","count":98},{"id":"514c2569-fd53-4d9d-a415-bf0f88e7329f","count":2}],"hidden":false,"customStyle":null,"isSuspiciousAccount":false,"layout":"classic","withImages":false,"withVideos":false,"media":[],"reportReasonText":"","mediaMeta":[],"postAvatar":""}