{"id":232778449,"title":"#問 雙和麻醉學員","content":"各位學長姊大家好～\n想請問版上是否有雙和麻醉學員或是麻姊><\n因為爬文很少找到資訊，\n因為目前麻護的工作範圍尚未明顯界定，\n主要想知道在除了學理部分比較困難之外、環境是否好、endo是麻護on嗎（因為爬文好像有些醫院是護理師on)～\n再麻煩各位學長姐了🥺🥺🥺\n\n#這個約，要不要給他簽下去🧐","excerpt":"各位學長姊大家好～想請問版上是否有雙和麻醉學員或是麻姊><，因為爬文很少找到資訊，因為目前麻護的工作範圍尚未明顯界定，主要想知道在除了學理部分比較困難之外、環境是否好、endo是麻護on嗎（因為爬文好","anonymousSchool":false,"anonymousDepartment":true,"pinned":false,"forumId":"b22d2f5d-3c06-4d08-96b8-770eb38e8f96","replyId":null,"createdAt":"2019-12-28T14:45:26.143Z","updatedAt":"2019-12-28T14:46:56.338Z","commentCount":20,"likeCount":14,"tags":["HIDE_THUMBNAIL"],"topics":["學長姐幫幫我","詢問","護理師"],"supportedReactions":null,"withNickname":false,"reportReason":"","hiddenByAuthor":false,"meta":{"layout":"classic"},"forumName":"護理","forumAlias":"nursing","school":"國立臺北護理健康大學","replyTitle":null,"gender":"F","personaSubscriptable":false,"reactions":[{"id":"286f599c-f86a-4932-82f0-f5a06f1eca03","count":14}],"hidden":false,"customStyle":null,"isSuspiciousAccount":false,"layout":"classic","withImages":false,"withVideos":false,"media":[],"reportReasonText":"","mediaMeta":[],"postAvatar":""}