{"id":232750883,"title":"聊聊護理師","content":"想跟各界護理師醫護人員聊聊你們在下班及放假的時候，通常是如何安排自己的時間？然後會參與哪些活動或者如何舒緩工作上造成的疲憊與心理壓力\n另外就是如果剛好輪值花花班，這時候生理時鐘也會被打亂，你們是如何去調適這一區塊的\n\n假設因為時間調適不良無法按時入睡的時候，通常你們會做些什麼活動？\n\n護理師在生理及心理方面的確都背負著一定的壓力，但其實外界人士通常也不真正了解，甚有其他猜測與誤解，希望透過這樣的討論讓更多人可以知道護理師的壓力是如何延續以至於生活，而生活又是如何牽繫著工作，也讓更多即將進入護理界的新人能夠對自己的圈子生態更加明瞭與認識\n\n什麼都可以聊，謝謝大家","excerpt":"想跟各界護理師醫護人員聊聊你們在下班及放假的時候，通常是如何安排自己的時間？然後會參與哪些活動或者如何舒緩工作上造成的疲憊與心理壓力，另外就是如果剛好輪值花花班，這時候生理時鐘也會被打亂，你們是如何去","anonymousSchool":false,"anonymousDepartment":false,"pinned":false,"forumId":"b22d2f5d-3c06-4d08-96b8-770eb38e8f96","replyId":null,"createdAt":"2019-12-24T08:45:28.638Z","updatedAt":"2019-12-24T08:50:56.953Z","commentCount":23,"likeCount":37,"tags":[],"topics":["工作","心情","護理人生","護理人員","壓力"],"supportedReactions":null,"withNickname":true,"reportReason":"","hiddenByAuthor":false,"meta":{"layout":"classic"},"forumName":"護理","forumAlias":"nursing","school":"冰結冷咖啡","department":"wingzeroct1704","replyTitle":null,"gender":"M","personaSubscriptable":null,"reactions":[{"id":"286f599c-f86a-4932-82f0-f5a06f1eca03","count":36},{"id":"e8e6bc5d-41b0-4129-b134-97507523d7ff","count":1}],"hidden":false,"customStyle":null,"isSuspiciousAccount":false,"layout":"classic","withImages":false,"withVideos":false,"media":[],"reportReasonText":"","mediaMeta":[],"postAvatar":""}