{"id":232705345,"title":"到底要出國讀書還留下來撐過新人期","content":"各位學長姐們好\n前陣子錄取某家醫院\n然後原本單位不適應申請轉調到另外一個單位\n雖然每天過的也是非常的煩躁\n但也不敢亂離職 怕丟臉 畢竟都轉調單位了\n-\n重點如下：\n最近姐姐在外商公司工作滿兩年多了\n為了更好的未來打算出國唸研究所\n家人問我要不要也出國拿個國外學歷看看\n只是英文程度中等的我必須去補習班K英文\n勢必也要離職準備\n可是我覺得好丟臉 轉調後又離職 該怎麼辦...\n畢竟新人當一次就好 很累人的T_T\n要離職也不知道怎麼開口orz...然後又快獨立了","excerpt":"各位學長姐們好，前陣子錄取某家醫院，然後原本單位不適應申請轉調到另外一個單位，雖然每天過的也是非常的煩躁，但也不敢亂離職 怕丟臉 畢竟都轉調單位了，-，重點如下：最近姐姐在外商公司工作滿兩年多了，為了","anonymousSchool":false,"anonymousDepartment":true,"pinned":false,"forumId":"b22d2f5d-3c06-4d08-96b8-770eb38e8f96","replyId":null,"createdAt":"2019-12-17T13:22:28.914Z","updatedAt":"2019-12-17T13:22:28.914Z","commentCount":6,"likeCount":13,"tags":["HIDE_THUMBNAIL"],"topics":[],"supportedReactions":null,"withNickname":false,"reportReason":"","hiddenByAuthor":false,"meta":{"layout":"classic"},"forumName":"護理","forumAlias":"nursing","school":"國立臺中科技大學","replyTitle":null,"gender":"F","personaSubscriptable":false,"reactions":[{"id":"286f599c-f86a-4932-82f0-f5a06f1eca03","count":12},{"id":"e8e6bc5d-41b0-4129-b134-97507523d7ff","count":1}],"hidden":false,"customStyle":null,"isSuspiciousAccount":false,"layout":"classic","withImages":false,"withVideos":false,"media":[],"reportReasonText":"","mediaMeta":[],"postAvatar":""}