{"id":232730210,"title":"再讓我選一次他媽的絕對不當護理師","content":"我從事護理行業已經三四年了，但是我不喜歡護理的工作，每天背負著壓力及疲憊真的早已厭倦，每天被學姐噹，做不好嫌，做的好也嫌，反正都有話說...\n阿長當初缺人希望我趕快進到她單位，現在人夠了就在那邊說東說西，她當初面試說有什麼問題跟她說不要私下咬耳朵，結果自己在跟學姐說誰誰誰怎樣，她是忘了他曾經說過的話嗎？會不會太好笑！？\n\n我想過屬於自己的生活 😔","excerpt":"我從事護理行業已經三四年了，但是我不喜歡護理的工作，每天背負著壓力及疲憊真的早已厭倦，每天被學姐噹，做不好嫌，做的好也嫌，反正都有話說...，阿長當初缺人希望我趕快進到她單位，現在人夠了就在那邊說東說","anonymousSchool":false,"anonymousDepartment":false,"pinned":false,"forumId":"b22d2f5d-3c06-4d08-96b8-770eb38e8f96","replyId":null,"createdAt":"2019-12-21T04:13:13.095Z","updatedAt":"2019-12-21T04:13:13.095Z","commentCount":45,"likeCount":588,"tags":[],"topics":["護理","護理師","工作"],"supportedReactions":null,"withNickname":false,"reportReason":"","hiddenByAuthor":false,"meta":{"layout":"classic"},"forumName":"護理","forumAlias":"nursing","school":"大仁科技大學","department":"護理系","replyTitle":null,"gender":"F","personaSubscriptable":false,"reactions":[{"id":"286f599c-f86a-4932-82f0-f5a06f1eca03","count":573},{"id":"514c2569-fd53-4d9d-a415-bf0f88e7329f","count":12},{"id":"aa0d425f-d530-4478-9a77-fe3aedc79eea","count":2},{"id":"e8e6bc5d-41b0-4129-b134-97507523d7ff","count":1}],"hidden":false,"customStyle":null,"isSuspiciousAccount":false,"layout":"classic","withImages":false,"withVideos":false,"media":[],"reportReasonText":"","mediaMeta":[],"postAvatar":""}