{"id":232716222,"title":"護理人員/離職違約金","content":"去年剛從學校畢業後到現在換了三家醫院，目前仍在第三家醫院服務幸福單位中（單位都不一樣）\n在第一間醫院因為還在試用期，當時離職後領到的薪水已經是被扣錢（各種違約金）之後的餘額，因為不清楚法律加上是第一次正式踏入護理界所以也不敢講話🤯\n\n第二間醫院算得上是南部有規模的醫院，當時已經過試用期也上過幾堂課，但因為單位的同事氣氛以及覺得自己被針對，最後我還是選擇離職（痛苦程度大概是騎車上班途中都想出事(;´༎ຶД༎ຶ`)\n重點來了👏🏼👏🏼👏🏼\n跟上層談離職時，一直被提醒可能有部分違約金需要繳，重複詢問我：”確定要離職嗎？離職後就很難回來囉！”好險當時學校曾經安排過律師來上課，剛好那堂課我沒睡著😗，整堂課我只聽到重點部份🔽\n❗️工作單位索取違約金是違法的。\n\n離職後當然是用力玩用力放鬆，果然在隔週某天我出遊的下午，接到院方來電表示我需要繳交1600的公會處理費以及💰25680的教育違約金（我當時只工作五個月卻要收我兩萬多教育金），且在電話中申明是教育費用，當下告知什麼時候過去繳交後我開始搜尋可以讓自己站的住腳的法律條文。\n在這篇工會的貼文當中將條文寫的很清楚\nhttps://www.facebook.com/TNMIU/posts/534103186933127/\n如果妳擔心自己已經簽約，是不是就沒辦法用上面的條款，其實不用緊張，因為光是在合約內容中要求違約金、教育金就是違法的\n\n我在第二家醫院也簽過合約，好險當時沒把自留的那份丟掉！提醒大家一定要好好保存，因為這之後可能需要用到，當時看到合約內容中只提到的教育金，避開提及違約金，其實我很緊張，以為這是兩回事，後來再追查教育金的部份，發現其實教育金是資方（院方）本來就有培訓勞方（我們）的責任，所以這也不用繳交。\n\n那來聊一下，當天去醫院我怎麼不用繳違約金順利拿到離職證明的過程😂\n當天我抱著輕鬆的心情到總務處後，拿了公會費用給人員，之後跟她說：我身上沒那麼多（$25680）錢，請問之後再繳可以嗎？\n協辦人員當下臉臭的讓我離開，而我開心的去拿離職證明🤣，一開始還擔心不繳違約金會不會拿不到證明，但這在法律條文中也有提到，資方本來就有義務提供離職證明或是服務證明！而且這一定要拿！因為到下一家醫院可能還要用！\n\n網路上還有很多法律條文，當時我幾乎查遍各種平台，只能說有做功課就不怕被刁難！更不用怕臉皮薄不敢說！會離職一定有原因！所以別擔心別人怎麼看妳，只有自己知道自己要什麼！\n\n㊗️大家日後在護理界能夠找到適合自己的單位，工作順利：）","excerpt":"去年剛從學校畢業後到現在換了三家醫院，目前仍在第三家醫院服務幸福單位中（單位都不一樣），在第一間醫院因為還在試用期，當時離職後領到的薪水已經是被扣錢（各種違約金）之後的餘額，因為不清楚法律加上是第一次","anonymousSchool":false,"anonymousDepartment":true,"pinned":false,"forumId":"b22d2f5d-3c06-4d08-96b8-770eb38e8f96","replyId":null,"createdAt":"2019-12-19T02:55:45.096Z","updatedAt":"2019-12-19T02:55:45.096Z","commentCount":22,"likeCount":179,"tags":["HIDE_THUMBNAIL"],"topics":["違約金","護理人員","醫院","工作","護理師"],"supportedReactions":null,"withNickname":false,"reportReason":"","hiddenByAuthor":false,"meta":{"layout":"classic"},"forumName":"護理","forumAlias":"nursing","school":"輔英科技大學","replyTitle":null,"gender":"F","personaSubscriptable":true,"reactions":[{"id":"286f599c-f86a-4932-82f0-f5a06f1eca03","count":179}],"hidden":false,"customStyle":null,"isSuspiciousAccount":false,"layout":"classic","withImages":false,"withVideos":false,"media":[],"reportReasonText":"","mediaMeta":[],"postAvatar":""}