{"id":232783444,"title":"該趁年輕的時候出去磨練嗎？","content":"我五專畢業後就返鄉（東部）服務\n目前還在讀二技中\n我的父母希望我可以去北部磨練\n但這幾天我去台北旅遊時我發現自己真的不喜歡都市的擁擠感、步調快\n回來時也查了一些北部醫院的薪資\n發現薪資與目前比較 沒有相差很多（現在年薪大概75～80萬）\n曾經在高雄實習一年 發現自己沒有很喜歡都市生活\n但看到身邊的朋友都去台北工作了\n連學姊也和我說因為她以前有合約所以一直留在這裡但她其實很後悔當初年輕沒有去台北\n這時難免會出現一個聲音問自己 我是不是也該出去？\n會不會在以後的日子裡 我也會後悔沒出去外面看看..\n因為很徬徨 所以想來問位學姊學長們 希望大家可以給我一點意見 ..","excerpt":"我五專畢業後就返鄉（東部）服務，目前還在讀二技中，我的父母希望我可以去北部磨練，但這幾天我去台北旅遊時我發現自己真的不喜歡都市的擁擠感、步調快，回來時也查了一些北部醫院的薪資，發現薪資與目前比較 沒有","anonymousSchool":false,"anonymousDepartment":false,"pinned":false,"forumId":"b22d2f5d-3c06-4d08-96b8-770eb38e8f96","replyId":null,"createdAt":"2019-12-29T10:54:06.810Z","updatedAt":"2019-12-29T10:54:06.810Z","commentCount":7,"likeCount":10,"tags":["HIDE_THUMBNAIL"],"topics":["護理","心情"],"supportedReactions":null,"withNickname":false,"reportReason":"","hiddenByAuthor":false,"meta":{"layout":"classic"},"forumName":"護理","forumAlias":"nursing","school":"美和科技大學","department":"護理系","replyTitle":null,"gender":"F","personaSubscriptable":null,"reactions":[{"id":"286f599c-f86a-4932-82f0-f5a06f1eca03","count":10}],"hidden":false,"customStyle":null,"isSuspiciousAccount":false,"layout":"classic","withImages":false,"withVideos":false,"media":[],"reportReasonText":"","mediaMeta":[],"postAvatar":""}