{"id":232780349,"title":"二技升學","content":"各位學長姐好，我是今年五專應屆畢業生\n想問有沒有學長姐五專畢業後是讀護理以外的科系、有後悔嗎？\n我知道薪水一定有差～\n爬過文了 但相關資訊並不多😅\n最近在猶豫畢業後要不要跳巢讀別的系\n另外想問中科的美容系跟長庚的妝品系哪個比較推\n希望有過來人可以分享一下🙇‍♀️\n謝謝～～～🙏","excerpt":"各位學長姐好，我是今年五專應屆畢業生，想問有沒有學長姐五專畢業後是讀護理以外的科系、有後悔嗎？我知道薪水一定有差～爬過文了 但相關資訊並不多，最近在猶豫畢業後要不要跳巢讀別的系，另外想問中科的美容系跟","anonymousSchool":false,"anonymousDepartment":true,"pinned":false,"forumId":"b22d2f5d-3c06-4d08-96b8-770eb38e8f96","replyId":null,"createdAt":"2019-12-28T21:40:10.959Z","updatedAt":"2019-12-28T21:40:10.959Z","commentCount":2,"likeCount":9,"tags":["HIDE_THUMBNAIL"],"topics":["二技","升學"],"supportedReactions":null,"withNickname":false,"reportReason":"","hiddenByAuthor":false,"meta":{"layout":"classic"},"forumName":"護理","forumAlias":"nursing","school":"長庚科技大學","replyTitle":null,"gender":"F","personaSubscriptable":false,"reactions":[{"id":"286f599c-f86a-4932-82f0-f5a06f1eca03","count":9}],"hidden":false,"customStyle":null,"isSuspiciousAccount":false,"layout":"classic","withImages":false,"withVideos":false,"media":[],"reportReasonText":"","mediaMeta":[],"postAvatar":""}