{"id":232853916,"title":"猶豫要不要當逃兵...","content":"如題～\n本來對護理很有憧憬也滿懷熱忱\n但真正轉換跑道來讀護理後\n發現自己真的沒辦法負荷學理...\n(原本是念語文+商)\n也漸漸覺得是否要放棄 轉回去繼續唸語文\n因為不想要讓自己的不專業去害到病人!\n\n但又因為家人朋友期望\n好不容易考進很好的護理學校\n卻沒辦法順利畢業....其實我也對自己很失望\n\n想問大家的看法\n謝謝","excerpt":"如題～本來對護理很有憧憬也滿懷熱忱，但真正轉換跑道來讀護理後，發現自己真的沒辦法負荷學理...，（原本是念語文+商），也漸漸覺得是否要放棄 轉回去繼續唸語文，因為不想要讓自己的不專業去害到病人！，但又","anonymousSchool":false,"anonymousDepartment":false,"pinned":false,"forumId":"b22d2f5d-3c06-4d08-96b8-770eb38e8f96","replyId":null,"createdAt":"2020-01-08T18:26:56.768Z","updatedAt":"2020-01-08T18:26:56.768Z","commentCount":8,"likeCount":23,"tags":[],"topics":["護理系"],"supportedReactions":null,"withNickname":true,"reportReason":"","hiddenByAuthor":false,"meta":{"layout":"classic"},"forumName":"護理","forumAlias":"nursing","school":"Ichbinjasmin","department":"allesgute","replyTitle":null,"gender":"F","personaSubscriptable":null,"reactions":[{"id":"286f599c-f86a-4932-82f0-f5a06f1eca03","count":23}],"hidden":false,"customStyle":null,"isSuspiciousAccount":false,"layout":"classic","withImages":false,"withVideos":false,"media":[],"reportReasonText":"","mediaMeta":[],"postAvatar":""}