{"id":232808020,"title":"聽說考照前不要見男友","content":"看到原po期末考括號護理真的讓人蠻心酸的\n（讀護理幾乎不能玩都要唸書\n\n這讓我想到之前我們老師說過：「考護理師證照前一兩個月盡量不要見男友，因為根本不曉得他是不是要來提分手的。」\n\n被分手一定會大大影響心情  接著讀書也開始漫不經心  更慘的是因此影響執照考成績就完了！\n\n所以希望各位還在讀護理的考生 考照期間還是認真準備吧","excerpt":"看到原po期末考括號護理真的讓人蠻心酸的，（讀護理幾乎不能玩都要唸書，這讓我想到之前我們老師說過：「考護理師證照前一兩個月盡量不要見男友，因為根本不曉得他是不是要來提分手的。」被分手一定會大大影響心情","anonymousSchool":false,"anonymousDepartment":true,"pinned":false,"forumId":"b22d2f5d-3c06-4d08-96b8-770eb38e8f96","replyId":232799419,"createdAt":"2020-01-01T22:51:06.987Z","updatedAt":"2020-01-01T22:51:06.987Z","commentCount":26,"likeCount":195,"tags":[],"topics":["分手","期末考"],"supportedReactions":null,"withNickname":false,"reportReason":"","hiddenByAuthor":false,"meta":{"layout":"classic"},"forumName":"護理","forumAlias":"nursing","school":"新生醫護管理專科學校","replyTitle":"跨年夜被分手","gender":"F","personaSubscriptable":null,"reactions":[{"id":"286f599c-f86a-4932-82f0-f5a06f1eca03","count":191},{"id":"e8e6bc5d-41b0-4129-b134-97507523d7ff","count":4}],"hidden":false,"customStyle":null,"isSuspiciousAccount":false,"layout":"classic","withImages":false,"withVideos":false,"media":[],"reportReasonText":"","mediaMeta":[],"postAvatar":""}