{"id":232839113,"title":"#問卷 護理新鮮人的職場位置及其不利處境","content":"各位親愛的護理工作人員們大家好：                                                \n                                                                                \n我們是國立清華大學的學生，目前正在修習由社會所古明君老師所開設的「社會學研究方法一」。我們觀察到護理人員年資短、離職率高的情形顯著；同時，近年來包括香港、新加坡、中國，甚至美國與英國醫院都開徵缺額，加速了國內醫護人才的外流。我們好奇：對於醫療體系的結構弊端、前輩的工作經驗、台灣的護病關係，新進的護理人員如何看待、遭遇這些問題？                                                                \n因此我們想要透過本問卷了解、並於後續研究呈現出「新進護理人員在職場中的不利位置及相關因素」，就醫護現場區分基層護理人員和其他職位、位階，以分析護理新鮮人此一位置的處境。                                                                    \n                                                                                \n研究對象：年資未滿三年（36個月）的新進護理人員。                                \n                                                                                \n問卷內容：本問卷共六個部分，包括：1.基本資料、2.護理工作的從業初衷、3.工作適應情況、4.身心健康調查、5.輩份現象、6.生涯規劃，填寫約需10~20分鐘，感謝您的撥冗填答。                                                                          \n                                                                                \n問卷連結：                                                                      \nhttps://forms.gle/NdooSHjqqern5TFL6\n                                                                           \n再次感謝辛苦的護理人員                                                          \n感謝！","excerpt":"各位親愛的護理工作人員們大家好：我們是國立清華大學的學生，目前正在修習由社會所古明君老師所開設的「社會學研究方法一」。我們觀察到護理人員年資短、離職率高的情形顯著；同時，近年來包括香港、新加坡、中國，","anonymousSchool":false,"anonymousDepartment":true,"pinned":false,"forumId":"b22d2f5d-3c06-4d08-96b8-770eb38e8f96","replyId":null,"createdAt":"2020-01-06T15:58:11.470Z","updatedAt":"2020-01-06T15:58:11.470Z","commentCount":5,"likeCount":24,"tags":["HIDE_THUMBNAIL"],"topics":["問卷","護理師","新鮮人","護理環境"],"supportedReactions":null,"withNickname":false,"reportReason":"","hiddenByAuthor":false,"meta":{"layout":"classic"},"forumName":"護理","forumAlias":"nursing","school":"國立清華大學","replyTitle":null,"gender":"M","personaSubscriptable":false,"reactions":[{"id":"286f599c-f86a-4932-82f0-f5a06f1eca03","count":24}],"hidden":false,"customStyle":null,"isSuspiciousAccount":false,"layout":"classic","withImages":false,"withVideos":false,"media":[],"reportReasonText":"","mediaMeta":[],"postAvatar":""}