{"id":232891954,"title":"你會如何選擇","content":"兩年前學校有實習兼就業的計畫\n於是那時候選擇了醫學中心當第一份工作\n但當時是學生兼新人狀態\n各種壓力排山倒海而來讓我撐不下去\n五個月後我選擇離職\n\n畢業後我回我的家鄉\n在一個十分偏遠的地方工作\n平時沒事就是跟診、打針、包藥\n工作不難，很好上手\n也有很多自己的時間且不用輪班\n薪水跟醫院比起來也差不多\n不諱言的說就是錢多事少離家近\n所以我也適應得不錯\n目前已經工作一年半了\n\n但在這裡工作\n常常會覺得自己很廢\n同年紀的同學大家都在醫院裡工作\n我卻在這小小的地方\n學到的東西有限且資源落後\n讓我萌生離職回醫院的想法\n但這次會想選擇區域醫院\n讓自己再試試看是不是真的不適合待在醫院\n\n不過在安逸舒服的空間待久了\n加上之前在醫院的經驗\n讓我很害怕也很猶豫自己是不是要改變\n以及我的能力到底能不能\n身邊的人 \n一半覺得我還年輕可以再去試看看學習專業\n一半的人覺得這份工作是爽缺  人生嘛能廢就廢\n每次在思考的時候都會陷入天人交戰\n想請問各位學姊學長如果是你\n你會怎麼選擇？","excerpt":"兩年前學校有實習兼就業的計畫，於是那時候選擇了醫學中心當第一份工作，但當時是學生兼新人狀態，各種壓力排山倒海而來讓我撐不下去，五個月後我選擇離職，畢業後我回我的家鄉，在一個十分偏遠的地方工作，平時沒事","anonymousSchool":false,"anonymousDepartment":true,"pinned":false,"forumId":"b22d2f5d-3c06-4d08-96b8-770eb38e8f96","replyId":null,"createdAt":"2020-01-14T16:45:05.273Z","updatedAt":"2020-01-14T16:45:05.273Z","commentCount":9,"likeCount":31,"tags":["HIDE_THUMBNAIL"],"topics":["護理","工作","問題","心情"],"supportedReactions":null,"withNickname":false,"reportReason":"","hiddenByAuthor":false,"meta":{"layout":"classic"},"forumName":"護理","forumAlias":"nursing","school":"長庚科技大學","replyTitle":null,"gender":"F","personaSubscriptable":null,"reactions":[{"id":"286f599c-f86a-4932-82f0-f5a06f1eca03","count":31}],"hidden":false,"customStyle":null,"isSuspiciousAccount":false,"layout":"classic","withImages":false,"withVideos":false,"media":[],"reportReasonText":"","mediaMeta":[],"postAvatar":""}