{"id":232805884,"title":"借問一下性激素問題","content":"我跟男友在爭論關於毛髮生長的激素\n到底是雄性激素還是雌性激素\n我在網路上和生理學課本看到的都是雄性激素\n雄性激素會刺激陰毛、腋毛、骨骼肌肉成長等等\n可是網路上又說...\n雌性激素能治療雄性禿\n也就是預防和促進頭髮的生長\n\n所以是兩種激素管的地方不一樣嗎？\n可是明明都是性激素啊....\n所以毛髮生長到底是\n雄性？還是雌性激素啊？\n\n還請大家為我解答一下～～～\n謝謝🙏","excerpt":"我跟男友在爭論關於毛髮生長的激素，到底是雄性激素還是雌性激素，我在網路上和生理學課本看到的都是雄性激素，雄性激素會刺激陰毛、腋毛、骨骼肌肉成長等等，可是網路上又說...，雌性激素能治療雄性禿，也就是預","anonymousSchool":false,"anonymousDepartment":true,"pinned":false,"forumId":"b22d2f5d-3c06-4d08-96b8-770eb38e8f96","replyId":null,"createdAt":"2020-01-01T14:42:26.852Z","updatedAt":"2020-01-01T14:42:26.852Z","commentCount":12,"likeCount":9,"tags":["HIDE_THUMBNAIL"],"topics":[],"supportedReactions":null,"withNickname":false,"reportReason":"","hiddenByAuthor":false,"meta":{"layout":"classic"},"forumName":"護理","forumAlias":"nursing","school":"靜宜大學","replyTitle":null,"gender":"F","personaSubscriptable":false,"reactions":[{"id":"286f599c-f86a-4932-82f0-f5a06f1eca03","count":9}],"hidden":false,"customStyle":null,"isSuspiciousAccount":false,"layout":"classic","withImages":false,"withVideos":false,"media":[],"reportReasonText":"","mediaMeta":[],"postAvatar":""}