{"id":232894278,"title":"真的適合嗎","content":"現在的我是專二護理科學生\n我會讀護理有很多的因素\n家人朋友老師和自己的考量\n對護理也有一些興趣\n想幫助別人\n但現在的我面臨一個問題\n我真的適合當護士嗎\n每次看到有關醫生的韓劇\n只要有外科的手術什麼的\n我就會害怕\n怕自己以後遇到會不知所措\n怕自己遇到會害怕\n怕自己救不了病人\n怕我膽子真的很小\n怕見到病人家人難過的表情\n怎麼辦 我該怎麼面對ಥ_ಥ","excerpt":"現在的我是專二護理科學生，我會讀護理有很多的因素，家人朋友老師和自己的考量，對護理也有一些興趣，想幫助別人，但現在的我面臨一個問題，我真的適合當護士嗎，每次看到有關醫生的韓劇，只要有外科的手術什麼的，","anonymousSchool":false,"anonymousDepartment":false,"pinned":false,"forumId":"b22d2f5d-3c06-4d08-96b8-770eb38e8f96","replyId":null,"createdAt":"2020-01-15T06:20:41.332Z","updatedAt":"2020-01-15T06:23:30.117Z","commentCount":10,"likeCount":34,"tags":[],"topics":["護理","護理師","學長姐幫幫我","護理人生"],"supportedReactions":null,"withNickname":true,"reportReason":"","hiddenByAuthor":false,"meta":{"layout":"classic"},"forumName":"護理","forumAlias":"nursing","school":"小瑩","department":"g_92699_","replyTitle":null,"gender":"F","personaSubscriptable":false,"reactions":[{"id":"286f599c-f86a-4932-82f0-f5a06f1eca03","count":34}],"hidden":false,"customStyle":null,"isSuspiciousAccount":false,"layout":"classic","withImages":false,"withVideos":false,"media":[],"reportReasonText":"","mediaMeta":[],"postAvatar":""}