{"id":232840531,"title":"職場霸凌","content":"我應屆畢業生\n8月入職到現在\n前幾個禮拜第一次報床邊\n我知道自己報的內容沒有很好但也認真準備\n但是在meeting我報告的時間且還沒報完的時候\n一位在場資深學姊當大家的面笑了出來\n且有笑聲的那種\n讓我感到很不禮貌且不尊重學妹\n想請問各位有這樣的經驗嗎","excerpt":"我應屆畢業生，8月入職到現在，前幾個禮拜第一次報床邊，我知道自己報的內容沒有很好但也認真準備，但是在meeting我報告的時間且還沒報完的時候，一位在場資深學姊當大家的面笑了出來，且有笑聲的那種，讓我","anonymousSchool":false,"anonymousDepartment":false,"pinned":false,"forumId":"b22d2f5d-3c06-4d08-96b8-770eb38e8f96","replyId":null,"createdAt":"2020-01-06T23:58:12.500Z","updatedAt":"2020-01-06T23:58:12.500Z","commentCount":12,"likeCount":36,"tags":["HIDE_THUMBNAIL"],"topics":["新人","心情"],"supportedReactions":null,"withNickname":true,"reportReason":"","hiddenByAuthor":false,"meta":{"layout":"classic"},"forumName":"護理","forumAlias":"nursing","school":"有爹的孩子像個寶","department":"like_smile1001","replyTitle":null,"gender":"F","personaSubscriptable":null,"reactions":[{"id":"286f599c-f86a-4932-82f0-f5a06f1eca03","count":36}],"hidden":false,"customStyle":null,"isSuspiciousAccount":false,"layout":"classic","withImages":false,"withVideos":false,"media":[],"reportReasonText":"","mediaMeta":[],"postAvatar":""}