{"id":232869874,"title":"花花班","content":"想請問各位學長姐\n進入單位快五個月已上線也獨立了但有個問題一直困擾著我\n同梯進去加我總共四個new nurse \n除了我以外其他三個的班別都滿固定的\n就是整個月都是同一個班別，有的甚至剛上線直接包了三個月大夜\n相較之下我的班從上線後只有第一個月是純大夜，上個月三個班都上到，這個月還有N接D的班\n上班調時差調到心很累有時候都會覺得自己是不是被針對\n跟家人講他們是說要我換個角度想說不定是因為我算是個人力才敢讓我這樣哪個班少人就去補\n但還是有一點被針對的感覺⋯⋯\n因為我有很認真看過其他學姊們的班表，相較之下我的真的算花，大部分的人都是固定班表三個月，不然至少也一個月，很少像我是跳來跳去一下白天一下黑夜的\n想請問學長姐們在你們的單位也會有這樣的狀況嗎\n謝謝大家🙏","excerpt":"想請問各位學長姐，進入單位快五個月已上線也獨立了但有個問題一直困擾著我，同梯進去加我總共四個new nurse，除了我以外其他三個的班別都滿固定的，就是整個月都是同一個班別，有的甚至剛上線直接包了三個","anonymousSchool":false,"anonymousDepartment":true,"pinned":false,"forumId":"b22d2f5d-3c06-4d08-96b8-770eb38e8f96","replyId":null,"createdAt":"2020-01-11T07:36:27.166Z","updatedAt":"2020-01-11T07:36:27.166Z","commentCount":19,"likeCount":23,"tags":["HIDE_THUMBNAIL"],"topics":["學長姐幫幫我","護理師","詢問"],"supportedReactions":null,"withNickname":false,"reportReason":"","hiddenByAuthor":false,"meta":{"layout":"classic"},"forumName":"護理","forumAlias":"nursing","school":"長庚科技大學","replyTitle":null,"gender":"F","personaSubscriptable":null,"reactions":[{"id":"286f599c-f86a-4932-82f0-f5a06f1eca03","count":22},{"id":"e8e6bc5d-41b0-4129-b134-97507523d7ff","count":1}],"hidden":false,"customStyle":null,"isSuspiciousAccount":false,"layout":"classic","withImages":false,"withVideos":false,"media":[],"reportReasonText":"","mediaMeta":[],"postAvatar":""}