{"id":232873294,"title":"護理師的手","content":"在臨床工作也快三年了\n因為感控的關係無時無刻都要洗手\n來避免感染的風險\n而洗手液都有加入酒精的成分\n也會造成手的乾燥\n每次回到家洗完澡後才發現手真的不擦護手霜不行啊！\n超級粗糙！而且很乾燥啊！\n還看過其他的學姊的手比我的手更誇張啊！\n提醒工作的護理人員～\n有空要多擦護手霜保護自己的手哦\nhttps://megapx-assets.dcard.tw/images/5df6b831-8863-4281-a484-e8924e3514ab/1280.jpeg\n\n\nhttps://megapx-assets.dcard.tw/images/36a04a89-5c62-41f4-b0a7-e5f5e02a5068/1280.jpeg","excerpt":"在臨床工作也快三年了，因為感控的關係無時無刻都要洗手，來避免感染的風險，而洗手液都有加入酒精的成分，也會造成手的乾燥，每次回到家洗完澡後才發現手真的不擦護手霜不行啊！，超級粗糙！而且很乾燥啊！，還看過","anonymousSchool":false,"anonymousDepartment":true,"pinned":false,"forumId":"b22d2f5d-3c06-4d08-96b8-770eb38e8f96","replyId":null,"createdAt":"2020-01-11T15:45:59.081Z","updatedAt":"2020-01-11T15:45:59.081Z","commentCount":34,"likeCount":166,"tags":[],"topics":["護理"],"supportedReactions":null,"withNickname":false,"reportReason":"","hiddenByAuthor":false,"meta":{"layout":"classic"},"forumName":"護理","forumAlias":"nursing","school":"弘光科技大學","replyTitle":null,"gender":"F","personaSubscriptable":null,"reactions":[{"id":"286f599c-f86a-4932-82f0-f5a06f1eca03","count":165},{"id":"011ead16-9b83-4729-9fde-c588920c6c2d","count":1}],"hidden":false,"customStyle":null,"isSuspiciousAccount":false,"layout":"classic","withImages":true,"withVideos":false,"media":[{"url":"https://megapx-assets.dcard.tw/images/5df6b831-8863-4281-a484-e8924e3514ab/1280.jpeg"},{"url":"https://megapx-assets.dcard.tw/images/36a04a89-5c62-41f4-b0a7-e5f5e02a5068/1280.jpeg"}],"reportReasonText":"","mediaMeta":[{"id":"6300b558-0409-4331-9cff-a614cf30b60a","url":"https://megapx-assets.dcard.tw/images/5df6b831-8863-4281-a484-e8924e3514ab/640.jpeg","normalizedUrl":"https://megapx-assets.dcard.tw/images/5df6b831-8863-4281-a484-e8924e3514ab/640.jpeg","thumbnail":"https://megapx-assets.dcard.tw/images/5df6b831-8863-4281-a484-e8924e3514ab/640.jpeg","type":"image/thumbnail","tags":[],"createdAt":"2020-01-11T15:45:59.081Z","updatedAt":"2020-01-11T15:45:59.081Z","width":480,"height":640},{"id":"6300b558-0409-4331-9cff-a614cf30b60a","url":"https://megapx-assets.dcard.tw/images/5df6b831-8863-4281-a484-e8924e3514ab/1280.jpeg","normalizedUrl":"https://megapx.dcard.tw/v1/images/5df6b831-8863-4281-a484-e8924e3514ab","thumbnail":"https://megapx-assets.dcard.tw/images/5df6b831-8863-4281-a484-e8924e3514ab/640.jpeg","type":"image/megapx","tags":[],"createdAt":"2020-01-11T15:45:59.081Z","updatedAt":"2020-01-11T15:45:59.081Z","width":1500,"height":2000},{"id":"79b9644c-b154-4a80-9877-de13f34082d3","url":"https://megapx-assets.dcard.tw/images/36a04a89-5c62-41f4-b0a7-e5f5e02a5068/1280.jpeg","normalizedUrl":"https://megapx.dcard.tw/v1/images/36a04a89-5c62-41f4-b0a7-e5f5e02a5068","thumbnail":"https://megapx-assets.dcard.tw/images/36a04a89-5c62-41f4-b0a7-e5f5e02a5068/640.jpeg","type":"image/megapx","tags":[],"createdAt":"2020-01-11T15:45:59.081Z","updatedAt":"2020-01-11T15:45:59.081Z","width":1500,"height":2000}],"postAvatar":""}