{"id":232899416,"title":"哪裡可以照顧令人困擾的老人","content":"各位好\n不好意思想請問一下\n因為我爸爸發生車禍 傷到腦袋\n他現在超級令人困擾\n因為他失語又失智又殘廢 沒有自主能力以外\n還會常常發瘋\n因此想找個便宜又能安置他的機構\n希望能長期住到他死掉的地方\n要是他繼續住在家裡可能我們全家都會自殺\n拜託各位了","excerpt":"各位好，不好意思想請問一下，因為我爸爸發生車禍 傷到腦袋，他現在超級令人困擾，因為他失語又失智又殘廢 沒有自主能力以外，還會常常發瘋，因此想找個便宜又能安置他的機構，希望能長期住到他死掉的地方，要是他","anonymousSchool":false,"anonymousDepartment":false,"pinned":false,"forumId":"b22d2f5d-3c06-4d08-96b8-770eb38e8f96","replyId":null,"createdAt":"2020-01-16T03:47:19.062Z","updatedAt":"2020-01-16T03:47:19.062Z","commentCount":19,"likeCount":28,"tags":[],"topics":[],"supportedReactions":null,"withNickname":false,"reportReason":"","hiddenByAuthor":false,"meta":{"layout":"classic"},"forumName":"護理","forumAlias":"nursing","school":"國立高雄應用科技大學","department":"電機工程系","replyTitle":null,"gender":"M","personaSubscriptable":null,"reactions":[{"id":"286f599c-f86a-4932-82f0-f5a06f1eca03","count":23},{"id":"aa0d425f-d530-4478-9a77-fe3aedc79eea","count":3},{"id":"514c2569-fd53-4d9d-a415-bf0f88e7329f","count":2}],"hidden":false,"customStyle":null,"isSuspiciousAccount":false,"layout":"classic","withImages":false,"withVideos":false,"media":[],"reportReasonText":"","mediaMeta":[],"postAvatar":""}