{"id":232837832,"title":"心理承擔的重量快到極限了","content":"現在是剛滿半年過幾天的加護病房新人\n對於護理抱著「想要讓病人感到溫暖想法的人」\n\n不知從何時開始，本來是在實習時期不會犯的錯誤，但是在現在卻錯了。\n\n不知何時開始，對於自己的能力開始感到質疑。\n\n不知何時開始，對於學姐的責備及質疑，就算自己是對的也不想解釋了。\n\n不知何時開始，下班只剩下睡覺跟吃飯，放假也只剩下睡覺跟吃飯。\n\n雖然我還有很多不足的地方，但我覺得我在對於照顧病人層面我做得很好，但卻被質疑「如果躺在床上是你的家人，你會這樣嗎？」\n\n知道自己有很多不足的地方，想下班後趕快看書，但是每天提早一小時到單位晚下班，下班後洗澡吃飯後就沒精神能看書，只能把今天照顧的病人資料準備好。\n\n「你都來多久了，這個還不會？」\n「你都來多久了，這個也不會用？」\n「你速度快一點，你不是只要顧好你的病人就好，要看看其他人有沒有要幫忙」\n「你今天才顧兩床，你到底在忙什麼？」\n「人家那個來三個月的都比你還積極，還更會」\n「你到底有沒有心啊？」\n\n\n我會不會不適合護理？開始有這個聲音跑出來。\n但，我不想放棄護理這條路，因為我放棄了就不會回來了。","excerpt":"現在是剛滿半年過幾天的加護病房新人，對於護理抱著「想要讓病人感到溫暖想法的人」不知從何時開始，本來是在實習時期不會犯的錯誤，但是在現在卻錯了。不知何時開始，對於自己的能力開始感到質疑。不知何時開始，對","anonymousSchool":false,"anonymousDepartment":false,"pinned":false,"forumId":"b22d2f5d-3c06-4d08-96b8-770eb38e8f96","replyId":null,"createdAt":"2020-01-06T13:00:10.769Z","updatedAt":"2020-01-06T13:00:10.769Z","commentCount":9,"likeCount":128,"tags":[],"topics":["極限","護理","心情","壓力","新人"],"supportedReactions":null,"withNickname":false,"reportReason":"","hiddenByAuthor":false,"meta":{"layout":"classic"},"forumName":"護理","forumAlias":"nursing","school":"輔英科技大學","department":"護理系","replyTitle":null,"gender":"F","personaSubscriptable":null,"reactions":[{"id":"286f599c-f86a-4932-82f0-f5a06f1eca03","count":122},{"id":"514c2569-fd53-4d9d-a415-bf0f88e7329f","count":5},{"id":"e8e6bc5d-41b0-4129-b134-97507523d7ff","count":1}],"hidden":false,"customStyle":null,"isSuspiciousAccount":false,"layout":"classic","withImages":false,"withVideos":false,"media":[],"reportReasonText":"","mediaMeta":[],"postAvatar":""}