{"id":232833405,"title":"我眼中的護理","content":"曾經「護理」對我來說是最美好的憧憬。\n那所謂的「白衣天使」在我眼中都像母親對待嬰孩那般溫柔，帶著和煦的笑容，期盼著病人早日康復出院。\n\n這是我接觸護理的第七年，在學校的期間抱著一本又一本厚重的書籍，從基本護理學到生理解剖學緊接著內外科護理學，我們背過一根又一根的骨頭、一個又一個繁雜的生理機轉還有各式各樣的疾病學理，在所有課程告一段落後，我們便抱著既期待又害怕受傷害的心情踏上了小小護生的實習之路。\n\n所謂的「護理」直到我真正親眼目睹的瞬間才知曉自己有多麼天真，制式化的流程、冰冷的儀器聲還有那些「白衣天使」們毫無生氣的厭世臉，曾經以為的所有美好在一瞬間分崩離析已經足夠讓我震驚，最可怕的還是學姊學妹制度，看著新進的護理師被資深的學姊罵的狗血淋頭，這其中甚至還參雜著許多不是太好聽的字眼，明明過了下班時間2-3小時了，卻還看到新進護理師嘆著氣打著未完成的護理記錄。\n\n對於護理師這個職業，大概是見仁見智，相信現在在職場上如魚得水的各位學長姐們都是熬過這麼一段苦日子的，爛草莓也好抗壓性差也罷，高壓的工作環境及不成比例的薪水就足以讓人卻步。\n\n辜負了那個曾經信誓旦旦誦讀著南丁格爾誓言的自己，我很抱歉，但我相信護理之外的世界可以有更多的美好，祝福那些還在護理職場的白衣天使們莫忘初心，如果你對護理仍抱有極大的熱忱，那麼即便在路途中遭遇他人的冷言冷語也不要輕易放棄！\n\n希望護理界能夠少點批評與爭吵、對新人友善一些，期許護理界有朝一日能夠變得更好。","excerpt":"曾經「護理」對我來說是最美好的憧憬。那所謂的「白衣天使」在我眼中都像母親對待嬰孩那般溫柔，帶著和煦的笑容，期盼著病人早日康復出院。這是我接觸護理的第七年，在學校的期間抱著一本又一本厚重的書籍，從基本護","anonymousSchool":false,"anonymousDepartment":false,"pinned":false,"forumId":"b22d2f5d-3c06-4d08-96b8-770eb38e8f96","replyId":null,"createdAt":"2020-01-05T19:53:50.099Z","updatedAt":"2020-01-06T06:45:22.554Z","commentCount":75,"likeCount":1165,"tags":[],"topics":["護理"],"supportedReactions":null,"withNickname":false,"reportReason":"","hiddenByAuthor":false,"meta":{"layout":"classic"},"forumName":"護理","forumAlias":"nursing","school":"長庚科技大學","department":"護理系","replyTitle":null,"gender":"F","personaSubscriptable":null,"reactions":[{"id":"286f599c-f86a-4932-82f0-f5a06f1eca03","count":1140},{"id":"514c2569-fd53-4d9d-a415-bf0f88e7329f","count":23},{"id":"011ead16-9b83-4729-9fde-c588920c6c2d","count":1},{"id":"e8e6bc5d-41b0-4129-b134-97507523d7ff","count":1}],"hidden":false,"customStyle":null,"isSuspiciousAccount":false,"layout":"classic","withImages":false,"withVideos":false,"media":[],"reportReasonText":"","mediaMeta":[],"postAvatar":""}