{"id":232829388,"title":"空有年資卻沒能力的學姊⋯","content":"相信護理界的同事們 \n在職場上 總會遇到一些 有年資卻沒能力的同事吧\n我的單位就有一個 而且大概癌症末期的嚴重程度吧\n那種人 沒有能力 但卻「超有」臭臉 壞脾氣 壞嘴巴的高超技術\n\n身為年資2.4年的我 免不了的也開始帶學妹了\n在我們單位 只要能力受到護理長 督導的認可\n基本上2年左右就可以帶學妹 \n小部分也是被激發出一點潛力吧 😭\n———以下提到的學姊 以W代替————\n事件1\n在帶學妹的時候 每個人有不同的方式\n平常再溫柔 當遇到同樣問題一再犯錯\n難免會跟學妹檢討 跟 耳邊唸一下\n我們那奇葩的W學姊 已經到職快5年了 \n既沒有帶新人的經驗 就連實習生 也沒有\n居然告訴我 不要這麼兇的對學妹 \n我當下直接反問W學姊\n「如果今天學妹沒做好的事情 都是交班給你小夜班\n   你怎麼想」\n我們親愛的W學姊 也只有沈默以對 ⋯\n我只能說 沒帶過新人 不會懂帶人的辛苦\n我也曾經是新人 做錯事 該念就是該念\n\n事件2\n接過predying的病人都知道 \n到一般病房 基本上suction O2是基本該準備的\n還會詢問家屬 臨終準備事項\n像是禮儀公司 衣物 鞋襪 院宣⋯等問題\n這種問題在血腫科工作的我 根本就跟吃飯一樣簡單\n但W學姊從來不問不處理 直接交班給下一個\n某天 學妹一早看病人 就覺得那個病人就是在「等時間」但卻如上所說 什麼都沒有 整個bedside空蕩蕩\n家屬連臨終準備都不知道 我們學妹白班幾乎可以說是 \n因為那個病人 忙到一個 回不了護理站 \n到了交班時間 還被W學姊 很兇的問\n「你白班到底都對病人 做了什麼 病人狀況也太差」\n我們學妹自尊心直接崩塌 \n學妹一整天忙碌 我們白班同事完全看在眼裡\n身為一個接那個predying的第一個主護 W\n什麼都沒處理 還這樣兇學妹  \n我也是感到很無言 加很多的無奈 \n\n\n其實那個W還有各種豐功偉業 真的說不完 ⋯⋯","excerpt":"相信護理界的同事們，在職場上 總會遇到一些 有年資卻沒能力的同事吧，我的單位就有一個 而且大概癌症末期的嚴重程度吧，那種人 沒有能力 但卻「超有」臭臉 壞脾氣 壞嘴巴的高超技術，身為年資2.4年的我 ","anonymousSchool":false,"anonymousDepartment":true,"pinned":false,"forumId":"b22d2f5d-3c06-4d08-96b8-770eb38e8f96","replyId":null,"createdAt":"2020-01-05T08:07:24.807Z","updatedAt":"2020-01-05T08:07:24.807Z","commentCount":4,"likeCount":165,"tags":["HIDE_THUMBNAIL"],"topics":["年資","學姊","工作"],"supportedReactions":null,"withNickname":false,"reportReason":"","hiddenByAuthor":false,"meta":{"layout":"classic"},"forumName":"護理","forumAlias":"nursing","school":"長庚科技大學","replyTitle":null,"gender":"F","personaSubscriptable":false,"reactions":[{"id":"286f599c-f86a-4932-82f0-f5a06f1eca03","count":163},{"id":"514c2569-fd53-4d9d-a415-bf0f88e7329f","count":2}],"hidden":false,"customStyle":null,"isSuspiciousAccount":false,"layout":"classic","withImages":false,"withVideos":false,"media":[],"reportReasonText":"","mediaMeta":[],"postAvatar":""}