{"id":232969033,"title":"#林口長庚面試","content":"版上很少有關於長庚面試的相關內容\n自己也是在面試前看到原Po提供的面試內容\n很謝謝妳提供資料給大家\n\n我是等待長庚缺職的人\n某天有意無意想說填填履歷試試看\n結果隔天就收到mail通知說要面試了\n當下馬上傻住,因為mail內容寫了很多東西\n哩理叩叩一堆資料\nhttps://megapx-assets.dcard.tw/images/36c86415-c5fe-4310-a9fa-7b29197665f9/1280.jpeg\n建議大家一定要遵照mail上寫的東西\n資料一定要齊全喔！\n我自己繳交給醫院的都是影本\n正本當天面試我也都有帶著,以防萬一\n很多人都會忘記影印護理積分\n請大家記得去下載自己的護理積分\n務必看清楚自己是否符合每年至少有20點積分(長庚好像蠻在意的）\n\n！！接下來是考試部分\n我自己在面試前有先去趴文過\n大概知道考題方向\n跟大家大概講解一下(僅限林長面試喔！）\n一共有三個部分\n(一)「英翻中」共5題\n一共會有五題，大多都是臨床常見\n像是：hypertension、Diabetes Mellitus(DM)、Pneumothorax 等等\n真的不會寫也沒關係，一題一分，當作是送他好了\n(二)「選擇題」大約10-15題，每題5分\n選擇題部分我覺得蠻基本，不會像國考那樣困難，沒準備考試應該可以對六七成左右\n(三)「簡答題」共兩題，每題15分\n這部分分數佔很重，歷年來考的內容似乎大同小異，我是被考洗手五時機、GCS，除了這兩個一定要會之外，我也有看過有人是考6P\n、三讀五對、疼痛評估量表等等\n\n在考試前學姐會跟大家說考試成績一定要到達60分才能面試，當下大家都很緊張，我不確定是不是每個院區都這麼嚴格，有聽過嘉義院區是考試成績不及格當場叫你離開的，這次面試是沒有，考完試就馬上進行面試了\n我是下午場面試，人數大約30幾個，我們全部分成兩隊同時進行面試，面試官有兩位，感覺一個扮黑臉一個扮白臉，一開始基本的自我介紹，再來不外乎被問到為何來林長，因為我自己是有工作經驗，所以沒被問實習經驗，歷屆畢業生應該就會被問到實習經驗，記得妳自己想去哪個單位，就要盡量講過去有實習過的經驗，從實習中學習到什麼等等，不管怎樣都要讓面試官知道你非去這個單位不可 哈哈😄\n我是被問過去工作有什麼讓自己感到印象深刻的問題，最後好像都會問你想留在長庚多久之類的問題，當然一定要說做到退休，有多久做多久。\n\n以上是我自己的面試經驗\n謝謝前人留下的資訊給我們\n未來想去林長的學長姐學弟妹不妨參考看看\n我是109/1/7面試  \n面試結果大概兩個禮拜會出來\n錄取通知會在長庚的網站上\n若你真的幸運被錄取會有簡訊和mail通知妳\n要準備去可怕的戰場工作了\n希望大家都能適應","excerpt":"版上很少有關於長庚面試的相關內容，自己也是在面試前看到原Po提供的面試內容，很謝謝妳提供資料給大家，我是等待長庚缺職的人，某天有意無意想說填填履歷試試看，結果隔天就收到mail通知說要面試了，當下馬上","anonymousSchool":false,"anonymousDepartment":true,"pinned":false,"forumId":"b22d2f5d-3c06-4d08-96b8-770eb38e8f96","replyId":231947987,"createdAt":"2020-01-27T17:30:53.202Z","updatedAt":"2020-01-27T17:34:59.901Z","commentCount":19,"likeCount":105,"tags":[],"topics":["護理","護理師","醫院","林長面試","林口長庚"],"supportedReactions":null,"withNickname":false,"reportReason":"","hiddenByAuthor":false,"meta":{"layout":"classic"},"forumName":"護理","forumAlias":"nursing","school":"長庚科技大學","replyTitle":"#面試 #更新 長庚應徵內容","gender":"F","personaSubscriptable":null,"reactions":[{"id":"286f599c-f86a-4932-82f0-f5a06f1eca03","count":105}],"hidden":false,"customStyle":null,"isSuspiciousAccount":false,"layout":"classic","withImages":true,"withVideos":false,"media":[{"url":"https://megapx-assets.dcard.tw/images/36c86415-c5fe-4310-a9fa-7b29197665f9/1280.jpeg"}],"reportReasonText":"","mediaMeta":[{"id":"128b0630-155d-4e76-acc7-1052e7bfdbf3","url":"https://megapx-assets.dcard.tw/images/36c86415-c5fe-4310-a9fa-7b29197665f9/640.jpeg","normalizedUrl":"https://megapx-assets.dcard.tw/images/36c86415-c5fe-4310-a9fa-7b29197665f9/640.jpeg","thumbnail":"https://megapx-assets.dcard.tw/images/36c86415-c5fe-4310-a9fa-7b29197665f9/640.jpeg","type":"image/thumbnail","tags":["ANNOTATED"],"createdAt":"2020-01-27T17:30:53.202Z","updatedAt":"2020-01-27T17:34:59.901Z","width":357,"height":640},{"id":"128b0630-155d-4e76-acc7-1052e7bfdbf3","url":"https://megapx-assets.dcard.tw/images/36c86415-c5fe-4310-a9fa-7b29197665f9/1280.jpeg","normalizedUrl":"https://megapx.dcard.tw/v1/images/36c86415-c5fe-4310-a9fa-7b29197665f9","thumbnail":"https://megapx-assets.dcard.tw/images/36c86415-c5fe-4310-a9fa-7b29197665f9/640.jpeg","type":"image/megapx","tags":["ANNOTATED"],"createdAt":"2020-01-27T17:30:53.202Z","updatedAt":"2020-01-27T17:34:59.901Z","width":1117,"height":2000}],"postAvatar":""}