{"id":232953813,"title":"請益中部醫院推薦","content":"各位學姊學妹大家好～\n先祝大家新年快樂🎉\n最近有意到台中發展 想詢問\n📍沙鹿光田 41k 年終1個月 內科不推\n📍中山醫 39k 年終1.5個月 外科ICU不推\n兒科病房氣氛好但是沒缺\n📍大里仁愛 40k 產房推推\n📍梧棲童綜合 39k\n成人外科病房的氣氛～護病比～薪水\n有先爬過文了 以上是大概的數字\n先不考慮交通遠近（尚未北上發展）\n希望可以到台中工作 謝謝大家🙇‍♀️🙇‍♀️🙇‍♀️\n（雖然普遍都推彰基 但是先不考慮 謝謝）","excerpt":"各位學姊學妹大家好～先祝大家新年快樂，最近有意到台中發展 想詢問，沙鹿光田 41k 年終1個月 內科不推，中山醫 39k 年終1.5個月 外科ICU不推，兒科病房氣氛好但是沒缺，大里仁愛 40k 產房","anonymousSchool":false,"anonymousDepartment":false,"pinned":false,"forumId":"b22d2f5d-3c06-4d08-96b8-770eb38e8f96","replyId":null,"createdAt":"2020-01-25T04:07:17.489Z","updatedAt":"2020-01-25T04:07:17.489Z","commentCount":17,"likeCount":14,"tags":["HIDE_THUMBNAIL"],"topics":["醫院","中部","護理師","學長姐幫幫我","工作"],"supportedReactions":null,"withNickname":true,"reportReason":"","hiddenByAuthor":false,"meta":{"layout":"classic"},"forumName":"護理","forumAlias":"nursing","school":"mimikulin","department":"qazplmlin","replyTitle":null,"gender":"F","personaSubscriptable":null,"reactions":[{"id":"286f599c-f86a-4932-82f0-f5a06f1eca03","count":14}],"hidden":false,"customStyle":null,"isSuspiciousAccount":false,"layout":"classic","withImages":false,"withVideos":false,"media":[],"reportReasonText":"","mediaMeta":[],"postAvatar":""}