{"id":232900230,"title":"請益 清福醫院","content":"https://megapx-assets.dcard.tw/images/501dd704-47d4-420b-8f71-8300cea66f7b/1280.jpeg\n\n請問有學長姐待過三峽清福醫院嗎？\n關於薪資、單位狀況等\n網路沒有什麼資訊\n只有他們在人力銀行po的😂\n還有ptt薪資統整表唯一一位有分享的\n但純白班有5萬不知道是主管還是加了績效獎金？😎\n\n有面試過跟他們一樣名字的護理之家\n也爬過相關文章\n那裡薪資、氣氛大部分評價是不錯的\n只是家人還是希望要不要再待醫院看看\n累積內外科經驗\n我也不排斥再回臨床\n只求薪資符合北部水準+氣氛正常(?)🤪\n\n上來請益\n目前以有提供宿舍及地區醫院為主\n謝謝大家🙏🙇🏻‍♀️","excerpt":"請問有學長姐待過三峽清福醫院嗎？關於薪資、單位狀況等，網路沒有什麼資訊，只有他們在人力銀行po的，還有ptt薪資統整表唯一一位有分享的，但純白班有5萬不知道是主管還是加了績效獎金？有面試過跟他們一樣名","anonymousSchool":false,"anonymousDepartment":true,"pinned":false,"forumId":"b22d2f5d-3c06-4d08-96b8-770eb38e8f96","replyId":null,"createdAt":"2020-01-16T06:46:15.783Z","updatedAt":"2020-01-16T06:46:15.783Z","commentCount":2,"likeCount":3,"tags":[],"topics":["護理","醫院","工作","學長姐幫幫我"],"supportedReactions":null,"withNickname":false,"reportReason":"","hiddenByAuthor":false,"meta":{"layout":"classic"},"forumName":"護理","forumAlias":"nursing","school":"耕莘健康管理專科學校","replyTitle":null,"gender":"F","personaSubscriptable":false,"reactions":[{"id":"286f599c-f86a-4932-82f0-f5a06f1eca03","count":3}],"hidden":false,"customStyle":null,"isSuspiciousAccount":false,"layout":"classic","withImages":true,"withVideos":false,"media":[{"url":"https://megapx-assets.dcard.tw/images/501dd704-47d4-420b-8f71-8300cea66f7b/1280.jpeg"}],"reportReasonText":"","mediaMeta":[{"id":"94d729b3-c711-48a1-bb47-7e148a22f5bd","url":"https://megapx-assets.dcard.tw/images/501dd704-47d4-420b-8f71-8300cea66f7b/640.jpeg","normalizedUrl":"https://megapx-assets.dcard.tw/images/501dd704-47d4-420b-8f71-8300cea66f7b/640.jpeg","thumbnail":"https://megapx-assets.dcard.tw/images/501dd704-47d4-420b-8f71-8300cea66f7b/640.jpeg","type":"image/thumbnail","tags":[],"createdAt":"2020-01-16T06:46:15.783Z","updatedAt":"2020-01-16T06:46:15.783Z","width":480,"height":640},{"id":"94d729b3-c711-48a1-bb47-7e148a22f5bd","url":"https://megapx-assets.dcard.tw/images/501dd704-47d4-420b-8f71-8300cea66f7b/1280.jpeg","normalizedUrl":"https://megapx.dcard.tw/v1/images/501dd704-47d4-420b-8f71-8300cea66f7b","thumbnail":"https://megapx-assets.dcard.tw/images/501dd704-47d4-420b-8f71-8300cea66f7b/640.jpeg","type":"image/megapx","tags":[],"createdAt":"2020-01-16T06:46:15.783Z","updatedAt":"2020-01-16T06:46:15.783Z","width":1500,"height":2000}],"postAvatar":""}