{"id":232957723,"title":"實習去護理之家！？","content":"請問各位學長姐，去護理之家實習要注意那些事項啊......\n我人生第一次實習（基護）就抽到護理之家\n很多人都說會很閒，但第一次實習還是會緊張的啊啊啊啊啊啊啊！！！\n\n有哪些技術是該需要注意或常做的嗎？？","excerpt":"請問各位學長姐，去護理之家實習要注意那些事項啊......，我人生第一次實習（基護）就抽到護理之家，很多人都說會很閒，但第一次實習還是會緊張的啊啊啊啊啊啊啊！！！，有哪些技術是該需要注意或常做的嗎？？","anonymousSchool":false,"anonymousDepartment":false,"pinned":false,"forumId":"b22d2f5d-3c06-4d08-96b8-770eb38e8f96","replyId":null,"createdAt":"2020-01-25T17:16:33.943Z","updatedAt":"2020-01-25T17:16:33.943Z","commentCount":6,"likeCount":20,"tags":[],"topics":["學長姐幫幫我","詢問","護理之家","基本護理學","實習"],"supportedReactions":null,"withNickname":false,"reportReason":"","hiddenByAuthor":false,"meta":{"layout":"classic"},"forumName":"護理","forumAlias":"nursing","school":"國立臺中科技大學","department":"護理系","replyTitle":null,"gender":"M","personaSubscriptable":false,"reactions":[{"id":"286f599c-f86a-4932-82f0-f5a06f1eca03","count":20}],"hidden":false,"customStyle":null,"isSuspiciousAccount":false,"layout":"classic","withImages":false,"withVideos":false,"media":[],"reportReasonText":"","mediaMeta":[],"postAvatar":""}