{"id":232968620,"title":"畢業後的工作/門診/刀房/診所","content":"各位學長姐好～\n我預計今年畢業\n但面對護理實在沒有太多熱忱\n喜歡學習教科書上的知識\n但在實習後發現臨床並不是我想要的生活\n而且也發現自己沒辦法輪班\n如果一畢業就去診所或門診\n到底好不好？\n能做一輩子嗎？\n會不會中年被炒魷魚？\n還是去手術室會比較好呢？","excerpt":"各位學長姐好～我預計今年畢業，但面對護理實在沒有太多熱忱，喜歡學習教科書上的知識，但在實習後發現臨床並不是我想要的生活，而且也發現自己沒辦法輪班，如果一畢業就去診所或門診，到底好不好？能做一輩子嗎？會","anonymousSchool":false,"anonymousDepartment":true,"pinned":false,"forumId":"b22d2f5d-3c06-4d08-96b8-770eb38e8f96","replyId":null,"createdAt":"2020-01-27T16:33:49.329Z","updatedAt":"2020-01-28T10:57:08.064Z","commentCount":13,"likeCount":12,"tags":["HIDE_THUMBNAIL"],"topics":["醫院","護理師","工作","壓力","學長姐幫幫我"],"supportedReactions":null,"withNickname":false,"reportReason":"","hiddenByAuthor":false,"meta":{"layout":"classic"},"forumName":"護理","forumAlias":"nursing","school":"輔仁大學","replyTitle":null,"gender":"F","personaSubscriptable":null,"reactions":[{"id":"286f599c-f86a-4932-82f0-f5a06f1eca03","count":12}],"hidden":false,"customStyle":null,"isSuspiciousAccount":false,"layout":"classic","withImages":false,"withVideos":false,"media":[],"reportReasonText":"","mediaMeta":[],"postAvatar":""}