{"id":232932975,"title":"實習生的一些問題","content":"各位學長姐好\n我目前在內外二實習\n但是從內外實習一的時候就覺得很痛苦，感覺跟基護實習差超級多的\n\n通常我在準備選個案時都會搭配內外課本，衛教也都會先查好，但是到醫院的時候，老師還是會問很多問題例如為什麼氣切病人為什麼有guidewire,這種需要交班的問題\n\n我也在下班時詢問學姐，但都沒有得到答案，網路上我很努力找也都找不到，這樣我又不敢交班，難道我要忽略過去嗎\n就說病人出院的時候記得還這樣子\n這是對的嗎\n還有很多諸如此類的問題，每天實習都會被電的很慘，是我不夠努力嗎\n還是我學理太糟糕\n\n前幾天我們要交個案報告，也被老師改的紅字滿篇，我也真的覺得很挫折，實習回家都要先哭再繼續準備作業\n還爆瘦，實習成績不低但是我真的覺得自己是個很糟糕的護生，很多很多的問題都答不出來\n是要靠經驗的累積嗎\n\n想問學長姊怎麼度過這個階段的\n這樣痛苦的階段是正常的嗎\n還是我不適合走護理工作，我不排斥也不喜歡，但是這個工作抗壓性要很強，學長姐是怎麼度過的，況且，我覺得護理生涯是上班才開始，到底要多少的挫折累積才能熬的跟學長姐一樣厲害，也要怎麼調適心情呢？","excerpt":"各位學長姐好，我目前在內外二實習，但是從內外實習一的時候就覺得很痛苦，感覺跟基護實習差超級多的，通常我在準備選個案時都會搭配內外課本，衛教也都會先查好，但是到醫院的時候，老師還是會問很多問題例如為什麼","anonymousSchool":false,"anonymousDepartment":false,"pinned":false,"forumId":"b22d2f5d-3c06-4d08-96b8-770eb38e8f96","replyId":null,"createdAt":"2020-01-21T13:33:48.674Z","updatedAt":"2020-01-21T13:33:48.674Z","commentCount":13,"likeCount":66,"tags":[],"topics":["護理","學長姐幫幫我","詢問","問題","壓力"],"supportedReactions":null,"withNickname":false,"reportReason":"","hiddenByAuthor":false,"meta":{"layout":"classic"},"forumName":"護理","forumAlias":"nursing","school":"弘光科技大學","department":"護理系","replyTitle":null,"gender":"M","personaSubscriptable":true,"reactions":[{"id":"286f599c-f86a-4932-82f0-f5a06f1eca03","count":66}],"hidden":false,"customStyle":null,"isSuspiciousAccount":false,"layout":"classic","withImages":false,"withVideos":false,"media":[],"reportReasonText":"","mediaMeta":[],"postAvatar":""}