{"id":232937366,"title":"北高雄 嬰兒室","content":"請問北高雄三大間有名的婦幼醫院真的有職缺嗎？\n因為從來沒有看到她們下架過\n不曉得是否真的都只是開著但其實沒缺人\n前陣子有投過其中一間也面試過\n但沒被錄取 那還可以在投投看嗎？\n\n想問問最重要的一點是\n那三大間的工作氣氛好嗎？\n（四xxx、馨xx、柏x)\n\n目前我待的這間月子中心氣氛很好\n只不過上層與制度很亂\n讓我們每天都活在驚恐當中\n雖然其實在護理界都大同小異\n但還是想先打打預防針🙏感謝🙏","excerpt":"請問北高雄三大間有名的婦幼醫院真的有職缺嗎？因為從來沒有看到她們下架過，不曉得是否真的都只是開著但其實沒缺人，前陣子有投過其中一間也面試過，但沒被錄取 那還可以在投投看嗎？想問問最重要的一點是，那三大","anonymousSchool":false,"anonymousDepartment":true,"pinned":false,"forumId":"b22d2f5d-3c06-4d08-96b8-770eb38e8f96","replyId":null,"createdAt":"2020-01-22T08:03:08.923Z","updatedAt":"2020-01-22T08:04:50.715Z","commentCount":14,"likeCount":11,"tags":["HIDE_THUMBNAIL"],"topics":["嬰兒","學長姐幫幫我","護理","護理環境","醫院"],"supportedReactions":null,"withNickname":false,"reportReason":"","hiddenByAuthor":false,"meta":{"layout":"classic"},"forumName":"護理","forumAlias":"nursing","school":"輔英科技大學","replyTitle":null,"gender":"F","personaSubscriptable":null,"reactions":[{"id":"286f599c-f86a-4932-82f0-f5a06f1eca03","count":11}],"hidden":false,"customStyle":null,"isSuspiciousAccount":false,"layout":"classic","withImages":false,"withVideos":false,"media":[],"reportReasonText":"","mediaMeta":[],"postAvatar":""}