{"id":232918339,"title":"護理師執業執照","content":"不好意思，想請教版上的大家都是多久後拿到執業執照的？\n因為我從畢業到醫院上班快三個月了，到現在還沒有拿到執業執照，想請問這樣是正常的嗎？不知道要等多久😂\n身邊有差不多同一時間開始上班的同學(待在不同家醫院)已經有拿到執業執照了，所以越想越覺得有點奇怪😂這樣算正常嗎？還是有人也是等很久的嗎？","excerpt":"不好意思，想請教版上的大家都是多久後拿到執業執照的？因為我從畢業到醫院上班快三個月了，到現在還沒有拿到執業執照，想請問這樣是正常的嗎？不知道要等多久，身邊有差不多同一時間開始上班的同學（待在不同家醫院","anonymousSchool":false,"anonymousDepartment":true,"pinned":false,"forumId":"b22d2f5d-3c06-4d08-96b8-770eb38e8f96","replyId":null,"createdAt":"2020-01-19T06:57:16.537Z","updatedAt":"2020-01-19T06:58:20.180Z","commentCount":8,"likeCount":26,"tags":["HIDE_THUMBNAIL"],"topics":["執照","護理師","護理板","新人"],"supportedReactions":null,"withNickname":false,"reportReason":"","hiddenByAuthor":false,"meta":{"layout":"classic"},"forumName":"護理","forumAlias":"nursing","school":"義守大學","replyTitle":null,"gender":"F","personaSubscriptable":false,"reactions":[{"id":"286f599c-f86a-4932-82f0-f5a06f1eca03","count":25},{"id":"4b018f48-e184-445f-adf1-fc8e04ba09b9","count":1}],"hidden":false,"customStyle":null,"isSuspiciousAccount":false,"layout":"classic","withImages":false,"withVideos":false,"media":[],"reportReasonText":"","mediaMeta":[],"postAvatar":""}