{"id":232962823,"title":"Nate熱議🔥 超回 娜恩X健厚下車，Gary兒子接續","content":"https://m.comm.news.nate.com/Comment/ArticleComment/List?artc_sq=20200126n13910&vp=bGlzdD0mY2F0ZT0mY3BjZD0mZGF0ZT0mY2xzdHNxPSZjbHN0YXJ0Y3NxPQ%3D%3D&mid=e02\n娜恩健厚姐弟有了弟弟，為了媽媽的生育準備，所以將要前往瑞士休息，暫時離開了《超人回來了》。\n\n而Gary和他的兒子姜夏吳(音譯)作為新家族登場。\nhttps://megapx-assets.dcard.tw/images/cc09c674-17e2-4733-841d-03d17d0723b5/1280.jpeg\n\n朴柱昊在接受製作組採訪時表示：「能夠拍攝到孩子們成長的樣子，感覺非常好。」當天娜恩和健厚過了生日。 \nhttps://megapx-assets.dcard.tw/images/e821176a-c2f0-4aa9-b7b4-f3cef0cc0b6d/1280.jpeg\n\n/熱評\n❶1142/41｜增加一下威廉的份量吧，到底為什麼Garyㅜ，順便說說，本特利把褲子脫了給了哥哥，不亞於威廉的共鳴能力讚❤️\n❷1052/36｜全部都把自己的孩子丟出來來洗形象\n❸841/32｜真的討厭\n❹92/8｜對外張揚著自己要退出演藝圈，現在打算靠著孩子回歸？\n❺75/2｜結婚後突然的失蹤，現在又出現了，還真是可笑\n❻72/1｜看來是錢花光了，現在幹嘛又帶著孩子出來了，跟running man的成員都斷絕聯繫，現在又在節目上出現還真行啊\n——————————————————\nhttps://m.news.nate.com/view/20200126n14148\nGary和兒子超回登場，時隔三年上節目有許多的煩惱...\n\n/熱評\n❶1458/40｜全都斷絕了就這樣走了現在又回來，對曾經一起做過放送的人都不覺得不好意思嗎\n❷1235/31｜文熙俊看到了應該會更有勇氣吧呵呵，欲蓋彌彰。\n❸1121/27｜超回是形象洗衣店吧","excerpt":"娜恩健厚姐弟有了弟弟，為了媽媽的生育準備，所以將要前往瑞士休息，暫時離開了《超人回來了》。而Gary和他的兒子姜夏吳（音譯）作為新家族登場。朴柱昊在接受製作組採訪時表示：「能夠拍攝到孩子們成長的樣子，","anonymousSchool":false,"anonymousDepartment":false,"pinned":false,"forumId":"14f573f5-3f02-4821-8e18-f561d7b7db91","replyId":null,"createdAt":"2020-01-26T15:48:51.693Z","updatedAt":"2020-01-27T03:04:21.286Z","commentCount":9,"likeCount":115,"tags":[],"topics":["超人回來了","韓網翻譯"],"supportedReactions":null,"withNickname":true,"reportReason":"","hiddenByAuthor":false,"meta":{"layout":"classic"},"forumName":"追星","forumAlias":"entertainer","school":"ㅎㅏㄴ🍂","department":"hansoyeon","replyTitle":null,"gender":"F","personaSubscriptable":true,"reactions":[{"id":"286f599c-f86a-4932-82f0-f5a06f1eca03","count":115}],"hidden":false,"customStyle":null,"isSuspiciousAccount":false,"layout":"classic","withImages":true,"withVideos":false,"media":[{"url":"https://megapx-assets.dcard.tw/images/cc09c674-17e2-4733-841d-03d17d0723b5/1280.jpeg"},{"url":"https://megapx-assets.dcard.tw/images/e821176a-c2f0-4aa9-b7b4-f3cef0cc0b6d/1280.jpeg"}],"reportReasonText":"","mediaMeta":[{"id":"0448b476-a7ef-486f-a59b-a7db689f02d7","url":"https://megapx-assets.dcard.tw/images/cc09c674-17e2-4733-841d-03d17d0723b5/640.jpeg","normalizedUrl":"https://megapx-assets.dcard.tw/images/cc09c674-17e2-4733-841d-03d17d0723b5/640.jpeg","thumbnail":"https://megapx-assets.dcard.tw/images/cc09c674-17e2-4733-841d-03d17d0723b5/640.jpeg","type":"image/thumbnail","tags":["ANNOTATED"],"createdAt":"2020-01-26T15:48:51.693Z","updatedAt":"2020-01-27T03:04:21.286Z","width":163,"height":640},{"id":"0448b476-a7ef-486f-a59b-a7db689f02d7","url":"https://megapx-assets.dcard.tw/images/cc09c674-17e2-4733-841d-03d17d0723b5/1280.jpeg","normalizedUrl":"https://megapx.dcard.tw/v1/images/cc09c674-17e2-4733-841d-03d17d0723b5","thumbnail":"https://megapx-assets.dcard.tw/images/cc09c674-17e2-4733-841d-03d17d0723b5/640.jpeg","type":"image/megapx","tags":["ANNOTATED"],"createdAt":"2020-01-26T15:48:51.693Z","updatedAt":"2020-01-27T03:04:21.286Z","width":500,"height":1967},{"id":"eaf3ee88-56ab-4a22-9f7c-d11fee916dc9","url":"https://megapx-assets.dcard.tw/images/e821176a-c2f0-4aa9-b7b4-f3cef0cc0b6d/1280.jpeg","normalizedUrl":"https://megapx.dcard.tw/v1/images/e821176a-c2f0-4aa9-b7b4-f3cef0cc0b6d","thumbnail":"https://megapx-assets.dcard.tw/images/e821176a-c2f0-4aa9-b7b4-f3cef0cc0b6d/640.jpeg","type":"image/megapx","tags":["ANNOTATED"],"createdAt":"2020-01-26T15:48:51.693Z","updatedAt":"2020-01-27T03:04:21.286Z","width":500,"height":1425}],"postAvatar":""}