{"id":232970389,"title":"最洗的是誰：）","content":"——二更————\nB19 B23 B25 都算我蠻認同的想法\n\n韓星討論在這沒那麼多空間能po/包容\n這是從追之後就發現了\n但我一直都以“純追星板”的角度看待它\n但潛規則自然也知道\n（這些我一開始沒考慮到 是我過失\n這篇文最初指的追星板韓星\n即是以統一比例的角度\n也就是與ytbr、日、歐…都一視同仁\n所以才會扯到板上大多為韓迷文的問題\n也就是一直在爭的「雙標」。\n-如果還各團分開看，我就更不可能會po了\n\n也許真的有人沒訂籃球板之類的\n覺得柯也是“星”，就直接發在上面變成洗版？\n看到自己飯團被洗掉必定難過\n這我也經歷過 何況同時追球的韓迷不多\n\n也許真的有人惡意以此當戰火/惡評酸\n想挑追星板上甚至各類迷間的紛爭？\n身為同時在兩邊的人 我更不希望是這樣\n\n我不知道其他韓迷會不會因此去“韓星板”\n也不知道那些人有無發現自己誤犯“潛規則”\n至少現在洗版頻率有稍下降\n\n韓迷文下不時出現的謾罵我也看慣了\n至少現在該做的不是繼續互戰\n就如留言所說的\n那位最極端的檢舉人(對我)根本是點燃導火線\n\n而就目前來看，在追星的柯洗版\n大多應該都非此板常駐人\n去留言提醒潛規則，或是放著等風聲停？\n我還沒想好統一的作法\n\n——更————\n懶人包：B2的問題我發在 B9\n不管哪個星迷都該被尊重\n至於文下留言 我較少關注\n若真有以「球迷」身份對韓迷開幹的\n我也會覺得丟臉 反之一樣\n\n但我看到的常態是韓星大量洗版\n\n而這次球星憾事還沒幾天\n甚至篇數還沒多少 就被韓迷開攻說是洗版\n這真是我覺得最扯的：）\n\n當然如果也變得像韓洗版一樣洗兩個禮拜\n我照樣會跟原原po一樣不爽\n\n我認同的：\nhttps://i.imgur.com/bAlQL15.jpg\n\n追根究底：沒腦的韓迷會洗版造成互戰\n（這點我不確定是不是）\nhttps://i.imgur.com/1Z7MvVo.jpg\n圖皆自原原po文下\n——原文——————\n先說我兩邊都有在追只是籃球>韓星\n但我不是完全柯迷，是混雜別隊\n韓星原因沒別的 就是剛好最喜歡一個小團\n\n韓星有運頂多出道十年還被愛著不退\n而我剛好就是追那類的 現在頂多沒歌聽\n球星呢？他們一樣每年都是寶貴\n之前藝人憾事洗的快兩週\n你難過，我沒追他就鐵定完全不難過嗎？\n所以我通常到一開始的文下留言 之後是用看的\n\n這次是體育類的，迷妹少漢子多\n粉絲圈在迪卡不夠強大！\n所以 我們就不被容許難過了嗎？？\n這樣乾脆每次有憾事都去心情或時事版啊\n那邊要馬真上熱門要馬就是三顆心：）\n絕對不會洗版 這樣兩方都滿意了吧\n何況跟當時每次藝人洗版的程度\n\n「到底哪邊才是洗版啊？？」\n是曾讓我差點看到想退訂追星的瘋狂！\n這是追星吧……？不是韓星吧？\n但我想著至少他們跟我一樣喜歡韓星\n只檢舉過一次（當然是被拒絕）\n所以才說我只留言最初的文 免得被洗通知\n在台灣藝人方面也是一樣 甚至常洗的更嚴重\n\n兩邊若真想停戰\n韓迷就停止嗆球星，球迷也要收斂口氣\n以影響力來說，不用說鐵定是球星\n但若探討洗版黑歷史，我絕對相信是韓迷\n就跟我們當初會因韓星心疼一樣\n他默默走了 大風波也會漸漸停止\n\n我們球迷該做的不是繼續跟不懂的人爭論\n僅需默默祝福他 或是為著他繼續打球\n\n而我們韓迷該做的\n也不是繼續亂嗆的雙標：）\n而是明白他們也是跟我們一樣崇拜別人的人\n\n這幾天我依然看著房內他的海報，也會哭\n順便再看這篇文是被洗掉還是被知道","excerpt":"——二更————，B19 B23 B25 都算我蠻認同的想法，韓星討論在這沒那麼多空間能po/包容，這是從追之後就發現了，但我一直都以“純追星板”的角度看待它，但潛規則自然也知道，（這些我一開始沒考慮","anonymousSchool":false,"anonymousDepartment":true,"pinned":false,"forumId":"14f573f5-3f02-4821-8e18-f561d7b7db91","replyId":232964921,"createdAt":"2020-01-28T04:17:28.453Z","updatedAt":"2020-01-28T17:04:07.544Z","commentCount":28,"likeCount":11,"tags":[],"topics":["追星"],"supportedReactions":null,"withNickname":false,"reportReason":"","hiddenByAuthor":false,"meta":{"layout":"classic"},"forumName":"追星","forumAlias":"entertainer","school":"世新大學","replyTitle":"台灣明星、球星的粉絲是不是看不懂中文？","gender":"F","personaSubscriptable":false,"reactions":[{"id":"286f599c-f86a-4932-82f0-f5a06f1eca03","count":10},{"id":"aa0d425f-d530-4478-9a77-fe3aedc79eea","count":1}],"hidden":false,"customStyle":null,"isSuspiciousAccount":false,"layout":"classic","withImages":true,"withVideos":false,"media":[{"url":"https://i.imgur.com/bAlQL15.jpg"},{"url":"https://i.imgur.com/1Z7MvVo.jpg"}],"reportReasonText":"","mediaMeta":[{"id":"9ca25a22-bb99-4f04-ac1e-48cce8278dc1","url":"https://i.imgur.com/bAlQL15l.jpg","normalizedUrl":"https://i.imgur.com/bAlQL15l.jpg","thumbnail":"https://i.imgur.com/bAlQL15l.jpg","type":"image/thumbnail","tags":["ANNOTATED"],"createdAt":"2020-01-28T05:45:55.246Z","updatedAt":"2020-01-28T17:04:07.544Z"},{"id":"9ca25a22-bb99-4f04-ac1e-48cce8278dc1","url":"https://i.imgur.com/bAlQL15.jpg","normalizedUrl":"https://imgur.com/bAlQL15","thumbnail":"https://i.imgur.com/bAlQL15l.jpg","type":"image/imgur","tags":["ANNOTATED"],"createdAt":"2020-01-28T05:45:55.246Z","updatedAt":"2020-01-28T17:04:07.544Z"},{"id":"84f1b26e-c8d0-427d-b2ed-2104f40f89ba","url":"https://i.imgur.com/1Z7MvVo.jpg","normalizedUrl":"https://imgur.com/1Z7MvVo","thumbnail":"https://i.imgur.com/1Z7MvVol.jpg","type":"image/imgur","tags":["ANNOTATED"],"createdAt":"2020-01-28T05:45:55.246Z","updatedAt":"2020-01-28T17:04:07.544Z"}],"postAvatar":""}