{"id":232943723,"title":"心目中最可惜沒有拿一位的歌曲","content":"大家都知道音放一位是需要天時地利人和的\n尤其是現在越來越多團體出道\n還有各種奇怪的機器人\n毎個月都是大霧的情況下拿一位又是難上加難\n好 扯遠了😂\n\n今天來分享一些個人覺得很可惜的歌曲\n先說不管是哪一首歌曲拿下(初)一位都很開心\n但就是會有那種心中永遠的遺憾(?)\n相信大家一定也有自己的口袋名單吧!!\n廢話不多說就開始吧!\n\n1⃣WJSN-Secret(最高名次第5)\nhttps://www.youtube.com/watch?v=GUWCKLWXNqE\n2016年延靜加入後的第一首歌曲\n秘密絕對是我心目中的宇少第一神曲❤❤\n歌曲很棒舞蹈也是所有歌曲裡最喜歡的\n服裝也都很好看(宇少有不好看的服裝嗎! 沒有)\n直到2018年Save Me, Save You才正式拿下初一位\n可惜的是中國line沒有參與到\n希望下一次是13個人一起領獎!!\n\n2⃣MONSTA X-Beautiful(最高名次第3)\nhttps://www.youtube.com/watch?v=u0EMrYXQHlE\nMONSTA X的第一張正規專輯\n那時候萌貝貝們希望在正規一這個很有意義的時刻拿下初一位\n毎天拼命投票刷音源刷MV希望多拉幾個夥伴一起努力\n還記得計概課的時候開好幾個分頁在刷😂\n為了貢獻一點銷量所以三版給他買下去\n就此開啟我的第二個賣腎人生\n誰知道星船越來越過分\n現在看到四版都麻木了\n之後的正規後續拿了2位\n終於在11/14也是出道兩年半的那天以DRAMARAMA拿下初一位👏\n看著芒叉越來越好真的腎感欣慰😭\n\n3⃣NCT U-BOSS(最高名次第4)\nhttps://www.youtube.com/watch?v=Q5UUD_mu3mA \n這場絕對是經典中的經典\n道英親自證明的開麥現場👏👏\n軍裝一出來擊垮多少少女心\n前兩年的服裝真的一言難盡\n\nBOSS沒有一位真心意難平阿ㅠㅠ\n作為NCT 2018企劃的第一首歌曲\n當時因為企劃的緣故只發行MV\n沒有音源也還沒有專輯\n因為要應援公司才把歌詞放出來\n掛在音源網站熱搜上但沒有音源😢\n憑藉著MV點擊量達到第4的好成績\n在Produce X 101作為小組評價歌曲\n讓許多人注意到NCT這個團體\nBOSS也成為NCT知名度最高、第一個破億MV的歌曲\n(考古完發現7感的成績更猛，作為參考7感也是單曲)\n\n4⃣NCT 127-無限的我(最高名次第2)\nhttps://www.youtube.com/watch?v=9JcXY5t_Pnk\n這首歌的歌詞很棒很有意義\n馬克說是如同NCT的一首歌\n有興趣的一定要去看看歌詞\n當初一位候補是跟夢夢一起進\n由夢夢拿下NCT的初一位\n雖然很可惜沒能拿下一位\n不過哥哥弟弟都很棒!!\n\n5⃣NCT DREAM-We Go Up(最高名次第2)\nhttps://www.youtube.com/watch?v=QLXvgzik5lU\n放練習室版本給大家聽聽整齊的腳步聲\n治好你的強迫症👍👍\n\nWe Go Up的成績創下NCT的新紀錄\nNCT出道以來音源最高順位、無線台一位候補\n我們小忙內志晟被感動到哭😭\n屬於七夢的第一張也是最後一張的迷你專輯\n雖然夢夢已經拿過一位\n但還沒有7個人一起拿過\n如果能在馬克畢業前7個人一起拿一次一位\n讓娜娜親手接下獎盃是一件多有意義的事\n可惜最終只在2位止步\n小朋友們還開直播安慰粉絲\n明明他們自己也很失落ㅠㅠ\n\n以上是我的口袋名單\n不知道大家的想法是不是跟我一樣\n也歡迎分享自己的口袋名單~~\n그럼 20000👋","excerpt":"大家都知道音放一位是需要天時地利人和的，尤其是現在越來越多團體出道，還有各種奇怪的機器人，毎個月都是大霧的情況下拿一位又是難上加難，好 扯遠了，今天來分享一些個人覺得很可惜的歌曲，先說不管是哪一首歌曲","anonymousSchool":false,"anonymousDepartment":true,"pinned":false,"forumId":"14f573f5-3f02-4821-8e18-f561d7b7db91","replyId":null,"createdAt":"2020-01-23T08:59:01.946Z","updatedAt":"2020-01-23T08:59:01.946Z","commentCount":67,"likeCount":395,"tags":[],"topics":["WJSN","MONSTAX","NCT"],"supportedReactions":null,"withNickname":false,"reportReason":"","hiddenByAuthor":false,"meta":{"layout":"classic"},"forumName":"追星","forumAlias":"entertainer","school":"靜宜大學","replyTitle":null,"gender":"F","personaSubscriptable":null,"reactions":[{"id":"286f599c-f86a-4932-82f0-f5a06f1eca03","count":395}],"hidden":false,"customStyle":null,"isSuspiciousAccount":false,"layout":"classic","withImages":false,"withVideos":false,"media":[],"reportReasonText":"","mediaMeta":[{"id":"865f5534-fd83-4fe1-8518-228640878a4f","url":"https://img.youtube.com/vi/GUWCKLWXNqE/hqdefault.jpg","normalizedUrl":"https://img.youtube.com/vi/GUWCKLWXNqE/hqdefault.jpg","thumbnail":"https://img.youtube.com/vi/GUWCKLWXNqE/hqdefault.jpg","type":"image/thumbnail","tags":["ANNOTATED"],"createdAt":"2020-01-23T08:59:01.946Z","updatedAt":"2020-01-23T08:59:01.946Z"},{"id":"865f5534-fd83-4fe1-8518-228640878a4f","url":"https://www.youtube.com/watch?v=GUWCKLWXNqE","normalizedUrl":"https://www.youtube.com/watch?v=GUWCKLWXNqE","thumbnail":"https://img.youtube.com/vi/GUWCKLWXNqE/hqdefault.jpg","type":"video/youtube","tags":["ANNOTATED"],"createdAt":"2020-01-23T08:59:01.946Z","updatedAt":"2020-01-23T08:59:01.946Z"},{"id":"47979229-3eb0-4b9d-8b59-4a47ae5b24ac","url":"https://www.youtube.com/watch?v=u0EMrYXQHlE","normalizedUrl":"https://www.youtube.com/watch?v=u0EMrYXQHlE","thumbnail":"https://img.youtube.com/vi/u0EMrYXQHlE/hqdefault.jpg","type":"video/youtube","tags":["ANNOTATED"],"createdAt":"2020-01-23T08:59:01.946Z","updatedAt":"2020-01-23T08:59:01.946Z"},{"id":"31ec87df-229b-478c-a2ca-0d96b57c1a95","url":"https://www.youtube.com/watch?v=Q5UUD_mu3mA","normalizedUrl":"https://www.youtube.com/watch?v=Q5UUD_mu3mA","thumbnail":"https://img.youtube.com/vi/Q5UUD_mu3mA/hqdefault.jpg","type":"video/youtube","tags":["ANNOTATED"],"createdAt":"2020-01-23T08:59:01.946Z","updatedAt":"2020-01-23T08:59:01.946Z"},{"id":"a7d0773f-11d5-493f-a72b-d17cc41fa739","url":"https://www.youtube.com/watch?v=9JcXY5t_Pnk","normalizedUrl":"https://www.youtube.com/watch?v=9JcXY5t_Pnk","thumbnail":"https://img.youtube.com/vi/9JcXY5t_Pnk/hqdefault.jpg","type":"video/youtube","tags":["ANNOTATED"],"createdAt":"2020-01-23T08:59:01.946Z","updatedAt":"2020-01-23T08:59:01.946Z"},{"id":"b87fb6e6-6b49-4378-85c5-9d9cb6e22970","url":"https://www.youtube.com/watch?v=QLXvgzik5lU","normalizedUrl":"https://www.youtube.com/watch?v=QLXvgzik5lU","thumbnail":"https://img.youtube.com/vi/QLXvgzik5lU/hqdefault.jpg","type":"video/youtube","tags":["ANNOTATED"],"createdAt":"2020-01-23T08:59:01.946Z","updatedAt":"2020-01-23T08:59:01.946Z"}],"postAvatar":""}