{"id":232960173,"title":"KKTIX退票期限剛好遇到春節","content":"想問一下，\n我在KITTX買的票，退票期限是購票日後第二天開始起算的三天，\n但購票後剛好就遇到春節連續七天的假期，\n是不是退票期限會往後延到初六起算?\n我購票後的三天，郵局都沒開不知道怎麼寄回去，KKTIX客服春節也休息無法打過去問...\n\n有人知道這樣的狀況退票期限會延後嗎？\n還是一樣三天內要退票完成?","excerpt":"想問一下，我在KITTX買的票，退票期限是購票日後第二天開始起算的三天，但購票後剛好就遇到春節連續七天的假期，是不是退票期限會往後延到初六起算？我購票後的三天，郵局都沒開不知道怎麼寄回去，KKTIX客","anonymousSchool":false,"anonymousDepartment":false,"pinned":false,"forumId":"14f573f5-3f02-4821-8e18-f561d7b7db91","replyId":null,"createdAt":"2020-01-26T07:19:51.953Z","updatedAt":"2020-01-26T07:19:51.953Z","commentCount":2,"likeCount":2,"tags":[],"topics":["追星"],"supportedReactions":null,"withNickname":false,"reportReason":"","hiddenByAuthor":false,"meta":{"layout":"classic"},"forumName":"追星","forumAlias":"entertainer","school":"輔仁大學","department":"法律學系","replyTitle":null,"gender":"F","personaSubscriptable":false,"reactions":[{"id":"286f599c-f86a-4932-82f0-f5a06f1eca03","count":2}],"hidden":false,"customStyle":null,"isSuspiciousAccount":false,"layout":"classic","withImages":false,"withVideos":false,"media":[],"reportReasonText":"","mediaMeta":[],"postAvatar":""}