{"id":232940010,"title":"#問 Block B歷史","content":"更）想問問Block B的歷史，因為飯了不久，而且資料都很零碎😭\n飯上不久所以很多都不清楚，想問問Harmonics是不是雞經的組合？然後發了The letter這歌？\n但我看到有人說跟BTOB有關？\n這歌真的很好聽欸！\n\nhttps://youtu.be/PmrbFah9pwA","excerpt":"更）想問問Block B的歷史，因為飯了不久，而且資料都很零碎，飯上不久所以很多都不清楚，想問問Harmonics是不是雞經的組合？然後發了The letter這歌？但我看到有人說跟BTOB有關？這歌","anonymousSchool":false,"anonymousDepartment":true,"pinned":false,"forumId":"14f573f5-3f02-4821-8e18-f561d7b7db91","replyId":null,"createdAt":"2020-01-22T15:33:43.203Z","updatedAt":"2020-01-22T16:11:58.125Z","commentCount":7,"likeCount":23,"tags":["HIDE_THUMBNAIL"],"topics":["BlockB","Zico","朴經"],"supportedReactions":null,"withNickname":false,"reportReason":"","hiddenByAuthor":false,"meta":{"layout":"classic"},"forumName":"追星","forumAlias":"entertainer","school":"香港教育大學","replyTitle":null,"gender":"F","personaSubscriptable":true,"reactions":[{"id":"286f599c-f86a-4932-82f0-f5a06f1eca03","count":23}],"hidden":false,"customStyle":null,"isSuspiciousAccount":false,"layout":"classic","withImages":false,"withVideos":false,"media":[],"reportReasonText":"","mediaMeta":[{"id":"49b35bbc-5f62-4368-9fbd-a51eec8939c8","url":"https://youtu.be/PmrbFah9pwA","normalizedUrl":"https://www.youtube.com/watch?v=PmrbFah9pwA","thumbnail":"https://img.youtube.com/vi/PmrbFah9pwA/hqdefault.jpg","type":"video/youtube","tags":["ANNOTATED"],"createdAt":"2020-01-22T15:33:43.203Z","updatedAt":"2020-01-22T16:11:58.125Z"}],"postAvatar":""}