{"id":232959724,"title":"探討AKB48 TeamTP未能大紅原因","content":"AKB48 TeamTP為日本AKB48以台灣台北為據點活動的官方姊妹團體\n最早於2011年時日方曾官宣要與吉本興業合作設立首個海外姊妹團「TPE48」\n但後來計畫告吹改成立印尼雅加達的JKT48與中國上海的SNH48 (當時TPE48官方色還是後來SNH用的水藍)\nhttp://i.imgur.com/QM2q42j.png\n\n2016年在已被粉絲認定是都市傳說的TPE48\n突然在AKB演唱會上宣布重新啟動，並與泰國曼谷BNK48 菲律賓馬尼拉MNL48同時成立\n\nhttp://i.imgur.com/Ewv9qjP.jpg\n\nhttp://i.imgur.com/9St6tsv.jpg\n\nhttp://i.imgur.com/BSsqrMf.jpg\n\nhttp://i.imgur.com/NUv7Z4v.png\n\n原本預計2018年年中會正式出道的TPE48\n但卻因為遇上經紀公司惡意倒閉，出道計畫就這樣停擺\n同年7月日本AKS發表將TPE48運營權轉移給現任經紀公司\n並且改名為「AKB48 TeamTP」重新出發\n年底正式以首張單曲「勇往直前」正式出道\n\nhttp://i.imgur.com/drKgsTk.jpg\n\n\n說起來台北團的命運多舛\n從第一個海外姊妹團體到中間死而復生再來被營運亂搞最後被日方再復活\n反觀同一時間宣佈的曼谷BNK48現在紅到連本部都要去蹭他們熱度\n2018紅白還派出一半成員與本部AKB一起合作舞台\n還破天荒的讓日方在同一國家開設第二個姊妹團CGM48\n更讓泰國營運方開設男子團體THE BROTHERs (SNH表示....是在哈囉?)\n\n但現在Team TP真的處在不溫不火的狀態 現在來探討為何無法大紅原因\n\n(1) 日系偶像不被大多年輕人接受\nhttp://i.imgur.com/EZ3yLb4.jpg\n\n在現今韓流當道的世界，喜愛日系偶像真的算是偏少數，而且TP的粉絲幾乎都是AKB粉來的，再且AKB的形象說實在的在路人當中真的不是特別有好感 (成員下海 宅男什麼的深植路人心啊...)\n\n(2) 團名過於難念 難記\n\nhttp://i.imgur.com/NTjj2DG.jpg\n\n原本的TPE48其實真的很好念，但是可能是TPE48被前公司註冊沒辦法用了，所以才改名叫Team TP，亦或者是受到中國上海的Team SH影響(都唱中文的 所以統一性? 但其他國家都是城市名+48 只有中華圈的兩團是分隊 這多少會扯到政治問題影響發展)\nAKB這名字確實給台北團裹著重重的日系烙印，再來TP又缺少了台北團獨特性(JKT48 BNK48等等唸起來多有感覺啊) TP只感覺是AKB旗下的一支分隊 始終無法與本部區隔，然後名字真的太過冗長 甚至光Team TP中間要不要空格都足以影響路人搜索\n而且路人都能把AKB Forty eight唸成四八了 再加上Team TP 是要英文不好的人去撞牆嗎? 搞不好改成\"AKB四八 台北隊\"還比較容易出村\n\n(3) 無代表性成員 只能在村內自嗨\nhttp://i.imgur.com/Di9FWyM.jpg\nAKB出了前田 大島 SKE出了W松井 NMB出了山本跟渡邊美 HKT出了指原 宮脇\n海外團也效仿日本推一人帶整團出村 像是JKT出了Melody BNK出了Cherprang Music 等等\n但是目前在TP是有跡象是要推邱品涵上位，但是個人覺得TP目前還缺少這種ace級別人物，不是說邱品涵不好，而是她太過於沒有ace的氣勢 很難帶起團體的國民度\n\n(4) 阿部卒業\nhttp://i.imgur.com/vqa4RcJ.jpg\n\n原本在TP擁有高話題度的阿部瑪利亞，發完第二張單曲後就火速選擇畢業\n在木躍讓更多年輕群眾認識她進而認識到TP 她的畢業無非是給TP一大重擊\n而且畢業後也基本上與TP脫離 鮮少看到再與TP成員有互動\n若發新曲能上阿部的木躍去宣傳 或許年輕人認識TP的人會多一點\n而營運方近期應該是有意要推阿部第二 同為日籍的藤井麻由\n或許策略就是要讓外籍成員成為團體的賣點之一?!\n\n(5)少了推廣成員的節目\nhttp://i.imgur.com/Ky66tkC.jpg\nAKBINGO! 是AKB的招牌節目，在節目中粉絲可以看到成員不顧形象的演出\n也因此誕生很多名場面與很多話題\n其實粉絲敲碗專屬團綜蠻久了，可能營運方有聽到敲碗聲但是卡在經費或是贊助商之類的?怎樣不得而知 但還是希望能有專屬節目 來讓路人甚至粉絲更認識成員\n\n(6) 成員人設不明確\nhttp://i.imgur.com/gd48h3N.jpg\n 現在每個團體幾乎最火的成員背後都有個官方CP \n這也是現在很多粉絲津津樂道的 (可以參考對岸SNH 卡黃@@)\n原本人氣不溫不火的成員因為CP加持就這樣上位了\n建議營運方可以推個CP 讓粉絲有個茶餘飯後話題甚至創作靈感來源(?!)\n而目前團員每個人物設定在路人眼中就是\"萌妹子\"\n成員幾乎都是同一類型 毫無亮點去吸路人眼球\n\n(7) 營運\"驚喜\"不足\nhttp://i.imgur.com/OqgmJdV.jpg\nAKB傳統就是每有重大活動必有個\"重大發表\"\n但是TP在這方面就沒有特別下工夫\n每次mini concert或是活動都是無事終了，真的會少了很多討論度\n也好歹發表個新單選拔組 看看少女們的驚喜眼淚跟聽聽台下肥宅們的驚呼聲吧\n表情夠有戲或許還能被做成表情包在民間流傳(!)\n\n(8) 營運方不善炒作話題\nhttp://i.imgur.com/n2UY2gU.png\n像這次邱品涵上了紅白，有發新聞通稿給各大媒體，但是現在這種新媒體時代，往往點擊率高的通常都不是這種太過正經的報導，而這次第三張單曲的C/W曲\"Only Today\"在AKB飯圈內可是著名的小三之歌，如果營運方能用這首歌曲炒話題，或許能吸引喜歡新鮮的年輕路人去點擊\n\n(9) 沒有專屬表演場地 粉絲沒有固定聚集場所\nhttp://i.imgur.com/UJfjBNh.jpg\nAKB系最大賣點就是可面對面偶像，擁有專屬表演場地可供粉絲朝聖\n但是TP目前無任何定點劇場，而每天安排成員去當直播主(另類的可面對面偶像?)\n而強國的SH去年也宣部今年要開始定點劇場表演，希望TP這項計畫能在今年始動\n\n\n總之 希望TP能早日出村，2020火一次 成為真正的國民女團吧！\n(好希望能將團名改回TPE48阿 不然TPI48也行 XD)","excerpt":"AKB48 TeamTP為日本AKB48以台灣台北為據點活動的官方姊妹團體，最早於2011年時日方曾官宣要與吉本興業合作設立首個海外姊妹團「TPE48」但後來計畫告吹改成立印尼雅加達的JKT48與中國","anonymousSchool":false,"anonymousDepartment":true,"pinned":false,"forumId":"14f573f5-3f02-4821-8e18-f561d7b7db91","replyId":null,"createdAt":"2020-01-26T05:49:12.317Z","updatedAt":"2020-01-26T05:49:12.317Z","commentCount":65,"likeCount":375,"tags":[],"topics":["akb48teamtp","AKB48"],"supportedReactions":null,"withNickname":false,"reportReason":"","hiddenByAuthor":false,"meta":{"layout":"classic"},"forumName":"追星","forumAlias":"entertainer","school":"成均館大學","replyTitle":null,"gender":"M","personaSubscriptable":false,"reactions":[{"id":"286f599c-f86a-4932-82f0-f5a06f1eca03","count":373},{"id":"514c2569-fd53-4d9d-a415-bf0f88e7329f","count":1},{"id":"aa0d425f-d530-4478-9a77-fe3aedc79eea","count":1}],"hidden":false,"customStyle":null,"isSuspiciousAccount":false,"layout":"classic","withImages":true,"withVideos":false,"media":[{"url":"http://i.imgur.com/QM2q42j.png"},{"url":"http://i.imgur.com/Ewv9qjP.jpg"},{"url":"http://i.imgur.com/9St6tsv.jpg"},{"url":"http://i.imgur.com/BSsqrMf.jpg"},{"url":"http://i.imgur.com/NUv7Z4v.png"},{"url":"http://i.imgur.com/drKgsTk.jpg"},{"url":"http://i.imgur.com/EZ3yLb4.jpg"},{"url":"http://i.imgur.com/NTjj2DG.jpg"},{"url":"http://i.imgur.com/Di9FWyM.jpg"},{"url":"http://i.imgur.com/vqa4RcJ.jpg"},{"url":"http://i.imgur.com/Ky66tkC.jpg"},{"url":"http://i.imgur.com/gd48h3N.jpg"},{"url":"http://i.imgur.com/OqgmJdV.jpg"},{"url":"http://i.imgur.com/n2UY2gU.png"},{"url":"http://i.imgur.com/UJfjBNh.jpg"}],"reportReasonText":"","mediaMeta":[{"id":"3c7bdac7-60d8-4565-b2ac-8e196565067d","url":"https://i.imgur.com/QM2q42jl.jpg","normalizedUrl":"https://i.imgur.com/QM2q42jl.jpg","thumbnail":"https://i.imgur.com/QM2q42jl.jpg","type":"image/thumbnail","tags":["ANNOTATED"],"createdAt":"2020-01-26T05:49:12.317Z","updatedAt":"2020-01-26T05:49:12.317Z"},{"id":"3c7bdac7-60d8-4565-b2ac-8e196565067d","url":"http://i.imgur.com/QM2q42j.png","normalizedUrl":"https://imgur.com/QM2q42j","thumbnail":"https://i.imgur.com/QM2q42jl.jpg","type":"image/imgur","tags":["ANNOTATED"],"createdAt":"2020-01-26T05:49:12.317Z","updatedAt":"2020-01-26T05:49:12.317Z"},{"id":"c7f2841b-fc1f-4c68-8a28-3e5d490a9f3b","url":"http://i.imgur.com/Ewv9qjP.jpg","normalizedUrl":"https://imgur.com/Ewv9qjP","thumbnail":"https://i.imgur.com/Ewv9qjPl.jpg","type":"image/imgur","tags":["ANNOTATED"],"createdAt":"2020-01-26T05:49:12.317Z","updatedAt":"2020-01-26T05:49:12.317Z"},{"id":"b845269b-f290-4b08-8762-0334429aaf32","url":"http://i.imgur.com/9St6tsv.jpg","normalizedUrl":"https://imgur.com/9St6tsv","thumbnail":"https://i.imgur.com/9St6tsvl.jpg","type":"image/imgur","tags":["ANNOTATED"],"createdAt":"2020-01-26T05:49:12.317Z","updatedAt":"2020-01-26T05:49:12.317Z"},{"id":"fb946c1e-3b4e-4793-91bf-27b763f2c6a6","url":"http://i.imgur.com/BSsqrMf.jpg","normalizedUrl":"https://imgur.com/BSsqrMf","thumbnail":"https://i.imgur.com/BSsqrMfl.jpg","type":"image/imgur","tags":["ANNOTATED"],"createdAt":"2020-01-26T05:49:12.317Z","updatedAt":"2020-01-26T05:49:12.317Z"},{"id":"b2adf445-287c-40af-97dc-957af1f22b12","url":"http://i.imgur.com/NUv7Z4v.png","normalizedUrl":"https://imgur.com/NUv7Z4v","thumbnail":"https://i.imgur.com/NUv7Z4vl.jpg","type":"image/imgur","tags":["ANNOTATED"],"createdAt":"2020-01-26T05:49:12.317Z","updatedAt":"2020-01-26T05:49:12.317Z"},{"id":"73b94387-3426-442b-b36d-95b5a213bd95","url":"http://i.imgur.com/drKgsTk.jpg","normalizedUrl":"https://imgur.com/drKgsTk","thumbnail":"https://i.imgur.com/drKgsTkl.jpg","type":"image/imgur","tags":["ANNOTATED"],"createdAt":"2020-01-26T05:49:12.317Z","updatedAt":"2020-01-26T05:49:12.317Z"},{"id":"33d820df-e684-481e-af0f-5811635e30a1","url":"http://i.imgur.com/EZ3yLb4.jpg","normalizedUrl":"https://imgur.com/EZ3yLb4","thumbnail":"https://i.imgur.com/EZ3yLb4l.jpg","type":"image/imgur","tags":["ANNOTATED"],"createdAt":"2020-01-26T05:49:12.317Z","updatedAt":"2020-01-26T05:49:12.317Z"},{"id":"dc093bd1-7ccf-4fff-9db6-5410008dc849","url":"http://i.imgur.com/NTjj2DG.jpg","normalizedUrl":"https://imgur.com/NTjj2DG","thumbnail":"https://i.imgur.com/NTjj2DGl.jpg","type":"image/imgur","tags":["ANNOTATED"],"createdAt":"2020-01-26T05:49:12.317Z","updatedAt":"2020-01-26T05:49:12.317Z"},{"id":"e2c8c949-c74c-420c-b90e-1307f57cc38f","url":"http://i.imgur.com/Di9FWyM.jpg","normalizedUrl":"https://imgur.com/Di9FWyM","thumbnail":"https://i.imgur.com/Di9FWyMl.jpg","type":"image/imgur","tags":["ANNOTATED"],"createdAt":"2020-01-26T05:49:12.317Z","updatedAt":"2020-01-26T05:49:12.317Z"},{"id":"769b9e89-f5cf-4663-b95f-e12a654bdba5","url":"http://i.imgur.com/vqa4RcJ.jpg","normalizedUrl":"https://imgur.com/vqa4RcJ","thumbnail":"https://i.imgur.com/vqa4RcJl.jpg","type":"image/imgur","tags":["ANNOTATED"],"createdAt":"2020-01-26T05:49:12.317Z","updatedAt":"2020-01-26T05:49:12.317Z"},{"id":"fc27bdd1-8b25-4bbf-8db9-9386ec4d8c74","url":"http://i.imgur.com/Ky66tkC.jpg","normalizedUrl":"https://imgur.com/Ky66tkC","thumbnail":"https://i.imgur.com/Ky66tkCl.jpg","type":"image/imgur","tags":["ANNOTATED"],"createdAt":"2020-01-26T05:49:12.317Z","updatedAt":"2020-01-26T05:49:12.317Z"},{"id":"6082ec2e-5056-4241-a14a-c5921eae2b1e","url":"http://i.imgur.com/gd48h3N.jpg","normalizedUrl":"https://imgur.com/gd48h3N","thumbnail":"https://i.imgur.com/gd48h3Nl.jpg","type":"image/imgur","tags":["ANNOTATED"],"createdAt":"2020-01-26T05:49:12.317Z","updatedAt":"2020-01-26T05:49:12.317Z"},{"id":"6d9c8357-d431-4b4c-8d8e-6317c407b764","url":"http://i.imgur.com/OqgmJdV.jpg","normalizedUrl":"https://imgur.com/OqgmJdV","thumbnail":"https://i.imgur.com/OqgmJdVl.jpg","type":"image/imgur","tags":["ANNOTATED"],"createdAt":"2020-01-26T05:49:12.317Z","updatedAt":"2020-01-26T05:49:12.317Z"},{"id":"447ff4ce-4dfc-4d9f-aaa9-579b18ba5bca","url":"http://i.imgur.com/n2UY2gU.png","normalizedUrl":"https://imgur.com/n2UY2gU","thumbnail":"https://i.imgur.com/n2UY2gUl.jpg","type":"image/imgur","tags":["ANNOTATED"],"createdAt":"2020-01-26T05:49:12.317Z","updatedAt":"2020-01-26T05:49:12.317Z"},{"id":"b007948a-2a39-4f5a-ac22-331da0074bf4","url":"http://i.imgur.com/UJfjBNh.jpg","normalizedUrl":"https://imgur.com/UJfjBNh","thumbnail":"https://i.imgur.com/UJfjBNhl.jpg","type":"image/imgur","tags":["ANNOTATED"],"createdAt":"2020-01-26T05:49:12.317Z","updatedAt":"2020-01-26T05:49:12.317Z"}],"postAvatar":""}