{"id":232936836,"title":"Hello this is PLEDIS ENTERTAINMENT.","content":"Hello this is PLEDIS ENTERTAINMENT.\n每次看到這句…\n10次當中應該有9.9次都是不好的消息吧?!\n在還沒看內文前，心都會揪一下\n我們的男孩們發生什麼事了???\n\n在美巡期間就收到2次\n1/15休斯頓場，The 8因感冒缺席\n1/21聖荷西場，Jun因感冒缺席\n1/17墨西哥場，淨漢說到還是有暈眩的問題\n1/19洛杉磯場，DK好像也微恙而缺席了彩排\n\n克拉們都懷著矛盾的心態\n希望可以常常看到17\n同時又希望17不要太累\n美巡回來一定要好好休息\n你們就像這樣躺好躺滿吧~~\n\n一直有個好的預感\n春節過後就可以看到SEVENTEEN完整體\n成員們都是在最好的狀態下站在舞台上光發\nS.coups呀~你曾經在躺放中說過\n舞台上站著11人 12人 13人時，舞台能量真的不一樣\n你知道嗎…克拉們也有一樣的想法\nhttps://www.vlive.tv/video/34884/playlist/82992\nTo meet SEVENTEEN, I used up a lifetime’s worth of luck.\n如果可以…希望發生在我身上的好運可以換來十七仔的健康\n希望這個預感是真的…\n我們相約2020.02.29\n\nhttp://i.imgur.com/aHZJ9Wz.jpg","excerpt":"Hello this is PLEDIS ENTERTAINMENT.，每次看到這句…，10次當中應該有9.9次都是不好的消息吧？！，在還沒看內文前，心都會揪一下，我們的男孩們發生什麼事了？？？在美巡","anonymousSchool":false,"anonymousDepartment":false,"pinned":false,"forumId":"14f573f5-3f02-4821-8e18-f561d7b7db91","replyId":null,"createdAt":"2020-01-22T06:02:01.287Z","updatedAt":"2020-01-22T06:04:26.010Z","commentCount":16,"likeCount":268,"tags":[],"topics":["SEVENTEEN","心情","追星","演唱會","韓星"],"supportedReactions":null,"withNickname":true,"reportReason":"","hiddenByAuthor":false,"meta":{"layout":"classic"},"forumName":"追星","forumAlias":"entertainer","school":"BF💎Carat","department":"tseng550001","replyTitle":null,"gender":"F","personaSubscriptable":false,"reactions":[{"id":"286f599c-f86a-4932-82f0-f5a06f1eca03","count":249},{"id":"514c2569-fd53-4d9d-a415-bf0f88e7329f","count":17},{"id":"011ead16-9b83-4729-9fde-c588920c6c2d","count":2}],"hidden":false,"customStyle":null,"isSuspiciousAccount":false,"layout":"classic","withImages":true,"withVideos":false,"media":[{"url":"http://i.imgur.com/aHZJ9Wz.jpg"}],"reportReasonText":"","mediaMeta":[{"id":"42b52007-3b6a-4788-b861-8f28d64735fc","url":"https://i.imgur.com/aHZJ9Wzl.jpg","normalizedUrl":"https://i.imgur.com/aHZJ9Wzl.jpg","thumbnail":"https://i.imgur.com/aHZJ9Wzl.jpg","type":"image/thumbnail","tags":["ANNOTATED"],"createdAt":"2020-01-22T06:02:01.287Z","updatedAt":"2020-01-22T06:04:26.010Z"},{"id":"42b52007-3b6a-4788-b861-8f28d64735fc","url":"http://i.imgur.com/aHZJ9Wz.jpg","normalizedUrl":"https://imgur.com/aHZJ9Wz","thumbnail":"https://i.imgur.com/aHZJ9Wzl.jpg","type":"image/imgur","tags":["ANNOTATED"],"createdAt":"2020-01-22T06:02:01.287Z","updatedAt":"2020-01-22T06:04:26.010Z"}],"postAvatar":""}