{"id":232938832,"title":"關於BTS GFRIEND","content":"之前一直對女友這團很有好感\n直到最近看了很多舞台才徹底愛上她們\n\n前幾天她們發了2/3回歸的消息\n這次是被大黑收購後首次韓國回歸(應該是吧\n專輯名為 回：LABYRINTH\n從專輯名來看真的蠻有大黑的風格\n\n記得好像之前有人說是會獨立經營\n不過昨天歌單出來\n有兩首大黑老闆也有參與\nhttps://megapx.dcard.tw/v1/images/09c553da-63f9-4fd0-95c2-775ae113fd5f/encode/1280\n\n前幾天發出來的預告\nhttps://youtu.be/yRp0GIiwUmk\n\n現在統一用bighitlabels這個帳號了\n於是子公司Source music的女友也被發在這\n\n以下正題開始\n因為這個發現女友被一些不理性的阿米攻擊\n\n被攻擊的點有\n1.發在同個帳號 覺得女友在靠防彈帶流量\n2.專輯概念有抄襲防彈花樣年華的感覺\n3.覺得防彈賺的錢被拿去養女團了(這個是剛被收購就常被拿來攻擊的點)\n還有的攻擊說女友不紅為啥大黑要併入、扯師弟是親兒子還不如女友這個養女(對真的很難聽 之類的話\n\n個人覺得公司之間收購這些利益問題\n愛豆們也沒辦法插手干預\n況且女友她們也是自己養活小公司的女團\n在南韓女團也算是蠻有名的了\n有些人卻覺得她們沒什麼努力憑什麼可以享有防彈的資源\n說真的mv預告發在大黑官方帳號確實多少有帶來一些流量\n不過她們本來就是一家的為什麼要區分那麼清楚\n\n有些人只是看不慣大黑多了個女團吧\n居然有人說防彈賺的錢被女友拿去用\n這個真的還蠻傻眼的...\n女友自己也有行程也有在賺錢\n\n你家偶像你視為你的寶貝可以\n但這不代表你可以隨意黑酸別人家的偶像\n我知道還是有很多理性的阿米都表示支持女友回歸幫她們加油打氣\n只是偶爾看到不好的留言還是會替女友她們報不平😭\n\n凡是女團跟男團扯上關係 大多都是女生被黑\n性別錯誤真的是很慘 加上防彈又是大勢團\n希望大黑不要搞什麼女友防彈合作舞台(無惡意\n因為真的很怕她們又被黑QQ\n公司的錯不要上升到偶像啊啊啊\n\n最後祝女友這次回歸大發！\nhttps://megapx.dcard.tw/v1/images/38da0e2d-1d1f-4544-8a2f-c95d432a96c6/encode/1280\n\n附上昨天直播 粉色小河好可愛❤️\nhttps://megapx.dcard.tw/v1/images/f97f6b91-3742-48b9-bca8-e62e421d544d/encode/1280","excerpt":"之前一直對女友這團很有好感，直到最近看了很多舞台才徹底愛上她們，前幾天她們發了2/3回歸的消息，這次是被大黑收購後首次韓國回歸（應該是吧，專輯名為 回：LABYRINTH，從專輯名來看真的蠻有大黑的風","anonymousSchool":false,"anonymousDepartment":true,"pinned":false,"forumId":"14f573f5-3f02-4821-8e18-f561d7b7db91","replyId":null,"createdAt":"2020-01-22T12:29:27.930Z","updatedAt":"2020-01-22T12:29:27.930Z","commentCount":131,"likeCount":958,"tags":[],"topics":["韓星","追星","防彈少年團","Gfriend"],"supportedReactions":null,"withNickname":false,"reportReason":"","hiddenByAuthor":false,"meta":{"layout":"classic"},"forumName":"追星","forumAlias":"entertainer","school":"國立臺北大學","replyTitle":null,"gender":"F","personaSubscriptable":false,"reactions":[{"id":"286f599c-f86a-4932-82f0-f5a06f1eca03","count":931},{"id":"aa0d425f-d530-4478-9a77-fe3aedc79eea","count":15},{"id":"514c2569-fd53-4d9d-a415-bf0f88e7329f","count":10},{"id":"011ead16-9b83-4729-9fde-c588920c6c2d","count":2}],"hidden":false,"customStyle":null,"isSuspiciousAccount":false,"layout":"classic","withImages":false,"withVideos":false,"media":[],"reportReasonText":"","mediaMeta":[{"id":"518e0068-2b96-454f-860e-46f0133a9aad","url":"https://megapx-assets.dcard.tw/images/09c553da-63f9-4fd0-95c2-775ae113fd5f/640.jpeg","normalizedUrl":"https://megapx-assets.dcard.tw/images/09c553da-63f9-4fd0-95c2-775ae113fd5f/640.jpeg","thumbnail":"https://megapx-assets.dcard.tw/images/09c553da-63f9-4fd0-95c2-775ae113fd5f/640.jpeg","type":"image/thumbnail","tags":[],"createdAt":"2020-01-22T12:29:27.930Z","updatedAt":"2020-01-22T12:29:27.930Z","width":265,"height":640},{"id":"518e0068-2b96-454f-860e-46f0133a9aad","url":"https://megapx.dcard.tw/v1/images/09c553da-63f9-4fd0-95c2-775ae113fd5f/encode/1280","normalizedUrl":"https://megapx.dcard.tw/v1/images/09c553da-63f9-4fd0-95c2-775ae113fd5f","thumbnail":"https://megapx-assets.dcard.tw/images/09c553da-63f9-4fd0-95c2-775ae113fd5f/640.jpeg","type":"image/megapx","tags":[],"createdAt":"2020-01-22T12:29:27.930Z","updatedAt":"2020-01-22T12:29:27.930Z","width":828,"height":2000},{"id":"969ecd93-0ef6-4edd-b32f-7c14f9841a09","url":"https://youtu.be/yRp0GIiwUmk","normalizedUrl":"https://www.youtube.com/watch?v=yRp0GIiwUmk","thumbnail":"https://img.youtube.com/vi/yRp0GIiwUmk/hqdefault.jpg","type":"video/youtube","tags":[],"createdAt":"2020-01-22T12:29:27.930Z","updatedAt":"2020-01-22T12:29:27.930Z"},{"id":"f90a20cc-48cf-4201-a007-88a0b26dccb0","url":"https://megapx.dcard.tw/v1/images/38da0e2d-1d1f-4544-8a2f-c95d432a96c6/encode/1280","normalizedUrl":"https://megapx.dcard.tw/v1/images/38da0e2d-1d1f-4544-8a2f-c95d432a96c6","thumbnail":"https://megapx-assets.dcard.tw/images/38da0e2d-1d1f-4544-8a2f-c95d432a96c6/640.jpeg","type":"image/megapx","tags":[],"createdAt":"2020-01-22T12:29:27.930Z","updatedAt":"2020-01-22T12:29:27.930Z","width":2000,"height":1334},{"id":"19b2eceb-6b10-43a6-b2bd-e3d21dd8a3da","url":"https://megapx.dcard.tw/v1/images/f97f6b91-3742-48b9-bca8-e62e421d544d/encode/1280","normalizedUrl":"https://megapx.dcard.tw/v1/images/f97f6b91-3742-48b9-bca8-e62e421d544d","thumbnail":"https://megapx-assets.dcard.tw/images/f97f6b91-3742-48b9-bca8-e62e421d544d/640.jpeg","type":"image/megapx","tags":[],"createdAt":"2020-01-22T12:29:27.930Z","updatedAt":"2020-01-22T12:29:27.930Z","width":2000,"height":924}],"postAvatar":""}