{"id":232969169,"title":"SJ強心臟","content":"身為ELF必看的綜藝之一就是強心臟了\n不過因為是比較久以前的綜藝了畫質沒那麼好\n資源也幾乎都不是正版的\n剛剛在看YouTube的時候\n發現SBS官方中字頻道把強心臟的片段放出來了\n而且還是高畫質正版！\n不過目前只有片段而已\n那個片段是著名的三瓶蓋水事件\n但三瓶蓋水事件也還沒放完\n只放了一部分而已\n如果想看高畫質的ELF們可以去看看喔！\n放上連結：\nhttps://youtu.be/PV6gt50L_ik","excerpt":"身為ELF必看的綜藝之一就是強心臟了，不過因為是比較久以前的綜藝了畫質沒那麼好，資源也幾乎都不是正版的，剛剛在看YouTube的時候，發現SBS官方中字頻道把強心臟的片段放出來了，而且還是高畫質正版！","anonymousSchool":false,"anonymousDepartment":false,"pinned":false,"forumId":"14f573f5-3f02-4821-8e18-f561d7b7db91","replyId":null,"createdAt":"2020-01-27T17:57:16.967Z","updatedAt":"2020-01-27T17:57:16.967Z","commentCount":11,"likeCount":312,"tags":[],"topics":["SuperJunior"],"supportedReactions":null,"withNickname":true,"reportReason":"","hiddenByAuthor":false,"meta":{"layout":"classic"},"forumName":"追星","forumAlias":"entertainer","school":"欸噗與萬斯","department":"sheng_kpop_fans","replyTitle":null,"gender":"F","personaSubscriptable":true,"reactions":[{"id":"286f599c-f86a-4932-82f0-f5a06f1eca03","count":307},{"id":"e8e6bc5d-41b0-4129-b134-97507523d7ff","count":4},{"id":"aa0d425f-d530-4478-9a77-fe3aedc79eea","count":1}],"hidden":false,"customStyle":null,"isSuspiciousAccount":false,"layout":"classic","withImages":false,"withVideos":false,"media":[],"reportReasonText":"","mediaMeta":[{"id":"b258c061-d830-40c9-963b-c1d0208c81a5","url":"https://img.youtube.com/vi/PV6gt50L_ik/hqdefault.jpg","normalizedUrl":"https://img.youtube.com/vi/PV6gt50L_ik/hqdefault.jpg","thumbnail":"https://img.youtube.com/vi/PV6gt50L_ik/hqdefault.jpg","type":"image/thumbnail","tags":["ANNOTATED"],"createdAt":"2020-01-27T17:57:16.967Z","updatedAt":"2020-01-27T17:57:16.967Z"},{"id":"b258c061-d830-40c9-963b-c1d0208c81a5","url":"https://youtu.be/PV6gt50L_ik","normalizedUrl":"https://www.youtube.com/watch?v=PV6gt50L_ik","thumbnail":"https://img.youtube.com/vi/PV6gt50L_ik/hqdefault.jpg","type":"video/youtube","tags":["ANNOTATED"],"createdAt":"2020-01-27T17:57:16.967Z","updatedAt":"2020-01-27T17:57:16.967Z"}],"postAvatar":""}