{"id":232973230,"title":"2020 （G）I-DLE世界巡迴演唱會","content":"最新官方公告出來囉\n從4/4號開始一直到7月的全球演出\n台灣場也有 台灣的NEVERLAND 可以放心了\n雖然目前全球擴散的病毒情況還沒穩定下來\n希望在巡迴開始之前可以結束...\n不然真的拜託Cube 延期吧 \n孩子們的安全和健康絕對是最珍貴的\n\n另外既然4月才開始巡演\n避開同公司其他團體的回歸日程\n在3月回歸好像也不是不可能了！？\n\\正規1/\\正規1/\\正規1/\\正規1/\\正規1/\nhttps://megapx-assets.dcard.tw/images/6468635f-33cc-4a1f-8870-a2cb8dcba45c/full.jpeg","excerpt":"最新官方公告出來囉，從4/4號開始一直到7月的全球演出，台灣場也有 台灣的NEVERLAND 可以放心了，雖然目前全球擴散的病毒情況還沒穩定下來，希望在巡迴開始之前可以結束...，不然真的拜託Cube","anonymousSchool":false,"anonymousDepartment":false,"pinned":false,"forumId":"14f573f5-3f02-4821-8e18-f561d7b7db91","replyId":null,"createdAt":"2020-01-28T14:09:21.536Z","updatedAt":"2020-01-28T14:13:29.032Z","commentCount":42,"likeCount":194,"tags":[],"topics":["GIDLE","巡演"],"supportedReactions":null,"withNickname":true,"reportReason":"","hiddenByAuthor":false,"meta":{"layout":"classic"},"forumName":"追星","forumAlias":"entertainer","school":"미스터슈","department":"corgibot","replyTitle":null,"gender":"M","personaSubscriptable":false,"reactions":[{"id":"286f599c-f86a-4932-82f0-f5a06f1eca03","count":192},{"id":"aa0d425f-d530-4478-9a77-fe3aedc79eea","count":2}],"hidden":false,"customStyle":null,"isSuspiciousAccount":false,"layout":"classic","withImages":true,"withVideos":false,"media":[{"url":"https://megapx-assets.dcard.tw/images/6468635f-33cc-4a1f-8870-a2cb8dcba45c/full.jpeg"}],"reportReasonText":"","mediaMeta":[{"id":"7a315e49-3c96-4ff5-8b60-aeb93c3b81c5","url":"https://megapx-assets.dcard.tw/images/6468635f-33cc-4a1f-8870-a2cb8dcba45c/640.jpeg","normalizedUrl":"https://megapx-assets.dcard.tw/images/6468635f-33cc-4a1f-8870-a2cb8dcba45c/640.jpeg","thumbnail":"https://megapx-assets.dcard.tw/images/6468635f-33cc-4a1f-8870-a2cb8dcba45c/640.jpeg","type":"image/thumbnail","tags":["ANNOTATED"],"createdAt":"2020-01-28T14:09:21.536Z","updatedAt":"2020-01-28T14:13:29.032Z","width":421,"height":640},{"id":"7a315e49-3c96-4ff5-8b60-aeb93c3b81c5","url":"https://megapx-assets.dcard.tw/images/6468635f-33cc-4a1f-8870-a2cb8dcba45c/full.jpeg","normalizedUrl":"https://megapx.dcard.tw/v1/images/6468635f-33cc-4a1f-8870-a2cb8dcba45c","thumbnail":"https://megapx-assets.dcard.tw/images/6468635f-33cc-4a1f-8870-a2cb8dcba45c/640.jpeg","type":"image/megapx","tags":["ANNOTATED"],"createdAt":"2020-01-28T14:09:21.536Z","updatedAt":"2020-01-28T14:13:29.032Z","width":700,"height":1064}],"postAvatar":""}