{"id":232957940,"title":"有人認識K.D嗎？","content":"如題，他是個歌手，在YouTube 上的帳號是\nhttps://megapx-assets.dcard.tw/images/4cd808cf-b935-4407-a3f7-8d627ee634a0/1280.jpeg\n\n\n這個人，我很喜歡他的聲音，他有很多原創的歌我也很喜歡\n然後某天我越聽越覺得\n\n這聲音跟王俊凱的聲音有87%像啊！（本人我是小螃蟹來著\n我只是在懷疑而已，如果這真的是小凱的地下唱歌頻道的話我是一點都不會意外\n有妹子也跟我一樣有這個疑惑ㄇ？","excerpt":"如題，他是個歌手，在YouTube 上的帳號是，這個人，我很喜歡他的聲音，他有很多原創的歌我也很喜歡，然後某天我越聽越覺得，這聲音跟王俊凱的聲音有87%像啊！（本人我是小螃蟹來著，我只是在懷疑而已，如","anonymousSchool":false,"anonymousDepartment":true,"pinned":false,"forumId":"14f573f5-3f02-4821-8e18-f561d7b7db91","replyId":null,"createdAt":"2020-01-25T17:57:09.320Z","updatedAt":"2020-01-30T05:41:19.219Z","commentCount":2,"likeCount":9,"tags":[],"topics":["聲控"],"supportedReactions":null,"withNickname":false,"reportReason":"","hiddenByAuthor":false,"meta":{"layout":"classic"},"forumName":"追星","forumAlias":"entertainer","school":"實踐大學","replyTitle":null,"gender":"F","personaSubscriptable":false,"reactions":[{"id":"286f599c-f86a-4932-82f0-f5a06f1eca03","count":9}],"hidden":false,"customStyle":null,"isSuspiciousAccount":false,"layout":"classic","withImages":true,"withVideos":false,"media":[{"url":"https://megapx-assets.dcard.tw/images/4cd808cf-b935-4407-a3f7-8d627ee634a0/1280.jpeg"}],"reportReasonText":"","mediaMeta":[{"id":"35a7abfc-6f06-4a3e-bd03-e0fc66f39cc5","url":"https://megapx-assets.dcard.tw/images/4cd808cf-b935-4407-a3f7-8d627ee634a0/640.jpeg","normalizedUrl":"https://megapx-assets.dcard.tw/images/4cd808cf-b935-4407-a3f7-8d627ee634a0/640.jpeg","thumbnail":"https://megapx-assets.dcard.tw/images/4cd808cf-b935-4407-a3f7-8d627ee634a0/640.jpeg","type":"image/thumbnail","tags":["ANNOTATED"],"createdAt":"2020-01-25T17:57:09.320Z","updatedAt":"2020-01-30T05:41:19.219Z","width":371,"height":640},{"id":"35a7abfc-6f06-4a3e-bd03-e0fc66f39cc5","url":"https://megapx-assets.dcard.tw/images/4cd808cf-b935-4407-a3f7-8d627ee634a0/1280.jpeg","normalizedUrl":"https://megapx.dcard.tw/v1/images/4cd808cf-b935-4407-a3f7-8d627ee634a0","thumbnail":"https://megapx-assets.dcard.tw/images/4cd808cf-b935-4407-a3f7-8d627ee634a0/640.jpeg","type":"image/megapx","tags":["ANNOTATED"],"createdAt":"2020-01-25T17:57:09.320Z","updatedAt":"2020-01-30T05:41:19.219Z","width":1125,"height":1941}],"postAvatar":""}