{"id":232949636,"title":"official髭男dism不專業介紹好歌","content":"看板上很少人發摟這團，其實他們出道四年多就做了不少好歌今年還上了紅白了呢\n小小介紹一下👉他們是來自日本島根縣的樂團，2012年組成2015出道～團名我都簡稱他們叫鬍子男，意思就是就算到了適合留鬍子的年紀也要繼續做讓人心動的音樂，logo不外乎就是一個可愛的鬍子\n尤其是主唱兼任的是鋼琴所以表演時很常看他先solo前段也是主要以鋼琴為主的搖滾樂團\n而且他們每次的服裝都超可愛的💓\n\n以下介紹好歌啦\n\n《sweet tweet》2015\nhttps://youtu.be/qrtKLNTB71c\n收錄在《ラブとピースは君の中》這張專輯，這比較算比較早期的歌啦較輕快也比較青澀的日式搖滾風格\n\n《ゼロのままでいられたら》2016\nhttps://youtu.be/4X_l0bw_oEw\n收錄在《Man in the mirror》迷你專輯，主打歌是coffee to syrup但我比較喜歡這首，是屬於較慢的抒情歌，尤其聽live能聽得出來這首歌主唱流露出的真感情，讀書的時候聽超適合的啊！\n\n《No doubt》2018\nhttps://youtu.be/EHw005ZqCXk\n收錄在《Escaparade》專輯中，這也是大家比較常聽到的其中一首，他也是日劇信用詐騙師JP的主題曲，用比較歡快的曲風去詮釋尤其後段高潮部分使用類似auto tune讓歌更上一階\n\n同張專輯中的《115万キロのフィルム》\nhttps://youtu.be/ljDRzQz3ULE\nlive除了主唱前段的solo讓人感動不已以外，我最喜歡的是歌詞的部分，用與另一半共度一生比喻成一部影片主角是另一半而自己是監督和配角，結婚超適合唱這首的🥺\n\n《yesterday》2019\nhttps://youtu.be/DuMqFknYHBs\n收錄在去年專輯《Traveler》中，也是電影hello world的主題曲，這首剛接觸是看到mv，想說不冷嗎😅我會喜歡這首歌的原因是歌詞訴說的是不顧別人反對也要跟著另一半衝向未來的堅定\n\n同張專輯收錄的《pretender》\nhttps://youtu.be/TQ8WlA2GXbk\n是去年爆紅歌曲，也是紅白表演的曲目，MV在台灣拍攝，歌詞完全血淋淋的採用一個備胎（？的視角所描述\n\n《stand by you》\nhttps://youtu.be/22mOCjkwQjM\n近期最愛的一首歌，尤其副歌的拍手聲和合唱在live是粉絲一同互動那種震撼真的很感動\n\n《宿命》\nhttps://youtu.be/-kgOFJG881I\n一開始就使用很壯闊的曲調做開頭到副歌再接續剛剛的曲調，這首歌也有和高中生銅管樂團合作不妨大家也可以查來聽看看\n\n其實還有很多好歌沒有介紹到：\nbad for me、lady、tell me baby、vintage、最後の恋煩い\n還有最新出的I Love..，都很好聽\n近期他們在日本展開巡迴演唱會，希望他們也可以來台灣開演唱會\n而且主唱藤原聡超可愛的啊😍","excerpt":"看板上很少人發摟這團，其實他們出道四年多就做了不少好歌今年還上了紅白了呢，小小介紹一下他們是來自日本島根縣的樂團，2012年組成2015出道～團名我都簡稱他們叫鬍子男，意思就是就算到了適合留鬍子的年紀","anonymousSchool":false,"anonymousDepartment":true,"pinned":false,"forumId":"14f573f5-3f02-4821-8e18-f561d7b7db91","replyId":null,"createdAt":"2020-01-24T07:56:02.109Z","updatedAt":"2020-01-24T07:56:28.840Z","commentCount":13,"likeCount":76,"tags":["HIDE_THUMBNAIL"],"topics":["JPOP","official髭男dism"],"supportedReactions":null,"withNickname":false,"reportReason":"","hiddenByAuthor":false,"meta":{"layout":"classic"},"forumName":"追星","forumAlias":"entertainer","school":"國立高雄餐旅大學","replyTitle":null,"gender":"F","personaSubscriptable":false,"reactions":[{"id":"286f599c-f86a-4932-82f0-f5a06f1eca03","count":75},{"id":"e8e6bc5d-41b0-4129-b134-97507523d7ff","count":1}],"hidden":false,"customStyle":null,"isSuspiciousAccount":false,"layout":"classic","withImages":false,"withVideos":false,"media":[],"reportReasonText":"","mediaMeta":[{"id":"f34c0c16-feeb-4fc4-8cf3-5dbad0b95438","url":"https://youtu.be/qrtKLNTB71c","normalizedUrl":"https://www.youtube.com/watch?v=qrtKLNTB71c","thumbnail":"https://img.youtube.com/vi/qrtKLNTB71c/hqdefault.jpg","type":"video/youtube","tags":["ANNOTATED"],"createdAt":"2020-01-24T07:56:02.109Z","updatedAt":"2020-01-24T07:56:28.840Z"},{"id":"73cfe05f-a81a-4b53-894f-6d9dbd157735","url":"https://youtu.be/4X_l0bw_oEw","normalizedUrl":"https://www.youtube.com/watch?v=4X_l0bw_oEw","thumbnail":"https://img.youtube.com/vi/4X_l0bw_oEw/hqdefault.jpg","type":"video/youtube","tags":["ANNOTATED"],"createdAt":"2020-01-24T07:56:02.109Z","updatedAt":"2020-01-24T07:56:28.840Z"},{"id":"32b5c63a-9513-419c-996b-61a103c532d9","url":"https://youtu.be/EHw005ZqCXk","normalizedUrl":"https://www.youtube.com/watch?v=EHw005ZqCXk","thumbnail":"https://img.youtube.com/vi/EHw005ZqCXk/hqdefault.jpg","type":"video/youtube","tags":["ANNOTATED"],"createdAt":"2020-01-24T07:56:02.109Z","updatedAt":"2020-01-24T07:56:28.840Z"},{"id":"3de3bb9c-4aea-4fca-99d2-b46b48fa3d0a","url":"https://youtu.be/ljDRzQz3ULE","normalizedUrl":"https://www.youtube.com/watch?v=ljDRzQz3ULE","thumbnail":"https://img.youtube.com/vi/ljDRzQz3ULE/hqdefault.jpg","type":"video/youtube","tags":["ANNOTATED"],"createdAt":"2020-01-24T07:56:02.109Z","updatedAt":"2020-01-24T07:56:28.840Z"},{"id":"9e1887af-c514-44be-8b26-4ee5bddb7902","url":"https://youtu.be/DuMqFknYHBs","normalizedUrl":"https://www.youtube.com/watch?v=DuMqFknYHBs","thumbnail":"https://img.youtube.com/vi/DuMqFknYHBs/hqdefault.jpg","type":"video/youtube","tags":["ANNOTATED"],"createdAt":"2020-01-24T07:56:02.109Z","updatedAt":"2020-01-24T07:56:28.840Z"},{"id":"c68c45e2-031c-4120-afe8-4af8525e847b","url":"https://youtu.be/TQ8WlA2GXbk","normalizedUrl":"https://www.youtube.com/watch?v=TQ8WlA2GXbk","thumbnail":"https://img.youtube.com/vi/TQ8WlA2GXbk/hqdefault.jpg","type":"video/youtube","tags":["ANNOTATED"],"createdAt":"2020-01-24T07:56:02.109Z","updatedAt":"2020-01-24T07:56:28.840Z"},{"id":"0f993cfc-6a97-4654-9e75-e7220aac4e61","url":"https://youtu.be/22mOCjkwQjM","normalizedUrl":"https://www.youtube.com/watch?v=22mOCjkwQjM","thumbnail":"https://img.youtube.com/vi/22mOCjkwQjM/hqdefault.jpg","type":"video/youtube","tags":["ANNOTATED"],"createdAt":"2020-01-24T07:56:02.109Z","updatedAt":"2020-01-24T07:56:28.840Z"},{"id":"56df00c8-fd91-4e58-9dfd-972e4799ec25","url":"https://youtu.be/-kgOFJG881I","normalizedUrl":"https://www.youtube.com/watch?v=-kgOFJG881I","thumbnail":"https://img.youtube.com/vi/-kgOFJG881I/hqdefault.jpg","type":"video/youtube","tags":["ANNOTATED"],"createdAt":"2020-01-24T07:56:02.109Z","updatedAt":"2020-01-24T07:56:28.840Z"}],"postAvatar":""}