{"id":232957267,"title":"Nate熱議🔥 具惠善童年照片","content":"https://megapx-assets.dcard.tw/images/a2f880f0-ec59-46b6-82b2-40597c154999/1280.jpeg\nhttps://megapx-assets.dcard.tw/images/3e0579dd-259b-41c8-86d0-ec34b2a22924/1280.jpeg\n\n/熱評\n❶1061/146｜是真的很漂亮呢\n❷1012/201｜不結婚才對ㅜㅜ加油，希望能迎來人生的第二春\n❸774/127｜真的是臉讚，母胎美人\n❹63/18｜真的又漂亮又可愛，就算只是看著也給人很開朗的形象，歌也唱得很好，happy birthday to you 那首歌到現在還記得，結婚後就走下坡了，沒想到會變成這樣憂鬱的形象\n❺60/3｜看來想回到過去呢\n❻42/12｜雖然不知道他的人生狀態，但她的臉好像每天每年一輩子都是巔峰呢，我活著還從沒聽過說我漂亮的話，不是說安宰賢不好，但是很多女人都跟比他更醜更沒錢的男人生活，像這樣一直漂亮又跟安宰賢這種男人結婚，還能變心也真是諷刺，不管怎樣，真羨慕你漂亮的臉蛋呵呵，希望你以後幸福。","excerpt":"/熱評，1061/146｜是真的很漂亮呢，1012/201｜不結婚才對ㅜㅜ加油，希望能迎來人生的第二春，774/127｜真的是臉讚，母胎美人，63/18｜真的又漂亮又可愛，就算只是看著也給人很開朗的形","anonymousSchool":false,"anonymousDepartment":false,"pinned":false,"forumId":"14f573f5-3f02-4821-8e18-f561d7b7db91","replyId":null,"createdAt":"2020-01-25T16:13:05.276Z","updatedAt":"2020-01-26T15:49:29.059Z","commentCount":38,"likeCount":1858,"tags":[],"topics":["具惠善","韓網翻譯"],"supportedReactions":null,"withNickname":true,"reportReason":"","hiddenByAuthor":false,"meta":{"layout":"classic"},"forumName":"追星","forumAlias":"entertainer","school":"ㅎㅏㄴ🍂","department":"hansoyeon","replyTitle":null,"gender":"F","personaSubscriptable":true,"reactions":[{"id":"286f599c-f86a-4932-82f0-f5a06f1eca03","count":1848},{"id":"514c2569-fd53-4d9d-a415-bf0f88e7329f","count":5},{"id":"4b018f48-e184-445f-adf1-fc8e04ba09b9","count":3},{"id":"e8e6bc5d-41b0-4129-b134-97507523d7ff","count":2}],"hidden":false,"customStyle":null,"isSuspiciousAccount":false,"layout":"classic","withImages":true,"withVideos":false,"media":[{"url":"https://megapx-assets.dcard.tw/images/a2f880f0-ec59-46b6-82b2-40597c154999/1280.jpeg"},{"url":"https://megapx-assets.dcard.tw/images/3e0579dd-259b-41c8-86d0-ec34b2a22924/1280.jpeg"}],"reportReasonText":"","mediaMeta":[{"id":"9b85aa34-53e1-4db2-856e-7658e7dc4c9f","url":"https://megapx-assets.dcard.tw/images/a2f880f0-ec59-46b6-82b2-40597c154999/640.jpeg","normalizedUrl":"https://megapx-assets.dcard.tw/images/a2f880f0-ec59-46b6-82b2-40597c154999/640.jpeg","thumbnail":"https://megapx-assets.dcard.tw/images/a2f880f0-ec59-46b6-82b2-40597c154999/640.jpeg","type":"image/thumbnail","tags":["ANNOTATED"],"createdAt":"2020-01-25T16:13:05.276Z","updatedAt":"2020-01-26T15:49:29.059Z","width":193,"height":640},{"id":"9b85aa34-53e1-4db2-856e-7658e7dc4c9f","url":"https://megapx-assets.dcard.tw/images/a2f880f0-ec59-46b6-82b2-40597c154999/1280.jpeg","normalizedUrl":"https://megapx.dcard.tw/v1/images/a2f880f0-ec59-46b6-82b2-40597c154999","thumbnail":"https://megapx-assets.dcard.tw/images/a2f880f0-ec59-46b6-82b2-40597c154999/640.jpeg","type":"image/megapx","tags":["ANNOTATED"],"createdAt":"2020-01-25T16:13:05.276Z","updatedAt":"2020-01-26T15:49:29.059Z","width":504,"height":1669},{"id":"da01eb9c-1c6d-4c80-a455-89a89688a70e","url":"https://megapx-assets.dcard.tw/images/3e0579dd-259b-41c8-86d0-ec34b2a22924/1280.jpeg","normalizedUrl":"https://megapx.dcard.tw/v1/images/3e0579dd-259b-41c8-86d0-ec34b2a22924","thumbnail":"https://megapx-assets.dcard.tw/images/3e0579dd-259b-41c8-86d0-ec34b2a22924/640.jpeg","type":"image/megapx","tags":["ANNOTATED"],"createdAt":"2020-01-25T16:13:05.276Z","updatedAt":"2020-01-26T15:49:29.059Z","width":500,"height":1745}],"postAvatar":""}