{"id":232975249,"title":"我愛你們，但你們更愛人民幣","content":"2020年1月，大S、小S、范瑋琪這些身為明星、身為歌手、身為公眾人物、身為領著中華民國身份證、身為拿著台胞證去中國工作、身為2003年SARS和平醫院事件的見證者，在武漢肺炎疫情嚴重持續擴大時，在不明事實的情況下，不分青紅皂白或是聖母的批評中華民國政府保護自己國家的人民措施時，我只想問一句：你們賺的錢是多到已經幫你們在台灣的父母子女兄弟姐妹叔叔阿姨朋友鄰居移民去中國了嗎？\n\n我想讓他們知道，身為從你們出道以來一直支持著你們的我，一點都不喜歡你們現在的作為。\n\n但我的聲音很小，需要dcard上各位的幫助，請各位拿出當年抵制頂新魏家的精神，抵制這些中國台灣藝人的代言、名下的商家。\n\n2019年7月香港的寶礦力撤走了給TVB(支持警察）的廣告，受到中國小粉紅（愛黨愛國情操爆發的網民🙄）抵制，在中國國內被拒買，銷量下降。但是在香港，香港人用港幣讓寶礦力知道這世界上還是有除了人民幣以外的外匯可以賺的🤪\n\n\n\n香港人已經為我們演示過了，現在輪到我們了\n#去年反紅媒今年反紅藝\n\n\n\n寶礦力抽走TVB廣告 港人按讚用港幣讓它下架 \nhttps://www.google.com/amp/s/ec.ltn.com.tw/amp/article/breakingnews/2849957\n\n事由\n台灣限制口罩出口  \nhttps://www.dcard.tw/f/trending/p/232946748?cid=1042FCF8-0BC7-4B98-985C-7E823381D1BD\n\n中國台灣藝人愛黨口罩團\n更- 罵台灣禁出口口罩之人匯集區  \nhttps://www.dcard.tw/f/trending/p/232969313?cid=D35A53A8-2FFC-4E8D-A2B6-DAA77C9A0B17\n\n中國政府中共怎麼做\n\n武漢小伙再曝肺炎疫情真實情況 \nhttps://www.facebook.com/104399084666/posts/10157547367254667/?d=n\n\n他籌集了4000箱口罩 竟被警告：要麼閉嘴，要麼坐牢 \nhttps://m.secretchina.com/news/b5/2020/01/27/920926.html","excerpt":"2020年1月，大S、小S、范瑋琪這些身為明星、身為歌手、身為公眾人物、身為領著中華民國身份證、身為拿著台胞證去中國工作、身為2003年SARS和平醫院事件的見證者，在武漢肺炎疫情嚴重持續擴大時，在不","anonymousSchool":false,"anonymousDepartment":true,"pinned":false,"forumId":"14f573f5-3f02-4821-8e18-f561d7b7db91","replyId":null,"createdAt":"2020-01-28T19:32:56.705Z","updatedAt":"2020-01-28T19:32:56.705Z","commentCount":15,"likeCount":94,"tags":["HIDE_THUMBNAIL"],"topics":["范瑋琪","大小s","大S","小S"],"supportedReactions":null,"withNickname":false,"reportReason":"","hiddenByAuthor":false,"meta":{"layout":"classic"},"forumName":"追星","forumAlias":"entertainer","school":"國立暨南國際大學","replyTitle":null,"gender":"F","personaSubscriptable":null,"reactions":[{"id":"286f599c-f86a-4932-82f0-f5a06f1eca03","count":92},{"id":"514c2569-fd53-4d9d-a415-bf0f88e7329f","count":1},{"id":"aa0d425f-d530-4478-9a77-fe3aedc79eea","count":1}],"hidden":false,"customStyle":null,"isSuspiciousAccount":false,"layout":"classic","withImages":false,"withVideos":false,"media":[],"reportReasonText":"","mediaMeta":[],"postAvatar":""}