{"id":232961168,"title":"(G)I-dle 世巡","content":"更正*四月開始首站在曼谷\nhttps://megapx-assets.dcard.tw/images/54b3f501-e95e-4305-878f-6bc0264494e4/full.jpeg\nhttps://megapx-assets.dcard.tw/images/46edca3f-f011-46de-9e0e-8a622aa82028/full.jpeg\nhttps://megapx-assets.dcard.tw/images/7e4f3964-ba68-423b-b7b3-2dff03d72684/full.jpeg\n\n確定有臺灣了\n\n孩子們靠目前的兩張迷你專輯巡演會不會太吃力\n真的要everyday every night latata嗎哈哈\n\n不過四月開始巡演的話會不會有機會在三月回歸呢？\n\n消息圖片轉自臉書G I-DLE Neverland 中文站","excerpt":"更正*四月開始首站在曼谷，確定有臺灣了，孩子們靠目前的兩張迷你專輯巡演會不會太吃力，真的要everyday every night latata嗎哈哈，不過四月開始巡演的話會不會有機會在三月回歸呢？消","anonymousSchool":false,"anonymousDepartment":false,"pinned":false,"forumId":"14f573f5-3f02-4821-8e18-f561d7b7db91","replyId":null,"createdAt":"2020-01-26T10:55:41.886Z","updatedAt":"2020-01-28T17:01:22.605Z","commentCount":78,"likeCount":371,"tags":[],"topics":["韓星","演唱會","GIDLE"],"supportedReactions":null,"withNickname":true,"reportReason":"","hiddenByAuthor":false,"meta":{"layout":"classic"},"forumName":"追星","forumAlias":"entertainer","school":"Shuhua呦奔","department":"s0106","replyTitle":null,"gender":"M","personaSubscriptable":false,"reactions":[{"id":"286f599c-f86a-4932-82f0-f5a06f1eca03","count":363},{"id":"e8e6bc5d-41b0-4129-b134-97507523d7ff","count":4},{"id":"4b018f48-e184-445f-adf1-fc8e04ba09b9","count":2},{"id":"aa0d425f-d530-4478-9a77-fe3aedc79eea","count":2}],"hidden":false,"customStyle":null,"isSuspiciousAccount":false,"layout":"classic","withImages":true,"withVideos":false,"media":[{"url":"https://megapx-assets.dcard.tw/images/54b3f501-e95e-4305-878f-6bc0264494e4/full.jpeg"},{"url":"https://megapx-assets.dcard.tw/images/46edca3f-f011-46de-9e0e-8a622aa82028/full.jpeg"},{"url":"https://megapx-assets.dcard.tw/images/7e4f3964-ba68-423b-b7b3-2dff03d72684/full.jpeg"}],"reportReasonText":"","mediaMeta":[{"id":"19db6e14-adf9-41a3-a5dd-da7e35ed25a2","url":"https://megapx-assets.dcard.tw/images/54b3f501-e95e-4305-878f-6bc0264494e4/640.jpeg","normalizedUrl":"https://megapx-assets.dcard.tw/images/54b3f501-e95e-4305-878f-6bc0264494e4/640.jpeg","thumbnail":"https://megapx-assets.dcard.tw/images/54b3f501-e95e-4305-878f-6bc0264494e4/640.jpeg","type":"image/thumbnail","tags":["ANNOTATED"],"createdAt":"2020-01-26T10:55:41.886Z","updatedAt":"2020-01-28T17:01:22.605Z","width":480,"height":640},{"id":"19db6e14-adf9-41a3-a5dd-da7e35ed25a2","url":"https://megapx-assets.dcard.tw/images/54b3f501-e95e-4305-878f-6bc0264494e4/full.jpeg","normalizedUrl":"https://megapx.dcard.tw/v1/images/54b3f501-e95e-4305-878f-6bc0264494e4","thumbnail":"https://megapx-assets.dcard.tw/images/54b3f501-e95e-4305-878f-6bc0264494e4/640.jpeg","type":"image/megapx","tags":["ANNOTATED"],"createdAt":"2020-01-26T10:55:41.886Z","updatedAt":"2020-01-28T17:01:22.605Z","width":720,"height":961},{"id":"3224ecc7-12e1-4100-950e-3a2ab42ed255","url":"https://megapx-assets.dcard.tw/images/46edca3f-f011-46de-9e0e-8a622aa82028/full.jpeg","normalizedUrl":"https://megapx.dcard.tw/v1/images/46edca3f-f011-46de-9e0e-8a622aa82028","thumbnail":"https://megapx-assets.dcard.tw/images/46edca3f-f011-46de-9e0e-8a622aa82028/640.jpeg","type":"image/megapx","tags":["ANNOTATED"],"createdAt":"2020-01-26T10:55:41.886Z","updatedAt":"2020-01-28T17:01:22.605Z","width":632,"height":960},{"id":"45fe2cf4-90af-4cc9-813c-811a95694aa6","url":"https://megapx-assets.dcard.tw/images/7e4f3964-ba68-423b-b7b3-2dff03d72684/full.jpeg","normalizedUrl":"https://megapx.dcard.tw/v1/images/7e4f3964-ba68-423b-b7b3-2dff03d72684","thumbnail":"https://megapx-assets.dcard.tw/images/7e4f3964-ba68-423b-b7b3-2dff03d72684/640.jpeg","type":"image/megapx","tags":["ANNOTATED"],"createdAt":"2020-01-26T10:55:41.886Z","updatedAt":"2020-01-28T17:01:22.605Z","width":657,"height":772}],"postAvatar":""}