{"id":232949936,"title":"曾經迷戀過的大叔藝人","content":"首先來分享我對「大叔」的定義好了\n（拜託鞭小力點๑•́ ₃ •̀๑）\n首先：\n1、年齡在30⬆️ （不過這篇以40以上為主！）\n2、長相很大叔（這個要自己判定啦哈哈哈）\n3、感覺30歲後有大叔的氣質\n然後.....\n\n夠了這裡不是聯誼的地方\n進入正題吧let's go ！\n/\n第一組登場的是我們的香港代表（登登）\n\n馬浚偉/馬仔 \n1971.10.26（48）\nhttps://i.imgur.com/A9fhr0w.jpg\n我覺得跟年輕的時候差不多\n年輕的顏就很能打了阿\nhttps://i.imgur.com/Du0xIcl.jpg\n左邊是我們渣渣輝同學XD\n馬仔不久前推了一部電影「生前約死後」\n完全自編自導自演~厲害吧！\n然後目前馬仔在北大讀EMBA......羨慕北大的同學\n\n林保怡/Bowie \n1965.09.04（54）\nhttps://i.imgur.com/luppYob.jpg\n宇宙無敵幼稚的保叔\n每次看Bowie演反派都會把我的m屬性勾出來......不是啦畢竟男人不壞女人不愛嘛\nhttps://i.imgur.com/ub0pI7R.png\nBowie 出道前曾當過消防員後來改當警察\n由於小時候參加過業餘樂隊（18歲時當上鼓手）之後當上歌手才開始演藝之路\n\n/韓國代表/\n\n尹瑞賢/윤서현 \n1970.11.02（49）\nhttps://i.imgur.com/IBPKPOa.jpg\n大家有看過皮諾丘或是我也是媽媽呀之類等等應該會有印象！\n其中尹瑞賢也是tvn長壽劇「無理的英愛小姐」的主要角色（幾乎每季都會刷演員下來不過尹瑞賢從不缺席XDD）\nhttps://i.imgur.com/3jXDx6A.jpg\n只是這哥的綜藝真的少之又少，剛開始追還必須用很破的韓文才能大概找到一些東西QQQ\n\n/中國代表/\n\n于波\n1976.07.22（43）\nhttps://i.imgur.com/p1MUcdd.jpg\n自從看了水月洞天之後完全爬不出來\n就是好男友代表阿噢買尬（雖然下面不是水月洞天的圖#）\nhttps://i.imgur.com/Q6yqpiE.jpg\n似乎幾乎都演古裝的童大哥\n不只聲音很老實長相很老實\n整個人就是老實的代表（而且不太會使用3C哈哈哈哈哈超級可愛）之前看過直播的影片從頭傻笑到尾....怎麼有那麼溫柔的人QQQ\n\n/最後一組當然少不了我們的台灣代表/\n\n伊正\n1966.05.25（53）\nhttps://i.imgur.com/PwdRjg6.jpg\n身為一個正港的台灣人\n一定看過8點檔！你說陳冠霖不好嗎？黃少祺不好嗎？他們都很好！只是伊正是最喜歡的一個啦！！！！！！！！是看8點檔的起源QQQ\nhttps://i.imgur.com/szpmEht.jpg\n雖然伊正已經當爸了.....不過還是很瀟灑\n話說我還是比較喜歡伊正演好人\n\n\n\n\n好的今天的不專業分享先告一段落了\n小女子我越想越嗨（沒有啦#）\n當然這不是名單內的所有人，還有一大票沒釋放出來（？\n希望會有志同道合的姐妹（！\n\n\n突然覺得自己很變態(｡ŏ_ŏ)","excerpt":"首先來分享我對「大叔」的定義好了，（拜託鞭小力點๑•́ ₃ •̀๑），首先：1、年齡在30⬆️ （不過這篇以40以上為主！），2、長相很大叔（這個要自己判定啦哈哈哈），3、感覺30歲後有大叔的氣質，然","anonymousSchool":false,"anonymousDepartment":false,"pinned":false,"forumId":"14f573f5-3f02-4821-8e18-f561d7b7db91","replyId":null,"createdAt":"2020-01-24T09:06:15.591Z","updatedAt":"2020-01-24T15:31:52.772Z","commentCount":23,"likeCount":30,"tags":[],"topics":["藝人","大叔","TVB"],"supportedReactions":null,"withNickname":true,"reportReason":"","hiddenByAuthor":false,"meta":{"layout":"classic"},"forumName":"追星","forumAlias":"entertainer","school":"景仁宮的辣炒年糕","department":"banana_haha","replyTitle":null,"gender":"F","personaSubscriptable":false,"reactions":[{"id":"286f599c-f86a-4932-82f0-f5a06f1eca03","count":30}],"hidden":false,"customStyle":null,"isSuspiciousAccount":false,"layout":"classic","withImages":true,"withVideos":false,"media":[{"url":"https://i.imgur.com/A9fhr0w.jpg"},{"url":"https://i.imgur.com/Du0xIcl.jpg"},{"url":"https://i.imgur.com/luppYob.jpg"},{"url":"https://i.imgur.com/ub0pI7R.png"},{"url":"https://i.imgur.com/IBPKPOa.jpg"},{"url":"https://i.imgur.com/3jXDx6A.jpg"},{"url":"https://i.imgur.com/p1MUcdd.jpg"},{"url":"https://i.imgur.com/Q6yqpiE.jpg"},{"url":"https://i.imgur.com/PwdRjg6.jpg"},{"url":"https://i.imgur.com/szpmEht.jpg"}],"reportReasonText":"","mediaMeta":[{"id":"6fda3718-d2e5-4b2e-9c46-165381e9251d","url":"https://i.imgur.com/A9fhr0wl.jpg","normalizedUrl":"https://i.imgur.com/A9fhr0wl.jpg","thumbnail":"https://i.imgur.com/A9fhr0wl.jpg","type":"image/thumbnail","tags":["ANNOTATED"],"createdAt":"2020-01-24T09:06:15.591Z","updatedAt":"2020-01-24T15:31:52.772Z"},{"id":"6fda3718-d2e5-4b2e-9c46-165381e9251d","url":"https://i.imgur.com/A9fhr0w.jpg","normalizedUrl":"https://imgur.com/A9fhr0w","thumbnail":"https://i.imgur.com/A9fhr0wl.jpg","type":"image/imgur","tags":["ANNOTATED"],"createdAt":"2020-01-24T09:06:15.591Z","updatedAt":"2020-01-24T15:31:52.772Z"},{"id":"4939ed03-8c6f-4a1b-b195-291408143a1a","url":"https://i.imgur.com/Du0xIcl.jpg","normalizedUrl":"https://imgur.com/Du0xIcl","thumbnail":"https://i.imgur.com/Du0xIcll.jpg","type":"image/imgur","tags":["ANNOTATED"],"createdAt":"2020-01-24T09:06:15.591Z","updatedAt":"2020-01-24T15:31:52.772Z"},{"id":"07c02fa4-270f-4917-9d09-ed460476cda4","url":"https://i.imgur.com/luppYob.jpg","normalizedUrl":"https://imgur.com/luppYob","thumbnail":"https://i.imgur.com/luppYobl.jpg","type":"image/imgur","tags":["ANNOTATED"],"createdAt":"2020-01-24T09:06:15.591Z","updatedAt":"2020-01-24T15:31:52.772Z"},{"id":"5a3bf9fa-f4f0-4635-aabc-c707c1982447","url":"https://i.imgur.com/ub0pI7R.png","normalizedUrl":"https://imgur.com/ub0pI7R","thumbnail":"https://i.imgur.com/ub0pI7Rl.jpg","type":"image/imgur","tags":["ANNOTATED"],"createdAt":"2020-01-24T09:06:15.591Z","updatedAt":"2020-01-24T15:31:52.772Z"},{"id":"d062a363-6f67-4c5d-8ebc-656a77b05254","url":"https://i.imgur.com/IBPKPOa.jpg","normalizedUrl":"https://imgur.com/IBPKPOa","thumbnail":"https://i.imgur.com/IBPKPOal.jpg","type":"image/imgur","tags":["ANNOTATED"],"createdAt":"2020-01-24T09:06:15.591Z","updatedAt":"2020-01-24T15:31:52.772Z"},{"id":"272b918d-8d94-44d9-ad47-1e7b1ba80565","url":"https://i.imgur.com/3jXDx6A.jpg","normalizedUrl":"https://imgur.com/3jXDx6A","thumbnail":"https://i.imgur.com/3jXDx6Al.jpg","type":"image/imgur","tags":["ANNOTATED"],"createdAt":"2020-01-24T09:06:15.591Z","updatedAt":"2020-01-24T15:31:52.772Z"},{"id":"0c7c8057-9f38-474a-acea-c6ebd6bea32d","url":"https://i.imgur.com/p1MUcdd.jpg","normalizedUrl":"https://imgur.com/p1MUcdd","thumbnail":"https://i.imgur.com/p1MUcddl.jpg","type":"image/imgur","tags":["ANNOTATED"],"createdAt":"2020-01-24T09:06:15.591Z","updatedAt":"2020-01-24T15:31:52.772Z"},{"id":"b5ea6ce0-1774-413a-ae9e-b3b216aaed11","url":"https://i.imgur.com/Q6yqpiE.jpg","normalizedUrl":"https://imgur.com/Q6yqpiE","thumbnail":"https://i.imgur.com/Q6yqpiEl.jpg","type":"image/imgur","tags":["ANNOTATED"],"createdAt":"2020-01-24T09:06:15.591Z","updatedAt":"2020-01-24T15:31:52.772Z"},{"id":"f4970be4-b240-477c-a902-1c6395986e71","url":"https://i.imgur.com/PwdRjg6.jpg","normalizedUrl":"https://imgur.com/PwdRjg6","thumbnail":"https://i.imgur.com/PwdRjg6l.jpg","type":"image/imgur","tags":["ANNOTATED"],"createdAt":"2020-01-24T09:06:15.591Z","updatedAt":"2020-01-24T15:31:52.772Z"},{"id":"547ee3ff-d0cb-4119-a295-dc2bd4c7dbef","url":"https://i.imgur.com/szpmEht.jpg","normalizedUrl":"https://imgur.com/szpmEht","thumbnail":"https://i.imgur.com/szpmEhtl.jpg","type":"image/imgur","tags":["ANNOTATED"],"createdAt":"2020-01-24T09:06:15.591Z","updatedAt":"2020-01-24T15:31:52.772Z"}],"postAvatar":""}