{"id":232964152,"title":"真心難過，一代傳奇KOBE","content":"https://megapx-assets.dcard.tw/images/c6c6ec4b-dbd4-4fae-ab70-9f77c0cd7455/1280.jpeg\n很愛的一個傳奇，就這樣走了。\nR.I.P\n還沒進名人堂啊....\n\n想當年大一選了這個號碼\nhttps://megapx-assets.dcard.tw/images/a6c7431a-a95c-4dbb-9018-2ce65f2e03cf/1280.jpeg\n我以為你會一直在我們的生活中...\n\n還有當年的五代陰陽..\n從開始打籃球就知道你的名字\n影片看了不下百部\n最經典的暴龍81分\n還有對拓荒者的65分.....\nhttps://megapx-assets.dcard.tw/images/31b00b96-5145-4a49-8a22-9045d36bbd0c/1280.jpeg\n走好...","excerpt":"很愛的一個傳奇，就這樣走了。R.I.P，還沒進名人堂啊....，想當年大一選了這個號碼，我以為你會一直在我們的生活中...，還有當年的五代陰陽..，從開始打籃球就知道你的名字，影片看了不下百部，最經典","anonymousSchool":false,"anonymousDepartment":true,"pinned":false,"forumId":"14f573f5-3f02-4821-8e18-f561d7b7db91","replyId":null,"createdAt":"2020-01-26T21:26:24.540Z","updatedAt":"2020-01-26T21:43:12.409Z","commentCount":19,"likeCount":83,"tags":[],"topics":["傳奇","KobeBryant"],"supportedReactions":null,"withNickname":false,"reportReason":"","hiddenByAuthor":false,"meta":{"layout":"classic"},"forumName":"追星","forumAlias":"entertainer","school":"國立臺東大學","replyTitle":null,"gender":"M","personaSubscriptable":null,"reactions":[{"id":"286f599c-f86a-4932-82f0-f5a06f1eca03","count":67},{"id":"514c2569-fd53-4d9d-a415-bf0f88e7329f","count":15},{"id":"aa0d425f-d530-4478-9a77-fe3aedc79eea","count":1}],"hidden":false,"customStyle":null,"isSuspiciousAccount":false,"layout":"classic","withImages":true,"withVideos":false,"media":[{"url":"https://megapx-assets.dcard.tw/images/c6c6ec4b-dbd4-4fae-ab70-9f77c0cd7455/1280.jpeg"},{"url":"https://megapx-assets.dcard.tw/images/a6c7431a-a95c-4dbb-9018-2ce65f2e03cf/1280.jpeg"},{"url":"https://megapx-assets.dcard.tw/images/31b00b96-5145-4a49-8a22-9045d36bbd0c/1280.jpeg"}],"reportReasonText":"","mediaMeta":[{"id":"cfb1f218-da23-40ea-b563-38d227d0acff","url":"https://megapx-assets.dcard.tw/images/c6c6ec4b-dbd4-4fae-ab70-9f77c0cd7455/640.jpeg","normalizedUrl":"https://megapx-assets.dcard.tw/images/c6c6ec4b-dbd4-4fae-ab70-9f77c0cd7455/640.jpeg","thumbnail":"https://megapx-assets.dcard.tw/images/c6c6ec4b-dbd4-4fae-ab70-9f77c0cd7455/640.jpeg","type":"image/thumbnail","tags":["ANNOTATED"],"createdAt":"2020-01-26T21:26:24.540Z","updatedAt":"2020-01-26T21:43:12.409Z","width":296,"height":640},{"id":"cfb1f218-da23-40ea-b563-38d227d0acff","url":"https://megapx-assets.dcard.tw/images/c6c6ec4b-dbd4-4fae-ab70-9f77c0cd7455/1280.jpeg","normalizedUrl":"https://megapx.dcard.tw/v1/images/c6c6ec4b-dbd4-4fae-ab70-9f77c0cd7455","thumbnail":"https://megapx-assets.dcard.tw/images/c6c6ec4b-dbd4-4fae-ab70-9f77c0cd7455/640.jpeg","type":"image/megapx","tags":["ANNOTATED"],"createdAt":"2020-01-26T21:26:24.540Z","updatedAt":"2020-01-26T21:43:12.409Z","width":925,"height":2000},{"id":"eda1a92a-b929-46b2-be5c-799f2e0abec8","url":"https://megapx-assets.dcard.tw/images/a6c7431a-a95c-4dbb-9018-2ce65f2e03cf/1280.jpeg","normalizedUrl":"https://megapx.dcard.tw/v1/images/a6c7431a-a95c-4dbb-9018-2ce65f2e03cf","thumbnail":"https://megapx-assets.dcard.tw/images/a6c7431a-a95c-4dbb-9018-2ce65f2e03cf/640.jpeg","type":"image/megapx","tags":["ANNOTATED"],"createdAt":"2020-01-26T21:36:31.153Z","updatedAt":"2020-01-26T21:43:12.409Z","width":1494,"height":2000},{"id":"a56e8b4e-c533-48f5-bf64-2f62d1c7e4b7","url":"https://megapx-assets.dcard.tw/images/31b00b96-5145-4a49-8a22-9045d36bbd0c/1280.jpeg","normalizedUrl":"https://megapx.dcard.tw/v1/images/31b00b96-5145-4a49-8a22-9045d36bbd0c","thumbnail":"https://megapx-assets.dcard.tw/images/31b00b96-5145-4a49-8a22-9045d36bbd0c/640.jpeg","type":"image/megapx","tags":[],"createdAt":"2020-01-26T21:43:12.409Z","updatedAt":"2020-01-26T21:43:12.409Z","width":1600,"height":882}],"postAvatar":""}