{"id":232957770,"title":"我們盤浦四洞轟炸機生日快樂🐺","content":"記得第一次看到你是在idol room\n最印象深刻的是你們玩把吐司昂一口\n在民赫傳授秘訣完後你立馬就成功了\n那個時候我就記住了你的黑色指甲油\n很多留言都說你塗黑色指甲油是為了做公益\n但之後看到影片你說  沒有為什麼  就是想塗\n我就是被這麼酷的你吸引到\n\n了解之後發現你是男友照富翁\nhttps://i.imgur.com/KkSvChP.jpg\nhttps://i.imgur.com/DqzpxCa.jpg\nhttps://i.imgur.com/Kxfm7a1.jpg\nhttps://i.imgur.com/eJKH4ji.jpg\nhttps://i.imgur.com/7cwVcmE.jpg\nhttps://i.imgur.com/6gi4JCS.jpg\n\n可以霸氣\nhttps://i.imgur.com/1aAdbNg.jpg\nhttps://i.imgur.com/V8UNmXz.jpg\nhttps://i.imgur.com/Dj8111M.jpg\nhttps://i.imgur.com/pnf5744.jpg\nhttps://i.imgur.com/y8fQnQj.jpg\n\n但我看到更多的是可愛的任汪汪\nhttps://i.imgur.com/HowixOo.jpg\nhttps://i.imgur.com/btCdUGD.jpg\nhttps://i.imgur.com/pSgcauX.jpg\nhttps://i.imgur.com/qLTuDr5.jpg\nhttps://i.imgur.com/acEzLLR.jpg\nhttps://i.imgur.com/u5vTOch.jpg\nhttps://i.imgur.com/M5oPjza.jpg\n\n經典的女裝照（在射線看到的時候真的在想你跟我到底誰才是女生...\nhttps://i.imgur.com/91bO3V3.jpg\nhttps://i.imgur.com/wmsT3eh.jpg\nhttps://i.imgur.com/eGVDETT.jpg\n\n不得不提最近讓我驚艷的韓服照\nhttps://i.imgur.com/1umXvHM.jpg\nhttps://i.imgur.com/Zj0yPp0.jpg\nhttps://i.imgur.com/iaGdAIm.jpg\nhttps://i.imgur.com/vEymgVF.jpg\n\n其實我一直不敢看你們的出道綜藝\n不想看到你孤伶伶又不被接受的樣子\n雖然現在哥哥們都很疼你  讓你變成上天忙內\nhttps://i.imgur.com/Hw99wKh.jpg\nhttps://i.imgur.com/AsWVmaC.jpg\nhttps://i.imgur.com/fbCjjdm.jpg\nhttps://i.imgur.com/gEInTCl.jpg\nhttps://i.imgur.com/hv2mA5W.jpg\nhttps://i.imgur.com/xWN7bY3.jpg\n\n我們有著等腰三角形般高挺鼻子的忙內\n（雖然被民赫爆料說你每次水腫都從鼻子開始\nhttps://i.imgur.com/q0hmCcV.jpg\nhttps://i.imgur.com/zZMoGXL.jpg\n我們一害羞就會縮起來的忙內https://i.imgur.com/j8ABffE.jpg\n我們戴眼鏡很好看的忙內\nhttps://i.imgur.com/bNifin5.jpg\nhttps://i.imgur.com/11NBMUE.jpg\n我們英文講的很流利的忙內\nhttps://i.imgur.com/vLvJikI.jpg\n我們射箭很厲害的忙內\nhttps://i.imgur.com/L7xYLJ2.jpg\nhttps://i.imgur.com/QR608hI.jpg\nhttps://i.imgur.com/3gVXME5.jpg\n我們雖然話不多但愛粉絲的心從來沒少的忙內\nhttps://i.imgur.com/jv9frQ6.jpg\nhttps://i.imgur.com/vJQtXEQ.jpg\n\n喜歡你所有的樣子\n感謝你在19960126的時候出生\n轉眼間你成為了能擔起重任的男人\n每次去海外都靠你負責溝通\n常常默默的付出不讓其他人知道\n我們充滿swag的忙內 撒拉嘿呦💜\n\n第一次發文真的想到什麼就打什麼\n希望不會看起來很混亂\n最後還是想分享一下救救昌均系列影片\n雖然很可憐  但影片剪的超好笑\n而且真的很常被哥哥們踢到或打到\n但哥哥們都沒發現\nhttps://youtu.be/5UZ57qE_9Ts\nhttps://youtu.be/4jHeJr70fhI\nhttps://youtu.be/IrAD8CLLnf8\n\n🐻🐰🐶🐹🐢🐝🐺","excerpt":"記得第一次看到你是在idol room，最印象深刻的是你們玩把吐司昂一口，在民赫傳授秘訣完後你立馬就成功了，那個時候我就記住了你的黑色指甲油，很多留言都說你塗黑色指甲油是為了做公益，但之後看到影片你說","anonymousSchool":false,"anonymousDepartment":false,"pinned":false,"forumId":"14f573f5-3f02-4821-8e18-f561d7b7db91","replyId":null,"createdAt":"2020-01-25T17:26:06.087Z","updatedAt":"2020-01-25T17:32:02.930Z","commentCount":14,"likeCount":122,"tags":[],"topics":["生日快樂","MonstaX"],"supportedReactions":null,"withNickname":false,"reportReason":"","hiddenByAuthor":false,"meta":{"layout":"classic"},"forumName":"追星","forumAlias":"entertainer","school":"實踐大學","department":"社會工作學系","replyTitle":null,"gender":"F","personaSubscriptable":false,"reactions":[{"id":"286f599c-f86a-4932-82f0-f5a06f1eca03","count":122}],"hidden":false,"customStyle":null,"isSuspiciousAccount":false,"layout":"classic","withImages":true,"withVideos":false,"media":[{"url":"https://i.imgur.com/KkSvChP.jpg"},{"url":"https://i.imgur.com/DqzpxCa.jpg"},{"url":"https://i.imgur.com/Kxfm7a1.jpg"},{"url":"https://i.imgur.com/eJKH4ji.jpg"},{"url":"https://i.imgur.com/7cwVcmE.jpg"},{"url":"https://i.imgur.com/6gi4JCS.jpg"},{"url":"https://i.imgur.com/1aAdbNg.jpg"},{"url":"https://i.imgur.com/V8UNmXz.jpg"},{"url":"https://i.imgur.com/Dj8111M.jpg"},{"url":"https://i.imgur.com/pnf5744.jpg"},{"url":"https://i.imgur.com/y8fQnQj.jpg"},{"url":"https://i.imgur.com/HowixOo.jpg"},{"url":"https://i.imgur.com/btCdUGD.jpg"},{"url":"https://i.imgur.com/pSgcauX.jpg"},{"url":"https://i.imgur.com/qLTuDr5.jpg"},{"url":"https://i.imgur.com/acEzLLR.jpg"},{"url":"https://i.imgur.com/u5vTOch.jpg"},{"url":"https://i.imgur.com/M5oPjza.jpg"},{"url":"https://i.imgur.com/91bO3V3.jpg"},{"url":"https://i.imgur.com/wmsT3eh.jpg"},{"url":"https://i.imgur.com/eGVDETT.jpg"},{"url":"https://i.imgur.com/1umXvHM.jpg"},{"url":"https://i.imgur.com/Zj0yPp0.jpg"},{"url":"https://i.imgur.com/iaGdAIm.jpg"},{"url":"https://i.imgur.com/vEymgVF.jpg"},{"url":"https://i.imgur.com/Hw99wKh.jpg"},{"url":"https://i.imgur.com/AsWVmaC.jpg"},{"url":"https://i.imgur.com/fbCjjdm.jpg"},{"url":"https://i.imgur.com/gEInTCl.jpg"},{"url":"https://i.imgur.com/hv2mA5W.jpg"},{"url":"https://i.imgur.com/xWN7bY3.jpg"},{"url":"https://i.imgur.com/q0hmCcV.jpg"},{"url":"https://i.imgur.com/zZMoGXL.jpg"},{"url":"https://i.imgur.com/j8ABffE.jpg"},{"url":"https://i.imgur.com/bNifin5.jpg"},{"url":"https://i.imgur.com/11NBMUE.jpg"},{"url":"https://i.imgur.com/vLvJikI.jpg"},{"url":"https://i.imgur.com/L7xYLJ2.jpg"},{"url":"https://i.imgur.com/QR608hI.jpg"},{"url":"https://i.imgur.com/3gVXME5.jpg"},{"url":"https://i.imgur.com/jv9frQ6.jpg"},{"url":"https://i.imgur.com/vJQtXEQ.jpg"}],"reportReasonText":"","mediaMeta":[{"id":"4d390f72-140a-4c8c-b031-e25a08e17586","url":"https://i.imgur.com/KkSvChPl.jpg","normalizedUrl":"https://i.imgur.com/KkSvChPl.jpg","thumbnail":"https://i.imgur.com/KkSvChPl.jpg","type":"image/thumbnail","tags":["ANNOTATED"],"createdAt":"2020-01-25T17:26:06.087Z","updatedAt":"2020-01-25T17:32:02.930Z"},{"id":"4d390f72-140a-4c8c-b031-e25a08e17586","url":"https://i.imgur.com/KkSvChP.jpg","normalizedUrl":"https://imgur.com/KkSvChP","thumbnail":"https://i.imgur.com/KkSvChPl.jpg","type":"image/imgur","tags":["ANNOTATED"],"createdAt":"2020-01-25T17:26:06.087Z","updatedAt":"2020-01-25T17:32:02.930Z"},{"id":"78b796c2-fa46-4a12-82ff-dff6a67249f3","url":"https://i.imgur.com/DqzpxCa.jpg","normalizedUrl":"https://imgur.com/DqzpxCa","thumbnail":"https://i.imgur.com/DqzpxCal.jpg","type":"image/imgur","tags":["ANNOTATED"],"createdAt":"2020-01-25T17:26:06.087Z","updatedAt":"2020-01-25T17:32:02.930Z"},{"id":"6c50a22d-7135-40fd-8d85-25b4c64d110a","url":"https://i.imgur.com/Kxfm7a1.jpg","normalizedUrl":"https://imgur.com/Kxfm7a1","thumbnail":"https://i.imgur.com/Kxfm7a1l.jpg","type":"image/imgur","tags":["ANNOTATED"],"createdAt":"2020-01-25T17:26:06.087Z","updatedAt":"2020-01-25T17:32:02.930Z"},{"id":"80bfc253-9cff-4913-961c-529f5c0af850","url":"https://i.imgur.com/eJKH4ji.jpg","normalizedUrl":"https://imgur.com/eJKH4ji","thumbnail":"https://i.imgur.com/eJKH4jil.jpg","type":"image/imgur","tags":["ANNOTATED"],"createdAt":"2020-01-25T17:26:06.087Z","updatedAt":"2020-01-25T17:32:02.930Z"},{"id":"9391d6a7-63bb-43a9-a0ff-bb80f4ff608b","url":"https://i.imgur.com/7cwVcmE.jpg","normalizedUrl":"https://imgur.com/7cwVcmE","thumbnail":"https://i.imgur.com/7cwVcmEl.jpg","type":"image/imgur","tags":["ANNOTATED"],"createdAt":"2020-01-25T17:32:02.930Z","updatedAt":"2020-01-25T17:32:02.930Z"},{"id":"458d75b1-2ef2-466c-8204-80f7170b32e3","url":"https://i.imgur.com/6gi4JCS.jpg","normalizedUrl":"https://imgur.com/6gi4JCS","thumbnail":"https://i.imgur.com/6gi4JCSl.jpg","type":"image/imgur","tags":["ANNOTATED"],"createdAt":"2020-01-25T17:26:06.087Z","updatedAt":"2020-01-25T17:32:02.930Z"},{"id":"80bfb400-f9d1-4a17-8d16-c856c6fe0add","url":"https://i.imgur.com/1aAdbNg.jpg","normalizedUrl":"https://imgur.com/1aAdbNg","thumbnail":"https://i.imgur.com/1aAdbNgl.jpg","type":"image/imgur","tags":["ANNOTATED"],"createdAt":"2020-01-25T17:26:06.087Z","updatedAt":"2020-01-25T17:32:02.930Z"},{"id":"9474a2cf-7fc9-4094-a04b-0a3329faef38","url":"https://i.imgur.com/V8UNmXz.jpg","normalizedUrl":"https://imgur.com/V8UNmXz","thumbnail":"https://i.imgur.com/V8UNmXzl.jpg","type":"image/imgur","tags":["ANNOTATED"],"createdAt":"2020-01-25T17:26:06.087Z","updatedAt":"2020-01-25T17:32:02.930Z"},{"id":"22f2704c-0abf-43a9-a786-2ac14c72d60c","url":"https://i.imgur.com/Dj8111M.jpg","normalizedUrl":"https://imgur.com/Dj8111M","thumbnail":"https://i.imgur.com/Dj8111Ml.jpg","type":"image/imgur","tags":["ANNOTATED"],"createdAt":"2020-01-25T17:26:06.087Z","updatedAt":"2020-01-25T17:32:02.930Z"},{"id":"3611a6c8-88ed-419e-bade-117b7c599860","url":"https://i.imgur.com/pnf5744.jpg","normalizedUrl":"https://imgur.com/pnf5744","thumbnail":"https://i.imgur.com/pnf5744l.jpg","type":"image/imgur","tags":["ANNOTATED"],"createdAt":"2020-01-25T17:26:06.087Z","updatedAt":"2020-01-25T17:32:02.930Z"},{"id":"70cd6a2c-f003-4224-8215-5b3462756456","url":"https://i.imgur.com/y8fQnQj.jpg","normalizedUrl":"https://imgur.com/y8fQnQj","thumbnail":"https://i.imgur.com/y8fQnQjl.jpg","type":"image/imgur","tags":["ANNOTATED"],"createdAt":"2020-01-25T17:26:06.087Z","updatedAt":"2020-01-25T17:32:02.930Z"},{"id":"57759b4f-459f-4aad-b8b9-0a3bd45aaaf6","url":"https://i.imgur.com/HowixOo.jpg","normalizedUrl":"https://imgur.com/HowixOo","thumbnail":"https://i.imgur.com/HowixOol.jpg","type":"image/imgur","tags":["ANNOTATED"],"createdAt":"2020-01-25T17:26:06.087Z","updatedAt":"2020-01-25T17:32:02.930Z"},{"id":"53e3abe3-49c7-41f4-8bd7-24d19e44e99a","url":"https://i.imgur.com/btCdUGD.jpg","normalizedUrl":"https://imgur.com/btCdUGD","thumbnail":"https://i.imgur.com/btCdUGDl.jpg","type":"image/imgur","tags":["ANNOTATED"],"createdAt":"2020-01-25T17:26:06.087Z","updatedAt":"2020-01-25T17:32:02.930Z"},{"id":"7914d805-b747-4cef-9337-8704264f4f93","url":"https://i.imgur.com/pSgcauX.jpg","normalizedUrl":"https://imgur.com/pSgcauX","thumbnail":"https://i.imgur.com/pSgcauXl.jpg","type":"image/imgur","tags":["ANNOTATED"],"createdAt":"2020-01-25T17:26:06.087Z","updatedAt":"2020-01-25T17:32:02.930Z"},{"id":"ead47c32-a21e-4d91-ad9f-d308490f15ff","url":"https://i.imgur.com/qLTuDr5.jpg","normalizedUrl":"https://imgur.com/qLTuDr5","thumbnail":"https://i.imgur.com/qLTuDr5l.jpg","type":"image/imgur","tags":["ANNOTATED"],"createdAt":"2020-01-25T17:26:06.087Z","updatedAt":"2020-01-25T17:32:02.930Z"},{"id":"47977755-5fa8-4982-bbf5-e8a785c6e2f6","url":"https://i.imgur.com/acEzLLR.jpg","normalizedUrl":"https://imgur.com/acEzLLR","thumbnail":"https://i.imgur.com/acEzLLRl.jpg","type":"image/imgur","tags":["ANNOTATED"],"createdAt":"2020-01-25T17:26:06.087Z","updatedAt":"2020-01-25T17:32:02.930Z"},{"id":"bd08d200-9649-49a9-9d6c-21c57ee78551","url":"https://i.imgur.com/u5vTOch.jpg","normalizedUrl":"https://imgur.com/u5vTOch","thumbnail":"https://i.imgur.com/u5vTOchl.jpg","type":"image/imgur","tags":["ANNOTATED"],"createdAt":"2020-01-25T17:26:06.087Z","updatedAt":"2020-01-25T17:32:02.930Z"},{"id":"064ecba8-0545-4889-afbc-7e7bd6e2fcc5","url":"https://i.imgur.com/M5oPjza.jpg","normalizedUrl":"https://imgur.com/M5oPjza","thumbnail":"https://i.imgur.com/M5oPjzal.jpg","type":"image/imgur","tags":["ANNOTATED"],"createdAt":"2020-01-25T17:26:06.087Z","updatedAt":"2020-01-25T17:32:02.930Z"},{"id":"fd7e27c8-da8c-4260-acf7-6065944a4650","url":"https://i.imgur.com/91bO3V3.jpg","normalizedUrl":"https://imgur.com/91bO3V3","thumbnail":"https://i.imgur.com/91bO3V3l.jpg","type":"image/imgur","tags":["ANNOTATED"],"createdAt":"2020-01-25T17:26:06.087Z","updatedAt":"2020-01-25T17:32:02.930Z"},{"id":"c1b8df33-603e-41e2-b495-99c20297937e","url":"https://i.imgur.com/wmsT3eh.jpg","normalizedUrl":"https://imgur.com/wmsT3eh","thumbnail":"https://i.imgur.com/wmsT3ehl.jpg","type":"image/imgur","tags":["ANNOTATED"],"createdAt":"2020-01-25T17:26:06.087Z","updatedAt":"2020-01-25T17:32:02.930Z"},{"id":"255c5b81-74df-41ff-9bda-52c6920ea360","url":"https://i.imgur.com/eGVDETT.jpg","normalizedUrl":"https://imgur.com/eGVDETT","thumbnail":"https://i.imgur.com/eGVDETTl.jpg","type":"image/imgur","tags":["ANNOTATED"],"createdAt":"2020-01-25T17:26:06.087Z","updatedAt":"2020-01-25T17:32:02.930Z"},{"id":"ee21f5cd-700e-4579-adb8-1dbf31ab5ac2","url":"https://i.imgur.com/1umXvHM.jpg","normalizedUrl":"https://imgur.com/1umXvHM","thumbnail":"https://i.imgur.com/1umXvHMl.jpg","type":"image/imgur","tags":["ANNOTATED"],"createdAt":"2020-01-25T17:26:06.087Z","updatedAt":"2020-01-25T17:32:02.930Z"},{"id":"94b735a2-f26e-4bad-a5c2-55a8581b2f88","url":"https://i.imgur.com/Zj0yPp0.jpg","normalizedUrl":"https://imgur.com/Zj0yPp0","thumbnail":"https://i.imgur.com/Zj0yPp0l.jpg","type":"image/imgur","tags":["ANNOTATED"],"createdAt":"2020-01-25T17:26:06.087Z","updatedAt":"2020-01-25T17:32:02.930Z"},{"id":"5e5fcea9-0d54-4f33-ad8a-c25dfe619f39","url":"https://i.imgur.com/iaGdAIm.jpg","normalizedUrl":"https://imgur.com/iaGdAIm","thumbnail":"https://i.imgur.com/iaGdAIml.jpg","type":"image/imgur","tags":["ANNOTATED"],"createdAt":"2020-01-25T17:26:06.087Z","updatedAt":"2020-01-25T17:32:02.930Z"},{"id":"fc5ed0fe-2613-40d1-a956-71d910412bef","url":"https://i.imgur.com/vEymgVF.jpg","normalizedUrl":"https://imgur.com/vEymgVF","thumbnail":"https://i.imgur.com/vEymgVFl.jpg","type":"image/imgur","tags":["ANNOTATED"],"createdAt":"2020-01-25T17:26:06.087Z","updatedAt":"2020-01-25T17:32:02.930Z"},{"id":"fac1b934-20a4-49a4-8abc-429e31f1810a","url":"https://i.imgur.com/Hw99wKh.jpg","normalizedUrl":"https://imgur.com/Hw99wKh","thumbnail":"https://i.imgur.com/Hw99wKhl.jpg","type":"image/imgur","tags":["ANNOTATED"],"createdAt":"2020-01-25T17:26:06.087Z","updatedAt":"2020-01-25T17:32:02.930Z"},{"id":"9d447181-585d-41ab-9622-a3939f8a8506","url":"https://i.imgur.com/AsWVmaC.jpg","normalizedUrl":"https://imgur.com/AsWVmaC","thumbnail":"https://i.imgur.com/AsWVmaCl.jpg","type":"image/imgur","tags":["ANNOTATED"],"createdAt":"2020-01-25T17:26:06.087Z","updatedAt":"2020-01-25T17:32:02.930Z"},{"id":"51f56834-7738-4156-b0d9-e1c9bf2a1e60","url":"https://i.imgur.com/fbCjjdm.jpg","normalizedUrl":"https://imgur.com/fbCjjdm","thumbnail":"https://i.imgur.com/fbCjjdml.jpg","type":"image/imgur","tags":["ANNOTATED"],"createdAt":"2020-01-25T17:26:06.087Z","updatedAt":"2020-01-25T17:32:02.930Z"},{"id":"e6a64885-662a-4edd-8580-c9eb0933c52c","url":"https://i.imgur.com/gEInTCl.jpg","normalizedUrl":"https://imgur.com/gEInTCl","thumbnail":"https://i.imgur.com/gEInTCll.jpg","type":"image/imgur","tags":["ANNOTATED"],"createdAt":"2020-01-25T17:26:06.087Z","updatedAt":"2020-01-25T17:32:02.930Z"},{"id":"7f042899-3ac4-452d-a57a-941c3fd30bcb","url":"https://i.imgur.com/hv2mA5W.jpg","normalizedUrl":"https://imgur.com/hv2mA5W","thumbnail":"https://i.imgur.com/hv2mA5Wl.jpg","type":"image/imgur","tags":["ANNOTATED"],"createdAt":"2020-01-25T17:26:06.087Z","updatedAt":"2020-01-25T17:32:02.930Z"},{"id":"6e46fb9b-7182-430e-95c4-6e1a09d188e5","url":"https://i.imgur.com/xWN7bY3.jpg","normalizedUrl":"https://imgur.com/xWN7bY3","thumbnail":"https://i.imgur.com/xWN7bY3l.jpg","type":"image/imgur","tags":["ANNOTATED"],"createdAt":"2020-01-25T17:26:06.087Z","updatedAt":"2020-01-25T17:32:02.930Z"},{"id":"52b6ae40-e424-4e29-9ed3-f260ff820845","url":"https://i.imgur.com/q0hmCcV.jpg","normalizedUrl":"https://imgur.com/q0hmCcV","thumbnail":"https://i.imgur.com/q0hmCcVl.jpg","type":"image/imgur","tags":["ANNOTATED"],"createdAt":"2020-01-25T17:26:06.087Z","updatedAt":"2020-01-25T17:32:02.930Z"},{"id":"e1746d94-1fc3-4741-bed7-7699c4b3acc8","url":"https://i.imgur.com/zZMoGXL.jpg","normalizedUrl":"https://imgur.com/zZMoGXL","thumbnail":"https://i.imgur.com/zZMoGXLl.jpg","type":"image/imgur","tags":["ANNOTATED"],"createdAt":"2020-01-25T17:26:06.087Z","updatedAt":"2020-01-25T17:32:02.930Z"},{"id":"9fadfc03-2ca6-4199-a450-6414dc51e967","url":"https://i.imgur.com/j8ABffE.jpg","normalizedUrl":"https://imgur.com/j8ABffE","thumbnail":"https://i.imgur.com/j8ABffEl.jpg","type":"image/imgur","tags":["ANNOTATED"],"createdAt":"2020-01-25T17:26:06.087Z","updatedAt":"2020-01-25T17:32:02.930Z"},{"id":"0fb16a71-e4b9-45e5-9990-994acf741e84","url":"https://i.imgur.com/bNifin5.jpg","normalizedUrl":"https://imgur.com/bNifin5","thumbnail":"https://i.imgur.com/bNifin5l.jpg","type":"image/imgur","tags":["ANNOTATED"],"createdAt":"2020-01-25T17:26:06.087Z","updatedAt":"2020-01-25T17:32:02.930Z"},{"id":"b2e7eda2-f8b9-4967-81f4-3587c200c931","url":"https://i.imgur.com/11NBMUE.jpg","normalizedUrl":"https://imgur.com/11NBMUE","thumbnail":"https://i.imgur.com/11NBMUEl.jpg","type":"image/imgur","tags":["ANNOTATED"],"createdAt":"2020-01-25T17:26:06.087Z","updatedAt":"2020-01-25T17:32:02.930Z"},{"id":"25c9a53c-dd34-4b13-acba-14d6d80c1c51","url":"https://i.imgur.com/vLvJikI.jpg","normalizedUrl":"https://imgur.com/vLvJikI","thumbnail":"https://i.imgur.com/vLvJikIl.jpg","type":"image/imgur","tags":["ANNOTATED"],"createdAt":"2020-01-25T17:26:06.087Z","updatedAt":"2020-01-25T17:32:02.930Z"},{"id":"09ce82fe-b4e6-40c8-ad40-4b301e375818","url":"https://i.imgur.com/L7xYLJ2.jpg","normalizedUrl":"https://imgur.com/L7xYLJ2","thumbnail":"https://i.imgur.com/L7xYLJ2l.jpg","type":"image/imgur","tags":["ANNOTATED"],"createdAt":"2020-01-25T17:26:06.087Z","updatedAt":"2020-01-25T17:32:02.930Z"},{"id":"4097d5a8-b414-4352-a5d1-275153f48ad4","url":"https://i.imgur.com/QR608hI.jpg","normalizedUrl":"https://imgur.com/QR608hI","thumbnail":"https://i.imgur.com/QR608hIl.jpg","type":"image/imgur","tags":["ANNOTATED"],"createdAt":"2020-01-25T17:26:06.087Z","updatedAt":"2020-01-25T17:32:02.930Z"},{"id":"7cc485d2-8d2d-46b5-8e67-745917209027","url":"https://i.imgur.com/3gVXME5.jpg","normalizedUrl":"https://imgur.com/3gVXME5","thumbnail":"https://i.imgur.com/3gVXME5l.jpg","type":"image/imgur","tags":["ANNOTATED"],"createdAt":"2020-01-25T17:26:06.087Z","updatedAt":"2020-01-25T17:32:02.930Z"},{"id":"67957c1d-e89b-4cda-bdc5-a8e3b4fcfa00","url":"https://i.imgur.com/jv9frQ6.jpg","normalizedUrl":"https://imgur.com/jv9frQ6","thumbnail":"https://i.imgur.com/jv9frQ6l.jpg","type":"image/imgur","tags":["ANNOTATED"],"createdAt":"2020-01-25T17:26:06.087Z","updatedAt":"2020-01-25T17:32:02.930Z"},{"id":"2ba46db3-72ac-4a72-ad72-32a8bca67a24","url":"https://i.imgur.com/vJQtXEQ.jpg","normalizedUrl":"https://imgur.com/vJQtXEQ","thumbnail":"https://i.imgur.com/vJQtXEQl.jpg","type":"image/imgur","tags":["ANNOTATED"],"createdAt":"2020-01-25T17:26:06.087Z","updatedAt":"2020-01-25T17:32:02.930Z"},{"id":"da440a88-ed1a-4be9-96bc-a2bc8874d4cd","url":"https://youtu.be/5UZ57qE_9Ts","normalizedUrl":"https://www.youtube.com/watch?v=5UZ57qE_9Ts","thumbnail":"https://img.youtube.com/vi/5UZ57qE_9Ts/hqdefault.jpg","type":"video/youtube","tags":["ANNOTATED"],"createdAt":"2020-01-25T17:26:06.087Z","updatedAt":"2020-01-25T17:32:02.930Z"},{"id":"e4bfc800-77a7-4c05-8e55-559f144531cc","url":"https://youtu.be/4jHeJr70fhI","normalizedUrl":"https://www.youtube.com/watch?v=4jHeJr70fhI","thumbnail":"https://img.youtube.com/vi/4jHeJr70fhI/hqdefault.jpg","type":"video/youtube","tags":["ANNOTATED"],"createdAt":"2020-01-25T17:26:06.087Z","updatedAt":"2020-01-25T17:32:02.930Z"},{"id":"0682c0ee-a6f9-45e0-acec-5eb70f23f282","url":"https://youtu.be/IrAD8CLLnf8","normalizedUrl":"https://www.youtube.com/watch?v=IrAD8CLLnf8","thumbnail":"https://img.youtube.com/vi/IrAD8CLLnf8/hqdefault.jpg","type":"video/youtube","tags":["ANNOTATED"],"createdAt":"2020-01-25T17:26:06.087Z","updatedAt":"2020-01-25T17:32:02.930Z"}],"postAvatar":""}