{"id":232958358,"title":"生日快樂♥️我的一切，我的全部💜文彬🐈","content":"又是一年新的開始 也代表ASTRO的成員又要開始接連的過生日啦！\n那第一棒就由我們能文能武（？）的文彬先開始吧❣️\n今年的生日賀圖❣️\nhttps://i.imgur.com/LbJ8CpU.jpg\n超喜歡這種相機風的港覺😆\n那繼去年的生日文 今天就來介紹擁有多重魅力的文彬吧❣️\n\n首先是Vocal彬🎶\nhttps://youtu.be/JfUXFw5Ixa8\nhttps://youtu.be/ZlP3u8eDUOg\n必須説影片太多真的不知道該從哪裡開始介紹\n但還是找了自己最喜歡的cover✨\n真的很喜歡文彬唱歌的聲音\n明明講話10句有9.9句會破音\n以下影片佐證👇\n文彬的破音合輯（？）\nhttps://youtu.be/vCxcUjBm3IE\n唱歌卻永遠都那麼神奇的好聽❣️\n明明自己英文不好卻超喜歡聽英文歌 還可以跟著唱到幾乎沒有韓式英文的腔調🥺！\n接下來是DANCE彬🕺\n高一的彬尼✨\nhttps://youtu.be/5NbHU7J_r3w\n就算還沒出道但這已經是練習了6年的彬尼❣️\n舞蹈從一開始什麼都不會\n（本人曾經說過自己是長得還可以才進公司的（什麼長得還可以！小彬尼根本是帥爆好嗎！\n（彬尼腦殘粉的部分...確定無藥可救🤪）\n到現在已經是舞蹈賴一員的彬 音樂一播馬上就可以跳出符合音樂的隨機舞蹈\n還很愛cover女團舞\n（男團是副業女團舞才是正業的文彬..）\n佳人-피어나\nhttps://youtu.be/ipznj-KoslA\n女團舞合輯❣️\nhttps://youtu.be/cK5Pdbv8S04\nhttps://youtu.be/JjThdG6opnQ\n女團舞中毒的我們舞蹈賴...🤦\n接下來是鮮少出現的rap彬🤪\nhttps://www.dcard.tw/v2/vivid/videos/57d52b1b-d28e-4dd0-acb3-7d671cb9af14?r=0.5590062111801242\nhttps://www.dcard.tw/v2/vivid/videos/90190f19-f0fc-49c2-9dee-dfbe26b0ca9c?r=0.5625\n第二個影片找來找去好像只有一個影片的部分 所以第二首歌請大家將就一下聽聲音看看背影（？）\n說著自己不會撒嬌卻處處散發著可愛的我們可愛彬\nhttps://youtu.be/E9g46t1hvfw\n説到調皮搗蛋沒人能比得過的文初丁🤦\nhttps://youtu.be/gVcW-oVAfuA\n把大哥甩來甩去\n無視2哥兼隊長説的話\n欺負平常天不怕地不怕唯獨怕彬哥的忙內\n以上都是ASTRO的團霸文彬的日常！\n那剩下兩個團員的相處日常是...👇\nASTRO的團欺由文彬來守護❣️\n至於敏赫咧...太乖了跟文彬都走溫馨路線（？）\n那我們尹產賀...當然就是天天被他彬哥威脅啦🤣\nhttps://youtu.be/f2s61TY_2yI\n🐤：買馬林糖給我(. ❛ ᴗ ❛.)\n彬大佬：叫我買馬林糖給你嗎？\n彬大佬：嘖！\n彬大佬：你在和我講話嗎？產賀阿\n彬大佬：叫我買馬林糖給你！？\n彬大佬：你自己揉麵糰吧 馬林糖！不然...哥給你揉麵糰\n彬大佬：麵糰和....什麼一起揉呢（和善的微笑\n然後可憐的忙內產賀就再也沒出現在留言了....\n可能真的怕被彬大佬抓去和馬林糖的麵糰一起揉..？\n馬林糖ft.產賀(・∀・)（太驚悚）\n還有常常笑大哥和忙內忘詞但自己也會忘的傻彬https://www.dcard.tw/v2/vivid/videos/6dd86e9a-85d1-4472-ba71-0c90b896a5ed?r=0.5625\n💜：唱一下ROLE PLAY吧♥️\n🐈：這是什麼歌..？（想起來了然後開始唱）play with me now,love you..?不是這個阿..？不是Love you欸..?（再唱著唱著突然又唱對了）阿！原來是這個阿🤣\n（中間全忘詞或唱錯段的傻彬again)\n🐈:好像不是這個...想不起來了🥺 Play with me now,do better...接下來是什麼？接下來是什麼阿！接下來🤣\n請告訴我接下來是什麼😗！(看了粉絲的留言）Play with me now,do better\n보여줘 봐...接下來咧🤣？接下來是什麼阿🤣🤣🤣\n끝이 아닐지도 몰라~~~🎶🐈\n-真的是超級傻又超級可愛的彬♥️💜-\n產賀被文彬揍的合輯（？）\nhttps://youtu.be/gnt_HjNndq0\n但是我們產賀和彬尼還是很可愛的啦♥️\n前幾天產賀煮年糕湯的直播找了彬尼來當試吃嘉賓\n明明對彬尼來說太鹹了但彬尼還是很疼弟弟全部吃光光了🥺雖然表情真的超猙獰（欸\n最後還端了蛋糕來幫彬尼提早慶生♥️\n因為今年彬尼的生日剛好大家都在過年 所以就提早慶生了🤗\n雖然彬尼看到蛋糕的第一句話還是：你對我説平語嗎？\n產賀🐤：呵呵呵呵呵呵呵（只是笑著的產賀）\n後來趕緊解釋了那串文字的產賀\n因為彬尼在去年的生日剛好是音樂中心的迷你見面會所以彬尼就對粉絲說 所有的相遇都是緣分\n所以產賀今年就送了一個他想像中粉絲的回答的蛋糕\n上面寫著♥️彬啊，遇見你是幸運呀♥️\n溫馨完又突然開始上天的寶寶\n🐤：但是..你知道HBD是什麼嗎？\n🐈：HBD...什麼呀？\n🐤：Happy Birthdayㅋㅋㅋㅋ\n🐈:.....🙂😊\n這樣的表情👇\nhttps://i.imgur.com/YXB4MQo.png\n反正就是一臉想揍產賀的臉🤣🤣🤣🤣🤣\n還在蛋糕還沒被解決之前拍了合照https://i.imgur.com/71OpN4k.jpg\nhttps://i.imgur.com/36pYG1T.jpg\n雖然拍完之後彬尼説：哇 你用什麼app!為什麼眼睛變這麼大！！\n慌張的產賀：沒有啦！！\n-這兩個人真的相愛相殺🤣-\n最後來介紹一下我們肌肉彬的部分\nhttps://i.imgur.com/6v77huk.jpg\nhttps://i.imgur.com/wH7VUoq.jpg\nhttps://i.imgur.com/jORMe5q.jpg\nhttps://i.imgur.com/aZ4e96K.jpg\n隨便就把大哥扛在肩上的太平洋肩....\nhttps://i.imgur.com/0ZJC19a.jpg\n還有快要把演戲的制服撐破的可怕二頭肌...\n附上一句產賀曾經說過的：哥，雖然你只是輕輕打我,但是我很痛ㅠㅠ🤣\n最後就用新鮮的彬尼來做這次賀文的尾聲囉💜\nhttps://i.imgur.com/AzjFoBA.jpg\nhttps://i.imgur.com/W2qwqgC.jpg\nhttps://i.imgur.com/MEQWfkN.jpg\nhttps://i.imgur.com/kaNuyra.jpg\nhttps://i.imgur.com/um026kn.jpg\nhttps://i.imgur.com/ATAYiKR.jpg\n對了前幾天他們偷偷背著公司去滑雪了 \n文彬看起來精神很好（？）\n雖然公司説不能上傳SNS 但這幾個孩子絲毫不放在眼裡 \n上傳了好多照片和影片（欸\n\n最後也希望我們文彬能夠好好休息\n等身體康復了再歸隊💜\n然後在自己喜歡的舞台展現更好的模樣給大眾們💜\n200126 文彬23歲生日快樂❣️\n2020不要受傷的一起和5位成員一起健康平安的活動吧💜\nhttps://i.imgur.com/rgyi7rA.gif\n-\n祝大家新年快樂✨\n出門也別忘了帶上口罩和保暖唷🤗","excerpt":"又是一年新的開始 也代表ASTRO的成員又要開始接連的過生日啦！，那第一棒就由我們能文能武（？）的文彬先開始吧️，今年的生日賀圖️，超喜歡這種相機風的港覺，那繼去年的生日文 今天就來介紹擁有多重魅力的","anonymousSchool":false,"anonymousDepartment":false,"pinned":false,"forumId":"14f573f5-3f02-4821-8e18-f561d7b7db91","replyId":null,"createdAt":"2020-01-25T19:47:19.895Z","updatedAt":"2020-01-25T19:47:19.895Z","commentCount":9,"likeCount":142,"tags":[],"topics":["文彬","ASTRO"],"supportedReactions":null,"withNickname":true,"reportReason":"","hiddenByAuthor":false,"meta":{"layout":"classic"},"forumName":"追星","forumAlias":"entertainer","school":"杉哥真愛粉底迦💜","department":"peggyro","replyTitle":null,"gender":"F","personaSubscriptable":null,"reactions":[{"id":"286f599c-f86a-4932-82f0-f5a06f1eca03","count":142}],"hidden":false,"customStyle":null,"isSuspiciousAccount":false,"layout":"classic","withImages":true,"withVideos":true,"media":[{"url":"https://i.imgur.com/LbJ8CpU.jpg"},{"url":"https://vivid.dcard.tw/Public/57d52b1b-d28e-4dd0-acb3-7d671cb9af14/thumbnail.jpg"},{"url":"https://vivid.dcard.tw/Public/90190f19-f0fc-49c2-9dee-dfbe26b0ca9c/thumbnail.jpg"},{"url":"https://vivid.dcard.tw/Public/6dd86e9a-85d1-4472-ba71-0c90b896a5ed/thumbnail.jpg"},{"url":"https://i.imgur.com/YXB4MQo.png"},{"url":"https://i.imgur.com/71OpN4k.jpg"},{"url":"https://i.imgur.com/36pYG1T.jpg"},{"url":"https://i.imgur.com/6v77huk.jpg"},{"url":"https://i.imgur.com/wH7VUoq.jpg"},{"url":"https://i.imgur.com/jORMe5q.jpg"},{"url":"https://i.imgur.com/aZ4e96K.jpg"},{"url":"https://i.imgur.com/0ZJC19a.jpg"},{"url":"https://i.imgur.com/AzjFoBA.jpg"},{"url":"https://i.imgur.com/W2qwqgC.jpg"},{"url":"https://i.imgur.com/MEQWfkN.jpg"},{"url":"https://i.imgur.com/kaNuyra.jpg"},{"url":"https://i.imgur.com/um026kn.jpg"},{"url":"https://i.imgur.com/ATAYiKR.jpg"}],"reportReasonText":"","mediaMeta":[{"id":"3e962a58-2c4c-4011-a66f-7645bc55fbd8","url":"https://i.imgur.com/LbJ8CpUl.jpg","normalizedUrl":"https://i.imgur.com/LbJ8CpUl.jpg","thumbnail":"https://i.imgur.com/LbJ8CpUl.jpg","type":"image/thumbnail","tags":["ANNOTATED"],"createdAt":"2020-01-25T19:47:19.895Z","updatedAt":"2020-01-25T19:47:19.895Z"},{"id":"3e962a58-2c4c-4011-a66f-7645bc55fbd8","url":"https://i.imgur.com/LbJ8CpU.jpg","normalizedUrl":"https://imgur.com/LbJ8CpU","thumbnail":"https://i.imgur.com/LbJ8CpUl.jpg","type":"image/imgur","tags":["ANNOTATED"],"createdAt":"2020-01-25T19:47:19.895Z","updatedAt":"2020-01-25T19:47:19.895Z"},{"id":"b32581c0-6b77-4a08-b460-f4bc569758fd","url":"https://youtu.be/JfUXFw5Ixa8","normalizedUrl":"https://www.youtube.com/watch?v=JfUXFw5Ixa8","thumbnail":"https://img.youtube.com/vi/JfUXFw5Ixa8/hqdefault.jpg","type":"video/youtube","tags":["ANNOTATED_FAILED"],"createdAt":"2020-01-25T19:47:19.895Z","updatedAt":"2020-01-25T19:47:19.895Z"},{"id":"69f37826-bf3e-4c05-9cce-db7732fd7b56","url":"https://youtu.be/ZlP3u8eDUOg","normalizedUrl":"https://www.youtube.com/watch?v=ZlP3u8eDUOg","thumbnail":"https://img.youtube.com/vi/ZlP3u8eDUOg/hqdefault.jpg","type":"video/youtube","tags":["ANNOTATED"],"createdAt":"2020-01-25T19:47:19.895Z","updatedAt":"2020-01-25T19:47:19.895Z"},{"id":"92867372-49de-41cc-b34c-4149c90db5e6","url":"https://youtu.be/vCxcUjBm3IE","normalizedUrl":"https://www.youtube.com/watch?v=vCxcUjBm3IE","thumbnail":"https://img.youtube.com/vi/vCxcUjBm3IE/hqdefault.jpg","type":"video/youtube","tags":["ANNOTATED"],"createdAt":"2020-01-25T19:47:19.895Z","updatedAt":"2020-01-25T19:47:19.895Z"},{"id":"df5809c0-8899-4a2c-ac08-5554da4fc348","url":"https://youtu.be/5NbHU7J_r3w","normalizedUrl":"https://www.youtube.com/watch?v=5NbHU7J_r3w","thumbnail":"https://img.youtube.com/vi/5NbHU7J_r3w/hqdefault.jpg","type":"video/youtube","tags":["ANNOTATED"],"createdAt":"2020-01-25T19:47:19.895Z","updatedAt":"2020-01-25T19:47:19.895Z"},{"id":"c2498a71-5838-433f-aa81-23f9f3c20c20","url":"https://youtu.be/ipznj-KoslA","normalizedUrl":"https://www.youtube.com/watch?v=ipznj-KoslA","thumbnail":"https://img.youtube.com/vi/ipznj-KoslA/hqdefault.jpg","type":"video/youtube","tags":["ANNOTATED"],"createdAt":"2020-01-25T19:47:19.895Z","updatedAt":"2020-01-25T19:47:19.895Z"},{"id":"0789d83f-6620-4127-92a9-0fb3e6235fd6","url":"https://youtu.be/cK5Pdbv8S04","normalizedUrl":"https://www.youtube.com/watch?v=cK5Pdbv8S04","thumbnail":"https://img.youtube.com/vi/cK5Pdbv8S04/hqdefault.jpg","type":"video/youtube","tags":["ANNOTATED"],"createdAt":"2020-01-25T19:47:19.895Z","updatedAt":"2020-01-25T19:47:19.895Z"},{"id":"3024c04e-c9f6-49c3-8525-c803125fe530","url":"https://youtu.be/JjThdG6opnQ","normalizedUrl":"https://www.youtube.com/watch?v=JjThdG6opnQ","thumbnail":"https://img.youtube.com/vi/JjThdG6opnQ/hqdefault.jpg","type":"video/youtube","tags":["ANNOTATED"],"createdAt":"2020-01-25T19:47:19.895Z","updatedAt":"2020-01-25T19:47:19.895Z"},{"id":"2fb05fb1-ab71-44bb-a3ce-af14a2dc9365","url":"https://www.dcard.tw/v2/vivid/videos/57d52b1b-d28e-4dd0-acb3-7d671cb9af14?r=0.5590062111801242","normalizedUrl":"","thumbnail":"https://vivid.dcard.tw/Public/57d52b1b-d28e-4dd0-acb3-7d671cb9af14/thumbnail.jpg","type":"video/vivid","tags":["ANNOTATED_FAILED"],"createdAt":"2020-01-25T19:47:19.895Z","updatedAt":"2020-01-25T19:47:19.895Z"},{"id":"54d63233-065c-44d0-8ec5-be0ff2fbefa1","url":"https://www.dcard.tw/v2/vivid/videos/90190f19-f0fc-49c2-9dee-dfbe26b0ca9c?r=0.5625","normalizedUrl":"","thumbnail":"https://vivid.dcard.tw/Public/90190f19-f0fc-49c2-9dee-dfbe26b0ca9c/thumbnail.jpg","type":"video/vivid","tags":["ANNOTATED_FAILED"],"createdAt":"2020-01-25T19:47:19.895Z","updatedAt":"2020-01-25T19:47:19.895Z"},{"id":"32e6002c-35f8-4016-9915-7b2b1ae2fc2c","url":"https://youtu.be/E9g46t1hvfw","normalizedUrl":"https://www.youtube.com/watch?v=E9g46t1hvfw","thumbnail":"https://img.youtube.com/vi/E9g46t1hvfw/hqdefault.jpg","type":"video/youtube","tags":["ANNOTATED"],"createdAt":"2020-01-25T19:47:19.895Z","updatedAt":"2020-01-25T19:47:19.895Z"},{"id":"b0d21d96-aefa-43c9-b902-3d4db810ad50","url":"https://youtu.be/gVcW-oVAfuA","normalizedUrl":"https://www.youtube.com/watch?v=gVcW-oVAfuA","thumbnail":"https://img.youtube.com/vi/gVcW-oVAfuA/hqdefault.jpg","type":"video/youtube","tags":["ANNOTATED"],"createdAt":"2020-01-25T19:47:19.895Z","updatedAt":"2020-01-25T19:47:19.895Z"},{"id":"27be603b-cabd-4d7e-9f3d-27bf693d44ce","url":"https://youtu.be/f2s61TY_2yI","normalizedUrl":"https://www.youtube.com/watch?v=f2s61TY_2yI","thumbnail":"https://img.youtube.com/vi/f2s61TY_2yI/hqdefault.jpg","type":"video/youtube","tags":["ANNOTATED"],"createdAt":"2020-01-25T19:47:19.895Z","updatedAt":"2020-01-25T19:47:19.895Z"},{"id":"a7fcf96a-c037-458c-9ce4-58ab1a087ec8","url":"https://www.dcard.tw/v2/vivid/videos/6dd86e9a-85d1-4472-ba71-0c90b896a5ed?r=0.5625","normalizedUrl":"","thumbnail":"https://vivid.dcard.tw/Public/6dd86e9a-85d1-4472-ba71-0c90b896a5ed/thumbnail.jpg","type":"video/vivid","tags":["ANNOTATED_FAILED"],"createdAt":"2020-01-25T19:47:19.895Z","updatedAt":"2020-01-25T19:47:19.895Z"},{"id":"4123b457-4192-480c-85ba-f6a6855f4689","url":"https://youtu.be/gnt_HjNndq0","normalizedUrl":"https://www.youtube.com/watch?v=gnt_HjNndq0","thumbnail":"https://img.youtube.com/vi/gnt_HjNndq0/hqdefault.jpg","type":"video/youtube","tags":["ANNOTATED"],"createdAt":"2020-01-25T19:47:19.895Z","updatedAt":"2020-01-25T19:47:19.895Z"},{"id":"c98539df-7e1e-4291-aee6-12728355761d","url":"https://i.imgur.com/YXB4MQo.png","normalizedUrl":"https://imgur.com/YXB4MQo","thumbnail":"https://i.imgur.com/YXB4MQol.jpg","type":"image/imgur","tags":["ANNOTATED"],"createdAt":"2020-01-25T19:47:19.895Z","updatedAt":"2020-01-25T19:47:19.895Z"},{"id":"1fb56888-01bf-49e3-a98e-9ea06175b2d3","url":"https://i.imgur.com/71OpN4k.jpg","normalizedUrl":"https://imgur.com/71OpN4k","thumbnail":"https://i.imgur.com/71OpN4kl.jpg","type":"image/imgur","tags":["ANNOTATED"],"createdAt":"2020-01-25T19:47:19.895Z","updatedAt":"2020-01-25T19:47:19.895Z"},{"id":"820b538d-4ca3-4e85-bf5f-6ed60c1fe5bd","url":"https://i.imgur.com/36pYG1T.jpg","normalizedUrl":"https://imgur.com/36pYG1T","thumbnail":"https://i.imgur.com/36pYG1Tl.jpg","type":"image/imgur","tags":["ANNOTATED"],"createdAt":"2020-01-25T19:47:19.895Z","updatedAt":"2020-01-25T19:47:19.895Z"},{"id":"a17183d3-7284-4a90-a93c-644946728557","url":"https://i.imgur.com/6v77huk.jpg","normalizedUrl":"https://imgur.com/6v77huk","thumbnail":"https://i.imgur.com/6v77hukl.jpg","type":"image/imgur","tags":["ANNOTATED"],"createdAt":"2020-01-25T19:47:19.895Z","updatedAt":"2020-01-25T19:47:19.895Z"},{"id":"d76501e4-d125-4584-8139-2b59c7875c0d","url":"https://i.imgur.com/wH7VUoq.jpg","normalizedUrl":"https://imgur.com/wH7VUoq","thumbnail":"https://i.imgur.com/wH7VUoql.jpg","type":"image/imgur","tags":["ANNOTATED"],"createdAt":"2020-01-25T19:47:19.895Z","updatedAt":"2020-01-25T19:47:19.895Z"},{"id":"7a757cc0-10ee-45c2-a28f-b43539951156","url":"https://i.imgur.com/jORMe5q.jpg","normalizedUrl":"https://imgur.com/jORMe5q","thumbnail":"https://i.imgur.com/jORMe5ql.jpg","type":"image/imgur","tags":["ANNOTATED"],"createdAt":"2020-01-25T19:47:19.895Z","updatedAt":"2020-01-25T19:47:19.895Z"},{"id":"5eab088e-a309-4ef6-ad7b-a51d6ac7c59e","url":"https://i.imgur.com/aZ4e96K.jpg","normalizedUrl":"https://imgur.com/aZ4e96K","thumbnail":"https://i.imgur.com/aZ4e96Kl.jpg","type":"image/imgur","tags":["ANNOTATED"],"createdAt":"2020-01-25T19:47:19.895Z","updatedAt":"2020-01-25T19:47:19.895Z"},{"id":"8023fffd-449b-4820-b0ab-031a956d05a0","url":"https://i.imgur.com/0ZJC19a.jpg","normalizedUrl":"https://imgur.com/0ZJC19a","thumbnail":"https://i.imgur.com/0ZJC19al.jpg","type":"image/imgur","tags":["ANNOTATED"],"createdAt":"2020-01-25T19:47:19.895Z","updatedAt":"2020-01-25T19:47:19.895Z"},{"id":"9a16fe3e-3615-4fea-bcaf-86b3f149f58f","url":"https://i.imgur.com/AzjFoBA.jpg","normalizedUrl":"https://imgur.com/AzjFoBA","thumbnail":"https://i.imgur.com/AzjFoBAl.jpg","type":"image/imgur","tags":["ANNOTATED"],"createdAt":"2020-01-25T19:47:19.895Z","updatedAt":"2020-01-25T19:47:19.895Z"},{"id":"d849f263-a214-4158-a60c-94d941f5e8c5","url":"https://i.imgur.com/W2qwqgC.jpg","normalizedUrl":"https://imgur.com/W2qwqgC","thumbnail":"https://i.imgur.com/W2qwqgCl.jpg","type":"image/imgur","tags":["ANNOTATED"],"createdAt":"2020-01-25T19:47:19.895Z","updatedAt":"2020-01-25T19:47:19.895Z"},{"id":"a1d79674-afba-421a-b31c-435bda804858","url":"https://i.imgur.com/MEQWfkN.jpg","normalizedUrl":"https://imgur.com/MEQWfkN","thumbnail":"https://i.imgur.com/MEQWfkNl.jpg","type":"image/imgur","tags":["ANNOTATED"],"createdAt":"2020-01-25T19:47:19.895Z","updatedAt":"2020-01-25T19:47:19.895Z"},{"id":"668c28a7-330c-4190-985a-ac18ed1dbef8","url":"https://i.imgur.com/kaNuyra.jpg","normalizedUrl":"https://imgur.com/kaNuyra","thumbnail":"https://i.imgur.com/kaNuyral.jpg","type":"image/imgur","tags":["ANNOTATED"],"createdAt":"2020-01-25T19:47:19.895Z","updatedAt":"2020-01-25T19:47:19.895Z"},{"id":"d9c3cfb9-e0af-40fe-89ae-0857f3b36464","url":"https://i.imgur.com/um026kn.jpg","normalizedUrl":"https://imgur.com/um026kn","thumbnail":"https://i.imgur.com/um026knl.jpg","type":"image/imgur","tags":["ANNOTATED"],"createdAt":"2020-01-25T19:47:19.895Z","updatedAt":"2020-01-25T19:47:19.895Z"},{"id":"a5c5601d-7894-45ae-8fef-39eb6c6e24d7","url":"https://i.imgur.com/ATAYiKR.jpg","normalizedUrl":"https://imgur.com/ATAYiKR","thumbnail":"https://i.imgur.com/ATAYiKRl.jpg","type":"image/imgur","tags":["ANNOTATED"],"createdAt":"2020-01-25T19:47:19.895Z","updatedAt":"2020-01-25T19:47:19.895Z"},{"id":"e597a048-2d0e-4ebc-909f-4b4e45df5b6b","url":"https://i.imgur.com/rgyi7rA.gif","normalizedUrl":"https://imgur.com/rgyi7rA","thumbnail":"https://i.imgur.com/rgyi7rAl.jpg","type":"image/imgur","tags":["ANNOTATED"],"createdAt":"2020-01-25T19:47:19.895Z","updatedAt":"2020-01-25T19:47:19.895Z"}],"postAvatar":""}