{"id":232962192,"title":"第一次參加演唱會","content":"第一次要參加229SEVENTEEN的演唱會\n爬了很多文在思考要不要買望遠鏡可不可以帶望遠鏡\n在林口體育館https://i.imgur.com/FdHj9GX.jpg\n我的位置在藍1A1 $2800  不知道那邊的視野如何\n還有什麼要注意的地方  請大家告知一下🙏","excerpt":"第一次要參加229SEVENTEEN的演唱會，爬了很多文在思考要不要買望遠鏡可不可以帶望遠鏡，在林口體育館，我的位置在藍1A1 $2800  不知道那邊的視野如何，還有什麼要注意的地方  請大家告知一","anonymousSchool":false,"anonymousDepartment":true,"pinned":false,"forumId":"14f573f5-3f02-4821-8e18-f561d7b7db91","replyId":null,"createdAt":"2020-01-26T14:17:11.966Z","updatedAt":"2020-01-26T14:17:11.966Z","commentCount":14,"likeCount":36,"tags":[],"topics":["演唱會","SEVENTEEN","追星","韓星"],"supportedReactions":null,"withNickname":false,"reportReason":"","hiddenByAuthor":false,"meta":{"layout":"classic"},"forumName":"追星","forumAlias":"entertainer","school":"明新科技大學","replyTitle":null,"gender":"F","personaSubscriptable":false,"reactions":[{"id":"286f599c-f86a-4932-82f0-f5a06f1eca03","count":36}],"hidden":false,"customStyle":null,"isSuspiciousAccount":false,"layout":"classic","withImages":true,"withVideos":false,"media":[{"url":"https://i.imgur.com/FdHj9GX.jpg"}],"reportReasonText":"","mediaMeta":[{"id":"94362716-f916-4836-8cc2-21bba0243add","url":"https://i.imgur.com/FdHj9GXl.jpg","normalizedUrl":"https://i.imgur.com/FdHj9GXl.jpg","thumbnail":"https://i.imgur.com/FdHj9GXl.jpg","type":"image/thumbnail","tags":["ANNOTATED"],"createdAt":"2020-01-26T14:17:11.966Z","updatedAt":"2020-01-26T14:17:11.966Z"},{"id":"94362716-f916-4836-8cc2-21bba0243add","url":"https://i.imgur.com/FdHj9GX.jpg","normalizedUrl":"https://imgur.com/FdHj9GX","thumbnail":"https://i.imgur.com/FdHj9GXl.jpg","type":"image/imgur","tags":["ANNOTATED"],"createdAt":"2020-01-26T14:17:11.966Z","updatedAt":"2020-01-26T14:17:11.966Z"}],"postAvatar":""}