{"id":232964921,"title":"台灣明星、球星的粉絲是不是看不懂中文？","content":"誰死不是第一次啊，重複貼文就是很煩，別人在底下呼籲檢舉也是很合理的事，還講不聽想越發越多\n\n都有人發集中哀悼的貼文了，集中兩個字不難看懂吧？\n\n千篇一律的哀悼洗板真的沒必要，如果有一個特例，接下來洗板也會是常態，你們嫌看到韓星自殺或是其他新聞一直有人說很煩，那也別洗板了吧，從謝和弦到科比，看出追星板有多雙標了，高貴球星的粉絲罵不起，高貴台灣娛樂圈也罵不起呢\nhttps://i.imgur.com/GEVYQ20.jpg\nhttps://i.imgur.com/V6AXkpy.jpg","excerpt":"誰死不是第一次啊，重複貼文就是很煩，別人在底下呼籲檢舉也是很合理的事，還講不聽想越發越多，都有人發集中哀悼的貼文了，集中兩個字不難看懂吧？千篇一律的哀悼洗板真的沒必要，如果有一個特例，接下來洗板也會是","anonymousSchool":false,"anonymousDepartment":true,"pinned":false,"forumId":"14f573f5-3f02-4821-8e18-f561d7b7db91","replyId":null,"createdAt":"2020-01-27T04:00:51.289Z","updatedAt":"2020-01-27T05:32:33.018Z","commentCount":98,"likeCount":356,"tags":[],"topics":["追星"],"supportedReactions":null,"withNickname":false,"reportReason":"","hiddenByAuthor":false,"meta":{"layout":"classic"},"forumName":"追星","forumAlias":"entertainer","school":"東吳大學","replyTitle":null,"gender":"F","personaSubscriptable":true,"reactions":[{"id":"286f599c-f86a-4932-82f0-f5a06f1eca03","count":348},{"id":"aa0d425f-d530-4478-9a77-fe3aedc79eea","count":4},{"id":"e8e6bc5d-41b0-4129-b134-97507523d7ff","count":4}],"hidden":false,"customStyle":null,"isSuspiciousAccount":false,"layout":"classic","withImages":true,"withVideos":false,"media":[{"url":"https://i.imgur.com/GEVYQ20.jpg"},{"url":"https://i.imgur.com/V6AXkpy.jpg"}],"reportReasonText":"","mediaMeta":[{"id":"76a56117-03e4-4013-bff1-bce7a21af4cb","url":"https://i.imgur.com/GEVYQ20l.jpg","normalizedUrl":"https://i.imgur.com/GEVYQ20l.jpg","thumbnail":"https://i.imgur.com/GEVYQ20l.jpg","type":"image/thumbnail","tags":["ANNOTATED"],"createdAt":"2020-01-27T04:00:51.289Z","updatedAt":"2020-01-27T05:32:33.018Z"},{"id":"76a56117-03e4-4013-bff1-bce7a21af4cb","url":"https://i.imgur.com/GEVYQ20.jpg","normalizedUrl":"https://imgur.com/GEVYQ20","thumbnail":"https://i.imgur.com/GEVYQ20l.jpg","type":"image/imgur","tags":["ANNOTATED"],"createdAt":"2020-01-27T04:00:51.289Z","updatedAt":"2020-01-27T05:32:33.018Z"},{"id":"1e0ec29c-d7a5-4b87-98f1-1a5715ed4667","url":"https://i.imgur.com/V6AXkpy.jpg","normalizedUrl":"https://imgur.com/V6AXkpy","thumbnail":"https://i.imgur.com/V6AXkpyl.jpg","type":"image/imgur","tags":["ANNOTATED"],"createdAt":"2020-01-27T04:00:51.289Z","updatedAt":"2020-01-27T05:32:33.018Z"}],"postAvatar":""}