{"id":232942961,"title":"IZ*ONE確定二月中旬回歸","content":"#IZONE[超話]##WIZONELOVEIZONE# \n200123 【韓網新聞】\n\nMnet方面\"IZ*ONE,2月中旬重新開始活動...希望你多多關照\"(正式) \n\n組合IZ*ONE重新開始活動。 \n\n23日Mnet方面表示:\"Mnet和IZ*ONE成員們的所屬公司尊重希望活動正常化的成員和粉絲們的意見,決定重新開始活動。\" \n\n接著他還表示:\"2月中旬會重新開始活動,具體的日程會盡快告知大家。\" 同時他還囑咐說:\"希望一直受到無過錯痛苦的IZ*ONE成員們不要再受到傷害。\" \n\n▲以下為Mnet立場全文: \n\n大家好，以上是Mnet。\n\n首先感謝這段時間關心並等待IZ*ONE是否重新開始活動的粉絲們。\n\nMnet和IZ*ONE成員們的經紀公司尊重IZ*ONE活動正常化的成員們的願望和粉絲們的意見,決定重新開始活動。\n\nIZ*ONE將於2月份恢復活動,具體日程等將盡快告知大家。\n\n這段時間裡一直毫無過錯卻遭受著心靈痛苦的IZ*ONE成員們,為了以後能和粉絲們一起度過珍貴的時間,希望大家能夠給予溫暖的支持。\n\n這次事件不是出道藝人,練習生和所屬公司的錯,請多多關照,不要再讓她們受傷。\n\n原文鏈接：\nhttp://t.cn/A6PhWgbH\n原文鏈接：\nhttp://t.cn/A6PhHjGW\n\n\n欸不是 所屬公司真的沒有任何過錯!?\n都爆出花錢性招待買出道位了...\nCJ的臉皮真的夠厚堪比城牆","excerpt":"#IZONE［超話］##WIZONELOVEIZONE#，200123 【韓網新聞】Mnet方面\"IZ*ONE，2月中旬重新開始活動...希望你多多關照\"（正式），組合IZ*ONE重新開始活動。23日","anonymousSchool":false,"anonymousDepartment":true,"pinned":false,"forumId":"14f573f5-3f02-4821-8e18-f561d7b7db91","replyId":null,"createdAt":"2020-01-23T06:35:36.855Z","updatedAt":"2020-01-23T06:36:12.801Z","commentCount":216,"likeCount":284,"tags":["HIDE_THUMBNAIL"],"topics":["IZONE","回歸"],"supportedReactions":null,"withNickname":false,"reportReason":"","hiddenByAuthor":false,"meta":{"layout":"classic"},"forumName":"追星","forumAlias":"entertainer","school":"國立臺北大學","replyTitle":null,"gender":"F","personaSubscriptable":false,"reactions":[{"id":"286f599c-f86a-4932-82f0-f5a06f1eca03","count":236},{"id":"aa0d425f-d530-4478-9a77-fe3aedc79eea","count":41},{"id":"e8e6bc5d-41b0-4129-b134-97507523d7ff","count":5},{"id":"4b018f48-e184-445f-adf1-fc8e04ba09b9","count":1},{"id":"514c2569-fd53-4d9d-a415-bf0f88e7329f","count":1}],"hidden":false,"customStyle":null,"isSuspiciousAccount":false,"layout":"classic","withImages":false,"withVideos":false,"media":[],"reportReasonText":"","mediaMeta":[],"postAvatar":""}