{"id":232937404,"title":"論反差萌到底有多可愛🌚","content":"我捧的角兒是那種不講話氣場一米八的富二代，\n真的就是那種走路套慢動作+黑白濾鏡會變黑社會的那種🙂\n先不說看看圖片\n這張有沒有像精神小伙子⬇️\nhttps://megapx-assets.dcard.tw/images/8ee9b4f3-1ac2-43d7-ac7c-ad1cf70be93f/full.jpeg\n戴上墨鏡就更A了⬇️\nhttps://megapx-assets.dcard.tw/images/1f590fb2-fbb3-4766-9fa7-c68aef6cff90/1280.jpeg\n小身板還有絕活呢⬇️\nhttps://megapx-assets.dcard.tw/images/0e0a1a33-1da3-4e13-b446-e6d42b8f64d3/full.jpeg\n以及我最愛的重機照片⬇️\nhttps://megapx-assets.dcard.tw/images/d1017dc4-9e08-48a8-acfa-99c05608b831/full.jpeg\n\n雖然這種氣場超A超霸道的富二代很常有人亂傳緋聞🙂\n但是！對於他的正宮我只認一個！就是！皮卡丘！\n這個1997年的男孩到底有多愛皮卡丘！一樣不說話看圖\n\n取外賣還要戴個皮卡丘帽子⬇️\nhttps://megapx-assets.dcard.tw/images/b3729a8b-5771-4398-b857-0d8e1cc3f72c/full.jpeg\n機場時尚就是皮卡丘穿上身⬇️\nhttps://megapx-assets.dcard.tw/images/796e8ea4-cf55-4595-92c5-7aeb09cdb9f6/1280.jpeg\n粉絲送的禮物也知道要買皮卡丘⬇️\nhttps://megapx-assets.dcard.tw/images/81b97309-f75c-4aff-b031-f4c6747272ba/1280.jpeg\n大褂也必須有皮卡丘的顏色⬇️\nhttps://megapx-assets.dcard.tw/images/4bbc91e3-9165-46ff-8501-454668ac2e8c/1280.jpeg\n上台粉絲上貨的皮卡丘也一定要玩一下⬇️\nhttps://megapx-assets.dcard.tw/images/bdfc8bb0-3557-4446-8a98-2da9ede09e2b/1280.jpeg\n當然缺少不了私服⬇️\nhttps://megapx-assets.dcard.tw/images/7db42642-872d-4924-ac04-12406f754172/1280.jpeg\n最後！連睡衣！都是！皮卡丘！⬇️\nhttps://megapx-assets.dcard.tw/images/61c0d6d9-ab13-458f-9b5a-2bef1947acd5/full.jpeg\n\n這個反差萌真的太可愛啦！\n以上的照片都是德雲社的秦霄賢！\n不說根本看不出來是說相聲的吧🥺🥺\n每個角兒和明星都會有反差萌的！我真的太吃這種啦❤️","excerpt":"我捧的角兒是那種不講話氣場一米八的富二代，真的就是那種走路套慢動作+黑白濾鏡會變黑社會的那種，先不說看看圖片，這張有沒有像精神小伙子⬇️，戴上墨鏡就更A了⬇️，小身板還有絕活呢⬇️，以及我最愛的重機照","anonymousSchool":false,"anonymousDepartment":false,"pinned":false,"forumId":"14f573f5-3f02-4821-8e18-f561d7b7db91","replyId":null,"createdAt":"2020-01-22T08:13:25.541Z","updatedAt":"2020-01-22T08:13:25.541Z","commentCount":7,"likeCount":28,"tags":[],"topics":["反差","可愛","追星","德雲社"],"supportedReactions":null,"withNickname":true,"reportReason":"","hiddenByAuthor":false,"meta":{"layout":"classic"},"forumName":"追星","forumAlias":"entertainer","school":"斷腳企鵝","department":"dys19624","replyTitle":null,"gender":"F","personaSubscriptable":false,"reactions":[{"id":"286f599c-f86a-4932-82f0-f5a06f1eca03","count":27},{"id":"aa0d425f-d530-4478-9a77-fe3aedc79eea","count":1}],"hidden":false,"customStyle":null,"isSuspiciousAccount":false,"layout":"classic","withImages":true,"withVideos":false,"media":[{"url":"https://megapx-assets.dcard.tw/images/8ee9b4f3-1ac2-43d7-ac7c-ad1cf70be93f/full.jpeg"},{"url":"https://megapx-assets.dcard.tw/images/1f590fb2-fbb3-4766-9fa7-c68aef6cff90/1280.jpeg"},{"url":"https://megapx-assets.dcard.tw/images/0e0a1a33-1da3-4e13-b446-e6d42b8f64d3/full.jpeg"},{"url":"https://megapx-assets.dcard.tw/images/d1017dc4-9e08-48a8-acfa-99c05608b831/full.jpeg"},{"url":"https://megapx-assets.dcard.tw/images/b3729a8b-5771-4398-b857-0d8e1cc3f72c/full.jpeg"},{"url":"https://megapx-assets.dcard.tw/images/796e8ea4-cf55-4595-92c5-7aeb09cdb9f6/1280.jpeg"},{"url":"https://megapx-assets.dcard.tw/images/81b97309-f75c-4aff-b031-f4c6747272ba/1280.jpeg"},{"url":"https://megapx-assets.dcard.tw/images/4bbc91e3-9165-46ff-8501-454668ac2e8c/1280.jpeg"},{"url":"https://megapx-assets.dcard.tw/images/bdfc8bb0-3557-4446-8a98-2da9ede09e2b/1280.jpeg"},{"url":"https://megapx-assets.dcard.tw/images/7db42642-872d-4924-ac04-12406f754172/1280.jpeg"},{"url":"https://megapx-assets.dcard.tw/images/61c0d6d9-ab13-458f-9b5a-2bef1947acd5/full.jpeg"}],"reportReasonText":"","mediaMeta":[{"id":"e9402306-8afa-407d-baed-a4dcc8345a4e","url":"https://megapx-assets.dcard.tw/images/8ee9b4f3-1ac2-43d7-ac7c-ad1cf70be93f/640.jpeg","normalizedUrl":"https://megapx-assets.dcard.tw/images/8ee9b4f3-1ac2-43d7-ac7c-ad1cf70be93f/640.jpeg","thumbnail":"https://megapx-assets.dcard.tw/images/8ee9b4f3-1ac2-43d7-ac7c-ad1cf70be93f/640.jpeg","type":"image/thumbnail","tags":[],"createdAt":"2020-01-22T08:13:25.541Z","updatedAt":"2020-01-22T08:13:25.541Z","width":498,"height":640},{"id":"e9402306-8afa-407d-baed-a4dcc8345a4e","url":"https://megapx-assets.dcard.tw/images/8ee9b4f3-1ac2-43d7-ac7c-ad1cf70be93f/full.jpeg","normalizedUrl":"https://megapx.dcard.tw/v1/images/8ee9b4f3-1ac2-43d7-ac7c-ad1cf70be93f","thumbnail":"https://megapx-assets.dcard.tw/images/8ee9b4f3-1ac2-43d7-ac7c-ad1cf70be93f/640.jpeg","type":"image/megapx","tags":[],"createdAt":"2020-01-22T08:13:25.541Z","updatedAt":"2020-01-22T08:13:25.541Z","width":749,"height":962},{"id":"03073c42-dfec-44e6-9245-7f0379bfdf5b","url":"https://megapx-assets.dcard.tw/images/1f590fb2-fbb3-4766-9fa7-c68aef6cff90/1280.jpeg","normalizedUrl":"https://megapx.dcard.tw/v1/images/1f590fb2-fbb3-4766-9fa7-c68aef6cff90","thumbnail":"https://megapx-assets.dcard.tw/images/1f590fb2-fbb3-4766-9fa7-c68aef6cff90/640.jpeg","type":"image/megapx","tags":[],"createdAt":"2020-01-22T08:13:25.541Z","updatedAt":"2020-01-22T08:13:25.541Z","width":844,"height":1500},{"id":"04a365e9-0f36-4a55-b0e5-d1a1b2873359","url":"https://megapx-assets.dcard.tw/images/0e0a1a33-1da3-4e13-b446-e6d42b8f64d3/full.jpeg","normalizedUrl":"https://megapx.dcard.tw/v1/images/0e0a1a33-1da3-4e13-b446-e6d42b8f64d3","thumbnail":"https://megapx-assets.dcard.tw/images/0e0a1a33-1da3-4e13-b446-e6d42b8f64d3/640.jpeg","type":"image/megapx","tags":[],"createdAt":"2020-01-22T08:13:25.541Z","updatedAt":"2020-01-22T08:13:25.541Z","width":750,"height":971},{"id":"3608588c-0441-4abb-bcf5-2d5948dce82a","url":"https://megapx-assets.dcard.tw/images/d1017dc4-9e08-48a8-acfa-99c05608b831/full.jpeg","normalizedUrl":"https://megapx.dcard.tw/v1/images/d1017dc4-9e08-48a8-acfa-99c05608b831","thumbnail":"https://megapx-assets.dcard.tw/images/d1017dc4-9e08-48a8-acfa-99c05608b831/640.jpeg","type":"image/megapx","tags":[],"createdAt":"2020-01-22T08:13:25.541Z","updatedAt":"2020-01-22T08:13:25.541Z","width":750,"height":942},{"id":"6fe96e68-a3f0-49b3-b652-31509f4937be","url":"https://megapx-assets.dcard.tw/images/b3729a8b-5771-4398-b857-0d8e1cc3f72c/full.jpeg","normalizedUrl":"https://megapx.dcard.tw/v1/images/b3729a8b-5771-4398-b857-0d8e1cc3f72c","thumbnail":"https://megapx-assets.dcard.tw/images/b3729a8b-5771-4398-b857-0d8e1cc3f72c/640.jpeg","type":"image/megapx","tags":[],"createdAt":"2020-01-22T08:13:25.541Z","updatedAt":"2020-01-22T08:13:25.541Z","width":680,"height":663},{"id":"111afc10-428d-49cc-9a2c-f1579bc9ced0","url":"https://megapx-assets.dcard.tw/images/796e8ea4-cf55-4595-92c5-7aeb09cdb9f6/1280.jpeg","normalizedUrl":"https://megapx.dcard.tw/v1/images/796e8ea4-cf55-4595-92c5-7aeb09cdb9f6","thumbnail":"https://megapx-assets.dcard.tw/images/796e8ea4-cf55-4595-92c5-7aeb09cdb9f6/640.jpeg","type":"image/megapx","tags":[],"createdAt":"2020-01-22T08:13:25.541Z","updatedAt":"2020-01-22T08:13:25.541Z","width":1080,"height":1574},{"id":"9565a092-454c-401f-ab84-6f20ebbee4e8","url":"https://megapx-assets.dcard.tw/images/81b97309-f75c-4aff-b031-f4c6747272ba/1280.jpeg","normalizedUrl":"https://megapx.dcard.tw/v1/images/81b97309-f75c-4aff-b031-f4c6747272ba","thumbnail":"https://megapx-assets.dcard.tw/images/81b97309-f75c-4aff-b031-f4c6747272ba/640.jpeg","type":"image/megapx","tags":[],"createdAt":"2020-01-22T08:13:25.541Z","updatedAt":"2020-01-22T08:13:25.541Z","width":1620,"height":1080},{"id":"ef399665-7ecc-448a-be91-4b0b8cc4f7d2","url":"https://megapx-assets.dcard.tw/images/4bbc91e3-9165-46ff-8501-454668ac2e8c/1280.jpeg","normalizedUrl":"https://megapx.dcard.tw/v1/images/4bbc91e3-9165-46ff-8501-454668ac2e8c","thumbnail":"https://megapx-assets.dcard.tw/images/4bbc91e3-9165-46ff-8501-454668ac2e8c/640.jpeg","type":"image/megapx","tags":[],"createdAt":"2020-01-22T08:13:25.541Z","updatedAt":"2020-01-22T08:13:25.541Z","width":1080,"height":1920},{"id":"c402a901-97f0-4562-ae84-e6e9bb8beff1","url":"https://megapx-assets.dcard.tw/images/bdfc8bb0-3557-4446-8a98-2da9ede09e2b/1280.jpeg","normalizedUrl":"https://megapx.dcard.tw/v1/images/bdfc8bb0-3557-4446-8a98-2da9ede09e2b","thumbnail":"https://megapx-assets.dcard.tw/images/bdfc8bb0-3557-4446-8a98-2da9ede09e2b/640.jpeg","type":"image/megapx","tags":[],"createdAt":"2020-01-22T08:13:25.541Z","updatedAt":"2020-01-22T08:13:25.541Z","width":1080,"height":1620},{"id":"c83d5b77-1e56-40aa-aaf9-85ffebeccdaa","url":"https://megapx-assets.dcard.tw/images/7db42642-872d-4924-ac04-12406f754172/1280.jpeg","normalizedUrl":"https://megapx.dcard.tw/v1/images/7db42642-872d-4924-ac04-12406f754172","thumbnail":"https://megapx-assets.dcard.tw/images/7db42642-872d-4924-ac04-12406f754172/640.jpeg","type":"image/megapx","tags":[],"createdAt":"2020-01-22T08:13:25.541Z","updatedAt":"2020-01-22T08:13:25.541Z","width":1289,"height":1080},{"id":"d1ef983e-6e15-4cb6-a3e6-8cea02430c6d","url":"https://megapx-assets.dcard.tw/images/61c0d6d9-ab13-458f-9b5a-2bef1947acd5/full.jpeg","normalizedUrl":"https://megapx.dcard.tw/v1/images/61c0d6d9-ab13-458f-9b5a-2bef1947acd5","thumbnail":"https://megapx-assets.dcard.tw/images/61c0d6d9-ab13-458f-9b5a-2bef1947acd5/640.jpeg","type":"image/megapx","tags":[],"createdAt":"2020-01-22T08:13:25.541Z","updatedAt":"2020-01-22T08:13:25.541Z","width":750,"height":840}],"postAvatar":""}