{"id":232973341,"title":"全世界最懂愛的傳奇球星 Kobe Bryant","content":"https://today.line.me/TW/article/L93vOr?utm_source=copyshare\n這是到目前為止我覺得寫最好的一篇評論關於Kobe 從國小開始就一直有聽說他 到國中開始真正關注他 我說他是閃閃發亮又善良的人 可能很多人會說他外遇過憑什麼善良 我想這世界每一個人都會犯錯也有改正的機會 Kobe 的人生裡有太多更值得我們放大看更值得我們去學習的地方了","excerpt":"這是到目前為止我覺得寫最好的一篇評論關於Kobe 從國小開始就一直有聽說他 到國中開始真正關注他 我說他是閃閃發亮又善良的人 可能很多人會說他外遇過憑什麼善良 我想這世界每一個人都會犯錯也有改正的機會","anonymousSchool":false,"anonymousDepartment":true,"pinned":false,"forumId":"14f573f5-3f02-4821-8e18-f561d7b7db91","replyId":null,"createdAt":"2020-01-28T14:26:27.371Z","updatedAt":"2020-01-29T03:38:30.121Z","commentCount":8,"likeCount":10,"tags":["HIDE_THUMBNAIL"],"topics":["球星","傳奇","KobeBryant"],"supportedReactions":null,"withNickname":false,"reportReason":"","hiddenByAuthor":false,"meta":{"layout":"classic"},"forumName":"追星","forumAlias":"entertainer","school":"中原大學","replyTitle":null,"gender":"F","personaSubscriptable":false,"reactions":[{"id":"286f599c-f86a-4932-82f0-f5a06f1eca03","count":10}],"hidden":false,"customStyle":null,"isSuspiciousAccount":false,"layout":"classic","withImages":false,"withVideos":false,"media":[],"reportReasonText":"","mediaMeta":[],"postAvatar":""}