{"id":232953081,"title":"吳宗憲講這話就是噁心","content":"原PO這篇留言一堆人真他媽傻爆眼...\n歧視性那麼強的發言擺在眼前也可以裝死批評原po太敏感很玻璃...\n你可以覺得家庭很重要應該擺第一順位那是你的自由你的選擇，但你憑什麼批評沒有家庭的女人就是一無所有？\n還有一堆人說對啊我覺得家庭很重要啊！幹癥結點就不是家庭重不重要，而是你覺得重要你就好好照顧你的家庭，有人喜歡單身自由他就好好過他自己的生活，喜歡家庭的人憑什麼說沒家庭的人就是一無所有而且還指名女性？\n就好像一定要吃早餐的人說女人不吃早餐就是智障，喜歡衝浪的人說男人沒衝浪過就是垃圾，愛拍照的人說年輕人不懂攝影根本白活，聽爵士樂的人說老人不聽爵士就是低俗...\n你們覺得以上發言很合理嗎？只要我愛吃早餐、喜歡衝浪、攝影、聽爵士，我就能講這種話、我好棒我根本社會典範？或許我舉例用的形容可能過於強烈，但是一無所有也很明顯是沈重的貶義好嗎？\n拜託可以不要那麼麻木無感只因為你不是社會體制或主流價值觀下被壓迫的那一群嗎？就算你真的麻木無感也別上來風涼話好嗎真的超級沒水準。\n然後每次只要有相關批評討論的文章就會有人開無限戰場，如果換成男人就沒事了？什麼人也說什麼怎樣？靠北所以今天只要批評一個事件就要把所有相同類型的事情拿出來罵一遍這樣才符合你們的標準喔？說吳宗憲歧視女性就要找出所有性別歧視的言論鞭一遍給你們看，不然就是女權自助餐雙標仔；罵香港暴警就要把全世界所有警察執法過度的案件全部拿來批評一遍，不然就是意識形態作祟帶風向；批判某政治人物言行弊端就要把所有的政治人物的骯髒行為講過一遍，不然就是1450韓粉網軍，他媽什麼邏輯啊？","excerpt":"原PO這篇留言一堆人真他媽傻爆眼...，歧視性那麼強的發言擺在眼前也可以裝死批評原po太敏感很玻璃...，你可以覺得家庭很重要應該擺第一順位那是你的自由你的選擇，但你憑什麼批評沒有家庭的女人就是一無所","anonymousSchool":false,"anonymousDepartment":true,"pinned":false,"forumId":"14f573f5-3f02-4821-8e18-f561d7b7db91","replyId":232945171,"createdAt":"2020-01-24T20:24:54.522Z","updatedAt":"2020-01-24T20:29:10.309Z","commentCount":61,"likeCount":320,"tags":["HIDE_THUMBNAIL"],"topics":["吳宗憲","性別歧視","性別刻板印象","噁心","請用腦"],"supportedReactions":null,"withNickname":false,"reportReason":"","hiddenByAuthor":false,"meta":{"layout":"classic"},"forumName":"追星","forumAlias":"entertainer","school":"國立東華大學","replyTitle":"吳宗憲這種發言太噁心","gender":"M","personaSubscriptable":null,"reactions":[{"id":"286f599c-f86a-4932-82f0-f5a06f1eca03","count":316},{"id":"aa0d425f-d530-4478-9a77-fe3aedc79eea","count":4}],"hidden":false,"customStyle":null,"isSuspiciousAccount":false,"layout":"classic","withImages":false,"withVideos":false,"media":[],"reportReasonText":"","mediaMeta":[],"postAvatar":""}