{"id":232966782,"title":"🌙2020金請夏生日應援活動","content":"🌙2020金請夏生日應援活動\nHAPPY CHUNGHA DAY IN TAIWAN\n\n我們酒兒要過生日囉🎂\n從最初走清新風的小女孩\n到如今已是炙手可熱的歌手\n2019年是請夏大放異彩的一年\n年初Gotta Go的橫掃七冠🏆\n以及Snapping依舊奪下五台冠軍\n無論回歸、代言、獎項、合作各方面\n都有著相當亮眼的表現及收穫\n因此也有越來越多的粉絲開始關注我們酒兒\n這次三站也聯合準備了台灣生日應援\n邀請BYULHARANG們一同來為請夏慶生❤️\n\n活動時間：2/6-2/9 共四天\n數量有限，領完為止\n\n發放地區：\n台北 🌙 GOCHA BAR\n台北市中山區中山北路一段140巷49號\n\n新竹 🌙 瓷禧茶坊巨城店\n新竹市東區中央路190號\n\n台中 🌙 黑棠BLACK SUGAR\n台中市北區一中街167巷3號\n\n台南 🌙 茶工業中華店\n台南市永康區中華路479號\n\n高雄 🌙 Aussie OZ\n高雄市苓雅區新光路24巷47號\n\n發放份數：\n台北120份\n新竹70份\n台中120份\n台南90份\n高雄90份\n\n活動辦法\nStep1. 找到與我們合作的店家\nStep2. 點一杯飲料，有禮貌的向店員索取應援物\nStep3. 拿到應援物後打卡店家地址，以及貼文打上應援hashtag \n#김청하 #청하 #請夏 #CHUNGHA #우리술_청하_생일축하해  #HAPPYCHUNGHADAY #BYULHARANG #대만별하랑\nStep4. 拿到飲料後記得跟店員說聲謝謝辛苦了 做個有禮貌的好粉絲❤️\n\n💚💙💜\n三站聯合 \nOur Wine 김청하 金請夏台灣站\nGive me your HEART 김청하 金請夏台灣站\n청하하 × Chunghaha Taiwan\n\n有問題都歡迎詢問我們哦！\nhttps://i.imgur.com/eDGBXk4.jpg\nhttps://i.imgur.com/fUE9t1Z.jpg","excerpt":"2020金請夏生日應援活動，HAPPY CHUNGHA DAY IN TAIWAN，我們酒兒要過生日囉，從最初走清新風的小女孩，到如今已是炙手可熱的歌手，2019年是請夏大放異彩的一年，年初Gotta","anonymousSchool":false,"anonymousDepartment":false,"pinned":false,"forumId":"14f573f5-3f02-4821-8e18-f561d7b7db91","replyId":null,"createdAt":"2020-01-27T11:22:38.970Z","updatedAt":"2020-01-27T11:22:38.970Z","commentCount":4,"likeCount":58,"tags":[],"topics":["生日","金請夏","應援","chungha"],"supportedReactions":null,"withNickname":true,"reportReason":"","hiddenByAuthor":false,"meta":{"layout":"classic"},"forumName":"追星","forumAlias":"entertainer","school":"🌙OurWine","department":"kkyyliao","replyTitle":null,"gender":"M","personaSubscriptable":true,"reactions":[{"id":"286f599c-f86a-4932-82f0-f5a06f1eca03","count":58}],"hidden":false,"customStyle":null,"isSuspiciousAccount":false,"layout":"classic","withImages":true,"withVideos":false,"media":[{"url":"https://i.imgur.com/eDGBXk4.jpg"},{"url":"https://i.imgur.com/fUE9t1Z.jpg"}],"reportReasonText":"","mediaMeta":[{"id":"82057a7a-b716-442c-b743-9736ea1a52f2","url":"https://i.imgur.com/eDGBXk4l.jpg","normalizedUrl":"https://i.imgur.com/eDGBXk4l.jpg","thumbnail":"https://i.imgur.com/eDGBXk4l.jpg","type":"image/thumbnail","tags":["ANNOTATED"],"createdAt":"2020-01-27T11:22:38.970Z","updatedAt":"2020-01-27T11:22:38.970Z"},{"id":"82057a7a-b716-442c-b743-9736ea1a52f2","url":"https://i.imgur.com/eDGBXk4.jpg","normalizedUrl":"https://imgur.com/eDGBXk4","thumbnail":"https://i.imgur.com/eDGBXk4l.jpg","type":"image/imgur","tags":["ANNOTATED"],"createdAt":"2020-01-27T11:22:38.970Z","updatedAt":"2020-01-27T11:22:38.970Z"},{"id":"8076ede4-b94c-40e7-a4ac-25fc285602ce","url":"https://i.imgur.com/fUE9t1Z.jpg","normalizedUrl":"https://imgur.com/fUE9t1Z","thumbnail":"https://i.imgur.com/fUE9t1Zl.jpg","type":"image/imgur","tags":["ANNOTATED"],"createdAt":"2020-01-27T11:22:38.970Z","updatedAt":"2020-01-27T11:22:38.970Z"}],"postAvatar":""}