{"id":232966657,"title":"一個故事，關於傳奇","content":"五座冠軍、單場81分、歷史得分排行第四、退休之戰狂砍60分、數不清的致勝絕殺球、各式各樣的紀錄、整個世代球迷們又愛又恨的回憶......\n\n以及那個不斷從逆境中站起來的執著，都在今日隨著直昇機墜落劃下句點。\n.\n\n這個故事，要從一個6歲的男孩說起，「我的夢想是成為一名NBA球員！」而大人對他說要講一個實際一點的夢想，他回答：「這就是我想做的。」對其他孩子來說，這是遙不可及的夢想，但對於他可不是。\n\n因為他的名字叫Kobe Bryant。\n\n1996年，他以高中生之姿跳級進入NBA，穿上了紫金球衣，踏進了充滿輝煌歷史的湖人球場；2016年，他成為這個球場的傳奇，成為這支球隊最偉大的球員。過程中，他培養了無數狂熱粉絲，也讓許多人對他恨之入骨。\n\n如果沒有恨這個元素存在，也許Kobe的出手會不夠果決、也許他會鬆懈、也許他的抗壓性會不足，也許他就不會是黑曼巴，那個對待敵人從不手軟的致命殺手。「被人擊倒後，你唯一能做的就是站起來，再試一次。」\n\n清晨六點，天微微亮，Kobe已經在球館練了兩小時的球了：那完美的後仰跳投，全來自於一遍又一遍地練習；能夠支撐每晚35分鐘的體能，就來自於洛杉磯凌晨四點的風景，「我現在所做的一切，都是為了追求更加完美。」\n\n二十年過去，Kobe始終帶著這種態度面對每一場球，他贏得了五座冠軍、18次入選明星賽、15度入選年度最佳陣容、五座明星賽MVP、兩座總冠軍賽MVP與一座年度MVP，還有一座奧斯卡金像獎。\n\nhttps://megapx-assets.dcard.tw/images/6bb3e168-f5aa-43c9-b76e-5c547f9b0b1b/full.jpeg\n\n我永遠忘不了2009年他用騎馬射箭的方式，三分打板絕殺熱火；我永遠忘不了他帶隊擊敗魔術、證明他不需要大歐也能拿下總冠軍時，那狂喜的表情；我永遠忘不了2010年他在冠軍賽幹掉塞爾提克時，那復仇成功的滿足。\n\n我永遠記得2013年明星賽，他賞了LBJ兩個麻辣鍋；我永遠記得對上勇士的比賽，他左腳阿基里斯腱斷掉後，毅然決然走上罰球線；我永遠記得2014年在甲骨文球場，我親眼見證那一球球美如畫的後仰跳投，以及切入被犯規後把球丟進的神奇畫面。\n\n我永遠記得2016年對上爵士，我們架起投影幕，幾乎全校擠在同一間教室，為了看他偉大生涯的最後一場比賽。那場，他出手50次，拿下60分外加關鍵致勝跳投，用最Kobe的方式拿下勝利。\n\n是他，帶領我進入籃球世界。讓我體會這個運動的豐富，讓我了解這個運動的多變。也是他，讓我知道什麼是永不放棄的態度。\n\n那個輕狂的8號、永不認輸的24號，離開這個舞台了，不，是這個世界了。Kobe所傳遞的精神，將於球場中屹立不搖；他，就是一個傳奇，一個讓人回憶成為永恆的傳奇。\n\nhttps://megapx-assets.dcard.tw/images/3d3c51e9-f173-4b5a-ba96-b16d402ee63d/1280.jpeg\n\n即使到生命的最後一刻，Kobe依然在前往籃球場的路上......「你問我為籃球付出了多少，我說全部。」\n\nHeroes come and go, but Legends are Forever.\n\n這次，他不會回頭了。\n\nMamba Out.","excerpt":"五座冠軍、單場81分、歷史得分排行第四、退休之戰狂砍60分、數不清的致勝絕殺球、各式各樣的紀錄、整個世代球迷們又愛又恨的回憶......，以及那個不斷從逆境中站起來的執著，都在今日隨著直昇機墜落劃下句","anonymousSchool":false,"anonymousDepartment":true,"pinned":false,"forumId":"14f573f5-3f02-4821-8e18-f561d7b7db91","replyId":null,"createdAt":"2020-01-27T10:56:34.116Z","updatedAt":"2020-01-27T17:27:23.380Z","commentCount":13,"likeCount":472,"tags":[],"topics":["故事","傳奇","NBA","KobeBryant"],"supportedReactions":null,"withNickname":false,"reportReason":"","hiddenByAuthor":false,"meta":{"layout":"classic"},"forumName":"追星","forumAlias":"entertainer","school":"國立交通大學","replyTitle":null,"gender":"M","personaSubscriptable":null,"reactions":[{"id":"286f599c-f86a-4932-82f0-f5a06f1eca03","count":445},{"id":"514c2569-fd53-4d9d-a415-bf0f88e7329f","count":26},{"id":"aa0d425f-d530-4478-9a77-fe3aedc79eea","count":1}],"hidden":false,"customStyle":null,"isSuspiciousAccount":false,"layout":"classic","withImages":true,"withVideos":false,"media":[{"url":"https://megapx-assets.dcard.tw/images/6bb3e168-f5aa-43c9-b76e-5c547f9b0b1b/full.jpeg"},{"url":"https://megapx-assets.dcard.tw/images/3d3c51e9-f173-4b5a-ba96-b16d402ee63d/1280.jpeg"}],"reportReasonText":"","mediaMeta":[{"id":"ac44cc03-9f1f-46dc-b132-f164b7e4fea4","url":"https://megapx-assets.dcard.tw/images/6bb3e168-f5aa-43c9-b76e-5c547f9b0b1b/640.jpeg","normalizedUrl":"https://megapx-assets.dcard.tw/images/6bb3e168-f5aa-43c9-b76e-5c547f9b0b1b/640.jpeg","thumbnail":"https://megapx-assets.dcard.tw/images/6bb3e168-f5aa-43c9-b76e-5c547f9b0b1b/640.jpeg","type":"image/thumbnail","tags":["ANNOTATED"],"createdAt":"2020-01-27T10:56:34.116Z","updatedAt":"2020-01-27T17:27:23.380Z","width":640,"height":360},{"id":"ac44cc03-9f1f-46dc-b132-f164b7e4fea4","url":"https://megapx-assets.dcard.tw/images/6bb3e168-f5aa-43c9-b76e-5c547f9b0b1b/full.jpeg","normalizedUrl":"https://megapx.dcard.tw/v1/images/6bb3e168-f5aa-43c9-b76e-5c547f9b0b1b","thumbnail":"https://megapx-assets.dcard.tw/images/6bb3e168-f5aa-43c9-b76e-5c547f9b0b1b/640.jpeg","type":"image/megapx","tags":["ANNOTATED"],"createdAt":"2020-01-27T10:56:34.116Z","updatedAt":"2020-01-27T17:27:23.380Z","width":1280,"height":720},{"id":"a03303b2-51ab-40e2-88e9-e45745f89549","url":"https://megapx-assets.dcard.tw/images/3d3c51e9-f173-4b5a-ba96-b16d402ee63d/1280.jpeg","normalizedUrl":"https://megapx.dcard.tw/v1/images/3d3c51e9-f173-4b5a-ba96-b16d402ee63d","thumbnail":"https://megapx-assets.dcard.tw/images/3d3c51e9-f173-4b5a-ba96-b16d402ee63d/640.jpeg","type":"image/megapx","tags":["ANNOTATED"],"createdAt":"2020-01-27T10:56:34.116Z","updatedAt":"2020-01-27T17:27:23.380Z","width":1024,"height":1284}],"postAvatar":""}