{"id":232956184,"title":"用一張圖來介紹本命(團)❤","content":"很常在版上看到介紹各家飯拍、官圖的文章內容，留言也都清一色的會放上許多圖片\n那麼如果只能用一張圖跟一段文字來介紹或是代表你的本命呢？\n各家粉絲，相簿翻起來吧😏😏😏\n（僅限每樓一張圖、一段敘述圖片的文字）\n我先來！！\n這張是2018年東神在日產體育館連開三天演唱會最後一場時拍的，那天整場都在下大雨，而且是越下越大的那種😂\n但我們浩珉連續三個小時零失誤、無化妝、全開麥上陣，感覺那場暴雨從阻礙變成加分項目了😗完全就是近期的封神舞台👍❤\nhttps://i.imgur.com/KThrYUO.jpg\n\n怕被嗆，來補個追星點好了🤔\n我們的紅家老婆藍家SJ最近要回歸啦🎉🎉\n這次回歸造型正中我心，雖然是仙后但也已經預定一張專輯等著帶回家囉😳😳\nhttps://i.imgur.com/oTzOXQg.jpg","excerpt":"很常在版上看到介紹各家飯拍、官圖的文章內容，留言也都清一色的會放上許多圖片，那麼如果只能用一張圖跟一段文字來介紹或是代表你的本命呢？各家粉絲，相簿翻起來吧，（僅限每樓一張圖、一段敘述圖片的文字），我先","anonymousSchool":false,"anonymousDepartment":true,"pinned":false,"forumId":"14f573f5-3f02-4821-8e18-f561d7b7db91","replyId":null,"createdAt":"2020-01-25T13:21:23.820Z","updatedAt":"2020-01-25T13:21:23.820Z","commentCount":29,"likeCount":165,"tags":[],"topics":["本命","圖","安利","東方神起","SuperJunior"],"supportedReactions":null,"withNickname":false,"reportReason":"","hiddenByAuthor":false,"meta":{"layout":"classic"},"forumName":"追星","forumAlias":"entertainer","school":"東海大學","replyTitle":null,"gender":"F","personaSubscriptable":null,"reactions":[{"id":"286f599c-f86a-4932-82f0-f5a06f1eca03","count":165}],"hidden":false,"customStyle":null,"isSuspiciousAccount":false,"layout":"classic","withImages":true,"withVideos":false,"media":[{"url":"https://i.imgur.com/KThrYUO.jpg"},{"url":"https://i.imgur.com/oTzOXQg.jpg"}],"reportReasonText":"","mediaMeta":[{"id":"6aabf795-c425-4148-b4e3-3ff8b6453f08","url":"https://i.imgur.com/KThrYUOl.jpg","normalizedUrl":"https://i.imgur.com/KThrYUOl.jpg","thumbnail":"https://i.imgur.com/KThrYUOl.jpg","type":"image/thumbnail","tags":["ANNOTATED"],"createdAt":"2020-01-25T13:21:23.820Z","updatedAt":"2020-01-25T13:21:23.820Z"},{"id":"6aabf795-c425-4148-b4e3-3ff8b6453f08","url":"https://i.imgur.com/KThrYUO.jpg","normalizedUrl":"https://imgur.com/KThrYUO","thumbnail":"https://i.imgur.com/KThrYUOl.jpg","type":"image/imgur","tags":["ANNOTATED"],"createdAt":"2020-01-25T13:21:23.820Z","updatedAt":"2020-01-25T13:21:23.820Z"},{"id":"13f42c6d-1e4d-4b54-9736-db44ebca878b","url":"https://i.imgur.com/oTzOXQg.jpg","normalizedUrl":"https://imgur.com/oTzOXQg","thumbnail":"https://i.imgur.com/oTzOXQgl.jpg","type":"image/imgur","tags":["ANNOTATED"],"createdAt":"2020-01-25T13:21:23.820Z","updatedAt":"2020-01-25T13:21:23.820Z"}],"postAvatar":""}