{"id":232952210,"title":"讓我們畫下句點吧","content":"https://i.imgur.com/ZuLO4gq.jpg\n\n這是我最後一次發x1的文了，一直以為自己釋懷了，但是最近看到你們各自發文、直播和辦fan meeting，我才知道fly high x1是再也聽不到的口號了，當然我並不會怪任何人，畢竟不是所有人都正正當當的出道，但是看著牆上貼的海報，架子上的專輯、周邊和應援物，總是越看越難過，在去年的時候，我還開心的跟旁邊的人分享一定要去參加x1的演唱會，因為你們是我第一個真正用心追的團，我一定要到現場支持你們，但是爭議不斷導致活動僅僅2個月就停止了，但我依然深信你們只是暫時停止而已，再過沒多久我就能再次看到你們，可最後1/6收到的是解散的消息，看到這則消息的我，彷彿世界末日一樣，聽不見外界的聲音，就這樣活在自己的世界裡，默默的回到房間，閉上眼睛，聽著你們首張，也是最後一張專輯歌曲，醒來才發現枕頭濕濕的，今天明明是該開心的除夕夜，我為什麼要如此感傷呢？在過幾天我一定能夠放下的，我總是這麼告訴自己。\n🦋\nhttps://www.dcard.tw/v2/vivid/videos/dafae62c-54c6-4d75-b012-a8bcfae8f02d?r=1\n🦋\nhttps://www.dcard.tw/v2/vivid/videos/e615238b-0280-4052-9926-834fd1ffaa50?r=1","excerpt":"這是我最後一次發x1的文了，一直以為自己釋懷了，但是最近看到你們各自發文、直播和辦fan meeting，我才知道fly high x1是再也聽不到的口號了，當然我並不會怪任何人，畢竟不是所有人都正正","anonymousSchool":false,"anonymousDepartment":true,"pinned":false,"forumId":"14f573f5-3f02-4821-8e18-f561d7b7db91","replyId":null,"createdAt":"2020-01-24T16:24:07.094Z","updatedAt":"2020-01-25T10:01:47.191Z","commentCount":12,"likeCount":211,"tags":[],"topics":["X1"],"supportedReactions":null,"withNickname":false,"reportReason":"","hiddenByAuthor":false,"meta":{"layout":"classic"},"forumName":"追星","forumAlias":"entertainer","school":"靜宜大學","replyTitle":null,"gender":"F","personaSubscriptable":true,"reactions":[{"id":"286f599c-f86a-4932-82f0-f5a06f1eca03","count":198},{"id":"514c2569-fd53-4d9d-a415-bf0f88e7329f","count":12},{"id":"4b018f48-e184-445f-adf1-fc8e04ba09b9","count":1}],"hidden":false,"customStyle":null,"isSuspiciousAccount":false,"layout":"classic","withImages":true,"withVideos":true,"media":[{"url":"https://i.imgur.com/ZuLO4gq.jpg"},{"url":"https://vivid.dcard.tw/Public/dafae62c-54c6-4d75-b012-a8bcfae8f02d/thumbnail.jpg"},{"url":"https://vivid.dcard.tw/Public/e615238b-0280-4052-9926-834fd1ffaa50/thumbnail.jpg"}],"reportReasonText":"","mediaMeta":[{"id":"8f5ca089-1d0b-4a18-b1ba-c874a1e87391","url":"https://i.imgur.com/ZuLO4gql.jpg","normalizedUrl":"https://i.imgur.com/ZuLO4gql.jpg","thumbnail":"https://i.imgur.com/ZuLO4gql.jpg","type":"image/thumbnail","tags":["ANNOTATED"],"createdAt":"2020-01-24T17:10:07.635Z","updatedAt":"2020-01-25T10:01:47.191Z"},{"id":"8f5ca089-1d0b-4a18-b1ba-c874a1e87391","url":"https://i.imgur.com/ZuLO4gq.jpg","normalizedUrl":"https://imgur.com/ZuLO4gq","thumbnail":"https://i.imgur.com/ZuLO4gql.jpg","type":"image/imgur","tags":["ANNOTATED"],"createdAt":"2020-01-24T17:10:07.635Z","updatedAt":"2020-01-25T10:01:47.191Z"},{"id":"48d186db-8fce-45d2-88b3-2599bef76fdf","url":"https://www.dcard.tw/v2/vivid/videos/dafae62c-54c6-4d75-b012-a8bcfae8f02d?r=1","normalizedUrl":"","thumbnail":"https://vivid.dcard.tw/Public/dafae62c-54c6-4d75-b012-a8bcfae8f02d/thumbnail.jpg","type":"video/vivid","tags":["ANNOTATED_FAILED"],"createdAt":"2020-01-24T17:03:22.667Z","updatedAt":"2020-01-25T10:01:47.191Z"},{"id":"cecad0ab-44dc-4dc2-80f7-16976c5e2821","url":"https://www.dcard.tw/v2/vivid/videos/e615238b-0280-4052-9926-834fd1ffaa50?r=1","normalizedUrl":"","thumbnail":"https://vivid.dcard.tw/Public/e615238b-0280-4052-9926-834fd1ffaa50/thumbnail.jpg","type":"video/vivid","tags":["ANNOTATED_FAILED"],"createdAt":"2020-01-24T17:25:58.558Z","updatedAt":"2020-01-25T10:01:47.191Z"}],"postAvatar":""}