{"id":232948512,"title":"謝和弦老婆 KT 休克","content":"謝和弦老婆 Keanna Taiyh 戴怡軒 這裡簡稱 KT，據傳是在凌晨3點於自家浴缸大量出血導致休克，被朋友發現後送醫，5點多的時候情況穩定，KT也有傳訊息告訴朋友報個平安。\n\n\n真的好恐怖\n\n還好最後沒事\n\n雖然我不想造口業\n\n但謝和弦你真的   ...   唉\n\n\n幫集氣，希望KT可以趕快康復並順利告倒某人拿個420萬回家享福！\n\n\n原文網址：https://www.ettoday.net/news/20200124/1632334.htm","excerpt":"謝和弦老婆 Keanna Taiyh 戴怡軒 這裡簡稱 KT，據傳是在凌晨3點於自家浴缸大量出血導致休克，被朋友發現後送醫，5點多的時候情況穩定，KT也有傳訊息告訴朋友報個平安。真的好恐怖，還好最後沒","anonymousSchool":false,"anonymousDepartment":true,"pinned":false,"forumId":"14f573f5-3f02-4821-8e18-f561d7b7db91","replyId":null,"createdAt":"2020-01-24T04:20:52.855Z","updatedAt":"2020-01-24T04:24:48.279Z","commentCount":444,"likeCount":10530,"tags":[],"topics":["老婆","休克","謝和弦","KT"],"supportedReactions":null,"withNickname":false,"reportReason":"","hiddenByAuthor":false,"meta":{"layout":"classic"},"forumName":"追星","forumAlias":"entertainer","school":"中國文化大學","replyTitle":null,"gender":"M","personaSubscriptable":true,"reactions":[{"id":"286f599c-f86a-4932-82f0-f5a06f1eca03","count":9608},{"id":"514c2569-fd53-4d9d-a415-bf0f88e7329f","count":700},{"id":"aa0d425f-d530-4478-9a77-fe3aedc79eea","count":151},{"id":"4b018f48-e184-445f-adf1-fc8e04ba09b9","count":47},{"id":"e8e6bc5d-41b0-4129-b134-97507523d7ff","count":20},{"id":"011ead16-9b83-4729-9fde-c588920c6c2d","count":4}],"hidden":false,"customStyle":null,"isSuspiciousAccount":false,"layout":"classic","withImages":false,"withVideos":false,"media":[],"reportReasonText":"","mediaMeta":[],"postAvatar":""}