{"id":232942468,"title":"📣曾之喬跟飛輪海辰亦儒結婚了！📣","content":"等一下 我嚇到了 我完全沒有follow到這對欸\n我連緋聞都沒聽見！\n不管怎樣 這對我可以也超祝福❤️\n\n#我只是想分享喜悅 沒想那麼多 如果發個文要做那麼多事前準備 我下次會改進\n違反版規這件事就讓管理員來決定 \n❤️開心大家祝福sunny老師link link到自己的姻緣 ❤️\n\n女方喬喬\nhttps://megapx-assets.dcard.tw/images/d2bb9604-4096-45e4-8587-53ad81efaf38/1280.jpeg\n男方辰亦儒先生\nhttps://megapx-assets.dcard.tw/images/03d9a3b8-973c-4496-9a8f-9f91852b5c1a/1280.jpeg\n——等等哦內容豐富哦\n\n飛輪海我從小跟著我姊姊一起喜歡 覺得他們好帥尤其是吳尊 再來是炎亞綸 直到現在我也都非常欣賞\n\n辰亦儒那時候我沒有特別喜歡 最有印象就是 \n還在夏天呢～ 洗腦歌😫\n從小的終極系列也是劇迷 那時候愛似百匯也偏好女主跟炎發展 私心私心 不過那部真的很好看 \n前陣子我有去找 只是都沒有完整的可以看 真的粉紅泡泡 辰在那部真的超暖的\n\n喬喬我就不多說了 她演的劇我幾乎都有看 他不管哪個男星演的都可以 管他跟誰傳緋聞 啊就要宣傳新戲\n一直以為會跟炎亞綸或是王子邱勝翊有一腿之類的 或是當初很火紅的一飛夫婦 但後來又傳出欸嘿嘿嘿 沒事\n\n不管哪個藝人步入婚姻我都希望他們能幸福也能再帶給我們更多好劇觀看\n最近很夯的想見你 柯佳嬿就算結婚了也還是帶給我們驚呼 所以也希望喬喬不要淡出演藝圈 繼續在這個圈子發光發熱\n\n沒有特別關注辰亦儒 也希望他能在自己的領域發展得更好 也讓我們喬喬當個幸福的人妻❤️❤️❤️\n\n                                ——白頭偕老 永浴愛河","excerpt":"等一下 我嚇到了 我完全沒有follow到這對欸，我連緋聞都沒聽見！，不管怎樣 這對我可以也超祝福️，#我只是想分享喜悅 沒想那麼多 如果發個文要做那麼多事前準備 我下次會改進，違反版規這件事就讓管理","anonymousSchool":false,"anonymousDepartment":true,"pinned":false,"forumId":"14f573f5-3f02-4821-8e18-f561d7b7db91","replyId":null,"createdAt":"2020-01-23T04:39:43.001Z","updatedAt":"2020-01-24T03:50:35.945Z","commentCount":49,"likeCount":2266,"tags":[],"topics":["結婚","曾之喬","辰亦儒"],"supportedReactions":null,"withNickname":false,"reportReason":"","hiddenByAuthor":false,"meta":{"layout":"classic"},"forumName":"追星","forumAlias":"entertainer","school":"萬能科技大學","replyTitle":null,"gender":"F","personaSubscriptable":false,"reactions":[{"id":"286f599c-f86a-4932-82f0-f5a06f1eca03","count":2255},{"id":"4b018f48-e184-445f-adf1-fc8e04ba09b9","count":10},{"id":"e8e6bc5d-41b0-4129-b134-97507523d7ff","count":1}],"hidden":false,"customStyle":null,"isSuspiciousAccount":false,"layout":"classic","withImages":true,"withVideos":false,"media":[{"url":"https://megapx-assets.dcard.tw/images/d2bb9604-4096-45e4-8587-53ad81efaf38/1280.jpeg"},{"url":"https://megapx-assets.dcard.tw/images/03d9a3b8-973c-4496-9a8f-9f91852b5c1a/1280.jpeg"}],"reportReasonText":"","mediaMeta":[{"id":"9ac81816-81b1-4495-92e6-cff581fdfd7f","url":"https://megapx-assets.dcard.tw/images/d2bb9604-4096-45e4-8587-53ad81efaf38/640.jpeg","normalizedUrl":"https://megapx-assets.dcard.tw/images/d2bb9604-4096-45e4-8587-53ad81efaf38/640.jpeg","thumbnail":"https://megapx-assets.dcard.tw/images/d2bb9604-4096-45e4-8587-53ad81efaf38/640.jpeg","type":"image/thumbnail","tags":["ANNOTATED"],"createdAt":"2020-01-23T04:39:43.001Z","updatedAt":"2020-01-24T03:50:35.945Z","width":296,"height":640},{"id":"9ac81816-81b1-4495-92e6-cff581fdfd7f","url":"https://megapx-assets.dcard.tw/images/d2bb9604-4096-45e4-8587-53ad81efaf38/1280.jpeg","normalizedUrl":"https://megapx.dcard.tw/v1/images/d2bb9604-4096-45e4-8587-53ad81efaf38","thumbnail":"https://megapx-assets.dcard.tw/images/d2bb9604-4096-45e4-8587-53ad81efaf38/640.jpeg","type":"image/megapx","tags":["ANNOTATED"],"createdAt":"2020-01-23T04:39:43.001Z","updatedAt":"2020-01-24T03:50:35.945Z","width":828,"height":1792},{"id":"4a41f681-df25-4a75-811b-800a91de54e7","url":"https://megapx-assets.dcard.tw/images/03d9a3b8-973c-4496-9a8f-9f91852b5c1a/1280.jpeg","normalizedUrl":"https://megapx.dcard.tw/v1/images/03d9a3b8-973c-4496-9a8f-9f91852b5c1a","thumbnail":"https://megapx-assets.dcard.tw/images/03d9a3b8-973c-4496-9a8f-9f91852b5c1a/640.jpeg","type":"image/megapx","tags":["ANNOTATED"],"createdAt":"2020-01-23T04:44:33.524Z","updatedAt":"2020-01-24T03:50:35.945Z","width":828,"height":1792}],"postAvatar":""}