{"id":232942782,"title":"理性討論，大家怎麼看待微博/豆瓣","content":"我自己是之前混中圈，現在混韓圈，混中圈時是第一次追星，想說是中國藝人就先從微博開始接觸，後來吃瓜才發現有豆瓣這個地方（一直以為這只是影音評分網站）\n\n距離混中圈也有兩年了，自認對微博跟豆瓣這兩個地方都算熟悉，所以來講一下自己的心得。\n\n微博：對追星女孩而言或許比較方便的地方，尤其是追相關資訊跟收圖這兩個方面，現在不少臉書粉專也是搬運微博消息，其中最常被詬病的應該是控評、講話難聽、毒唯盛行。\n我一開始混中圈的時候蠻懵懂的，所以也會跟著反黑跟控評，後來覺得心累就不怎麼做了，反黑看了心情很差，控評更是讓人無法理解的文化，有時候路人只是想看一下有趣文章的評論，結果下面都被粉絲控住了就有點傻眼XD\n還有講話惡毒跟毒唯盛行這兩點，我自己混過中圈和韓圈，這兩圈在微博幾乎都是唯粉>團粉，團粉沒什麼地位，大部分都是唯粉battle，而且不少毒唯講話都不是太好聽，像是nmsl之類的，有時候會覺得追個星而已有必要這麼惡毒嗎……\n\n豆瓣：基本上和微博是兩批不同的粉絲，都互相覺得對面是垃圾場，我是先接觸微博再接觸豆瓣，個人後來比較喜歡豆瓣，不過豆瓣是由小組構成，基本上同溫層蠻巨大的，每個組的風氣都不一樣，大部分都需申請再審核進組。\n和微博相比蠻不一樣的點是微博是平台，豆瓣是論壇，性質不同所以用戶發言也不同，比較好的是大部分都有組規像是禁止辱罵跟人身攻擊，所以發言沒那麼微博那麼赤裸裸的惡毒（？）\n再來就是滴卡上常常說豆瓣造謠的問題，通常造謠都會有對應的澄清，但有些錘都出來粉絲還不認就蠻傻眼的XD\n我不能認同的是豆瓣某些組會有組禁，而且對除了00以外的臺灣孩子惡意太大了，每次看到黑的言論就很心疼QQ\n\n所以想問大家怎麼看這兩個軟體","excerpt":"我自己是之前混中圈，現在混韓圈，混中圈時是第一次追星，想說是中國藝人就先從微博開始接觸，後來吃瓜才發現有豆瓣這個地方（一直以為這只是影音評分網站），距離混中圈也有兩年了，自認對微博跟豆瓣這兩個地方都算","anonymousSchool":false,"anonymousDepartment":true,"pinned":false,"forumId":"14f573f5-3f02-4821-8e18-f561d7b7db91","replyId":null,"createdAt":"2020-01-23T05:51:05.031Z","updatedAt":"2020-01-23T05:51:05.031Z","commentCount":44,"likeCount":22,"tags":[],"topics":["追星"],"supportedReactions":null,"withNickname":false,"reportReason":"","hiddenByAuthor":false,"meta":{"layout":"classic"},"forumName":"追星","forumAlias":"entertainer","school":"中國醫藥大學","replyTitle":null,"gender":"F","personaSubscriptable":false,"reactions":[{"id":"286f599c-f86a-4932-82f0-f5a06f1eca03","count":22}],"hidden":false,"customStyle":null,"isSuspiciousAccount":false,"layout":"classic","withImages":false,"withVideos":false,"media":[],"reportReasonText":"","mediaMeta":[],"postAvatar":""}