{"id":232940781,"title":"Taeyeon The Unseen 首爾場後記","content":"這次辦了三天一月17、18、19\n選了週六場的，17飛去19回來\n內文偏長\n有提到這次演唱會的曲目與內容\n如果不想被爆雷那就先不要看喔～～\n\n往公演會場的路上\n看到一整排插著太妍演唱會的旗子\n看到旗子就開始興奮了\nhttps://www.dcard.tw/v2/vivid/videos/5fe937b5-0766-4e29-9bc9-e9bf46c53f9a?r=1.7777777777777777\n先拿著手燈去櫃檯\n請服務人員幫忙調手燈\n（這樣手燈就會有七彩顏色了）\nhttps://megapx-assets.dcard.tw/images/2d730305-1aa9-4a88-aefc-51b3ef941ebf/1280.jpeg\n我們晃來晃去到處走\n有去看了一下周邊但沒買任何東西\n之後就先去找送下班的停車場\n很順利的找到了\n我們就在外面吹冷風\n等到5點就立馬進場\n工作人員會把包包全打開檢查\n驗票進去以後心情更激動了～～\nhttps://www.dcard.tw/v2/vivid/videos/a1f19867-e476-47a7-ac77-237bb51d4530?r=1.7777777777777777\n進去看到舞台真的覺得好像在做夢\n這一切好不切實際啊！\nhttps://www.dcard.tw/v2/vivid/videos/af83bcd5-65a6-44f1-9df3-1703d76fcd51?r=1.7777777777777777\n瞬飄來了濃濃的香味\n哇～～這就是太妍這次準備的香氣嗎\n每吸一口氣就覺得好幸福\n和朋友先一起合照一下\n就去各自的座位\n這次才知道原來韓國演唱會\n都是單張票在賣\n不像台灣還能選2張3張4張\n我的視角🧡🧡\nhttps://megapx-assets.dcard.tw/images/3239ca0e-eeda-471a-92b8-7bfa1f70dfcf/1280.jpeg\n開演五分鐘！！！\nhttps://www.dcard.tw/v2/vivid/videos/8a69a5c5-8927-4acd-a98d-386a7f05dd1d?r=0.5625\n燈光逐變暗\n演唱會開始了！！\n太妍出來了根本就是仙女呀\n但前面兩首耳麥似乎有點小問題\n太妍一隻手一直在調\n但完全不會影響到她唱歌\n第一首是唱Find me\n歌詞有唱到sone這個音時就用手指著大家❤️\nhttps://www.dcard.tw/v2/vivid/videos/a0c7286e-b514-475b-8f75-a2394ef7eb77?r=2.1621621621621623\nCityLove 有加入小劇情的在跳舞\n最後ending表情超超超可愛\n那一幕真的永生難忘\n唱完三首歌以後\n和大家打招呼還說有點害羞呢～\n太妍每次前面幾首歌都會先害羞一下\n之後才會玩開（純屬我自己的感覺啦😝）\n這次竟然還唱了日文新歌 I Do\n有種賺到的感覺\n沒飛日巡也聽到一首日文歌了\n這次日巡沒辦法飛去好可惜⋯\nhttps://megapx-assets.dcard.tw/images/81ed241a-91f1-43cd-8ebf-17c69ffcf25e/1280.jpeg\nLOL登場勢太強大！太帥了\n這次舞曲舞蹈都好好看\n都有點偏小性感\n超喜歡看太妍跳舞\n她跳舞有ㄧ種她自己的風格\n（好像在講廢話）\nHere I am唱完是接著Into the unknown\n（這段銜接的很好）\n音樂一下還直接噴起煙火\n雞皮疙瘩直接起來了\n太妍穿著藍色紗紗公主裙\n根本是真人版Elsa\n怎麼可以唱的這麼完美啊！\n這音真的超高的！\n第一次聽到這首歌時\n就很想看live\n太妍每唱一句\n我就感覺她揮動的手可以施展出魔法\n這首完全是嘴巴張開驚呆的看完\n最後的最後太妍直接飆高音\n我不誇張\n腳底直接麻起來，全身都麻麻的\n（by the way 我身體非常健康）\n完全是全身用心的在感受太妍的音樂\n可以知道現場有多震撼！！！\n這首歌真的唱的太完美了\n這位站姐拍的影片我都超愛\n附上當天的 Into the unknown\nhttps://youtu.be/BYkKd2wqho8\nTalking Time\n粉絲大喊：好漂亮！\n太妍：這種話總是能聽的超清楚的呢😁\n或許有昨天（17號）就來的人嗎？\n（超多人舉手）\n太妍：什麼啊？全部人都是啊？啊～所以現在才體力透支了是嗎？今天大家的手燈都這樣閃閃發亮，每次看著這個light Show的時候，我唱著歌，在超棒的時間點變換了顏色，在適合的拍子跟著節奏閃亮，真的很漂亮，雖然中間會有幾支幾支其他顏色🤪不過我每個顏色都喜歡啦，站在搖滾區的如果口渴的話喉嚨很乾很累的話，可以喝一下水\n粉絲大喊：不用喝也可以\n太妍：不喝也可以？會死會死啦～但是這次開了三場，應該有比較好搶票了吧？\n全場大喊：沒有～～～～～\n太妍：沒有嗎？\n大家：對！\n太妍：真奇怪呀，開了三天，有多加了一天應該夠才對啊\n粉絲：太小了\n太妍：啊～這裡太小了啊\n粉絲：對！\n粉絲：旁邊有體育館\n太妍：旁邊有體育館啊～\n全場歡呼表示同意\n太妍：喔⋯喔⋯對不起大家我錯了我錯了，我也想在更大的公演場見更多的粉絲，但在這可以很近距離的看到大家，其實fan meeting 距離也沒這麼近對吧！\nhttps://megapx-assets.dcard.tw/images/87d1ad3a-9090-4c70-bc81-aafad1604d26/1280.jpeg\n這次Purpse專輯裡我最愛的抒情歌是\nWine、Gravity聽到太妍一字一句唱出來\n真的滿滿的幸福感\n之後唱了一串嗨歌組曲\n讓全場嗨到最高點\nWhy+Stress+Hands on me\n一直在克制我的屁股不要離開椅子\n好想跳起來～～～\n這次演唱會版本的Why依然好聽\n唱完之後太妍轉過去對樂隊老師比讚\n：剛剛樂隊老師們很興奮賣力的演出，我也完全嗨起來了，感覺我剛剛都在胡亂唱一通🤣\n最喜歡看你沈浸在音樂裡的模樣了❤️\n安可大家喊著：金太妍\n我覺得沒有很大聲⋯我附近的人都沒在喊\n太妍出來了！\n太妍：大家安可如果沒喊我的名字，我可能就不會出來了～～～（台下一片安靜）喔👀你們是不是在想說別演了哈哈哈，那個常常公演的時候都會想，會覺得準備（安可）是理所當然的，所以就覺得～哦？不對啊～安可的意義應該是所有人都想要渴望，大家都很享受，那樣才會團結一心，氣氛也對了才安可啊，不知道哪個時候開始就會直接準備安可了，但是那也是因為我自己也感到可惜啦，還想再登場一次，也想在和各位再交流一次，就這樣結束就很可惜而且也還有很多歌曲，今天在這時間還陪著我的粉絲們，所有前來的人真的都非常非常的感謝你們\n之後就和大家一起大合照\n粉絲就你ㄧ句我一句的大喊跟太妍告白\n太妍：我們粉絲的嗓子真的很好欸～我拿著麥克風這樣說話，沒有麥克風但我耳朵可以聽的一清二楚（這時粉絲緊接著大喊：撒浪嘿）看吧\nhttps://megapx-assets.dcard.tw/images/ba155010-9291-41d9-a33e-51b2b0cf7575/1280.jpeg\n最後呢在唱安可之前和粉絲說了一些話\n我自己有大概翻譯了一些但可能不是很正確\n請大家多多包含\n有一兩個詞彙聽不太懂就沒翻譯出來\n如果有人聽得懂歡迎留言告訴我謝謝\nhttps://www.dcard.tw/v2/vivid/videos/66924a32-2d83-4090-b744-1a02af3b5aec?r=0.5625\n聽著她講這些話有心疼也很感動\n她也說去年對她來說也是很低潮的一年\n謝謝你為了我們繼續唱歌\n雖然很累很辛苦但還是堅持下去了\n未來的路上也有我們陪著你\n真的好愛好愛你❤️\nhttps://megapx-assets.dcard.tw/images/984229a0-701c-4c91-9f5f-1f37f90cc716/1280.jpeg\nDear Me 改專輯的新歌\n歌詞也是太妍想對自己說的話\n這首我聽到眼眶含淚😭\n後面大螢幕還放了太妍solo的回憶錄影片\n我可能不能感同身受太妍的辛苦\n但我很感動她為了我們\n很努力很努力的克服一切\n站在舞台上唱歌跟我們聽\n唱完時太妍眼眶含淚的揮手\n看到這一幕我立馬飆淚\n超捨不得演唱會結束\n附上我錄的一小段影片\nhttps://www.dcard.tw/v2/vivid/videos/9ea7e91f-adae-4034-b9bf-6a05cb14b9ce?r=0.5625\n今天SM竟然發出演唱版本的Dear Me！\nhttps://youtu.be/YT7_RXgdgeo\n結束以後我和朋友立馬衝去停車場卡位\n等太妍下班成功趴杆第一排\n看到了NCT\nhttps://www.dcard.tw/v2/vivid/videos/6bbbbc9d-b166-49a4-9f20-253f9c163407?r=1.7777777777777777\nWonder Girl -Yu Bin\nhttps://www.dcard.tw/v2/vivid/videos/a3e31795-65fc-4730-90c5-0c3a57d9ba02?r=1.7777777777777777\n左邊是惠利 右邊是Junel\nhttps://www.dcard.tw/v2/vivid/videos/dce10942-71c5-44ea-b911-72b27a61dbcb?r=1.7777777777777777\n這個看起來像是寶兒？？？\nhttps://www.dcard.tw/v2/vivid/videos/c2e28f42-7c84-4bd7-99cc-8c8359490c1e?r=1.7777777777777777\n等了大約30-40分鐘？！\n們太妍終於出來了～～\n太妍看到Tiffany送的花籃\n就小碎步的過去合照\nhttps://www.dcard.tw/v2/vivid/videos/7d437009-ee0b-4fb4-aabb-a479d2931aab?r=1.7777777777777777\n之後就下來跟我們打招呼啦\n人生金太妍最近距離的一次\n太激動了～～～～好幸福啊～～～～\n這可以幸福好久好久了💛\nhttps://www.dcard.tw/v2/vivid/videos/a4ed9920-8076-4b72-9897-f5061ec04594?r=1.7777777777777777\n演唱會整場太妍一直笑\n看到她笑我不自覺的跟著笑\n你幸福我就幸福\n還有好多超可愛的表情\n每當看到她放電一次就心動一次\n當了11年的Sone\n現在有能力可以直接飛出國找太妍\n內心超激動也很感動\n未來首爾場都必去\n以後也想衝一場日巡\n日文歌也都超級好聽的啊～～\n最後希望台灣場可以快點公佈也希望能開三場🙏\n文章打得有點亂又很攏長，謝謝看完的你們","excerpt":"這次辦了三天一月17、18、19，選了週六場的，17飛去19回來，內文偏長，有提到這次演唱會的曲目與內容，如果不想被爆雷那就先不要看喔～～往公演會場的路上，看到一整排插著太妍演唱會的旗子，看到旗子就開","anonymousSchool":false,"anonymousDepartment":false,"pinned":false,"forumId":"14f573f5-3f02-4821-8e18-f561d7b7db91","replyId":null,"createdAt":"2020-01-22T17:13:26.006Z","updatedAt":"2020-01-22T17:16:36.006Z","commentCount":19,"likeCount":140,"tags":[],"topics":["首爾","演唱會","少女時代","太妍","Taeyeon"],"supportedReactions":null,"withNickname":true,"reportReason":"","hiddenByAuthor":false,"meta":{"layout":"classic"},"forumName":"追星","forumAlias":"entertainer","school":"少時是我男神🌸","department":"joan4122557","replyTitle":null,"gender":"F","personaSubscriptable":true,"reactions":[{"id":"286f599c-f86a-4932-82f0-f5a06f1eca03","count":140}],"hidden":false,"customStyle":null,"isSuspiciousAccount":false,"layout":"classic","withImages":true,"withVideos":true,"media":[{"url":"https://vivid.dcard.tw/Public/5fe937b5-0766-4e29-9bc9-e9bf46c53f9a/thumbnail.jpg"},{"url":"https://megapx-assets.dcard.tw/images/2d730305-1aa9-4a88-aefc-51b3ef941ebf/1280.jpeg"},{"url":"https://vivid.dcard.tw/Public/a1f19867-e476-47a7-ac77-237bb51d4530/thumbnail.jpg"},{"url":"https://vivid.dcard.tw/Public/af83bcd5-65a6-44f1-9df3-1703d76fcd51/thumbnail.jpg"},{"url":"https://megapx-assets.dcard.tw/images/3239ca0e-eeda-471a-92b8-7bfa1f70dfcf/1280.jpeg"},{"url":"https://vivid.dcard.tw/Public/8a69a5c5-8927-4acd-a98d-386a7f05dd1d/thumbnail.jpg"},{"url":"https://vivid.dcard.tw/Public/a0c7286e-b514-475b-8f75-a2394ef7eb77/thumbnail.jpg"},{"url":"https://megapx-assets.dcard.tw/images/81ed241a-91f1-43cd-8ebf-17c69ffcf25e/1280.jpeg"},{"url":"https://megapx-assets.dcard.tw/images/87d1ad3a-9090-4c70-bc81-aafad1604d26/1280.jpeg"},{"url":"https://megapx-assets.dcard.tw/images/ba155010-9291-41d9-a33e-51b2b0cf7575/1280.jpeg"},{"url":"https://vivid.dcard.tw/Public/66924a32-2d83-4090-b744-1a02af3b5aec/thumbnail.jpg"},{"url":"https://megapx-assets.dcard.tw/images/984229a0-701c-4c91-9f5f-1f37f90cc716/1280.jpeg"},{"url":"https://vivid.dcard.tw/Public/9ea7e91f-adae-4034-b9bf-6a05cb14b9ce/thumbnail.jpg"},{"url":"https://vivid.dcard.tw/Public/6bbbbc9d-b166-49a4-9f20-253f9c163407/thumbnail.jpg"},{"url":"https://vivid.dcard.tw/Public/a3e31795-65fc-4730-90c5-0c3a57d9ba02/thumbnail.jpg"},{"url":"https://vivid.dcard.tw/Public/dce10942-71c5-44ea-b911-72b27a61dbcb/thumbnail.jpg"},{"url":"https://vivid.dcard.tw/Public/c2e28f42-7c84-4bd7-99cc-8c8359490c1e/thumbnail.jpg"},{"url":"https://vivid.dcard.tw/Public/7d437009-ee0b-4fb4-aabb-a479d2931aab/thumbnail.jpg"},{"url":"https://vivid.dcard.tw/Public/a4ed9920-8076-4b72-9897-f5061ec04594/thumbnail.jpg"}],"reportReasonText":"","mediaMeta":[{"id":"678e03b4-4285-480f-b75f-8fb210a5344f","url":"https://vivid.dcard.tw/Public/5fe937b5-0766-4e29-9bc9-e9bf46c53f9a/thumbnail.jpg","normalizedUrl":"https://vivid.dcard.tw/Public/5fe937b5-0766-4e29-9bc9-e9bf46c53f9a/thumbnail.jpg","thumbnail":"https://vivid.dcard.tw/Public/5fe937b5-0766-4e29-9bc9-e9bf46c53f9a/thumbnail.jpg","type":"image/thumbnail","tags":["ANNOTATED_FAILED"],"createdAt":"2020-01-22T17:13:26.006Z","updatedAt":"2020-01-22T17:16:36.006Z"},{"id":"678e03b4-4285-480f-b75f-8fb210a5344f","url":"https://www.dcard.tw/v2/vivid/videos/5fe937b5-0766-4e29-9bc9-e9bf46c53f9a?r=1.7777777777777777","normalizedUrl":"","thumbnail":"https://vivid.dcard.tw/Public/5fe937b5-0766-4e29-9bc9-e9bf46c53f9a/thumbnail.jpg","type":"video/vivid","tags":["ANNOTATED_FAILED"],"createdAt":"2020-01-22T17:13:26.006Z","updatedAt":"2020-01-22T17:16:36.006Z"},{"id":"7a82d5c8-3c68-4848-96bb-9c84c17afac6","url":"https://megapx-assets.dcard.tw/images/2d730305-1aa9-4a88-aefc-51b3ef941ebf/1280.jpeg","normalizedUrl":"https://megapx.dcard.tw/v1/images/2d730305-1aa9-4a88-aefc-51b3ef941ebf","thumbnail":"https://megapx-assets.dcard.tw/images/2d730305-1aa9-4a88-aefc-51b3ef941ebf/640.jpeg","type":"image/megapx","tags":["ANNOTATED"],"createdAt":"2020-01-22T17:13:26.006Z","updatedAt":"2020-01-22T17:16:36.006Z","width":1500,"height":2000},{"id":"48feb6f5-5428-41e9-8c59-eef5d75f6232","url":"https://www.dcard.tw/v2/vivid/videos/a1f19867-e476-47a7-ac77-237bb51d4530?r=1.7777777777777777","normalizedUrl":"","thumbnail":"https://vivid.dcard.tw/Public/a1f19867-e476-47a7-ac77-237bb51d4530/thumbnail.jpg","type":"video/vivid","tags":["ANNOTATED_FAILED"],"createdAt":"2020-01-22T17:13:26.006Z","updatedAt":"2020-01-22T17:16:36.006Z"},{"id":"242cc245-7287-4645-ba5a-75970c8f8a7c","url":"https://www.dcard.tw/v2/vivid/videos/af83bcd5-65a6-44f1-9df3-1703d76fcd51?r=1.7777777777777777","normalizedUrl":"","thumbnail":"https://vivid.dcard.tw/Public/af83bcd5-65a6-44f1-9df3-1703d76fcd51/thumbnail.jpg","type":"video/vivid","tags":["ANNOTATED_FAILED"],"createdAt":"2020-01-22T17:13:26.006Z","updatedAt":"2020-01-22T17:16:36.006Z"},{"id":"b4c881e2-79ea-4de5-9ed3-7561fc269019","url":"https://megapx-assets.dcard.tw/images/3239ca0e-eeda-471a-92b8-7bfa1f70dfcf/1280.jpeg","normalizedUrl":"https://megapx.dcard.tw/v1/images/3239ca0e-eeda-471a-92b8-7bfa1f70dfcf","thumbnail":"https://megapx-assets.dcard.tw/images/3239ca0e-eeda-471a-92b8-7bfa1f70dfcf/640.jpeg","type":"image/megapx","tags":["ANNOTATED"],"createdAt":"2020-01-22T17:13:26.006Z","updatedAt":"2020-01-22T17:16:36.006Z","width":1763,"height":2000},{"id":"80e9b802-4ff5-449e-9a66-727d762b10fb","url":"https://www.dcard.tw/v2/vivid/videos/8a69a5c5-8927-4acd-a98d-386a7f05dd1d?r=0.5625","normalizedUrl":"","thumbnail":"https://vivid.dcard.tw/Public/8a69a5c5-8927-4acd-a98d-386a7f05dd1d/thumbnail.jpg","type":"video/vivid","tags":["ANNOTATED_FAILED"],"createdAt":"2020-01-22T17:13:26.006Z","updatedAt":"2020-01-22T17:16:36.006Z"},{"id":"3b83601e-4092-4677-8a77-cfa9429193a0","url":"https://www.dcard.tw/v2/vivid/videos/a0c7286e-b514-475b-8f75-a2394ef7eb77?r=2.1621621621621623","normalizedUrl":"","thumbnail":"https://vivid.dcard.tw/Public/a0c7286e-b514-475b-8f75-a2394ef7eb77/thumbnail.jpg","type":"video/vivid","tags":["ANNOTATED_FAILED"],"createdAt":"2020-01-22T17:13:26.006Z","updatedAt":"2020-01-22T17:16:36.006Z"},{"id":"edad2f41-0f9a-465f-9a7e-421415cd7e95","url":"https://megapx-assets.dcard.tw/images/81ed241a-91f1-43cd-8ebf-17c69ffcf25e/1280.jpeg","normalizedUrl":"https://megapx.dcard.tw/v1/images/81ed241a-91f1-43cd-8ebf-17c69ffcf25e","thumbnail":"https://megapx-assets.dcard.tw/images/81ed241a-91f1-43cd-8ebf-17c69ffcf25e/640.jpeg","type":"image/megapx","tags":["ANNOTATED"],"createdAt":"2020-01-22T17:13:26.006Z","updatedAt":"2020-01-22T17:16:36.006Z","width":1000,"height":1499},{"id":"7efaec88-9156-438a-8fbc-49e4a743457d","url":"https://youtu.be/BYkKd2wqho8","normalizedUrl":"https://www.youtube.com/watch?v=BYkKd2wqho8","thumbnail":"https://img.youtube.com/vi/BYkKd2wqho8/hqdefault.jpg","type":"video/youtube","tags":["ANNOTATED"],"createdAt":"2020-01-22T17:13:26.006Z","updatedAt":"2020-01-22T17:16:36.006Z"},{"id":"d62cf982-700b-447a-8091-317694eccc92","url":"https://megapx-assets.dcard.tw/images/87d1ad3a-9090-4c70-bc81-aafad1604d26/1280.jpeg","normalizedUrl":"https://megapx.dcard.tw/v1/images/87d1ad3a-9090-4c70-bc81-aafad1604d26","thumbnail":"https://megapx-assets.dcard.tw/images/87d1ad3a-9090-4c70-bc81-aafad1604d26/640.jpeg","type":"image/megapx","tags":["ANNOTATED"],"createdAt":"2020-01-22T17:13:26.006Z","updatedAt":"2020-01-22T17:16:36.006Z","width":1500,"height":2000},{"id":"85e6f35f-382c-4d97-bc76-66c9d0a4521f","url":"https://megapx-assets.dcard.tw/images/ba155010-9291-41d9-a33e-51b2b0cf7575/1280.jpeg","normalizedUrl":"https://megapx.dcard.tw/v1/images/ba155010-9291-41d9-a33e-51b2b0cf7575","thumbnail":"https://megapx-assets.dcard.tw/images/ba155010-9291-41d9-a33e-51b2b0cf7575/640.jpeg","type":"image/megapx","tags":["ANNOTATED"],"createdAt":"2020-01-22T17:13:26.006Z","updatedAt":"2020-01-22T17:16:36.006Z","width":1500,"height":1001},{"id":"6ca3f401-0f14-4a79-9750-b2e7bff00bf0","url":"https://www.dcard.tw/v2/vivid/videos/66924a32-2d83-4090-b744-1a02af3b5aec?r=0.5625","normalizedUrl":"","thumbnail":"https://vivid.dcard.tw/Public/66924a32-2d83-4090-b744-1a02af3b5aec/thumbnail.jpg","type":"video/vivid","tags":["ANNOTATED_FAILED"],"createdAt":"2020-01-22T17:13:26.006Z","updatedAt":"2020-01-22T17:16:36.006Z"},{"id":"147a7fbd-2bcb-4061-a987-fec10ec9c49c","url":"https://megapx-assets.dcard.tw/images/984229a0-701c-4c91-9f5f-1f37f90cc716/1280.jpeg","normalizedUrl":"https://megapx.dcard.tw/v1/images/984229a0-701c-4c91-9f5f-1f37f90cc716","thumbnail":"https://megapx-assets.dcard.tw/images/984229a0-701c-4c91-9f5f-1f37f90cc716/640.jpeg","type":"image/megapx","tags":["ANNOTATED"],"createdAt":"2020-01-22T17:13:26.006Z","updatedAt":"2020-01-22T17:16:36.006Z","width":1334,"height":2000},{"id":"b2139a07-e69c-4192-9af7-d1852ef39827","url":"https://www.dcard.tw/v2/vivid/videos/9ea7e91f-adae-4034-b9bf-6a05cb14b9ce?r=0.5625","normalizedUrl":"","thumbnail":"https://vivid.dcard.tw/Public/9ea7e91f-adae-4034-b9bf-6a05cb14b9ce/thumbnail.jpg","type":"video/vivid","tags":["ANNOTATED_FAILED"],"createdAt":"2020-01-22T17:13:26.006Z","updatedAt":"2020-01-22T17:16:36.006Z"},{"id":"376bb71f-b639-4202-b2e1-fc6740be109e","url":"https://youtu.be/YT7_RXgdgeo","normalizedUrl":"https://www.youtube.com/watch?v=YT7_RXgdgeo","thumbnail":"https://img.youtube.com/vi/YT7_RXgdgeo/hqdefault.jpg","type":"video/youtube","tags":["ANNOTATED"],"createdAt":"2020-01-22T17:13:26.006Z","updatedAt":"2020-01-22T17:16:36.006Z"},{"id":"82082dcc-e94d-4583-b6b2-202e04a2dd88","url":"https://www.dcard.tw/v2/vivid/videos/6bbbbc9d-b166-49a4-9f20-253f9c163407?r=1.7777777777777777","normalizedUrl":"","thumbnail":"https://vivid.dcard.tw/Public/6bbbbc9d-b166-49a4-9f20-253f9c163407/thumbnail.jpg","type":"video/vivid","tags":["ANNOTATED_FAILED"],"createdAt":"2020-01-22T17:13:26.006Z","updatedAt":"2020-01-22T17:16:36.006Z"},{"id":"d8a2d300-6d4e-403f-89f2-20c05665caaf","url":"https://www.dcard.tw/v2/vivid/videos/a3e31795-65fc-4730-90c5-0c3a57d9ba02?r=1.7777777777777777","normalizedUrl":"","thumbnail":"https://vivid.dcard.tw/Public/a3e31795-65fc-4730-90c5-0c3a57d9ba02/thumbnail.jpg","type":"video/vivid","tags":["ANNOTATED_FAILED"],"createdAt":"2020-01-22T17:13:26.006Z","updatedAt":"2020-01-22T17:16:36.006Z"},{"id":"b293b36d-8c9e-43dd-b1ca-2f98962d0447","url":"https://www.dcard.tw/v2/vivid/videos/dce10942-71c5-44ea-b911-72b27a61dbcb?r=1.7777777777777777","normalizedUrl":"","thumbnail":"https://vivid.dcard.tw/Public/dce10942-71c5-44ea-b911-72b27a61dbcb/thumbnail.jpg","type":"video/vivid","tags":["ANNOTATED_FAILED"],"createdAt":"2020-01-22T17:13:26.006Z","updatedAt":"2020-01-22T17:16:36.006Z"},{"id":"f7732f79-5ef1-44cb-a013-c172157489a1","url":"https://www.dcard.tw/v2/vivid/videos/c2e28f42-7c84-4bd7-99cc-8c8359490c1e?r=1.7777777777777777","normalizedUrl":"","thumbnail":"https://vivid.dcard.tw/Public/c2e28f42-7c84-4bd7-99cc-8c8359490c1e/thumbnail.jpg","type":"video/vivid","tags":["ANNOTATED_FAILED"],"createdAt":"2020-01-22T17:13:26.006Z","updatedAt":"2020-01-22T17:16:36.006Z"},{"id":"0c1c1834-0be1-4ca1-aa2d-2aaf00ecd10f","url":"https://www.dcard.tw/v2/vivid/videos/7d437009-ee0b-4fb4-aabb-a479d2931aab?r=1.7777777777777777","normalizedUrl":"","thumbnail":"https://vivid.dcard.tw/Public/7d437009-ee0b-4fb4-aabb-a479d2931aab/thumbnail.jpg","type":"video/vivid","tags":["ANNOTATED_FAILED"],"createdAt":"2020-01-22T17:13:26.006Z","updatedAt":"2020-01-22T17:16:36.006Z"},{"id":"b146c9a3-ef30-4491-9a09-6f2f92faa601","url":"https://www.dcard.tw/v2/vivid/videos/a4ed9920-8076-4b72-9897-f5061ec04594?r=1.7777777777777777","normalizedUrl":"","thumbnail":"https://vivid.dcard.tw/Public/a4ed9920-8076-4b72-9897-f5061ec04594/thumbnail.jpg","type":"video/vivid","tags":["ANNOTATED_FAILED"],"createdAt":"2020-01-22T17:13:26.006Z","updatedAt":"2020-01-22T17:16:36.006Z"}],"postAvatar":""}