{"id":232964968,"title":"#有什麼演唱會當天來回的方法","content":"終於等到我們AB來開專場演唱會了❤\n想請問要去演唱會的大家\n我住台南 而且隔天有事情必須當天來回\n但是不確定演唱會幾點會結束\n如果幸運抽中福利的話可能會更晚\n怕現在買了要回來的車票結果趕不上\n在考慮直接包車來回\n有沒有台南的粉絲要一起包車的？\n目前還沒找包車公司 只是想先問看看有沒有人可以一起🙇\n或是有沒有人有類似這樣的經驗可以跟我分享🙋","excerpt":"終於等到我們AB來開專場演唱會了，想請問要去演唱會的大家，我住台南 而且隔天有事情必須當天來回，但是不確定演唱會幾點會結束，如果幸運抽中福利的話可能會更晚，怕現在買了要回來的車票結果趕不上，在考慮直接","anonymousSchool":false,"anonymousDepartment":false,"pinned":false,"forumId":"14f573f5-3f02-4821-8e18-f561d7b7db91","replyId":null,"createdAt":"2020-01-27T04:12:42.194Z","updatedAt":"2020-01-27T04:12:42.194Z","commentCount":12,"likeCount":19,"tags":[],"topics":["演唱會","AB6IX"],"supportedReactions":null,"withNickname":true,"reportReason":"","hiddenByAuthor":false,"meta":{"layout":"classic"},"forumName":"追星","forumAlias":"entertainer","school":"🆎🆕","department":"yuuu20030116","replyTitle":null,"gender":"F","personaSubscriptable":true,"reactions":[{"id":"286f599c-f86a-4932-82f0-f5a06f1eca03","count":19}],"hidden":false,"customStyle":null,"isSuspiciousAccount":false,"layout":"classic","withImages":false,"withVideos":false,"media":[],"reportReasonText":"","mediaMeta":[],"postAvatar":""}