{"id":232975209,"title":"小確幸嗎！！！","content":"剛剛突然發現👀\nhttps://megapx-assets.dcard.tw/images/278a6b13-929c-4a93-926a-33b22ee2a062/1280.jpeg\nhttps://megapx-assets.dcard.tw/images/082055c1-cfd5-4058-a6ba-19cfae74e5c5/1280.jpeg\n聖圭跟秀彬是穿一樣的衣服嗎嗎嗎！！！\n這兩個我的愛居然穿了一樣的衣服嗎！\n這麼突然的嗎！！\n\n\n\n哦對了聖圭那張圖是他出演的新綜藝「物以類聚」唷！\n第一集我覺得還有點亂而且圭也還沒放鬆發揮他的實力哈哈😂\n希望這個節目穩定了之後能越來越好～❤️\n\n圭圭真的回來了 真的好沒有實感啊！\n一退伍就是綜藝搶手男\n我們圭哥”真的”沒有很緊張ㄛ！\n希望圭圭能快點出張新專輯\n\n然後秀彬那張圖是「Angel & Devil 」的練習室\n大家可以去看看唷 入檔不虧的！\n\n話說～圭圭3月要來台灣惹\n有沒有INSPIRIT也想要去呢？\n在這邊統計一下看看票有多難搶哈哈(⁎˃ᴗ˂⁎)\n\n然後小小私心能跟TOMORROWXTOGETHER 合作個什麼都好～\n\n\n有沒有人跟我一樣發現自己喜歡的兩個人有一樣的東西就很嗨的哈哈","excerpt":"剛剛突然發現，聖圭跟秀彬是穿一樣的衣服嗎嗎嗎！！！，這兩個我的愛居然穿了一樣的衣服嗎！，這麼突然的嗎！！，哦對了聖圭那張圖是他出演的新綜藝「物以類聚」唷！，第一集我覺得還有點亂而且圭也還沒放鬆發揮他的","anonymousSchool":false,"anonymousDepartment":false,"pinned":false,"forumId":"14f573f5-3f02-4821-8e18-f561d7b7db91","replyId":null,"createdAt":"2020-01-28T19:20:31.096Z","updatedAt":"2020-01-28T19:21:23.150Z","commentCount":19,"likeCount":136,"tags":[],"topics":["小確幸","聖圭","秀彬","圭嫂"],"supportedReactions":null,"withNickname":true,"reportReason":"","hiddenByAuthor":false,"meta":{"layout":"classic"},"forumName":"追星","forumAlias":"entertainer","school":"圭嫂77","department":"gyubaby","replyTitle":null,"gender":"F","personaSubscriptable":true,"reactions":[{"id":"286f599c-f86a-4932-82f0-f5a06f1eca03","count":133},{"id":"e8e6bc5d-41b0-4129-b134-97507523d7ff","count":2},{"id":"4b018f48-e184-445f-adf1-fc8e04ba09b9","count":1}],"hidden":false,"customStyle":null,"isSuspiciousAccount":false,"layout":"classic","withImages":true,"withVideos":false,"media":[{"url":"https://megapx-assets.dcard.tw/images/278a6b13-929c-4a93-926a-33b22ee2a062/1280.jpeg"},{"url":"https://megapx-assets.dcard.tw/images/082055c1-cfd5-4058-a6ba-19cfae74e5c5/1280.jpeg"}],"reportReasonText":"","mediaMeta":[{"id":"dc98fa09-1593-4697-9e4a-d5c401066842","url":"https://megapx-assets.dcard.tw/images/278a6b13-929c-4a93-926a-33b22ee2a062/640.jpeg","normalizedUrl":"https://megapx-assets.dcard.tw/images/278a6b13-929c-4a93-926a-33b22ee2a062/640.jpeg","thumbnail":"https://megapx-assets.dcard.tw/images/278a6b13-929c-4a93-926a-33b22ee2a062/640.jpeg","type":"image/thumbnail","tags":["ANNOTATED"],"createdAt":"2020-01-28T19:20:31.096Z","updatedAt":"2020-01-28T19:21:23.150Z","width":640,"height":360},{"id":"dc98fa09-1593-4697-9e4a-d5c401066842","url":"https://megapx-assets.dcard.tw/images/278a6b13-929c-4a93-926a-33b22ee2a062/1280.jpeg","normalizedUrl":"https://megapx.dcard.tw/v1/images/278a6b13-929c-4a93-926a-33b22ee2a062","thumbnail":"https://megapx-assets.dcard.tw/images/278a6b13-929c-4a93-926a-33b22ee2a062/640.jpeg","type":"image/megapx","tags":["ANNOTATED"],"createdAt":"2020-01-28T19:20:31.096Z","updatedAt":"2020-01-28T19:21:23.150Z","width":1334,"height":750},{"id":"35e00463-aad8-44c1-bcc4-6bec855b2921","url":"https://megapx-assets.dcard.tw/images/082055c1-cfd5-4058-a6ba-19cfae74e5c5/1280.jpeg","normalizedUrl":"https://megapx.dcard.tw/v1/images/082055c1-cfd5-4058-a6ba-19cfae74e5c5","thumbnail":"https://megapx-assets.dcard.tw/images/082055c1-cfd5-4058-a6ba-19cfae74e5c5/640.jpeg","type":"image/megapx","tags":["ANNOTATED"],"createdAt":"2020-01-28T19:20:31.096Z","updatedAt":"2020-01-28T19:21:23.150Z","width":1334,"height":750}],"postAvatar":""}