{"id":232977320,"title":"問推薦 stray kids綜藝","content":"其實本人是個鳥寶寶🐥\n最早認識迷孩是在idol room看到鉉辰跑去當記者訪問我們嘎七😂😂\n然後剛剛偶然在b站看到鉉辰跳我們家Jus2的focus on me \n於是就去找dingo school 然後把他看完了\n真的太好笑了 我最喜歡知城彰彬跟鉉辰\n他們三個太有意思了😂😂\n\n想問一下版上的stay \n有沒有什麼超好笑的迷孩綜藝可以推薦\n自製團綜或上節目的都可以👍\n只要好笑就行 但盡量先不用太多集的","excerpt":"其實本人是個鳥寶寶，最早認識迷孩是在idol room看到鉉辰跑去當記者訪問我們嘎七，然後剛剛偶然在b站看到鉉辰跳我們家Jus2的focus on me，於是就去找dingo school 然後把他看","anonymousSchool":false,"anonymousDepartment":true,"pinned":false,"forumId":"14f573f5-3f02-4821-8e18-f561d7b7db91","replyId":null,"createdAt":"2020-01-29T08:20:11.147Z","updatedAt":"2020-01-29T08:20:11.147Z","commentCount":5,"likeCount":33,"tags":[],"topics":["綜藝","StrayKids"],"supportedReactions":null,"withNickname":false,"reportReason":"","hiddenByAuthor":false,"meta":{"layout":"classic"},"forumName":"追星","forumAlias":"entertainer","school":"國立金門大學","replyTitle":null,"gender":"F","personaSubscriptable":true,"reactions":[{"id":"286f599c-f86a-4932-82f0-f5a06f1eca03","count":32},{"id":"e8e6bc5d-41b0-4129-b134-97507523d7ff","count":1}],"hidden":false,"customStyle":null,"isSuspiciousAccount":false,"layout":"classic","withImages":false,"withVideos":false,"media":[],"reportReasonText":"","mediaMeta":[],"postAvatar":""}