{"id":232970029,"title":"范瑋琪怎麼可以不要臉到這樣？","content":"就為了台灣不給中國口罩？\n挖靠，中國人在台灣ＳＡＲＳ生死存亡的時刻，一樣禁止我們進去世界衛生組織欸\n現在這樣世界各國都開始出現病例，台灣本來就沒多少口罩(見附圖\n這樣還要台灣捐??有沒有良心阿\n根據 B1 說其實現在已經開始缺貨了，這些支那藝人是不是又要批評政府??\n這麼愛中國，滾出去啦，真的不要臉欸\n\n更：我愛張韶涵　XD\n附圖是台灣的口罩進出口比例\n\nhttp://i.imgur.com/Rd7QeEK.jpg\nhttp://i.imgur.com/BGZr55O.jpg\n\n口罩進出口比例，不要被中國網軍騙了\nhttps://i.imgur.com/l5P23MP.jpg\nhttps://i.imgur.com/eK3jtMb.jpg\n\n新聞\nhttps://tw.appledaily.com/entertainment/20200128/SMAIVEYTPLWFUJIPQY5CZQ6HVM/?utm_campaign=twad_social_apple.realtimenews","excerpt":"就為了台灣不給中國口罩？挖靠，中國人在台灣ＳＡＲＳ生死存亡的時刻，一樣禁止我們進去世界衛生組織欸，現在這樣世界各國都開始出現病例，台灣本來就沒多少口罩（見附圖，這樣還要台灣捐？？有沒有良心阿，根據 B","anonymousSchool":false,"anonymousDepartment":true,"pinned":false,"forumId":"14f573f5-3f02-4821-8e18-f561d7b7db91","replyId":null,"createdAt":"2020-01-28T02:26:55.339Z","updatedAt":"2020-01-28T13:04:02.539Z","commentCount":518,"likeCount":7667,"tags":[],"topics":["范瑋琪","中國狗","支那狗","舔中","商人利益"],"supportedReactions":null,"withNickname":false,"reportReason":"","hiddenByAuthor":false,"meta":{"layout":"classic"},"forumName":"追星","forumAlias":"entertainer","school":"臺北醫學大學","replyTitle":null,"gender":"M","personaSubscriptable":null,"reactions":[{"id":"286f599c-f86a-4932-82f0-f5a06f1eca03","count":7120},{"id":"aa0d425f-d530-4478-9a77-fe3aedc79eea","count":469},{"id":"e8e6bc5d-41b0-4129-b134-97507523d7ff","count":54},{"id":"4b018f48-e184-445f-adf1-fc8e04ba09b9","count":12},{"id":"514c2569-fd53-4d9d-a415-bf0f88e7329f","count":11},{"id":"011ead16-9b83-4729-9fde-c588920c6c2d","count":1}],"hidden":false,"customStyle":null,"isSuspiciousAccount":false,"layout":"classic","withImages":true,"withVideos":false,"media":[{"url":"http://i.imgur.com/Rd7QeEK.jpg"},{"url":"http://i.imgur.com/BGZr55O.jpg"},{"url":"https://i.imgur.com/l5P23MP.jpg"},{"url":"https://i.imgur.com/eK3jtMb.jpg"}],"reportReasonText":"","mediaMeta":[{"id":"516a1d20-255d-42e9-9130-60f6fe624e37","url":"https://i.imgur.com/Rd7QeEKl.jpg","normalizedUrl":"https://i.imgur.com/Rd7QeEKl.jpg","thumbnail":"https://i.imgur.com/Rd7QeEKl.jpg","type":"image/thumbnail","tags":["ANNOTATED_FAILED"],"createdAt":"2020-01-28T12:55:47.095Z","updatedAt":"2020-01-28T13:04:02.539Z"},{"id":"516a1d20-255d-42e9-9130-60f6fe624e37","url":"http://i.imgur.com/Rd7QeEK.jpg","normalizedUrl":"https://imgur.com/Rd7QeEK","thumbnail":"https://i.imgur.com/Rd7QeEKl.jpg","type":"image/imgur","tags":["ANNOTATED_FAILED"],"createdAt":"2020-01-28T12:55:47.095Z","updatedAt":"2020-01-28T13:04:02.539Z"},{"id":"881fce92-7345-424c-a0af-a2eb8814b8a2","url":"http://i.imgur.com/BGZr55O.jpg","normalizedUrl":"https://imgur.com/BGZr55O","thumbnail":"https://i.imgur.com/BGZr55Ol.jpg","type":"image/imgur","tags":["ANNOTATED_FAILED"],"createdAt":"2020-01-28T12:55:47.095Z","updatedAt":"2020-01-28T13:04:02.539Z"},{"id":"d37418d3-2e6c-469b-a5a9-73bdab5b6efa","url":"https://i.imgur.com/l5P23MP.jpg","normalizedUrl":"https://imgur.com/l5P23MP","thumbnail":"https://i.imgur.com/l5P23MPl.jpg","type":"image/imgur","tags":["ANNOTATED_FAILED"],"createdAt":"2020-01-28T13:04:02.539Z","updatedAt":"2020-01-28T13:04:02.539Z"},{"id":"2f1f4958-9685-42af-ae29-2ddd1251717e","url":"https://i.imgur.com/eK3jtMb.jpg","normalizedUrl":"https://imgur.com/eK3jtMb","thumbnail":"https://i.imgur.com/eK3jtMbl.jpg","type":"image/imgur","tags":["ANNOTATED_FAILED"],"createdAt":"2020-01-28T13:04:02.539Z","updatedAt":"2020-01-28T13:04:02.539Z"}],"postAvatar":""}