{"id":232964244,"title":"英雄殞落—Kobe Bryant","content":"https://megapx-assets.dcard.tw/images/f78c44e9-5599-4364-a80c-d162e11bf491/full.jpeg\n\n\n他·啟發了許多男孩的籃球夢，從平凡的國小孩子到nba中的多位巨星\n\n從奪冠到傷痛，從質疑到證明自己\n\nKobe的傳奇故事，從來不需要由爭論而顯得偉大\n\n儘管很多人對他又愛又恨，在今晚，放下過去對他的成見，就為他對籃壇的貢獻致敬，為他的殞落難過 \n\nR.I.P  Kobe Bryant 💫\n\n希望kobe的家人一切安好，從傷痛走出🙏","excerpt":"他·啟發了許多男孩的籃球夢，從平凡的國小孩子到nba中的多位巨星，從奪冠到傷痛，從質疑到證明自己，Kobe的傳奇故事，從來不需要由爭論而顯得偉大，儘管很多人對他又愛又恨，在今晚，放下過去對他的成見，就","anonymousSchool":false,"anonymousDepartment":false,"pinned":false,"forumId":"14f573f5-3f02-4821-8e18-f561d7b7db91","replyId":null,"createdAt":"2020-01-26T22:31:56.893Z","updatedAt":"2020-01-26T22:31:56.893Z","commentCount":14,"likeCount":437,"tags":[],"topics":["英雄","KobeBryant","RIP"],"supportedReactions":null,"withNickname":true,"reportReason":"","hiddenByAuthor":false,"meta":{"layout":"classic"},"forumName":"追星","forumAlias":"entertainer","school":"momo","department":"morris880613","replyTitle":null,"gender":"M","personaSubscriptable":true,"reactions":[{"id":"286f599c-f86a-4932-82f0-f5a06f1eca03","count":382},{"id":"514c2569-fd53-4d9d-a415-bf0f88e7329f","count":51},{"id":"aa0d425f-d530-4478-9a77-fe3aedc79eea","count":4}],"hidden":false,"customStyle":null,"isSuspiciousAccount":false,"layout":"classic","withImages":true,"withVideos":false,"media":[{"url":"https://megapx-assets.dcard.tw/images/f78c44e9-5599-4364-a80c-d162e11bf491/full.jpeg"}],"reportReasonText":"","mediaMeta":[{"id":"e07e43f0-639c-4077-9f6b-78333ec5e518","url":"https://megapx-assets.dcard.tw/images/f78c44e9-5599-4364-a80c-d162e11bf491/640.jpeg","normalizedUrl":"https://megapx-assets.dcard.tw/images/f78c44e9-5599-4364-a80c-d162e11bf491/640.jpeg","thumbnail":"https://megapx-assets.dcard.tw/images/f78c44e9-5599-4364-a80c-d162e11bf491/640.jpeg","type":"image/thumbnail","tags":["ANNOTATED"],"createdAt":"2020-01-26T22:31:56.893Z","updatedAt":"2020-01-26T22:31:56.893Z","width":421,"height":640},{"id":"e07e43f0-639c-4077-9f6b-78333ec5e518","url":"https://megapx-assets.dcard.tw/images/f78c44e9-5599-4364-a80c-d162e11bf491/full.jpeg","normalizedUrl":"https://megapx.dcard.tw/v1/images/f78c44e9-5599-4364-a80c-d162e11bf491","thumbnail":"https://megapx-assets.dcard.tw/images/f78c44e9-5599-4364-a80c-d162e11bf491/640.jpeg","type":"image/megapx","tags":["ANNOTATED"],"createdAt":"2020-01-26T22:31:56.893Z","updatedAt":"2020-01-26T22:31:56.893Z","width":750,"height":1139}],"postAvatar":""}