{"id":232941997,"title":"(搬運) 2020年 愛豆選擇顏值身材順位","content":"https://megapx-assets.dcard.tw/images/ef0115b4-86f8-42b1-9bad-23d1c9e39751/full.jpeg\n\nCR 哎一股韓流\n附上原新聞網址\nhttps://n.news.naver.com/entertain/article/241/0002998933?lfrom=twitter\n\n以上是愛豆親自票選的，從2017年開始的投票。\n有幾位已經是顏值或身材的釘子戶了，年年上榜，除了愛豆的認可，在韓國人心中也有很高的國民度和認可度，當然也有些是第一次上榜！\n\n總而言之 恭喜各位被愛豆認證的愛豆🎉🥳","excerpt":"CR 哎一股韓流，附上原新聞網址，以上是愛豆親自票選的，從2017年開始的投票。有幾位已經是顏值或身材的釘子戶了，年年上榜，除了愛豆的認可，在韓國人心中也有很高的國民度和認可度，當然也有些是第一次上榜","anonymousSchool":false,"anonymousDepartment":true,"pinned":false,"forumId":"14f573f5-3f02-4821-8e18-f561d7b7db91","replyId":null,"createdAt":"2020-01-23T02:40:42.389Z","updatedAt":"2020-01-23T12:10:37.447Z","commentCount":96,"likeCount":684,"tags":[],"topics":["顏值","愛豆","身材","韓星"],"supportedReactions":null,"withNickname":false,"reportReason":"","hiddenByAuthor":false,"meta":{"layout":"classic"},"forumName":"追星","forumAlias":"entertainer","school":"世新大學","replyTitle":null,"gender":"F","personaSubscriptable":null,"reactions":[{"id":"286f599c-f86a-4932-82f0-f5a06f1eca03","count":675},{"id":"e8e6bc5d-41b0-4129-b134-97507523d7ff","count":8},{"id":"aa0d425f-d530-4478-9a77-fe3aedc79eea","count":1}],"hidden":false,"customStyle":null,"isSuspiciousAccount":false,"layout":"classic","withImages":true,"withVideos":false,"media":[{"url":"https://megapx-assets.dcard.tw/images/ef0115b4-86f8-42b1-9bad-23d1c9e39751/full.jpeg"}],"reportReasonText":"","mediaMeta":[{"id":"f8371ab0-9ca8-4148-b302-be7e3107d962","url":"https://megapx-assets.dcard.tw/images/ef0115b4-86f8-42b1-9bad-23d1c9e39751/640.jpeg","normalizedUrl":"https://megapx-assets.dcard.tw/images/ef0115b4-86f8-42b1-9bad-23d1c9e39751/640.jpeg","thumbnail":"https://megapx-assets.dcard.tw/images/ef0115b4-86f8-42b1-9bad-23d1c9e39751/640.jpeg","type":"image/thumbnail","tags":["ANNOTATED"],"createdAt":"2020-01-23T02:40:42.389Z","updatedAt":"2020-01-23T12:10:37.447Z","width":302,"height":640},{"id":"f8371ab0-9ca8-4148-b302-be7e3107d962","url":"https://megapx-assets.dcard.tw/images/ef0115b4-86f8-42b1-9bad-23d1c9e39751/full.jpeg","normalizedUrl":"https://megapx.dcard.tw/v1/images/ef0115b4-86f8-42b1-9bad-23d1c9e39751","thumbnail":"https://megapx-assets.dcard.tw/images/ef0115b4-86f8-42b1-9bad-23d1c9e39751/640.jpeg","type":"image/megapx","tags":["ANNOTATED"],"createdAt":"2020-01-23T02:40:42.389Z","updatedAt":"2020-01-23T12:10:37.447Z","width":380,"height":806}],"postAvatar":""}