{"id":232977416,"title":"#分享# 我自打臉的入坑ATEEZ過程(舞台歌曲篇)","content":"全部打完發現超級落落長，所以決定分成舞台歌曲篇和綜藝個人篇😅😅 (也不知道有沒有人要看嗚嗚)\n\n入坑當梯尼其實快一個月而已，\n但真的很喜歡這八個小朋友(真的是小朋友...連大哥都比我小三歲我好難過)\n想讓更多人看見他們，\n又覺得自己只是菜到不行的菜鳥梯尼，要寫安利文實在太過不足，\n因此就記錄一下自己入坑的過程，分享一些把我踹入坑又不斷往下埋的事物給也對他們有興趣的孩子們吧~\n因為不是專業的安利文而算是心得分享，我又是很菜的梯尼，如果有漏掉什麼經典的影片或舞台再麻煩梯尼們補充了🙏🙏\n有錯也請溫柔指正我嗚嗚\n\n放一張偶運會得到摔角金牌的團照鎮樓❤️\nhttp://i.imgur.com/81ydfQk.jpg\n\n先來說說為何叫做自打臉，\n想當初大概2018年的時候，我姊就分享過pirate king和treasure的MV給我，\n說這團蠻驚豔的，隊長的RAP跟忙內的高音很棒，應該未來可期可以關注一下(我二姊本身蠻挑剔的😅，會讓她覺得不錯真的不太容易🤣)\nhttps://www.youtube.com/watch?v=RqJ1rH9M5G0\nhttps://www.youtube.com/watch?v=tLV83ndOwz4\n\n\n結果我：\n喔，第二首不錯啊，但聲音和顏都GET不到，而且他們長的好奇怪(梯尼不要打我XD，我那時候真的鬼遮眼，現在明明舔屏舔的要死(つд⊂) 我的臉真的好腫RRR)\n\n反正之後就沒下文，\n一直到2020 他們帶著ANSWER回歸，但其實我也不知道他們有回歸，\n只是剛好就在回歸的隔天，我不知哪根筋不對，想起我姊好像曾經跟我推薦過一團，於是還跑去搜尋LINE紀錄(對，我連團名都忘了🤣🤣)\n\n找到團名之後去搜尋，就看到了剛回歸一天的新歌MV，不點還好，點進去後就開啟了我入坑梯子之路啊~(´⊙ω⊙`)\nhttps://www.youtube.com/watch?v=dTT3MRODUsA\n\n看MV的時候，想起我姊跟我提過的隊長和忙內，於是特別去注意了他們兩個，\n這次一注意馬上被隊長弘中在MV的魅和霸氣還有RAP，跟忙內鍾浩貫穿天際的高音迷住了啊啊啊，\n而且很喜歡這首的曲風和旋律，有種華麗壯闊的感覺，MV更是感受到滿滿的用心，\n\n之後回去看2018不知為何無感的pirate king和treasure，感覺也完全不同了，也因為好奇去看了出道舞台，\nhttps://www.youtube.com/watch?v=KAXWhITwJp8 \n明明是新人，但舞台掌握度和表情、唱功卻已經有一定的穩度(尤其是表情真的都很讚嗚嗚，超愛友榮的歪頭笑還有鍾浩用力盯著鏡頭的樣子哈哈) https://www.youtube.com/watch?v=Ky8rrqmmijM \n\n接著就開始去搜尋他們出過的其他MV，整個被say my name燒到不行，無論是前奏、副歌還是MV舞蹈都很燃很霸氣><\nhttps://www.youtube.com/watch?v=1gQ_-Jp5o7o\nhttps://www.youtube.com/watch?v=rbYDPj609u8 \n\n🔥HALA HALA\nhttps://www.youtube.com/watch?v=QbjmVyP9RFg\n\n還有WONDERLAND，個人覺得比say my name更重更黑暗一些，\nhttps://www.youtube.com/watch?v=Z_BhMhZpAug \n但延續了ATEEZ歌曲的華麗和壯闊感，聽完真的很熱血沸騰，這幾首燃爆的舞曲聽完冬天都變夏天了！！\n\n但我最愛的一首是他們去年年中出的WAVE，有別於其他幾次回歸的主打走的是黑暗華麗風，這首完全就是清新少年，從歌曲、歌詞到MV都像是在說不用擔心他們，他們會在夢想的道路上懷抱著初衷努力向前💕💕\nhttps://www.youtube.com/watch?v=FIInyEWWW-s\nhttps://www.youtube.com/watch?v=XDwqdOJ8QOk (一邊跳舞一邊玩排球真的超級少年><)\n\n這首也讓他們得到了初一位，在台上的梯子哭得唏哩嘩啦還有一隻變身小兔子滿場興奮的跳跳跳😆😆\nhttps://www.youtube.com/watch?v=FEYfyLAXK1w\n令我特別有感觸的堅持講完感言鞠完躬才終於忍不住眼淚跑到舞台一角哭泣的隊長弘中啊😭，身為梯子的隊長，帶著七個孩子努力的從小公司和眾多新團裡闖出來，真的辛苦你了，之後發現隊長在哭跑去安慰的大哥星化也真的很暖(;´༎ຶД༎ຶ`)\n\n另外分享幾個令我讚嘆不已的舞台，\n第一個就是去年年底圈了不少粉的MAMA舞台，\n孩子們將大前輩們的經典曲目重新編成串燒，除了展現自己風格外，充滿力量的舞台和氣勢真的透過螢幕也感受的到><\nhttps://www.youtube.com/watch?v=0R6tRuVFVrQ\n其中一位成員友榮是BTS JIMIN的大粉絲，相信能在偶像面前cover偶像的歌一定很開心吧，我也很替他感動嗚嗚QQ\n\n另外的是SMUF K-POP的舞台，我看到好像比較少人分享，但當時看到這個舞台也是被孩子們的氣場震撼了‎(°д°)\n尤其是整場表演有充滿清新少年的歌也有黑暗華麗的歌，表演風格的轉換我覺得也很不錯d(`･∀･)b\nhttps://www.youtube.com/watch?v=N1BlgUFLLBQ\n\nATEEZ的慢歌是偏少的，但他們唱慢歌也是很可以啊><\n今年回歸的專輯裡面STAR 1117真的是一首很溫柔的歌，因此分享他們表演這首的舞台，\nhttps://www.youtube.com/watch?v=92E2WMiw6DU\n忙內的高音在這首也是展現了許多的亮點QWQ\n\n還有一些佳節專屬的特別舞台，梯子的萬聖節系列舞台我覺得都很不錯，看完覺得這些孩子不去演音樂劇太可惜了XD\nhttps://www.youtube.com/watch?v=I5N6NHeH-J0\nhttps://www.youtube.com/watch?v=AFP6QLw0ClY\n\n出道前在歐美引發關注的舞蹈影片\nhttps://www.youtube.com/watch?v=5A9EMLrURS8\n\n另外ATEEZ的專輯編排我也覺得很用心，到目前為止發行的TREASURE系列一共有4張迷你專1張正規，\n講述著一群少年出海尋寶的旅程，從一開始出發到最後找到寶藏一同舉杯慶祝(乾杯哈架like a thunder～～🥂)，\n覺得有機會一定要把專輯們照順序放到播放清單裡聽，\n可以發現每張專輯的intro, outro都有所呼應，有時候也會被專輯間的轉場驚喜到，另外在MV裡的套路感覺也有精心設計過，但我不是很擅長分析這個QQ \n所以就請其他梯尼大神幫忙分析了🤣🤣\n\n另外延續尋寶系列的風格，孩子們不久前終於出了官方應援手燈，真的美到不行，大家可以去看那篇介紹手燈的文章😉\nhttps://www.dcard.tw/f/entertainer/p/232933584?cid=f8769971-a115-4bce-8946-dcfff2713de4\n\n最後分享除了上面有提到的，我覺得也很好聽一直無限循環的歌曲：\n\n🎵 TWILIGHT\nhttps://www.youtube.com/watch?v=qLzCEQSheJc\n這首傘的美聲真的很棒QQ，我也很喜歡背景的編曲和旋律><\n\n🎵 MY WAY\nhttps://www.youtube.com/watch?v=fBJNGsv6_dI\n很喜歡這首弘中的RAP，歌詞我也很喜歡\n別忘了 we can do everything！\n\n🎵 ATEEZ - STAY (MV for ATINY)\n https://www.bilibili.com/video/av67461067 \n\n🎵 PROMIS\nhttps://www.youtube.com/watch?v=ukbr7xyPoRQ\n\n🎵 LIGHT\nhttps://www.youtube.com/watch?v=S5iE3eRG7Ec\n\n🎵 ILLUSION\nhttps://www.youtube.com/watch?v=i_HzsHss94E\n\n🎵UTOPIA\nhttps://www.youtube.com/watch?v=e_Lz7JV8WMA\n日版\nhttps://www.youtube.com/watch?v=ZLQm-8Z6C8M\n\n🎵DANCING LIKE BUTTERFLY WINGS\nhttps://www.youtube.com/watch?v=hINGfmb8wMk\n和粉絲們一起完成的MV！\n\n🎵 AURORA (弘中參與作曲)\nhttps://www.youtube.com/watch?v=xqtdxL_ZmuE\n日版\nhttps://www.youtube.com/watch?v=7wcM9Eq3UbI\n\n🎵IF WITHOUT YOU\nhttps://youtu.be/z7FeUTD9818\n\n🎵 THANK U\nhttps://www.youtube.com/watch?v=cfRudDyc5UI\n\n🎵 SUNRISE (弘中參與作曲)\nhttps://www.youtube.com/watch?v=ik-MgtpLNOo\n\n🎵 DAZZLING LIGHT\n https://www.youtube.com/watch?v=E3uvWWlXMlY\n\n🎵 MIST\nhttps://www.youtube.com/watch?v=gCjfC0lTSmk\n\n🎵 HORIZON (弘中參與作曲)\nhttps://www.youtube.com/watch?v=TxHqdrruLb4\n這首的曲風我覺得很酷><  舞台也很讚！\nhttps://youtu.be/dJl8tbVmxK8\n\n🎵 PRECIOUS\nhttps://www.youtube.com/watch?v=YwdsXyr8HVQ\n\n還有出道前由成員們創作詞曲的FROM\nhttps://www.youtube.com/watch?v=F-89J5Qu3r0\n中字\nhttps://www.bilibili.com/video/av38591256?from=search&seid=5332768476935321170 \n\n梯子的歌我覺得無論是旋律還是編曲都很入我心，能夠黑暗華麗又能夠活潑清新，彼此的角色和分部也會互換，讓歌曲跟多元豐富有層次，真的很棒啊～～\n\n最後要感謝耐心看到這邊的人\n真的覺得很開心認識了這團，\n沒有因為當年的不識貨而繼續錯過下去XDD\n梯子們在亞洲市場的知名度還有很大的進步空間，在台灣也是>< \n不過看到很多跟我一樣因為他們的舞台和實力而入坑的新梯尼出現真的很開心\n據說孩子們也從出道首日專輯只賣400張進步到首週有6萬多張了，MV觀看也一次比一次進步，真的很棒啊QWQ\n希望孩子們的舞台和作品可以有更多人看見和聽見啊～～！！\n\n那就不管還有沒有人想看，我就下一篇再來講講看了他們團綜和對他們個人的感覺吧嘿嘿🙈🙈\n大家掰掰～😺\n\nhttp://i.imgur.com/XaSeb94.jpg\nhttp://i.imgur.com/rrFyoK9.jpg\n(超愛背影照！！\n\n《團綜成員篇》\nhttps://www.dcard.tw/f/entertainer/p/232983541","excerpt":"全部打完發現超級落落長，所以決定分成舞台歌曲篇和綜藝個人篇 （也不知道有沒有人要看嗚嗚），入坑當梯尼其實快一個月而已，但真的很喜歡這八個小朋友（真的是小朋友...連大哥都比我小三歲我好難過），想讓更多","anonymousSchool":false,"anonymousDepartment":true,"pinned":false,"forumId":"14f573f5-3f02-4821-8e18-f561d7b7db91","replyId":null,"createdAt":"2020-01-29T08:43:20.321Z","updatedAt":"2020-01-30T09:53:53.919Z","commentCount":33,"likeCount":87,"tags":[],"topics":["ATEEZ","入坑","韓星","心得","安利"],"supportedReactions":null,"withNickname":false,"reportReason":"","hiddenByAuthor":false,"meta":{"layout":"classic"},"forumName":"追星","forumAlias":"entertainer","school":"國立東華大學","replyTitle":null,"gender":"F","personaSubscriptable":true,"reactions":[{"id":"286f599c-f86a-4932-82f0-f5a06f1eca03","count":87}],"hidden":false,"customStyle":null,"isSuspiciousAccount":false,"layout":"classic","withImages":true,"withVideos":false,"media":[{"url":"http://i.imgur.com/81ydfQk.jpg"},{"url":"http://i.imgur.com/XaSeb94.jpg"},{"url":"http://i.imgur.com/rrFyoK9.jpg"}],"reportReasonText":"","mediaMeta":[{"id":"e572c12a-8df9-4f1c-bd0c-96b469461942","url":"https://i.imgur.com/81ydfQkl.jpg","normalizedUrl":"https://i.imgur.com/81ydfQkl.jpg","thumbnail":"https://i.imgur.com/81ydfQkl.jpg","type":"image/thumbnail","tags":["ANNOTATED"],"createdAt":"2020-01-29T15:25:07.482Z","updatedAt":"2020-01-30T09:53:53.919Z"},{"id":"e572c12a-8df9-4f1c-bd0c-96b469461942","url":"http://i.imgur.com/81ydfQk.jpg","normalizedUrl":"https://imgur.com/81ydfQk","thumbnail":"https://i.imgur.com/81ydfQkl.jpg","type":"image/imgur","tags":["ANNOTATED"],"createdAt":"2020-01-29T15:25:07.482Z","updatedAt":"2020-01-30T09:53:53.919Z"},{"id":"d5663dfa-90d2-4657-8623-df3ffb891a3b","url":"https://www.youtube.com/watch?v=RqJ1rH9M5G0","normalizedUrl":"https://www.youtube.com/watch?v=RqJ1rH9M5G0","thumbnail":"https://img.youtube.com/vi/RqJ1rH9M5G0/hqdefault.jpg","type":"video/youtube","tags":["ANNOTATED"],"createdAt":"2020-01-29T08:43:20.321Z","updatedAt":"2020-01-30T09:53:53.919Z"},{"id":"45e10a40-2285-4a5c-9568-567adb4e4582","url":"https://www.youtube.com/watch?v=tLV83ndOwz4","normalizedUrl":"https://www.youtube.com/watch?v=tLV83ndOwz4","thumbnail":"https://img.youtube.com/vi/tLV83ndOwz4/hqdefault.jpg","type":"video/youtube","tags":["ANNOTATED"],"createdAt":"2020-01-29T08:43:20.321Z","updatedAt":"2020-01-30T09:53:53.919Z"},{"id":"ae9e8a66-5eef-48e7-9248-49181cfc801d","url":"https://www.youtube.com/watch?v=dTT3MRODUsA","normalizedUrl":"https://www.youtube.com/watch?v=dTT3MRODUsA","thumbnail":"https://img.youtube.com/vi/dTT3MRODUsA/hqdefault.jpg","type":"video/youtube","tags":["ANNOTATED"],"createdAt":"2020-01-29T08:43:20.321Z","updatedAt":"2020-01-30T09:53:53.919Z"},{"id":"32389b17-bc73-41cb-a324-91f13616aea8","url":"https://www.youtube.com/watch?v=KAXWhITwJp8","normalizedUrl":"https://www.youtube.com/watch?v=KAXWhITwJp8","thumbnail":"https://img.youtube.com/vi/KAXWhITwJp8/hqdefault.jpg","type":"video/youtube","tags":["ANNOTATED"],"createdAt":"2020-01-29T08:43:20.321Z","updatedAt":"2020-01-30T09:53:53.919Z"},{"id":"0750105e-bbc2-45e9-997b-8c558656fff8","url":"https://www.youtube.com/watch?v=Ky8rrqmmijM","normalizedUrl":"https://www.youtube.com/watch?v=Ky8rrqmmijM","thumbnail":"https://img.youtube.com/vi/Ky8rrqmmijM/hqdefault.jpg","type":"video/youtube","tags":["ANNOTATED"],"createdAt":"2020-01-29T15:46:35.278Z","updatedAt":"2020-01-30T09:53:53.919Z"},{"id":"35762f29-b468-40ea-bfa0-6db55e36ae2b","url":"https://www.youtube.com/watch?v=1gQ_-Jp5o7o","normalizedUrl":"https://www.youtube.com/watch?v=1gQ_-Jp5o7o","thumbnail":"https://img.youtube.com/vi/1gQ_-Jp5o7o/hqdefault.jpg","type":"video/youtube","tags":["ANNOTATED"],"createdAt":"2020-01-29T08:43:20.321Z","updatedAt":"2020-01-30T09:53:53.919Z"},{"id":"94afce0d-1657-4166-98fa-6f9bf05af733","url":"https://www.youtube.com/watch?v=rbYDPj609u8","normalizedUrl":"https://www.youtube.com/watch?v=rbYDPj609u8","thumbnail":"https://img.youtube.com/vi/rbYDPj609u8/hqdefault.jpg","type":"video/youtube","tags":["ANNOTATED"],"createdAt":"2020-01-29T08:43:20.321Z","updatedAt":"2020-01-30T09:53:53.919Z"},{"id":"2e23db27-8ff4-4928-8101-83e5d5319b0c","url":"https://www.youtube.com/watch?v=QbjmVyP9RFg","normalizedUrl":"https://www.youtube.com/watch?v=QbjmVyP9RFg","thumbnail":"https://img.youtube.com/vi/QbjmVyP9RFg/hqdefault.jpg","type":"video/youtube","tags":["ANNOTATED"],"createdAt":"2020-01-29T08:43:20.321Z","updatedAt":"2020-01-30T09:53:53.919Z"},{"id":"5f10641f-c599-41d5-b932-d5c59022a215","url":"https://www.youtube.com/watch?v=Z_BhMhZpAug","normalizedUrl":"https://www.youtube.com/watch?v=Z_BhMhZpAug","thumbnail":"https://img.youtube.com/vi/Z_BhMhZpAug/hqdefault.jpg","type":"video/youtube","tags":["ANNOTATED"],"createdAt":"2020-01-29T08:43:20.321Z","updatedAt":"2020-01-30T09:53:53.919Z"},{"id":"4de8cd50-da66-47a7-a171-b30303a31fce","url":"https://www.youtube.com/watch?v=FIInyEWWW-s","normalizedUrl":"https://www.youtube.com/watch?v=FIInyEWWW-s","thumbnail":"https://img.youtube.com/vi/FIInyEWWW-s/hqdefault.jpg","type":"video/youtube","tags":["ANNOTATED"],"createdAt":"2020-01-29T08:43:20.321Z","updatedAt":"2020-01-30T09:53:53.919Z"},{"id":"21938f00-6165-4335-b211-b6ccd758d3bb","url":"https://www.youtube.com/watch?v=XDwqdOJ8QOk","normalizedUrl":"https://www.youtube.com/watch?v=XDwqdOJ8QOk","thumbnail":"https://img.youtube.com/vi/XDwqdOJ8QOk/hqdefault.jpg","type":"video/youtube","tags":["ANNOTATED"],"createdAt":"2020-01-29T08:43:20.321Z","updatedAt":"2020-01-30T09:53:53.919Z"},{"id":"ed740ca9-ad64-4552-8cfa-c0cc2834885e","url":"https://www.youtube.com/watch?v=FEYfyLAXK1w","normalizedUrl":"https://www.youtube.com/watch?v=FEYfyLAXK1w","thumbnail":"https://img.youtube.com/vi/FEYfyLAXK1w/hqdefault.jpg","type":"video/youtube","tags":["ANNOTATED"],"createdAt":"2020-01-29T08:43:20.321Z","updatedAt":"2020-01-30T09:53:53.919Z"},{"id":"bf211c8d-ebe7-4114-96ef-bc98aec2be48","url":"https://www.youtube.com/watch?v=0R6tRuVFVrQ","normalizedUrl":"https://www.youtube.com/watch?v=0R6tRuVFVrQ","thumbnail":"https://img.youtube.com/vi/0R6tRuVFVrQ/hqdefault.jpg","type":"video/youtube","tags":["ANNOTATED"],"createdAt":"2020-01-29T08:43:20.321Z","updatedAt":"2020-01-30T09:53:53.919Z"},{"id":"bfb3b864-6c3a-49b9-9f4c-d956f6565f89","url":"https://www.youtube.com/watch?v=N1BlgUFLLBQ","normalizedUrl":"https://www.youtube.com/watch?v=N1BlgUFLLBQ","thumbnail":"https://img.youtube.com/vi/N1BlgUFLLBQ/hqdefault.jpg","type":"video/youtube","tags":["ANNOTATED"],"createdAt":"2020-01-29T08:43:20.321Z","updatedAt":"2020-01-30T09:53:53.919Z"},{"id":"c4eedb9a-9940-477c-9163-837068b2e8c0","url":"https://www.youtube.com/watch?v=92E2WMiw6DU","normalizedUrl":"https://www.youtube.com/watch?v=92E2WMiw6DU","thumbnail":"https://img.youtube.com/vi/92E2WMiw6DU/hqdefault.jpg","type":"video/youtube","tags":["ANNOTATED"],"createdAt":"2020-01-29T08:43:20.321Z","updatedAt":"2020-01-30T09:53:53.919Z"},{"id":"8ee9aa40-4839-4645-af8a-fb4a0c865acd","url":"https://www.youtube.com/watch?v=I5N6NHeH-J0","normalizedUrl":"https://www.youtube.com/watch?v=I5N6NHeH-J0","thumbnail":"https://img.youtube.com/vi/I5N6NHeH-J0/hqdefault.jpg","type":"video/youtube","tags":["ANNOTATED"],"createdAt":"2020-01-29T08:43:20.321Z","updatedAt":"2020-01-30T09:53:53.919Z"},{"id":"ddb57d34-d459-40c6-8f69-d9d2d4b04d98","url":"https://www.youtube.com/watch?v=AFP6QLw0ClY","normalizedUrl":"https://www.youtube.com/watch?v=AFP6QLw0ClY","thumbnail":"https://img.youtube.com/vi/AFP6QLw0ClY/hqdefault.jpg","type":"video/youtube","tags":["ANNOTATED"],"createdAt":"2020-01-29T08:43:20.321Z","updatedAt":"2020-01-30T09:53:53.919Z"},{"id":"55219c89-6628-4516-9d70-c1d47acaa263","url":"https://www.youtube.com/watch?v=5A9EMLrURS8","normalizedUrl":"https://www.youtube.com/watch?v=5A9EMLrURS8","thumbnail":"https://img.youtube.com/vi/5A9EMLrURS8/hqdefault.jpg","type":"video/youtube","tags":["ANNOTATED"],"createdAt":"2020-01-29T15:25:07.482Z","updatedAt":"2020-01-30T09:53:53.919Z"},{"id":"2d16ea39-9c44-4093-9caf-a6e8931dbad3","url":"https://www.youtube.com/watch?v=qLzCEQSheJc","normalizedUrl":"https://www.youtube.com/watch?v=qLzCEQSheJc","thumbnail":"https://img.youtube.com/vi/qLzCEQSheJc/hqdefault.jpg","type":"video/youtube","tags":["ANNOTATED"],"createdAt":"2020-01-29T08:43:20.321Z","updatedAt":"2020-01-30T09:53:53.919Z"},{"id":"80706f42-5761-49ac-b912-fdd7c2717771","url":"https://www.youtube.com/watch?v=fBJNGsv6_dI","normalizedUrl":"https://www.youtube.com/watch?v=fBJNGsv6_dI","thumbnail":"https://img.youtube.com/vi/fBJNGsv6_dI/hqdefault.jpg","type":"video/youtube","tags":["ANNOTATED"],"createdAt":"2020-01-29T08:43:20.321Z","updatedAt":"2020-01-30T09:53:53.919Z"},{"id":"4f6f49b2-04e7-4fe6-9a32-f91b6c3d6237","url":"https://www.youtube.com/watch?v=ukbr7xyPoRQ","normalizedUrl":"https://www.youtube.com/watch?v=ukbr7xyPoRQ","thumbnail":"https://img.youtube.com/vi/ukbr7xyPoRQ/hqdefault.jpg","type":"video/youtube","tags":["ANNOTATED"],"createdAt":"2020-01-29T08:43:20.321Z","updatedAt":"2020-01-30T09:53:53.919Z"},{"id":"e3872a8b-2d26-4ae3-985a-c575f89443c6","url":"https://www.youtube.com/watch?v=S5iE3eRG7Ec","normalizedUrl":"https://www.youtube.com/watch?v=S5iE3eRG7Ec","thumbnail":"https://img.youtube.com/vi/S5iE3eRG7Ec/hqdefault.jpg","type":"video/youtube","tags":["ANNOTATED"],"createdAt":"2020-01-30T09:49:44.343Z","updatedAt":"2020-01-30T09:53:53.919Z"},{"id":"41dfb201-b588-4dcf-916a-cfeb9f2fac50","url":"https://www.youtube.com/watch?v=i_HzsHss94E","normalizedUrl":"https://www.youtube.com/watch?v=i_HzsHss94E","thumbnail":"https://img.youtube.com/vi/i_HzsHss94E/hqdefault.jpg","type":"video/youtube","tags":["ANNOTATED"],"createdAt":"2020-01-29T08:43:20.321Z","updatedAt":"2020-01-30T09:53:53.919Z"},{"id":"be1dfce5-9f00-4b6e-a9fe-5de2ee1b7371","url":"https://www.youtube.com/watch?v=e_Lz7JV8WMA","normalizedUrl":"https://www.youtube.com/watch?v=e_Lz7JV8WMA","thumbnail":"https://img.youtube.com/vi/e_Lz7JV8WMA/hqdefault.jpg","type":"video/youtube","tags":["ANNOTATED"],"createdAt":"2020-01-29T08:43:20.321Z","updatedAt":"2020-01-30T09:53:53.919Z"},{"id":"1d32fead-7f5c-43fb-aa9b-b00af781a67c","url":"https://www.youtube.com/watch?v=ZLQm-8Z6C8M","normalizedUrl":"https://www.youtube.com/watch?v=ZLQm-8Z6C8M","thumbnail":"https://img.youtube.com/vi/ZLQm-8Z6C8M/hqdefault.jpg","type":"video/youtube","tags":["ANNOTATED"],"createdAt":"2020-01-29T08:43:20.321Z","updatedAt":"2020-01-30T09:53:53.919Z"},{"id":"74f79ff3-a335-473c-9788-c531eca25840","url":"https://www.youtube.com/watch?v=hINGfmb8wMk","normalizedUrl":"https://www.youtube.com/watch?v=hINGfmb8wMk","thumbnail":"https://img.youtube.com/vi/hINGfmb8wMk/hqdefault.jpg","type":"video/youtube","tags":["ANNOTATED"],"createdAt":"2020-01-29T08:43:20.321Z","updatedAt":"2020-01-30T09:53:53.919Z"},{"id":"3de3364f-604b-4df9-b780-026a51d6bf74","url":"https://www.youtube.com/watch?v=xqtdxL_ZmuE","normalizedUrl":"https://www.youtube.com/watch?v=xqtdxL_ZmuE","thumbnail":"https://img.youtube.com/vi/xqtdxL_ZmuE/hqdefault.jpg","type":"video/youtube","tags":["ANNOTATED"],"createdAt":"2020-01-29T08:43:20.321Z","updatedAt":"2020-01-30T09:53:53.919Z"},{"id":"8f660845-3d41-41e9-92af-02364d5be107","url":"https://www.youtube.com/watch?v=7wcM9Eq3UbI","normalizedUrl":"https://www.youtube.com/watch?v=7wcM9Eq3UbI","thumbnail":"https://img.youtube.com/vi/7wcM9Eq3UbI/hqdefault.jpg","type":"video/youtube","tags":["ANNOTATED"],"createdAt":"2020-01-29T08:43:20.321Z","updatedAt":"2020-01-30T09:53:53.919Z"},{"id":"5a0f7e75-fd4c-4f51-8695-08deda63afb6","url":"https://youtu.be/z7FeUTD9818","normalizedUrl":"https://www.youtube.com/watch?v=z7FeUTD9818","thumbnail":"https://img.youtube.com/vi/z7FeUTD9818/hqdefault.jpg","type":"video/youtube","tags":["ANNOTATED"],"createdAt":"2020-01-29T13:13:55.010Z","updatedAt":"2020-01-30T09:53:53.919Z"},{"id":"6316acea-ffb2-4e01-87d2-a5e7f47372fe","url":"https://www.youtube.com/watch?v=cfRudDyc5UI","normalizedUrl":"https://www.youtube.com/watch?v=cfRudDyc5UI","thumbnail":"https://img.youtube.com/vi/cfRudDyc5UI/hqdefault.jpg","type":"video/youtube","tags":["ANNOTATED"],"createdAt":"2020-01-29T08:43:20.321Z","updatedAt":"2020-01-30T09:53:53.919Z"},{"id":"775e07fa-795d-4334-aa70-f5ba44e41f09","url":"https://www.youtube.com/watch?v=ik-MgtpLNOo","normalizedUrl":"https://www.youtube.com/watch?v=ik-MgtpLNOo","thumbnail":"https://img.youtube.com/vi/ik-MgtpLNOo/hqdefault.jpg","type":"video/youtube","tags":["ANNOTATED"],"createdAt":"2020-01-30T09:49:44.343Z","updatedAt":"2020-01-30T09:53:53.919Z"},{"id":"0c58cb1f-cd6b-4ccb-8b7e-66c3e90fccb3","url":"https://www.youtube.com/watch?v=E3uvWWlXMlY","normalizedUrl":"https://www.youtube.com/watch?v=E3uvWWlXMlY","thumbnail":"https://img.youtube.com/vi/E3uvWWlXMlY/hqdefault.jpg","type":"video/youtube","tags":["ANNOTATED"],"createdAt":"2020-01-30T09:49:44.343Z","updatedAt":"2020-01-30T09:53:53.919Z"},{"id":"8d0abc5a-aa04-472a-aa4d-693967e1e772","url":"https://www.youtube.com/watch?v=gCjfC0lTSmk","normalizedUrl":"https://www.youtube.com/watch?v=gCjfC0lTSmk","thumbnail":"https://img.youtube.com/vi/gCjfC0lTSmk/hqdefault.jpg","type":"video/youtube","tags":["ANNOTATED"],"createdAt":"2020-01-30T09:49:44.343Z","updatedAt":"2020-01-30T09:53:53.919Z"},{"id":"795037d9-1664-4616-a86c-e82e87672eca","url":"https://www.youtube.com/watch?v=TxHqdrruLb4","normalizedUrl":"https://www.youtube.com/watch?v=TxHqdrruLb4","thumbnail":"https://img.youtube.com/vi/TxHqdrruLb4/hqdefault.jpg","type":"video/youtube","tags":["ANNOTATED"],"createdAt":"2020-01-29T08:43:20.321Z","updatedAt":"2020-01-30T09:53:53.919Z"},{"id":"ca47c738-beb5-4a97-87aa-a51f68b15c58","url":"https://youtu.be/dJl8tbVmxK8","normalizedUrl":"https://www.youtube.com/watch?v=dJl8tbVmxK8","thumbnail":"https://img.youtube.com/vi/dJl8tbVmxK8/hqdefault.jpg","type":"video/youtube","tags":["ANNOTATED"],"createdAt":"2020-01-29T08:43:20.321Z","updatedAt":"2020-01-30T09:53:53.919Z"},{"id":"40dd32a5-d640-4e84-9389-48e949c4b032","url":"https://www.youtube.com/watch?v=YwdsXyr8HVQ","normalizedUrl":"https://www.youtube.com/watch?v=YwdsXyr8HVQ","thumbnail":"https://img.youtube.com/vi/YwdsXyr8HVQ/hqdefault.jpg","type":"video/youtube","tags":["ANNOTATED"],"createdAt":"2020-01-29T08:43:20.321Z","updatedAt":"2020-01-30T09:53:53.919Z"},{"id":"c6ff2531-b5ee-4137-82b2-2aa0383060cd","url":"https://www.youtube.com/watch?v=F-89J5Qu3r0","normalizedUrl":"https://www.youtube.com/watch?v=F-89J5Qu3r0","thumbnail":"https://img.youtube.com/vi/F-89J5Qu3r0/hqdefault.jpg","type":"video/youtube","tags":["ANNOTATED"],"createdAt":"2020-01-29T08:43:20.321Z","updatedAt":"2020-01-30T09:53:53.919Z"},{"id":"b0764580-2c40-4f8b-9bad-de7769ae9cb2","url":"http://i.imgur.com/XaSeb94.jpg","normalizedUrl":"https://imgur.com/XaSeb94","thumbnail":"https://i.imgur.com/XaSeb94l.jpg","type":"image/imgur","tags":["ANNOTATED"],"createdAt":"2020-01-29T15:25:07.482Z","updatedAt":"2020-01-30T09:53:53.919Z"},{"id":"eccfdec1-ec23-4eb1-abf0-9f89f833d77b","url":"http://i.imgur.com/rrFyoK9.jpg","normalizedUrl":"https://imgur.com/rrFyoK9","thumbnail":"https://i.imgur.com/rrFyoK9l.jpg","type":"image/imgur","tags":["ANNOTATED"],"createdAt":"2020-01-29T15:25:07.482Z","updatedAt":"2020-01-30T09:53:53.919Z"}],"postAvatar":""}