{"id":232956226,"title":"個人完全不看選秀節目的原因","content":"先說優點，選秀節目的確對某些人來說有它存在的必要，例如許多小公司出道多年卻一直默默無聞的愛豆，雖然競爭依然很激烈，但總是一個闖出知名度的機會，總比原地坐以待斃要強，也同時讓收看者知道「原來還有這麼些個未被挖掘的璞玉」。\n\n然而，在最近接二連三的做票事件爆發之前，其實我早已心知肚明，所謂「國民製作人」只是個噱頭罷了—— 一百多個練習生，集數時長就這些，哪能每個人都給到鏡頭呢？唯一的辦法不就只能是，先決定好要給誰鏡頭，然後再讓收看者從這些「X選之人」中pick 自己鍾意的練習生嗎？（至於挑選的方法也就是永遠的羅生門了。）那麼最後的結果，怎麼能被稱為節目標榜的「從101個練習生當中，自己當國民製作人，擇選自己喜歡的愛豆出道」呢？ 個人認為這樣的宣稱，從一開始就好像一個幌子，身為收看者思及此，便會產生一種被欺騙的感覺，這是我不收看選秀節目的原因其一。\n\n其二，個人要真情實感喜歡上一個愛豆是件不太容易的事，其實有點無法想像這麼多的人，可以因為那短短幾秒的鏡頭還有少量的舞台就能入坑。當然每個人想法不同，我個人是需要觀察比較久，例如看蠻多綜藝訪談才能喜歡的類型，光是顏值和舞台魅力沒有辦法讓我那麼真情實感～\n\n其三，又說到鏡頭剪輯的部分，選秀節目畢竟是「節目」，多少還是得要兼顧討論度和趣味性；那麼，是不是有些練習生，只是因為沒有做出「有趣」甚至是「譁眾取寵」的行為便被剪輯掉而沒有鏡頭，進而讓收看者評判該名練習生好壞與否的機會也沒有了呢？說不定被剪輯掉的練習生一點都不比有鏡頭的練習生差，只是可能不夠有趣而沒有鏡頭，思及此就覺得有些可惜呢～\n\n最後，我認為，一個理想配置的團體應該是要有能打的主唱和舞蹈擔當，門面我認為倒是其次，因為審美挺主觀的，假如投出的票都是如實反應在最後結果上（以尚未爆出造假前，大眾合理的推論為前提），那麼，最後的結果就只是人氣排名，可能對於團體的人員配置就會有欠缺考慮之虞——例如：沒有特別能打的主唱，能駕馭的歌曲就有限⋯之類的問題。\n\n綜上四點是我不看選秀節目而只追公司直接推出的團體的原因，至少公司是直接內部定好了人選，而後讓我選擇要不要喜歡，而不是承諾過我可以決定誰要出道，到頭來卻是⋯一場騙局。\n\n個人意見，歡迎討論。\n\n最後我想說，韓國偶像真的太多太多了，其實沒有誰不努力不優秀，沒辦法出逼實在是市場過度飽和還有運氣的問題。","excerpt":"先說優點，選秀節目的確對某些人來說有它存在的必要，例如許多小公司出道多年卻一直默默無聞的愛豆，雖然競爭依然很激烈，但總是一個闖出知名度的機會，總比原地坐以待斃要強，也同時讓收看者知道「原來還有這麼些個","anonymousSchool":false,"anonymousDepartment":true,"pinned":false,"forumId":"14f573f5-3f02-4821-8e18-f561d7b7db91","replyId":null,"createdAt":"2020-01-25T13:28:46.268Z","updatedAt":"2020-01-25T13:28:46.268Z","commentCount":14,"likeCount":51,"tags":["HIDE_THUMBNAIL"],"topics":["選秀節目"],"supportedReactions":null,"withNickname":false,"reportReason":"","hiddenByAuthor":false,"meta":{"layout":"classic"},"forumName":"追星","forumAlias":"entertainer","school":"國立臺北教育大學","replyTitle":null,"gender":"F","personaSubscriptable":true,"reactions":[{"id":"286f599c-f86a-4932-82f0-f5a06f1eca03","count":51}],"hidden":false,"customStyle":null,"isSuspiciousAccount":false,"layout":"classic","withImages":false,"withVideos":false,"media":[],"reportReasonText":"","mediaMeta":[],"postAvatar":""}