{"id":232976867,"title":"巧遇YouTuber","content":"不對不對，應該是遇到歌手了！\n去年九月底開啟我的留學生活，其實也不是上什麼了不起的大學，只是剛好趁著剛畢業好好增進自己，去上了洛杉磯的語言學校，剛好可以把我的爛英文修理一下😅😅😅，目前我來了四個月我的英文還是因為看到喜歡的人而忘記怎麼說了😭\n沒錯我遇到唱歌很好聽的ABC-Jason Chen 擁有台灣血統和國籍的他也算是台灣之光❤️\n好啦廢話不多說，給你們看看他還有很正的女朋友吧！！\nhttps://i.imgur.com/1drTjF1.jpg\n\n我因為太興奮突然忘記拍照怎麼說了......\n想了解語言學校的細節可以在底下留言呦！\n.\n.\n.\n.\n.\n.\n.\n.\n.\n.\n.\n.\n謝謝大家的耐心閱讀😊","excerpt":"不對不對，應該是遇到歌手了！，去年九月底開啟我的留學生活，其實也不是上什麼了不起的大學，只是剛好趁著剛畢業好好增進自己，去上了洛杉磯的語言學校，剛好可以把我的爛英文修理一下，目前我來了四個月我的英文還","anonymousSchool":false,"anonymousDepartment":true,"pinned":false,"forumId":"14f573f5-3f02-4821-8e18-f561d7b7db91","replyId":null,"createdAt":"2020-01-29T06:32:17.240Z","updatedAt":"2020-01-29T06:32:17.240Z","commentCount":37,"likeCount":1561,"tags":[],"topics":["YouTuber","巧遇","JasonChen","Singer"],"supportedReactions":null,"withNickname":false,"reportReason":"","hiddenByAuthor":false,"meta":{"layout":"classic"},"forumName":"追星","forumAlias":"entertainer","school":"吳鳳科技大學","replyTitle":null,"gender":"F","personaSubscriptable":null,"reactions":[{"id":"286f599c-f86a-4932-82f0-f5a06f1eca03","count":1549},{"id":"4b018f48-e184-445f-adf1-fc8e04ba09b9","count":7},{"id":"e8e6bc5d-41b0-4129-b134-97507523d7ff","count":5}],"hidden":false,"customStyle":null,"isSuspiciousAccount":false,"layout":"classic","withImages":true,"withVideos":false,"media":[{"url":"https://i.imgur.com/1drTjF1.jpg"}],"reportReasonText":"","mediaMeta":[{"id":"e4e826f2-9d4b-47f4-a09c-90ff49fd2a94","url":"https://i.imgur.com/1drTjF1l.jpg","normalizedUrl":"https://i.imgur.com/1drTjF1l.jpg","thumbnail":"https://i.imgur.com/1drTjF1l.jpg","type":"image/thumbnail","tags":["ANNOTATED"],"createdAt":"2020-01-29T06:32:17.240Z","updatedAt":"2020-01-29T06:32:17.240Z"},{"id":"e4e826f2-9d4b-47f4-a09c-90ff49fd2a94","url":"https://i.imgur.com/1drTjF1.jpg","normalizedUrl":"https://imgur.com/1drTjF1","thumbnail":"https://i.imgur.com/1drTjF1l.jpg","type":"image/imgur","tags":["ANNOTATED"],"createdAt":"2020-01-29T06:32:17.240Z","updatedAt":"2020-01-29T06:32:17.240Z"}],"postAvatar":""}