{"id":232949806,"title":"求iKON BOBBY MV拍攝國家","content":"今天意外滑到BOBBY\nLOVE AND FALL裡tendae這首歌\n整個愛上這種隨性風格😍\n但是吸引我另外一個點是MV取景的地方好美\n雖然看起來就是一條路\n但是有人知道是哪個國家嗎？謝謝！\n順便附上mv\nhttps://youtu.be/1P3bBpLDpWs","excerpt":"今天意外滑到BOBBY，LOVE AND FALL裡tendae這首歌，整個愛上這種隨性風格，但是吸引我另外一個點是MV取景的地方好美，雖然看起來就是一條路，但是有人知道是哪個國家嗎？謝謝！，順便附上","anonymousSchool":false,"anonymousDepartment":true,"pinned":false,"forumId":"14f573f5-3f02-4821-8e18-f561d7b7db91","replyId":null,"createdAt":"2020-01-24T08:35:30.565Z","updatedAt":"2020-01-25T02:57:18.706Z","commentCount":8,"likeCount":81,"tags":[],"topics":["韓星","iKON","Bobby"],"supportedReactions":null,"withNickname":false,"reportReason":"","hiddenByAuthor":false,"meta":{"layout":"classic"},"forumName":"追星","forumAlias":"entertainer","school":"輔英科技大學","replyTitle":null,"gender":"F","personaSubscriptable":false,"reactions":[{"id":"286f599c-f86a-4932-82f0-f5a06f1eca03","count":81}],"hidden":false,"customStyle":null,"isSuspiciousAccount":false,"layout":"classic","withImages":false,"withVideos":false,"media":[],"reportReasonText":"","mediaMeta":[{"id":"49439210-e323-4417-ac4f-d32f1890b4ec","url":"https://img.youtube.com/vi/1P3bBpLDpWs/hqdefault.jpg","normalizedUrl":"https://img.youtube.com/vi/1P3bBpLDpWs/hqdefault.jpg","thumbnail":"https://img.youtube.com/vi/1P3bBpLDpWs/hqdefault.jpg","type":"image/thumbnail","tags":["ANNOTATED"],"createdAt":"2020-01-24T08:35:30.565Z","updatedAt":"2020-01-25T02:57:18.706Z"},{"id":"49439210-e323-4417-ac4f-d32f1890b4ec","url":"https://youtu.be/1P3bBpLDpWs","normalizedUrl":"https://www.youtube.com/watch?v=1P3bBpLDpWs","thumbnail":"https://img.youtube.com/vi/1P3bBpLDpWs/hqdefault.jpg","type":"video/youtube","tags":["ANNOTATED"],"createdAt":"2020-01-24T08:35:30.565Z","updatedAt":"2020-01-25T02:57:18.706Z"}],"postAvatar":""}