{"id":232940182,"title":"（2更）台灣的國民MC？？🤣","content":"如題只是想知道大家內心所屬的國民MC是哪位？圖來源：google\n1.黃子佼\nhttps://i.imgur.com/NiHO7pn.jpg\n\n2.LULU\nhttps://i.imgur.com/RXlTERa.jpg\n以上是我覺得還不錯的！\n不知道大家想法是？😆\n################\n有些人也蠻喜歡曾國城的，像我媽就喜歡看他主持，而且他手上也有不少不錯的節目~\n3.曾國城\nhttps://i.imgur.com/RrFI5HZ.jpg\n################\n大家也都很喜歡小燕姐👍演藝圈的大姐大，我覺得她也很會提攜後輩~~好多藝人都是她帶出來的\n4.小燕姐\nhttps://i.imgur.com/wqW9QYS.jpg","excerpt":"如題只是想知道大家內心所屬的國民MC是哪位？圖來源：google，1.黃子佼，2.LULU，以上是我覺得還不錯的！，不知道大家想法是？################，有些人也蠻喜歡曾國城的，像我媽就","anonymousSchool":false,"anonymousDepartment":true,"pinned":false,"forumId":"14f573f5-3f02-4821-8e18-f561d7b7db91","replyId":null,"createdAt":"2020-01-22T15:56:59.896Z","updatedAt":"2020-01-24T05:25:50.361Z","commentCount":79,"likeCount":363,"tags":[],"topics":["國民MC"],"supportedReactions":null,"withNickname":false,"reportReason":"","hiddenByAuthor":false,"meta":{"layout":"classic"},"forumName":"追星","forumAlias":"entertainer","school":"元培醫事科技大學","replyTitle":null,"gender":"F","personaSubscriptable":false,"reactions":[{"id":"286f599c-f86a-4932-82f0-f5a06f1eca03","count":363}],"hidden":false,"customStyle":null,"isSuspiciousAccount":false,"layout":"classic","withImages":true,"withVideos":false,"media":[{"url":"https://i.imgur.com/NiHO7pn.jpg"},{"url":"https://i.imgur.com/RXlTERa.jpg"},{"url":"https://i.imgur.com/RrFI5HZ.jpg"},{"url":"https://i.imgur.com/wqW9QYS.jpg"}],"reportReasonText":"","mediaMeta":[{"id":"987ebfbd-4372-4abd-9b15-f55650f73111","url":"https://i.imgur.com/NiHO7pnl.jpg","normalizedUrl":"https://i.imgur.com/NiHO7pnl.jpg","thumbnail":"https://i.imgur.com/NiHO7pnl.jpg","type":"image/thumbnail","tags":["ANNOTATED"],"createdAt":"2020-01-22T15:56:59.896Z","updatedAt":"2020-01-24T05:25:50.361Z"},{"id":"987ebfbd-4372-4abd-9b15-f55650f73111","url":"https://i.imgur.com/NiHO7pn.jpg","normalizedUrl":"https://imgur.com/NiHO7pn","thumbnail":"https://i.imgur.com/NiHO7pnl.jpg","type":"image/imgur","tags":["ANNOTATED"],"createdAt":"2020-01-22T15:56:59.896Z","updatedAt":"2020-01-24T05:25:50.361Z"},{"id":"218dc57c-397b-46c1-8c41-fec30a96b212","url":"https://i.imgur.com/RXlTERa.jpg","normalizedUrl":"https://imgur.com/RXlTERa","thumbnail":"https://i.imgur.com/RXlTERal.jpg","type":"image/imgur","tags":["ANNOTATED"],"createdAt":"2020-01-22T15:56:59.896Z","updatedAt":"2020-01-24T05:25:50.361Z"},{"id":"7a3716c7-b189-4612-8b0e-de65d27f0dc4","url":"https://i.imgur.com/RrFI5HZ.jpg","normalizedUrl":"https://imgur.com/RrFI5HZ","thumbnail":"https://i.imgur.com/RrFI5HZl.jpg","type":"image/imgur","tags":["ANNOTATED"],"createdAt":"2020-01-22T17:32:56.373Z","updatedAt":"2020-01-24T05:25:50.361Z"},{"id":"afd5275d-7667-4b31-a17d-1c0d80d80308","url":"https://i.imgur.com/wqW9QYS.jpg","normalizedUrl":"https://imgur.com/wqW9QYS","thumbnail":"https://i.imgur.com/wqW9QYSl.jpg","type":"image/imgur","tags":["ANNOTATED"],"createdAt":"2020-01-24T04:41:08.834Z","updatedAt":"2020-01-24T05:25:50.361Z"}],"postAvatar":""}