{"id":232938403,"title":"眼睛裡有星辰大海的寶藏男孩💎—SF9 路雲✨","content":"來安利一下我們SF9的路雲🎉🎉\n因為偶然發現的一天注意到了這個寶藏男孩，\n是身為男愛豆絕緣體的我(#)難得深深飯上的一個人XD\n所以想跟大家分享，讓更多人也跌入路雲這個大坑底（#\n準備好了嗎？那就開始囉~~~~\n-\n前言~~~~\n第一次發文+手機排版，\n才剛飯上幾個月而已，\n對團體也不太了解，\n如果有錯誤的地方還請各位Fantasy們指正~\n-\n標題會這麼下是因為看偶一天的花絮被他的眼睛剎到XD\nhttps://i.imgur.com/dEhjsPr.jpg\n\n再來上圖！！！\nhttps://i.imgur.com/20sHN1p.jpg\nhttps://i.imgur.com/TqQUtAM.jpg\nhttps://i.imgur.com/dQ6ZZal.jpg\nhttps://i.imgur.com/OjUpQEU.jpg\nhttps://i.imgur.com/mt9FAK8.jpg\nhttps://i.imgur.com/MGuC8hr.jpg\n藝名：路雲 로운 Ro Woon\n本名：金錫佑 김석우 Kim Seok Woo\n本名含義：努力成為能幫助所有人的存在💕\n生日：1996.08.07\n擔當：門面、領唱、Center\n\n真的很喜歡他的眼睛❤\nhttps://i.imgur.com/FFRuSof.jpg\nhttps://i.imgur.com/GcT1btg.jpg\nhttps://i.imgur.com/U3tfHoS.jpg\nhttps://i.imgur.com/HMXCfFt.jpg\n另外一個個人很喜歡的魅力point是笑起來就會變「ㅅ」形的嘴巴XD\nhttps://i.imgur.com/SZZkpIf.jpg\nhttps://i.imgur.com/2jIRQfV.jpg\n看完偶一天後，深深陷入這個大男孩的魅力XD\n身高192公分不得了的大長腿\nhttps://i.imgur.com/oFccdoT.jpg\n雖然手長腳長但舞蹈線條很好看❤\n📎新歌個人直拍\nhttps://youtu.be/rvVwe91bwBI\nhttps://youtu.be/KthsAArZsNE\nhttps://youtu.be/QNClJegK18g\n綜藝感真的很好XDDD\n📎B站 idol room 路雲cut片段\nhttp://www.bilibili.com/video/av82532233?share_medium=android&share_source=copy_link&bbid=XY019DF035611FD111B7553DA439ACD688138&ts=1579686930971\n鹽的路雲🥰\nhttps://i.imgur.com/9q4FsSV.jpg\nhttps://i.imgur.com/bJXnEZm.jpg\n甜的嗲咕💙\nhttps://i.imgur.com/UQUSkaG.jpg\nhttps://i.imgur.com/qGZSkpg.jpg\nhttps://i.imgur.com/z2mIO6P.jpg\n很有自信的時候ㅋㅋ\nhttps://i.imgur.com/sbSzpt6.jpg\nhttps://i.imgur.com/huk3hPr.jpg\n擁有帥氣的外表，但其實是個wink趴啵ㅋㅋㅋ\nhttps://i.imgur.com/Mp7NYBV.jpg\n雖然一開始是被這麼高的顏值吸引（#\n但更了解他後會發現他的品性也很好💛\n誠實、謙虛，能夠調節團內氣氛，也很照顧人~\n幫一起拍戲的夥伴拍背打氣❤\nhttps://i.imgur.com/0sgd7hX.jpg\n：「雖然SF9路雲和演員路雲不同，但能肯定的是在任何狀況下都會盡力而為。」\n2020年不管是歌手路雲還是金演員，\n都繼續大發吧！！❤\nhttps://i.imgur.com/w3c6HZL.jpg\nhttps://i.imgur.com/IurdkiK.jpg\n\n（圖片cr.logo、官推）\n-\n版上其他路雲的文\nhttps://www.dcard.tw/f/entertainer/p/230589042?cid=c1aa129a-4cc9-4565-ba92-1bb249ce49c6\n下台一鞠躬：）","excerpt":"來安利一下我們SF9的路雲，因為偶然發現的一天注意到了這個寶藏男孩，是身為男愛豆絕緣體的我（#）難得深深飯上的一個人XD，所以想跟大家分享，讓更多人也跌入路雲這個大坑底（#，準備好了嗎？那就開始囉~~","anonymousSchool":false,"anonymousDepartment":true,"pinned":false,"forumId":"14f573f5-3f02-4821-8e18-f561d7b7db91","replyId":null,"createdAt":"2020-01-22T11:10:55.166Z","updatedAt":"2020-01-23T02:08:49.478Z","commentCount":16,"likeCount":264,"tags":[],"topics":["安利","sf9","路雲","偶然發現的一天"],"supportedReactions":null,"withNickname":false,"reportReason":"","hiddenByAuthor":false,"meta":{"layout":"classic"},"forumName":"追星","forumAlias":"entertainer","school":"國立臺北商業大學","replyTitle":null,"gender":"F","personaSubscriptable":false,"reactions":[{"id":"286f599c-f86a-4932-82f0-f5a06f1eca03","count":264}],"hidden":false,"customStyle":null,"isSuspiciousAccount":false,"layout":"classic","withImages":true,"withVideos":false,"media":[{"url":"https://i.imgur.com/dEhjsPr.jpg"},{"url":"https://i.imgur.com/20sHN1p.jpg"},{"url":"https://i.imgur.com/TqQUtAM.jpg"},{"url":"https://i.imgur.com/dQ6ZZal.jpg"},{"url":"https://i.imgur.com/OjUpQEU.jpg"},{"url":"https://i.imgur.com/mt9FAK8.jpg"},{"url":"https://i.imgur.com/MGuC8hr.jpg"},{"url":"https://i.imgur.com/FFRuSof.jpg"},{"url":"https://i.imgur.com/GcT1btg.jpg"},{"url":"https://i.imgur.com/U3tfHoS.jpg"},{"url":"https://i.imgur.com/HMXCfFt.jpg"},{"url":"https://i.imgur.com/SZZkpIf.jpg"},{"url":"https://i.imgur.com/2jIRQfV.jpg"},{"url":"https://i.imgur.com/oFccdoT.jpg"},{"url":"https://i.imgur.com/9q4FsSV.jpg"},{"url":"https://i.imgur.com/bJXnEZm.jpg"},{"url":"https://i.imgur.com/UQUSkaG.jpg"},{"url":"https://i.imgur.com/qGZSkpg.jpg"},{"url":"https://i.imgur.com/z2mIO6P.jpg"},{"url":"https://i.imgur.com/sbSzpt6.jpg"},{"url":"https://i.imgur.com/huk3hPr.jpg"},{"url":"https://i.imgur.com/Mp7NYBV.jpg"},{"url":"https://i.imgur.com/0sgd7hX.jpg"},{"url":"https://i.imgur.com/w3c6HZL.jpg"},{"url":"https://i.imgur.com/IurdkiK.jpg"}],"reportReasonText":"","mediaMeta":[{"id":"20eeb27c-acf0-4c70-8d61-4be0d071e927","url":"https://i.imgur.com/dEhjsPrl.jpg","normalizedUrl":"https://i.imgur.com/dEhjsPrl.jpg","thumbnail":"https://i.imgur.com/dEhjsPrl.jpg","type":"image/thumbnail","tags":["ANNOTATED"],"createdAt":"2020-01-22T11:10:55.166Z","updatedAt":"2020-01-23T02:08:49.478Z"},{"id":"20eeb27c-acf0-4c70-8d61-4be0d071e927","url":"https://i.imgur.com/dEhjsPr.jpg","normalizedUrl":"https://imgur.com/dEhjsPr","thumbnail":"https://i.imgur.com/dEhjsPrl.jpg","type":"image/imgur","tags":["ANNOTATED"],"createdAt":"2020-01-22T11:10:55.166Z","updatedAt":"2020-01-23T02:08:49.478Z"},{"id":"a11ee287-ca44-43af-87c8-d946c47bdb4a","url":"https://i.imgur.com/20sHN1p.jpg","normalizedUrl":"https://imgur.com/20sHN1p","thumbnail":"https://i.imgur.com/20sHN1pl.jpg","type":"image/imgur","tags":["ANNOTATED"],"createdAt":"2020-01-22T11:10:55.166Z","updatedAt":"2020-01-23T02:08:49.478Z"},{"id":"e9fc209e-c84e-4bee-904c-5e998f157990","url":"https://i.imgur.com/TqQUtAM.jpg","normalizedUrl":"https://imgur.com/TqQUtAM","thumbnail":"https://i.imgur.com/TqQUtAMl.jpg","type":"image/imgur","tags":["ANNOTATED"],"createdAt":"2020-01-22T11:10:55.166Z","updatedAt":"2020-01-23T02:08:49.478Z"},{"id":"74e63adb-eaf5-48dd-9d47-d356830e030c","url":"https://i.imgur.com/dQ6ZZal.jpg","normalizedUrl":"https://imgur.com/dQ6ZZal","thumbnail":"https://i.imgur.com/dQ6ZZall.jpg","type":"image/imgur","tags":["ANNOTATED"],"createdAt":"2020-01-22T11:10:55.166Z","updatedAt":"2020-01-23T02:08:49.478Z"},{"id":"5d32579a-f9c7-4eb5-8e69-ad54ab69947a","url":"https://i.imgur.com/OjUpQEU.jpg","normalizedUrl":"https://imgur.com/OjUpQEU","thumbnail":"https://i.imgur.com/OjUpQEUl.jpg","type":"image/imgur","tags":["ANNOTATED"],"createdAt":"2020-01-22T11:10:55.166Z","updatedAt":"2020-01-23T02:08:49.478Z"},{"id":"4bde2e5c-d5b9-4bf6-b1a9-36a397e11d36","url":"https://i.imgur.com/mt9FAK8.jpg","normalizedUrl":"https://imgur.com/mt9FAK8","thumbnail":"https://i.imgur.com/mt9FAK8l.jpg","type":"image/imgur","tags":["ANNOTATED"],"createdAt":"2020-01-22T11:10:55.166Z","updatedAt":"2020-01-23T02:08:49.478Z"},{"id":"877d5f88-0e1e-4743-ad05-8f11c8453aed","url":"https://i.imgur.com/MGuC8hr.jpg","normalizedUrl":"https://imgur.com/MGuC8hr","thumbnail":"https://i.imgur.com/MGuC8hrl.jpg","type":"image/imgur","tags":["ANNOTATED"],"createdAt":"2020-01-22T11:10:55.166Z","updatedAt":"2020-01-23T02:08:49.478Z"},{"id":"2a01608b-d323-4b24-b1f7-b7c08faf5eac","url":"https://i.imgur.com/FFRuSof.jpg","normalizedUrl":"https://imgur.com/FFRuSof","thumbnail":"https://i.imgur.com/FFRuSofl.jpg","type":"image/imgur","tags":["ANNOTATED"],"createdAt":"2020-01-22T11:10:55.166Z","updatedAt":"2020-01-23T02:08:49.478Z"},{"id":"d433fb67-c38a-4bc6-8ade-9d6bdc074538","url":"https://i.imgur.com/GcT1btg.jpg","normalizedUrl":"https://imgur.com/GcT1btg","thumbnail":"https://i.imgur.com/GcT1btgl.jpg","type":"image/imgur","tags":["ANNOTATED"],"createdAt":"2020-01-22T11:10:55.166Z","updatedAt":"2020-01-23T02:08:49.478Z"},{"id":"22699a31-9fad-4b99-9597-d22e1ad26f71","url":"https://i.imgur.com/U3tfHoS.jpg","normalizedUrl":"https://imgur.com/U3tfHoS","thumbnail":"https://i.imgur.com/U3tfHoSl.jpg","type":"image/imgur","tags":["ANNOTATED"],"createdAt":"2020-01-22T11:10:55.166Z","updatedAt":"2020-01-23T02:08:49.478Z"},{"id":"d68f0b93-bcc9-4f0e-b35f-575f5c83c998","url":"https://i.imgur.com/HMXCfFt.jpg","normalizedUrl":"https://imgur.com/HMXCfFt","thumbnail":"https://i.imgur.com/HMXCfFtl.jpg","type":"image/imgur","tags":["ANNOTATED"],"createdAt":"2020-01-22T11:10:55.166Z","updatedAt":"2020-01-23T02:08:49.478Z"},{"id":"f8ec964c-e7ce-4299-a8dc-11f6d2eb3167","url":"https://i.imgur.com/SZZkpIf.jpg","normalizedUrl":"https://imgur.com/SZZkpIf","thumbnail":"https://i.imgur.com/SZZkpIfl.jpg","type":"image/imgur","tags":["ANNOTATED"],"createdAt":"2020-01-22T11:10:55.166Z","updatedAt":"2020-01-23T02:08:49.478Z"},{"id":"d48f3ac7-6fa2-4488-866a-beefad96a0f0","url":"https://i.imgur.com/2jIRQfV.jpg","normalizedUrl":"https://imgur.com/2jIRQfV","thumbnail":"https://i.imgur.com/2jIRQfVl.jpg","type":"image/imgur","tags":["ANNOTATED"],"createdAt":"2020-01-22T11:10:55.166Z","updatedAt":"2020-01-23T02:08:49.478Z"},{"id":"addb33dd-3f34-404d-a8da-d6ce62e532bc","url":"https://i.imgur.com/oFccdoT.jpg","normalizedUrl":"https://imgur.com/oFccdoT","thumbnail":"https://i.imgur.com/oFccdoTl.jpg","type":"image/imgur","tags":["ANNOTATED"],"createdAt":"2020-01-22T11:10:55.166Z","updatedAt":"2020-01-23T02:08:49.478Z"},{"id":"068cf475-93aa-4e60-8120-257d438fdd4a","url":"https://youtu.be/rvVwe91bwBI","normalizedUrl":"https://www.youtube.com/watch?v=rvVwe91bwBI","thumbnail":"https://img.youtube.com/vi/rvVwe91bwBI/hqdefault.jpg","type":"video/youtube","tags":["ANNOTATED"],"createdAt":"2020-01-22T11:10:55.166Z","updatedAt":"2020-01-23T02:08:49.478Z"},{"id":"8cbd4105-c1bd-43a6-afdc-3c405027efe0","url":"https://youtu.be/KthsAArZsNE","normalizedUrl":"https://www.youtube.com/watch?v=KthsAArZsNE","thumbnail":"https://img.youtube.com/vi/KthsAArZsNE/hqdefault.jpg","type":"video/youtube","tags":["ANNOTATED"],"createdAt":"2020-01-22T11:10:55.166Z","updatedAt":"2020-01-23T02:08:49.478Z"},{"id":"c8f14f04-5ce1-434f-acdc-dae2c48f362e","url":"https://youtu.be/QNClJegK18g","normalizedUrl":"https://www.youtube.com/watch?v=QNClJegK18g","thumbnail":"https://img.youtube.com/vi/QNClJegK18g/hqdefault.jpg","type":"video/youtube","tags":["ANNOTATED"],"createdAt":"2020-01-22T11:10:55.166Z","updatedAt":"2020-01-23T02:08:49.478Z"},{"id":"5349241e-81f8-47c5-a53e-55c11cf793ea","url":"https://i.imgur.com/9q4FsSV.jpg","normalizedUrl":"https://imgur.com/9q4FsSV","thumbnail":"https://i.imgur.com/9q4FsSVl.jpg","type":"image/imgur","tags":["ANNOTATED"],"createdAt":"2020-01-22T11:10:55.166Z","updatedAt":"2020-01-23T02:08:49.478Z"},{"id":"cb7a43ec-fe26-44ac-a2d3-89e63c69397c","url":"https://i.imgur.com/bJXnEZm.jpg","normalizedUrl":"https://imgur.com/bJXnEZm","thumbnail":"https://i.imgur.com/bJXnEZml.jpg","type":"image/imgur","tags":["ANNOTATED"],"createdAt":"2020-01-22T11:10:55.166Z","updatedAt":"2020-01-23T02:08:49.478Z"},{"id":"1eb75e4a-69a8-4e5d-ad06-6964bed77840","url":"https://i.imgur.com/UQUSkaG.jpg","normalizedUrl":"https://imgur.com/UQUSkaG","thumbnail":"https://i.imgur.com/UQUSkaGl.jpg","type":"image/imgur","tags":["ANNOTATED"],"createdAt":"2020-01-22T11:10:55.166Z","updatedAt":"2020-01-23T02:08:49.478Z"},{"id":"707d7aa0-aa7d-4424-896f-e5fdbbf1d246","url":"https://i.imgur.com/qGZSkpg.jpg","normalizedUrl":"https://imgur.com/qGZSkpg","thumbnail":"https://i.imgur.com/qGZSkpgl.jpg","type":"image/imgur","tags":["ANNOTATED"],"createdAt":"2020-01-22T11:10:55.166Z","updatedAt":"2020-01-23T02:08:49.478Z"},{"id":"3cecd77b-f80f-44f3-a091-90b6f46bea37","url":"https://i.imgur.com/z2mIO6P.jpg","normalizedUrl":"https://imgur.com/z2mIO6P","thumbnail":"https://i.imgur.com/z2mIO6Pl.jpg","type":"image/imgur","tags":["ANNOTATED"],"createdAt":"2020-01-22T11:10:55.166Z","updatedAt":"2020-01-23T02:08:49.478Z"},{"id":"7617bbce-2a03-4cc1-90f9-d64cc7d91fb2","url":"https://i.imgur.com/sbSzpt6.jpg","normalizedUrl":"https://imgur.com/sbSzpt6","thumbnail":"https://i.imgur.com/sbSzpt6l.jpg","type":"image/imgur","tags":["ANNOTATED"],"createdAt":"2020-01-22T11:10:55.166Z","updatedAt":"2020-01-23T02:08:49.478Z"},{"id":"9866fd12-a790-4886-9627-ed72bee46eea","url":"https://i.imgur.com/huk3hPr.jpg","normalizedUrl":"https://imgur.com/huk3hPr","thumbnail":"https://i.imgur.com/huk3hPrl.jpg","type":"image/imgur","tags":["ANNOTATED"],"createdAt":"2020-01-22T11:10:55.166Z","updatedAt":"2020-01-23T02:08:49.478Z"},{"id":"14d619ee-99aa-4606-8c39-d85646492b48","url":"https://i.imgur.com/Mp7NYBV.jpg","normalizedUrl":"https://imgur.com/Mp7NYBV","thumbnail":"https://i.imgur.com/Mp7NYBVl.jpg","type":"image/imgur","tags":["ANNOTATED"],"createdAt":"2020-01-22T11:10:55.166Z","updatedAt":"2020-01-23T02:08:49.478Z"},{"id":"d867d196-eb33-42bc-80b6-8c7f9f8fc5b0","url":"https://i.imgur.com/0sgd7hX.jpg","normalizedUrl":"https://imgur.com/0sgd7hX","thumbnail":"https://i.imgur.com/0sgd7hXl.jpg","type":"image/imgur","tags":["ANNOTATED"],"createdAt":"2020-01-22T11:10:55.166Z","updatedAt":"2020-01-23T02:08:49.478Z"},{"id":"396e123c-4b47-4867-9f40-f0189d058a26","url":"https://i.imgur.com/w3c6HZL.jpg","normalizedUrl":"https://imgur.com/w3c6HZL","thumbnail":"https://i.imgur.com/w3c6HZLl.jpg","type":"image/imgur","tags":["ANNOTATED"],"createdAt":"2020-01-22T11:10:55.166Z","updatedAt":"2020-01-23T02:08:49.478Z"},{"id":"db8e0b72-b287-4299-988b-ae1e2776992d","url":"https://i.imgur.com/IurdkiK.jpg","normalizedUrl":"https://imgur.com/IurdkiK","thumbnail":"https://i.imgur.com/IurdkiKl.jpg","type":"image/imgur","tags":["ANNOTATED"],"createdAt":"2020-01-22T11:10:55.166Z","updatedAt":"2020-01-23T02:08:49.478Z"}],"postAvatar":""}