{"id":232970636,"title":"范瑋琪認錯道歉了！","content":"范瑋琪在事件爆發後，28日上午11點38分，透過臉書粉絲團坦言「我為我在臉書上的帶有情緒性的字眼感到非常抱歉⋯無意造成社會的紛擾，只是希望我們能多一些愛與關懷！希望坦然認錯道歉，努力能成為更好的人，對不起！讓大家擔心也給大家添麻煩了。」等於認了她飆罵蘇貞昌。\n\nhttps://www.google.com.tw/amp/s/stars.udn.com/star/amp/story/10088/4308684","excerpt":"范瑋琪在事件爆發後，28日上午11點38分，透過臉書粉絲團坦言「我為我在臉書上的帶有情緒性的字眼感到非常抱歉⋯無意造成社會的紛擾，只是希望我們能多一些愛與關懷！希望坦然認錯道歉，努力能成為更好的人，對","anonymousSchool":false,"anonymousDepartment":false,"pinned":false,"forumId":"14f573f5-3f02-4821-8e18-f561d7b7db91","replyId":null,"createdAt":"2020-01-28T05:23:01.609Z","updatedAt":"2020-01-28T05:23:01.609Z","commentCount":40,"likeCount":219,"tags":["HIDE_THUMBNAIL"],"topics":["范瑋琪","道歉","認錯"],"supportedReactions":null,"withNickname":true,"reportReason":"","hiddenByAuthor":false,"meta":{"layout":"classic"},"forumName":"追星","forumAlias":"entertainer","school":"🍟🍔🐳","department":"waterandyou","replyTitle":null,"gender":"F","personaSubscriptable":false,"reactions":[{"id":"286f599c-f86a-4932-82f0-f5a06f1eca03","count":196},{"id":"aa0d425f-d530-4478-9a77-fe3aedc79eea","count":18},{"id":"e8e6bc5d-41b0-4129-b134-97507523d7ff","count":5}],"hidden":false,"customStyle":null,"isSuspiciousAccount":false,"layout":"classic","withImages":false,"withVideos":false,"media":[],"reportReasonText":"","mediaMeta":[],"postAvatar":""}