{"id":232977121,"title":"NCT Dream 弟弟們真的太可愛了","content":"廢話不多說 直接上圖\n這次2020的偶像運動會\n我整個看的心動阿 嘻\n\nJeno 真的是射箭高手\n不是9就是10 尤其是他射完後還露出靦腆的笑容\n噢 不行 心臟要承受不住了（我控制不了自己的嘴角 全程姨母笑\nhttps://i.imgur.com/2RIAmfU.jpg\n（我還剛好截到吐舌的畫面 真的 超級可愛\nhttps://i.imgur.com/txdZ6Ds.jpg\n\nhttps://i.imgur.com/UTbgv5G.jpg\n\nhttps://youtu.be/9TkPKMOPXwM\n（jeno 片段\n\nhttps://youtu.be/6K3SR7z-aqU\n（樂樂片段\n\nhttps://youtu.be/kgxtc5zZVzg\n（渽民片段\nhttps://i.imgur.com/J5Kmy4q.jpg\n\n總共有兩場射箭（兩場都讓我嘴角失手阿\n\n還有電競比賽 哈哈哈哈\n我個人還是更喜歡去年的\n去年的樂樂根本全場大魔王\n（sm家的都吃雞高手嗎 😂\n最好笑的還是個人戰\nTeam Kill 我整個笑到不行 就是樂樂和渽民 哈哈哈哈\nhttps://i.imgur.com/Aw4BHf7.jpg\nhttps://i.imgur.com/xNHm165.jpg","excerpt":"廢話不多說 直接上圖，這次2020的偶像運動會，我整個看的心動阿 嘻，Jeno 真的是射箭高手，不是9就是10 尤其是他射完後還露出靦腆的笑容，噢 不行 心臟要承受不住了（我控制不了自己的嘴角 全程姨","anonymousSchool":false,"anonymousDepartment":false,"pinned":false,"forumId":"14f573f5-3f02-4821-8e18-f561d7b7db91","replyId":null,"createdAt":"2020-01-29T07:31:19.441Z","updatedAt":"2020-01-29T07:31:19.441Z","commentCount":15,"likeCount":191,"tags":[],"topics":["弟弟","NCTDream","可愛"],"supportedReactions":null,"withNickname":true,"reportReason":"","hiddenByAuthor":false,"meta":{"layout":"classic"},"forumName":"追星","forumAlias":"entertainer","school":"一不小心成為家族飯","department":"sonekry_999","replyTitle":null,"gender":"F","personaSubscriptable":true,"reactions":[{"id":"286f599c-f86a-4932-82f0-f5a06f1eca03","count":191}],"hidden":false,"customStyle":null,"isSuspiciousAccount":false,"layout":"classic","withImages":true,"withVideos":false,"media":[{"url":"https://i.imgur.com/2RIAmfU.jpg"},{"url":"https://i.imgur.com/txdZ6Ds.jpg"},{"url":"https://i.imgur.com/UTbgv5G.jpg"},{"url":"https://i.imgur.com/J5Kmy4q.jpg"},{"url":"https://i.imgur.com/Aw4BHf7.jpg"},{"url":"https://i.imgur.com/xNHm165.jpg"}],"reportReasonText":"","mediaMeta":[{"id":"c3383ed8-0682-4c5f-92c4-aab4269eafe1","url":"https://i.imgur.com/2RIAmfUl.jpg","normalizedUrl":"https://i.imgur.com/2RIAmfUl.jpg","thumbnail":"https://i.imgur.com/2RIAmfUl.jpg","type":"image/thumbnail","tags":["ANNOTATED"],"createdAt":"2020-01-29T07:31:19.441Z","updatedAt":"2020-01-29T07:31:19.441Z"},{"id":"c3383ed8-0682-4c5f-92c4-aab4269eafe1","url":"https://i.imgur.com/2RIAmfU.jpg","normalizedUrl":"https://imgur.com/2RIAmfU","thumbnail":"https://i.imgur.com/2RIAmfUl.jpg","type":"image/imgur","tags":["ANNOTATED"],"createdAt":"2020-01-29T07:31:19.441Z","updatedAt":"2020-01-29T07:31:19.441Z"},{"id":"23fd2462-2ab0-4bdf-b912-d3b1a48fda02","url":"https://i.imgur.com/txdZ6Ds.jpg","normalizedUrl":"https://imgur.com/txdZ6Ds","thumbnail":"https://i.imgur.com/txdZ6Dsl.jpg","type":"image/imgur","tags":["ANNOTATED"],"createdAt":"2020-01-29T07:31:19.441Z","updatedAt":"2020-01-29T07:31:19.441Z"},{"id":"4a2a7624-607a-4b5e-8c0c-97ccc67be58f","url":"https://i.imgur.com/UTbgv5G.jpg","normalizedUrl":"https://imgur.com/UTbgv5G","thumbnail":"https://i.imgur.com/UTbgv5Gl.jpg","type":"image/imgur","tags":["ANNOTATED"],"createdAt":"2020-01-29T07:31:19.441Z","updatedAt":"2020-01-29T07:31:19.441Z"},{"id":"2e1538be-e6fa-4a9c-b446-5ac5f9561319","url":"https://youtu.be/9TkPKMOPXwM","normalizedUrl":"https://www.youtube.com/watch?v=9TkPKMOPXwM","thumbnail":"https://img.youtube.com/vi/9TkPKMOPXwM/hqdefault.jpg","type":"video/youtube","tags":["ANNOTATED"],"createdAt":"2020-01-29T07:31:19.441Z","updatedAt":"2020-01-29T07:31:19.441Z"},{"id":"2a5cb122-52f8-40b8-817c-875aaba4e64e","url":"https://youtu.be/6K3SR7z-aqU","normalizedUrl":"https://www.youtube.com/watch?v=6K3SR7z-aqU","thumbnail":"https://img.youtube.com/vi/6K3SR7z-aqU/hqdefault.jpg","type":"video/youtube","tags":["ANNOTATED"],"createdAt":"2020-01-29T07:31:19.441Z","updatedAt":"2020-01-29T07:31:19.441Z"},{"id":"ad4ed3c3-6633-4c9b-a3cf-879fdcbc14c4","url":"https://youtu.be/kgxtc5zZVzg","normalizedUrl":"https://www.youtube.com/watch?v=kgxtc5zZVzg","thumbnail":"https://img.youtube.com/vi/kgxtc5zZVzg/hqdefault.jpg","type":"video/youtube","tags":["ANNOTATED"],"createdAt":"2020-01-29T07:31:19.441Z","updatedAt":"2020-01-29T07:31:19.441Z"},{"id":"fea35c9c-26b4-4e00-bcf4-e6b0c40e629b","url":"https://i.imgur.com/J5Kmy4q.jpg","normalizedUrl":"https://imgur.com/J5Kmy4q","thumbnail":"https://i.imgur.com/J5Kmy4ql.jpg","type":"image/imgur","tags":["ANNOTATED"],"createdAt":"2020-01-29T07:31:19.441Z","updatedAt":"2020-01-29T07:31:19.441Z"},{"id":"4c888a91-1a4a-4173-aae0-7428dddc5f31","url":"https://i.imgur.com/Aw4BHf7.jpg","normalizedUrl":"https://imgur.com/Aw4BHf7","thumbnail":"https://i.imgur.com/Aw4BHf7l.jpg","type":"image/imgur","tags":["ANNOTATED"],"createdAt":"2020-01-29T07:31:19.441Z","updatedAt":"2020-01-29T07:31:19.441Z"},{"id":"9b2aebb2-7274-4f57-91ae-76988ae0686f","url":"https://i.imgur.com/xNHm165.jpg","normalizedUrl":"https://imgur.com/xNHm165","thumbnail":"https://i.imgur.com/xNHm165l.jpg","type":"image/imgur","tags":["ANNOTATED"],"createdAt":"2020-01-29T07:31:19.441Z","updatedAt":"2020-01-29T07:31:19.441Z"}],"postAvatar":""}