{"id":232972148,"title":"水晶男孩 SECHSKIES All for you 迷你專輯回歸","content":"首先貼上MV！\nhttps://youtu.be/X-jbgKPEf40\n上次發歌是2017年的事了啊，等了兩年多終於等到哥哥們回歸了ㅠㅠ\n(話說同時身為小黃跟藍家，今天真是幸福到不行的一天♡)\n\n曲目表💛\nhttps://megapx-assets.dcard.tw/images/70ce8d4f-5cb4-4d96-92ba-e17bef6561d9/full.jpeg\n\n這次MV裡面，每個成員的背景都有黃色啊啊啊\nhttps://megapx-assets.dcard.tw/images/93fbf2f2-13b6-4342-9087-6c747d3721b3/1280.jpeg\nhttps://megapx-assets.dcard.tw/images/0c0c2093-ed83-424c-a21b-fc991baf2463/1280.jpeg\nhttps://megapx-assets.dcard.tw/images/4512831e-04dd-446f-83e6-661c6c2ea018/1280.jpeg\nhttps://megapx-assets.dcard.tw/images/d641a2e9-a76a-4965-b86c-a7562cfa3520/1280.jpeg\n在德直接在黃色小花園裡面五告Q\n\n還有充滿各種黃色的元素♪(´ε｀ )\nhttps://megapx-assets.dcard.tw/images/80ec404b-3f12-49da-9041-65161cdb8847/1280.jpeg\nhttps://megapx-assets.dcard.tw/images/8cd7e0ef-23ff-4649-8509-3fd107dcbe5e/1280.jpeg\nhttps://megapx-assets.dcard.tw/images/719ff934-ef51-4a53-bed3-3b1aabe6667c/1280.jpeg\n黃色的畫、黃色的向日葵、黃色的花、黃色雨傘，各種黃色真是實實在在水晶的哥哥們回來了啊😭😭\n\n再附上幾個可愛的MV場景\nhttps://megapx-assets.dcard.tw/images/4cf006f2-fdf2-4cb1-9381-45ff7c7f5972/1280.jpeg\nhttps://megapx-assets.dcard.tw/images/d2220098-e5c0-4d5a-9fe5-eab0534162b9/1280.jpeg\nhttps://megapx-assets.dcard.tw/images/aaf558fb-4cec-42b0-b729-21066925d191/1280.jpeg\n殷大快被水院的手壓死了🤣🤣🤣\n\n話說最後一句歌詞，快被水院的音色美哭了\n大家一定要去聽聽看！\n小黃們動起來了呀(/ω＼)\napplemusic跟kkbox已經可以聽了唷～～～\n哥哥們回歸衝啊💛💛💛","excerpt":"首先貼上MV！，上次發歌是2017年的事了啊，等了兩年多終於等到哥哥們回歸了ㅠㅠ，（話說同時身為小黃跟藍家，今天真是幸福到不行的一天），曲目表，這次MV裡面，每個成員的背景都有黃色啊啊啊，在德直接在黃","anonymousSchool":false,"anonymousDepartment":false,"pinned":false,"forumId":"14f573f5-3f02-4821-8e18-f561d7b7db91","replyId":null,"createdAt":"2020-01-28T11:05:33.257Z","updatedAt":"2020-01-28T11:20:29.265Z","commentCount":17,"likeCount":108,"tags":[],"topics":["水晶男孩","追星","專輯","回歸"],"supportedReactions":null,"withNickname":true,"reportReason":"","hiddenByAuthor":false,"meta":{"layout":"classic"},"forumName":"追星","forumAlias":"entertainer","school":"ももちゃん(*´◒`*)","department":"uuuuuuuuuu52338","replyTitle":null,"gender":"F","personaSubscriptable":null,"reactions":[{"id":"286f599c-f86a-4932-82f0-f5a06f1eca03","count":108}],"hidden":false,"customStyle":null,"isSuspiciousAccount":false,"layout":"classic","withImages":true,"withVideos":false,"media":[{"url":"https://megapx-assets.dcard.tw/images/70ce8d4f-5cb4-4d96-92ba-e17bef6561d9/full.jpeg"},{"url":"https://megapx-assets.dcard.tw/images/93fbf2f2-13b6-4342-9087-6c747d3721b3/1280.jpeg"},{"url":"https://megapx-assets.dcard.tw/images/0c0c2093-ed83-424c-a21b-fc991baf2463/1280.jpeg"},{"url":"https://megapx-assets.dcard.tw/images/4512831e-04dd-446f-83e6-661c6c2ea018/1280.jpeg"},{"url":"https://megapx-assets.dcard.tw/images/d641a2e9-a76a-4965-b86c-a7562cfa3520/1280.jpeg"},{"url":"https://megapx-assets.dcard.tw/images/80ec404b-3f12-49da-9041-65161cdb8847/1280.jpeg"},{"url":"https://megapx-assets.dcard.tw/images/8cd7e0ef-23ff-4649-8509-3fd107dcbe5e/1280.jpeg"},{"url":"https://megapx-assets.dcard.tw/images/719ff934-ef51-4a53-bed3-3b1aabe6667c/1280.jpeg"},{"url":"https://megapx-assets.dcard.tw/images/4cf006f2-fdf2-4cb1-9381-45ff7c7f5972/1280.jpeg"},{"url":"https://megapx-assets.dcard.tw/images/d2220098-e5c0-4d5a-9fe5-eab0534162b9/1280.jpeg"},{"url":"https://megapx-assets.dcard.tw/images/aaf558fb-4cec-42b0-b729-21066925d191/1280.jpeg"}],"reportReasonText":"","mediaMeta":[{"id":"a4541820-a317-4460-b12d-e70df02cc1cb","url":"https://img.youtube.com/vi/X-jbgKPEf40/hqdefault.jpg","normalizedUrl":"https://img.youtube.com/vi/X-jbgKPEf40/hqdefault.jpg","thumbnail":"https://img.youtube.com/vi/X-jbgKPEf40/hqdefault.jpg","type":"image/thumbnail","tags":["ANNOTATED"],"createdAt":"2020-01-28T11:05:33.257Z","updatedAt":"2020-01-28T11:20:29.265Z"},{"id":"a4541820-a317-4460-b12d-e70df02cc1cb","url":"https://youtu.be/X-jbgKPEf40","normalizedUrl":"https://www.youtube.com/watch?v=X-jbgKPEf40","thumbnail":"https://img.youtube.com/vi/X-jbgKPEf40/hqdefault.jpg","type":"video/youtube","tags":["ANNOTATED"],"createdAt":"2020-01-28T11:05:33.257Z","updatedAt":"2020-01-28T11:20:29.265Z"},{"id":"282f150d-f607-422d-aed1-8eafe885d5ad","url":"https://megapx-assets.dcard.tw/images/70ce8d4f-5cb4-4d96-92ba-e17bef6561d9/full.jpeg","normalizedUrl":"https://megapx.dcard.tw/v1/images/70ce8d4f-5cb4-4d96-92ba-e17bef6561d9","thumbnail":"https://megapx-assets.dcard.tw/images/70ce8d4f-5cb4-4d96-92ba-e17bef6561d9/640.jpeg","type":"image/megapx","tags":["ANNOTATED"],"createdAt":"2020-01-28T11:19:30.050Z","updatedAt":"2020-01-28T11:20:29.265Z","width":750,"height":740},{"id":"51a7f834-ea9e-4b16-8591-df197a82f210","url":"https://megapx-assets.dcard.tw/images/93fbf2f2-13b6-4342-9087-6c747d3721b3/1280.jpeg","normalizedUrl":"https://megapx.dcard.tw/v1/images/93fbf2f2-13b6-4342-9087-6c747d3721b3","thumbnail":"https://megapx-assets.dcard.tw/images/93fbf2f2-13b6-4342-9087-6c747d3721b3/640.jpeg","type":"image/megapx","tags":["ANNOTATED"],"createdAt":"2020-01-28T11:05:33.257Z","updatedAt":"2020-01-28T11:20:29.265Z","width":1334,"height":750},{"id":"82b71216-b0ac-47f2-bb14-da4cc658d2f8","url":"https://megapx-assets.dcard.tw/images/0c0c2093-ed83-424c-a21b-fc991baf2463/1280.jpeg","normalizedUrl":"https://megapx.dcard.tw/v1/images/0c0c2093-ed83-424c-a21b-fc991baf2463","thumbnail":"https://megapx-assets.dcard.tw/images/0c0c2093-ed83-424c-a21b-fc991baf2463/640.jpeg","type":"image/megapx","tags":["ANNOTATED"],"createdAt":"2020-01-28T11:05:33.257Z","updatedAt":"2020-01-28T11:20:29.265Z","width":1334,"height":750},{"id":"ec65eca6-b746-491a-b4c4-48a667811277","url":"https://megapx-assets.dcard.tw/images/4512831e-04dd-446f-83e6-661c6c2ea018/1280.jpeg","normalizedUrl":"https://megapx.dcard.tw/v1/images/4512831e-04dd-446f-83e6-661c6c2ea018","thumbnail":"https://megapx-assets.dcard.tw/images/4512831e-04dd-446f-83e6-661c6c2ea018/640.jpeg","type":"image/megapx","tags":["ANNOTATED"],"createdAt":"2020-01-28T11:05:33.257Z","updatedAt":"2020-01-28T11:20:29.265Z","width":1334,"height":750},{"id":"4b6e6d10-5269-4cb9-9d65-533b06814dd2","url":"https://megapx-assets.dcard.tw/images/d641a2e9-a76a-4965-b86c-a7562cfa3520/1280.jpeg","normalizedUrl":"https://megapx.dcard.tw/v1/images/d641a2e9-a76a-4965-b86c-a7562cfa3520","thumbnail":"https://megapx-assets.dcard.tw/images/d641a2e9-a76a-4965-b86c-a7562cfa3520/640.jpeg","type":"image/megapx","tags":["ANNOTATED"],"createdAt":"2020-01-28T11:05:33.257Z","updatedAt":"2020-01-28T11:20:29.265Z","width":1334,"height":750},{"id":"3d6ef3af-2ab9-445b-a4ea-92ef0af4265e","url":"https://megapx-assets.dcard.tw/images/80ec404b-3f12-49da-9041-65161cdb8847/1280.jpeg","normalizedUrl":"https://megapx.dcard.tw/v1/images/80ec404b-3f12-49da-9041-65161cdb8847","thumbnail":"https://megapx-assets.dcard.tw/images/80ec404b-3f12-49da-9041-65161cdb8847/640.jpeg","type":"image/megapx","tags":["ANNOTATED"],"createdAt":"2020-01-28T11:05:33.257Z","updatedAt":"2020-01-28T11:20:29.265Z","width":1334,"height":750},{"id":"b4868164-fea4-4aa3-8da5-fa8b83b9f238","url":"https://megapx-assets.dcard.tw/images/8cd7e0ef-23ff-4649-8509-3fd107dcbe5e/1280.jpeg","normalizedUrl":"https://megapx.dcard.tw/v1/images/8cd7e0ef-23ff-4649-8509-3fd107dcbe5e","thumbnail":"https://megapx-assets.dcard.tw/images/8cd7e0ef-23ff-4649-8509-3fd107dcbe5e/640.jpeg","type":"image/megapx","tags":["ANNOTATED"],"createdAt":"2020-01-28T11:05:33.257Z","updatedAt":"2020-01-28T11:20:29.265Z","width":1334,"height":750},{"id":"ce8f21db-b336-448d-922c-75758ad7f97c","url":"https://megapx-assets.dcard.tw/images/719ff934-ef51-4a53-bed3-3b1aabe6667c/1280.jpeg","normalizedUrl":"https://megapx.dcard.tw/v1/images/719ff934-ef51-4a53-bed3-3b1aabe6667c","thumbnail":"https://megapx-assets.dcard.tw/images/719ff934-ef51-4a53-bed3-3b1aabe6667c/640.jpeg","type":"image/megapx","tags":["ANNOTATED"],"createdAt":"2020-01-28T11:05:33.257Z","updatedAt":"2020-01-28T11:20:29.265Z","width":1334,"height":750},{"id":"8b772c1e-c6e7-43e9-a3cc-fb7c7d502b8a","url":"https://megapx-assets.dcard.tw/images/4cf006f2-fdf2-4cb1-9381-45ff7c7f5972/1280.jpeg","normalizedUrl":"https://megapx.dcard.tw/v1/images/4cf006f2-fdf2-4cb1-9381-45ff7c7f5972","thumbnail":"https://megapx-assets.dcard.tw/images/4cf006f2-fdf2-4cb1-9381-45ff7c7f5972/640.jpeg","type":"image/megapx","tags":["ANNOTATED"],"createdAt":"2020-01-28T11:05:33.257Z","updatedAt":"2020-01-28T11:20:29.265Z","width":1334,"height":750},{"id":"d0e1d357-bc68-428c-bd72-f3cf66e833d2","url":"https://megapx-assets.dcard.tw/images/d2220098-e5c0-4d5a-9fe5-eab0534162b9/1280.jpeg","normalizedUrl":"https://megapx.dcard.tw/v1/images/d2220098-e5c0-4d5a-9fe5-eab0534162b9","thumbnail":"https://megapx-assets.dcard.tw/images/d2220098-e5c0-4d5a-9fe5-eab0534162b9/640.jpeg","type":"image/megapx","tags":["ANNOTATED"],"createdAt":"2020-01-28T11:05:33.257Z","updatedAt":"2020-01-28T11:20:29.265Z","width":1334,"height":750},{"id":"e8a5b3f4-1805-4fac-9610-8a8e21292ced","url":"https://megapx-assets.dcard.tw/images/aaf558fb-4cec-42b0-b729-21066925d191/1280.jpeg","normalizedUrl":"https://megapx.dcard.tw/v1/images/aaf558fb-4cec-42b0-b729-21066925d191","thumbnail":"https://megapx-assets.dcard.tw/images/aaf558fb-4cec-42b0-b729-21066925d191/640.jpeg","type":"image/megapx","tags":["ANNOTATED"],"createdAt":"2020-01-28T11:05:33.257Z","updatedAt":"2020-01-28T11:20:29.265Z","width":1334,"height":750}],"postAvatar":""}