{"id":232963870,"title":"GFRIEND LABYRINTH專輯回歸集中討論串","content":"概念照(crossroads)版 \n概念照(Room)版更新在 B37\n概念照(Twist)版更新在 B59\nTeaser 感謝更新的buddy 在 B55 \n\n原本發文的時候是放原圖的\n後來真的覺得這樣篇幅太長  所以我拼接了一下\n找原圖可以去她們的官方帳號找喔\nhttps://megapx-assets.dcard.tw/images/b52cd270-697a-4b88-b635-9ddc9be48269/1280.jpeg\nhttps://megapx-assets.dcard.tw/images/8e4fa954-b2dd-4cfc-8f2a-002097491c2e/1280.jpeg\nhttps://megapx-assets.dcard.tw/images/0390ec5f-93ed-44bb-ba22-eb429c4f2f1c/1280.jpeg\n\nhttps://megapx-assets.dcard.tw/images/ffc9141c-0c29-483e-a6bf-fb93ac58d022/1280.jpeg\n소원 \n哇啊啊啊啊啊金髮隊長又回來啦！\n認真覺得阿情很適合染金髮  整個仙女🧚‍♀️\n예린 \n耶尼感覺瘦了  拜託你要健康吃🙏🏻\n這組照片真的好看  淡淡的表情整個很中💘\n은하 \n再來是我們小可愛銀河🍔🍔🍔🍔🍔🍔\n是說我真的很介意為什麼只有銀河有跑的照片\n難道是套路？！？！？！想到頭痛😂\n유주 \n我們天使主唱Yuju ssi ～～～\nYuju穿襯衫真的帥美爆發❤️\n從以前就超喜歡她穿襯衫或是正裝❤️❤️❤️\n신비\n反轉魅力女兼帶我入坑的Sinb啊啊啊啊\n看到這次金髮回歸我想問\n到時候回歸舞台也是這個髮色嗎（笑😄\n之前밤回歸的時候也是\n概念照跟舞台的不一樣😂\n엄지 \n我們忙內這次剪瀏海了！！！真心覺得美翻\n我們歐姆吉越來越漂亮了❤️\n最後一張的衣服是power shoulder嗎😂\n\n再來是團體照 先是姐姐line \nhttps://megapx-assets.dcard.tw/images/7c5a7e78-ca6e-47f7-88e2-b8ec58a92562/full.jpeg\n\nhttps://megapx-assets.dcard.tw/images/c2ed478a-ebb1-4b31-af6d-f833a9c3c16b/full.jpeg\n\nhttps://megapx-assets.dcard.tw/images/ef97f178-5b64-44f0-976a-9d22cd1f08fd/full.jpeg\n\n妹妹line \nhttps://megapx-assets.dcard.tw/images/34cbdb67-7ac4-41bb-b31c-1ec12fd7a26a/full.jpeg\n\nhttps://megapx-assets.dcard.tw/images/42ebbf14-7330-45c0-92f0-1896f4ea8302/full.jpeg\n\nhttps://megapx-assets.dcard.tw/images/8af19d22-923b-4e00-98ff-d14d9e9e9ae7/full.jpeg\n\n6人團體照\nhttps://megapx-assets.dcard.tw/images/294d57f1-a81b-4ae6-a094-06c36a1b9499/full.jpeg\n\nhttps://megapx-assets.dcard.tw/images/e8ee4fec-8939-470f-b6b2-776e152a9202/full.jpeg\n\nhttps://megapx-assets.dcard.tw/images/88092122-944d-42cc-8dbb-810a830dfaa7/full.jpeg\n\n這次的概念照整體有點復古的感覺\n而且感覺又是個套路滿滿的回歸😂\n以下是我覺得奇怪的點\n1）6人站在荒涼的草原上的那張\n每個人的影子角度都不一樣\n2）阿情跟銀河和姐姐line三人合照那兩張\n明明是同一張照片  但眼神沒有交會\n3）大姐遮住二姐的眼睛  而自己眼睛也閉上\n4）每個人的鐵軌單人照都是站在交叉點後面\n但是6人合照是在交叉點前面\n感覺就像6人在某個需要做選擇的路口上\n走上不同的道路\n\nLABYRINTH的意思是迷宮、曲徑、錯綜複雜的\nCrossroads 則是交叉路口\nhttps://megapx-assets.dcard.tw/images/642f66b5-b841-4c9d-8b9a-d83e0450038e/full.jpeg\n⬆️是這次回歸更新的頭像\n（是說我到現在還在找G在哪😂\n看起來就像是一個小迷宮\n往上看6人團體鐵軌照  讓我想起\n小說或是電影常看得到 在迷宮中遇到交叉口時\n人們會選擇把人分成兩隊繼續走\n好多好奇的地方啊啊啊！\nBuddy們這次回歸一起燒腦吧😂\n\n回歸時間表\nhttps://megapx-assets.dcard.tw/images/528083ea-1b32-4b60-94a6-7b4a9bf4f735/full.jpeg\n\n曲目表\n\nhttps://megapx-assets.dcard.tw/images/92fafc52-966c-426e-9d67-b2da2a6b2845/1280.jpeg\n\n最後  每次回歸的必備圖😂\nhttps://megapx-assets.dcard.tw/images/f23296bd-4932-4cb3-bb0b-9cfc674cc2cc/full.jpeg\n\nhttps://megapx-assets.dcard.tw/images/db7d9cba-8be3-4cdd-8450-9defadb4fed1/full.jpeg\n\nhttps://megapx-assets.dcard.tw/images/bc3424a8-b5f6-4c15-8138-c44d31fd50aa/full.jpeg","excerpt":"概念照（crossroads）版，概念照（Room）版更新在 B37，概念照（Twist）版更新在 B59，Teaser 感謝更新的buddy 在 B55，原本發文的時候是放原圖的，後來真的覺得這樣篇","anonymousSchool":false,"anonymousDepartment":true,"pinned":false,"forumId":"14f573f5-3f02-4821-8e18-f561d7b7db91","replyId":null,"createdAt":"2020-01-26T19:22:15.905Z","updatedAt":"2020-01-30T01:56:29.997Z","commentCount":63,"likeCount":355,"tags":[],"topics":["專輯","追星","GFRIEND","回歸"],"supportedReactions":null,"withNickname":false,"reportReason":"","hiddenByAuthor":false,"meta":{"layout":"classic"},"forumName":"追星","forumAlias":"entertainer","school":"銘傳大學","replyTitle":null,"gender":"F","personaSubscriptable":null,"reactions":[{"id":"286f599c-f86a-4932-82f0-f5a06f1eca03","count":350},{"id":"aa0d425f-d530-4478-9a77-fe3aedc79eea","count":5}],"hidden":false,"customStyle":null,"isSuspiciousAccount":false,"layout":"classic","withImages":true,"withVideos":false,"media":[{"url":"https://megapx-assets.dcard.tw/images/b52cd270-697a-4b88-b635-9ddc9be48269/1280.jpeg"},{"url":"https://megapx-assets.dcard.tw/images/8e4fa954-b2dd-4cfc-8f2a-002097491c2e/1280.jpeg"},{"url":"https://megapx-assets.dcard.tw/images/0390ec5f-93ed-44bb-ba22-eb429c4f2f1c/1280.jpeg"},{"url":"https://megapx-assets.dcard.tw/images/ffc9141c-0c29-483e-a6bf-fb93ac58d022/1280.jpeg"},{"url":"https://megapx-assets.dcard.tw/images/7c5a7e78-ca6e-47f7-88e2-b8ec58a92562/full.jpeg"},{"url":"https://megapx-assets.dcard.tw/images/c2ed478a-ebb1-4b31-af6d-f833a9c3c16b/full.jpeg"},{"url":"https://megapx-assets.dcard.tw/images/ef97f178-5b64-44f0-976a-9d22cd1f08fd/full.jpeg"},{"url":"https://megapx-assets.dcard.tw/images/34cbdb67-7ac4-41bb-b31c-1ec12fd7a26a/full.jpeg"},{"url":"https://megapx-assets.dcard.tw/images/42ebbf14-7330-45c0-92f0-1896f4ea8302/full.jpeg"},{"url":"https://megapx-assets.dcard.tw/images/8af19d22-923b-4e00-98ff-d14d9e9e9ae7/full.jpeg"},{"url":"https://megapx-assets.dcard.tw/images/294d57f1-a81b-4ae6-a094-06c36a1b9499/full.jpeg"},{"url":"https://megapx-assets.dcard.tw/images/e8ee4fec-8939-470f-b6b2-776e152a9202/full.jpeg"},{"url":"https://megapx-assets.dcard.tw/images/88092122-944d-42cc-8dbb-810a830dfaa7/full.jpeg"},{"url":"https://megapx-assets.dcard.tw/images/642f66b5-b841-4c9d-8b9a-d83e0450038e/full.jpeg"},{"url":"https://megapx-assets.dcard.tw/images/528083ea-1b32-4b60-94a6-7b4a9bf4f735/full.jpeg"},{"url":"https://megapx-assets.dcard.tw/images/92fafc52-966c-426e-9d67-b2da2a6b2845/1280.jpeg"},{"url":"https://megapx-assets.dcard.tw/images/f23296bd-4932-4cb3-bb0b-9cfc674cc2cc/full.jpeg"},{"url":"https://megapx-assets.dcard.tw/images/db7d9cba-8be3-4cdd-8450-9defadb4fed1/full.jpeg"},{"url":"https://megapx-assets.dcard.tw/images/bc3424a8-b5f6-4c15-8138-c44d31fd50aa/full.jpeg"}],"reportReasonText":"","mediaMeta":[{"id":"04c7dbe2-afef-440b-b251-423f59aff2e4","url":"https://megapx-assets.dcard.tw/images/b52cd270-697a-4b88-b635-9ddc9be48269/640.jpeg","normalizedUrl":"https://megapx-assets.dcard.tw/images/b52cd270-697a-4b88-b635-9ddc9be48269/640.jpeg","thumbnail":"https://megapx-assets.dcard.tw/images/b52cd270-697a-4b88-b635-9ddc9be48269/640.jpeg","type":"image/thumbnail","tags":["ANNOTATED"],"createdAt":"2020-01-27T01:59:23.364Z","updatedAt":"2020-01-30T01:56:29.997Z","width":640,"height":640},{"id":"04c7dbe2-afef-440b-b251-423f59aff2e4","url":"https://megapx-assets.dcard.tw/images/b52cd270-697a-4b88-b635-9ddc9be48269/1280.jpeg","normalizedUrl":"https://megapx.dcard.tw/v1/images/b52cd270-697a-4b88-b635-9ddc9be48269","thumbnail":"https://megapx-assets.dcard.tw/images/b52cd270-697a-4b88-b635-9ddc9be48269/640.jpeg","type":"image/megapx","tags":["ANNOTATED"],"createdAt":"2020-01-27T01:59:23.364Z","updatedAt":"2020-01-30T01:56:29.997Z","width":2000,"height":2000},{"id":"53bc92e9-e859-469b-9874-c094da249591","url":"https://megapx-assets.dcard.tw/images/8e4fa954-b2dd-4cfc-8f2a-002097491c2e/1280.jpeg","normalizedUrl":"https://megapx.dcard.tw/v1/images/8e4fa954-b2dd-4cfc-8f2a-002097491c2e","thumbnail":"https://megapx-assets.dcard.tw/images/8e4fa954-b2dd-4cfc-8f2a-002097491c2e/640.jpeg","type":"image/megapx","tags":["ANNOTATED"],"createdAt":"2020-01-27T01:59:23.364Z","updatedAt":"2020-01-30T01:56:29.997Z","width":2000,"height":2000},{"id":"25519c18-4539-4363-9a21-6a3f5e782e43","url":"https://megapx-assets.dcard.tw/images/0390ec5f-93ed-44bb-ba22-eb429c4f2f1c/1280.jpeg","normalizedUrl":"https://megapx.dcard.tw/v1/images/0390ec5f-93ed-44bb-ba22-eb429c4f2f1c","thumbnail":"https://megapx-assets.dcard.tw/images/0390ec5f-93ed-44bb-ba22-eb429c4f2f1c/640.jpeg","type":"image/megapx","tags":["ANNOTATED"],"createdAt":"2020-01-27T01:59:23.364Z","updatedAt":"2020-01-30T01:56:29.997Z","width":2000,"height":2000},{"id":"36b31f39-fc62-4d28-9ca9-381d5d0d0ec8","url":"https://megapx-assets.dcard.tw/images/ffc9141c-0c29-483e-a6bf-fb93ac58d022/1280.jpeg","normalizedUrl":"https://megapx.dcard.tw/v1/images/ffc9141c-0c29-483e-a6bf-fb93ac58d022","thumbnail":"https://megapx-assets.dcard.tw/images/ffc9141c-0c29-483e-a6bf-fb93ac58d022/640.jpeg","type":"image/megapx","tags":["ANNOTATED"],"createdAt":"2020-01-27T01:59:23.364Z","updatedAt":"2020-01-30T01:56:29.997Z","width":2000,"height":2000},{"id":"46879fd7-81d6-46b5-b3f0-86d1755a7dab","url":"https://megapx-assets.dcard.tw/images/7c5a7e78-ca6e-47f7-88e2-b8ec58a92562/full.jpeg","normalizedUrl":"https://megapx.dcard.tw/v1/images/7c5a7e78-ca6e-47f7-88e2-b8ec58a92562","thumbnail":"https://megapx-assets.dcard.tw/images/7c5a7e78-ca6e-47f7-88e2-b8ec58a92562/640.jpeg","type":"image/megapx","tags":["ANNOTATED"],"createdAt":"2020-01-26T19:22:15.905Z","updatedAt":"2020-01-30T01:56:29.997Z","width":640,"height":960},{"id":"fa509ef3-a990-4345-b03e-672b212d5bd5","url":"https://megapx-assets.dcard.tw/images/c2ed478a-ebb1-4b31-af6d-f833a9c3c16b/full.jpeg","normalizedUrl":"https://megapx.dcard.tw/v1/images/c2ed478a-ebb1-4b31-af6d-f833a9c3c16b","thumbnail":"https://megapx-assets.dcard.tw/images/c2ed478a-ebb1-4b31-af6d-f833a9c3c16b/640.jpeg","type":"image/megapx","tags":["ANNOTATED"],"createdAt":"2020-01-26T19:22:15.905Z","updatedAt":"2020-01-30T01:56:29.997Z","width":640,"height":960},{"id":"8c4e9c57-f394-4199-b94a-8119dbb18f37","url":"https://megapx-assets.dcard.tw/images/ef97f178-5b64-44f0-976a-9d22cd1f08fd/full.jpeg","normalizedUrl":"https://megapx.dcard.tw/v1/images/ef97f178-5b64-44f0-976a-9d22cd1f08fd","thumbnail":"https://megapx-assets.dcard.tw/images/ef97f178-5b64-44f0-976a-9d22cd1f08fd/640.jpeg","type":"image/megapx","tags":["ANNOTATED"],"createdAt":"2020-01-26T19:22:15.905Z","updatedAt":"2020-01-30T01:56:29.997Z","width":960,"height":640},{"id":"b1c93795-5f27-4bf3-9f87-3ff77e18f703","url":"https://megapx-assets.dcard.tw/images/34cbdb67-7ac4-41bb-b31c-1ec12fd7a26a/full.jpeg","normalizedUrl":"https://megapx.dcard.tw/v1/images/34cbdb67-7ac4-41bb-b31c-1ec12fd7a26a","thumbnail":"https://megapx-assets.dcard.tw/images/34cbdb67-7ac4-41bb-b31c-1ec12fd7a26a/640.jpeg","type":"image/megapx","tags":["ANNOTATED"],"createdAt":"2020-01-26T19:22:15.905Z","updatedAt":"2020-01-30T01:56:29.997Z","width":960,"height":640},{"id":"006225ed-4829-4a2d-ab45-f6b9e3b20da1","url":"https://megapx-assets.dcard.tw/images/42ebbf14-7330-45c0-92f0-1896f4ea8302/full.jpeg","normalizedUrl":"https://megapx.dcard.tw/v1/images/42ebbf14-7330-45c0-92f0-1896f4ea8302","thumbnail":"https://megapx-assets.dcard.tw/images/42ebbf14-7330-45c0-92f0-1896f4ea8302/640.jpeg","type":"image/megapx","tags":["ANNOTATED"],"createdAt":"2020-01-26T19:22:15.905Z","updatedAt":"2020-01-30T01:56:29.997Z","width":960,"height":640},{"id":"b10bef75-af4c-413a-8b3b-69455e90ee0f","url":"https://megapx-assets.dcard.tw/images/8af19d22-923b-4e00-98ff-d14d9e9e9ae7/full.jpeg","normalizedUrl":"https://megapx.dcard.tw/v1/images/8af19d22-923b-4e00-98ff-d14d9e9e9ae7","thumbnail":"https://megapx-assets.dcard.tw/images/8af19d22-923b-4e00-98ff-d14d9e9e9ae7/640.jpeg","type":"image/megapx","tags":["ANNOTATED"],"createdAt":"2020-01-26T19:22:15.905Z","updatedAt":"2020-01-30T01:56:29.997Z","width":960,"height":640},{"id":"1473ba9c-7377-4995-bfa1-ba56d4cd520a","url":"https://megapx-assets.dcard.tw/images/294d57f1-a81b-4ae6-a094-06c36a1b9499/full.jpeg","normalizedUrl":"https://megapx.dcard.tw/v1/images/294d57f1-a81b-4ae6-a094-06c36a1b9499","thumbnail":"https://megapx-assets.dcard.tw/images/294d57f1-a81b-4ae6-a094-06c36a1b9499/640.jpeg","type":"image/megapx","tags":["ANNOTATED"],"createdAt":"2020-01-26T19:22:15.905Z","updatedAt":"2020-01-30T01:56:29.997Z","width":960,"height":640},{"id":"ccaeea76-8c3b-44a1-ac09-805df7328122","url":"https://megapx-assets.dcard.tw/images/e8ee4fec-8939-470f-b6b2-776e152a9202/full.jpeg","normalizedUrl":"https://megapx.dcard.tw/v1/images/e8ee4fec-8939-470f-b6b2-776e152a9202","thumbnail":"https://megapx-assets.dcard.tw/images/e8ee4fec-8939-470f-b6b2-776e152a9202/640.jpeg","type":"image/megapx","tags":["ANNOTATED"],"createdAt":"2020-01-26T19:22:15.905Z","updatedAt":"2020-01-30T01:56:29.997Z","width":680,"height":453},{"id":"2bb1e345-7399-433c-b8ac-aa475bbb8b26","url":"https://megapx-assets.dcard.tw/images/88092122-944d-42cc-8dbb-810a830dfaa7/full.jpeg","normalizedUrl":"https://megapx.dcard.tw/v1/images/88092122-944d-42cc-8dbb-810a830dfaa7","thumbnail":"https://megapx-assets.dcard.tw/images/88092122-944d-42cc-8dbb-810a830dfaa7/640.jpeg","type":"image/megapx","tags":["ANNOTATED"],"createdAt":"2020-01-26T19:22:15.905Z","updatedAt":"2020-01-30T01:56:29.997Z","width":960,"height":640},{"id":"c89f9b3c-c2a3-4c0f-9848-ae09a6f303b6","url":"https://megapx-assets.dcard.tw/images/642f66b5-b841-4c9d-8b9a-d83e0450038e/full.jpeg","normalizedUrl":"https://megapx.dcard.tw/v1/images/642f66b5-b841-4c9d-8b9a-d83e0450038e","thumbnail":"https://megapx-assets.dcard.tw/images/642f66b5-b841-4c9d-8b9a-d83e0450038e/160.jpeg","type":"image/megapx","tags":["ANNOTATED"],"createdAt":"2020-01-26T19:22:15.905Z","updatedAt":"2020-01-30T01:56:29.997Z","width":320,"height":320},{"id":"c58d0e94-527f-4e5f-8129-8563de1c55a4","url":"https://megapx-assets.dcard.tw/images/528083ea-1b32-4b60-94a6-7b4a9bf4f735/full.jpeg","normalizedUrl":"https://megapx.dcard.tw/v1/images/528083ea-1b32-4b60-94a6-7b4a9bf4f735","thumbnail":"https://megapx-assets.dcard.tw/images/528083ea-1b32-4b60-94a6-7b4a9bf4f735/640.jpeg","type":"image/megapx","tags":["ANNOTATED"],"createdAt":"2020-01-26T19:25:01.784Z","updatedAt":"2020-01-30T01:56:29.997Z","width":572,"height":1280},{"id":"b4f5ff2f-64f4-4be6-98e9-bdc180768bf8","url":"https://megapx-assets.dcard.tw/images/92fafc52-966c-426e-9d67-b2da2a6b2845/1280.jpeg","normalizedUrl":"https://megapx.dcard.tw/v1/images/92fafc52-966c-426e-9d67-b2da2a6b2845","thumbnail":"https://megapx-assets.dcard.tw/images/92fafc52-966c-426e-9d67-b2da2a6b2845/640.jpeg","type":"image/megapx","tags":["ANNOTATED"],"createdAt":"2020-01-27T01:47:43.084Z","updatedAt":"2020-01-30T01:56:29.997Z","width":750,"height":1813},{"id":"37f8f6ed-66bb-4c13-86a8-ac7506b06e19","url":"https://megapx-assets.dcard.tw/images/f23296bd-4932-4cb3-bb0b-9cfc674cc2cc/full.jpeg","normalizedUrl":"https://megapx.dcard.tw/v1/images/f23296bd-4932-4cb3-bb0b-9cfc674cc2cc","thumbnail":"https://megapx-assets.dcard.tw/images/f23296bd-4932-4cb3-bb0b-9cfc674cc2cc/320.jpeg","type":"image/megapx","tags":["ANNOTATED"],"createdAt":"2020-01-26T19:22:15.905Z","updatedAt":"2020-01-30T01:56:29.997Z","width":640,"height":360},{"id":"82551ee9-5b97-41d3-834d-7af29498ba82","url":"https://megapx-assets.dcard.tw/images/db7d9cba-8be3-4cdd-8450-9defadb4fed1/full.jpeg","normalizedUrl":"https://megapx.dcard.tw/v1/images/db7d9cba-8be3-4cdd-8450-9defadb4fed1","thumbnail":"https://megapx-assets.dcard.tw/images/db7d9cba-8be3-4cdd-8450-9defadb4fed1/640.jpeg","type":"image/megapx","tags":["ANNOTATED"],"createdAt":"2020-01-26T19:22:15.905Z","updatedAt":"2020-01-30T01:56:29.997Z","width":1000,"height":724},{"id":"8c8c69e8-1be1-4709-aed7-f34c50fc8d46","url":"https://megapx-assets.dcard.tw/images/bc3424a8-b5f6-4c15-8138-c44d31fd50aa/full.jpeg","normalizedUrl":"https://megapx.dcard.tw/v1/images/bc3424a8-b5f6-4c15-8138-c44d31fd50aa","thumbnail":"https://megapx-assets.dcard.tw/images/bc3424a8-b5f6-4c15-8138-c44d31fd50aa/640.jpeg","type":"image/megapx","tags":["ANNOTATED"],"createdAt":"2020-01-26T19:22:15.905Z","updatedAt":"2020-01-30T01:56:29.997Z","width":1280,"height":720}],"postAvatar":""}