{"id":232946665,"title":"［後記］なにわ男子 First Live Tour 2019 ～なにわと一緒に#アオハルしよ？～  12/24昼大阪場💕#後篇","content":"接續上篇~~\n沒看過的請點➡️\n\nhttps://www.dcard.tw/f/entertainer/p/232929988?ref=android\n--------------------------❄❄❄❄❄------------------------\nMC結束後\n道枝去拿吉他後半就開始啦💕\n\n8.オレンジ\n★道枝アコギで全員が生歌披露\nhttps://i.imgur.com/n4unVZ7.jpg\n✓大家各自坐著站著在台階上然後道枝彈著吉他，容我說一句…道枝彈吉他真的好帥🥺全團唱オレンジ真的超好聽的啊😭😭\n開頭一開始的時候真的只有感動,經我朋友激動描述，道枝開始時都會看著恭平，這是何等的默契啊😭讓我道恭多刷幾發啊~~\n完全就是耳朵幸福的時候，要說大前輩的歌真的好好聽♥️\n最後吉他結束的那一下，道枝超級帥的!!\n對了！要開始前大橋忘了脖子上還掛著毛巾w結果被全團提醒了w\n\n19.リルミラクル\n✓個人我好喜歡小朋友的這首很好聽~~\n所以阪蛋也有這首的時候我好開心啊QQ\n(慘了我要掉坑了嗎😂😂）\nhttps://i.imgur.com/IU4BxQi.jpg\nhttps://i.imgur.com/kbXzv3Q.jpg\n\n\n20.夜の影(西畑 大橋 藤原)\n✓來了來了！！！就是這首~~~兄組啊~~~帥的我血都來不及補了我🚑🚑🚑\n真的超帥超帥超超超超級帥的！！！我到現在也還沒辦法忘記😭😭\n三個跳舞真的是快。很。準，而且只有一個字能形容「帥」沒有別的了！\n尤其第二段坐在地上那三個輪流的唱，超帥從地上起來的時候大吾剛好接下一句直接跳起來帥的我不行了\n反正這首就是只有帥能形容了🥺https://i.imgur.com/b8yUMfW.jpg\nP.S聽說他們的這件是Kis My的大吾好像是穿北北的\n\n21.MU-CHU-DE恋してる(大西 道枝 長尾 高橋)\n✓而弟組的就是走可愛風，還真的是超級可愛的，配上那件可愛的藍色鑽石服~真的是小可愛的愛豆啊💗\nhttps://i.imgur.com/68R21cP.jpg\n\n22.ダイヤモンドスマイル\n✓鑽石的微笑真的是一首無敵好的歌！\n剛出這首的時候每次心情不好都會聽這首，大吾甜甜的笑容真的讓我甜到心裡了💕\n當時出這件衣服的時候其實滿嫌棄的哈哈\n但這次親眼見到我覺得真的很好看\n終於親眼見到藍色披風衣了😭\n\n23.White Love\n✓聽到這首我當下不小心想到跳的台控台語版XDD\n白愛真的太好聽了~~~他們那個踏的真的很帥~每一個都超級認真的💕\n\n24.Love rainbow\n✓我回去跟我嵐飯朋友說我戀愛了哈哈哈w\n真的是太太太太好聽了！！\n\n★Lilかんさいダンス\n✓不得不說看到小朋友們跳舞我覺得我真的太幸福了~~他們真的太可愛了！！都長大了\n一個個都是可愛的小王子嗚嗚嗚😭\n\n25.ミッドナイトデビル\n✓這首我超喜歡，在少俱至少看了十遍了！現場果然更好看！\n七個人整個都超級無敵帥的😭我對大吾的笑心動了真的帥到不行！而且他這個根本wink連發\n\n26.2 Faced(新曲)\n✓來了來了！！就是這個~~~新歌啊！！\n首次聽的時候我真的覺得真的超帥的，完全是帥到一個爆炸！衣服真的是無敵好看的！！長尾弟弟太厲害了啦！尤其他那件真的超好看的，當初因為看到有人說這首大吾第一段有吹口哨w真的是帥的可以，但我特別喜歡是中間在伴奏在跳舞那，手伸往前在拉回那裡真的很帥，加上大吾跳舞的時候的認真真的是好帥啊，不小心那裡尖叫了一下w！還有我也特別喜歡丈和大橋的獨唱！第二段是恭平說「Les't shake kiss follow」這真的超級帥的！！！請允許我脫坑飯恭平三秒鐘（滾）\n新歌只有滿滿的殺人事件吧XDD\nhttps://i.imgur.com/pBpoUnG.jpg\n\n27.ロマンティック\n✓這首打call很多，喜歡互動的粉絲一定會很開心😊\n\n28.ハピラキ\n✓其實聽到這首感覺就快要結束了有點可惜啊~~還看不夠的感覺😂但這首歌就如同歌名一樣要聽的開心幸運啊💕\n\n★なにわ男子挨拶(1人ずつ)\n這次挨拶是長尾弟弟~~\n至於說了什麼我也大概忘得差不多了🤦\n就是希望大家要繼續支持他們喔~~\n\n29.僕空\nhttps://i.imgur.com/GALRGT7.jpg\n\n✓這首是為了萬博出了之後我超愛的歌之一！真的超好聽的！當初廣播有音源的時候我至少每天聽五次💕\n這場這首也讓我記憶難忘了😂因為第二句大吾的「汗ばむ～」的「あ」直接破音了哈哈w自己發現了還不好意思的笑出來了w但這首這句真的很難唱啊，每次我聽都為他捏一把冷汗XDD但也讓我直接印象深刻w而且在控上是直接一整首！第二段竟然是丈我太開心了啊~~這首竟然是丈橋♥️\n\n用這首歌做完結我也是滿足了~接下來就進行到安口啦！！\n\n★アンコール\n他們安口好像會有分各自在哪一樓的團員,這場的排序看了推上的人說是這樣排的~\n客降り\n✨1階 藤原 大西\n✨2階 西畑 大橋\n✨3階 道枝 高橋 長尾\n30.関西アイランド\n✓這首歌就是粉絲偶像見面會（？）\n七個人會分別有幾個上到樓層互動~\n因為一樓是丈和流星所以兩個一下子就到舞台上了，但因為是從外面進來，所以都是從後面進來，很幸運的看到了丈和流星走過來剛好路線是交叉了，說真的丈真的超帥！流星真的好可愛😭為了讓每個粉絲都能看到吧超用心的♥️接下來就換道枝，恭平，和長尾了直接看到道枝跟恭平從我這邊的門走下來他們兩個太可愛了啊😭長尾弟弟因為不是這邊的沒看到他走過來我這😔其實我超級害怕大吾不會走過來的…原本還一直找不到他的人（太矮了啦）有點放棄了…但想說看下舞台大吾上台了沒，結果沒看到轉到後面去的那瞬間！！我多希望時間可以慢下來啊~~大吾從我後面通路走過去😭真的是大吾啊！！！超級可愛超級帥的嗚嗚嗚我的天啊，尤其那個順毛黑髮我的媽啊！讓我死一百遍都值得！！這麼近距離的看自擔做夢都沒想到，突然覺得一切來都值得了😭但大橋我不知道是我沒注意還是真的沒走過來…有點可惜啊😔\n\n他們身上每個人穿自己應援色的控踢和戴自己應援色的帽子~帽子在哪買應該都是在USJ自己去尋找吧~~\n\n這首関西アイランド就在這歡樂的尖叫聲度過了~\nhttps://i.imgur.com/hecKGEw.jpg\n\n31.アオハル\n✓接下來真的是最後一首了😭\n想不到青春這麼短就要結束了啊（×）\n這裡想不到大吾去我們那側的外舞台！雖然離我滿遠的w但大橋，大吾在那邊給我砰砰頭！！！大吾笑的超甜的啊啊啊啊我直接叫了出來嗚嗚嗚😭\n然後道枝的アオハルしよ變成了大阪愛しでるよ💕\n然後大吾跟道枝玩的很開心我也不知道在玩甚麼可以這麼開心😂\n\n最後一句大吾改成なにふぁむ~~\n最後都讓你亂改就好了啊w\n完美的結束了表演💕\n\n接下來就是個團員說些話~\n然後小朋友出來謝幕啦~小朋友太可愛啊！尤其大西風雅小可愛w竟然舉起拳頭XDDD最後還是笑場了太可愛了w其他小朋友也好可愛啊🥺\n\n最後就是大家一起喊なにわ男子啦！！！！\n結果大吾要整合說的時候w在那邊あい的時候大家都在亂w太可愛了哈哈然後好像是大吾亂叫甚麼太可愛了w\n最後就是\n\n♥️💚💙🧡💛💜💗\nなにわ：\\  \\俺たちか~~なにわ~~~/  /\n\n：\\    \\男子/   /\n\n然後就噴彩帶啦~~🎉🎉🎉\n\n這場控完美的結束了😊\n\n這次很開心能豐收彩帶😊謝謝一起看控連番的好親友💗\n \nhttps://i.imgur.com/ai1ZFCT.jpg\n\n這次控真的經歷了許多的困難，但真的一到那，一開場，真的覺得一切的那些辛苦都值得了！一大早起床趕坐飛機，下飛機馬上衝地鐵，雖然辛苦但真的很開心，追星就是讓人能忘掉煩惱和痛苦，可以讓人為明天的生活工作更加油更努力。\n\n雖然自己喜歡上關西小傑尼斯沒有很久，但能參與到なにわ第一場控真的無比的開心\n  https://i.imgur.com/ME6OZiI.jpg\n\n能這麼近親眼見到西畑大吾也是真的很開心\n讓自己有動力繼續努力下去！\nhttps://i.imgur.com/IJrs4ln.jpg\n\n\n謝謝這次讓我有機會去看控的朋友😭能一起連番真的太好了\n美好的聖誕夜🎄謝謝這次的機會\n雖然後來回去的時候自己又差點路痴趕不上地鐵哈哈w\n以後不知道路還是趕快問別人好了XDD\nhttps://i.imgur.com/1pjHfyt.jpg\n\n\n希望今年還能跟你一起Shall we AOHAUR！💕\n\nhttps://i.imgur.com/CGvvzQk.jpg\n\n\nなにわ男子 First Live Tour 2019 ～なにわと一緒に#アオハルしよ？～  \n12/24昼大阪場 完結♥️\n\n謝謝耐心看完的你們♥️我第一次寫這麼可怕的東西w要是NEWS的我也這麼認真寫就好了w\n\n祝耐心看完這兩篇的朋友們可以中票神席啊😊\nhttps://i.imgur.com/K83xLIq.jpg","excerpt":"接續上篇~~，沒看過的請點️，--------------------------------------------------，MC結束後，道枝去拿吉他後半就開始啦，8.オレンジ，道枝アコギで全員","anonymousSchool":false,"anonymousDepartment":false,"pinned":false,"forumId":"14f573f5-3f02-4821-8e18-f561d7b7db91","replyId":null,"createdAt":"2020-01-23T16:54:30.696Z","updatedAt":"2020-01-27T15:07:23.663Z","commentCount":2,"likeCount":23,"tags":[],"topics":["大阪","演唱會","追星","傑尼斯","Naniwa男子"],"supportedReactions":null,"withNickname":true,"reportReason":"","hiddenByAuthor":false,"meta":{"layout":"classic"},"forumName":"追星","forumAlias":"entertainer","school":"なにわ何時出道💕","department":"koyakeito","replyTitle":null,"gender":"F","personaSubscriptable":false,"reactions":[{"id":"286f599c-f86a-4932-82f0-f5a06f1eca03","count":21},{"id":"4b018f48-e184-445f-adf1-fc8e04ba09b9","count":1},{"id":"aa0d425f-d530-4478-9a77-fe3aedc79eea","count":1}],"hidden":false,"customStyle":null,"isSuspiciousAccount":false,"layout":"classic","withImages":true,"withVideos":false,"media":[{"url":"https://i.imgur.com/n4unVZ7.jpg"},{"url":"https://i.imgur.com/IU4BxQi.jpg"},{"url":"https://i.imgur.com/kbXzv3Q.jpg"},{"url":"https://i.imgur.com/b8yUMfW.jpg"},{"url":"https://i.imgur.com/68R21cP.jpg"},{"url":"https://i.imgur.com/pBpoUnG.jpg"},{"url":"https://i.imgur.com/GALRGT7.jpg"},{"url":"https://i.imgur.com/hecKGEw.jpg"},{"url":"https://i.imgur.com/ai1ZFCT.jpg"},{"url":"https://i.imgur.com/ME6OZiI.jpg"},{"url":"https://i.imgur.com/IJrs4ln.jpg"},{"url":"https://i.imgur.com/1pjHfyt.jpg"},{"url":"https://i.imgur.com/CGvvzQk.jpg"},{"url":"https://i.imgur.com/K83xLIq.jpg"}],"reportReasonText":"","mediaMeta":[{"id":"4273bbe8-00bd-4e58-848d-11f18613a5a5","url":"https://i.imgur.com/n4unVZ7l.jpg","normalizedUrl":"https://i.imgur.com/n4unVZ7l.jpg","thumbnail":"https://i.imgur.com/n4unVZ7l.jpg","type":"image/thumbnail","tags":["ANNOTATED"],"createdAt":"2020-01-23T16:54:30.696Z","updatedAt":"2020-01-27T15:07:23.663Z"},{"id":"4273bbe8-00bd-4e58-848d-11f18613a5a5","url":"https://i.imgur.com/n4unVZ7.jpg","normalizedUrl":"https://imgur.com/n4unVZ7","thumbnail":"https://i.imgur.com/n4unVZ7l.jpg","type":"image/imgur","tags":["ANNOTATED"],"createdAt":"2020-01-23T16:54:30.696Z","updatedAt":"2020-01-27T15:07:23.663Z"},{"id":"ffd220bd-19c9-4107-b266-957f79bf7f81","url":"https://i.imgur.com/IU4BxQi.jpg","normalizedUrl":"https://imgur.com/IU4BxQi","thumbnail":"https://i.imgur.com/IU4BxQil.jpg","type":"image/imgur","tags":["ANNOTATED"],"createdAt":"2020-01-23T16:54:30.696Z","updatedAt":"2020-01-27T15:07:23.663Z"},{"id":"ba69f6bf-76ab-460e-a5f6-7f31bd3744b1","url":"https://i.imgur.com/kbXzv3Q.jpg","normalizedUrl":"https://imgur.com/kbXzv3Q","thumbnail":"https://i.imgur.com/kbXzv3Ql.jpg","type":"image/imgur","tags":["ANNOTATED"],"createdAt":"2020-01-23T16:54:30.696Z","updatedAt":"2020-01-27T15:07:23.663Z"},{"id":"4483a448-1e8b-4dd0-b76a-e111f3780eaf","url":"https://i.imgur.com/b8yUMfW.jpg","normalizedUrl":"https://imgur.com/b8yUMfW","thumbnail":"https://i.imgur.com/b8yUMfWl.jpg","type":"image/imgur","tags":["ANNOTATED"],"createdAt":"2020-01-23T16:54:30.696Z","updatedAt":"2020-01-27T15:07:23.663Z"},{"id":"548f906d-2ec1-4351-b592-774f73472d92","url":"https://i.imgur.com/68R21cP.jpg","normalizedUrl":"https://imgur.com/68R21cP","thumbnail":"https://i.imgur.com/68R21cPl.jpg","type":"image/imgur","tags":["ANNOTATED"],"createdAt":"2020-01-23T16:54:30.696Z","updatedAt":"2020-01-27T15:07:23.663Z"},{"id":"f18cee9e-3634-4aec-9d31-ec068aacf2e2","url":"https://i.imgur.com/pBpoUnG.jpg","normalizedUrl":"https://imgur.com/pBpoUnG","thumbnail":"https://i.imgur.com/pBpoUnGl.jpg","type":"image/imgur","tags":["ANNOTATED"],"createdAt":"2020-01-23T16:54:30.696Z","updatedAt":"2020-01-27T15:07:23.663Z"},{"id":"ff6aca46-1ed9-4598-b848-f1389b567704","url":"https://i.imgur.com/GALRGT7.jpg","normalizedUrl":"https://imgur.com/GALRGT7","thumbnail":"https://i.imgur.com/GALRGT7l.jpg","type":"image/imgur","tags":["ANNOTATED"],"createdAt":"2020-01-27T15:07:23.663Z","updatedAt":"2020-01-27T15:07:23.663Z"},{"id":"9cd0d64d-4364-4e08-ad72-26bcc62120fb","url":"https://i.imgur.com/hecKGEw.jpg","normalizedUrl":"https://imgur.com/hecKGEw","thumbnail":"https://i.imgur.com/hecKGEwl.jpg","type":"image/imgur","tags":["ANNOTATED"],"createdAt":"2020-01-23T16:54:30.696Z","updatedAt":"2020-01-27T15:07:23.663Z"},{"id":"76c7e00b-2e7d-4252-b915-e13de5e4dad8","url":"https://i.imgur.com/ai1ZFCT.jpg","normalizedUrl":"https://imgur.com/ai1ZFCT","thumbnail":"https://i.imgur.com/ai1ZFCTl.jpg","type":"image/imgur","tags":["ANNOTATED"],"createdAt":"2020-01-23T16:54:30.696Z","updatedAt":"2020-01-27T15:07:23.663Z"},{"id":"8d2b7da7-f432-4aef-b4db-a6d30cfbb3a8","url":"https://i.imgur.com/ME6OZiI.jpg","normalizedUrl":"https://imgur.com/ME6OZiI","thumbnail":"https://i.imgur.com/ME6OZiIl.jpg","type":"image/imgur","tags":["ANNOTATED"],"createdAt":"2020-01-23T16:54:30.696Z","updatedAt":"2020-01-27T15:07:23.663Z"},{"id":"b2a2dd3e-5f7c-4cd5-adfe-d2dd676793e8","url":"https://i.imgur.com/IJrs4ln.jpg","normalizedUrl":"https://imgur.com/IJrs4ln","thumbnail":"https://i.imgur.com/IJrs4lnl.jpg","type":"image/imgur","tags":["ANNOTATED"],"createdAt":"2020-01-23T16:54:30.696Z","updatedAt":"2020-01-27T15:07:23.663Z"},{"id":"8226bc16-2f83-4a80-a59f-9e431a7ce2d9","url":"https://i.imgur.com/1pjHfyt.jpg","normalizedUrl":"https://imgur.com/1pjHfyt","thumbnail":"https://i.imgur.com/1pjHfytl.jpg","type":"image/imgur","tags":["ANNOTATED"],"createdAt":"2020-01-23T16:54:30.696Z","updatedAt":"2020-01-27T15:07:23.663Z"},{"id":"fcd4b681-f645-46b9-b092-01d618f299e9","url":"https://i.imgur.com/CGvvzQk.jpg","normalizedUrl":"https://imgur.com/CGvvzQk","thumbnail":"https://i.imgur.com/CGvvzQkl.jpg","type":"image/imgur","tags":["ANNOTATED"],"createdAt":"2020-01-23T16:54:30.696Z","updatedAt":"2020-01-27T15:07:23.663Z"},{"id":"892cf00e-0691-4870-a95f-aebe9b9b79f9","url":"https://i.imgur.com/K83xLIq.jpg","normalizedUrl":"https://imgur.com/K83xLIq","thumbnail":"https://i.imgur.com/K83xLIql.jpg","type":"image/imgur","tags":["ANNOTATED"],"createdAt":"2020-01-24T02:11:55.590Z","updatedAt":"2020-01-27T15:07:23.663Z"}],"postAvatar":""}