{"id":232938937,"title":"KT反告謝和弦誣告及毀謗👍🏻","content":"Keanna於22日透過律師將刑事告訴狀送進了新北地檢署，主要是提告謝和弦以及莉婭「誣告罪」，同時僅透過律師向《ETtoday新聞雲》記者表示：「本人正式向法院對陳莉涵小姐與謝和弦先生提出誣告罪之告訴。」\n\n此外，除了誣告罪，Keanna同時也對謝和弦以及某家媒體的記者提出了加重毀謗罪。對於3人的詳細提告內容，律師不願意再多談，僅表示等到對方出庭後就會知道了。\nhttps://megapx-assets.dcard.tw/images/b9c43e76-f60c-44b7-9790-3052f19a5cc8/full.jpeg","excerpt":"Keanna於22日透過律師將刑事告訴狀送進了新北地檢署，主要是提告謝和弦以及莉婭「誣告罪」，同時僅透過律師向《ETtoday新聞雲》記者表示：「本人正式向法院對陳莉涵小姐與謝和弦先生提出誣告罪之告訴","anonymousSchool":false,"anonymousDepartment":true,"pinned":false,"forumId":"14f573f5-3f02-4821-8e18-f561d7b7db91","replyId":232842772,"createdAt":"2020-01-22T12:46:14.668Z","updatedAt":"2020-01-22T12:46:14.668Z","commentCount":184,"likeCount":2855,"tags":[],"topics":["謝和弦","KT","莉婭","劈腿"],"supportedReactions":null,"withNickname":false,"reportReason":"","hiddenByAuthor":false,"meta":{"layout":"classic"},"forumName":"追星","forumAlias":"entertainer","school":"國立中興大學","replyTitle":"#集中討論 KT沉默多日出聲了","gender":"F","personaSubscriptable":false,"reactions":[{"id":"286f599c-f86a-4932-82f0-f5a06f1eca03","count":2821},{"id":"e8e6bc5d-41b0-4129-b134-97507523d7ff","count":19},{"id":"aa0d425f-d530-4478-9a77-fe3aedc79eea","count":10},{"id":"011ead16-9b83-4729-9fde-c588920c6c2d","count":3},{"id":"4b018f48-e184-445f-adf1-fc8e04ba09b9","count":2}],"hidden":false,"customStyle":null,"isSuspiciousAccount":false,"layout":"classic","withImages":true,"withVideos":false,"media":[{"url":"https://megapx-assets.dcard.tw/images/b9c43e76-f60c-44b7-9790-3052f19a5cc8/full.jpeg"}],"reportReasonText":"","mediaMeta":[{"id":"c754072c-24e6-4136-b314-043e439d4cd8","url":"https://megapx-assets.dcard.tw/images/b9c43e76-f60c-44b7-9790-3052f19a5cc8/640.jpeg","normalizedUrl":"https://megapx-assets.dcard.tw/images/b9c43e76-f60c-44b7-9790-3052f19a5cc8/640.jpeg","thumbnail":"https://megapx-assets.dcard.tw/images/b9c43e76-f60c-44b7-9790-3052f19a5cc8/640.jpeg","type":"image/thumbnail","tags":["ANNOTATED"],"createdAt":"2020-01-22T12:46:14.668Z","updatedAt":"2020-01-22T12:46:14.668Z","width":640,"height":429},{"id":"c754072c-24e6-4136-b314-043e439d4cd8","url":"https://megapx-assets.dcard.tw/images/b9c43e76-f60c-44b7-9790-3052f19a5cc8/full.jpeg","normalizedUrl":"https://megapx.dcard.tw/v1/images/b9c43e76-f60c-44b7-9790-3052f19a5cc8","thumbnail":"https://megapx-assets.dcard.tw/images/b9c43e76-f60c-44b7-9790-3052f19a5cc8/640.jpeg","type":"image/megapx","tags":["ANNOTATED"],"createdAt":"2020-01-22T12:46:14.668Z","updatedAt":"2020-01-22T12:46:14.668Z","width":1033,"height":692}],"postAvatar":""}