{"id":232963633,"title":"今天的你/妳也在想WannaOne嗎👉☝️","content":"오늘따라 보고싶은 우리원（今天格外想念我們碗）\nhttps://megapx-assets.dcard.tw/images/7f58bb64-3164-455a-9a47-d2b3f4c193f2/1280.jpeg\nhttps://megapx-assets.dcard.tw/images/5d935c4e-2602-42ac-bc14-2f902d1b5728/1280.jpeg\n@ladocevita0807\n一下子就過了一年，春風拂過，你們仍在❤️\n我們可能再也聽不到你們一起喊出Wannable\n但我們可以替你們大聲的說\n“all I wanna do WANNAONE”\n#Therefore_one_year\n#열한개의별_언제나_응원해\n\n附上190127 Therefore連結ㅠㅠ\nhttps://b23.tv/av42650347\n\n愛你們的茄","excerpt":"오늘따라 보고싶은 우리원（今天格外想念我們碗），@ladocevita0807，一下子就過了一年，春風拂過，你們仍在️，我們可能再也聽不到你們一起喊出Wannable，但我們可以替你們大聲的說，“a","anonymousSchool":false,"anonymousDepartment":true,"pinned":false,"forumId":"14f573f5-3f02-4821-8e18-f561d7b7db91","replyId":null,"createdAt":"2020-01-26T18:05:11.493Z","updatedAt":"2020-01-27T04:20:53.412Z","commentCount":24,"likeCount":514,"tags":[],"topics":["WannaOne","Wannable"],"supportedReactions":null,"withNickname":false,"reportReason":"","hiddenByAuthor":false,"meta":{"layout":"classic"},"forumName":"追星","forumAlias":"entertainer","school":"朝陽科技大學","replyTitle":null,"gender":"F","personaSubscriptable":false,"reactions":[{"id":"286f599c-f86a-4932-82f0-f5a06f1eca03","count":501},{"id":"514c2569-fd53-4d9d-a415-bf0f88e7329f","count":12},{"id":"aa0d425f-d530-4478-9a77-fe3aedc79eea","count":1}],"hidden":false,"customStyle":null,"isSuspiciousAccount":false,"layout":"classic","withImages":true,"withVideos":false,"media":[{"url":"https://megapx-assets.dcard.tw/images/7f58bb64-3164-455a-9a47-d2b3f4c193f2/1280.jpeg"},{"url":"https://megapx-assets.dcard.tw/images/5d935c4e-2602-42ac-bc14-2f902d1b5728/1280.jpeg"}],"reportReasonText":"","mediaMeta":[{"id":"429f3849-a5aa-4cf4-abed-0d1f762cb080","url":"https://megapx-assets.dcard.tw/images/7f58bb64-3164-455a-9a47-d2b3f4c193f2/640.jpeg","normalizedUrl":"https://megapx-assets.dcard.tw/images/7f58bb64-3164-455a-9a47-d2b3f4c193f2/640.jpeg","thumbnail":"https://megapx-assets.dcard.tw/images/7f58bb64-3164-455a-9a47-d2b3f4c193f2/640.jpeg","type":"image/thumbnail","tags":["ANNOTATED"],"createdAt":"2020-01-26T18:05:11.493Z","updatedAt":"2020-01-27T04:20:53.412Z","width":640,"height":427},{"id":"429f3849-a5aa-4cf4-abed-0d1f762cb080","url":"https://megapx-assets.dcard.tw/images/7f58bb64-3164-455a-9a47-d2b3f4c193f2/1280.jpeg","normalizedUrl":"https://megapx.dcard.tw/v1/images/7f58bb64-3164-455a-9a47-d2b3f4c193f2","thumbnail":"https://megapx-assets.dcard.tw/images/7f58bb64-3164-455a-9a47-d2b3f4c193f2/640.jpeg","type":"image/megapx","tags":["ANNOTATED"],"createdAt":"2020-01-26T18:05:11.493Z","updatedAt":"2020-01-27T04:20:53.412Z","width":2000,"height":1334},{"id":"4fb86469-e693-4772-87bf-a04655d71ca1","url":"https://megapx-assets.dcard.tw/images/5d935c4e-2602-42ac-bc14-2f902d1b5728/1280.jpeg","normalizedUrl":"https://megapx.dcard.tw/v1/images/5d935c4e-2602-42ac-bc14-2f902d1b5728","thumbnail":"https://megapx-assets.dcard.tw/images/5d935c4e-2602-42ac-bc14-2f902d1b5728/640.jpeg","type":"image/megapx","tags":["ANNOTATED"],"createdAt":"2020-01-26T18:05:11.493Z","updatedAt":"2020-01-27T04:20:53.412Z","width":2000,"height":1334}],"postAvatar":""}