{"id":232976942,"title":"SEVENTEEN Ode to You 衣服","content":"請問有克拉們買了Ode to You周邊 成員設計的衣服嗎~？ 因為Size只分M/L 想知道是男版 還是 女版的~ 避免到時候買了L女生穿會太大件😂       還請有買過的周邊的克拉女神們分享一下~~~https://i.imgur.com/Qcd9UCg.jpg","excerpt":"請問有克拉們買了Ode to You周邊 成員設計的衣服嗎~？ 因為Size只分M/L 想知道是男版 還是 女版的~ 避免到時候買了L女生穿會太大件       還請有買過的周邊的克拉女神們分享一下~","anonymousSchool":false,"anonymousDepartment":true,"pinned":false,"forumId":"14f573f5-3f02-4821-8e18-f561d7b7db91","replyId":null,"createdAt":"2020-01-29T06:47:26.035Z","updatedAt":"2020-01-29T06:47:26.035Z","commentCount":9,"likeCount":9,"tags":[],"topics":["韓星","演唱會","SEVENTEEN","ODETOYOU"],"supportedReactions":null,"withNickname":false,"reportReason":"","hiddenByAuthor":false,"meta":{"layout":"classic"},"forumName":"追星","forumAlias":"entertainer","school":"輔仁大學","replyTitle":null,"gender":"F","personaSubscriptable":false,"reactions":[{"id":"286f599c-f86a-4932-82f0-f5a06f1eca03","count":9}],"hidden":false,"customStyle":null,"isSuspiciousAccount":false,"layout":"classic","withImages":true,"withVideos":false,"media":[{"url":"https://i.imgur.com/Qcd9UCg.jpg"}],"reportReasonText":"","mediaMeta":[{"id":"bf9fd5af-5210-4d89-8e86-5809f08725a3","url":"https://i.imgur.com/Qcd9UCgl.jpg","normalizedUrl":"https://i.imgur.com/Qcd9UCgl.jpg","thumbnail":"https://i.imgur.com/Qcd9UCgl.jpg","type":"image/thumbnail","tags":["ANNOTATED"],"createdAt":"2020-01-29T06:47:26.035Z","updatedAt":"2020-01-29T06:47:26.035Z"},{"id":"bf9fd5af-5210-4d89-8e86-5809f08725a3","url":"https://i.imgur.com/Qcd9UCg.jpg","normalizedUrl":"https://imgur.com/Qcd9UCg","thumbnail":"https://i.imgur.com/Qcd9UCgl.jpg","type":"image/imgur","tags":["ANNOTATED"],"createdAt":"2020-01-29T06:47:26.035Z","updatedAt":"2020-01-29T06:47:26.035Z"}],"postAvatar":""}