{"id":232957990,"title":"原來Debby和(G)I-DLE舒華認識💛","content":"剛剛看Debby的限時動態，突然出現一個很熟悉的身影⋯⋯這不是舒華嗎？？\nhttps://megapx-assets.dcard.tw/images/f5cad7af-5570-4a0c-bc2e-0ffa6a014665/1280.jpeg\n\n可能有些人不知道Debby是誰，她是曾經在韓國女團DayDay的成員。雖然後來團體解散了，但是Debby仍然在韓國1 MILLION 精進她的舞蹈。\nhttps://megapx-assets.dcard.tw/images/7539832f-a1ff-4a1f-a895-a555ea1b0f95/1280.jpeg\n\nhttps://www.dcard.tw/v2/vivid/videos/18cd8ab6-6af0-43d2-a8f1-a7cc1d27f153?r=2.1621621621621623\n沒想到兩位有交情，看到覺得莫名開心呢～","excerpt":"剛剛看Debby的限時動態，突然出現一個很熟悉的身影⋯⋯這不是舒華嗎？？可能有些人不知道Debby是誰，她是曾經在韓國女團DayDay的成員。雖然後來團體解散了，但是Debby仍然在韓國1 MILLI","anonymousSchool":false,"anonymousDepartment":true,"pinned":false,"forumId":"14f573f5-3f02-4821-8e18-f561d7b7db91","replyId":null,"createdAt":"2020-01-25T18:07:42.166Z","updatedAt":"2020-01-25T18:12:48.344Z","commentCount":21,"likeCount":923,"tags":[],"topics":["舒華","韓星","GIDLE"],"supportedReactions":null,"withNickname":false,"reportReason":"","hiddenByAuthor":false,"meta":{"layout":"classic"},"forumName":"追星","forumAlias":"entertainer","school":"淡江大學","replyTitle":null,"gender":"F","personaSubscriptable":false,"reactions":[{"id":"286f599c-f86a-4932-82f0-f5a06f1eca03","count":919},{"id":"4b018f48-e184-445f-adf1-fc8e04ba09b9","count":2},{"id":"e8e6bc5d-41b0-4129-b134-97507523d7ff","count":2}],"hidden":false,"customStyle":null,"isSuspiciousAccount":false,"layout":"classic","withImages":true,"withVideos":true,"media":[{"url":"https://megapx-assets.dcard.tw/images/f5cad7af-5570-4a0c-bc2e-0ffa6a014665/1280.jpeg"},{"url":"https://megapx-assets.dcard.tw/images/7539832f-a1ff-4a1f-a895-a555ea1b0f95/1280.jpeg"},{"url":"https://vivid.dcard.tw/Public/18cd8ab6-6af0-43d2-a8f1-a7cc1d27f153/thumbnail.jpg"}],"reportReasonText":"","mediaMeta":[{"id":"2ab31149-9dfb-4bba-8608-1e57be0d83d0","url":"https://megapx-assets.dcard.tw/images/f5cad7af-5570-4a0c-bc2e-0ffa6a014665/640.jpeg","normalizedUrl":"https://megapx-assets.dcard.tw/images/f5cad7af-5570-4a0c-bc2e-0ffa6a014665/640.jpeg","thumbnail":"https://megapx-assets.dcard.tw/images/f5cad7af-5570-4a0c-bc2e-0ffa6a014665/640.jpeg","type":"image/thumbnail","tags":["ANNOTATED"],"createdAt":"2020-01-25T18:07:42.166Z","updatedAt":"2020-01-25T18:12:48.344Z","width":296,"height":640},{"id":"2ab31149-9dfb-4bba-8608-1e57be0d83d0","url":"https://megapx-assets.dcard.tw/images/f5cad7af-5570-4a0c-bc2e-0ffa6a014665/1280.jpeg","normalizedUrl":"https://megapx.dcard.tw/v1/images/f5cad7af-5570-4a0c-bc2e-0ffa6a014665","thumbnail":"https://megapx-assets.dcard.tw/images/f5cad7af-5570-4a0c-bc2e-0ffa6a014665/640.jpeg","type":"image/megapx","tags":["ANNOTATED"],"createdAt":"2020-01-25T18:07:42.166Z","updatedAt":"2020-01-25T18:12:48.344Z","width":828,"height":1792},{"id":"6a5170b7-43a1-44e2-a8b4-4af21eaeaf71","url":"https://megapx-assets.dcard.tw/images/7539832f-a1ff-4a1f-a895-a555ea1b0f95/1280.jpeg","normalizedUrl":"https://megapx.dcard.tw/v1/images/7539832f-a1ff-4a1f-a895-a555ea1b0f95","thumbnail":"https://megapx-assets.dcard.tw/images/7539832f-a1ff-4a1f-a895-a555ea1b0f95/640.jpeg","type":"image/megapx","tags":["ANNOTATED"],"createdAt":"2020-01-25T18:07:42.166Z","updatedAt":"2020-01-25T18:12:48.344Z","width":828,"height":1472},{"id":"1dc937cd-e02d-4009-bfaa-0bfe07a76eaf","url":"https://www.dcard.tw/v2/vivid/videos/18cd8ab6-6af0-43d2-a8f1-a7cc1d27f153?r=2.1621621621621623","normalizedUrl":"","thumbnail":"https://vivid.dcard.tw/Public/18cd8ab6-6af0-43d2-a8f1-a7cc1d27f153/thumbnail.jpg","type":"video/vivid","tags":["ANNOTATED_FAILED"],"createdAt":"2020-01-25T18:07:42.166Z","updatedAt":"2020-01-25T18:12:48.344Z"}],"postAvatar":""}