{"id":232950280,"title":"開全麥的現場","content":"更\n大家都好熱情啊哈哈哈哈\n超多的我要看不完了謝謝各位\n—\n如題，最近突然很想聽開全麥的舞台\n但音樂放送啊什麼舞台幾乎都是開半麥啊預錄啊或直接沒開\n突然要找也不知道怎麼找起\nMr removed也不準\n麻煩各位粉絲推薦給我全麥現場！感激不盡\n什麼團體都可以～～","excerpt":"更，大家都好熱情啊哈哈哈哈，超多的我要看不完了謝謝各位，—，如題，最近突然很想聽開全麥的舞台，但音樂放送啊什麼舞台幾乎都是開半麥啊預錄啊或直接沒開，突然要找也不知道怎麼找起，Mr removed也不準","anonymousSchool":false,"anonymousDepartment":true,"pinned":false,"forumId":"14f573f5-3f02-4821-8e18-f561d7b7db91","replyId":null,"createdAt":"2020-01-24T10:16:50.049Z","updatedAt":"2020-01-24T17:05:23.795Z","commentCount":88,"likeCount":255,"tags":["HIDE_THUMBNAIL"],"topics":["韓星","追星"],"supportedReactions":null,"withNickname":false,"reportReason":"","hiddenByAuthor":false,"meta":{"layout":"classic"},"forumName":"追星","forumAlias":"entertainer","school":"輔仁大學","replyTitle":null,"gender":"F","personaSubscriptable":false,"reactions":[{"id":"286f599c-f86a-4932-82f0-f5a06f1eca03","count":255}],"hidden":false,"customStyle":null,"isSuspiciousAccount":false,"layout":"classic","withImages":false,"withVideos":false,"media":[],"reportReasonText":"","mediaMeta":[],"postAvatar":""}