{"id":232972331,"title":"心目中最漂亮的女星們","content":"真的很喜歡看美女呀♥️\n來安利幾個神仙顏值的女明星（日/韓/中/台）\n女愛豆部份💎\n 1）momo平井桃 (TWICE)\nhttps://i.imgur.com/xDHHnWC.jpg\nhttps://i.imgur.com/JaMDdet.jpg\n2）周子瑜 (TWICE）\n子瑜真的動態比圖好看太多 所以放動圖\nhttps://i.imgur.com/a0KXX1p.gif\nhttps://i.imgur.com/78SyzS4.gif\n（TWICE真的全員都好漂亮 B16 ）\n3）程瀟（宇宙少女）\n從漫畫中走出來般♥️\nhttps://i.imgur.com/QMs3jDA.jpg\n4）IU李知恩\nIU的顏真的很有個性感♥️\nhttps://i.imgur.com/gE4ZYkf.jpg\n5）周潔瓊 （I.O.I ✨pristin)\n是我最想成為的顏XD\n素顏在 B114\nhttps://i.imgur.com/LJYBhua.jpg\nhttps://i.imgur.com/3iwSfVZ.jpg\nhttps://i.imgur.com/a6cms1R.jpg\n\n6）金世正 （I.O.I ✨gu9udan）\n超可愛的顏♥️\nhttps://i.imgur.com/die5K1P.jpg\n7）鄭秀晶Krystal  函數\n晶瑩剔透的美♥️\nhttps://i.imgur.com/BOGMQFT.jpg\nhttps://i.imgur.com/gqfodvt.jpg\n8）張紫寧 （火箭少女101）\n有點厭世型♥️\nhttps://i.imgur.com/jKwngv8.jpg\n\n補個我很喜歡的宣儀  B118\n（⚠️！！！！順序不是排名喔）\n\n女演員部分💎\n劉詩詩（仙劍3 步步驚心 軒轅劍）\nhttps://i.imgur.com/ICxryC6.jpg\nhttps://i.imgur.com/HTeFJTF.jpg\n李沁 （楚喬傳 慶餘年）\nhttps://i.imgur.com/Ol4SNHv.jpg\n迪麗熱巴\nhttps://i.imgur.com/R99mZa8.jpg\n\n暫時先到這樣💖\n\n圖侵刪！","excerpt":"真的很喜歡看美女呀️，來安利幾個神仙顏值的女明星（日/韓/中/台），女愛豆部份，1）momo平井桃 （TWICE），2）周子瑜 （TWICE），子瑜真的動態比圖好看太多 所以放動圖，（TWICE真的全","anonymousSchool":false,"anonymousDepartment":true,"pinned":false,"forumId":"14f573f5-3f02-4821-8e18-f561d7b7db91","replyId":null,"createdAt":"2020-01-28T11:38:57.624Z","updatedAt":"2020-01-30T11:54:48.919Z","commentCount":162,"likeCount":2291,"tags":[],"topics":["韓星","陸劇","安利","追星"],"supportedReactions":null,"withNickname":false,"reportReason":"","hiddenByAuthor":false,"meta":{"layout":"classic"},"forumName":"追星","forumAlias":"entertainer","school":"國立東華大學","replyTitle":null,"gender":"F","personaSubscriptable":true,"reactions":[{"id":"286f599c-f86a-4932-82f0-f5a06f1eca03","count":2278},{"id":"aa0d425f-d530-4478-9a77-fe3aedc79eea","count":8},{"id":"e8e6bc5d-41b0-4129-b134-97507523d7ff","count":5}],"hidden":false,"customStyle":null,"isSuspiciousAccount":false,"layout":"classic","withImages":true,"withVideos":false,"media":[{"url":"https://i.imgur.com/xDHHnWC.jpg"},{"url":"https://i.imgur.com/JaMDdet.jpg"},{"url":"https://i.imgur.com/QMs3jDA.jpg"},{"url":"https://i.imgur.com/gE4ZYkf.jpg"},{"url":"https://i.imgur.com/LJYBhua.jpg"},{"url":"https://i.imgur.com/3iwSfVZ.jpg"},{"url":"https://i.imgur.com/a6cms1R.jpg"},{"url":"https://i.imgur.com/die5K1P.jpg"},{"url":"https://i.imgur.com/BOGMQFT.jpg"},{"url":"https://i.imgur.com/gqfodvt.jpg"},{"url":"https://i.imgur.com/jKwngv8.jpg"},{"url":"https://i.imgur.com/ICxryC6.jpg"},{"url":"https://i.imgur.com/HTeFJTF.jpg"},{"url":"https://i.imgur.com/Ol4SNHv.jpg"},{"url":"https://i.imgur.com/R99mZa8.jpg"}],"reportReasonText":"","mediaMeta":[{"id":"76a6cad2-253a-46e2-b684-fae838870054","url":"https://i.imgur.com/xDHHnWCl.jpg","normalizedUrl":"https://i.imgur.com/xDHHnWCl.jpg","thumbnail":"https://i.imgur.com/xDHHnWCl.jpg","type":"image/thumbnail","tags":["ANNOTATED"],"createdAt":"2020-01-28T11:38:57.624Z","updatedAt":"2020-01-30T11:54:48.919Z"},{"id":"76a6cad2-253a-46e2-b684-fae838870054","url":"https://i.imgur.com/xDHHnWC.jpg","normalizedUrl":"https://imgur.com/xDHHnWC","thumbnail":"https://i.imgur.com/xDHHnWCl.jpg","type":"image/imgur","tags":["ANNOTATED"],"createdAt":"2020-01-28T11:38:57.624Z","updatedAt":"2020-01-30T11:54:48.919Z"},{"id":"2ab30906-1cac-4b76-ae5b-63c68483ada5","url":"https://i.imgur.com/JaMDdet.jpg","normalizedUrl":"https://imgur.com/JaMDdet","thumbnail":"https://i.imgur.com/JaMDdetl.jpg","type":"image/imgur","tags":["ANNOTATED"],"createdAt":"2020-01-28T11:38:57.624Z","updatedAt":"2020-01-30T11:54:48.919Z"},{"id":"61422d3e-43e3-49c9-9203-f44f2e0d68bb","url":"https://i.imgur.com/a0KXX1p.gif","normalizedUrl":"https://imgur.com/a0KXX1p","thumbnail":"https://i.imgur.com/a0KXX1pl.jpg","type":"image/imgur","tags":["ANNOTATED"],"createdAt":"2020-01-28T11:38:57.624Z","updatedAt":"2020-01-30T11:54:48.919Z"},{"id":"ce40bf58-c8fe-49e6-8751-35b84fab8ea0","url":"https://i.imgur.com/78SyzS4.gif","normalizedUrl":"https://imgur.com/78SyzS4","thumbnail":"https://i.imgur.com/78SyzS4l.jpg","type":"image/imgur","tags":["ANNOTATED"],"createdAt":"2020-01-28T11:38:57.624Z","updatedAt":"2020-01-30T11:54:48.919Z"},{"id":"37831388-510b-4bd5-aaac-c6de69b47a36","url":"https://i.imgur.com/QMs3jDA.jpg","normalizedUrl":"https://imgur.com/QMs3jDA","thumbnail":"https://i.imgur.com/QMs3jDAl.jpg","type":"image/imgur","tags":["ANNOTATED"],"createdAt":"2020-01-28T11:38:57.624Z","updatedAt":"2020-01-30T11:54:48.919Z"},{"id":"ec03c0b0-5d89-415b-b70f-672ec45f1961","url":"https://i.imgur.com/gE4ZYkf.jpg","normalizedUrl":"https://imgur.com/gE4ZYkf","thumbnail":"https://i.imgur.com/gE4ZYkfl.jpg","type":"image/imgur","tags":["ANNOTATED"],"createdAt":"2020-01-28T11:38:57.624Z","updatedAt":"2020-01-30T11:54:48.919Z"},{"id":"0987d331-bd7d-43a6-a0f0-1ce79ceaec41","url":"https://i.imgur.com/LJYBhua.jpg","normalizedUrl":"https://imgur.com/LJYBhua","thumbnail":"https://i.imgur.com/LJYBhual.jpg","type":"image/imgur","tags":["ANNOTATED"],"createdAt":"2020-01-28T11:38:57.624Z","updatedAt":"2020-01-30T11:54:48.919Z"},{"id":"8dff5982-d0b8-41b2-96cf-56976f48c0d9","url":"https://i.imgur.com/3iwSfVZ.jpg","normalizedUrl":"https://imgur.com/3iwSfVZ","thumbnail":"https://i.imgur.com/3iwSfVZl.jpg","type":"image/imgur","tags":["ANNOTATED"],"createdAt":"2020-01-28T11:38:57.624Z","updatedAt":"2020-01-30T11:54:48.919Z"},{"id":"86a4ec1e-0dbb-46f6-be41-0684b5c68806","url":"https://i.imgur.com/a6cms1R.jpg","normalizedUrl":"https://imgur.com/a6cms1R","thumbnail":"https://i.imgur.com/a6cms1Rl.jpg","type":"image/imgur","tags":["ANNOTATED"],"createdAt":"2020-01-29T13:37:00.644Z","updatedAt":"2020-01-30T11:54:48.919Z"},{"id":"6b846ed3-8524-44d3-85f1-10b170fbe9b4","url":"https://i.imgur.com/die5K1P.jpg","normalizedUrl":"https://imgur.com/die5K1P","thumbnail":"https://i.imgur.com/die5K1Pl.jpg","type":"image/imgur","tags":["ANNOTATED"],"createdAt":"2020-01-28T11:38:57.624Z","updatedAt":"2020-01-30T11:54:48.919Z"},{"id":"bee640e7-12d2-480b-aa61-3a2bc0165cac","url":"https://i.imgur.com/BOGMQFT.jpg","normalizedUrl":"https://imgur.com/BOGMQFT","thumbnail":"https://i.imgur.com/BOGMQFTl.jpg","type":"image/imgur","tags":["ANNOTATED"],"createdAt":"2020-01-28T11:38:57.624Z","updatedAt":"2020-01-30T11:54:48.919Z"},{"id":"7d9c0341-d4be-4570-9c83-e7047c06044a","url":"https://i.imgur.com/gqfodvt.jpg","normalizedUrl":"https://imgur.com/gqfodvt","thumbnail":"https://i.imgur.com/gqfodvtl.jpg","type":"image/imgur","tags":["ANNOTATED"],"createdAt":"2020-01-28T11:38:57.624Z","updatedAt":"2020-01-30T11:54:48.919Z"},{"id":"b34d0de6-9588-4b12-869d-6644bd8e4c8d","url":"https://i.imgur.com/jKwngv8.jpg","normalizedUrl":"https://imgur.com/jKwngv8","thumbnail":"https://i.imgur.com/jKwngv8l.jpg","type":"image/imgur","tags":["ANNOTATED"],"createdAt":"2020-01-28T11:38:57.624Z","updatedAt":"2020-01-30T11:54:48.919Z"},{"id":"c7342091-29ac-4ebd-9059-59fd005c88c2","url":"https://i.imgur.com/ICxryC6.jpg","normalizedUrl":"https://imgur.com/ICxryC6","thumbnail":"https://i.imgur.com/ICxryC6l.jpg","type":"image/imgur","tags":["ANNOTATED"],"createdAt":"2020-01-28T11:38:57.624Z","updatedAt":"2020-01-30T11:54:48.919Z"},{"id":"54493f60-6ca9-4101-bc22-7fe950f9b5a8","url":"https://i.imgur.com/HTeFJTF.jpg","normalizedUrl":"https://imgur.com/HTeFJTF","thumbnail":"https://i.imgur.com/HTeFJTFl.jpg","type":"image/imgur","tags":["ANNOTATED"],"createdAt":"2020-01-28T11:38:57.624Z","updatedAt":"2020-01-30T11:54:48.919Z"},{"id":"39d90b34-57a3-450e-9767-2063fdd04eb7","url":"https://i.imgur.com/Ol4SNHv.jpg","normalizedUrl":"https://imgur.com/Ol4SNHv","thumbnail":"https://i.imgur.com/Ol4SNHvl.jpg","type":"image/imgur","tags":["ANNOTATED"],"createdAt":"2020-01-28T11:38:57.624Z","updatedAt":"2020-01-30T11:54:48.919Z"},{"id":"77d730e9-cc06-4eac-9c46-b101b3d9f3e4","url":"https://i.imgur.com/R99mZa8.jpg","normalizedUrl":"https://imgur.com/R99mZa8","thumbnail":"https://i.imgur.com/R99mZa8l.jpg","type":"image/imgur","tags":["ANNOTATED"],"createdAt":"2020-01-28T11:38:57.624Z","updatedAt":"2020-01-30T11:54:48.919Z"}],"postAvatar":""}