{"id":232977228,"title":"［閒聊］許光漢用人臉辨識APP的推測...","content":"「想見你」一切的開始就是一張照片用以圖找圖的高科技，發現了另一個人的故事。\n剛好男主許光漢的臉很百搭，\n所以我推測若有這樣的軟體可能會找到以下這些人：\n\nNCT道英\n走男友風的許光漢和道英某些角度真的好像啊⋯⋯就是陽光大男孩的氣質，還都有點貓咪嘴。\n\nhttps://i.imgur.com/egP2LMt.jpg\n\nSJ 東海\n兩個人笑起來某些神韻真的蠻像的， 尤其是笑得很開的時候......(不過奇妙的是我從來不覺得道英像東海）\nhttps://i.imgur.com/nY7LTHs.jpg\n\n孔劉\n這個好像從出道就被說像，但是比對照片似乎又不太像，只能說整個臉型是有一點神似啦⋯⋯\nhttps://i.imgur.com/JhF3bQV.jpg\n\n我也不知道為什麼都像韓星，至於還有人說像WannaOne邕聖祐TXT Soobin我就比對不出來了，歡迎大家圖片支援。\n\n「想見你」的劇情和角色真的都是很大的挑戰，許光漢演技真的進步很多很多，拜託千萬不要爛尾呀！","excerpt":"「想見你」一切的開始就是一張照片用以圖找圖的高科技，發現了另一個人的故事。剛好男主許光漢的臉很百搭，所以我推測若有這樣的軟體可能會找到以下這些人：NCT道英，走男友風的許光漢和道英某些角度真的好像啊⋯","anonymousSchool":false,"anonymousDepartment":true,"pinned":false,"forumId":"14f573f5-3f02-4821-8e18-f561d7b7db91","replyId":null,"createdAt":"2020-01-29T07:56:22.110Z","updatedAt":"2020-01-29T15:29:41.969Z","commentCount":16,"likeCount":221,"tags":[],"topics":["許光漢","追星","SuperJunior","NCT","WannaOne"],"supportedReactions":null,"withNickname":false,"reportReason":"","hiddenByAuthor":false,"meta":{"layout":"classic"},"forumName":"追星","forumAlias":"entertainer","school":"國立政治大學","replyTitle":null,"gender":"F","personaSubscriptable":true,"reactions":[{"id":"286f599c-f86a-4932-82f0-f5a06f1eca03","count":220},{"id":"e8e6bc5d-41b0-4129-b134-97507523d7ff","count":1}],"hidden":false,"customStyle":null,"isSuspiciousAccount":false,"layout":"classic","withImages":true,"withVideos":false,"media":[{"url":"https://i.imgur.com/egP2LMt.jpg"},{"url":"https://i.imgur.com/nY7LTHs.jpg"},{"url":"https://i.imgur.com/JhF3bQV.jpg"}],"reportReasonText":"","mediaMeta":[{"id":"2be40c40-f360-4e13-a790-7ab4d0a19971","url":"https://i.imgur.com/egP2LMtl.jpg","normalizedUrl":"https://i.imgur.com/egP2LMtl.jpg","thumbnail":"https://i.imgur.com/egP2LMtl.jpg","type":"image/thumbnail","tags":["ANNOTATED"],"createdAt":"2020-01-29T07:56:22.110Z","updatedAt":"2020-01-29T15:29:41.969Z"},{"id":"2be40c40-f360-4e13-a790-7ab4d0a19971","url":"https://i.imgur.com/egP2LMt.jpg","normalizedUrl":"https://imgur.com/egP2LMt","thumbnail":"https://i.imgur.com/egP2LMtl.jpg","type":"image/imgur","tags":["ANNOTATED"],"createdAt":"2020-01-29T07:56:22.110Z","updatedAt":"2020-01-29T15:29:41.969Z"},{"id":"954e59a7-a3c8-4628-a290-4291d40604a3","url":"https://i.imgur.com/nY7LTHs.jpg","normalizedUrl":"https://imgur.com/nY7LTHs","thumbnail":"https://i.imgur.com/nY7LTHsl.jpg","type":"image/imgur","tags":["ANNOTATED"],"createdAt":"2020-01-29T07:56:22.110Z","updatedAt":"2020-01-29T15:29:41.969Z"},{"id":"918f959e-25f0-40b4-9b6b-132cb91ba809","url":"https://i.imgur.com/JhF3bQV.jpg","normalizedUrl":"https://imgur.com/JhF3bQV","thumbnail":"https://i.imgur.com/JhF3bQVl.jpg","type":"image/imgur","tags":["ANNOTATED"],"createdAt":"2020-01-29T07:56:22.110Z","updatedAt":"2020-01-29T15:29:41.969Z"}],"postAvatar":""}