{"id":232976732,"title":"[問］CUBE練習生","content":"Ptg到現在已經要4年了\n應該差不多要推新男團了?(或更晚?!\n想說找一下練習生 結果發現這位練習生還不錯\n叫權山⛰️ 好像是99年生 15加入的\nhttps://megapx-assets.dcard.tw/images/c43a0409-f3aa-4114-a34d-aca7856282db/full.jpeg\n\n但wiki寫好像已經離開了..QQ\n是方塊拖太久嗎才離開的 不然覺得他應該不錯的\n善皓呢？？？感覺今年不會可能明年..？🥺\n\n前陣子好像方塊也說再準備推新女團\nProduce48的初媛跟The unit的珠賢～\n還有這位女練習生好漂亮！\nhttps://megapx-assets.dcard.tw/images/0e2fd48a-0623-4894-a099-8e7d8a0d110f/full.jpeg\n\n希望方塊能做好不要把好牌都打爛了唉～","excerpt":"Ptg到現在已經要4年了，應該差不多要推新男團了？（或更晚？！，想說找一下練習生 結果發現這位練習生還不錯，叫權山️ 好像是99年生 15加入的，但wiki寫好像已經離開了..QQ，是方塊拖太久嗎才離","anonymousSchool":false,"anonymousDepartment":true,"pinned":false,"forumId":"14f573f5-3f02-4821-8e18-f561d7b7db91","replyId":null,"createdAt":"2020-01-29T06:04:27.274Z","updatedAt":"2020-01-29T06:04:27.274Z","commentCount":18,"likeCount":50,"tags":[],"topics":["練習生","Cube"],"supportedReactions":null,"withNickname":false,"reportReason":"","hiddenByAuthor":false,"meta":{"layout":"classic"},"forumName":"追星","forumAlias":"entertainer","school":"樹人醫護管理專科學校","replyTitle":null,"gender":"M","personaSubscriptable":null,"reactions":[{"id":"286f599c-f86a-4932-82f0-f5a06f1eca03","count":50}],"hidden":false,"customStyle":null,"isSuspiciousAccount":false,"layout":"classic","withImages":true,"withVideos":false,"media":[{"url":"https://megapx-assets.dcard.tw/images/c43a0409-f3aa-4114-a34d-aca7856282db/full.jpeg"},{"url":"https://megapx-assets.dcard.tw/images/0e2fd48a-0623-4894-a099-8e7d8a0d110f/full.jpeg"}],"reportReasonText":"","mediaMeta":[{"id":"a46573c5-5c30-4c0b-97cb-ecaa161bfdab","url":"https://megapx-assets.dcard.tw/images/c43a0409-f3aa-4114-a34d-aca7856282db/640.jpeg","normalizedUrl":"https://megapx-assets.dcard.tw/images/c43a0409-f3aa-4114-a34d-aca7856282db/640.jpeg","thumbnail":"https://megapx-assets.dcard.tw/images/c43a0409-f3aa-4114-a34d-aca7856282db/640.jpeg","type":"image/thumbnail","tags":[],"createdAt":"2020-01-29T06:04:27.274Z","updatedAt":"2020-01-29T06:04:27.274Z","width":481,"height":640},{"id":"a46573c5-5c30-4c0b-97cb-ecaa161bfdab","url":"https://megapx-assets.dcard.tw/images/c43a0409-f3aa-4114-a34d-aca7856282db/full.jpeg","normalizedUrl":"https://megapx.dcard.tw/v1/images/c43a0409-f3aa-4114-a34d-aca7856282db","thumbnail":"https://megapx-assets.dcard.tw/images/c43a0409-f3aa-4114-a34d-aca7856282db/640.jpeg","type":"image/megapx","tags":[],"createdAt":"2020-01-29T06:04:27.274Z","updatedAt":"2020-01-29T06:04:27.274Z","width":721,"height":960},{"id":"42490bda-6bf2-41fe-a8aa-f8b3253a8ee8","url":"https://megapx-assets.dcard.tw/images/0e2fd48a-0623-4894-a099-8e7d8a0d110f/full.jpeg","normalizedUrl":"https://megapx.dcard.tw/v1/images/0e2fd48a-0623-4894-a099-8e7d8a0d110f","thumbnail":"https://megapx-assets.dcard.tw/images/0e2fd48a-0623-4894-a099-8e7d8a0d110f/640.jpeg","type":"image/megapx","tags":[],"createdAt":"2020-01-29T06:04:27.274Z","updatedAt":"2020-01-29T06:04:27.274Z","width":800,"height":800}],"postAvatar":""}