{"id":232949899,"title":"#想見你 #莫俊傑 施柏宇","content":"欸抖 內個 其實⋯\n我是最近看完台劇想見你 才知道施柏宇的（會不會太晚\n大概看到第二、三集我就完全被派派圈粉啦😍\nhttps://megapx-assets.dcard.tw/images/db53027c-6d68-4383-ace8-7b3d20cf4329/full.jpeg\nhttps://megapx-assets.dcard.tw/images/fdaf90f4-a6b9-41db-a77d-57cc29e2fed5/full.jpeg\n雖然莫俊傑這個角色悶悶ㄉ \n根本就是偶像劇裡標準的苦情男二 \n但是莫在戲裡暗戀陳，還偷「看」陳韻如聲音的樣子\n直接戳中我的❤️啊啊啊啊 \nhttps://megapx-assets.dcard.tw/images/cbf74b1f-b20d-4caf-9a2b-0aafb7b278bb/full.jpeg\nhttps://megapx-assets.dcard.tw/images/75fd9f99-0520-41ef-a722-2d9f8db199e6/full.jpeg\n同時也很心疼這個角色ಥ﹏ಥ\n領便當那集我簡直哭死 ⋯\n私心希望可以給莫一個好結局啊😢\nhttps://megapx-assets.dcard.tw/images/ae1b7746-90b8-42f3-b4d0-2a630654d47c/full.jpeg\nhttps://megapx-assets.dcard.tw/images/7b6109a8-f80b-4290-8b1a-8b15fef8878a/full.jpeg\n（不得不說，這幾場施的演技真的超讚的，好揪心）\n超過兩百分💯💯！！\n\n——————————\n\n後來才開始在網路找一堆派派的影片跟資訊\n發現他私下真的好可愛 也很會撩🤣\n重點是聲音好好聽 好溫柔🥰 （完全是我的菜\nhttps://megapx-assets.dcard.tw/images/00d94edc-33d7-441b-a4be-ef2ad1d13568/full.jpeg\n（源自維基百科）\n\n原來他在2018年 拍完【HIStory2 - 越界】之後就開始有名氣了\n不看BL劇的我還特別翻來看！\n我只能說，文武cp的劇情太少啦！！ 想看更多的說xD \nhttps://megapx-assets.dcard.tw/images/86687eeb-362f-45cd-ba78-b2e306d01a37/1280.jpeg\n（右1 ： 楊孟霖）派派的前任？XD \n\n\n——— 以下花痴系列٩(●˙▿˙●)۶  —————\n\n\n殺青完，哭到無法自拔的派 （真的很Q欸)\nhttps://megapx-assets.dcard.tw/images/1ed6bb60-47d9-4c7f-8754-5795f0b0d01f/full.jpeg\n笑容像天使的派 👼\nhttps://megapx-assets.dcard.tw/images/89712d01-ea30-4f65-89a1-0d4a237ac03a/full.jpeg\nhttps://megapx-assets.dcard.tw/images/1a08f979-a178-4e2f-b721-981f3ef02ef4/1280.jpeg\n人高又帥 側臉也很迷人的派 (˶‾᷄ ⁻̫ ‾᷅˵)\nhttps://megapx-assets.dcard.tw/images/a393c549-f5b7-445e-9fbc-a45cc120bbe9/full.jpeg\n鳳南朴敘俊～～\nhttps://megapx-assets.dcard.tw/images/3fcdc3e8-c46e-453a-bf55-b3b9fcaf9e62/1280.jpeg\nhttps://megapx-assets.dcard.tw/images/91250ddb-48b7-432f-89fd-d7b70f7f09ee/full.jpeg\n\n\n\nhttps://megapx-assets.dcard.tw/images/56b96bd7-afe8-4181-9dc8-163e3ac7cfd9/1280.jpeg\n今年才23歲的派派\n我相信你一定會大紅大紫的\n希望能看到更多你的作品\n更多不一樣的施柏宇噢💕\n\nhttps://megapx-assets.dcard.tw/images/0c5483b4-bef0-414f-b62b-6221451818ae/1280.jpeg\n\n\n\n\n因為在迪卡好像比較少看到柏宇的文（相較於光漢👀）\n所以就來發一下花痴ㄌㄚ～～\n順便解一下過年停播想見你的鬱悶😒\n第一次發文 請各位見諒😂😂","excerpt":"欸抖 內個 其實⋯，我是最近看完台劇想見你 才知道施柏宇的（會不會太晚，大概看到第二、三集我就完全被派派圈粉啦，雖然莫俊傑這個角色悶悶ㄉ，根本就是偶像劇裡標準的苦情男二，但是莫在戲裡暗戀陳，還偷「看」","anonymousSchool":false,"anonymousDepartment":true,"pinned":false,"forumId":"14f573f5-3f02-4821-8e18-f561d7b7db91","replyId":null,"createdAt":"2020-01-24T08:59:46.229Z","updatedAt":"2020-01-25T02:37:58.628Z","commentCount":116,"likeCount":3172,"tags":[],"topics":["想見你","施柏宇","追星","莫俊傑"],"supportedReactions":null,"withNickname":false,"reportReason":"","hiddenByAuthor":false,"meta":{"layout":"classic"},"forumName":"追星","forumAlias":"entertainer","school":"義守大學","replyTitle":null,"gender":"F","personaSubscriptable":false,"reactions":[{"id":"286f599c-f86a-4932-82f0-f5a06f1eca03","count":3167},{"id":"e8e6bc5d-41b0-4129-b134-97507523d7ff","count":3},{"id":"4b018f48-e184-445f-adf1-fc8e04ba09b9","count":2}],"hidden":false,"customStyle":null,"isSuspiciousAccount":false,"layout":"classic","withImages":true,"withVideos":false,"media":[{"url":"https://megapx-assets.dcard.tw/images/db53027c-6d68-4383-ace8-7b3d20cf4329/full.jpeg"},{"url":"https://megapx-assets.dcard.tw/images/fdaf90f4-a6b9-41db-a77d-57cc29e2fed5/full.jpeg"},{"url":"https://megapx-assets.dcard.tw/images/cbf74b1f-b20d-4caf-9a2b-0aafb7b278bb/full.jpeg"},{"url":"https://megapx-assets.dcard.tw/images/75fd9f99-0520-41ef-a722-2d9f8db199e6/full.jpeg"},{"url":"https://megapx-assets.dcard.tw/images/ae1b7746-90b8-42f3-b4d0-2a630654d47c/full.jpeg"},{"url":"https://megapx-assets.dcard.tw/images/7b6109a8-f80b-4290-8b1a-8b15fef8878a/full.jpeg"},{"url":"https://megapx-assets.dcard.tw/images/00d94edc-33d7-441b-a4be-ef2ad1d13568/full.jpeg"},{"url":"https://megapx-assets.dcard.tw/images/86687eeb-362f-45cd-ba78-b2e306d01a37/1280.jpeg"},{"url":"https://megapx-assets.dcard.tw/images/1ed6bb60-47d9-4c7f-8754-5795f0b0d01f/full.jpeg"},{"url":"https://megapx-assets.dcard.tw/images/89712d01-ea30-4f65-89a1-0d4a237ac03a/full.jpeg"},{"url":"https://megapx-assets.dcard.tw/images/1a08f979-a178-4e2f-b721-981f3ef02ef4/1280.jpeg"},{"url":"https://megapx-assets.dcard.tw/images/a393c549-f5b7-445e-9fbc-a45cc120bbe9/full.jpeg"},{"url":"https://megapx-assets.dcard.tw/images/3fcdc3e8-c46e-453a-bf55-b3b9fcaf9e62/1280.jpeg"},{"url":"https://megapx-assets.dcard.tw/images/91250ddb-48b7-432f-89fd-d7b70f7f09ee/full.jpeg"},{"url":"https://megapx-assets.dcard.tw/images/56b96bd7-afe8-4181-9dc8-163e3ac7cfd9/1280.jpeg"},{"url":"https://megapx-assets.dcard.tw/images/0c5483b4-bef0-414f-b62b-6221451818ae/1280.jpeg"}],"reportReasonText":"","mediaMeta":[{"id":"538c605f-b89d-42e0-8e1b-965c68e71088","url":"https://megapx-assets.dcard.tw/images/db53027c-6d68-4383-ace8-7b3d20cf4329/640.jpeg","normalizedUrl":"https://megapx-assets.dcard.tw/images/db53027c-6d68-4383-ace8-7b3d20cf4329/640.jpeg","thumbnail":"https://megapx-assets.dcard.tw/images/db53027c-6d68-4383-ace8-7b3d20cf4329/640.jpeg","type":"image/thumbnail","tags":["ANNOTATED"],"createdAt":"2020-01-24T08:59:46.229Z","updatedAt":"2020-01-25T02:37:58.628Z","width":640,"height":441},{"id":"538c605f-b89d-42e0-8e1b-965c68e71088","url":"https://megapx-assets.dcard.tw/images/db53027c-6d68-4383-ace8-7b3d20cf4329/full.jpeg","normalizedUrl":"https://megapx.dcard.tw/v1/images/db53027c-6d68-4383-ace8-7b3d20cf4329","thumbnail":"https://megapx-assets.dcard.tw/images/db53027c-6d68-4383-ace8-7b3d20cf4329/640.jpeg","type":"image/megapx","tags":["ANNOTATED"],"createdAt":"2020-01-24T08:59:46.229Z","updatedAt":"2020-01-25T02:37:58.628Z","width":750,"height":517},{"id":"55b658a0-e3e0-4c93-ad3d-10e60f43c5f9","url":"https://megapx-assets.dcard.tw/images/fdaf90f4-a6b9-41db-a77d-57cc29e2fed5/full.jpeg","normalizedUrl":"https://megapx.dcard.tw/v1/images/fdaf90f4-a6b9-41db-a77d-57cc29e2fed5","thumbnail":"https://megapx-assets.dcard.tw/images/fdaf90f4-a6b9-41db-a77d-57cc29e2fed5/320.jpeg","type":"image/megapx","tags":["ANNOTATED"],"createdAt":"2020-01-24T08:59:46.229Z","updatedAt":"2020-01-25T02:37:58.628Z","width":600,"height":400},{"id":"32c111aa-38b6-4ce4-8231-2207ff5595dd","url":"https://megapx-assets.dcard.tw/images/cbf74b1f-b20d-4caf-9a2b-0aafb7b278bb/full.jpeg","normalizedUrl":"https://megapx.dcard.tw/v1/images/cbf74b1f-b20d-4caf-9a2b-0aafb7b278bb","thumbnail":"https://megapx-assets.dcard.tw/images/cbf74b1f-b20d-4caf-9a2b-0aafb7b278bb/640.jpeg","type":"image/megapx","tags":["ANNOTATED"],"createdAt":"2020-01-24T08:59:46.229Z","updatedAt":"2020-01-25T02:37:58.628Z","width":750,"height":744},{"id":"14f080e8-c3fe-4a36-bf8d-eb2b8cf03159","url":"https://megapx-assets.dcard.tw/images/75fd9f99-0520-41ef-a722-2d9f8db199e6/full.jpeg","normalizedUrl":"https://megapx.dcard.tw/v1/images/75fd9f99-0520-41ef-a722-2d9f8db199e6","thumbnail":"https://megapx-assets.dcard.tw/images/75fd9f99-0520-41ef-a722-2d9f8db199e6/640.jpeg","type":"image/megapx","tags":["ANNOTATED"],"createdAt":"2020-01-24T08:59:46.229Z","updatedAt":"2020-01-25T02:37:58.628Z","width":750,"height":930},{"id":"42e8c7c9-25ce-446a-9a80-7264c3a4c894","url":"https://megapx-assets.dcard.tw/images/ae1b7746-90b8-42f3-b4d0-2a630654d47c/full.jpeg","normalizedUrl":"https://megapx.dcard.tw/v1/images/ae1b7746-90b8-42f3-b4d0-2a630654d47c","thumbnail":"https://megapx-assets.dcard.tw/images/ae1b7746-90b8-42f3-b4d0-2a630654d47c/640.jpeg","type":"image/megapx","tags":["ANNOTATED"],"createdAt":"2020-01-24T08:59:46.229Z","updatedAt":"2020-01-25T02:37:58.628Z","width":750,"height":384},{"id":"21949eed-c697-4e81-87b7-33f467e64c1b","url":"https://megapx-assets.dcard.tw/images/7b6109a8-f80b-4290-8b1a-8b15fef8878a/full.jpeg","normalizedUrl":"https://megapx.dcard.tw/v1/images/7b6109a8-f80b-4290-8b1a-8b15fef8878a","thumbnail":"https://megapx-assets.dcard.tw/images/7b6109a8-f80b-4290-8b1a-8b15fef8878a/640.jpeg","type":"image/megapx","tags":["ANNOTATED"],"createdAt":"2020-01-24T08:59:46.229Z","updatedAt":"2020-01-25T02:37:58.628Z","width":706,"height":340},{"id":"0e64bf67-4dcc-449b-9f76-2196099c68d1","url":"https://megapx-assets.dcard.tw/images/00d94edc-33d7-441b-a4be-ef2ad1d13568/full.jpeg","normalizedUrl":"https://megapx.dcard.tw/v1/images/00d94edc-33d7-441b-a4be-ef2ad1d13568","thumbnail":"https://megapx-assets.dcard.tw/images/00d94edc-33d7-441b-a4be-ef2ad1d13568/640.jpeg","type":"image/megapx","tags":["ANNOTATED"],"createdAt":"2020-01-24T08:59:46.229Z","updatedAt":"2020-01-25T02:37:58.628Z","width":750,"height":1030},{"id":"0ef0d09f-1cf8-46b6-8251-860b06778a60","url":"https://megapx-assets.dcard.tw/images/86687eeb-362f-45cd-ba78-b2e306d01a37/1280.jpeg","normalizedUrl":"https://megapx.dcard.tw/v1/images/86687eeb-362f-45cd-ba78-b2e306d01a37","thumbnail":"https://megapx-assets.dcard.tw/images/86687eeb-362f-45cd-ba78-b2e306d01a37/640.jpeg","type":"image/megapx","tags":["ANNOTATED"],"createdAt":"2020-01-24T08:59:46.229Z","updatedAt":"2020-01-25T02:37:58.628Z","width":1920,"height":1280},{"id":"148a8532-f80e-4ea3-9701-b4c30053c27c","url":"https://megapx-assets.dcard.tw/images/1ed6bb60-47d9-4c7f-8754-5795f0b0d01f/full.jpeg","normalizedUrl":"https://megapx.dcard.tw/v1/images/1ed6bb60-47d9-4c7f-8754-5795f0b0d01f","thumbnail":"https://megapx-assets.dcard.tw/images/1ed6bb60-47d9-4c7f-8754-5795f0b0d01f/640.jpeg","type":"image/megapx","tags":["ANNOTATED"],"createdAt":"2020-01-24T08:59:46.229Z","updatedAt":"2020-01-25T02:37:58.628Z","width":750,"height":552},{"id":"aa235da8-0de2-463a-80c7-fa539998b548","url":"https://megapx-assets.dcard.tw/images/89712d01-ea30-4f65-89a1-0d4a237ac03a/full.jpeg","normalizedUrl":"https://megapx.dcard.tw/v1/images/89712d01-ea30-4f65-89a1-0d4a237ac03a","thumbnail":"https://megapx-assets.dcard.tw/images/89712d01-ea30-4f65-89a1-0d4a237ac03a/640.jpeg","type":"image/megapx","tags":["ANNOTATED"],"createdAt":"2020-01-24T08:59:46.229Z","updatedAt":"2020-01-25T02:37:58.628Z","width":750,"height":555},{"id":"66ffc6f5-1b3e-4a2f-b7d0-cb5c8bab4db4","url":"https://megapx-assets.dcard.tw/images/1a08f979-a178-4e2f-b721-981f3ef02ef4/1280.jpeg","normalizedUrl":"https://megapx.dcard.tw/v1/images/1a08f979-a178-4e2f-b721-981f3ef02ef4","thumbnail":"https://megapx-assets.dcard.tw/images/1a08f979-a178-4e2f-b721-981f3ef02ef4/640.jpeg","type":"image/megapx","tags":["ANNOTATED"],"createdAt":"2020-01-24T08:59:46.229Z","updatedAt":"2020-01-25T02:37:58.628Z","width":2000,"height":1500},{"id":"5813db9e-81b5-45ec-b32f-0891ce836f69","url":"https://megapx-assets.dcard.tw/images/a393c549-f5b7-445e-9fbc-a45cc120bbe9/full.jpeg","normalizedUrl":"https://megapx.dcard.tw/v1/images/a393c549-f5b7-445e-9fbc-a45cc120bbe9","thumbnail":"https://megapx-assets.dcard.tw/images/a393c549-f5b7-445e-9fbc-a45cc120bbe9/640.jpeg","type":"image/megapx","tags":["ANNOTATED"],"createdAt":"2020-01-24T08:59:46.229Z","updatedAt":"2020-01-25T02:37:58.628Z","width":750,"height":555},{"id":"c465d57a-3793-4663-85a2-3e198b82a635","url":"https://megapx-assets.dcard.tw/images/3fcdc3e8-c46e-453a-bf55-b3b9fcaf9e62/1280.jpeg","normalizedUrl":"https://megapx.dcard.tw/v1/images/3fcdc3e8-c46e-453a-bf55-b3b9fcaf9e62","thumbnail":"https://megapx-assets.dcard.tw/images/3fcdc3e8-c46e-453a-bf55-b3b9fcaf9e62/640.jpeg","type":"image/megapx","tags":["ANNOTATED"],"createdAt":"2020-01-24T08:59:46.229Z","updatedAt":"2020-01-25T02:37:58.628Z","width":900,"height":1464},{"id":"fadbd73e-a547-4c55-9a1f-b70527572c59","url":"https://megapx-assets.dcard.tw/images/91250ddb-48b7-432f-89fd-d7b70f7f09ee/full.jpeg","normalizedUrl":"https://megapx.dcard.tw/v1/images/91250ddb-48b7-432f-89fd-d7b70f7f09ee","thumbnail":"https://megapx-assets.dcard.tw/images/91250ddb-48b7-432f-89fd-d7b70f7f09ee/640.jpeg","type":"image/megapx","tags":["ANNOTATED"],"createdAt":"2020-01-24T08:59:46.229Z","updatedAt":"2020-01-25T02:37:58.628Z","width":800,"height":600},{"id":"f2de7d32-fdf9-4221-990e-0f66d2b88a4c","url":"https://megapx-assets.dcard.tw/images/56b96bd7-afe8-4181-9dc8-163e3ac7cfd9/1280.jpeg","normalizedUrl":"https://megapx.dcard.tw/v1/images/56b96bd7-afe8-4181-9dc8-163e3ac7cfd9","thumbnail":"https://megapx-assets.dcard.tw/images/56b96bd7-afe8-4181-9dc8-163e3ac7cfd9/640.jpeg","type":"image/megapx","tags":["ANNOTATED"],"createdAt":"2020-01-24T08:59:46.229Z","updatedAt":"2020-01-25T02:37:58.628Z","width":2000,"height":2000},{"id":"d985d5dd-98a7-490a-99c3-0e38137f6c00","url":"https://megapx-assets.dcard.tw/images/0c5483b4-bef0-414f-b62b-6221451818ae/1280.jpeg","normalizedUrl":"https://megapx.dcard.tw/v1/images/0c5483b4-bef0-414f-b62b-6221451818ae","thumbnail":"https://megapx-assets.dcard.tw/images/0c5483b4-bef0-414f-b62b-6221451818ae/640.jpeg","type":"image/megapx","tags":["ANNOTATED"],"createdAt":"2020-01-24T08:59:46.229Z","updatedAt":"2020-01-25T02:37:58.628Z","width":2000,"height":2000}],"postAvatar":""}