{"id":232950756,"title":"大家最喜歡自家偶像哪幾張飯拍？","content":"個人喜歡飯拍的標準，偶像那天造型好或是站姐修圖調色能力強\n\nSEVENTEEN崔韓率Vernon\nhttps://i.imgur.com/FTXsXMW.jpg\nhttps://i.imgur.com/6SYQQtJ.jpg\nhttps://i.imgur.com/KH2erQ4.jpg\nhttps://i.imgur.com/su7ML2Z.jpg\n這組飯拍的氛圍真的太好了，每次跟別人安利他，都會拿出來\nhttps://i.imgur.com/nimKFD2.jpg\nhttps://i.imgur.com/kXwqJHI.jpg\nhttps://i.imgur.com/H34GByt.jpg\nhttps://i.imgur.com/FmHJ9Ul.jpg\n這天的飯拍我都好喜歡ㅠㅠ率哥太帥了啊，戴上面具真的好像羅密歐\n\nSEVENTEEN全圓佑\nhttps://i.imgur.com/mhxim93.jpg\nhttps://i.imgur.com/Opb45Qx.jpg\nhttps://i.imgur.com/amr5tCH.jpg\n這個站姐真的很會拍又很會修圖，調色真的強\n\n除了自家站姐以外，我覺得NCT李泰容的一個站姐很會修圖，不過因為不是自己追的，所以也沒存圖😂\n大家一起分享一下自己心目中最喜歡的飯拍吧（可以順便說一下原因就更好啦\n\n然後祝大家新年快樂","excerpt":"個人喜歡飯拍的標準，偶像那天造型好或是站姐修圖調色能力強，SEVENTEEN崔韓率Vernon，這組飯拍的氛圍真的太好了，每次跟別人安利他，都會拿出來，這天的飯拍我都好喜歡ㅠㅠ率哥太帥了啊，戴上面具真","anonymousSchool":false,"anonymousDepartment":false,"pinned":false,"forumId":"14f573f5-3f02-4821-8e18-f561d7b7db91","replyId":null,"createdAt":"2020-01-24T11:59:06.018Z","updatedAt":"2020-01-25T17:25:02.484Z","commentCount":160,"likeCount":378,"tags":[],"topics":["韓星","安利","追星","SEVENTEEN"],"supportedReactions":null,"withNickname":true,"reportReason":"","hiddenByAuthor":false,"meta":{"layout":"classic"},"forumName":"追星","forumAlias":"entertainer","school":"霹靂卡霹靂啦啦","department":"irene00","replyTitle":null,"gender":"F","personaSubscriptable":true,"reactions":[{"id":"286f599c-f86a-4932-82f0-f5a06f1eca03","count":378}],"hidden":false,"customStyle":null,"isSuspiciousAccount":false,"layout":"classic","withImages":true,"withVideos":false,"media":[{"url":"https://i.imgur.com/FTXsXMW.jpg"},{"url":"https://i.imgur.com/6SYQQtJ.jpg"},{"url":"https://i.imgur.com/KH2erQ4.jpg"},{"url":"https://i.imgur.com/su7ML2Z.jpg"},{"url":"https://i.imgur.com/nimKFD2.jpg"},{"url":"https://i.imgur.com/kXwqJHI.jpg"},{"url":"https://i.imgur.com/H34GByt.jpg"},{"url":"https://i.imgur.com/FmHJ9Ul.jpg"},{"url":"https://i.imgur.com/mhxim93.jpg"},{"url":"https://i.imgur.com/Opb45Qx.jpg"},{"url":"https://i.imgur.com/amr5tCH.jpg"}],"reportReasonText":"","mediaMeta":[{"id":"cd30d692-14e9-4b94-a2a3-9c0b07eb7cbc","url":"https://i.imgur.com/FTXsXMWl.jpg","normalizedUrl":"https://i.imgur.com/FTXsXMWl.jpg","thumbnail":"https://i.imgur.com/FTXsXMWl.jpg","type":"image/thumbnail","tags":["ANNOTATED"],"createdAt":"2020-01-24T11:59:06.018Z","updatedAt":"2020-01-25T17:25:02.484Z"},{"id":"cd30d692-14e9-4b94-a2a3-9c0b07eb7cbc","url":"https://i.imgur.com/FTXsXMW.jpg","normalizedUrl":"https://imgur.com/FTXsXMW","thumbnail":"https://i.imgur.com/FTXsXMWl.jpg","type":"image/imgur","tags":["ANNOTATED"],"createdAt":"2020-01-24T11:59:06.018Z","updatedAt":"2020-01-25T17:25:02.484Z"},{"id":"ae5459d5-9ac8-4146-9cbd-4543798d38a5","url":"https://i.imgur.com/6SYQQtJ.jpg","normalizedUrl":"https://imgur.com/6SYQQtJ","thumbnail":"https://i.imgur.com/6SYQQtJl.jpg","type":"image/imgur","tags":["ANNOTATED"],"createdAt":"2020-01-24T11:59:06.018Z","updatedAt":"2020-01-25T17:25:02.484Z"},{"id":"ace61e01-c73b-43d6-942d-c0a3a8925174","url":"https://i.imgur.com/KH2erQ4.jpg","normalizedUrl":"https://imgur.com/KH2erQ4","thumbnail":"https://i.imgur.com/KH2erQ4l.jpg","type":"image/imgur","tags":["ANNOTATED"],"createdAt":"2020-01-24T11:59:06.018Z","updatedAt":"2020-01-25T17:25:02.484Z"},{"id":"808ae751-417d-4a21-ac2a-02d1e9db1255","url":"https://i.imgur.com/su7ML2Z.jpg","normalizedUrl":"https://imgur.com/su7ML2Z","thumbnail":"https://i.imgur.com/su7ML2Zl.jpg","type":"image/imgur","tags":["ANNOTATED"],"createdAt":"2020-01-24T11:59:06.018Z","updatedAt":"2020-01-25T17:25:02.484Z"},{"id":"aa00c604-34a8-4a9b-a8f6-0b311843d414","url":"https://i.imgur.com/nimKFD2.jpg","normalizedUrl":"https://imgur.com/nimKFD2","thumbnail":"https://i.imgur.com/nimKFD2l.jpg","type":"image/imgur","tags":["ANNOTATED"],"createdAt":"2020-01-24T11:59:06.018Z","updatedAt":"2020-01-25T17:25:02.484Z"},{"id":"8f48854d-c1d2-461d-af28-e13c57ec6ae6","url":"https://i.imgur.com/kXwqJHI.jpg","normalizedUrl":"https://imgur.com/kXwqJHI","thumbnail":"https://i.imgur.com/kXwqJHIl.jpg","type":"image/imgur","tags":["ANNOTATED"],"createdAt":"2020-01-24T11:59:06.018Z","updatedAt":"2020-01-25T17:25:02.484Z"},{"id":"66cbd18d-926a-450a-aecd-ba9e1a3fa704","url":"https://i.imgur.com/H34GByt.jpg","normalizedUrl":"https://imgur.com/H34GByt","thumbnail":"https://i.imgur.com/H34GBytl.jpg","type":"image/imgur","tags":["ANNOTATED"],"createdAt":"2020-01-24T11:59:06.018Z","updatedAt":"2020-01-25T17:25:02.484Z"},{"id":"6ceb5287-8973-49cd-85a8-67099110d4a8","url":"https://i.imgur.com/FmHJ9Ul.jpg","normalizedUrl":"https://imgur.com/FmHJ9Ul","thumbnail":"https://i.imgur.com/FmHJ9Ull.jpg","type":"image/imgur","tags":["ANNOTATED"],"createdAt":"2020-01-24T11:59:06.018Z","updatedAt":"2020-01-25T17:25:02.484Z"},{"id":"aafea806-f905-4f58-85c9-8a96612d5e10","url":"https://i.imgur.com/mhxim93.jpg","normalizedUrl":"https://imgur.com/mhxim93","thumbnail":"https://i.imgur.com/mhxim93l.jpg","type":"image/imgur","tags":["ANNOTATED"],"createdAt":"2020-01-24T11:59:06.018Z","updatedAt":"2020-01-25T17:25:02.484Z"},{"id":"f75396b4-b60e-443b-9b48-cf4250bcd7ef","url":"https://i.imgur.com/Opb45Qx.jpg","normalizedUrl":"https://imgur.com/Opb45Qx","thumbnail":"https://i.imgur.com/Opb45Qxl.jpg","type":"image/imgur","tags":["ANNOTATED"],"createdAt":"2020-01-24T11:59:06.018Z","updatedAt":"2020-01-25T17:25:02.484Z"},{"id":"c3ba9270-01c8-4906-8de9-757ddb88d0ec","url":"https://i.imgur.com/amr5tCH.jpg","normalizedUrl":"https://imgur.com/amr5tCH","thumbnail":"https://i.imgur.com/amr5tCHl.jpg","type":"image/imgur","tags":["ANNOTATED"],"createdAt":"2020-01-24T11:59:06.018Z","updatedAt":"2020-01-25T17:25:02.484Z"}],"postAvatar":""}