{"id":232969964,"title":"#集中討論 Super Junior 1/28 正規九輯Repackage Album \"Timeless\"","content":"🔥MV 出來了啊啊啊~~ \nhttps://youtu.be/Uqi34thogl4\n大家油管刷起來啊~~送哥哥們一位吧~~\n🔥官方歌詞版\nhttps://youtu.be/6Qs90jVIvjw\n🔥回歸舞台17:30 直播\nhttps://www.vlive.tv/video/171720\n🔥Bright & Shadow ver. 童童剪輯!\nhttps://www.vlive.tv/video/172839\n-\n更 - 天哪怎麼能這麼帥啊!!!!😳\nhttps://i.imgur.com/B27gSm8.jpg\n這次的風格太帥了!!!!!!\n2YA2YAO 節奏感爆擊啊~~~~\n-\nSJ Repackage album \"Timeless\"於1/28發行\n本次主打歌為\"2YA2YAO\"\nMV將於1/28 台灣時間17:00 公開\n-\n專輯收錄四首新歌🎧\n1. 2YA2YAO (主打歌，Zico作詞作曲)\n2. 악몽 (Ticky Tocky)\n3. Shadow (赤霞)\n4. Rock Your Body (東海作詞作曲♡)\nhttps://i.imgur.com/edbvZqq.jpg\n-\nHighlight Medley 💿\nhttps://youtu.be/xUYPVDTuzgI\n\n2YA2YAO 錄音花絮🎙\nhttps://youtu.be/XapHxJkMu8I\n\nTeaser Clip 1\nhttps://youtu.be/cr0etQ6Q6GE\n\nTeaser Clip 2\nhttps://youtu.be/uaMjjUiRa5o\n\nTeaser Clip 3\nhttps://youtu.be/r9SxkP0i7Xo\n\nMV Teaser \nhttps://youtu.be/mQRI8XKmoUU\n\n2YA2YAO Dance Collaboration 預告\nhttps://youtu.be/QI9oGyExyQg\n\n-\n專輯配置圖 🎞\nhttps://i.imgur.com/oGsn0jx.jpg\nhttps://i.imgur.com/MPzZlOT.jpg\nhttps://i.imgur.com/0xhRZMC.jpg\nhttps://i.imgur.com/2o8RHce.jpg\nhttps://i.imgur.com/dWDuL9Z.jpg\nhttps://i.imgur.com/UviPGQ7.jpg\n專輯共有兩版\nShadow version 和 Bright version \n1. CD 1片\n2. 寫真書 104頁\n3. 標籤吊牌 1個 (共9款，隨機封入1款)\n4. 折疊海報 1張 (共9款，隨機封入1款)\n5. 隨機小卡 1張 (共23款，隨機封入1款)\n-\n回歸照片\n-利特🦆\nShadow ver.\nhttps://i.imgur.com/Nfg7qqu.jpg\nhttps://i.imgur.com/E9M7uXK.jpg\nBright ver.\nhttps://i.imgur.com/LAnbqSb.jpg\nhttps://i.imgur.com/kWJo1T1.jpg\n\n-希澈🐱\nShadow ver.\nhttps://i.imgur.com/xzXfc6e.jpg\nhttps://i.imgur.com/buTZRTB.jpg\nBright ver.\nhttps://i.imgur.com/Ysw2D0O.jpg\nhttps://i.imgur.com/QXDC5Lb.jpg\n\n-藝聲🐢\nShadow ver.\nhttps://i.imgur.com/yQmmkSN.jpg\nhttps://i.imgur.com/zU29UoJ.jpg\nBright ver.\nhttps://i.imgur.com/TlPnGrm.jpg\nhttps://i.imgur.com/RaU5Xdt.jpg\n\n-神童🐖\nShadow ver.\nhttps://i.imgur.com/HoQ0VY0.jpg\nhttps://i.imgur.com/4eBGeQF.jpg\nBright ver.\nhttps://i.imgur.com/T8XyCrr.jpg\nhttps://i.imgur.com/rvgSwrg.jpg\n\n-銀赫🐒\nShadow ver.\nhttps://i.imgur.com/i8pW4w9.jpg\nhttps://i.imgur.com/yWOP0Tc.jpg\nBright ver.\nhttps://i.imgur.com/k2vjc94.jpg\nhttps://i.imgur.com/0bO9Zxj.jpg\n\n-東海🐠\nShadow ver.\nhttps://i.imgur.com/uC8qCNt.jpg\nhttps://i.imgur.com/8covaaf.jpg\nBright ver.\nhttps://i.imgur.com/wPY87vq.jpg\nhttps://i.imgur.com/pExyY7S.jpg\n\n-始源🐴\nShadow ver.\nhttps://i.imgur.com/8o0fp6s.jpg\nhttps://i.imgur.com/ha8ElSX.jpg\nBright ver.\nhttps://i.imgur.com/QxVEIsC.jpg\nhttps://i.imgur.com/x7J5cwq.jpg\n\n-厲旭🦒\nShadow ver.\nhttps://i.imgur.com/yYluuK8.jpg\nhttps://i.imgur.com/qgowsXX.jpg\nBright ver.\nhttps://i.imgur.com/YRJKko0.jpg\nhttps://i.imgur.com/JUeCqkd.jpg\n\n-圭賢🐧\nShadow ver.\nhttps://i.imgur.com/jHfnvKj.jpg\nhttps://i.imgur.com/RqV2uoS.jpg\nBright ver.\nhttps://i.imgur.com/69uc2YG.jpg\nhttps://i.imgur.com/keAPQQz.jpg\n\n-團體照\nhttps://i.imgur.com/y19NT4h.jpg\nhttps://i.imgur.com/PTOg92p.jpg\nhttps://i.imgur.com/UgNn1HO.jpg\nhttps://i.imgur.com/rf0h99l.jpg\n-\n哥哥們回歸衝呀 💙💙💙\n希望這次可以拿下一位~~","excerpt":"MV 出來了啊啊啊~~，大家油管刷起來啊~~送哥哥們一位吧~~，官方歌詞版，回歸舞台17：30 直播，Bright & Shadow ver. 童童剪輯！，-，更 - 天哪怎麼能這麼帥啊！！！！，這次","anonymousSchool":false,"anonymousDepartment":false,"pinned":false,"forumId":"14f573f5-3f02-4821-8e18-f561d7b7db91","replyId":null,"createdAt":"2020-01-28T01:53:32.413Z","updatedAt":"2020-01-29T12:19:39.130Z","commentCount":85,"likeCount":679,"tags":[],"topics":["SuperJunior","專輯","回歸"],"supportedReactions":null,"withNickname":true,"reportReason":"","hiddenByAuthor":false,"meta":{"layout":"classic"},"forumName":"追星","forumAlias":"entertainer","school":"永遠的欸噗ELF","department":"cutie_155","replyTitle":null,"gender":"F","personaSubscriptable":false,"reactions":[{"id":"286f599c-f86a-4932-82f0-f5a06f1eca03","count":673},{"id":"4b018f48-e184-445f-adf1-fc8e04ba09b9","count":2},{"id":"aa0d425f-d530-4478-9a77-fe3aedc79eea","count":2},{"id":"011ead16-9b83-4729-9fde-c588920c6c2d","count":1},{"id":"e8e6bc5d-41b0-4129-b134-97507523d7ff","count":1}],"hidden":false,"customStyle":null,"isSuspiciousAccount":false,"layout":"classic","withImages":true,"withVideos":false,"media":[{"url":"https://i.imgur.com/B27gSm8.jpg"},{"url":"https://i.imgur.com/edbvZqq.jpg"},{"url":"https://i.imgur.com/oGsn0jx.jpg"},{"url":"https://i.imgur.com/MPzZlOT.jpg"},{"url":"https://i.imgur.com/0xhRZMC.jpg"},{"url":"https://i.imgur.com/2o8RHce.jpg"},{"url":"https://i.imgur.com/dWDuL9Z.jpg"},{"url":"https://i.imgur.com/UviPGQ7.jpg"},{"url":"https://i.imgur.com/Nfg7qqu.jpg"},{"url":"https://i.imgur.com/E9M7uXK.jpg"},{"url":"https://i.imgur.com/LAnbqSb.jpg"},{"url":"https://i.imgur.com/kWJo1T1.jpg"},{"url":"https://i.imgur.com/xzXfc6e.jpg"},{"url":"https://i.imgur.com/buTZRTB.jpg"},{"url":"https://i.imgur.com/Ysw2D0O.jpg"},{"url":"https://i.imgur.com/QXDC5Lb.jpg"},{"url":"https://i.imgur.com/yQmmkSN.jpg"},{"url":"https://i.imgur.com/zU29UoJ.jpg"},{"url":"https://i.imgur.com/TlPnGrm.jpg"},{"url":"https://i.imgur.com/RaU5Xdt.jpg"},{"url":"https://i.imgur.com/HoQ0VY0.jpg"},{"url":"https://i.imgur.com/4eBGeQF.jpg"},{"url":"https://i.imgur.com/T8XyCrr.jpg"},{"url":"https://i.imgur.com/rvgSwrg.jpg"},{"url":"https://i.imgur.com/i8pW4w9.jpg"},{"url":"https://i.imgur.com/yWOP0Tc.jpg"},{"url":"https://i.imgur.com/k2vjc94.jpg"},{"url":"https://i.imgur.com/0bO9Zxj.jpg"},{"url":"https://i.imgur.com/uC8qCNt.jpg"},{"url":"https://i.imgur.com/8covaaf.jpg"},{"url":"https://i.imgur.com/wPY87vq.jpg"},{"url":"https://i.imgur.com/pExyY7S.jpg"},{"url":"https://i.imgur.com/8o0fp6s.jpg"},{"url":"https://i.imgur.com/ha8ElSX.jpg"},{"url":"https://i.imgur.com/QxVEIsC.jpg"},{"url":"https://i.imgur.com/x7J5cwq.jpg"},{"url":"https://i.imgur.com/yYluuK8.jpg"},{"url":"https://i.imgur.com/qgowsXX.jpg"},{"url":"https://i.imgur.com/YRJKko0.jpg"},{"url":"https://i.imgur.com/JUeCqkd.jpg"},{"url":"https://i.imgur.com/jHfnvKj.jpg"},{"url":"https://i.imgur.com/RqV2uoS.jpg"},{"url":"https://i.imgur.com/69uc2YG.jpg"},{"url":"https://i.imgur.com/keAPQQz.jpg"},{"url":"https://i.imgur.com/y19NT4h.jpg"},{"url":"https://i.imgur.com/PTOg92p.jpg"},{"url":"https://i.imgur.com/UgNn1HO.jpg"},{"url":"https://i.imgur.com/rf0h99l.jpg"}],"reportReasonText":"","mediaMeta":[{"id":"214f150c-2758-4806-a497-6e5773bd4daf","url":"https://img.youtube.com/vi/Uqi34thogl4/hqdefault.jpg","normalizedUrl":"https://img.youtube.com/vi/Uqi34thogl4/hqdefault.jpg","thumbnail":"https://img.youtube.com/vi/Uqi34thogl4/hqdefault.jpg","type":"image/thumbnail","tags":["ANNOTATED"],"createdAt":"2020-01-28T09:08:04.845Z","updatedAt":"2020-01-29T12:19:39.130Z"},{"id":"214f150c-2758-4806-a497-6e5773bd4daf","url":"https://youtu.be/Uqi34thogl4","normalizedUrl":"https://www.youtube.com/watch?v=Uqi34thogl4","thumbnail":"https://img.youtube.com/vi/Uqi34thogl4/hqdefault.jpg","type":"video/youtube","tags":["ANNOTATED"],"createdAt":"2020-01-28T09:08:04.845Z","updatedAt":"2020-01-29T12:19:39.130Z"},{"id":"f58efef6-d6d1-4cbb-804d-6f29f6a7185a","url":"https://youtu.be/6Qs90jVIvjw","normalizedUrl":"https://www.youtube.com/watch?v=6Qs90jVIvjw","thumbnail":"https://img.youtube.com/vi/6Qs90jVIvjw/hqdefault.jpg","type":"video/youtube","tags":["ANNOTATED"],"createdAt":"2020-01-28T09:11:54.517Z","updatedAt":"2020-01-29T12:19:39.130Z"},{"id":"b7931ddf-83b7-430e-82e7-1288e2497a68","url":"https://i.imgur.com/B27gSm8.jpg","normalizedUrl":"https://imgur.com/B27gSm8","thumbnail":"https://i.imgur.com/B27gSm8l.jpg","type":"image/imgur","tags":["ANNOTATED"],"createdAt":"2020-01-28T09:08:04.845Z","updatedAt":"2020-01-29T12:19:39.130Z"},{"id":"296ca573-df19-4362-97fc-1e2cc44e4486","url":"https://i.imgur.com/edbvZqq.jpg","normalizedUrl":"https://imgur.com/edbvZqq","thumbnail":"https://i.imgur.com/edbvZqql.jpg","type":"image/imgur","tags":["ANNOTATED"],"createdAt":"2020-01-28T01:53:32.413Z","updatedAt":"2020-01-29T12:19:39.130Z"},{"id":"1157343a-f3fa-4b93-96d6-89d50e93bb88","url":"https://youtu.be/xUYPVDTuzgI","normalizedUrl":"https://www.youtube.com/watch?v=xUYPVDTuzgI","thumbnail":"https://img.youtube.com/vi/xUYPVDTuzgI/hqdefault.jpg","type":"video/youtube","tags":["ANNOTATED"],"createdAt":"2020-01-28T01:53:32.413Z","updatedAt":"2020-01-29T12:19:39.130Z"},{"id":"6bd2a8fb-7ccf-4ee1-bfeb-a4eaea8ae900","url":"https://youtu.be/XapHxJkMu8I","normalizedUrl":"https://www.youtube.com/watch?v=XapHxJkMu8I","thumbnail":"https://img.youtube.com/vi/XapHxJkMu8I/hqdefault.jpg","type":"video/youtube","tags":["ANNOTATED"],"createdAt":"2020-01-28T01:53:32.413Z","updatedAt":"2020-01-29T12:19:39.130Z"},{"id":"0897f037-5b3a-4870-add8-0cf2251b6210","url":"https://youtu.be/cr0etQ6Q6GE","normalizedUrl":"https://www.youtube.com/watch?v=cr0etQ6Q6GE","thumbnail":"https://img.youtube.com/vi/cr0etQ6Q6GE/hqdefault.jpg","type":"video/youtube","tags":["ANNOTATED"],"createdAt":"2020-01-28T01:53:32.413Z","updatedAt":"2020-01-29T12:19:39.130Z"},{"id":"dc7240c0-59a4-4989-9d7c-c494cdfec3c4","url":"https://youtu.be/uaMjjUiRa5o","normalizedUrl":"https://www.youtube.com/watch?v=uaMjjUiRa5o","thumbnail":"https://img.youtube.com/vi/uaMjjUiRa5o/hqdefault.jpg","type":"video/youtube","tags":["ANNOTATED"],"createdAt":"2020-01-28T01:53:32.413Z","updatedAt":"2020-01-29T12:19:39.130Z"},{"id":"577df017-9195-4f10-942a-554b28a5f5dc","url":"https://youtu.be/r9SxkP0i7Xo","normalizedUrl":"https://www.youtube.com/watch?v=r9SxkP0i7Xo","thumbnail":"https://img.youtube.com/vi/r9SxkP0i7Xo/hqdefault.jpg","type":"video/youtube","tags":["ANNOTATED"],"createdAt":"2020-01-28T01:53:32.413Z","updatedAt":"2020-01-29T12:19:39.130Z"},{"id":"830dd3d9-84ee-4387-b570-160f3881574b","url":"https://youtu.be/mQRI8XKmoUU","normalizedUrl":"https://www.youtube.com/watch?v=mQRI8XKmoUU","thumbnail":"https://img.youtube.com/vi/mQRI8XKmoUU/hqdefault.jpg","type":"video/youtube","tags":["ANNOTATED"],"createdAt":"2020-01-28T01:53:32.413Z","updatedAt":"2020-01-29T12:19:39.130Z"},{"id":"15f70500-5b38-44f2-98af-6f11c8d0c3c5","url":"https://youtu.be/QI9oGyExyQg","normalizedUrl":"https://www.youtube.com/watch?v=QI9oGyExyQg","thumbnail":"https://img.youtube.com/vi/QI9oGyExyQg/hqdefault.jpg","type":"video/youtube","tags":["ANNOTATED"],"createdAt":"2020-01-28T01:53:32.413Z","updatedAt":"2020-01-29T12:19:39.130Z"},{"id":"adf6276f-5aeb-412c-9bf5-b9a5873caeb0","url":"https://i.imgur.com/oGsn0jx.jpg","normalizedUrl":"https://imgur.com/oGsn0jx","thumbnail":"https://i.imgur.com/oGsn0jxl.jpg","type":"image/imgur","tags":["ANNOTATED"],"createdAt":"2020-01-28T06:11:18.094Z","updatedAt":"2020-01-29T12:19:39.130Z"},{"id":"2ed5af6b-5ec4-4934-8a9f-230fc87d4b33","url":"https://i.imgur.com/MPzZlOT.jpg","normalizedUrl":"https://imgur.com/MPzZlOT","thumbnail":"https://i.imgur.com/MPzZlOTl.jpg","type":"image/imgur","tags":["ANNOTATED"],"createdAt":"2020-01-28T01:53:32.413Z","updatedAt":"2020-01-29T12:19:39.130Z"},{"id":"bfefebf0-d6dd-4fcc-8b12-2e78524ba7f0","url":"https://i.imgur.com/0xhRZMC.jpg","normalizedUrl":"https://imgur.com/0xhRZMC","thumbnail":"https://i.imgur.com/0xhRZMCl.jpg","type":"image/imgur","tags":["ANNOTATED"],"createdAt":"2020-01-28T01:53:32.413Z","updatedAt":"2020-01-29T12:19:39.130Z"},{"id":"fb376ffb-8917-4ed5-957d-a44fea063176","url":"https://i.imgur.com/2o8RHce.jpg","normalizedUrl":"https://imgur.com/2o8RHce","thumbnail":"https://i.imgur.com/2o8RHcel.jpg","type":"image/imgur","tags":["ANNOTATED"],"createdAt":"2020-01-28T01:53:32.413Z","updatedAt":"2020-01-29T12:19:39.130Z"},{"id":"99f76da3-d3a3-4533-9293-8cbcb052fed0","url":"https://i.imgur.com/dWDuL9Z.jpg","normalizedUrl":"https://imgur.com/dWDuL9Z","thumbnail":"https://i.imgur.com/dWDuL9Zl.jpg","type":"image/imgur","tags":["ANNOTATED"],"createdAt":"2020-01-28T01:53:32.413Z","updatedAt":"2020-01-29T12:19:39.130Z"},{"id":"1487b56e-fcf7-4f86-be97-8b151fceaedc","url":"https://i.imgur.com/UviPGQ7.jpg","normalizedUrl":"https://imgur.com/UviPGQ7","thumbnail":"https://i.imgur.com/UviPGQ7l.jpg","type":"image/imgur","tags":["ANNOTATED"],"createdAt":"2020-01-28T01:53:32.413Z","updatedAt":"2020-01-29T12:19:39.130Z"},{"id":"5729ffe6-40d2-4138-a8b5-6c2f21301506","url":"https://i.imgur.com/Nfg7qqu.jpg","normalizedUrl":"https://imgur.com/Nfg7qqu","thumbnail":"https://i.imgur.com/Nfg7qqul.jpg","type":"image/imgur","tags":["ANNOTATED"],"createdAt":"2020-01-28T01:53:32.413Z","updatedAt":"2020-01-29T12:19:39.130Z"},{"id":"e94b8083-d215-4485-b895-2fe98ba52a0e","url":"https://i.imgur.com/E9M7uXK.jpg","normalizedUrl":"https://imgur.com/E9M7uXK","thumbnail":"https://i.imgur.com/E9M7uXKl.jpg","type":"image/imgur","tags":["ANNOTATED"],"createdAt":"2020-01-28T01:53:32.413Z","updatedAt":"2020-01-29T12:19:39.130Z"},{"id":"c7492ccd-81e9-4a2e-9518-7c11f53b8390","url":"https://i.imgur.com/LAnbqSb.jpg","normalizedUrl":"https://imgur.com/LAnbqSb","thumbnail":"https://i.imgur.com/LAnbqSbl.jpg","type":"image/imgur","tags":["ANNOTATED"],"createdAt":"2020-01-28T01:53:32.413Z","updatedAt":"2020-01-29T12:19:39.130Z"},{"id":"b1c10a0c-bf94-42ba-8073-d62c4fff607b","url":"https://i.imgur.com/kWJo1T1.jpg","normalizedUrl":"https://imgur.com/kWJo1T1","thumbnail":"https://i.imgur.com/kWJo1T1l.jpg","type":"image/imgur","tags":["ANNOTATED"],"createdAt":"2020-01-28T01:53:32.413Z","updatedAt":"2020-01-29T12:19:39.130Z"},{"id":"2b702d30-bc23-4c20-8ed1-73bade40ac1c","url":"https://i.imgur.com/xzXfc6e.jpg","normalizedUrl":"https://imgur.com/xzXfc6e","thumbnail":"https://i.imgur.com/xzXfc6el.jpg","type":"image/imgur","tags":["ANNOTATED"],"createdAt":"2020-01-28T01:53:32.413Z","updatedAt":"2020-01-29T12:19:39.130Z"},{"id":"6cab537c-0c52-47d9-bfc3-36f64c57e751","url":"https://i.imgur.com/buTZRTB.jpg","normalizedUrl":"https://imgur.com/buTZRTB","thumbnail":"https://i.imgur.com/buTZRTBl.jpg","type":"image/imgur","tags":["ANNOTATED"],"createdAt":"2020-01-28T01:53:32.413Z","updatedAt":"2020-01-29T12:19:39.130Z"},{"id":"fc698903-2cf1-415c-a90b-734f96d43acb","url":"https://i.imgur.com/Ysw2D0O.jpg","normalizedUrl":"https://imgur.com/Ysw2D0O","thumbnail":"https://i.imgur.com/Ysw2D0Ol.jpg","type":"image/imgur","tags":["ANNOTATED"],"createdAt":"2020-01-28T01:53:32.413Z","updatedAt":"2020-01-29T12:19:39.130Z"},{"id":"7770b4b6-2521-4b20-864c-85825a5efbb2","url":"https://i.imgur.com/QXDC5Lb.jpg","normalizedUrl":"https://imgur.com/QXDC5Lb","thumbnail":"https://i.imgur.com/QXDC5Lbl.jpg","type":"image/imgur","tags":["ANNOTATED"],"createdAt":"2020-01-28T01:53:32.413Z","updatedAt":"2020-01-29T12:19:39.130Z"},{"id":"ddad3b79-c3a1-4226-93e9-0b68a2945863","url":"https://i.imgur.com/yQmmkSN.jpg","normalizedUrl":"https://imgur.com/yQmmkSN","thumbnail":"https://i.imgur.com/yQmmkSNl.jpg","type":"image/imgur","tags":["ANNOTATED"],"createdAt":"2020-01-28T01:53:32.413Z","updatedAt":"2020-01-29T12:19:39.130Z"},{"id":"3470625b-548b-490e-a255-9e96e242de92","url":"https://i.imgur.com/zU29UoJ.jpg","normalizedUrl":"https://imgur.com/zU29UoJ","thumbnail":"https://i.imgur.com/zU29UoJl.jpg","type":"image/imgur","tags":["ANNOTATED"],"createdAt":"2020-01-28T01:53:32.413Z","updatedAt":"2020-01-29T12:19:39.130Z"},{"id":"88418e9e-611b-480e-ad02-552365dedde0","url":"https://i.imgur.com/TlPnGrm.jpg","normalizedUrl":"https://imgur.com/TlPnGrm","thumbnail":"https://i.imgur.com/TlPnGrml.jpg","type":"image/imgur","tags":["ANNOTATED"],"createdAt":"2020-01-28T01:53:32.413Z","updatedAt":"2020-01-29T12:19:39.130Z"},{"id":"977e729c-97ca-4794-8359-dd8c4dfff66d","url":"https://i.imgur.com/RaU5Xdt.jpg","normalizedUrl":"https://imgur.com/RaU5Xdt","thumbnail":"https://i.imgur.com/RaU5Xdtl.jpg","type":"image/imgur","tags":["ANNOTATED"],"createdAt":"2020-01-28T01:53:32.413Z","updatedAt":"2020-01-29T12:19:39.130Z"},{"id":"c458da19-c63b-40c0-94f7-a379f0a4192b","url":"https://i.imgur.com/HoQ0VY0.jpg","normalizedUrl":"https://imgur.com/HoQ0VY0","thumbnail":"https://i.imgur.com/HoQ0VY0l.jpg","type":"image/imgur","tags":["ANNOTATED"],"createdAt":"2020-01-28T01:53:32.413Z","updatedAt":"2020-01-29T12:19:39.130Z"},{"id":"5ac8c273-fe93-4c70-a129-135a462c8128","url":"https://i.imgur.com/4eBGeQF.jpg","normalizedUrl":"https://imgur.com/4eBGeQF","thumbnail":"https://i.imgur.com/4eBGeQFl.jpg","type":"image/imgur","tags":["ANNOTATED"],"createdAt":"2020-01-28T01:53:32.413Z","updatedAt":"2020-01-29T12:19:39.130Z"},{"id":"52f19f4b-3224-45f8-9fcb-7599843d4d44","url":"https://i.imgur.com/T8XyCrr.jpg","normalizedUrl":"https://imgur.com/T8XyCrr","thumbnail":"https://i.imgur.com/T8XyCrrl.jpg","type":"image/imgur","tags":["ANNOTATED"],"createdAt":"2020-01-28T01:53:32.413Z","updatedAt":"2020-01-29T12:19:39.130Z"},{"id":"008b0620-a48c-4917-ae65-3a77748b5143","url":"https://i.imgur.com/rvgSwrg.jpg","normalizedUrl":"https://imgur.com/rvgSwrg","thumbnail":"https://i.imgur.com/rvgSwrgl.jpg","type":"image/imgur","tags":["ANNOTATED"],"createdAt":"2020-01-28T01:53:32.413Z","updatedAt":"2020-01-29T12:19:39.130Z"},{"id":"d6bbd915-ca2d-47ef-9344-8d9fd226222e","url":"https://i.imgur.com/i8pW4w9.jpg","normalizedUrl":"https://imgur.com/i8pW4w9","thumbnail":"https://i.imgur.com/i8pW4w9l.jpg","type":"image/imgur","tags":["ANNOTATED"],"createdAt":"2020-01-28T01:53:32.413Z","updatedAt":"2020-01-29T12:19:39.130Z"},{"id":"46f6bd49-e12b-48a7-b9db-2fbfb964dbb3","url":"https://i.imgur.com/yWOP0Tc.jpg","normalizedUrl":"https://imgur.com/yWOP0Tc","thumbnail":"https://i.imgur.com/yWOP0Tcl.jpg","type":"image/imgur","tags":["ANNOTATED"],"createdAt":"2020-01-28T01:53:32.413Z","updatedAt":"2020-01-29T12:19:39.130Z"},{"id":"7427492c-751a-4b0b-9882-489d8c137b98","url":"https://i.imgur.com/k2vjc94.jpg","normalizedUrl":"https://imgur.com/k2vjc94","thumbnail":"https://i.imgur.com/k2vjc94l.jpg","type":"image/imgur","tags":["ANNOTATED"],"createdAt":"2020-01-28T01:53:32.413Z","updatedAt":"2020-01-29T12:19:39.130Z"},{"id":"5204609e-b1ac-4e4b-9ade-cf73473ac979","url":"https://i.imgur.com/0bO9Zxj.jpg","normalizedUrl":"https://imgur.com/0bO9Zxj","thumbnail":"https://i.imgur.com/0bO9Zxjl.jpg","type":"image/imgur","tags":["ANNOTATED"],"createdAt":"2020-01-28T01:53:32.413Z","updatedAt":"2020-01-29T12:19:39.130Z"},{"id":"c5401a3a-a1b0-4c8b-a8b1-50eb427e7f42","url":"https://i.imgur.com/uC8qCNt.jpg","normalizedUrl":"https://imgur.com/uC8qCNt","thumbnail":"https://i.imgur.com/uC8qCNtl.jpg","type":"image/imgur","tags":["ANNOTATED"],"createdAt":"2020-01-28T01:53:32.413Z","updatedAt":"2020-01-29T12:19:39.130Z"},{"id":"09510d59-fce1-4554-ae2d-f5f0fb7771cb","url":"https://i.imgur.com/8covaaf.jpg","normalizedUrl":"https://imgur.com/8covaaf","thumbnail":"https://i.imgur.com/8covaafl.jpg","type":"image/imgur","tags":["ANNOTATED"],"createdAt":"2020-01-28T01:53:32.413Z","updatedAt":"2020-01-29T12:19:39.130Z"},{"id":"735c4a3d-6c57-45fe-9ffa-4d2ed74dea9b","url":"https://i.imgur.com/wPY87vq.jpg","normalizedUrl":"https://imgur.com/wPY87vq","thumbnail":"https://i.imgur.com/wPY87vql.jpg","type":"image/imgur","tags":["ANNOTATED"],"createdAt":"2020-01-28T01:53:32.413Z","updatedAt":"2020-01-29T12:19:39.130Z"},{"id":"3752a638-2d4e-4b4a-ac4e-25c26a1f0b36","url":"https://i.imgur.com/pExyY7S.jpg","normalizedUrl":"https://imgur.com/pExyY7S","thumbnail":"https://i.imgur.com/pExyY7Sl.jpg","type":"image/imgur","tags":["ANNOTATED"],"createdAt":"2020-01-28T01:53:32.413Z","updatedAt":"2020-01-29T12:19:39.130Z"},{"id":"9c420418-2e81-4fe6-9d22-8168dd5391ce","url":"https://i.imgur.com/8o0fp6s.jpg","normalizedUrl":"https://imgur.com/8o0fp6s","thumbnail":"https://i.imgur.com/8o0fp6sl.jpg","type":"image/imgur","tags":["ANNOTATED"],"createdAt":"2020-01-28T01:53:32.413Z","updatedAt":"2020-01-29T12:19:39.130Z"},{"id":"0245f800-de8f-4e0a-bae7-9e9be3e7e78f","url":"https://i.imgur.com/ha8ElSX.jpg","normalizedUrl":"https://imgur.com/ha8ElSX","thumbnail":"https://i.imgur.com/ha8ElSXl.jpg","type":"image/imgur","tags":["ANNOTATED"],"createdAt":"2020-01-28T01:53:32.413Z","updatedAt":"2020-01-29T12:19:39.130Z"},{"id":"d047691f-c562-4970-8a46-ca32b8c4a40d","url":"https://i.imgur.com/QxVEIsC.jpg","normalizedUrl":"https://imgur.com/QxVEIsC","thumbnail":"https://i.imgur.com/QxVEIsCl.jpg","type":"image/imgur","tags":["ANNOTATED"],"createdAt":"2020-01-28T01:53:32.413Z","updatedAt":"2020-01-29T12:19:39.130Z"},{"id":"65faa5d0-9ae2-4dfe-9c4b-cd3bda61ffad","url":"https://i.imgur.com/x7J5cwq.jpg","normalizedUrl":"https://imgur.com/x7J5cwq","thumbnail":"https://i.imgur.com/x7J5cwql.jpg","type":"image/imgur","tags":["ANNOTATED"],"createdAt":"2020-01-28T01:53:32.413Z","updatedAt":"2020-01-29T12:19:39.130Z"},{"id":"9e11d227-7b95-47e5-86e5-a1542a7815d7","url":"https://i.imgur.com/yYluuK8.jpg","normalizedUrl":"https://imgur.com/yYluuK8","thumbnail":"https://i.imgur.com/yYluuK8l.jpg","type":"image/imgur","tags":["ANNOTATED"],"createdAt":"2020-01-28T01:53:32.413Z","updatedAt":"2020-01-29T12:19:39.130Z"},{"id":"4126f534-194c-43b8-a190-b3911f99ef1c","url":"https://i.imgur.com/qgowsXX.jpg","normalizedUrl":"https://imgur.com/qgowsXX","thumbnail":"https://i.imgur.com/qgowsXXl.jpg","type":"image/imgur","tags":["ANNOTATED"],"createdAt":"2020-01-28T01:53:32.413Z","updatedAt":"2020-01-29T12:19:39.130Z"},{"id":"3faceb3c-ece8-491a-b1bd-fcdfecd24283","url":"https://i.imgur.com/YRJKko0.jpg","normalizedUrl":"https://imgur.com/YRJKko0","thumbnail":"https://i.imgur.com/YRJKko0l.jpg","type":"image/imgur","tags":["ANNOTATED"],"createdAt":"2020-01-28T01:53:32.413Z","updatedAt":"2020-01-29T12:19:39.130Z"},{"id":"de3d36d8-9300-48a0-9581-7a02a7ceaba6","url":"https://i.imgur.com/JUeCqkd.jpg","normalizedUrl":"https://imgur.com/JUeCqkd","thumbnail":"https://i.imgur.com/JUeCqkdl.jpg","type":"image/imgur","tags":["ANNOTATED"],"createdAt":"2020-01-28T01:53:32.413Z","updatedAt":"2020-01-29T12:19:39.130Z"},{"id":"60eba95f-8ee8-4d49-a593-dadbb219dc43","url":"https://i.imgur.com/jHfnvKj.jpg","normalizedUrl":"https://imgur.com/jHfnvKj","thumbnail":"https://i.imgur.com/jHfnvKjl.jpg","type":"image/imgur","tags":["ANNOTATED"],"createdAt":"2020-01-28T01:53:32.413Z","updatedAt":"2020-01-29T12:19:39.130Z"},{"id":"55ad7614-d807-4d4c-ba1c-7b71b03030a3","url":"https://i.imgur.com/RqV2uoS.jpg","normalizedUrl":"https://imgur.com/RqV2uoS","thumbnail":"https://i.imgur.com/RqV2uoSl.jpg","type":"image/imgur","tags":["ANNOTATED"],"createdAt":"2020-01-28T01:53:32.413Z","updatedAt":"2020-01-29T12:19:39.130Z"},{"id":"363d91e9-92bb-407a-b88f-93794b90999e","url":"https://i.imgur.com/69uc2YG.jpg","normalizedUrl":"https://imgur.com/69uc2YG","thumbnail":"https://i.imgur.com/69uc2YGl.jpg","type":"image/imgur","tags":["ANNOTATED"],"createdAt":"2020-01-28T01:53:32.413Z","updatedAt":"2020-01-29T12:19:39.130Z"},{"id":"787c143b-2dbc-45a6-adbc-30a25b3421e7","url":"https://i.imgur.com/keAPQQz.jpg","normalizedUrl":"https://imgur.com/keAPQQz","thumbnail":"https://i.imgur.com/keAPQQzl.jpg","type":"image/imgur","tags":["ANNOTATED"],"createdAt":"2020-01-28T01:53:32.413Z","updatedAt":"2020-01-29T12:19:39.130Z"},{"id":"7e3ebd97-7e9b-409c-b35e-cd12a3bcbfbc","url":"https://i.imgur.com/y19NT4h.jpg","normalizedUrl":"https://imgur.com/y19NT4h","thumbnail":"https://i.imgur.com/y19NT4hl.jpg","type":"image/imgur","tags":["ANNOTATED"],"createdAt":"2020-01-28T01:53:32.413Z","updatedAt":"2020-01-29T12:19:39.130Z"},{"id":"7a5e74b2-594c-477f-8b81-c04560e4b895","url":"https://i.imgur.com/PTOg92p.jpg","normalizedUrl":"https://imgur.com/PTOg92p","thumbnail":"https://i.imgur.com/PTOg92pl.jpg","type":"image/imgur","tags":["ANNOTATED"],"createdAt":"2020-01-28T01:53:32.413Z","updatedAt":"2020-01-29T12:19:39.130Z"},{"id":"8045566b-d9cb-495b-9fdf-b81b47f1d6e4","url":"https://i.imgur.com/UgNn1HO.jpg","normalizedUrl":"https://imgur.com/UgNn1HO","thumbnail":"https://i.imgur.com/UgNn1HOl.jpg","type":"image/imgur","tags":["ANNOTATED"],"createdAt":"2020-01-28T01:53:32.413Z","updatedAt":"2020-01-29T12:19:39.130Z"},{"id":"df9d0ae7-5b6f-4564-8481-617499316a55","url":"https://i.imgur.com/rf0h99l.jpg","normalizedUrl":"https://imgur.com/rf0h99l","thumbnail":"https://i.imgur.com/rf0h99ll.jpg","type":"image/imgur","tags":["ANNOTATED"],"createdAt":"2020-01-28T01:53:32.413Z","updatedAt":"2020-01-29T12:19:39.130Z"}],"postAvatar":""}