{"id":232976228,"title":"#資訊 一起去看邁可森克羅埃西亞狂想音樂會! 高雄 3/11, 台中 3/12","content":"邁可森, 就是他讓我愛上鋼琴, 完美結合流行樂與古典樂的第一人!! 這個帥哥相隔了4年, 終於在這次世巡來台!! \n目前台北己經賣。完。了! 台中目前還有85折,高雄票也不多了! 折扣好像是到1月31日\n附上兩廳院售票連結讓大家查閱:\nhttps://reurl.cc/M76vlL\n\n大家揪起來吧!\nhttp://i.imgur.com/HCrw9bk.jpg","excerpt":"邁可森， 就是他讓我愛上鋼琴， 完美結合流行樂與古典樂的第一人！！ 這個帥哥相隔了4年， 終於在這次世巡來台！！，目前台北己經賣。完。了！ 台中目前還有85折，高雄票也不多了！ 折扣好像是到1月31日","anonymousSchool":false,"anonymousDepartment":true,"pinned":false,"forumId":"14f573f5-3f02-4821-8e18-f561d7b7db91","replyId":null,"createdAt":"2020-01-29T04:09:55.179Z","updatedAt":"2020-01-29T04:09:55.179Z","commentCount":0,"likeCount":2,"tags":[],"topics":["鋼琴","音樂會","高雄","台中","追星"],"supportedReactions":null,"withNickname":false,"reportReason":"","hiddenByAuthor":false,"meta":{"layout":"classic"},"forumName":"追星","forumAlias":"entertainer","school":"昆士蘭科技大學","replyTitle":null,"gender":"F","personaSubscriptable":false,"reactions":[{"id":"286f599c-f86a-4932-82f0-f5a06f1eca03","count":2}],"hidden":false,"customStyle":null,"isSuspiciousAccount":false,"layout":"classic","withImages":true,"withVideos":false,"media":[{"url":"http://i.imgur.com/HCrw9bk.jpg"}],"reportReasonText":"","mediaMeta":[{"id":"d97b1f7f-fedb-4501-a300-5b1c837fb427","url":"https://i.imgur.com/HCrw9bkl.jpg","normalizedUrl":"https://i.imgur.com/HCrw9bkl.jpg","thumbnail":"https://i.imgur.com/HCrw9bkl.jpg","type":"image/thumbnail","tags":["ANNOTATED"],"createdAt":"2020-01-29T04:09:55.179Z","updatedAt":"2020-01-29T04:09:55.179Z"},{"id":"d97b1f7f-fedb-4501-a300-5b1c837fb427","url":"http://i.imgur.com/HCrw9bk.jpg","normalizedUrl":"https://imgur.com/HCrw9bk","thumbnail":"https://i.imgur.com/HCrw9bkl.jpg","type":"image/imgur","tags":["ANNOTATED"],"createdAt":"2020-01-29T04:09:55.179Z","updatedAt":"2020-01-29T04:09:55.179Z"}],"postAvatar":""}