{"id":232943185,"title":"#安利#金在煥 平凡人系idol🍃","content":"先放個年末的絕美小金鎮樓( •̀∀•́ )✧\nhttps://megapx-assets.dcard.tw/images/83002e41-f53e-4294-9e6f-596fd3cda757/1280.jpeg\nCr.needyou0527\n/\n為什麼說在煥是平凡人系idol呢？\n因為即使已經出道了\n在煥卻還是像平凡人一樣的生活著！\n\n-熱衷於乘坐大眾運輸工具的金·普通市民·在煥\nhttps://megapx-assets.dcard.tw/images/5e6cae51-4291-41ca-ae04-697c0dd46163/1280.jpeg\nhttps://megapx-assets.dcard.tw/images/d2fb635a-ad1e-4169-9460-ab6d125c3c00/1280.jpeg\nhttps://megapx-assets.dcard.tw/images/44e1365f-a643-4c19-8e87-225d41b38e66/full.jpeg\n關於金市民如何搭乘地鐵不被人發現的妙招\nhttps://megapx-assets.dcard.tw/images/c2de23d5-70de-42f0-bd53-136a20e9c0bc/full.jpeg\n講得振振有詞，但還是每次都會被發現XD\n另外金市民也分享了一定能找到座位的方法\nhttps://megapx-assets.dcard.tw/images/c47d975f-9044-424a-b5bf-4b4451dc3325/full.jpeg\n✔️門一打開就衝進去，計畫通٩( ᐛ )و\n\n除了地鐵也有好好使用其他綠色交通工具\n-滑板車🛴\nhttps://megapx-assets.dcard.tw/images/c8fc2707-62d5-49bc-b769-72be92de07f5/full.jpeg\n-滑板🛹\n（就是上面地鐵被目擊那天ㅎㅎ）\nhttps://megapx-assets.dcard.tw/images/e6adba03-ba40-422d-907c-60bfead50a3a/full.jpeg\n-腳踏車🚲\n在漢江公園飆風的金市民.jpg\nhttps://megapx-assets.dcard.tw/images/b3d48d9a-4770-4bdf-bfb7-a382a9a83b27/full.jpeg\n\n平常的生活就是下班後和哥哥們去踢球⚽️\n-足球才是正宮，開直播十次有八次在踢球的江西區奇誠庸\nhttps://megapx-assets.dcard.tw/images/9f04ab95-acd2-4a2e-9de2-d3c99156c5c9/1280.jpeg\nhttps://megapx-assets.dcard.tw/images/2c010707-b5e9-47f2-8ab5-2e9bf1eb726b/1280.jpeg\n看看這華麗的接球技巧\n\\果然是我們帥氣的FC美男隊隊員/\nhttps://www.dcard.tw/v2/vivid/videos/093d2c46-af47-4535-905c-98a8670256a1?r=1.7777777777777777\n一有空就會去足球場練習\nhttps://megapx-assets.dcard.tw/images/dc0143b4-1bd5-43b2-911f-8e34cb92d58a/full.jpeg\n結果因為踢球直播太多都沒人要看（喂）\nhttps://megapx-assets.dcard.tw/images/82ff2666-e75d-4e06-aa8a-55e4fa094501/full.jpeg\n不去運動也不用上班的時候\n金市民就和朋友出去吃吃喝喝，或是在小區閒晃\nhttps://megapx-assets.dcard.tw/images/540dd54a-1d5c-47ad-9162-fec35b6a2573/full.jpeg\nhttps://megapx-assets.dcard.tw/images/17e2a169-df09-4f45-95ed-89fceb8059a8/full.jpeg\nhttps://megapx-assets.dcard.tw/images/0e6d1aff-29ee-4d87-88ef-28dca91f89fc/full.jpeg\nhttps://megapx-assets.dcard.tw/images/47adaa54-4df9-4b1f-b936-47a8e2da48ec/full.jpeg\n金·不是都市·在·是傍花洞男·奐\nhttps://megapx-assets.dcard.tw/images/d3119f01-ae4c-4915-ac93-784ca1ce47d6/full.jpeg\n（明太魚店就是之前一直打工的那間！）\nhttps://megapx-assets.dcard.tw/images/21e8f4b8-6564-4a2d-9d19-e4654a3707dc/full.jpeg\nhttps://megapx-assets.dcard.tw/images/735a16bb-63ab-44fc-b6c4-47ac508c2dff/full.jpeg\n\n可能是因為出身於平凡的家庭，一直到改變生命的produce101 s2為止幾乎是一個人努力著\n所以被問到關於懇切感跟夢想的想法時\n他說：「我的迫切感是自然而然的，因為是在不得不產生迫切感的環境下成長的。家裡不是那麼富裕的情況，父母也受了很多苦。看到父母辛苦工作的樣子就領悟到我除了努力別無選擇，真的是一邊努力一邊祈禱。身體已經被迫切感滲透，現在已經熟悉了，就像呼吸一樣自然。」\n：「就這樣懷著只要努力應該都行的樸素夢想，『做歌手吧，提高實力，認真做吧』是這樣平凡的座右銘。正是因為那些時光，才能成為現在的金在煥。不管怎麼樣，堅持努力是不會背叛我的，不行了要放棄現在還尚早。」\n\n平凡的金市民也有他的的平凡幸福哲學\n（🍃是他的粉絲WIN:D）\n\nhttps://megapx-assets.dcard.tw/images/21571de8-0cbf-4c34-a619-b92bcdbefdf3/full.jpeg\n：「幸福不在遠方，而是周圍細小的事物中。如果能夠換一種視線，一切都會變得很美好的。」\n\n正是因為平凡，所以能看到不一樣的人生\n今年是本命年的平凡系idol金在煥\n目前正在展開第二次亞巡illusion；煥想\nhttps://megapx-assets.dcard.tw/images/f7a08cec-a012-4c54-a970-b9796f0aa070/1280.jpeg\n前陣子也參與了叢林的法則錄製\nhttps://megapx-assets.dcard.tw/images/3aedf8d9-81d1-4e2b-b14d-584d184c6b9a/full.jpeg\n還唱了最近很火的愛的迫降的ost ！\nhttps://youtu.be/Oh2xvGAiOgU\n目前以solo idol的身分積極活動中！\n\n最後推薦兩個必看的圈粉影片\n-演唱會上的五段高音chandelier \nhttps://youtu.be/vaJ3y2c9yog\n-新專輯的歌曲Who am I\nhttps://youtu.be/adnngNRrdRs\n加入台風大家庭永遠不嫌晚\n入股不虧噠٩(˃̶͈̀௰˂̶͈́)و\nhttps://megapx-assets.dcard.tw/images/d21a13f8-3766-4119-b25d-d91f9b43e184/1280.jpeg\n就打到這兒啦 下台一鞠躬🙇🏻‍♀️\n大家新年快樂～～～～！","excerpt":"先放個年末的絕美小金鎮樓（ •̀∀•́ ），Cr.needyou0527，/，為什麼說在煥是平凡人系idol呢？因為即使已經出道了，在煥卻還是像平凡人一樣的生活著！，-熱衷於乘坐大眾運輸工具的金·普通","anonymousSchool":false,"anonymousDepartment":false,"pinned":false,"forumId":"14f573f5-3f02-4821-8e18-f561d7b7db91","replyId":null,"createdAt":"2020-01-23T07:26:25.540Z","updatedAt":"2020-01-23T13:56:11.419Z","commentCount":34,"likeCount":678,"tags":[],"topics":["金在煥","安利"],"supportedReactions":null,"withNickname":true,"reportReason":"","hiddenByAuthor":false,"meta":{"layout":"classic"},"forumName":"追星","forumAlias":"entertainer","school":"Dream of 527","department":"lulustar.8915","replyTitle":null,"gender":"F","personaSubscriptable":true,"reactions":[{"id":"286f599c-f86a-4932-82f0-f5a06f1eca03","count":672},{"id":"e8e6bc5d-41b0-4129-b134-97507523d7ff","count":6}],"hidden":false,"customStyle":null,"isSuspiciousAccount":false,"layout":"classic","withImages":true,"withVideos":true,"media":[{"url":"https://megapx-assets.dcard.tw/images/83002e41-f53e-4294-9e6f-596fd3cda757/1280.jpeg"},{"url":"https://megapx-assets.dcard.tw/images/5e6cae51-4291-41ca-ae04-697c0dd46163/1280.jpeg"},{"url":"https://megapx-assets.dcard.tw/images/d2fb635a-ad1e-4169-9460-ab6d125c3c00/1280.jpeg"},{"url":"https://megapx-assets.dcard.tw/images/44e1365f-a643-4c19-8e87-225d41b38e66/full.jpeg"},{"url":"https://megapx-assets.dcard.tw/images/c2de23d5-70de-42f0-bd53-136a20e9c0bc/full.jpeg"},{"url":"https://megapx-assets.dcard.tw/images/c47d975f-9044-424a-b5bf-4b4451dc3325/full.jpeg"},{"url":"https://megapx-assets.dcard.tw/images/c8fc2707-62d5-49bc-b769-72be92de07f5/full.jpeg"},{"url":"https://megapx-assets.dcard.tw/images/e6adba03-ba40-422d-907c-60bfead50a3a/full.jpeg"},{"url":"https://megapx-assets.dcard.tw/images/b3d48d9a-4770-4bdf-bfb7-a382a9a83b27/full.jpeg"},{"url":"https://megapx-assets.dcard.tw/images/9f04ab95-acd2-4a2e-9de2-d3c99156c5c9/1280.jpeg"},{"url":"https://megapx-assets.dcard.tw/images/2c010707-b5e9-47f2-8ab5-2e9bf1eb726b/1280.jpeg"},{"url":"https://vivid.dcard.tw/Public/093d2c46-af47-4535-905c-98a8670256a1/thumbnail.jpg"},{"url":"https://megapx-assets.dcard.tw/images/dc0143b4-1bd5-43b2-911f-8e34cb92d58a/full.jpeg"},{"url":"https://megapx-assets.dcard.tw/images/82ff2666-e75d-4e06-aa8a-55e4fa094501/full.jpeg"},{"url":"https://megapx-assets.dcard.tw/images/540dd54a-1d5c-47ad-9162-fec35b6a2573/full.jpeg"},{"url":"https://megapx-assets.dcard.tw/images/17e2a169-df09-4f45-95ed-89fceb8059a8/full.jpeg"},{"url":"https://megapx-assets.dcard.tw/images/0e6d1aff-29ee-4d87-88ef-28dca91f89fc/full.jpeg"},{"url":"https://megapx-assets.dcard.tw/images/47adaa54-4df9-4b1f-b936-47a8e2da48ec/full.jpeg"},{"url":"https://megapx-assets.dcard.tw/images/d3119f01-ae4c-4915-ac93-784ca1ce47d6/full.jpeg"},{"url":"https://megapx-assets.dcard.tw/images/21e8f4b8-6564-4a2d-9d19-e4654a3707dc/full.jpeg"},{"url":"https://megapx-assets.dcard.tw/images/735a16bb-63ab-44fc-b6c4-47ac508c2dff/full.jpeg"},{"url":"https://megapx-assets.dcard.tw/images/21571de8-0cbf-4c34-a619-b92bcdbefdf3/full.jpeg"},{"url":"https://megapx-assets.dcard.tw/images/f7a08cec-a012-4c54-a970-b9796f0aa070/1280.jpeg"},{"url":"https://megapx-assets.dcard.tw/images/3aedf8d9-81d1-4e2b-b14d-584d184c6b9a/full.jpeg"},{"url":"https://megapx-assets.dcard.tw/images/d21a13f8-3766-4119-b25d-d91f9b43e184/1280.jpeg"}],"reportReasonText":"","mediaMeta":[{"id":"9f905516-f9d1-4834-9025-7c39428bbb07","url":"https://megapx-assets.dcard.tw/images/83002e41-f53e-4294-9e6f-596fd3cda757/640.jpeg","normalizedUrl":"https://megapx-assets.dcard.tw/images/83002e41-f53e-4294-9e6f-596fd3cda757/640.jpeg","thumbnail":"https://megapx-assets.dcard.tw/images/83002e41-f53e-4294-9e6f-596fd3cda757/640.jpeg","type":"image/thumbnail","tags":["ANNOTATED"],"createdAt":"2020-01-23T07:26:25.540Z","updatedAt":"2020-01-23T13:56:11.419Z","width":423,"height":640},{"id":"9f905516-f9d1-4834-9025-7c39428bbb07","url":"https://megapx-assets.dcard.tw/images/83002e41-f53e-4294-9e6f-596fd3cda757/1280.jpeg","normalizedUrl":"https://megapx.dcard.tw/v1/images/83002e41-f53e-4294-9e6f-596fd3cda757","thumbnail":"https://megapx-assets.dcard.tw/images/83002e41-f53e-4294-9e6f-596fd3cda757/640.jpeg","type":"image/megapx","tags":["ANNOTATED"],"createdAt":"2020-01-23T07:26:25.540Z","updatedAt":"2020-01-23T13:56:11.419Z","width":1323,"height":2000},{"id":"f6f5b39b-7372-43f6-9d56-56e26678c7f2","url":"https://megapx-assets.dcard.tw/images/5e6cae51-4291-41ca-ae04-697c0dd46163/1280.jpeg","normalizedUrl":"https://megapx.dcard.tw/v1/images/5e6cae51-4291-41ca-ae04-697c0dd46163","thumbnail":"https://megapx-assets.dcard.tw/images/5e6cae51-4291-41ca-ae04-697c0dd46163/640.jpeg","type":"image/megapx","tags":["ANNOTATED"],"createdAt":"2020-01-23T07:26:25.540Z","updatedAt":"2020-01-23T13:56:11.419Z","width":708,"height":2000},{"id":"ff60a0b3-012f-420f-a942-c212c261cf77","url":"https://megapx-assets.dcard.tw/images/d2fb635a-ad1e-4169-9460-ab6d125c3c00/1280.jpeg","normalizedUrl":"https://megapx.dcard.tw/v1/images/d2fb635a-ad1e-4169-9460-ab6d125c3c00","thumbnail":"https://megapx-assets.dcard.tw/images/d2fb635a-ad1e-4169-9460-ab6d125c3c00/640.jpeg","type":"image/megapx","tags":["ANNOTATED"],"createdAt":"2020-01-23T07:26:25.540Z","updatedAt":"2020-01-23T13:56:11.419Z","width":1080,"height":1440},{"id":"1733002f-3d57-478a-a810-c377b0c1b964","url":"https://megapx-assets.dcard.tw/images/44e1365f-a643-4c19-8e87-225d41b38e66/full.jpeg","normalizedUrl":"https://megapx.dcard.tw/v1/images/44e1365f-a643-4c19-8e87-225d41b38e66","thumbnail":"https://megapx-assets.dcard.tw/images/44e1365f-a643-4c19-8e87-225d41b38e66/640.jpeg","type":"image/megapx","tags":["ANNOTATED"],"createdAt":"2020-01-23T07:26:25.540Z","updatedAt":"2020-01-23T13:56:11.419Z","width":755,"height":1225},{"id":"d7e97fac-e449-41c1-902f-c538fb903b10","url":"https://megapx-assets.dcard.tw/images/c2de23d5-70de-42f0-bd53-136a20e9c0bc/full.jpeg","normalizedUrl":"https://megapx.dcard.tw/v1/images/c2de23d5-70de-42f0-bd53-136a20e9c0bc","thumbnail":"https://megapx-assets.dcard.tw/images/c2de23d5-70de-42f0-bd53-136a20e9c0bc/640.jpeg","type":"image/megapx","tags":["ANNOTATED"],"createdAt":"2020-01-23T07:26:25.540Z","updatedAt":"2020-01-23T13:56:11.419Z","width":750,"height":228},{"id":"18d8f91b-dbff-43b9-800a-3c4fd5f76c52","url":"https://megapx-assets.dcard.tw/images/c47d975f-9044-424a-b5bf-4b4451dc3325/full.jpeg","normalizedUrl":"https://megapx.dcard.tw/v1/images/c47d975f-9044-424a-b5bf-4b4451dc3325","thumbnail":"https://megapx-assets.dcard.tw/images/c47d975f-9044-424a-b5bf-4b4451dc3325/640.jpeg","type":"image/megapx","tags":["ANNOTATED"],"createdAt":"2020-01-23T07:26:25.540Z","updatedAt":"2020-01-23T13:56:11.419Z","width":750,"height":1012},{"id":"9597767d-dca3-4958-a82e-dc20808f811d","url":"https://megapx-assets.dcard.tw/images/c8fc2707-62d5-49bc-b769-72be92de07f5/full.jpeg","normalizedUrl":"https://megapx.dcard.tw/v1/images/c8fc2707-62d5-49bc-b769-72be92de07f5","thumbnail":"https://megapx-assets.dcard.tw/images/c8fc2707-62d5-49bc-b769-72be92de07f5/640.jpeg","type":"image/megapx","tags":["ANNOTATED"],"createdAt":"2020-01-23T07:26:25.540Z","updatedAt":"2020-01-23T13:56:11.419Z","width":768,"height":1024},{"id":"21b38225-2e50-4a51-978e-a1ac0322b320","url":"https://megapx-assets.dcard.tw/images/e6adba03-ba40-422d-907c-60bfead50a3a/full.jpeg","normalizedUrl":"https://megapx.dcard.tw/v1/images/e6adba03-ba40-422d-907c-60bfead50a3a","thumbnail":"https://megapx-assets.dcard.tw/images/e6adba03-ba40-422d-907c-60bfead50a3a/640.jpeg","type":"image/megapx","tags":["ANNOTATED"],"createdAt":"2020-01-23T07:26:25.540Z","updatedAt":"2020-01-23T13:56:11.419Z","width":1024,"height":1024},{"id":"a9a9bf80-bff5-415b-9555-ae2ad61e7da7","url":"https://megapx-assets.dcard.tw/images/b3d48d9a-4770-4bdf-bfb7-a382a9a83b27/full.jpeg","normalizedUrl":"https://megapx.dcard.tw/v1/images/b3d48d9a-4770-4bdf-bfb7-a382a9a83b27","thumbnail":"https://megapx-assets.dcard.tw/images/b3d48d9a-4770-4bdf-bfb7-a382a9a83b27/640.jpeg","type":"image/megapx","tags":["ANNOTATED"],"createdAt":"2020-01-23T07:58:17.424Z","updatedAt":"2020-01-23T13:56:11.419Z","width":996,"height":1024},{"id":"52a35705-2a68-477e-8570-0fabf8f36cbc","url":"https://megapx-assets.dcard.tw/images/9f04ab95-acd2-4a2e-9de2-d3c99156c5c9/1280.jpeg","normalizedUrl":"https://megapx.dcard.tw/v1/images/9f04ab95-acd2-4a2e-9de2-d3c99156c5c9","thumbnail":"https://megapx-assets.dcard.tw/images/9f04ab95-acd2-4a2e-9de2-d3c99156c5c9/640.jpeg","type":"image/megapx","tags":["ANNOTATED"],"createdAt":"2020-01-23T07:26:25.540Z","updatedAt":"2020-01-23T13:56:11.419Z","width":750,"height":1334},{"id":"4e43ecfa-815b-4736-bcd5-7a1bbb537850","url":"https://megapx-assets.dcard.tw/images/2c010707-b5e9-47f2-8ab5-2e9bf1eb726b/1280.jpeg","normalizedUrl":"https://megapx.dcard.tw/v1/images/2c010707-b5e9-47f2-8ab5-2e9bf1eb726b","thumbnail":"https://megapx-assets.dcard.tw/images/2c010707-b5e9-47f2-8ab5-2e9bf1eb726b/640.jpeg","type":"image/megapx","tags":["ANNOTATED"],"createdAt":"2020-01-23T07:26:25.540Z","updatedAt":"2020-01-23T13:56:11.419Z","width":1125,"height":2000},{"id":"02336a52-2e13-4412-bcc3-f551553e8079","url":"https://www.dcard.tw/v2/vivid/videos/093d2c46-af47-4535-905c-98a8670256a1?r=1.7777777777777777","normalizedUrl":"","thumbnail":"https://vivid.dcard.tw/Public/093d2c46-af47-4535-905c-98a8670256a1/thumbnail.jpg","type":"video/vivid","tags":["ANNOTATED_FAILED"],"createdAt":"2020-01-23T07:26:25.540Z","updatedAt":"2020-01-23T13:56:11.419Z"},{"id":"48dc4a27-5af7-4058-9b87-f6eba4611edd","url":"https://megapx-assets.dcard.tw/images/dc0143b4-1bd5-43b2-911f-8e34cb92d58a/full.jpeg","normalizedUrl":"https://megapx.dcard.tw/v1/images/dc0143b4-1bd5-43b2-911f-8e34cb92d58a","thumbnail":"https://megapx-assets.dcard.tw/images/dc0143b4-1bd5-43b2-911f-8e34cb92d58a/640.jpeg","type":"image/megapx","tags":["ANNOTATED"],"createdAt":"2020-01-23T07:26:25.540Z","updatedAt":"2020-01-23T13:56:11.419Z","width":750,"height":672},{"id":"84b4279b-a748-4e94-a73d-7f7930eb0915","url":"https://megapx-assets.dcard.tw/images/82ff2666-e75d-4e06-aa8a-55e4fa094501/full.jpeg","normalizedUrl":"https://megapx.dcard.tw/v1/images/82ff2666-e75d-4e06-aa8a-55e4fa094501","thumbnail":"https://megapx-assets.dcard.tw/images/82ff2666-e75d-4e06-aa8a-55e4fa094501/640.jpeg","type":"image/megapx","tags":["ANNOTATED"],"createdAt":"2020-01-23T07:26:25.540Z","updatedAt":"2020-01-23T13:56:11.419Z","width":750,"height":494},{"id":"e2fcebdb-6377-4b5d-a81f-5fff17965a9b","url":"https://megapx-assets.dcard.tw/images/540dd54a-1d5c-47ad-9162-fec35b6a2573/full.jpeg","normalizedUrl":"https://megapx.dcard.tw/v1/images/540dd54a-1d5c-47ad-9162-fec35b6a2573","thumbnail":"https://megapx-assets.dcard.tw/images/540dd54a-1d5c-47ad-9162-fec35b6a2573/640.jpeg","type":"image/megapx","tags":["ANNOTATED"],"createdAt":"2020-01-23T07:26:25.540Z","updatedAt":"2020-01-23T13:56:11.419Z","width":750,"height":557},{"id":"343c9167-f706-46df-8204-586f595ef754","url":"https://megapx-assets.dcard.tw/images/17e2a169-df09-4f45-95ed-89fceb8059a8/full.jpeg","normalizedUrl":"https://megapx.dcard.tw/v1/images/17e2a169-df09-4f45-95ed-89fceb8059a8","thumbnail":"https://megapx-assets.dcard.tw/images/17e2a169-df09-4f45-95ed-89fceb8059a8/640.jpeg","type":"image/megapx","tags":["ANNOTATED"],"createdAt":"2020-01-23T07:26:25.540Z","updatedAt":"2020-01-23T13:56:11.419Z","width":1080,"height":1080},{"id":"f24360e4-6ef2-413e-a82c-5f74c995ceb9","url":"https://megapx-assets.dcard.tw/images/0e6d1aff-29ee-4d87-88ef-28dca91f89fc/full.jpeg","normalizedUrl":"https://megapx.dcard.tw/v1/images/0e6d1aff-29ee-4d87-88ef-28dca91f89fc","thumbnail":"https://megapx-assets.dcard.tw/images/0e6d1aff-29ee-4d87-88ef-28dca91f89fc/640.jpeg","type":"image/megapx","tags":["ANNOTATED"],"createdAt":"2020-01-23T07:26:25.540Z","updatedAt":"2020-01-23T13:56:11.419Z","width":750,"height":875},{"id":"7884e42f-b5f2-4dc0-9a9b-38a6235e4e36","url":"https://megapx-assets.dcard.tw/images/47adaa54-4df9-4b1f-b936-47a8e2da48ec/full.jpeg","normalizedUrl":"https://megapx.dcard.tw/v1/images/47adaa54-4df9-4b1f-b936-47a8e2da48ec","thumbnail":"https://megapx-assets.dcard.tw/images/47adaa54-4df9-4b1f-b936-47a8e2da48ec/640.jpeg","type":"image/megapx","tags":["ANNOTATED"],"createdAt":"2020-01-23T07:26:25.540Z","updatedAt":"2020-01-23T13:56:11.419Z","width":750,"height":895},{"id":"a33292e6-82ea-4d07-90aa-57b6d0d82abe","url":"https://megapx-assets.dcard.tw/images/d3119f01-ae4c-4915-ac93-784ca1ce47d6/full.jpeg","normalizedUrl":"https://megapx.dcard.tw/v1/images/d3119f01-ae4c-4915-ac93-784ca1ce47d6","thumbnail":"https://megapx-assets.dcard.tw/images/d3119f01-ae4c-4915-ac93-784ca1ce47d6/640.jpeg","type":"image/megapx","tags":["ANNOTATED"],"createdAt":"2020-01-23T07:26:25.540Z","updatedAt":"2020-01-23T13:56:11.419Z","width":1078,"height":518},{"id":"8f2b4cbb-6c80-4eb3-81af-f1df3722bf46","url":"https://megapx-assets.dcard.tw/images/21e8f4b8-6564-4a2d-9d19-e4654a3707dc/full.jpeg","normalizedUrl":"https://megapx.dcard.tw/v1/images/21e8f4b8-6564-4a2d-9d19-e4654a3707dc","thumbnail":"https://megapx-assets.dcard.tw/images/21e8f4b8-6564-4a2d-9d19-e4654a3707dc/640.jpeg","type":"image/megapx","tags":["ANNOTATED"],"createdAt":"2020-01-23T07:26:25.540Z","updatedAt":"2020-01-23T13:56:11.419Z","width":1079,"height":607},{"id":"f1f10819-e910-43d3-81f9-e9ffa1072893","url":"https://megapx-assets.dcard.tw/images/735a16bb-63ab-44fc-b6c4-47ac508c2dff/full.jpeg","normalizedUrl":"https://megapx.dcard.tw/v1/images/735a16bb-63ab-44fc-b6c4-47ac508c2dff","thumbnail":"https://megapx-assets.dcard.tw/images/735a16bb-63ab-44fc-b6c4-47ac508c2dff/640.jpeg","type":"image/megapx","tags":["ANNOTATED"],"createdAt":"2020-01-23T07:26:25.540Z","updatedAt":"2020-01-23T13:56:11.419Z","width":750,"height":367},{"id":"4d8c1d52-2ec9-47d2-8d70-fbc5b7c5deed","url":"https://megapx-assets.dcard.tw/images/21571de8-0cbf-4c34-a619-b92bcdbefdf3/full.jpeg","normalizedUrl":"https://megapx.dcard.tw/v1/images/21571de8-0cbf-4c34-a619-b92bcdbefdf3","thumbnail":"https://megapx-assets.dcard.tw/images/21571de8-0cbf-4c34-a619-b92bcdbefdf3/640.jpeg","type":"image/megapx","tags":["ANNOTATED"],"createdAt":"2020-01-23T07:26:25.540Z","updatedAt":"2020-01-23T13:56:11.419Z","width":750,"height":309},{"id":"0e30b40c-1884-4147-b5c8-4fe17d555fc8","url":"https://megapx-assets.dcard.tw/images/f7a08cec-a012-4c54-a970-b9796f0aa070/1280.jpeg","normalizedUrl":"https://megapx.dcard.tw/v1/images/f7a08cec-a012-4c54-a970-b9796f0aa070","thumbnail":"https://megapx-assets.dcard.tw/images/f7a08cec-a012-4c54-a970-b9796f0aa070/640.jpeg","type":"image/megapx","tags":["ANNOTATED"],"createdAt":"2020-01-23T07:26:25.540Z","updatedAt":"2020-01-23T13:56:11.419Z","width":1019,"height":1440},{"id":"b93fa624-2a77-46de-b164-ba132f2f236a","url":"https://megapx-assets.dcard.tw/images/3aedf8d9-81d1-4e2b-b14d-584d184c6b9a/full.jpeg","normalizedUrl":"https://megapx.dcard.tw/v1/images/3aedf8d9-81d1-4e2b-b14d-584d184c6b9a","thumbnail":"https://megapx-assets.dcard.tw/images/3aedf8d9-81d1-4e2b-b14d-584d184c6b9a/640.jpeg","type":"image/megapx","tags":["ANNOTATED"],"createdAt":"2020-01-23T07:26:25.540Z","updatedAt":"2020-01-23T13:56:11.419Z","width":588,"height":779},{"id":"be50b373-1dac-47aa-8b80-3897114bf27e","url":"https://youtu.be/Oh2xvGAiOgU","normalizedUrl":"https://www.youtube.com/watch?v=Oh2xvGAiOgU","thumbnail":"https://img.youtube.com/vi/Oh2xvGAiOgU/hqdefault.jpg","type":"video/youtube","tags":["ANNOTATED"],"createdAt":"2020-01-23T07:26:25.540Z","updatedAt":"2020-01-23T13:56:11.419Z"},{"id":"1b3f5d94-9c06-4246-bb18-fb4716c55cd5","url":"https://youtu.be/vaJ3y2c9yog","normalizedUrl":"https://www.youtube.com/watch?v=vaJ3y2c9yog","thumbnail":"https://img.youtube.com/vi/vaJ3y2c9yog/hqdefault.jpg","type":"video/youtube","tags":["ANNOTATED"],"createdAt":"2020-01-23T07:26:25.540Z","updatedAt":"2020-01-23T13:56:11.419Z"},{"id":"4618fe1d-9316-4c60-900b-3beb94ef927b","url":"https://youtu.be/adnngNRrdRs","normalizedUrl":"https://www.youtube.com/watch?v=adnngNRrdRs","thumbnail":"https://img.youtube.com/vi/adnngNRrdRs/hqdefault.jpg","type":"video/youtube","tags":["ANNOTATED"],"createdAt":"2020-01-23T07:26:25.540Z","updatedAt":"2020-01-23T13:56:11.419Z"},{"id":"3379d723-2efc-46b7-818d-42dc2ca56dd5","url":"https://megapx-assets.dcard.tw/images/d21a13f8-3766-4119-b25d-d91f9b43e184/1280.jpeg","normalizedUrl":"https://megapx.dcard.tw/v1/images/d21a13f8-3766-4119-b25d-d91f9b43e184","thumbnail":"https://megapx-assets.dcard.tw/images/d21a13f8-3766-4119-b25d-d91f9b43e184/640.jpeg","type":"image/megapx","tags":["ANNOTATED"],"createdAt":"2020-01-23T07:26:25.540Z","updatedAt":"2020-01-23T13:56:11.419Z","width":1080,"height":1920}],"postAvatar":""}