{"id":232970968,"title":"第一次喜歡上偶像團體","content":"雖然我沒辦法參與妳們的過去\n\n但從許多文章、影片等，短短的時間，了解到妳們當年所受的發生的事，所受的苦，和想要出道的心情\n\n直到去年的改名，一切開始步入軌道，也越變越好了\n\n支持妳們也已經一年，但每次聽到以前的幾首經典曲，還是不禁會流下淚來，雖然苦那麼多年，發生許多風風雨雨，甚至有人離開了，妳們卻堅持住了，才能有今天\n\n好喜歡喜歡妳們，說妳們是我生活的動力也不為過，喜歡在節目上有趣活潑的妳們，喜歡演唱會認真歡樂的妳們，喜歡妳們每一位，每一位都是我的小可愛、小寶貝\n\n雖然沒辦法參與妳們的過去，但之後的每一刻，我會一直支持妳們的，我愛妳們！！\n\n這是我第一次的喜歡上偶像，原來有那麼有趣、好看的團體，她們正散發著光芒，希望可以越來越好","excerpt":"雖然我沒辦法參與妳們的過去，但從許多文章、影片等，短短的時間，了解到妳們當年所受的發生的事，所受的苦，和想要出道的心情，直到去年的改名，一切開始步入軌道，也越變越好了，支持妳們也已經一年，但每次聽到以","anonymousSchool":false,"anonymousDepartment":true,"pinned":false,"forumId":"14f573f5-3f02-4821-8e18-f561d7b7db91","replyId":null,"createdAt":"2020-01-28T06:40:10.524Z","updatedAt":"2020-01-28T06:40:10.524Z","commentCount":7,"likeCount":44,"tags":[],"topics":["偶像"],"supportedReactions":null,"withNickname":false,"reportReason":"","hiddenByAuthor":false,"meta":{"layout":"classic"},"forumName":"追星","forumAlias":"entertainer","school":"樹德科技大學","replyTitle":null,"gender":"M","personaSubscriptable":null,"reactions":[{"id":"286f599c-f86a-4932-82f0-f5a06f1eca03","count":43},{"id":"e8e6bc5d-41b0-4129-b134-97507523d7ff","count":1}],"hidden":false,"customStyle":null,"isSuspiciousAccount":false,"layout":"classic","withImages":false,"withVideos":false,"media":[],"reportReasonText":"","mediaMeta":[],"postAvatar":""}