{"id":232959777,"title":"#請益 TWICE小卡價值","content":"https://i.imgur.com/VZt1DpI.jpg\nhttps://i.imgur.com/1MdtrJK.jpg\n在社團混久了\n偶爾會看到這種小卡出售文\n看到有興趣的就會去詢問賣家價錢\n發現這種白匡小卡特別有價值\n問的結果一套（9兔+團體共十張）\n價錢大概都在1500~2500左右\n想請問這種價錢合理嗎\n最近手邊剛好有一套白匡小卡不知怎麼出價\n所以上來問問看\n請有賣小卡經驗的給一點意見 謝謝~~","excerpt":"在社團混久了，偶爾會看到這種小卡出售文，看到有興趣的就會去詢問賣家價錢，發現這種白匡小卡特別有價值，問的結果一套（9兔+團體共十張），價錢大概都在1500~2500左右，想請問這種價錢合理嗎，最近手邊","anonymousSchool":false,"anonymousDepartment":true,"pinned":false,"forumId":"14f573f5-3f02-4821-8e18-f561d7b7db91","replyId":null,"createdAt":"2020-01-26T05:58:16.769Z","updatedAt":"2020-01-26T06:01:08.623Z","commentCount":9,"likeCount":23,"tags":[],"topics":["小卡","TWICE"],"supportedReactions":null,"withNickname":false,"reportReason":"","hiddenByAuthor":false,"meta":{"layout":"classic"},"forumName":"追星","forumAlias":"entertainer","school":"輔英科技大學","replyTitle":null,"gender":"F","personaSubscriptable":false,"reactions":[{"id":"286f599c-f86a-4932-82f0-f5a06f1eca03","count":22},{"id":"aa0d425f-d530-4478-9a77-fe3aedc79eea","count":1}],"hidden":false,"customStyle":null,"isSuspiciousAccount":false,"layout":"classic","withImages":true,"withVideos":false,"media":[{"url":"https://i.imgur.com/VZt1DpI.jpg"},{"url":"https://i.imgur.com/1MdtrJK.jpg"}],"reportReasonText":"","mediaMeta":[{"id":"6f4a9ab3-b822-422b-89e2-95ce77475859","url":"https://i.imgur.com/VZt1DpIl.jpg","normalizedUrl":"https://i.imgur.com/VZt1DpIl.jpg","thumbnail":"https://i.imgur.com/VZt1DpIl.jpg","type":"image/thumbnail","tags":["ANNOTATED"],"createdAt":"2020-01-26T05:58:16.769Z","updatedAt":"2020-01-26T06:01:08.623Z"},{"id":"6f4a9ab3-b822-422b-89e2-95ce77475859","url":"https://i.imgur.com/VZt1DpI.jpg","normalizedUrl":"https://imgur.com/VZt1DpI","thumbnail":"https://i.imgur.com/VZt1DpIl.jpg","type":"image/imgur","tags":["ANNOTATED"],"createdAt":"2020-01-26T05:58:16.769Z","updatedAt":"2020-01-26T06:01:08.623Z"},{"id":"b324ad03-77b6-4af2-ac6c-58e8679a033c","url":"https://i.imgur.com/1MdtrJK.jpg","normalizedUrl":"https://imgur.com/1MdtrJK","thumbnail":"https://i.imgur.com/1MdtrJKl.jpg","type":"image/imgur","tags":["ANNOTATED"],"createdAt":"2020-01-26T05:58:16.769Z","updatedAt":"2020-01-26T06:01:08.623Z"}],"postAvatar":""}