{"id":232943467,"title":"Vlive app的字幕&網頁瀏覽器無法看vlive+影片","content":"最近買了一台iPad，想說以後就可以用大一點的螢幕看影片\n結果打開vlive app我的vlive+影片發現\n字幕好小啊😭😭\n上網有找到在桌面設定裡有一個輔助設定可以調整字幕大小\n調整過後一般網頁的影片字幕確實變大了\n但是vlive app裡面的字幕還是一樣小啊啊😭\n\n後來想說那就用瀏覽器(safari)看好了\n結果卻顯示「不支援的營運體系或瀏覽器」\n害我整個好想哭啊啊啊\n有想過會不會是瀏覽器版本的問題\n但是我找不到要去哪裡看Safari的版本\n\n桌面設定裡的軟體版本是13.2.2\niPad是第七代(iPad 2019)\n因為上網找了很久都找不到解決方法\n所以才上來問問看各位\n1.有沒有人知道怎麼調整vlive app裡面的字幕大小\n或者是\n2.有沒有人有使用過iPad的safari看過vlive+的影片，如果有人可以看的話，是不是代表可能是我瀏覽器版本的問題？\n\n不好意思麻煩各位了 謝謝！\n祝各位過年都可以刮中一百萬！","excerpt":"最近買了一台iPad，想說以後就可以用大一點的螢幕看影片，結果打開vlive app我的vlive+影片發現，字幕好小啊，上網有找到在桌面設定裡有一個輔助設定可以調整字幕大小，調整過後一般網頁的影片字","anonymousSchool":false,"anonymousDepartment":false,"pinned":false,"forumId":"14f573f5-3f02-4821-8e18-f561d7b7db91","replyId":null,"createdAt":"2020-01-23T08:16:47.296Z","updatedAt":"2020-01-23T08:16:47.296Z","commentCount":0,"likeCount":2,"tags":[],"topics":["VLIVE"],"supportedReactions":null,"withNickname":false,"reportReason":"","hiddenByAuthor":false,"meta":{"layout":"classic"},"forumName":"追星","forumAlias":"entertainer","school":"國立中央大學","department":"資訊工程學系","replyTitle":null,"gender":"F","personaSubscriptable":false,"reactions":[{"id":"286f599c-f86a-4932-82f0-f5a06f1eca03","count":2}],"hidden":false,"customStyle":null,"isSuspiciousAccount":false,"layout":"classic","withImages":false,"withVideos":false,"media":[],"reportReasonText":"","mediaMeta":[],"postAvatar":""}