{"id":232945295,"title":"#問 愛豆 90’s anime 圖片","content":"想請問大家下面那些圖片是偶像自己公司做的，還是粉絲自己畫出來的？找了好幾天都沒有自家愛豆的90’s anime \n實在是太漂亮了，好想要Mamamoo 這種圖片\nhttps://megapx-assets.dcard.tw/images/0a0e9ca3-a05f-4231-8e24-6178b34aeae3/1280.jpeg\nhttps://megapx-assets.dcard.tw/images/7672a166-285e-4dac-abbc-66904d0a4226/1280.jpeg\n \n不曉得大家有沒有推薦的站子，謝謝大家\n\n以上圖片截取自Pinterest","excerpt":"想請問大家下面那些圖片是偶像自己公司做的，還是粉絲自己畫出來的？找了好幾天都沒有自家愛豆的90’s anime，實在是太漂亮了，好想要Mamamoo 這種圖片，不曉得大家有沒有推薦的站子，謝謝大家，以","anonymousSchool":false,"anonymousDepartment":true,"pinned":false,"forumId":"14f573f5-3f02-4821-8e18-f561d7b7db91","replyId":null,"createdAt":"2020-01-23T13:38:03.768Z","updatedAt":"2020-01-23T13:53:44.919Z","commentCount":3,"likeCount":34,"tags":[],"topics":["韓星","愛豆","MAMAMOO"],"supportedReactions":null,"withNickname":false,"reportReason":"","hiddenByAuthor":false,"meta":{"layout":"classic"},"forumName":"追星","forumAlias":"entertainer","school":"致理科技大學","replyTitle":null,"gender":"F","personaSubscriptable":false,"reactions":[{"id":"286f599c-f86a-4932-82f0-f5a06f1eca03","count":33},{"id":"aa0d425f-d530-4478-9a77-fe3aedc79eea","count":1}],"hidden":false,"customStyle":null,"isSuspiciousAccount":false,"layout":"classic","withImages":true,"withVideos":false,"media":[{"url":"https://megapx-assets.dcard.tw/images/0a0e9ca3-a05f-4231-8e24-6178b34aeae3/1280.jpeg"},{"url":"https://megapx-assets.dcard.tw/images/7672a166-285e-4dac-abbc-66904d0a4226/1280.jpeg"}],"reportReasonText":"","mediaMeta":[{"id":"7f6bdfb3-0496-43cd-8ebd-1af50b2b97dc","url":"https://megapx-assets.dcard.tw/images/0a0e9ca3-a05f-4231-8e24-6178b34aeae3/640.jpeg","normalizedUrl":"https://megapx-assets.dcard.tw/images/0a0e9ca3-a05f-4231-8e24-6178b34aeae3/640.jpeg","thumbnail":"https://megapx-assets.dcard.tw/images/0a0e9ca3-a05f-4231-8e24-6178b34aeae3/640.jpeg","type":"image/thumbnail","tags":["ANNOTATED"],"createdAt":"2020-01-23T13:38:03.768Z","updatedAt":"2020-01-23T13:53:44.919Z","width":296,"height":640},{"id":"7f6bdfb3-0496-43cd-8ebd-1af50b2b97dc","url":"https://megapx-assets.dcard.tw/images/0a0e9ca3-a05f-4231-8e24-6178b34aeae3/1280.jpeg","normalizedUrl":"https://megapx.dcard.tw/v1/images/0a0e9ca3-a05f-4231-8e24-6178b34aeae3","thumbnail":"https://megapx-assets.dcard.tw/images/0a0e9ca3-a05f-4231-8e24-6178b34aeae3/640.jpeg","type":"image/megapx","tags":["ANNOTATED"],"createdAt":"2020-01-23T13:38:03.768Z","updatedAt":"2020-01-23T13:53:44.919Z","width":828,"height":1792},{"id":"147049d0-6eca-4622-b32a-8857f8e50c1c","url":"https://megapx-assets.dcard.tw/images/7672a166-285e-4dac-abbc-66904d0a4226/1280.jpeg","normalizedUrl":"https://megapx.dcard.tw/v1/images/7672a166-285e-4dac-abbc-66904d0a4226","thumbnail":"https://megapx-assets.dcard.tw/images/7672a166-285e-4dac-abbc-66904d0a4226/640.jpeg","type":"image/megapx","tags":["ANNOTATED"],"createdAt":"2020-01-23T13:38:03.768Z","updatedAt":"2020-01-23T13:53:44.919Z","width":828,"height":1792}],"postAvatar":""}