{"id":232947298,"title":"在不瘋狂就等死最近的風波","content":"在不瘋狂就等死是我從國二開始追的團體\n追到現在大二了也六年了\n其中人就是來來去去的\n不過言歸正傳\n最近他們好像出了很多問題\n然後都各說各話，有各自不同的立場\n但網路聲量大多偏向員工\n對於資方就是頗少數人支持的\n但又說實在的\n遇到這樣的狀況\n他們互相互噴其實不是辦法\n對於現況也於事無補\n.\n個人想到的辦法是：\n1.面對面坐下來講，搞清楚現在爭吵的狀況\n因為現在更本就是大亂鬥\n而且對雙方的名譽其實都不太好\n先搞搞釐清再說\n2.對簿公堂，尋求法律途徑\n過程中有非法的事，或者爭議的事\n交由第三方釐清\n不然當局者迷的狀況發生吧\n.\n以上兩個是我想到的最佳辦法\n否則大家也都是霧裡看花，不知道到底在幹嘛\n也希望這些事有好的結果\n.\n畢竟當了這麼多年的追蹤者\nAres、本本、洛克、比熊、古拉、亞亞等\n都是有看到他們的互動的\n當然螢幕上的呈現並非真實\n但我相信他們並非壞人吧！\n.\n加油！","excerpt":"在不瘋狂就等死是我從國二開始追的團體，追到現在大二了也六年了，其中人就是來來去去的，不過言歸正傳，最近他們好像出了很多問題，然後都各說各話，有各自不同的立場，但網路聲量大多偏向員工，對於資方就是頗少數","anonymousSchool":false,"anonymousDepartment":false,"pinned":false,"forumId":"14f573f5-3f02-4821-8e18-f561d7b7db91","replyId":null,"createdAt":"2020-01-23T18:43:31.412Z","updatedAt":"2020-01-23T18:43:31.412Z","commentCount":4,"likeCount":40,"tags":[],"topics":["在不瘋狂就等死","爭議"],"supportedReactions":null,"withNickname":true,"reportReason":"","hiddenByAuthor":false,"meta":{"layout":"classic"},"forumName":"追星","forumAlias":"entertainer","school":"哇哈哈","department":"brad021489","replyTitle":null,"gender":"M","personaSubscriptable":false,"reactions":[{"id":"286f599c-f86a-4932-82f0-f5a06f1eca03","count":39},{"id":"aa0d425f-d530-4478-9a77-fe3aedc79eea","count":1}],"hidden":false,"customStyle":null,"isSuspiciousAccount":false,"layout":"classic","withImages":false,"withVideos":false,"media":[],"reportReasonText":"","mediaMeta":[],"postAvatar":""}