{"id":232939659,"title":"#問 stray kids","content":"想當初第一次看到迷孩時是在mtv上 那時候播著voice\n第一次聽到就覺得這歌也太太好聽了吧 然後就變成微微音飯\n沉寂了一陣子之後\n又發現迷孩幫偶然發現的一天唱插曲\n完全重擊我的小心臟啊啊啊 直接入坑無誤😍😍\n但我還沒辦法就稱自己為stay🤣🤣(感覺自己還不夠格哈哈哈\n\n所以我想問問那些資深stay們 你們都是去哪邊蒐集迷孩們的資料啊？\n還有就是stay們有沒有賴群組啊？\n才剛剛入坑的我 對迷孩真的不是很了解 希望能有stay提供一點管道🙏🙏\n我會非常感謝大家的☺☺","excerpt":"想當初第一次看到迷孩時是在mtv上 那時候播著voice，第一次聽到就覺得這歌也太太好聽了吧 然後就變成微微音飯，沉寂了一陣子之後，又發現迷孩幫偶然發現的一天唱插曲，完全重擊我的小心臟啊啊啊 直接入坑","anonymousSchool":false,"anonymousDepartment":true,"pinned":false,"forumId":"14f573f5-3f02-4821-8e18-f561d7b7db91","replyId":null,"createdAt":"2020-01-22T14:42:51.365Z","updatedAt":"2020-01-22T14:42:51.365Z","commentCount":13,"likeCount":94,"tags":[],"topics":["StrayKids"],"supportedReactions":null,"withNickname":false,"reportReason":"","hiddenByAuthor":false,"meta":{"layout":"classic"},"forumName":"追星","forumAlias":"entertainer","school":"東吳大學","replyTitle":null,"gender":"F","personaSubscriptable":false,"reactions":[{"id":"286f599c-f86a-4932-82f0-f5a06f1eca03","count":92},{"id":"aa0d425f-d530-4478-9a77-fe3aedc79eea","count":1},{"id":"e8e6bc5d-41b0-4129-b134-97507523d7ff","count":1}],"hidden":false,"customStyle":null,"isSuspiciousAccount":false,"layout":"classic","withImages":false,"withVideos":false,"media":[],"reportReasonText":"","mediaMeta":[],"postAvatar":""}