{"id":232957759,"title":"和向理來的台南一日遊🥰（圖多）","content":"萬事起頭難！ 這篇心得的開頭該怎麼開始成為了遲遲不發文的最大原因😅\n\n怎麼喜歡上理來的？怎麼參加這活動的？參加時的心情？\n這些問題我最後決定都不管了！\n直接單刀直入的開始看圖說故事讓大家跟著當時的我們一起和理來遊台南吧💪\n\n\nhttps://megapx-assets.dcard.tw/images/5d4d244a-ad34-4cd8-a2f4-2da86ecde287/1280.jpeg\n第一站來到安平古堡 站在理來的背後真的很爽 因為他很！香！！  超！香！！ \n\nhttps://megapx-assets.dcard.tw/images/c2c54f07-e7ce-4e82-874b-6f49e1961142/1280.jpeg\n有專業的導遊和翻譯老師在，理來真的很認真的在看展品唷～\nhttps://megapx-assets.dcard.tw/images/0a2c0d7d-b186-4cbc-bf8f-b4cbad80251d/1280.jpeg\n看完展館，我們在這做定點拍攝（就他隨意站我們瘋狂拍）\nhttps://megapx-assets.dcard.tw/images/ff6ea470-55fa-4778-bf77-8fbf8c1dc95a/1280.jpeg\n這張就是可愛的後腦勺而已 哈哈 \n\nhttps://megapx-assets.dcard.tw/images/1f7b6490-8c65-46bf-b8a0-71914844c32f/1280.jpeg\n又是一個定點拍攝～他在上面超可愛！\n真的是跟來戶外教學的小朋友一樣萌萌噠🥰🥰🥰\n\nhttps://megapx-assets.dcard.tw/images/d0b45d81-caae-4d51-9e7b-d77ddfd81da4/1280.jpeg\n對大砲很好奇的理來～\n\n當然啦 都看到大砲了 一定要讓他跟大砲好好合影\nhttps://megapx-assets.dcard.tw/images/fb77ed10-c805-4a39-adb3-f94b9c4c672a/1280.jpeg\nhttps://megapx-assets.dcard.tw/images/242c8a27-42fa-48d5-8f4d-4f8df7612935/1280.jpeg\n嘿嘿 拍這樣 應該不過分吧XDDD \n\n然後為了不讓理來曬太陽太久我們拍完就去樹下乘涼休息，沒想到理來超大方的直接開放大家跟他合照！\nhttps://megapx-assets.dcard.tw/images/6284f336-0171-483a-bf90-79596c930262/1280.jpeg\n然後我們就輪流過去陪坐😏\nhttps://megapx-assets.dcard.tw/images/cddeb1a1-531b-480e-90cc-4232084df0f9/1280.jpeg\n其實要抱他或是抬他都是可以的但是我害羞 =3= \n\n拍完我們就離開安平古堡啦\n出園區之後理來被賣冰的阿姨招呼過去 很lucky的轉到3球冰\nhttps://megapx-assets.dcard.tw/images/8345d4e2-99d4-421c-aa03-33b127b5cc25/1280.jpeg\n莫名的覺得這張色色的 嘿嘿\n\n大概是看大家都在拍他吃冰 他就表演了一下他的深喉功力\nhttps://megapx-assets.dcard.tw/images/d24b84e7-f684-443e-b632-d4d596ef4466/1280.jpeg\n一次含3球XDDD \nhttps://megapx-assets.dcard.tw/images/e4d7179b-af52-4120-bc5d-8f665b748b72/1280.jpeg\n\n這張也是莫名情色的？ 跟冰淇淋親親😘 \n \n隔壁攤是射氣球 在阿姨的熱情招呼下 理來又被召喚過去了（真的很好招攬欸🤣\nhttps://megapx-assets.dcard.tw/images/ce0507d7-2b13-4d00-b9c7-23047919cbe6/1280.jpeg\n定靶對理來而言真的是超級小Case 輕輕鬆鬆射好射滿\n但只是定靶是滿足不了他的 換把槍開始挑戰旋轉盤\n苦了主辦單位多花幾百塊讓他打完😎\nhttps://megapx-assets.dcard.tw/images/c3e191cd-25e5-4adf-94aa-8c5d6a565315/1280.jpeg\n這是最後一顆氣球的遺照\n打掉它就可以挑娃娃啦\nhttps://megapx-assets.dcard.tw/images/8bc988b9-9a67-4c62-acd4-0926468a9fb9/1280.jpeg\n最後選了巧虎 一臉開心的理來小朋友😍\nhttps://megapx-assets.dcard.tw/images/4085d91b-7ea4-4569-b197-c2f4c2cbb257/1280.jpeg\n和巧虎一起賣萌😜 \n（認真的 我也好想被塞在理來那裡喔！）\nhttps://megapx-assets.dcard.tw/images/3e925d89-4ff0-4ed0-aab0-98639e493785/1280.jpeg\n穿連帽外套真的是超方便的對吧！\n\n在走去樹屋的路上 導遊也是很認真的在介紹屋型和一些房子的裝飾的意義 \n理來看到他有興趣的就會拍下來\nhttps://megapx-assets.dcard.tw/images/110c272d-b071-419c-b3d0-18cb5a5616a5/1280.jpeg\nhttps://megapx-assets.dcard.tw/images/1848b552-bd67-4151-96f6-bd544690a1f5/1280.jpeg\n\n但是常常理來拍的我都覺得很莫名其妙😂\nhttps://megapx-assets.dcard.tw/images/9fb7007c-1d99-4776-a6fb-e82060db41dd/1280.jpeg\n可能是覺得這個LED招牌很酷？\nhttps://megapx-assets.dcard.tw/images/3090b295-ed3e-4c25-84ad-7f2b4cc95e02/1280.jpeg\n這張 他是在拍牆上的那兩個人頭\n然後他還有把照片放到IG的限時動態裡\nhttps://megapx-assets.dcard.tw/images/4774db83-9edc-4e08-aa4d-b480281ca4bc/1280.jpeg\n這條巷子很美 理來也是錄影紀錄了\n一樣有把影片放到IG的限動 \nhttps://megapx-assets.dcard.tw/images/e4fc9af7-7e7c-45c0-8f54-c5347dcc72ff/1280.jpeg\n每次只要定點拍攝的地方\n大家都會圍一個扇型的瘋狂按快門\n理來也會拿起手機反拍我們\n\n走了好一段時間終於是到樹屋啦\n免不了的拍照時間～\nhttps://megapx-assets.dcard.tw/images/6e879e96-c171-45f8-8e3f-e51f52df4bf5/1280.jpeg\n其實大家也可以在這邊拍個網美照的\n不過大家都把記憶體留給理來啦😻\nhttps://megapx-assets.dcard.tw/images/ef69597c-b370-4061-a489-732046e9f202/1280.jpeg\n都來看看 理來的五五身XDDDD \nhttps://megapx-assets.dcard.tw/images/0c33da95-5b71-443c-bbf3-921e2a8d81c2/1280.jpeg\n感覺唯一認真看風景認真看樹屋的只有他吧😅\nhttps://megapx-assets.dcard.tw/images/53212c0f-93de-4087-949e-929b3c4cf5a0/1280.jpeg\n怎麼拍他就這個長度我也是很懊惱....\n下次我趴在地上拍好了😥\n\n看完樹屋我們就準備去吃飯啦 \n在等遊覽車的時候理來也是可愛爆擊啊啊啊\nhttps://megapx-assets.dcard.tw/images/56591b6a-bf63-4efc-9cba-99f6ba35bb78/1280.jpeg\n理來小朋友😍😍😍😍😍😍 怎麼那麼可愛啊我的天\nhttps://megapx-assets.dcard.tw/images/a160d326-181e-442f-a2eb-710f8a8290e4/1280.jpeg\n那麼挺的鼻子真的👍🏻👍🏻👍🏻👍🏻👍🏻 好想摸摸🤤\n\n\n我們是在漁港旁邊吃午餐的 \nhttps://megapx-assets.dcard.tw/images/58801fb0-8ff5-4a94-8583-25fdc397a9b0/1280.jpeg\n這張帥不帥？ \n\n吃飯的過程我基本上就是40%在吃和60%在煮\n一直下海鮮到鍋裡然後分食阿撥蝦阿等等 \n忘記餐廳名字了但是覺得好吃😋\n因為粉絲人多 所以理來也不是全程跟我同桌\n他在時我在煮火鍋 他一走我就開吃 哈哈\n吃完飯就是罪惡的加購時間 \n看你要拍立得還是自拍 有錢買什麼就拍什麼\n我最後是買了拍立得啦\nhttps://megapx-assets.dcard.tw/images/780c8154-ff43-481a-8754-818cdf4c3068/1280.jpeg\n\n然後全部人拍完 就是回程啦\n坐遊覽車回台中的路上我就沒再拍他了 \n都在睡 因為要見他這一面緊張的整晚沒睡 \n在遊覽車上印象深刻的是\n他應大家要求唱了歌😎😎😎 非常非常可愛 \n可惜活動中不能錄影錄音 但是我會記得的 \n\n沒圖發了 我這篇文也要進尾聲啦！\n希望大家看的開心 收圖收的開心 \n啊拜託一下 我都沒放自己的水印了 就請自己私藏\n請勿二改上傳勿做商業用途（？）\n\n最後最後 \n感謝主辦單位邀請理來\n感謝本次台南行的專業導遊：秋迢 \n感謝所有一起玩的捧油們😘😘😘 \n感謝一來再來的向理來 \n\n期待三月再見啦\n\n—————更新說明——————\n很怕被說我業配\n所以只好把主辦單位名稱整個刪掉\n也不用問我怎麼參加的去哪看到活動的\n什麼都不能說因為會有業配嫌疑\n大家真的想知道 就是谷歌一下就會有其他一樣介紹向理來然後有提及主辦單位的文章了哦 \n各位 在這個什麼都只能模稜兩可不然就是業配的Dcard上 \n我只能說這些了 善用搜尋 自給自足豐衣足食吧！！","excerpt":"萬事起頭難！ 這篇心得的開頭該怎麼開始成為了遲遲不發文的最大原因，怎麼喜歡上理來的？怎麼參加這活動的？參加時的心情？這些問題我最後決定都不管了！，直接單刀直入的開始看圖說故事讓大家跟著當時的我們一起和","anonymousSchool":false,"anonymousDepartment":true,"pinned":false,"forumId":"14f573f5-3f02-4821-8e18-f561d7b7db91","replyId":null,"createdAt":"2020-01-25T17:24:10.066Z","updatedAt":"2020-01-26T08:38:11.818Z","commentCount":29,"likeCount":528,"tags":[],"topics":["向理來","台南","av男優"],"supportedReactions":null,"withNickname":false,"reportReason":"","hiddenByAuthor":false,"meta":{"layout":"classic"},"forumName":"追星","forumAlias":"entertainer","school":"中國文化大學","replyTitle":null,"gender":"F","personaSubscriptable":null,"reactions":[{"id":"286f599c-f86a-4932-82f0-f5a06f1eca03","count":526},{"id":"4b018f48-e184-445f-adf1-fc8e04ba09b9","count":2}],"hidden":false,"customStyle":null,"isSuspiciousAccount":false,"layout":"classic","withImages":true,"withVideos":false,"media":[{"url":"https://megapx-assets.dcard.tw/images/5d4d244a-ad34-4cd8-a2f4-2da86ecde287/1280.jpeg"},{"url":"https://megapx-assets.dcard.tw/images/c2c54f07-e7ce-4e82-874b-6f49e1961142/1280.jpeg"},{"url":"https://megapx-assets.dcard.tw/images/0a2c0d7d-b186-4cbc-bf8f-b4cbad80251d/1280.jpeg"},{"url":"https://megapx-assets.dcard.tw/images/ff6ea470-55fa-4778-bf77-8fbf8c1dc95a/1280.jpeg"},{"url":"https://megapx-assets.dcard.tw/images/1f7b6490-8c65-46bf-b8a0-71914844c32f/1280.jpeg"},{"url":"https://megapx-assets.dcard.tw/images/d0b45d81-caae-4d51-9e7b-d77ddfd81da4/1280.jpeg"},{"url":"https://megapx-assets.dcard.tw/images/fb77ed10-c805-4a39-adb3-f94b9c4c672a/1280.jpeg"},{"url":"https://megapx-assets.dcard.tw/images/242c8a27-42fa-48d5-8f4d-4f8df7612935/1280.jpeg"},{"url":"https://megapx-assets.dcard.tw/images/6284f336-0171-483a-bf90-79596c930262/1280.jpeg"},{"url":"https://megapx-assets.dcard.tw/images/cddeb1a1-531b-480e-90cc-4232084df0f9/1280.jpeg"},{"url":"https://megapx-assets.dcard.tw/images/8345d4e2-99d4-421c-aa03-33b127b5cc25/1280.jpeg"},{"url":"https://megapx-assets.dcard.tw/images/d24b84e7-f684-443e-b632-d4d596ef4466/1280.jpeg"},{"url":"https://megapx-assets.dcard.tw/images/e4d7179b-af52-4120-bc5d-8f665b748b72/1280.jpeg"},{"url":"https://megapx-assets.dcard.tw/images/ce0507d7-2b13-4d00-b9c7-23047919cbe6/1280.jpeg"},{"url":"https://megapx-assets.dcard.tw/images/c3e191cd-25e5-4adf-94aa-8c5d6a565315/1280.jpeg"},{"url":"https://megapx-assets.dcard.tw/images/8bc988b9-9a67-4c62-acd4-0926468a9fb9/1280.jpeg"},{"url":"https://megapx-assets.dcard.tw/images/4085d91b-7ea4-4569-b197-c2f4c2cbb257/1280.jpeg"},{"url":"https://megapx-assets.dcard.tw/images/3e925d89-4ff0-4ed0-aab0-98639e493785/1280.jpeg"},{"url":"https://megapx-assets.dcard.tw/images/110c272d-b071-419c-b3d0-18cb5a5616a5/1280.jpeg"},{"url":"https://megapx-assets.dcard.tw/images/1848b552-bd67-4151-96f6-bd544690a1f5/1280.jpeg"},{"url":"https://megapx-assets.dcard.tw/images/9fb7007c-1d99-4776-a6fb-e82060db41dd/1280.jpeg"},{"url":"https://megapx-assets.dcard.tw/images/3090b295-ed3e-4c25-84ad-7f2b4cc95e02/1280.jpeg"},{"url":"https://megapx-assets.dcard.tw/images/4774db83-9edc-4e08-aa4d-b480281ca4bc/1280.jpeg"},{"url":"https://megapx-assets.dcard.tw/images/e4fc9af7-7e7c-45c0-8f54-c5347dcc72ff/1280.jpeg"},{"url":"https://megapx-assets.dcard.tw/images/6e879e96-c171-45f8-8e3f-e51f52df4bf5/1280.jpeg"},{"url":"https://megapx-assets.dcard.tw/images/ef69597c-b370-4061-a489-732046e9f202/1280.jpeg"},{"url":"https://megapx-assets.dcard.tw/images/0c33da95-5b71-443c-bbf3-921e2a8d81c2/1280.jpeg"},{"url":"https://megapx-assets.dcard.tw/images/53212c0f-93de-4087-949e-929b3c4cf5a0/1280.jpeg"},{"url":"https://megapx-assets.dcard.tw/images/56591b6a-bf63-4efc-9cba-99f6ba35bb78/1280.jpeg"},{"url":"https://megapx-assets.dcard.tw/images/a160d326-181e-442f-a2eb-710f8a8290e4/1280.jpeg"},{"url":"https://megapx-assets.dcard.tw/images/58801fb0-8ff5-4a94-8583-25fdc397a9b0/1280.jpeg"},{"url":"https://megapx-assets.dcard.tw/images/780c8154-ff43-481a-8754-818cdf4c3068/1280.jpeg"}],"reportReasonText":"","mediaMeta":[{"id":"0a9e70cf-878e-4b04-ab12-87fb21afe0bd","url":"https://megapx-assets.dcard.tw/images/5d4d244a-ad34-4cd8-a2f4-2da86ecde287/640.jpeg","normalizedUrl":"https://megapx-assets.dcard.tw/images/5d4d244a-ad34-4cd8-a2f4-2da86ecde287/640.jpeg","thumbnail":"https://megapx-assets.dcard.tw/images/5d4d244a-ad34-4cd8-a2f4-2da86ecde287/640.jpeg","type":"image/thumbnail","tags":["ANNOTATED"],"createdAt":"2020-01-25T17:24:10.066Z","updatedAt":"2020-01-26T08:38:11.818Z","width":480,"height":640},{"id":"0a9e70cf-878e-4b04-ab12-87fb21afe0bd","url":"https://megapx-assets.dcard.tw/images/5d4d244a-ad34-4cd8-a2f4-2da86ecde287/1280.jpeg","normalizedUrl":"https://megapx.dcard.tw/v1/images/5d4d244a-ad34-4cd8-a2f4-2da86ecde287","thumbnail":"https://megapx-assets.dcard.tw/images/5d4d244a-ad34-4cd8-a2f4-2da86ecde287/640.jpeg","type":"image/megapx","tags":["ANNOTATED"],"createdAt":"2020-01-25T17:24:10.066Z","updatedAt":"2020-01-26T08:38:11.818Z","width":1500,"height":2000},{"id":"93bdc1f4-31d1-4acf-9633-1deccd49c84f","url":"https://megapx-assets.dcard.tw/images/c2c54f07-e7ce-4e82-874b-6f49e1961142/1280.jpeg","normalizedUrl":"https://megapx.dcard.tw/v1/images/c2c54f07-e7ce-4e82-874b-6f49e1961142","thumbnail":"https://megapx-assets.dcard.tw/images/c2c54f07-e7ce-4e82-874b-6f49e1961142/640.jpeg","type":"image/megapx","tags":["ANNOTATED"],"createdAt":"2020-01-25T17:24:10.066Z","updatedAt":"2020-01-26T08:38:11.818Z","width":1500,"height":2000},{"id":"4a43474a-66f8-40ab-aaf2-4465884ed89a","url":"https://megapx-assets.dcard.tw/images/0a2c0d7d-b186-4cbc-bf8f-b4cbad80251d/1280.jpeg","normalizedUrl":"https://megapx.dcard.tw/v1/images/0a2c0d7d-b186-4cbc-bf8f-b4cbad80251d","thumbnail":"https://megapx-assets.dcard.tw/images/0a2c0d7d-b186-4cbc-bf8f-b4cbad80251d/640.jpeg","type":"image/megapx","tags":["ANNOTATED"],"createdAt":"2020-01-25T17:24:10.066Z","updatedAt":"2020-01-26T08:38:11.818Z","width":1500,"height":2000},{"id":"895d11b4-7ba0-4c61-91f5-eab1cf01b715","url":"https://megapx-assets.dcard.tw/images/ff6ea470-55fa-4778-bf77-8fbf8c1dc95a/1280.jpeg","normalizedUrl":"https://megapx.dcard.tw/v1/images/ff6ea470-55fa-4778-bf77-8fbf8c1dc95a","thumbnail":"https://megapx-assets.dcard.tw/images/ff6ea470-55fa-4778-bf77-8fbf8c1dc95a/640.jpeg","type":"image/megapx","tags":["ANNOTATED"],"createdAt":"2020-01-25T17:24:10.066Z","updatedAt":"2020-01-26T08:38:11.818Z","width":1500,"height":2000},{"id":"5a5afff8-3d82-464b-a0b9-c5f2b47f8d36","url":"https://megapx-assets.dcard.tw/images/1f7b6490-8c65-46bf-b8a0-71914844c32f/1280.jpeg","normalizedUrl":"https://megapx.dcard.tw/v1/images/1f7b6490-8c65-46bf-b8a0-71914844c32f","thumbnail":"https://megapx-assets.dcard.tw/images/1f7b6490-8c65-46bf-b8a0-71914844c32f/640.jpeg","type":"image/megapx","tags":["ANNOTATED"],"createdAt":"2020-01-25T17:24:10.066Z","updatedAt":"2020-01-26T08:38:11.818Z","width":1500,"height":2000},{"id":"19aea7e2-73bc-4629-a635-ee741eb2d104","url":"https://megapx-assets.dcard.tw/images/d0b45d81-caae-4d51-9e7b-d77ddfd81da4/1280.jpeg","normalizedUrl":"https://megapx.dcard.tw/v1/images/d0b45d81-caae-4d51-9e7b-d77ddfd81da4","thumbnail":"https://megapx-assets.dcard.tw/images/d0b45d81-caae-4d51-9e7b-d77ddfd81da4/640.jpeg","type":"image/megapx","tags":["ANNOTATED"],"createdAt":"2020-01-25T17:24:10.066Z","updatedAt":"2020-01-26T08:38:11.818Z","width":1500,"height":2000},{"id":"72d336c9-47de-4d6b-9546-05fc2a44b302","url":"https://megapx-assets.dcard.tw/images/fb77ed10-c805-4a39-adb3-f94b9c4c672a/1280.jpeg","normalizedUrl":"https://megapx.dcard.tw/v1/images/fb77ed10-c805-4a39-adb3-f94b9c4c672a","thumbnail":"https://megapx-assets.dcard.tw/images/fb77ed10-c805-4a39-adb3-f94b9c4c672a/640.jpeg","type":"image/megapx","tags":["ANNOTATED"],"createdAt":"2020-01-25T17:24:10.066Z","updatedAt":"2020-01-26T08:38:11.818Z","width":2000,"height":1500},{"id":"e75b2d0b-9aa7-44bd-8210-9cf8f5ea8cbd","url":"https://megapx-assets.dcard.tw/images/242c8a27-42fa-48d5-8f4d-4f8df7612935/1280.jpeg","normalizedUrl":"https://megapx.dcard.tw/v1/images/242c8a27-42fa-48d5-8f4d-4f8df7612935","thumbnail":"https://megapx-assets.dcard.tw/images/242c8a27-42fa-48d5-8f4d-4f8df7612935/640.jpeg","type":"image/megapx","tags":["ANNOTATED"],"createdAt":"2020-01-25T17:24:10.066Z","updatedAt":"2020-01-26T08:38:11.818Z","width":1500,"height":2000},{"id":"fc651fa0-29ec-4d45-a0b3-5b857154a080","url":"https://megapx-assets.dcard.tw/images/6284f336-0171-483a-bf90-79596c930262/1280.jpeg","normalizedUrl":"https://megapx.dcard.tw/v1/images/6284f336-0171-483a-bf90-79596c930262","thumbnail":"https://megapx-assets.dcard.tw/images/6284f336-0171-483a-bf90-79596c930262/640.jpeg","type":"image/megapx","tags":["ANNOTATED"],"createdAt":"2020-01-25T17:24:10.066Z","updatedAt":"2020-01-26T08:38:11.818Z","width":1125,"height":2001},{"id":"4f446693-d508-4743-bb58-c3e47ba83dfd","url":"https://megapx-assets.dcard.tw/images/cddeb1a1-531b-480e-90cc-4232084df0f9/1280.jpeg","normalizedUrl":"https://megapx.dcard.tw/v1/images/cddeb1a1-531b-480e-90cc-4232084df0f9","thumbnail":"https://megapx-assets.dcard.tw/images/cddeb1a1-531b-480e-90cc-4232084df0f9/640.jpeg","type":"image/megapx","tags":["ANNOTATED"],"createdAt":"2020-01-25T17:24:10.066Z","updatedAt":"2020-01-26T08:38:11.818Z","width":2001,"height":1125},{"id":"ae2a8196-924a-425f-895b-faa8e73a0356","url":"https://megapx-assets.dcard.tw/images/8345d4e2-99d4-421c-aa03-33b127b5cc25/1280.jpeg","normalizedUrl":"https://megapx.dcard.tw/v1/images/8345d4e2-99d4-421c-aa03-33b127b5cc25","thumbnail":"https://megapx-assets.dcard.tw/images/8345d4e2-99d4-421c-aa03-33b127b5cc25/640.jpeg","type":"image/megapx","tags":["ANNOTATED"],"createdAt":"2020-01-25T17:24:10.066Z","updatedAt":"2020-01-26T08:38:11.818Z","width":1125,"height":2001},{"id":"24bc947e-b48f-49c3-afb3-58e58bacc84d","url":"https://megapx-assets.dcard.tw/images/d24b84e7-f684-443e-b632-d4d596ef4466/1280.jpeg","normalizedUrl":"https://megapx.dcard.tw/v1/images/d24b84e7-f684-443e-b632-d4d596ef4466","thumbnail":"https://megapx-assets.dcard.tw/images/d24b84e7-f684-443e-b632-d4d596ef4466/640.jpeg","type":"image/megapx","tags":["ANNOTATED"],"createdAt":"2020-01-25T17:24:10.066Z","updatedAt":"2020-01-26T08:38:11.818Z","width":1125,"height":2001},{"id":"34bb7f79-8912-42fe-835f-da00973f971f","url":"https://megapx-assets.dcard.tw/images/e4d7179b-af52-4120-bc5d-8f665b748b72/1280.jpeg","normalizedUrl":"https://megapx.dcard.tw/v1/images/e4d7179b-af52-4120-bc5d-8f665b748b72","thumbnail":"https://megapx-assets.dcard.tw/images/e4d7179b-af52-4120-bc5d-8f665b748b72/640.jpeg","type":"image/megapx","tags":["ANNOTATED"],"createdAt":"2020-01-25T17:24:10.066Z","updatedAt":"2020-01-26T08:38:11.818Z","width":1125,"height":2001},{"id":"6fe60e6c-0549-4a1c-a202-244745cf809d","url":"https://megapx-assets.dcard.tw/images/ce0507d7-2b13-4d00-b9c7-23047919cbe6/1280.jpeg","normalizedUrl":"https://megapx.dcard.tw/v1/images/ce0507d7-2b13-4d00-b9c7-23047919cbe6","thumbnail":"https://megapx-assets.dcard.tw/images/ce0507d7-2b13-4d00-b9c7-23047919cbe6/640.jpeg","type":"image/megapx","tags":["ANNOTATED"],"createdAt":"2020-01-25T17:24:10.066Z","updatedAt":"2020-01-26T08:38:11.818Z","width":1500,"height":2000},{"id":"b648b9b2-3273-426b-86a3-c646a1014aaa","url":"https://megapx-assets.dcard.tw/images/c3e191cd-25e5-4adf-94aa-8c5d6a565315/1280.jpeg","normalizedUrl":"https://megapx.dcard.tw/v1/images/c3e191cd-25e5-4adf-94aa-8c5d6a565315","thumbnail":"https://megapx-assets.dcard.tw/images/c3e191cd-25e5-4adf-94aa-8c5d6a565315/640.jpeg","type":"image/megapx","tags":["ANNOTATED"],"createdAt":"2020-01-25T17:24:10.066Z","updatedAt":"2020-01-26T08:38:11.818Z","width":1500,"height":2000},{"id":"d2207449-3547-44df-8609-983e1df33a0f","url":"https://megapx-assets.dcard.tw/images/8bc988b9-9a67-4c62-acd4-0926468a9fb9/1280.jpeg","normalizedUrl":"https://megapx.dcard.tw/v1/images/8bc988b9-9a67-4c62-acd4-0926468a9fb9","thumbnail":"https://megapx-assets.dcard.tw/images/8bc988b9-9a67-4c62-acd4-0926468a9fb9/640.jpeg","type":"image/megapx","tags":["ANNOTATED"],"createdAt":"2020-01-25T17:24:10.066Z","updatedAt":"2020-01-26T08:38:11.818Z","width":1125,"height":2001},{"id":"cd586029-96f1-4782-943a-7bdbf15164f1","url":"https://megapx-assets.dcard.tw/images/4085d91b-7ea4-4569-b197-c2f4c2cbb257/1280.jpeg","normalizedUrl":"https://megapx.dcard.tw/v1/images/4085d91b-7ea4-4569-b197-c2f4c2cbb257","thumbnail":"https://megapx-assets.dcard.tw/images/4085d91b-7ea4-4569-b197-c2f4c2cbb257/640.jpeg","type":"image/megapx","tags":["ANNOTATED"],"createdAt":"2020-01-25T17:24:10.066Z","updatedAt":"2020-01-26T08:38:11.818Z","width":1125,"height":2001},{"id":"85caaccd-05e7-4e27-a83f-f8646a8d14f8","url":"https://megapx-assets.dcard.tw/images/3e925d89-4ff0-4ed0-aab0-98639e493785/1280.jpeg","normalizedUrl":"https://megapx.dcard.tw/v1/images/3e925d89-4ff0-4ed0-aab0-98639e493785","thumbnail":"https://megapx-assets.dcard.tw/images/3e925d89-4ff0-4ed0-aab0-98639e493785/640.jpeg","type":"image/megapx","tags":["ANNOTATED"],"createdAt":"2020-01-25T17:24:10.066Z","updatedAt":"2020-01-26T08:38:11.818Z","width":1125,"height":2001},{"id":"572a5491-89b5-4de5-b043-32b89ccbdc05","url":"https://megapx-assets.dcard.tw/images/110c272d-b071-419c-b3d0-18cb5a5616a5/1280.jpeg","normalizedUrl":"https://megapx.dcard.tw/v1/images/110c272d-b071-419c-b3d0-18cb5a5616a5","thumbnail":"https://megapx-assets.dcard.tw/images/110c272d-b071-419c-b3d0-18cb5a5616a5/640.jpeg","type":"image/megapx","tags":["ANNOTATED"],"createdAt":"2020-01-25T17:24:10.066Z","updatedAt":"2020-01-26T08:38:11.818Z","width":1125,"height":2001},{"id":"69313627-0063-4e41-a27a-c520902d81af","url":"https://megapx-assets.dcard.tw/images/1848b552-bd67-4151-96f6-bd544690a1f5/1280.jpeg","normalizedUrl":"https://megapx.dcard.tw/v1/images/1848b552-bd67-4151-96f6-bd544690a1f5","thumbnail":"https://megapx-assets.dcard.tw/images/1848b552-bd67-4151-96f6-bd544690a1f5/640.jpeg","type":"image/megapx","tags":["ANNOTATED"],"createdAt":"2020-01-25T17:24:10.066Z","updatedAt":"2020-01-26T08:38:11.818Z","width":2001,"height":1125},{"id":"27c7a8f0-de0d-41cb-ada0-57a2d4a3d922","url":"https://megapx-assets.dcard.tw/images/9fb7007c-1d99-4776-a6fb-e82060db41dd/1280.jpeg","normalizedUrl":"https://megapx.dcard.tw/v1/images/9fb7007c-1d99-4776-a6fb-e82060db41dd","thumbnail":"https://megapx-assets.dcard.tw/images/9fb7007c-1d99-4776-a6fb-e82060db41dd/640.jpeg","type":"image/megapx","tags":["ANNOTATED"],"createdAt":"2020-01-25T17:24:10.066Z","updatedAt":"2020-01-26T08:38:11.818Z","width":1500,"height":2000},{"id":"e2364002-7dbb-4f2b-acbc-59c05f9831a1","url":"https://megapx-assets.dcard.tw/images/3090b295-ed3e-4c25-84ad-7f2b4cc95e02/1280.jpeg","normalizedUrl":"https://megapx.dcard.tw/v1/images/3090b295-ed3e-4c25-84ad-7f2b4cc95e02","thumbnail":"https://megapx-assets.dcard.tw/images/3090b295-ed3e-4c25-84ad-7f2b4cc95e02/640.jpeg","type":"image/megapx","tags":["ANNOTATED"],"createdAt":"2020-01-25T17:24:10.066Z","updatedAt":"2020-01-26T08:38:11.818Z","width":2001,"height":1125},{"id":"5fb12c8d-8cf5-45a1-9814-9684f3a355d2","url":"https://megapx-assets.dcard.tw/images/4774db83-9edc-4e08-aa4d-b480281ca4bc/1280.jpeg","normalizedUrl":"https://megapx.dcard.tw/v1/images/4774db83-9edc-4e08-aa4d-b480281ca4bc","thumbnail":"https://megapx-assets.dcard.tw/images/4774db83-9edc-4e08-aa4d-b480281ca4bc/640.jpeg","type":"image/megapx","tags":["ANNOTATED"],"createdAt":"2020-01-25T17:24:10.066Z","updatedAt":"2020-01-26T08:38:11.818Z","width":1500,"height":2000},{"id":"225e7932-8ffb-40ea-9584-af9aa51bc567","url":"https://megapx-assets.dcard.tw/images/e4fc9af7-7e7c-45c0-8f54-c5347dcc72ff/1280.jpeg","normalizedUrl":"https://megapx.dcard.tw/v1/images/e4fc9af7-7e7c-45c0-8f54-c5347dcc72ff","thumbnail":"https://megapx-assets.dcard.tw/images/e4fc9af7-7e7c-45c0-8f54-c5347dcc72ff/640.jpeg","type":"image/megapx","tags":["ANNOTATED"],"createdAt":"2020-01-25T17:24:10.066Z","updatedAt":"2020-01-26T08:38:11.818Z","width":1500,"height":2000},{"id":"2c0203c9-816a-4be4-b500-3f6c343dc2ac","url":"https://megapx-assets.dcard.tw/images/6e879e96-c171-45f8-8e3f-e51f52df4bf5/1280.jpeg","normalizedUrl":"https://megapx.dcard.tw/v1/images/6e879e96-c171-45f8-8e3f-e51f52df4bf5","thumbnail":"https://megapx-assets.dcard.tw/images/6e879e96-c171-45f8-8e3f-e51f52df4bf5/640.jpeg","type":"image/megapx","tags":["ANNOTATED"],"createdAt":"2020-01-25T17:24:10.066Z","updatedAt":"2020-01-26T08:38:11.818Z","width":1500,"height":2000},{"id":"b6c5e9c1-ea8b-469d-8c97-770f44dcca49","url":"https://megapx-assets.dcard.tw/images/ef69597c-b370-4061-a489-732046e9f202/1280.jpeg","normalizedUrl":"https://megapx.dcard.tw/v1/images/ef69597c-b370-4061-a489-732046e9f202","thumbnail":"https://megapx-assets.dcard.tw/images/ef69597c-b370-4061-a489-732046e9f202/640.jpeg","type":"image/megapx","tags":["ANNOTATED"],"createdAt":"2020-01-25T17:24:10.066Z","updatedAt":"2020-01-26T08:38:11.818Z","width":1500,"height":2000},{"id":"9ba0805d-ce60-44ed-a7ea-34bc9d71879a","url":"https://megapx-assets.dcard.tw/images/0c33da95-5b71-443c-bbf3-921e2a8d81c2/1280.jpeg","normalizedUrl":"https://megapx.dcard.tw/v1/images/0c33da95-5b71-443c-bbf3-921e2a8d81c2","thumbnail":"https://megapx-assets.dcard.tw/images/0c33da95-5b71-443c-bbf3-921e2a8d81c2/640.jpeg","type":"image/megapx","tags":["ANNOTATED"],"createdAt":"2020-01-25T17:24:10.066Z","updatedAt":"2020-01-26T08:38:11.818Z","width":1500,"height":2000},{"id":"3ca6e430-f9c5-4021-938c-7a7604546b0e","url":"https://megapx-assets.dcard.tw/images/53212c0f-93de-4087-949e-929b3c4cf5a0/1280.jpeg","normalizedUrl":"https://megapx.dcard.tw/v1/images/53212c0f-93de-4087-949e-929b3c4cf5a0","thumbnail":"https://megapx-assets.dcard.tw/images/53212c0f-93de-4087-949e-929b3c4cf5a0/640.jpeg","type":"image/megapx","tags":["ANNOTATED"],"createdAt":"2020-01-25T17:24:10.066Z","updatedAt":"2020-01-26T08:38:11.818Z","width":1500,"height":2000},{"id":"36b9c362-bc02-405d-9b23-4e5e57b9d023","url":"https://megapx-assets.dcard.tw/images/56591b6a-bf63-4efc-9cba-99f6ba35bb78/1280.jpeg","normalizedUrl":"https://megapx.dcard.tw/v1/images/56591b6a-bf63-4efc-9cba-99f6ba35bb78","thumbnail":"https://megapx-assets.dcard.tw/images/56591b6a-bf63-4efc-9cba-99f6ba35bb78/640.jpeg","type":"image/megapx","tags":["ANNOTATED"],"createdAt":"2020-01-25T17:24:10.066Z","updatedAt":"2020-01-26T08:38:11.818Z","width":1125,"height":2001},{"id":"6cd5b4ea-a225-44ac-af14-b2830de0f68a","url":"https://megapx-assets.dcard.tw/images/a160d326-181e-442f-a2eb-710f8a8290e4/1280.jpeg","normalizedUrl":"https://megapx.dcard.tw/v1/images/a160d326-181e-442f-a2eb-710f8a8290e4","thumbnail":"https://megapx-assets.dcard.tw/images/a160d326-181e-442f-a2eb-710f8a8290e4/640.jpeg","type":"image/megapx","tags":["ANNOTATED"],"createdAt":"2020-01-25T17:24:10.066Z","updatedAt":"2020-01-26T08:38:11.818Z","width":1125,"height":2001},{"id":"c1c28e36-97a8-4fcb-b655-ff8eef98ca67","url":"https://megapx-assets.dcard.tw/images/58801fb0-8ff5-4a94-8583-25fdc397a9b0/1280.jpeg","normalizedUrl":"https://megapx.dcard.tw/v1/images/58801fb0-8ff5-4a94-8583-25fdc397a9b0","thumbnail":"https://megapx-assets.dcard.tw/images/58801fb0-8ff5-4a94-8583-25fdc397a9b0/640.jpeg","type":"image/megapx","tags":["ANNOTATED"],"createdAt":"2020-01-25T17:24:10.066Z","updatedAt":"2020-01-26T08:38:11.818Z","width":1125,"height":2001},{"id":"433370c3-2a6c-4c7b-8d7a-20d9fa8104a1","url":"https://megapx-assets.dcard.tw/images/780c8154-ff43-481a-8754-818cdf4c3068/1280.jpeg","normalizedUrl":"https://megapx.dcard.tw/v1/images/780c8154-ff43-481a-8754-818cdf4c3068","thumbnail":"https://megapx-assets.dcard.tw/images/780c8154-ff43-481a-8754-818cdf4c3068/640.jpeg","type":"image/megapx","tags":["ANNOTATED"],"createdAt":"2020-01-25T17:24:10.066Z","updatedAt":"2020-01-26T08:38:11.818Z","width":1500,"height":2000}],"postAvatar":""}