{"id":232955023,"title":"太妍演唱會要去嗎","content":"前幾天得知太妍要來台灣超開心的啦！！\n3年前的persona沒去到真的很後悔ಥ_ಥ\n但最近武漢肺炎蠻嚴重的所以爸媽不太希望我去公共場所更何況是演唱會\n我是認為戴著口罩應該就還好\n但爸媽的立場還是反對⋯\n想聽聽大家的意見 如果自己很喜歡的偶像難得來台 但卻爆發傳染病 這樣大家還會去嗎？\n\n\n\n\n先預祝大家搶票順利٩(˃̶͈̀௰˂̶͈́)و","excerpt":"前幾天得知太妍要來台灣超開心的啦！！，3年前的persona沒去到真的很後悔ಥ_ಥ，但最近武漢肺炎蠻嚴重的所以爸媽不太希望我去公共場所更何況是演唱會，我是認為戴著口罩應該就還好，但爸媽的立場還是反對⋯","anonymousSchool":false,"anonymousDepartment":true,"pinned":false,"forumId":"14f573f5-3f02-4821-8e18-f561d7b7db91","replyId":null,"createdAt":"2020-01-25T09:28:13.151Z","updatedAt":"2020-01-25T09:28:13.151Z","commentCount":25,"likeCount":96,"tags":["HIDE_THUMBNAIL"],"topics":["太妍","韓星","演唱會"],"supportedReactions":null,"withNickname":false,"reportReason":"","hiddenByAuthor":false,"meta":{"layout":"classic"},"forumName":"追星","forumAlias":"entertainer","school":"東吳大學","replyTitle":null,"gender":"F","personaSubscriptable":false,"reactions":[{"id":"286f599c-f86a-4932-82f0-f5a06f1eca03","count":94},{"id":"514c2569-fd53-4d9d-a415-bf0f88e7329f","count":2}],"hidden":false,"customStyle":null,"isSuspiciousAccount":false,"layout":"classic","withImages":false,"withVideos":false,"media":[],"reportReasonText":"","mediaMeta":[],"postAvatar":""}