{"id":232976482,"title":"大小S到底做錯什麼","content":"https://megapx-assets.dcard.tw/images/daa35f42-207d-4565-861a-24f3e7f87ffd/full.jpeg\nhttps://megapx-assets.dcard.tw/images/c231f7b6-722c-4afd-be06-947508d5f443/full.jpeg\n\n\n她們想倡導的就是人家有難時幫助\n到底哪裡錯了？\n我實在不知道大家到底在罵她們兩個什麼⋯⋯\n\n如果今天是日本或韓國發出疫情\n大S捐口罩過去\n大家還會這樣說嗎？\n\n\n\n\n我們討厭的是中國政府、官員的打壓\n還是我們討厭的是所有的中國人呢？","excerpt":"她們想倡導的就是人家有難時幫助，到底哪裡錯了？我實在不知道大家到底在罵她們兩個什麼⋯⋯，如果今天是日本或韓國發出疫情，大S捐口罩過去，大家還會這樣說嗎？我們討厭的是中國政府、官員的打壓，還是我們討厭的","anonymousSchool":false,"anonymousDepartment":true,"pinned":false,"forumId":"14f573f5-3f02-4821-8e18-f561d7b7db91","replyId":null,"createdAt":"2020-01-29T05:10:35.363Z","updatedAt":"2020-01-29T05:10:35.363Z","commentCount":160,"likeCount":480,"tags":[],"topics":["武漢肺炎","大小s"],"supportedReactions":null,"withNickname":false,"reportReason":"","hiddenByAuthor":false,"meta":{"layout":"classic"},"forumName":"追星","forumAlias":"entertainer","school":"亞洲大學","replyTitle":null,"gender":"F","personaSubscriptable":null,"reactions":[{"id":"286f599c-f86a-4932-82f0-f5a06f1eca03","count":412},{"id":"aa0d425f-d530-4478-9a77-fe3aedc79eea","count":57},{"id":"e8e6bc5d-41b0-4129-b134-97507523d7ff","count":10},{"id":"4b018f48-e184-445f-adf1-fc8e04ba09b9","count":1}],"hidden":false,"customStyle":null,"isSuspiciousAccount":false,"layout":"classic","withImages":true,"withVideos":false,"media":[{"url":"https://megapx-assets.dcard.tw/images/daa35f42-207d-4565-861a-24f3e7f87ffd/full.jpeg"},{"url":"https://megapx-assets.dcard.tw/images/c231f7b6-722c-4afd-be06-947508d5f443/full.jpeg"}],"reportReasonText":"","mediaMeta":[{"id":"f6813c29-36e2-4a2d-adbf-302b76002864","url":"https://megapx-assets.dcard.tw/images/daa35f42-207d-4565-861a-24f3e7f87ffd/640.jpeg","normalizedUrl":"https://megapx-assets.dcard.tw/images/daa35f42-207d-4565-861a-24f3e7f87ffd/640.jpeg","thumbnail":"https://megapx-assets.dcard.tw/images/daa35f42-207d-4565-861a-24f3e7f87ffd/640.jpeg","type":"image/thumbnail","tags":[],"createdAt":"2020-01-29T05:10:35.363Z","updatedAt":"2020-01-29T05:10:35.363Z","width":640,"height":243},{"id":"f6813c29-36e2-4a2d-adbf-302b76002864","url":"https://megapx-assets.dcard.tw/images/daa35f42-207d-4565-861a-24f3e7f87ffd/full.jpeg","normalizedUrl":"https://megapx.dcard.tw/v1/images/daa35f42-207d-4565-861a-24f3e7f87ffd","thumbnail":"https://megapx-assets.dcard.tw/images/daa35f42-207d-4565-861a-24f3e7f87ffd/640.jpeg","type":"image/megapx","tags":[],"createdAt":"2020-01-29T05:10:35.363Z","updatedAt":"2020-01-29T05:10:35.363Z","width":1125,"height":428},{"id":"e8dcfe33-5033-4c58-b8c1-70ed8d41d908","url":"https://megapx-assets.dcard.tw/images/c231f7b6-722c-4afd-be06-947508d5f443/full.jpeg","normalizedUrl":"https://megapx.dcard.tw/v1/images/c231f7b6-722c-4afd-be06-947508d5f443","thumbnail":"https://megapx-assets.dcard.tw/images/c231f7b6-722c-4afd-be06-947508d5f443/640.jpeg","type":"image/megapx","tags":[],"createdAt":"2020-01-29T05:10:35.363Z","updatedAt":"2020-01-29T05:10:35.363Z","width":1125,"height":375}],"postAvatar":""}