{"id":232977559,"title":"很開心能認識陳紀庭這個人類","content":"雖然還沒有看過本人 但是真的就是很有親和力\n每件事會不餘遺力跟你說到清楚為止\n他也是我看聲林一最愛的選手\n雖然常常因為選歌或是版權的關係\n沒唱到歌但是他一直都很努力想突破自己\n然後讓自己變得更好讓大家看到\n也謝謝你願意讓我那麼支持你\n不管時間過了多久 愛你的心永遠不會變\n雖然你因為一些關係不在台灣了\n但粉絲跟大家愛妳的心是不會有所改變的\nhttps://megapx-assets.dcard.tw/images/8a90b099-382a-42a6-b391-2fbcde392161/full.jpeg","excerpt":"雖然還沒有看過本人 但是真的就是很有親和力，每件事會不餘遺力跟你說到清楚為止，他也是我看聲林一最愛的選手，雖然常常因為選歌或是版權的關係，沒唱到歌但是他一直都很努力想突破自己，然後讓自己變得更好讓大家","anonymousSchool":false,"anonymousDepartment":true,"pinned":false,"forumId":"14f573f5-3f02-4821-8e18-f561d7b7db91","replyId":null,"createdAt":"2020-01-29T09:11:19.049Z","updatedAt":"2020-01-29T09:11:19.049Z","commentCount":4,"likeCount":8,"tags":[],"topics":["追星"],"supportedReactions":null,"withNickname":false,"reportReason":"","hiddenByAuthor":false,"meta":{"layout":"classic"},"forumName":"追星","forumAlias":"entertainer","school":"美和科技大學","replyTitle":null,"gender":"F","personaSubscriptable":null,"reactions":[{"id":"286f599c-f86a-4932-82f0-f5a06f1eca03","count":8}],"hidden":false,"customStyle":null,"isSuspiciousAccount":false,"layout":"classic","withImages":true,"withVideos":false,"media":[{"url":"https://megapx-assets.dcard.tw/images/8a90b099-382a-42a6-b391-2fbcde392161/full.jpeg"}],"reportReasonText":"","mediaMeta":[{"id":"ff3a1123-46f7-4ccc-b16a-2dd0bb0b9609","url":"https://megapx-assets.dcard.tw/images/8a90b099-382a-42a6-b391-2fbcde392161/640.jpeg","normalizedUrl":"https://megapx-assets.dcard.tw/images/8a90b099-382a-42a6-b391-2fbcde392161/640.jpeg","thumbnail":"https://megapx-assets.dcard.tw/images/8a90b099-382a-42a6-b391-2fbcde392161/640.jpeg","type":"image/thumbnail","tags":[],"createdAt":"2020-01-29T09:11:19.049Z","updatedAt":"2020-01-29T09:11:19.049Z","width":640,"height":640},{"id":"ff3a1123-46f7-4ccc-b16a-2dd0bb0b9609","url":"https://megapx-assets.dcard.tw/images/8a90b099-382a-42a6-b391-2fbcde392161/full.jpeg","normalizedUrl":"https://megapx.dcard.tw/v1/images/8a90b099-382a-42a6-b391-2fbcde392161","thumbnail":"https://megapx-assets.dcard.tw/images/8a90b099-382a-42a6-b391-2fbcde392161/640.jpeg","type":"image/megapx","tags":[],"createdAt":"2020-01-29T09:11:19.049Z","updatedAt":"2020-01-29T09:11:19.049Z","width":960,"height":960}],"postAvatar":""}