[{"id": 233007616, "title": "怪盜基德的標誌", "excerpt": "回不去系列，不要說我沒有警告你哦，看了就回不去了…，fb看到的po文", "anonymousSchool": false, "anonymousDepartment": true, "pinned": false, "forumId": "14185ae6-44ab-45e2-88da-ae97e0159c9f", "replyId": null, "createdAt": "2020-02-03T09:09:52.097Z", "updatedAt": "2020-02-03T09:09:52.097Z", "commentCount": 4, "likeCount": 96, "withNickname": false, "tags": [], "topics": ["怪盜基德", "動漫"], "meta": {"layout": "classic"}, "forumName": "動漫", "forumAlias": "acg", "gender": "M", "school": "淡江大學", "replyTitle": null, "mediaMeta": [{"id": "f3b59d91-cc94-4346-9ebb-383bac1bf03d", "url": "https://i.imgur.com/ErI29JDl.jpg", "normalizedUrl": "https://i.imgur.com/ErI29JDl.jpg", "thumbnail": "https://i.imgur.com/ErI29JDl.jpg", "type": "image/thumbnail", "tags": ["ANNOTATED"], "createdAt": "2020-02-03T09:09:52.097Z", "updatedAt": "2020-02-03T09:09:52.097Z"}, {"id": "f3b59d91-cc94-4346-9ebb-383bac1bf03d", "url": "https://i.imgur.com/ErI29JD.jpg", "normalizedUrl": "https://imgur.com/ErI29JD", "thumbnail": "https://i.imgur.com/ErI29JDl.jpg", "type": "image/imgur", "tags": ["ANNOTATED"], "createdAt": "2020-02-03T09:09:52.097Z", "updatedAt": "2020-02-03T09:09:52.097Z"}, {"id": "c3cb2bc9-c5c3-4388-99a1-032e628d38e6", "url": "https://i.imgur.com/YYFmpVd.jpg", "normalizedUrl": "https://imgur.com/YYFmpVd", "thumbnail": "https://i.imgur.com/YYFmpVdl.jpg", "type": "image/imgur", "tags": ["ANNOTATED"], "createdAt": "2020-02-03T09:09:52.097Z", "updatedAt": "2020-02-03T09:09:52.097Z"}, {"id": "aee55dec-6dc1-44de-a538-989169d14e61", "url": "https://i.imgur.com/qvbY9uG.jpg", "normalizedUrl": "https://imgur.com/qvbY9uG", "thumbnail": "https://i.imgur.com/qvbY9uGl.jpg", "type": "image/imgur", "tags": ["ANNOTATED"], "createdAt": "2020-02-03T09:09:52.097Z", "updatedAt": "2020-02-03T09:09:52.097Z"}, {"id": "1d52055f-d360-424c-a6b2-69a4b905f366", "url": "https://i.imgur.com/dgTcV4p.jpg", "normalizedUrl": "https://imgur.com/dgTcV4p", "thumbnail": "https://i.imgur.com/dgTcV4pl.jpg", "type": "image/imgur", "tags": ["ANNOTATED"], "createdAt": "2020-02-03T09:09:52.097Z", "updatedAt": "2020-02-03T09:09:52.097Z"}], "reactions": [{"id": "286f599c-f86a-4932-82f0-f5a06f1eca03", "count": 82}, {"id": "e8e6bc5d-41b0-4129-b134-97507523d7ff", "count": 14}], "hidden": false, "customStyle": null, "isSuspiciousAccount": false, "layout": "classic", "withImages": true, "withVideos": false, "media": [{"url": "https://i.imgur.com/ErI29JD.jpg"}, {"url": "https://i.imgur.com/YYFmpVd.jpg"}, {"url": "https://i.imgur.com/qvbY9uG.jpg"}, {"url": "https://i.imgur.com/dgTcV4p.jpg"}], "reportReasonText": "", "postAvatar": ""}, {"id": 233009110, "title": "#推薦 #已完結少女漫第2⃣️彈", "excerpt": "各位又是我啦🤣🤣這次一樣推薦給各位10部已經完結的少女漫畫，那廢話不多說就開始吧，1⃣️不知不覺對你動心，這部很典型是女主角喜歡男主角但男主角卻不喜歡女主角的少女漫但後來可想而知在相處之後呢男主角", "anonymousSchool": false, "anonymousDepartment": false, "pinned": false, "forumId": "14185ae6-44ab-45e2-88da-ae97e0159c9f", "replyId": null, "createdAt": "2020-02-03T12:50:04.814Z", "updatedAt": "2020-02-03T12:50:04.814Z", "commentCount": 2, "likeCount": 53, "withNickname": true, "tags": [], "topics": ["少女", "漫畫", "完結", "推坑"], "meta": {"layout": "classic"}, "forumName": "動漫", "forumAlias": "acg", "gender": "F", "school": "田可愛🐰", "department": "dream1234", "replyTitle": null, "mediaMeta": [{"id": "2cb65d9a-93d2-4e03-bbd7-3455fc85f175", "url": "https://megapx-assets.dcard.tw/images/3a306bec-ff88-4b3a-a235-639724afb517/640.jpeg", "normalizedUrl": "https://megapx-assets.dcard.tw/images/3a306bec-ff88-4b3a-a235-639724afb517/640.jpeg", "thumbnail": "https://megapx-assets.dcard.tw/images/3a306bec-ff88-4b3a-a235-639724afb517/640.jpeg", "type": "image/thumbnail", "tags": [], "createdAt": "2020-02-03T12:50:04.814Z", "updatedAt": "2020-02-03T12:50:04.814Z", "width": 445, "height": 640}, {"id": "2cb65d9a-93d2-4e03-bbd7-3455fc85f175", "url": "https://megapx-assets.dcard.tw/images/3a306bec-ff88-4b3a-a235-639724afb517/1280.jpeg", "normalizedUrl": "https://megapx.dcard.tw/v1/images/3a306bec-ff88-4b3a-a235-639724afb517", "thumbnail": "https://megapx-assets.dcard.tw/images/3a306bec-ff88-4b3a-a235-639724afb517/640.jpeg", "type": "image/megapx", "tags": [], "createdAt": "2020-02-03T12:50:04.814Z", "updatedAt": "2020-02-03T12:50:04.814Z", "width": 900, "height": 1293}, {"id": "16be1498-4262-421c-b476-28a61656f983", "url": "https://megapx-assets.dcard.tw/images/1d53dedc-c4aa-47b5-bfe2-47b59efa20d8/1280.jpeg", "normalizedUrl": "https://megapx.dcard.tw/v1/images/1d53dedc-c4aa-47b5-bfe2-47b59efa20d8", "thumbnail": "https://megapx-assets.dcard.tw/images/1d53dedc-c4aa-47b5-bfe2-47b59efa20d8/640.jpeg", "type": "image/megapx", "tags": [], "createdAt": "2020-02-03T12:50:04.814Z", "updatedAt": "2020-02-03T12:50:04.814Z", "width": 900, "height": 1433}, {"id": "64e2b321-5b0d-4039-a09d-5d75b1299cf0", "url": "https://megapx-assets.dcard.tw/images/54420d97-e99d-4ff1-9dea-95555be069d3/1280.jpeg", "normalizedUrl": "https://megapx.dcard.tw/v1/images/54420d97-e99d-4ff1-9dea-95555be069d3", "thumbnail": "https://megapx-assets.dcard.tw/images/54420d97-e99d-4ff1-9dea-95555be069d3/640.jpeg", "type": "image/megapx", "tags": [], "createdAt": "2020-02-03T12:50:04.814Z", "updatedAt": "2020-02-03T12:50:04.814Z", "width": 900, "height": 1318}, {"id": "21821655-03fd-4a33-ad7b-3a048dc46ff0", "url": "https://megapx-assets.dcard.tw/images/7a5df937-3f81-4cca-98fb-1d3244c7ad1d/full.jpeg", "normalizedUrl": "https://megapx.dcard.tw/v1/images/7a5df937-3f81-4cca-98fb-1d3244c7ad1d", "thumbnail": "https://megapx-assets.dcard.tw/images/7a5df937-3f81-4cca-98fb-1d3244c7ad1d/640.jpeg", "type": "image/megapx", "tags": [], "createdAt": "2020-02-03T12:50:04.814Z", "updatedAt": "2020-02-03T12:50:04.814Z", "width": 836, "height": 1200}, {"id": "3e73a91e-655b-4cc8-a27c-af89704f50ab", "url": "https://megapx-assets.dcard.tw/images/fe5fe589-dee8-456c-9a7d-c04ad0ea8d62/full.jpeg", "normalizedUrl": "https://megapx.dcard.tw/v1/images/fe5fe589-dee8-456c-9a7d-c04ad0ea8d62", "thumbnail": "https://megapx-assets.dcard.tw/images/fe5fe589-dee8-456c-9a7d-c04ad0ea8d62/640.jpeg", "type": "image/megapx", "tags": [], "createdAt": "2020-02-03T12:50:04.814Z", "updatedAt": "2020-02-03T12:50:04.814Z", "width": 764, "height": 1200}, {"id": "a77ffba2-22a6-4f15-beca-f57933b818e5", "url": "https://megapx-assets.dcard.tw/images/8d037a78-cd8b-4657-89d8-8bd5cdbae534/1280.jpeg", "normalizedUrl": "https://megapx.dcard.tw/v1/images/8d037a78-cd8b-4657-89d8-8bd5cdbae534", "thumbnail": "https://megapx-assets.dcard.tw/images/8d037a78-cd8b-4657-89d8-8bd5cdbae534/640.jpeg", "type": "image/megapx", "tags": [], "createdAt": "2020-02-03T12:50:04.814Z", "updatedAt": "2020-02-03T12:50:04.814Z", "width": 1353, "height": 1920}, {"id": "68aa41c9-994c-4233-95ec-60a6d0549a43", "url": "https://megapx-assets.dcard.tw/images/2f0d1b1f-9710-49b5-a142-da020acb5269/full.jpeg", "normalizedUrl": "https://megapx.dcard.tw/v1/images/2f0d1b1f-9710-49b5-a142-da020acb5269", "thumbnail": "https://megapx-assets.dcard.tw/images/2f0d1b1f-9710-49b5-a142-da020acb5269/640.jpeg", "type": "image/megapx", "tags": [], "createdAt": "2020-02-03T12:50:04.814Z", "updatedAt": "2020-02-03T12:50:04.814Z", "width": 900, "height": 1280}, {"id": "4c87598a-cd9f-498c-be8f-8dabd203e22f", "url": "https://megapx-assets.dcard.tw/images/20890ae7-e488-4b32-993d-fd7fd15204d0/1280.jpeg", "normalizedUrl": "https://megapx.dcard.tw/v1/images/20890ae7-e488-4b32-993d-fd7fd15204d0", "thumbnail": "https://megapx-assets.dcard.tw/images/20890ae7-e488-4b32-993d-fd7fd15204d0/640.jpeg", "type": "image/megapx", "tags": [], "createdAt": "2020-02-03T12:50:04.814Z", "updatedAt": "2020-02-03T12:50:04.814Z", "width": 900, "height": 1346}, {"id": "1de07f28-f58e-42c0-8c4a-050dbaa8f3e1", "url": "https://megapx-assets.dcard.tw/images/9cf23f29-c6c5-4f92-8046-b823d6fa4f66/1280.jpeg", "normalizedUrl": "https://megapx.dcard.tw/v1/images/9cf23f29-c6c5-4f92-8046-b823d6fa4f66", "thumbnail": "https://megapx-assets.dcard.tw/images/9cf23f29-c6c5-4f92-8046-b823d6fa4f66/640.jpeg", "type": "image/megapx", "tags": [], "createdAt": "2020-02-03T12:50:04.814Z", "updatedAt": "2020-02-03T12:50:04.814Z", "width": 900, "height": 1293}, {"id": "d9a40988-3287-40f3-a751-826a6ad9eb2f", "url": "https://megapx-assets.dcard.tw/images/aa7aaa2c-0785-4b5a-97e3-6180e428ef84/full.jpeg", "normalizedUrl": "https://megapx.dcard.tw/v1/images/aa7aaa2c-0785-4b5a-97e3-6180e428ef84", "thumbnail": "https://megapx-assets.dcard.tw/images/aa7aaa2c-0785-4b5a-97e3-6180e428ef84/640.jpeg", "type": "image/megapx", "tags": [], "createdAt": "2020-02-03T12:50:04.814Z", "updatedAt": "2020-02-03T12:50:04.814Z", "width": 844, "height": 1200}], "reactions": [{"id": "286f599c-f86a-4932-82f0-f5a06f1eca03", "count": 53}], "hidden": false, "customStyle": null, "isSuspiciousAccount": false, "layout": "classic", "withImages": true, "withVideos": false, "media": [{"url": "https://megapx-assets.dcard.tw/images/3a306bec-ff88-4b3a-a235-639724afb517/1280.jpeg"}, {"url": "https://megapx-assets.dcard.tw/images/1d53dedc-c4aa-47b5-bfe2-47b59efa20d8/1280.jpeg"}, {"url": "https://megapx-assets.dcard.tw/images/54420d97-e99d-4ff1-9dea-95555be069d3/1280.jpeg"}, {"url": "https://megapx-assets.dcard.tw/images/7a5df937-3f81-4cca-98fb-1d3244c7ad1d/full.jpeg"}, {"url": "https://megapx-assets.dcard.tw/images/fe5fe589-dee8-456c-9a7d-c04ad0ea8d62/full.jpeg"}, {"url": "https://megapx-assets.dcard.tw/images/8d037a78-cd8b-4657-89d8-8bd5cdbae534/1280.jpeg"}, {"url": "https://megapx-assets.dcard.tw/images/2f0d1b1f-9710-49b5-a142-da020acb5269/full.jpeg"}, {"url": "https://megapx-assets.dcard.tw/images/20890ae7-e488-4b32-993d-fd7fd15204d0/1280.jpeg"}, {"url": "https://megapx-assets.dcard.tw/images/9cf23f29-c6c5-4f92-8046-b823d6fa4f66/1280.jpeg"}, {"url": "https://megapx-assets.dcard.tw/images/aa7aaa2c-0785-4b5a-97e3-6180e428ef84/full.jpeg"}], "reportReasonText": "", "postAvatar": ""}, {"id": 233007958, "title": "請在埃及路上微笑", "excerpt": "果然我大JOJO無所不在，推一下這部新番，請在伸展台上微笑", "anonymousSchool": false, "anonymousDepartment": true, "pinned": false, "forumId": "14185ae6-44ab-45e2-88da-ae97e0159c9f", "replyId": null, "createdAt": "2020-02-03T09:54:58.355Z", "updatedAt": "2020-02-03T09:55:27.204Z", "commentCount": 4, "likeCount": 27, "withNickname": false, "tags": [], "topics": ["動漫", "JoJo的奇妙冒險"], "meta": {"layout": "classic"}, "forumName": "動漫", "forumAlias": "acg", "gender": "M", "school": "淡江大學", "replyTitle": null, "mediaMeta": [{"id": "cc64962e-752c-4d7d-85e0-a495705bc637", "url": "https://i.imgur.com/R9UGodFl.jpg", "normalizedUrl": "https://i.imgur.com/R9UGodFl.jpg", "thumbnail": "https://i.imgur.com/R9UGodFl.jpg", "type": "image/thumbnail", "tags": ["ANNOTATED"], "createdAt": "2020-02-03T09:54:58.355Z", "updatedAt": "2020-02-03T09:55:27.204Z"}, {"id": "cc64962e-752c-4d7d-85e0-a495705bc637", "url": "https://i.imgur.com/R9UGodF.jpg", "normalizedUrl": "https://imgur.com/R9UGodF", "thumbnail": "https://i.imgur.com/R9UGodFl.jpg", "type": "image/imgur", "tags": ["ANNOTATED"], "createdAt": "2020-02-03T09:54:58.355Z", "updatedAt": "2020-02-03T09:55:27.204Z"}, {"id": "0d11a86d-eccf-4017-82e0-3a87bde8c90f", "url": "https://i.imgur.com/oBCqnhW.jpg", "normalizedUrl": "https://imgur.com/oBCqnhW", "thumbnail": "https://i.imgur.com/oBCqnhWl.jpg", "type": "image/imgur", "tags": ["ANNOTATED"], "createdAt": "2020-02-03T09:54:58.355Z", "updatedAt": "2020-02-03T09:55:27.204Z"}], "reactions": [{"id": "286f599c-f86a-4932-82f0-f5a06f1eca03", "count": 19}, {"id": "e8e6bc5d-41b0-4129-b134-97507523d7ff", "count": 8}], "hidden": false, "customStyle": null, "isSuspiciousAccount": false, "layout": "classic", "withImages": true, "withVideos": false, "media": [{"url": "https://i.imgur.com/R9UGodF.jpg"}, {"url": "https://i.imgur.com/oBCqnhW.jpg"}], "reportReasonText": "", "postAvatar": ""}, {"id": 233004459, "title": "被王子萌到", "excerpt": "書名：轉生女主宣告滅亡，看看這可愛的青澀小王子，嗷嗷嗷，雖然我看了兩遍才看懂，不過他臉紅的樣子好可愛啊啊啊，有人跟我一樣喜歡臉紅的男生嗎", "anonymousSchool": false, "anonymousDepartment": true, "pinned": false, "forumId": "14185ae6-44ab-45e2-88da-ae97e0159c9f", "replyId": null, "createdAt": "2020-02-02T17:19:39.552Z", "updatedAt": "2020-02-02T22:46:10.697Z", "commentCount": 4, "likeCount": 25, "withNickname": false, "tags": [], "topics": ["王子", "漫畫"], "meta": {"layout": "classic"}, "forumName": "動漫", "forumAlias": "acg", "gender": "F", "school": "淡江大學", "replyTitle": null, "mediaMeta": [{"id": "dbf50c7f-649d-4316-baec-cea401dd8626", "url": "https://megapx-assets.dcard.tw/images/e97e29a0-8e50-47a9-a44c-c8a92db0613c/640.jpeg", "normalizedUrl": "https://megapx-assets.dcard.tw/images/e97e29a0-8e50-47a9-a44c-c8a92db0613c/640.jpeg", "thumbnail": "https://megapx-assets.dcard.tw/images/e97e29a0-8e50-47a9-a44c-c8a92db0613c/640.jpeg", "type": "image/thumbnail", "tags": ["ANNOTATED"], "createdAt": "2020-02-02T17:19:39.552Z", "updatedAt": "2020-02-02T22:46:10.697Z", "width": 360, "height": 640}, {"id": "dbf50c7f-649d-4316-baec-cea401dd8626", "url": "https://megapx-assets.dcard.tw/images/e97e29a0-8e50-47a9-a44c-c8a92db0613c/1280.jpeg", "normalizedUrl": "https://megapx.dcard.tw/v1/images/e97e29a0-8e50-47a9-a44c-c8a92db0613c", "thumbnail": "https://megapx-assets.dcard.tw/images/e97e29a0-8e50-47a9-a44c-c8a92db0613c/640.jpeg", "type": "image/megapx", "tags": ["ANNOTATED"], "createdAt": "2020-02-02T17:19:39.552Z", "updatedAt": "2020-02-02T22:46:10.697Z", "width": 750, "height": 1334}, {"id": "970b58ac-5c2f-40aa-b135-c5781145c968", "url": "https://megapx-assets.dcard.tw/images/2d7b5c11-886d-420a-8df8-d0c9364c83f1/1280.jpeg", "normalizedUrl": "https://megapx.dcard.tw/v1/images/2d7b5c11-886d-420a-8df8-d0c9364c83f1", "thumbnail": "https://megapx-assets.dcard.tw/images/2d7b5c11-886d-420a-8df8-d0c9364c83f1/640.jpeg", "type": "image/megapx", "tags": ["ANNOTATED"], "createdAt": "2020-02-02T17:25:49.361Z", "updatedAt": "2020-02-02T22:46:10.697Z", "width": 750, "height": 1334}], "reactions": [{"id": "286f599c-f86a-4932-82f0-f5a06f1eca03", "count": 24}, {"id": "e8e6bc5d-41b0-4129-b134-97507523d7ff", "count": 1}], "hidden": false, "customStyle": null, "isSuspiciousAccount": false, "layout": "classic", "withImages": true, "withVideos": false, "media": [{"url": "https://megapx-assets.dcard.tw/images/e97e29a0-8e50-47a9-a44c-c8a92db0613c/1280.jpeg"}, {"url": "https://megapx-assets.dcard.tw/images/2d7b5c11-886d-420a-8df8-d0c9364c83f1/1280.jpeg"}], "reportReasonText": "", "postAvatar": ""}, {"id": 233008166, "title": "小英雄丸太事件", "excerpt": "更，看到 B13 的留言，因為我不知道姓氏，以為只是名字的話反應有點過頭，但是如果連姓氏都是這樣的話那作者是真的該好好道歉了，因為那代表在某種程度上作者應該是了解那些詞的背景的🤦，總之因為這事中國、", "anonymousSchool": false, "anonymousDepartment": false, "pinned": false, "forumId": "14185ae6-44ab-45e2-88da-ae97e0159c9f", "replyId": null, "createdAt": "2020-02-03T10:22:53.503Z", "updatedAt": "2020-02-03T17:54:27.749Z", "commentCount": 24, "likeCount": 18, "withNickname": true, "tags": [], "topics": ["動漫", "我的英雄學院", "漫畫"], "meta": {"layout": "classic"}, "forumName": "動漫", "forumAlias": "acg", "gender": "F", "school": "Higan_S", "department": "higan_s", "replyTitle": null, "mediaMeta": [{"id": "c1d90545-3e03-4469-a224-a0876cf1db8a", "url": "https://i.imgur.com/tGhAykel.jpg", "normalizedUrl": "https://i.imgur.com/tGhAykel.jpg", "thumbnail": "https://i.imgur.com/tGhAykel.jpg", "type": "image/thumbnail", "tags": ["ANNOTATED"], "createdAt": "2020-02-03T10:22:53.503Z", "updatedAt": "2020-02-03T17:54:27.749Z"}, {"id": "c1d90545-3e03-4469-a224-a0876cf1db8a", "url": "https://i.imgur.com/tGhAyke.jpg", "normalizedUrl": "https://imgur.com/tGhAyke", "thumbnail": "https://i.imgur.com/tGhAykel.jpg", "type": "image/imgur", "tags": ["ANNOTATED"], "createdAt": "2020-02-03T10:22:53.503Z", "updatedAt": "2020-02-03T17:54:27.749Z"}], "reactions": [{"id": "286f599c-f86a-4932-82f0-f5a06f1eca03", "count": 18}], "hidden": false, "customStyle": null, "isSuspiciousAccount": false, "layout": "classic", "withImages": true, "withVideos": false, "media": [{"url": "https://i.imgur.com/tGhAyke.jpg"}], "reportReasonText": "", "postAvatar": ""}, {"id": 233006335, "title": "#推～超好看動漫4👍👍👍", "excerpt": "上一篇的分享在，這次不囉嗦直接來分享吧！，今天要來分享的是，Charlotte夏洛特，推推推推推推～～～《劇情簡介》這是一個一部分青春期的少年少女們，身上會隨時引發特殊能力的世界，而主角乙坂有宇就是一", "anonymousSchool": false, "anonymousDepartment": false, "pinned": false, "forumId": "14185ae6-44ab-45e2-88da-ae97e0159c9f", "replyId": null, "createdAt": "2020-02-03T05:24:28.346Z", "updatedAt": "2020-02-03T18:07:29.295Z", "commentCount": 15, "likeCount": 15, "withNickname": true, "tags": [], "topics": ["動漫", "夏洛特", "推坑"], "meta": {"layout": "classic"}, "forumName": "動漫", "forumAlias": "acg", "gender": "F", "school": "小夭怪", "department": "ya5487666", "replyTitle": null, "mediaMeta": [{"id": "78a2f231-2b33-4b93-be80-f423e8804439", "url": "https://i.imgur.com/VWbHsJNl.jpg", "normalizedUrl": "https://i.imgur.com/VWbHsJNl.jpg", "thumbnail": "https://i.imgur.com/VWbHsJNl.jpg", "type": "image/thumbnail", "tags": ["ANNOTATED"], "createdAt": "2020-02-03T05:24:28.346Z", "updatedAt": "2020-02-03T18:07:29.295Z"}, {"id": "78a2f231-2b33-4b93-be80-f423e8804439", "url": "https://i.imgur.com/VWbHsJN.jpg", "normalizedUrl": "https://imgur.com/VWbHsJN", "thumbnail": "https://i.imgur.com/VWbHsJNl.jpg", "type": "image/imgur", "tags": ["ANNOTATED"], "createdAt": "2020-02-03T05:24:28.346Z", "updatedAt": "2020-02-03T18:07:29.295Z"}, {"id": "e7fd392f-3140-4464-a7ca-3392ab133ab5", "url": "https://i.imgur.com/LlLQTrX.jpg", "normalizedUrl": "https://imgur.com/LlLQTrX", "thumbnail": "https://i.imgur.com/LlLQTrXl.jpg", "type": "image/imgur", "tags": ["ANNOTATED"], "createdAt": "2020-02-03T05:24:28.346Z", "updatedAt": "2020-02-03T18:07:29.295Z"}, {"id": "e48e1bc3-be3b-4f31-8d33-1e93af604995", "url": "https://i.imgur.com/FxDbZHQ.jpg", "normalizedUrl": "https://imgur.com/FxDbZHQ", "thumbnail": "https://i.imgur.com/FxDbZHQl.jpg", "type": "image/imgur", "tags": ["ANNOTATED"], "createdAt": "2020-02-03T05:24:28.346Z", "updatedAt": "2020-02-03T18:07:29.295Z"}, {"id": "495e6115-bc9e-4a5a-8834-55588ebdb2fd", "url": "https://i.imgur.com/Lu1UICX.jpg", "normalizedUrl": "https://imgur.com/Lu1UICX", "thumbnail": "https://i.imgur.com/Lu1UICXl.jpg", "type": "image/imgur", "tags": ["ANNOTATED"], "createdAt": "2020-02-03T05:24:28.346Z", "updatedAt": "2020-02-03T18:07:29.295Z"}, {"id": "a7b3581c-6136-472e-8ca3-8d14ead9d42d", "url": "https://i.imgur.com/kDf6DSp.jpg", "normalizedUrl": "https://imgur.com/kDf6DSp", "thumbnail": "https://i.imgur.com/kDf6DSpl.jpg", "type": "image/imgur", "tags": ["ANNOTATED"], "createdAt": "2020-02-03T05:24:28.346Z", "updatedAt": "2020-02-03T18:07:29.295Z"}, {"id": "ad3adbd0-00a0-41df-9af9-520909af7a5a", "url": "https://youtu.be/OsTFrTXt1ec", "normalizedUrl": "https://www.youtube.com/watch?v=OsTFrTXt1ec", "thumbnail": "https://img.youtube.com/vi/OsTFrTXt1ec/hqdefault.jpg", "type": "video/youtube", "tags": ["ANNOTATED"], "createdAt": "2020-02-03T05:24:28.346Z", "updatedAt": "2020-02-03T18:07:29.295Z"}, {"id": "ed04748b-1b40-4a19-9f34-9658dacf6c3c", "url": "https://youtu.be/WAgUoDmtcZo", "normalizedUrl": "https://www.youtube.com/watch?v=WAgUoDmtcZo", "thumbnail": "https://img.youtube.com/vi/WAgUoDmtcZo/hqdefault.jpg", "type": "video/youtube", "tags": ["ANNOTATED"], "createdAt": "2020-02-03T05:24:28.346Z", "updatedAt": "2020-02-03T18:07:29.295Z"}, {"id": "ce61f7a2-7e26-4f99-9e41-3507dc37845b", "url": "https://i.imgur.com/TZ6CFsF.jpg", "normalizedUrl": "https://imgur.com/TZ6CFsF", "thumbnail": "https://i.imgur.com/TZ6CFsFl.jpg", "type": "image/imgur", "tags": ["ANNOTATED"], "createdAt": "2020-02-03T05:24:28.346Z", "updatedAt": "2020-02-03T18:07:29.295Z"}, {"id": "b45dae58-b208-4949-8690-39a0b97c47d4", "url": "https://i.imgur.com/OPK3u1G.jpg", "normalizedUrl": "https://imgur.com/OPK3u1G", "thumbnail": "https://i.imgur.com/OPK3u1Gl.jpg", "type": "image/imgur", "tags": ["ANNOTATED"], "createdAt": "2020-02-03T05:24:28.346Z", "updatedAt": "2020-02-03T18:07:29.295Z"}, {"id": "74e5ec3a-a84f-41da-afaa-d90a79278303", "url": "https://i.imgur.com/9blhDYW.jpg", "normalizedUrl": "https://imgur.com/9blhDYW", "thumbnail": "https://i.imgur.com/9blhDYWl.jpg", "type": "image/imgur", "tags": ["ANNOTATED"], "createdAt": "2020-02-03T05:24:28.346Z", "updatedAt": "2020-02-03T18:07:29.295Z"}, {"id": "370f2f46-e627-4244-afff-9f3284f14059", "url": "https://i.imgur.com/3hQWWyq.jpg", "normalizedUrl": "https://imgur.com/3hQWWyq", "thumbnail": "https://i.imgur.com/3hQWWyql.jpg", "type": "image/imgur", "tags": ["ANNOTATED"], "createdAt": "2020-02-03T05:24:28.346Z", "updatedAt": "2020-02-03T18:07:29.295Z"}, {"id": "8d408d4b-4190-48c1-82a3-4eb15d7ef48b", "url": "https://i.imgur.com/oiDEfI1.jpg", "normalizedUrl": "https://imgur.com/oiDEfI1", "thumbnail": "https://i.imgur.com/oiDEfI1l.jpg", "type": "image/imgur", "tags": ["ANNOTATED"], "createdAt": "2020-02-03T05:24:28.346Z", "updatedAt": "2020-02-03T18:07:29.295Z"}, {"id": "764bdf22-5129-46b0-aa99-6cef56b4db72", "url": "https://i.imgur.com/Ax0LNJo.jpg", "normalizedUrl": "https://imgur.com/Ax0LNJo", "thumbnail": "https://i.imgur.com/Ax0LNJol.jpg", "type": "image/imgur", "tags": ["ANNOTATED"], "createdAt": "2020-02-03T05:24:28.346Z", "updatedAt": "2020-02-03T18:07:29.295Z"}, {"id": "e1e279b6-8955-4f89-9b35-0fd1eed5c1c2", "url": "https://i.imgur.com/bfjWP00.jpg", "normalizedUrl": "https://imgur.com/bfjWP00", "thumbnail": "https://i.imgur.com/bfjWP00l.jpg", "type": "image/imgur", "tags": ["ANNOTATED"], "createdAt": "2020-02-03T05:24:28.346Z", "updatedAt": "2020-02-03T18:07:29.295Z"}, {"id": "7a32d93e-915c-4d88-bf11-ca8aebc5a781", "url": "https://i.imgur.com/q1U6exZ.jpg", "normalizedUrl": "https://imgur.com/q1U6exZ", "thumbnail": "https://i.imgur.com/q1U6exZl.jpg", "type": "image/imgur", "tags": ["ANNOTATED"], "createdAt": "2020-02-03T05:24:28.346Z", "updatedAt": "2020-02-03T18:07:29.295Z"}, {"id": "c3ffe9c9-c91e-41b4-8343-1aa26f1bf006", "url": "https://i.imgur.com/mtIJmSX.jpg", "normalizedUrl": "https://imgur.com/mtIJmSX", "thumbnail": "https://i.imgur.com/mtIJmSXl.jpg", "type": "image/imgur", "tags": ["ANNOTATED"], "createdAt": "2020-02-03T05:24:28.346Z", "updatedAt": "2020-02-03T18:07:29.295Z"}], "reactions": [{"id": "286f599c-f86a-4932-82f0-f5a06f1eca03", "count": 15}], "hidden": false, "customStyle": null, "isSuspiciousAccount": false, "layout": "classic", "withImages": true, "withVideos": false, "media": [{"url": "https://i.imgur.com/VWbHsJN.jpg"}, {"url": "https://i.imgur.com/LlLQTrX.jpg"}, {"url": "https://i.imgur.com/FxDbZHQ.jpg"}, {"url": "https://i.imgur.com/Lu1UICX.jpg"}, {"url": "https://i.imgur.com/kDf6DSp.jpg"}, {"url": "https://i.imgur.com/TZ6CFsF.jpg"}, {"url": "https://i.imgur.com/OPK3u1G.jpg"}, {"url": "https://i.imgur.com/9blhDYW.jpg"}, {"url": "https://i.imgur.com/3hQWWyq.jpg"}, {"url": "https://i.imgur.com/oiDEfI1.jpg"}, {"url": "https://i.imgur.com/Ax0LNJo.jpg"}, {"url": "https://i.imgur.com/bfjWP00.jpg"}, {"url": "https://i.imgur.com/q1U6exZ.jpg"}, {"url": "https://i.imgur.com/mtIJmSX.jpg"}], "reportReasonText": "", "postAvatar": ""}, {"id": 233011183, "title": "神一般的操作，宅一般的盒子（？", "excerpt": "前幾天去cwt，看到鬼滅的轉蛋，想說就抽一下好了，結果抽到戀柱/蛇戀的馬克杯，圖案是可以，但是我不想要馬克杯_（：з」∠）_，因為之前抽我英的才抽到一個轟轟馬克杯，所以我就送給我朋友（我才不會說我用9", "anonymousSchool": false, "anonymousDepartment": false, "pinned": false, "forumId": "14185ae6-44ab-45e2-88da-ae97e0159c9f", "replyId": null, "createdAt": "2020-02-03T17:05:33.925Z", "updatedAt": "2020-02-03T17:09:40.746Z", "commentCount": 1, "likeCount": 14, "withNickname": true, "tags": [], "topics": ["動漫", "動畫", "漫畫", "鬼滅之刃"], "meta": {"layout": "classic"}, "forumName": "動漫", "forumAlias": "acg", "gender": "F", "school": "剝皮荔枝", "department": "sarazanmai__", "replyTitle": null, "mediaMeta": [{"id": "ea83592d-bcac-48bb-a809-23fccaf5ea00", "url": "https://i.imgur.com/uzgCHmdl.jpg", "normalizedUrl": "https://i.imgur.com/uzgCHmdl.jpg", "thumbnail": "https://i.imgur.com/uzgCHmdl.jpg", "type": "image/thumbnail", "tags": ["ANNOTATED"], "createdAt": "2020-02-03T17:05:33.925Z", "updatedAt": "2020-02-03T17:09:40.746Z"}, {"id": "ea83592d-bcac-48bb-a809-23fccaf5ea00", "url": "https://i.imgur.com/uzgCHmd.jpg", "normalizedUrl": "https://imgur.com/uzgCHmd", "thumbnail": "https://i.imgur.com/uzgCHmdl.jpg", "type": "image/imgur", "tags": ["ANNOTATED"], "createdAt": "2020-02-03T17:05:33.925Z", "updatedAt": "2020-02-03T17:09:40.746Z"}, {"id": "fb045187-59ec-4626-9070-c0300b533a38", "url": "https://i.imgur.com/JZu3QNY.jpg", "normalizedUrl": "https://imgur.com/JZu3QNY", "thumbnail": "https://i.imgur.com/JZu3QNYl.jpg", "type": "image/imgur", "tags": ["ANNOTATED"], "createdAt": "2020-02-03T17:05:33.925Z", "updatedAt": "2020-02-03T17:09:40.746Z"}, {"id": "eb23465c-79cb-4360-9974-5fc0e3e6eff0", "url": "https://i.imgur.com/9JJyo05.jpg", "normalizedUrl": "https://imgur.com/9JJyo05", "thumbnail": "https://i.imgur.com/9JJyo05l.jpg", "type": "image/imgur", "tags": ["ANNOTATED"], "createdAt": "2020-02-03T17:05:33.925Z", "updatedAt": "2020-02-03T17:09:40.746Z"}, {"id": "f2490af2-2c9a-4daa-8b9a-16beeced66df", "url": "https://i.imgur.com/qDo9VtK.jpg", "normalizedUrl": "https://imgur.com/qDo9VtK", "thumbnail": "https://i.imgur.com/qDo9VtKl.jpg", "type": "image/imgur", "tags": ["ANNOTATED"], "createdAt": "2020-02-03T17:05:33.925Z", "updatedAt": "2020-02-03T17:09:40.746Z"}, {"id": "21b4d5fb-555e-4ccb-9416-c7e85b00328a", "url": "https://i.imgur.com/TzZTryk.jpg", "normalizedUrl": "https://imgur.com/TzZTryk", "thumbnail": "https://i.imgur.com/TzZTrykl.jpg", "type": "image/imgur", "tags": ["ANNOTATED"], "createdAt": "2020-02-03T17:05:33.925Z", "updatedAt": "2020-02-03T17:09:40.746Z"}, {"id": "f44e8304-7c71-4078-9120-10de1ed2054a", "url": "https://i.imgur.com/ICyB83z.jpg", "normalizedUrl": "https://imgur.com/ICyB83z", "thumbnail": "https://i.imgur.com/ICyB83zl.jpg", "type": "image/imgur", "tags": ["ANNOTATED"], "createdAt": "2020-02-03T17:05:33.925Z", "updatedAt": "2020-02-03T17:09:40.746Z"}, {"id": "85123286-90f7-4804-b327-fdcb35763606", "url": "https://i.imgur.com/iXmdEEy.jpg", "normalizedUrl": "https://imgur.com/iXmdEEy", "thumbnail": "https://i.imgur.com/iXmdEEyl.jpg", "type": "image/imgur", "tags": ["ANNOTATED"], "createdAt": "2020-02-03T17:05:33.925Z", "updatedAt": "2020-02-03T17:09:40.746Z"}, {"id": "a29b8d52-3531-42ad-959e-7563c8522ad9", "url": "https://i.imgur.com/2vWVx9m.jpg", "normalizedUrl": "https://imgur.com/2vWVx9m", "thumbnail": "https://i.imgur.com/2vWVx9ml.jpg", "type": "image/imgur", "tags": ["ANNOTATED"], "createdAt": "2020-02-03T17:05:33.925Z", "updatedAt": "2020-02-03T17:09:40.746Z"}], "reactions": [{"id": "286f599c-f86a-4932-82f0-f5a06f1eca03", "count": 14}], "hidden": false, "customStyle": null, "isSuspiciousAccount": false, "layout": "classic", "withImages": true, "withVideos": false, "media": [{"url": "https://i.imgur.com/uzgCHmd.jpg"}, {"url": "https://i.imgur.com/JZu3QNY.jpg"}, {"url": "https://i.imgur.com/9JJyo05.jpg"}, {"url": "https://i.imgur.com/qDo9VtK.jpg"}, {"url": "https://i.imgur.com/TzZTryk.jpg"}, {"url": "https://i.imgur.com/ICyB83z.jpg"}, {"url": "https://i.imgur.com/iXmdEEy.jpg"}, {"url": "https://i.imgur.com/2vWVx9m.jpg"}], "reportReasonText": "", "postAvatar": ""}, {"id": 233004337, "title": "打給厚⋯我是有少女心的大叔😅😅（純分享", "excerpt": "不知道有沒有人跟我一樣有特別二刷以上的少女動漫呢？🤔🤔，最近新番合小弟胃口的真的不多，只好回去重刷舊番⋯，但是最近發現不知不覺中我發現我重刷的都是少女系列動漫啊，愛天使傳說，這部是我最早二刷以上的", "anonymousSchool": false, "anonymousDepartment": false, "pinned": false, "forumId": "14185ae6-44ab-45e2-88da-ae97e0159c9f", "replyId": null, "createdAt": "2020-02-02T17:03:31.867Z", "updatedAt": "2020-02-02T17:03:31.867Z", "commentCount": 7, "likeCount": 14, "withNickname": true, "tags": [], "topics": ["少女", "動漫"], "meta": {"layout": "classic"}, "forumName": "動漫", "forumAlias": "acg", "gender": "M", "school": "拍郎", "department": "techno536", "replyTitle": null, "mediaMeta": [{"id": "58e9b7b7-0345-4f6a-b8c3-58c8706aaea8", "url": "https://megapx-assets.dcard.tw/images/99d171d9-9530-48ca-aa99-ee5a675b7728/160.jpeg", "normalizedUrl": "https://megapx-assets.dcard.tw/images/99d171d9-9530-48ca-aa99-ee5a675b7728/160.jpeg", "thumbnail": "https://megapx-assets.dcard.tw/images/99d171d9-9530-48ca-aa99-ee5a675b7728/160.jpeg", "type": "image/thumbnail", "tags": [], "createdAt": "2020-02-02T17:03:31.867Z", "updatedAt": "2020-02-02T17:03:31.867Z", "width": 122, "height": 160}, {"id": "58e9b7b7-0345-4f6a-b8c3-58c8706aaea8", "url": "https://megapx-assets.dcard.tw/images/99d171d9-9530-48ca-aa99-ee5a675b7728/full.jpeg", "normalizedUrl": "https://megapx.dcard.tw/v1/images/99d171d9-9530-48ca-aa99-ee5a675b7728", "thumbnail": "https://megapx-assets.dcard.tw/images/99d171d9-9530-48ca-aa99-ee5a675b7728/160.jpeg", "type": "image/megapx", "tags": [], "createdAt": "2020-02-02T17:03:31.867Z", "updatedAt": "2020-02-02T17:03:31.867Z", "width": 196, "height": 257}, {"id": "99b4956e-ca0b-4f44-a94a-fbccac0ba3e9", "url": "https://megapx-assets.dcard.tw/images/372c454b-f0dc-4726-bbf5-fc3bb9abbf66/full.jpeg", "normalizedUrl": "https://megapx.dcard.tw/v1/images/372c454b-f0dc-4726-bbf5-fc3bb9abbf66", "thumbnail": "https://megapx-assets.dcard.tw/images/372c454b-f0dc-4726-bbf5-fc3bb9abbf66/160.jpeg", "type": "image/megapx", "tags": [], "createdAt": "2020-02-02T17:03:31.867Z", "updatedAt": "2020-02-02T17:03:31.867Z", "width": 190, "height": 266}, {"id": "c31c4130-ed6d-401a-bfec-fbef16abfe55", "url": "https://megapx-assets.dcard.tw/images/fe5c51fa-d3a3-498c-85a2-a3a651c275a0/full.jpeg", "normalizedUrl": "https://megapx.dcard.tw/v1/images/fe5c51fa-d3a3-498c-85a2-a3a651c275a0", "thumbnail": "https://megapx-assets.dcard.tw/images/fe5c51fa-d3a3-498c-85a2-a3a651c275a0/640.jpeg", "type": "image/megapx", "tags": [], "createdAt": "2020-02-02T17:03:31.867Z", "updatedAt": "2020-02-02T17:03:31.867Z", "width": 665, "height": 375}, {"id": "e47a0af1-e846-4b85-b048-7a4bdd0371e6", "url": "https://megapx-assets.dcard.tw/images/360b7c4c-9bf3-4309-9ab1-de5314482e36/full.jpeg", "normalizedUrl": "https://megapx.dcard.tw/v1/images/360b7c4c-9bf3-4309-9ab1-de5314482e36", "thumbnail": "https://megapx-assets.dcard.tw/images/360b7c4c-9bf3-4309-9ab1-de5314482e36/640.jpeg", "type": "image/megapx", "tags": [], "createdAt": "2020-02-02T17:03:31.867Z", "updatedAt": "2020-02-02T17:03:31.867Z", "width": 800, "height": 450}], "reactions": [{"id": "286f599c-f86a-4932-82f0-f5a06f1eca03", "count": 14}], "hidden": false, "customStyle": null, "isSuspiciousAccount": false, "layout": "classic", "withImages": true, "withVideos": false, "media": [{"url": "https://megapx-assets.dcard.tw/images/99d171d9-9530-48ca-aa99-ee5a675b7728/full.jpeg"}, {"url": "https://megapx-assets.dcard.tw/images/372c454b-f0dc-4726-bbf5-fc3bb9abbf66/full.jpeg"}, {"url": "https://megapx-assets.dcard.tw/images/fe5c51fa-d3a3-498c-85a2-a3a651c275a0/full.jpeg"}, {"url": "https://megapx-assets.dcard.tw/images/360b7c4c-9bf3-4309-9ab1-de5314482e36/full.jpeg"}], "reportReasonText": "", "postAvatar": ""}, {"id": 233006572, "title": "親愛的我飽含殺意", "excerpt": "不得不說，對於愛看邪道漫畫的我來說，這部真的是難得一見的神作，如果你也愛看邪道漫畫，而且喜歡各種反轉反轉再反轉再反轉的劇情，喜歡絲絲入扣的變態心理，然後毫無矛盾的角色關係，非常推薦你「親愛的我飽含殺意", "anonymousSchool": false, "anonymousDepartment": true, "pinned": false, "forumId": "14185ae6-44ab-45e2-88da-ae97e0159c9f", "replyId": null, "createdAt": "2020-02-03T06:18:02.852Z", "updatedAt": "2020-02-03T06:18:02.852Z", "commentCount": 7, "likeCount": 13, "withNickname": false, "tags": ["HIDE_THUMBNAIL"], "topics": ["動漫", "親愛的我飽含殺意"], "meta": {"layout": "classic"}, "forumName": "動漫", "forumAlias": "acg", "gender": "M", "school": "亞洲大學", "replyTitle": null, "mediaMeta": [], "reactions": [{"id": "286f599c-f86a-4932-82f0-f5a06f1eca03", "count": 13}], "hidden": false, "customStyle": null, "isSuspiciousAccount": false, "layout": "classic", "withImages": false, "withVideos": false, "media": [], "reportReasonText": "", "postAvatar": ""}, {"id": 233011310, "title": "幹這根本冠狀病毒", "excerpt": "一拳超人裡的怪人細胞根本冠狀病毒🦠", "anonymousSchool": false, "anonymousDepartment": true, "pinned": false, "forumId": "14185ae6-44ab-45e2-88da-ae97e0159c9f", "replyId": null, "createdAt": "2020-02-03T17:22:35.409Z", "updatedAt": "2020-02-03T17:22:35.409Z", "commentCount": 1, "likeCount": 10, "withNickname": false, "tags": [], "topics": ["冠狀病毒", "武漢肺炎", "一拳超人"], "meta": {"layout": "classic"}, "forumName": "動漫", "forumAlias": "acg", "gender": "F", "school": "華梵大學", "replyTitle": null, "mediaMeta": [{"id": "d487a81a-a67e-42df-af07-502eecfd0d7e", "url": "https://megapx-assets.dcard.tw/images/1dd38007-3568-4cc4-9af6-a54564f850b0/320.jpeg", "normalizedUrl": "https://megapx-assets.dcard.tw/images/1dd38007-3568-4cc4-9af6-a54564f850b0/320.jpeg", "thumbnail": "https://megapx-assets.dcard.tw/images/1dd38007-3568-4cc4-9af6-a54564f850b0/320.jpeg", "type": "image/thumbnail", "tags": [], "createdAt": "2020-02-03T17:22:35.409Z", "updatedAt": "2020-02-03T17:22:35.409Z", "width": 320, "height": 260}, {"id": "d487a81a-a67e-42df-af07-502eecfd0d7e", "url": "https://megapx-assets.dcard.tw/images/1dd38007-3568-4cc4-9af6-a54564f850b0/full.jpeg", "normalizedUrl": "https://megapx.dcard.tw/v1/images/1dd38007-3568-4cc4-9af6-a54564f850b0", "thumbnail": "https://megapx-assets.dcard.tw/images/1dd38007-3568-4cc4-9af6-a54564f850b0/320.jpeg", "type": "image/megapx", "tags": [], "createdAt": "2020-02-03T17:22:35.409Z", "updatedAt": "2020-02-03T17:22:35.409Z", "width": 476, "height": 387}], "reactions": [{"id": "286f599c-f86a-4932-82f0-f5a06f1eca03", "count": 7}, {"id": "e8e6bc5d-41b0-4129-b134-97507523d7ff", "count": 3}], "hidden": false, "customStyle": null, "isSuspiciousAccount": false, "layout": "classic", "withImages": true, "withVideos": false, "media": [{"url": "https://megapx-assets.dcard.tw/images/1dd38007-3568-4cc4-9af6-a54564f850b0/full.jpeg"}], "reportReasonText": "", "postAvatar": ""}, {"id": 233003967, "title": "#問 哪部少女漫畫的電影", "excerpt": "偶然看到的 可是都是日文，找到有相關的漢字就是「告白實行委員會」可是好像沒出現照片中的兩個人...", "anonymousSchool": false, "anonymousDepartment": true, "pinned": false, "forumId": "14185ae6-44ab-45e2-88da-ae97e0159c9f", "replyId": null, "createdAt": "2020-02-02T16:12:05.860Z", "updatedAt": "2020-02-02T16:12:05.860Z", "commentCount": 6, "likeCount": 10, "withNickname": false, "tags": [], "topics": ["少女漫畫", "漫畫", "找漫畫"], "meta": {"layout": "classic"}, "forumName": "動漫", "forumAlias": "acg", "gender": "F", "school": "國立臺北商業大學", "replyTitle": null, "mediaMeta": [{"id": "84c8f140-721b-4f93-883e-09d954f4aa48", "url": "https://megapx-assets.dcard.tw/images/c854bf29-6b6e-41b1-8171-8c22da03312b/640.jpeg", "normalizedUrl": "https://megapx-assets.dcard.tw/images/c854bf29-6b6e-41b1-8171-8c22da03312b/640.jpeg", "thumbnail": "https://megapx-assets.dcard.tw/images/c854bf29-6b6e-41b1-8171-8c22da03312b/640.jpeg", "type": "image/thumbnail", "tags": ["ANNOTATED"], "createdAt": "2020-02-02T16:12:05.860Z", "updatedAt": "2020-02-02T16:12:05.860Z", "width": 640, "height": 349}, {"id": "84c8f140-721b-4f93-883e-09d954f4aa48", "url": "https://megapx-assets.dcard.tw/images/c854bf29-6b6e-41b1-8171-8c22da03312b/full.jpeg", "normalizedUrl": "https://megapx.dcard.tw/v1/images/c854bf29-6b6e-41b1-8171-8c22da03312b", "thumbnail": "https://megapx-assets.dcard.tw/images/c854bf29-6b6e-41b1-8171-8c22da03312b/640.jpeg", "type": "image/megapx", "tags": ["ANNOTATED"], "createdAt": "2020-02-02T16:12:05.860Z", "updatedAt": "2020-02-02T16:12:05.860Z", "width": 1242, "height": 678}], "reactions": [{"id": "286f599c-f86a-4932-82f0-f5a06f1eca03", "count": 10}], "hidden": false, "customStyle": null, "isSuspiciousAccount": false, "layout": "classic", "withImages": true, "withVideos": false, "media": [{"url": "https://megapx-assets.dcard.tw/images/c854bf29-6b6e-41b1-8171-8c22da03312b/full.jpeg"}], "reportReasonText": "", "postAvatar": ""}, {"id": 233007760, "title": "強風吹拂疑問", "excerpt": "小弟因為蠻喜歡運動番的，最近經過朋友推薦得知這部作品，一開始看到是跑步番覺得好像不是符合我的胃口，抱持著看個一集再說吧！的心態，沒想到......... 我真是感謝我當初有這個心態xDDD，兩天就看完", "anonymousSchool": false, "anonymousDepartment": true, "pinned": false, "forumId": "14185ae6-44ab-45e2-88da-ae97e0159c9f", "replyId": null, "createdAt": "2020-02-03T09:28:55.124Z", "updatedAt": "2020-02-03T09:38:12.411Z", "commentCount": 13, "likeCount": 9, "withNickname": false, "tags": [], "topics": ["動漫"], "meta": {"layout": "classic"}, "forumName": "動漫", "forumAlias": "acg", "gender": "M", "school": "中國文化大學", "replyTitle": null, "mediaMeta": [], "reactions": [{"id": "286f599c-f86a-4932-82f0-f5a06f1eca03", "count": 9}], "hidden": false, "customStyle": null, "isSuspiciousAccount": false, "layout": "classic", "withImages": false, "withVideos": false, "media": [], "reportReasonText": "", "postAvatar": ""}, {"id": 233011367, "title": "(含最新劇透)當九柱遇到下雨天", "excerpt": "轉自：無意間看到，覺得超可愛的，分享給大家www，基本上每個人的文字都有劇透，請小心食用（*ゝω・*）ノ，炎柱（小劇透），岩柱（中後期劇透），音柱（人設劇透？），霞柱（中後期劇透），！！！！大量劇透！", "anonymousSchool": false, "anonymousDepartment": true, "pinned": false, "forumId": "14185ae6-44ab-45e2-88da-ae97e0159c9f", "replyId": null, "createdAt": "2020-02-03T17:31:29.666Z", "updatedAt": "2020-02-03T22:26:26.443Z", "commentCount": 2, "likeCount": 8, "withNickname": false, "tags": [], "topics": ["下雨天", "劇透", "鬼滅之刃"], "meta": {"layout": "classic"}, "forumName": "動漫", "forumAlias": "acg", "gender": "F", "school": "東吳大學", "replyTitle": null, "mediaMeta": [{"id": "d25a8314-9e48-438b-ac79-32948d8cd270", "url": "https://i.imgur.com/bkHOvzWl.jpg", "normalizedUrl": "https://i.imgur.com/bkHOvzWl.jpg", "thumbnail": "https://i.imgur.com/bkHOvzWl.jpg", "type": "image/thumbnail", "tags": ["ANNOTATED"], "createdAt": "2020-02-03T17:31:29.666Z", "updatedAt": "2020-02-03T22:26:26.443Z"}, {"id": "d25a8314-9e48-438b-ac79-32948d8cd270", "url": "https://i.imgur.com/bkHOvzW.jpg", "normalizedUrl": "https://imgur.com/bkHOvzW", "thumbnail": "https://i.imgur.com/bkHOvzWl.jpg", "type": "image/imgur", "tags": ["ANNOTATED"], "createdAt": "2020-02-03T17:31:29.666Z", "updatedAt": "2020-02-03T22:26:26.443Z"}, {"id": "b45678ca-b947-402a-817b-027582706dfa", "url": "https://i.imgur.com/eTzVb6q.jpg", "normalizedUrl": "https://imgur.com/eTzVb6q", "thumbnail": "https://i.imgur.com/eTzVb6ql.jpg", "type": "image/imgur", "tags": ["ANNOTATED"], "createdAt": "2020-02-03T17:31:29.666Z", "updatedAt": "2020-02-03T22:26:26.443Z"}, {"id": "934ef57c-6306-48dd-9e7a-04ad7b413492", "url": "https://i.imgur.com/ffQSjkx.jpg", "normalizedUrl": "https://imgur.com/ffQSjkx", "thumbnail": "https://i.imgur.com/ffQSjkxl.jpg", "type": "image/imgur", "tags": ["ANNOTATED"], "createdAt": "2020-02-03T17:31:29.666Z", "updatedAt": "2020-02-03T22:26:26.443Z"}, {"id": "e7373bf7-b610-4112-b653-a15e4115ac4c", "url": "https://i.imgur.com/ruqNRYv.jpg", "normalizedUrl": "https://imgur.com/ruqNRYv", "thumbnail": "https://i.imgur.com/ruqNRYvl.jpg", "type": "image/imgur", "tags": ["ANNOTATED"], "createdAt": "2020-02-03T17:31:29.666Z", "updatedAt": "2020-02-03T22:26:26.443Z"}, {"id": "db2dc287-4ae5-4fdb-8898-430eec983eaa", "url": "https://i.imgur.com/u6lB7Fq.jpg", "normalizedUrl": "https://imgur.com/u6lB7Fq", "thumbnail": "https://i.imgur.com/u6lB7Fql.jpg", "type": "image/imgur", "tags": ["ANNOTATED"], "createdAt": "2020-02-03T17:31:29.666Z", "updatedAt": "2020-02-03T22:26:26.443Z"}, {"id": "e1056934-6c53-4533-bcaf-2d2660929b09", "url": "https://i.imgur.com/lLDeRSb.jpg", "normalizedUrl": "https://imgur.com/lLDeRSb", "thumbnail": "https://i.imgur.com/lLDeRSbl.jpg", "type": "image/imgur", "tags": ["ANNOTATED"], "createdAt": "2020-02-03T17:31:29.666Z", "updatedAt": "2020-02-03T22:26:26.443Z"}, {"id": "f9acca41-afa5-40bd-8c42-5e1eaec85ed3", "url": "https://i.imgur.com/40JpJHv.jpg", "normalizedUrl": "https://imgur.com/40JpJHv", "thumbnail": "https://i.imgur.com/40JpJHvl.jpg", "type": "image/imgur", "tags": ["ANNOTATED"], "createdAt": "2020-02-03T17:31:29.666Z", "updatedAt": "2020-02-03T22:26:26.443Z"}, {"id": "c6e7256e-c0a0-46b2-9ce0-9cc0188df92e", "url": "https://i.imgur.com/1OH10tM.jpg", "normalizedUrl": "https://imgur.com/1OH10tM", "thumbnail": "https://i.imgur.com/1OH10tMl.jpg", "type": "image/imgur", "tags": ["ANNOTATED"], "createdAt": "2020-02-03T17:31:29.666Z", "updatedAt": "2020-02-03T22:26:26.443Z"}], "reactions": [{"id": "286f599c-f86a-4932-82f0-f5a06f1eca03", "count": 8}], "hidden": false, "customStyle": null, "isSuspiciousAccount": false, "layout": "classic", "withImages": true, "withVideos": false, "media": [{"url": "https://i.imgur.com/bkHOvzW.jpg"}, {"url": "https://i.imgur.com/eTzVb6q.jpg"}, {"url": "https://i.imgur.com/ffQSjkx.jpg"}, {"url": "https://i.imgur.com/ruqNRYv.jpg"}, {"url": "https://i.imgur.com/u6lB7Fq.jpg"}, {"url": "https://i.imgur.com/lLDeRSb.jpg"}, {"url": "https://i.imgur.com/40JpJHv.jpg"}, {"url": "https://i.imgur.com/1OH10tM.jpg"}], "reportReasonText": "", "postAvatar": ""}, {"id": 233007862, "title": "#圖 網球王子裡有台東", "excerpt": "前陣子被我弟推坑看黑子，追完就懷念起網球王子，於是不眠不休地追啊追我的青春啊～～就在某個片段突然看到以為是，ㄡ，巴，台，東，想說哇也太潮了吧，台東的歐巴欸，結果倒回去一看，是「辰」巴台東，我眼睛是有多", "anonymousSchool": false, "anonymousDepartment": true, "pinned": false, "forumId": "14185ae6-44ab-45e2-88da-ae97e0159c9f", "replyId": null, "createdAt": "2020-02-03T09:41:37.324Z", "updatedAt": "2020-02-03T09:41:37.324Z", "commentCount": 10, "likeCount": 8, "withNickname": false, "tags": [], "topics": ["網球王子"], "meta": {"layout": "classic"}, "forumName": "動漫", "forumAlias": "acg", "gender": "F", "school": "國立臺灣藝術大學", "replyTitle": null, "mediaMeta": [{"id": "dc3b0a3d-81dc-4bed-b983-3b57f2b78064", "url": "https://megapx-assets.dcard.tw/images/6ab6f675-2a29-426b-ae73-111e2b36d306/640.jpeg", "normalizedUrl": "https://megapx-assets.dcard.tw/images/6ab6f675-2a29-426b-ae73-111e2b36d306/640.jpeg", "thumbnail": "https://megapx-assets.dcard.tw/images/6ab6f675-2a29-426b-ae73-111e2b36d306/640.jpeg", "type": "image/thumbnail", "tags": ["ANNOTATED"], "createdAt": "2020-02-03T09:41:37.324Z", "updatedAt": "2020-02-03T09:41:37.324Z", "width": 640, "height": 360}, {"id": "dc3b0a3d-81dc-4bed-b983-3b57f2b78064", "url": "https://megapx-assets.dcard.tw/images/6ab6f675-2a29-426b-ae73-111e2b36d306/1280.jpeg", "normalizedUrl": "https://megapx.dcard.tw/v1/images/6ab6f675-2a29-426b-ae73-111e2b36d306", "thumbnail": "https://megapx-assets.dcard.tw/images/6ab6f675-2a29-426b-ae73-111e2b36d306/640.jpeg", "type": "image/megapx", "tags": ["ANNOTATED"], "createdAt": "2020-02-03T09:41:37.324Z", "updatedAt": "2020-02-03T09:41:37.324Z", "width": 1334, "height": 750}], "reactions": [{"id": "286f599c-f86a-4932-82f0-f5a06f1eca03", "count": 4}, {"id": "e8e6bc5d-41b0-4129-b134-97507523d7ff", "count": 4}], "hidden": false, "customStyle": null, "isSuspiciousAccount": false, "layout": "classic", "withImages": true, "withVideos": false, "media": [{"url": "https://megapx-assets.dcard.tw/images/6ab6f675-2a29-426b-ae73-111e2b36d306/1280.jpeg"}], "reportReasonText": "", "postAvatar": ""}, {"id": 233003946, "title": "#問   一拳超人 OVA", "excerpt": "想請問一下，有人知道一拳超人第二季第三卷ova哪裡可以看嗎？謝謝，傑諾斯失憶那集，都只有找到預告", "anonymousSchool": false, "anonymousDepartment": true, "pinned": false, "forumId": "14185ae6-44ab-45e2-88da-ae97e0159c9f", "replyId": null, "createdAt": "2020-02-02T16:09:55.419Z", "updatedAt": "2020-02-02T16:09:55.419Z", "commentCount": 8, "likeCount": 8, "withNickname": false, "tags": [], "topics": ["一拳超人", "動漫"], "meta": {"layout": "classic"}, "forumName": "動漫", "forumAlias": "acg", "gender": "F", "school": "實踐大學", "replyTitle": null, "mediaMeta": [{"id": "13f6b0cb-f8e2-4fd6-b1ba-5c353884109b", "url": "https://i.imgur.com/SFTGPL2l.jpg", "normalizedUrl": "https://i.imgur.com/SFTGPL2l.jpg", "thumbnail": "https://i.imgur.com/SFTGPL2l.jpg", "type": "image/thumbnail", "tags": ["ANNOTATED"], "createdAt": "2020-02-02T16:09:55.419Z", "updatedAt": "2020-02-02T16:09:55.419Z"}, {"id": "13f6b0cb-f8e2-4fd6-b1ba-5c353884109b", "url": "https://i.imgur.com/SFTGPL2.jpg", "normalizedUrl": "https://imgur.com/SFTGPL2", "thumbnail": "https://i.imgur.com/SFTGPL2l.jpg", "type": "image/imgur", "tags": ["ANNOTATED"], "createdAt": "2020-02-02T16:09:55.419Z", "updatedAt": "2020-02-02T16:09:55.419Z"}], "reactions": [{"id": "286f599c-f86a-4932-82f0-f5a06f1eca03", "count": 8}], "hidden": false, "customStyle": null, "isSuspiciousAccount": false, "layout": "classic", "withImages": true, "withVideos": false, "media": [{"url": "https://i.imgur.com/SFTGPL2.jpg"}], "reportReasonText": "", "postAvatar": ""}, {"id": 233010234, "title": "#懷舊卡通 #時代的眼淚", "excerpt": "最近快速剛把庫洛魔法使s1 s2跟透明牌篇看完，看完後有點懷念之前的卡通（小女89年次），有稍微翻了花漾明星跟守護甜心，發現整個滿滿時代的眼淚，回想起來都是小時候的經典，所以在這...想問一下，還有哪", "anonymousSchool": false, "anonymousDepartment": false, "pinned": false, "forumId": "14185ae6-44ab-45e2-88da-ae97e0159c9f", "replyId": null, "createdAt": "2020-02-03T15:14:47.452Z", "updatedAt": "2020-02-03T15:14:47.452Z", "commentCount": 11, "likeCount": 7, "withNickname": true, "tags": ["HIDE_THUMBNAIL"], "topics": ["卡通", "童年回憶", "懷舊"], "meta": {"layout": "classic"}, "forumName": "動漫", "forumAlias": "acg", "gender": "F", "school": "啵啵咬一口", "department": "galaxy_", "replyTitle": null, "mediaMeta": [], "reactions": [{"id": "286f599c-f86a-4932-82f0-f5a06f1eca03", "count": 7}], "hidden": false, "customStyle": null, "isSuspiciousAccount": false, "layout": "classic", "withImages": false, "withVideos": false, "media": [], "reportReasonText": "", "postAvatar": ""}, {"id": 233010988, "title": "鬼滅的台詞", "excerpt": "「縱使我身形俱滅，也定將惡鬼斬殺。」這句話好多網站都列為鬼滅的名句之一，可是我一直找不到是出自哪一話，請問這句話是真的有在漫畫裡，還是是中國那邊自己創造的？如果是出自於漫畫裡，請告訴我是那一話，謝謝！", "anonymousSchool": false, "anonymousDepartment": true, "pinned": false, "forumId": "14185ae6-44ab-45e2-88da-ae97e0159c9f", "replyId": null, "createdAt": "2020-02-03T16:40:57.928Z", "updatedAt": "2020-02-03T16:40:57.928Z", "commentCount": 1, "likeCount": 5, "withNickname": false, "tags": [], "topics": ["鬼滅之刃", "鬼滅", "動漫", "台詞", "漫畫"], "meta": {"layout": "classic"}, "forumName": "動漫", "forumAlias": "acg", "gender": "M", "school": "國立臺北大學", "replyTitle": null, "mediaMeta": [{"id": "61da90a0-cf7c-49c6-90f6-d5d1ccb38555", "url": "https://megapx-assets.dcard.tw/images/dcfda34d-35e3-4be1-a574-d9f83baa3cd3/640.jpeg", "normalizedUrl": "https://megapx-assets.dcard.tw/images/dcfda34d-35e3-4be1-a574-d9f83baa3cd3/640.jpeg", "thumbnail": "https://megapx-assets.dcard.tw/images/dcfda34d-35e3-4be1-a574-d9f83baa3cd3/640.jpeg", "type": "image/thumbnail", "tags": [], "createdAt": "2020-02-03T16:40:57.928Z", "updatedAt": "2020-02-03T16:40:57.928Z", "width": 452, "height": 640}, {"id": "61da90a0-cf7c-49c6-90f6-d5d1ccb38555", "url": "https://megapx-assets.dcard.tw/images/dcfda34d-35e3-4be1-a574-d9f83baa3cd3/1280.jpeg", "normalizedUrl": "https://megapx.dcard.tw/v1/images/dcfda34d-35e3-4be1-a574-d9f83baa3cd3", "thumbnail": "https://megapx-assets.dcard.tw/images/dcfda34d-35e3-4be1-a574-d9f83baa3cd3/640.jpeg", "type": "image/megapx", "tags": [], "createdAt": "2020-02-03T16:40:57.928Z", "updatedAt": "2020-02-03T16:40:57.928Z", "width": 1411, "height": 2000}], "reactions": [{"id": "286f599c-f86a-4932-82f0-f5a06f1eca03", "count": 5}], "hidden": false, "customStyle": null, "isSuspiciousAccount": false, "layout": "classic", "withImages": true, "withVideos": false, "media": [{"url": "https://megapx-assets.dcard.tw/images/dcfda34d-35e3-4be1-a574-d9f83baa3cd3/1280.jpeg"}], "reportReasonText": "", "postAvatar": ""}, {"id": 233009269, "title": "Webtoon國外漫畫\"I love you\"", "excerpt": "我喜歡看Webtoon的漫畫，我在IG上無意間滑到一部國外漫畫 短片，超好看的 我看短片就心動惹，應該是叫 I love you，不知道台灣能不能連載ㄋ", "anonymousSchool": false, "anonymousDepartment": false, "pinned": false, "forumId": "14185ae6-44ab-45e2-88da-ae97e0159c9f", "replyId": null, "createdAt": "2020-02-03T13:13:00.526Z", "updatedAt": "2020-02-03T13:15:57.246Z", "commentCount": 0, "likeCount": 5, "withNickname": false, "tags": [], "topics": ["漫畫"], "meta": {"layout": "classic"}, "forumName": "動漫", "forumAlias": "acg", "gender": "F", "school": "明新科技大學", "department": "工業工程與管理系", "replyTitle": null, "mediaMeta": [{"id": "9790c78d-aed2-4c58-95a6-75a53750e732", "url": "https://i.imgur.com/i3hLHeql.jpg", "normalizedUrl": "https://i.imgur.com/i3hLHeql.jpg", "thumbnail": "https://i.imgur.com/i3hLHeql.jpg", "type": "image/thumbnail", "tags": ["ANNOTATED"], "createdAt": "2020-02-03T13:15:57.246Z", "updatedAt": "2020-02-03T13:15:57.246Z"}, {"id": "9790c78d-aed2-4c58-95a6-75a53750e732", "url": "https://i.imgur.com/i3hLHeq.jpg", "normalizedUrl": "https://imgur.com/i3hLHeq", "thumbnail": "https://i.imgur.com/i3hLHeql.jpg", "type": "image/imgur", "tags": ["ANNOTATED"], "createdAt": "2020-02-03T13:15:57.246Z", "updatedAt": "2020-02-03T13:15:57.246Z"}], "reactions": [{"id": "286f599c-f86a-4932-82f0-f5a06f1eca03", "count": 5}], "hidden": false, "customStyle": null, "isSuspiciousAccount": false, "layout": "classic", "withImages": true, "withVideos": false, "media": [{"url": "https://i.imgur.com/i3hLHeq.jpg"}], "reportReasonText": "", "postAvatar": ""}, {"id": 233006667, "title": "跪求這部的名稱", "excerpt": "很想看這部但不知道名稱，看過很多精彩剪輯片段，每次都有他，大家看過的應該對他很眼熟，所以就放這張了", "anonymousSchool": false, "anonymousDepartment": true, "pinned": false, "forumId": "14185ae6-44ab-45e2-88da-ae97e0159c9f", "replyId": null, "createdAt": "2020-02-03T06:38:09.400Z", "updatedAt": "2020-02-03T06:38:09.400Z", "commentCount": 4, "likeCount": 4, "withNickname": false, "tags": [], "topics": ["動漫", "推坑"], "meta": {"layout": "classic"}, "forumName": "動漫", "forumAlias": "acg", "gender": "M", "school": "國立虎尾科技大學", "replyTitle": null, "mediaMeta": [{"id": "8173d18b-6e7a-48f7-87e9-41f777472056", "url": "https://megapx-assets.dcard.tw/images/e1d08984-5397-46ef-ba10-4c6611e40612/640.jpeg", "normalizedUrl": "https://megapx-assets.dcard.tw/images/e1d08984-5397-46ef-ba10-4c6611e40612/640.jpeg", "thumbnail": "https://megapx-assets.dcard.tw/images/e1d08984-5397-46ef-ba10-4c6611e40612/640.jpeg", "type": "image/thumbnail", "tags": ["ANNOTATED"], "createdAt": "2020-02-03T06:38:09.400Z", "updatedAt": "2020-02-03T06:38:09.400Z", "width": 434, "height": 640}, {"id": "8173d18b-6e7a-48f7-87e9-41f777472056", "url": "https://megapx-assets.dcard.tw/images/e1d08984-5397-46ef-ba10-4c6611e40612/1280.jpeg", "normalizedUrl": "https://megapx.dcard.tw/v1/images/e1d08984-5397-46ef-ba10-4c6611e40612", "thumbnail": "https://megapx-assets.dcard.tw/images/e1d08984-5397-46ef-ba10-4c6611e40612/640.jpeg", "type": "image/megapx", "tags": ["ANNOTATED"], "createdAt": "2020-02-03T06:38:09.400Z", "updatedAt": "2020-02-03T06:38:09.400Z", "width": 1242, "height": 1830}], "reactions": [{"id": "286f599c-f86a-4932-82f0-f5a06f1eca03", "count": 4}], "hidden": false, "customStyle": null, "isSuspiciousAccount": false, "layout": "classic", "withImages": true, "withVideos": false, "media": [{"url": "https://megapx-assets.dcard.tw/images/e1d08984-5397-46ef-ba10-4c6611e40612/1280.jpeg"}], "reportReasonText": "", "postAvatar": ""}, {"id": 233011371, "title": "我最愛的御坂美琴終於回來啦! #科學超電磁砲T", "excerpt": "科學側的故事我從高中時期就非常喜歡，不管是劇情或是作畫的質量，都非常的高，還記得當時我兩季動漫重複看的次數應該將近一百次XDD，因為美琴實在太帥了啊！！！！！  一看就沒完沒了，各種戰鬥場面真的是百看", "anonymousSchool": false, "anonymousDepartment": true, "pinned": false, "forumId": "14185ae6-44ab-45e2-88da-ae97e0159c9f", "replyId": null, "createdAt": "2020-02-03T17:31:53.274Z", "updatedAt": "2020-02-03T18:14:48.508Z", "commentCount": 3, "likeCount": 2, "withNickname": false, "tags": [], "topics": ["動漫", "推坑", "科學超電磁砲T"], "meta": {"layout": "classic"}, "forumName": "動漫", "forumAlias": "acg", "gender": "F", "school": "淡江大學", "replyTitle": null, "mediaMeta": [{"id": "abb534a3-0a02-44e6-ad36-bb5821e3e968", "url": "https://i.imgur.com/iZX0TRWl.jpg", "normalizedUrl": "https://i.imgur.com/iZX0TRWl.jpg", "thumbnail": "https://i.imgur.com/iZX0TRWl.jpg", "type": "image/thumbnail", "tags": ["ANNOTATED"], "createdAt": "2020-02-03T17:31:53.274Z", "updatedAt": "2020-02-03T18:14:48.508Z"}, {"id": "abb534a3-0a02-44e6-ad36-bb5821e3e968", "url": "http://i.imgur.com/iZX0TRW.png", "normalizedUrl": "https://imgur.com/iZX0TRW", "thumbnail": "https://i.imgur.com/iZX0TRWl.jpg", "type": "image/imgur", "tags": ["ANNOTATED"], "createdAt": "2020-02-03T17:31:53.274Z", "updatedAt": "2020-02-03T18:14:48.508Z"}, {"id": "54f229a5-349f-4a32-8805-9ce038873d4c", "url": "http://i.imgur.com/3a9TFYn.jpg", "normalizedUrl": "https://imgur.com/3a9TFYn", "thumbnail": "https://i.imgur.com/3a9TFYnl.jpg", "type": "image/imgur", "tags": ["ANNOTATED"], "createdAt": "2020-02-03T17:31:53.274Z", "updatedAt": "2020-02-03T18:14:48.508Z"}, {"id": "4436b9ab-2a84-4065-ad66-6ee17f923c55", "url": "http://i.imgur.com/XbzYwLG.jpg", "normalizedUrl": "https://imgur.com/XbzYwLG", "thumbnail": "https://i.imgur.com/XbzYwLGl.jpg", "type": "image/imgur", "tags": ["ANNOTATED"], "createdAt": "2020-02-03T17:31:53.274Z", "updatedAt": "2020-02-03T18:14:48.508Z"}, {"id": "edbde1c3-903d-450a-b23a-24a7af1d696e", "url": "http://i.imgur.com/J5NL1x7.jpg", "normalizedUrl": "https://imgur.com/J5NL1x7", "thumbnail": "https://i.imgur.com/J5NL1x7l.jpg", "type": "image/imgur", "tags": ["ANNOTATED"], "createdAt": "2020-02-03T17:31:53.274Z", "updatedAt": "2020-02-03T18:14:48.508Z"}, {"id": "ba9fed3d-ee5d-4e02-8573-fb0a737286a4", "url": "http://i.imgur.com/4j1gRG1.jpg", "normalizedUrl": "https://imgur.com/4j1gRG1", "thumbnail": "https://i.imgur.com/4j1gRG1l.jpg", "type": "image/imgur", "tags": ["ANNOTATED"], "createdAt": "2020-02-03T17:31:53.274Z", "updatedAt": "2020-02-03T18:14:48.508Z"}, {"id": "826efbdc-199e-492d-aff3-de15542529d4", "url": "http://i.imgur.com/yhxIMFE.jpg", "normalizedUrl": "https://imgur.com/yhxIMFE", "thumbnail": "https://i.imgur.com/yhxIMFEl.jpg", "type": "image/imgur", "tags": ["ANNOTATED"], "createdAt": "2020-02-03T17:31:53.274Z", "updatedAt": "2020-02-03T18:14:48.508Z"}, {"id": "0ce8fb7a-b455-436b-bfc9-9462603a1e4a", "url": "http://i.imgur.com/tHB5r2G.jpg", "normalizedUrl": "https://imgur.com/tHB5r2G", "thumbnail": "https://i.imgur.com/tHB5r2Gl.jpg", "type": "image/imgur", "tags": ["ANNOTATED"], "createdAt": "2020-02-03T17:31:53.274Z", "updatedAt": "2020-02-03T18:14:48.508Z"}, {"id": "b02b277c-7df3-4784-8a6d-f33fe693d1d5", "url": "http://i.imgur.com/1G1ztWr.jpg", "normalizedUrl": "https://imgur.com/1G1ztWr", "thumbnail": "https://i.imgur.com/1G1ztWrl.jpg", "type": "image/imgur", "tags": ["ANNOTATED"], "createdAt": "2020-02-03T17:31:53.274Z", "updatedAt": "2020-02-03T18:14:48.508Z"}, {"id": "d11d2024-cd8e-4ef0-af6f-33340edecda9", "url": "http://i.imgur.com/rwM5jNG.png", "normalizedUrl": "https://imgur.com/rwM5jNG", "thumbnail": "https://i.imgur.com/rwM5jNGl.jpg", "type": "image/imgur", "tags": ["ANNOTATED"], "createdAt": "2020-02-03T17:31:53.274Z", "updatedAt": "2020-02-03T18:14:48.508Z"}, {"id": "bc91a9a5-a434-43af-8c9a-a47a4e22dd5c", "url": "http://i.imgur.com/7IPraea.jpg", "normalizedUrl": "https://imgur.com/7IPraea", "thumbnail": "https://i.imgur.com/7IPraeal.jpg", "type": "image/imgur", "tags": ["ANNOTATED"], "createdAt": "2020-02-03T17:31:53.274Z", "updatedAt": "2020-02-03T18:14:48.508Z"}, {"id": "33f287a1-cf0a-4d7f-bab4-6c0b424a9db1", "url": "http://i.imgur.com/pKSANxd.jpg", "normalizedUrl": "https://imgur.com/pKSANxd", "thumbnail": "https://i.imgur.com/pKSANxdl.jpg", "type": "image/imgur", "tags": ["ANNOTATED"], "createdAt": "2020-02-03T17:31:53.274Z", "updatedAt": "2020-02-03T18:14:48.508Z"}, {"id": "0a92277f-37f5-41f3-891b-048078a7de24", "url": "http://i.imgur.com/XP8p614.jpg", "normalizedUrl": "https://imgur.com/XP8p614", "thumbnail": "https://i.imgur.com/XP8p614l.jpg", "type": "image/imgur", "tags": ["ANNOTATED"], "createdAt": "2020-02-03T17:31:53.274Z", "updatedAt": "2020-02-03T18:14:48.508Z"}], "reactions": [{"id": "286f599c-f86a-4932-82f0-f5a06f1eca03", "count": 2}], "hidden": false, "customStyle": null, "isSuspiciousAccount": false, "layout": "classic", "withImages": true, "withVideos": false, "media": [{"url": "http://i.imgur.com/iZX0TRW.png"}, {"url": "http://i.imgur.com/3a9TFYn.jpg"}, {"url": "http://i.imgur.com/XbzYwLG.jpg"}, {"url": "http://i.imgur.com/J5NL1x7.jpg"}, {"url": "http://i.imgur.com/4j1gRG1.jpg"}, {"url": "http://i.imgur.com/yhxIMFE.jpg"}, {"url": "http://i.imgur.com/tHB5r2G.jpg"}, {"url": "http://i.imgur.com/1G1ztWr.jpg"}, {"url": "http://i.imgur.com/rwM5jNG.png"}, {"url": "http://i.imgur.com/7IPraea.jpg"}, {"url": "http://i.imgur.com/pKSANxd.jpg"}, {"url": "http://i.imgur.com/XP8p614.jpg"}], "reportReasonText": "", "postAvatar": ""}, {"id": 233004592, "title": "#動畫求能看影片APP", "excerpt": "就在昨天....，我的千尋影視不知道發生什麼事，整個掛掉了....，我不管怎麼載回來，它就是回不去了，嗚嗚嗚嗚嗚嗚因此跪求各位版大們，請問大家都用什麼在看動畫之類的，有電視劇動畫都有最好嗚嗚嗚，當初真", "anonymousSchool": false, "anonymousDepartment": true, "pinned": false, "forumId": "14185ae6-44ab-45e2-88da-ae97e0159c9f", "replyId": null, "createdAt": "2020-02-02T17:42:09.061Z", "updatedAt": "2020-02-02T17:42:09.061Z", "commentCount": 10, "likeCount": 2, "withNickname": false, "tags": [], "topics": ["日劇", "動漫", "新番", "動畫"], "meta": {"layout": "classic"}, "forumName": "動漫", "forumAlias": "acg", "gender": "F", "school": "大葉大學", "replyTitle": null, "mediaMeta": [], "reactions": [{"id": "286f599c-f86a-4932-82f0-f5a06f1eca03", "count": 2}], "hidden": false, "customStyle": null, "isSuspiciousAccount": false, "layout": "classic", "withImages": false, "withVideos": false, "media": [], "reportReasonText": "", "postAvatar": ""}, {"id": 233011375, "title": "找懷舊少女漫畫", "excerpt": "印象中是國小的時候看得，有點記不太全了，背景是19世紀或現代的 好像是在很富異國風情的宮殿（印度？歐洲？），然後女主是短髮 劇情中他好像有換上當地的服裝，然後是愛情向的，女主好像有點考古或是探險背景，", "anonymousSchool": false, "anonymousDepartment": true, "pinned": false, "forumId": "14185ae6-44ab-45e2-88da-ae97e0159c9f", "replyId": null, "createdAt": "2020-02-03T17:32:52.190Z", "updatedAt": "2020-02-03T17:33:23.634Z", "commentCount": 1, "likeCount": 1, "withNickname": false, "tags": ["HIDE_THUMBNAIL"], "topics": ["懷舊", "少女漫畫", "童年回憶", "發問", "找漫畫"], "meta": {"layout": "classic"}, "forumName": "動漫", "forumAlias": "acg", "gender": "F", "school": "輔仁大學", "replyTitle": null, "mediaMeta": [], "reactions": [{"id": "286f599c-f86a-4932-82f0-f5a06f1eca03", "count": 1}], "hidden": false, "customStyle": null, "isSuspiciousAccount": false, "layout": "classic", "withImages": false, "withVideos": false, "media": [], "reportReasonText": "", "postAvatar": ""}, {"id": 233006134, "title": "博人傳漫畫", "excerpt": "請問一下漫畫人的博人傳只有出到26，還有繼續連載嗎？ps：真心覺得漫畫版的博人傳好看多了，動畫連同人都稱不上（除了前面的宇智波信和桃式還可以）", "anonymousSchool": false, "anonymousDepartment": false, "pinned": false, "forumId": "14185ae6-44ab-45e2-88da-ae97e0159c9f", "replyId": null, "createdAt": "2020-02-03T04:40:23.690Z", "updatedAt": "2020-02-03T04:40:23.690Z", "commentCount": 1, "likeCount": 1, "withNickname": true, "tags": [], "topics": ["博人", "動漫", "漫畫"], "meta": {"layout": "classic"}, "forumName": "動漫", "forumAlias": "acg", "gender": "M", "school": "中二叔叔", "department": "thomassayhello", "replyTitle": null, "mediaMeta": [], "reactions": [{"id": "286f599c-f86a-4932-82f0-f5a06f1eca03", "count": 1}], "hidden": false, "customStyle": null, "isSuspiciousAccount": false, "layout": "classic", "withImages": false, "withVideos": false, "media": [], "reportReasonText": "", "postAvatar": ""}, {"id": 233011603, "title": "#問 催淚漫畫", "excerpt": "上網google 都是些愛情向的感人動畫，最近想看點非少女的催淚漫畫，不知各位有什麼口袋名單能分享嗎（´･ω･`）", "anonymousSchool": false, "anonymousDepartment": true, "pinned": false, "forumId": "14185ae6-44ab-45e2-88da-ae97e0159c9f", "replyId": null, "createdAt": "2020-02-03T18:20:59.909Z", "updatedAt": "2020-02-03T18:20:59.909Z", "commentCount": 8, "likeCount": 0, "withNickname": false, "tags": ["HIDE_THUMBNAIL"], "topics": ["漫畫"], "meta": {"layout": "classic"}, "forumName": "動漫", "forumAlias": "acg", "gender": "F", "school": "淡江大學", "replyTitle": null, "mediaMeta": [], "reactions": [], "hidden": false, "customStyle": null, "isSuspiciousAccount": false, "layout": "classic", "withImages": false, "withVideos": false, "media": [], "reportReasonText": "", "postAvatar": ""}, {"id": 233011585, "title": "問~多的哥布林殺手劇場版電影票該怎麼處理", "excerpt": "手機排版請見諒，之前在木棉花的廣告看到哥布林殺手2/27，劇場版的電影預售票，手刀買下了一張單人套票，但是收到之後發現還有附贈2張劇場版的優惠券，根據我個人的經驗，之前買夏目友人帳的電影票時也發生了一", "anonymousSchool": false, "anonymousDepartment": false, "pinned": false, "forumId": "14185ae6-44ab-45e2-88da-ae97e0159c9f", "replyId": null, "createdAt": "2020-02-03T18:18:19.234Z", "updatedAt": "2020-02-03T18:19:22.819Z", "commentCount": 6, "likeCount": 0, "withNickname": true, "tags": [], "topics": ["哥布林殺手", "劇場版", "電影"], "meta": {"layout": "classic"}, "forumName": "動漫", "forumAlias": "acg", "gender": "F", "school": "挪威森林貓", "department": "hujosh_otaku", "replyTitle": null, "mediaMeta": [{"id": "fba72d9c-3a41-49b0-940d-514bf668d8a8", "url": "https://i.imgur.com/rdTB60Cl.jpg", "normalizedUrl": "https://i.imgur.com/rdTB60Cl.jpg", "thumbnail": "https://i.imgur.com/rdTB60Cl.jpg", "type": "image/thumbnail", "tags": ["ANNOTATED"], "createdAt": "2020-02-03T18:18:19.234Z", "updatedAt": "2020-02-03T18:19:22.819Z"}, {"id": "fba72d9c-3a41-49b0-940d-514bf668d8a8", "url": "https://i.imgur.com/rdTB60C.jpg", "normalizedUrl": "https://imgur.com/rdTB60C", "thumbnail": "https://i.imgur.com/rdTB60Cl.jpg", "type": "image/imgur", "tags": ["ANNOTATED"], "createdAt": "2020-02-03T18:18:19.234Z", "updatedAt": "2020-02-03T18:19:22.819Z"}], "reactions": [], "hidden": false, "customStyle": null, "isSuspiciousAccount": false, "layout": "classic", "withImages": true, "withVideos": false, "media": [{"url": "https://i.imgur.com/rdTB60C.jpg"}], "reportReasonText": "", "postAvatar": ""}, {"id": 233004718, "title": "小魔女DoReMi16 -19", "excerpt": "大家好～因為我怕被查水表，所以呀，如果文章上熱門的話會把相關文章刪除喔，還請各位多多見諒及協助，謝謝大家，——分隔線——，兩天後，時間點正好是我們預計打工的日子，藉著談話說起了羽月的同班同學的話題。問", "anonymousSchool": false, "anonymousDepartment": false, "pinned": false, "forumId": "14185ae6-44ab-45e2-88da-ae97e0159c9f", "replyId": 232931474, "createdAt": "2020-02-02T18:07:40.012Z", "updatedAt": "2020-02-03T16:36:00.366Z", "commentCount": 8, "likeCount": 0, "withNickname": true, "tags": ["HIDE_THUMBNAIL"], "topics": ["小魔女doremi", "輕小說", "童年回憶", "翻譯", "小魔女DoReMi16"], "meta": {"layout": "classic"}, "forumName": "動漫", "forumAlias": "acg", "gender": "F", "school": "大白", "department": "haru0104", "replyTitle": "小魔女DoReMi16 -18", "mediaMeta": [], "reactions": [], "hidden": false, "customStyle": null, "isSuspiciousAccount": false, "layout": "classic", "withImages": false, "withVideos": false, "media": [], "reportReasonText": "", "postAvatar": ""}]