[{"id": 233011501, "title": "新手請益威士忌🥃", "excerpt": "各位版上的高手你們好，想問一下大家有沒有推薦的平價威士忌（不喜歡泥煤味），自己平常很喜歡一個人去酒吧喝調酒，其中最愛的基酒就是威士忌，也有嘗試很多純飲（但都是親戚或朋友的酒，沒有認真看酒標），最近想買", "anonymousSchool": false, "anonymousDepartment": true, "pinned": false, "forumId": "23082c2f-c19d-456c-a805-1e6ac0a36c31", "replyId": null, "createdAt": "2020-02-03T17:59:41.186Z", "updatedAt": "2020-02-03T18:14:09.364Z", "commentCount": 6, "likeCount": 2, "withNickname": false, "tags": ["HIDE_THUMBNAIL"], "topics": ["新手", "威士忌", "喝酒", "調酒"], "meta": {"layout": "classic"}, "forumName": "品酒", "forumAlias": "alcohol", "gender": "F", "school": "國立臺中科技大學", "replyTitle": null, "mediaMeta": [], "reactions": [{"id": "286f599c-f86a-4932-82f0-f5a06f1eca03", "count": 2}], "hidden": false, "customStyle": null, "isSuspiciousAccount": false, "layout": "classic", "withImages": false, "withVideos": false, "media": [], "reportReasonText": "", "postAvatar": ""}, {"id": 233011390, "title": "有沒有", "excerpt": "有沒有那種鹹的酒 還是啤酒加鹽巴", "anonymousSchool": false, "anonymousDepartment": true, "pinned": false, "forumId": "23082c2f-c19d-456c-a805-1e6ac0a36c31", "replyId": null, "createdAt": "2020-02-03T17:35:39.747Z", "updatedAt": "2020-02-03T17:35:39.747Z", "commentCount": 1, "likeCount": 1, "withNickname": false, "tags": ["HIDE_THUMBNAIL"], "topics": ["問題"], "meta": {"layout": "classic"}, "forumName": "品酒", "forumAlias": "alcohol", "gender": "M", "school": "南開科技大學", "replyTitle": null, "mediaMeta": [], "reactions": [{"id": "286f599c-f86a-4932-82f0-f5a06f1eca03", "count": 1}], "hidden": false, "customStyle": null, "isSuspiciousAccount": false, "layout": "classic", "withImages": false, "withVideos": false, "media": [], "reportReasonText": "", "postAvatar": ""}, {"id": 233011482, "title": "再次請教關於投資/收藏威士忌", "excerpt": "抱歉各位大大我又來了，從上次發問完後 我就有在注意一些比較少見的威士忌，上次去酒行買自己要喝的酒時 也跟店員哥哥聊了一下，他就推薦了幾隻架上有的 他覺得值得收藏的威士忌，是以下三隻，1.麥卡倫御黑，2", "anonymousSchool": false, "anonymousDepartment": true, "pinned": false, "forumId": "23082c2f-c19d-456c-a805-1e6ac0a36c31", "replyId": null, "createdAt": "2020-02-03T17:55:44.123Z", "updatedAt": "2020-02-03T18:24:05.577Z", "commentCount": 4, "likeCount": 0, "withNickname": false, "tags": [], "topics": ["威士忌", "收藏", "投資"], "meta": {"layout": "classic"}, "forumName": "品酒", "forumAlias": "alcohol", "gender": "M", "school": "長庚大學", "replyTitle": null, "mediaMeta": [{"id": "49de82ac-d809-4131-be36-adb9cab87b9d", "url": "https://megapx-assets.dcard.tw/images/4ffdfc11-197b-4adc-9746-8bc07b3802cb/640.jpeg", "normalizedUrl": "https://megapx-assets.dcard.tw/images/4ffdfc11-197b-4adc-9746-8bc07b3802cb/640.jpeg", "thumbnail": "https://megapx-assets.dcard.tw/images/4ffdfc11-197b-4adc-9746-8bc07b3802cb/640.jpeg", "type": "image/thumbnail", "tags": ["ANNOTATED"], "createdAt": "2020-02-03T17:55:44.123Z", "updatedAt": "2020-02-03T18:24:05.577Z", "width": 480, "height": 640}, {"id": "49de82ac-d809-4131-be36-adb9cab87b9d", "url": "https://megapx-assets.dcard.tw/images/4ffdfc11-197b-4adc-9746-8bc07b3802cb/1280.jpeg", "normalizedUrl": "https://megapx.dcard.tw/v1/images/4ffdfc11-197b-4adc-9746-8bc07b3802cb", "thumbnail": "https://megapx-assets.dcard.tw/images/4ffdfc11-197b-4adc-9746-8bc07b3802cb/640.jpeg", "type": "image/megapx", "tags": ["ANNOTATED"], "createdAt": "2020-02-03T17:55:44.123Z", "updatedAt": "2020-02-03T18:24:05.577Z", "width": 1500, "height": 2000}, {"id": "11c5c5a4-d1e0-4c8d-84e4-4b48a172d0f7", "url": "https://megapx-assets.dcard.tw/images/7ee9da3d-d48d-48c0-912b-2e9919cd1949/1280.jpeg", "normalizedUrl": "https://megapx.dcard.tw/v1/images/7ee9da3d-d48d-48c0-912b-2e9919cd1949", "thumbnail": "https://megapx-assets.dcard.tw/images/7ee9da3d-d48d-48c0-912b-2e9919cd1949/640.jpeg", "type": "image/megapx", "tags": ["ANNOTATED"], "createdAt": "2020-02-03T17:55:44.123Z", "updatedAt": "2020-02-03T18:24:05.577Z", "width": 1500, "height": 2000}, {"id": "4d228485-a7b4-4640-af3c-2b950ba634cd", "url": "https://megapx-assets.dcard.tw/images/ffdc7ee8-f8b5-4ac8-8dcf-364447932649/1280.jpeg", "normalizedUrl": "https://megapx.dcard.tw/v1/images/ffdc7ee8-f8b5-4ac8-8dcf-364447932649", "thumbnail": "https://megapx-assets.dcard.tw/images/ffdc7ee8-f8b5-4ac8-8dcf-364447932649/640.jpeg", "type": "image/megapx", "tags": ["ANNOTATED"], "createdAt": "2020-02-03T17:55:44.123Z", "updatedAt": "2020-02-03T18:24:05.577Z", "width": 1500, "height": 2000}], "reactions": [], "hidden": false, "customStyle": null, "isSuspiciousAccount": false, "layout": "classic", "withImages": true, "withVideos": false, "media": [{"url": "https://megapx-assets.dcard.tw/images/4ffdfc11-197b-4adc-9746-8bc07b3802cb/1280.jpeg"}, {"url": "https://megapx-assets.dcard.tw/images/7ee9da3d-d48d-48c0-912b-2e9919cd1949/1280.jpeg"}, {"url": "https://megapx-assets.dcard.tw/images/ffdc7ee8-f8b5-4ac8-8dcf-364447932649/1280.jpeg"}], "reportReasonText": "", "postAvatar": ""}, {"id": 233010489, "title": "什麼調酒會刻意不濾冰", "excerpt": "之前想到好像有一次喝酒，調酒師跟我說vesper一般都不會濾冰，請問有哪些調酒是用三節式然後不濾冰的嗎？（限定馬杯的話）", "anonymousSchool": false, "anonymousDepartment": true, "pinned": false, "forumId": "23082c2f-c19d-456c-a805-1e6ac0a36c31", "replyId": null, "createdAt": "2020-02-03T15:43:50.574Z", "updatedAt": "2020-02-03T15:43:50.574Z", "commentCount": 1, "likeCount": 0, "withNickname": false, "tags": ["HIDE_THUMBNAIL"], "topics": ["調酒", "問題"], "meta": {"layout": "classic"}, "forumName": "品酒", "forumAlias": "alcohol", "gender": "M", "school": "樹德科技大學", "replyTitle": null, "mediaMeta": [], "reactions": [], "hidden": false, "customStyle": null, "isSuspiciousAccount": false, "layout": "classic", "withImages": false, "withVideos": false, "media": [], "reportReasonText": "", "postAvatar": ""}]