[{"id": 232790224, "title": "#公告 請大家遵守新版規", "excerpt": "哈囉大家晚安，我從今天開始將接任APP版版主，已更新版規請大家遵守相關規定，若是覺得需要新增也可以提出來大家討論，希望大家踴躍討論並幫助別人建立一個友善的討論空間，減少對於新手的責備新手發文前也搜尋相", "anonymousSchool": false, "anonymousDepartment": false, "pinned": true, "forumId": "577f29b9-ef96-4e05-9e79-55e2a7d6e3db", "replyId": null, "createdAt": "2019-12-30T11:02:26.523Z", "updatedAt": "2020-01-03T15:38:03.060Z", "commentCount": 0, "likeCount": 7, "withNickname": true, "tags": [], "topics": ["公告", "版規", "APP板"], "meta": {"layout": "classic"}, "forumName": "App", "forumAlias": "app", "gender": "M", "school": "阿好伯", "department": "a_hao_bo", "replyTitle": null, "mediaMeta": [], "reactions": [{"id": "286f599c-f86a-4932-82f0-f5a06f1eca03", "count": 7}], "hidden": false, "customStyle": null, "isSuspiciousAccount": false, "layout": "classic", "withImages": false, "withVideos": false, "media": [], "reportReasonText": "", "postAvatar": ""}, {"id": 232975782, "title": "#公告 嚴禁Pi相關等商業文章", "excerpt": "近期出現多篇關於Pi幣的分享文章，附有邀請碼具有私人商業宣傳嫌疑，就此將更新版規如有發表關於Pi幣文章，檢舉後將進行刪文並且永久於本版禁言", "anonymousSchool": false, "anonymousDepartment": false, "pinned": true, "forumId": "577f29b9-ef96-4e05-9e79-55e2a7d6e3db", "replyId": null, "createdAt": "2020-01-29T01:38:24.717Z", "updatedAt": "2020-01-29T07:08:40.574Z", "commentCount": 0, "likeCount": 2, "withNickname": true, "tags": [], "topics": ["APP版公告"], "meta": {"layout": "classic"}, "forumName": "App", "forumAlias": "app", "gender": "M", "school": "阿好伯", "department": "a_hao_bo", "replyTitle": null, "mediaMeta": [], "reactions": [{"id": "286f599c-f86a-4932-82f0-f5a06f1eca03", "count": 2}], "hidden": false, "customStyle": null, "isSuspiciousAccount": false, "layout": "classic", "withImages": false, "withVideos": false, "media": [], "reportReasonText": "", "postAvatar": ""}, {"id": 233006239, "title": "交友軟體問卷，麻煩救救我們！", "excerpt": "只要曾經有使用過一次的都可以填喔！，跟朋友一起玩過的也可以填～謝謝願意幫忙填的各位！，真的感謝！🥺🥺🥺", "anonymousSchool": false, "anonymousDepartment": true, "pinned": false, "forumId": "577f29b9-ef96-4e05-9e79-55e2a7d6e3db", "replyId": 232815782, "createdAt": "2020-02-03T05:01:09.807Z", "updatedAt": "2020-02-03T05:01:09.807Z", "commentCount": 2, "likeCount": 6, "withNickname": false, "tags": [], "topics": ["問卷調查", "專題", "交友軟體"], "meta": {"layout": "classic"}, "forumName": "App", "forumAlias": "app", "gender": "F", "school": "朝陽科技大學", "replyTitle": "#問卷調查-交友軟體", "mediaMeta": [], "reactions": [{"id": "286f599c-f86a-4932-82f0-f5a06f1eca03", "count": 6}], "hidden": false, "customStyle": null, "isSuspiciousAccount": false, "layout": "classic", "withImages": false, "withVideos": false, "media": [], "reportReasonText": "", "postAvatar": ""}, {"id": 233011530, "title": "協尋APP", "excerpt": "這個圖片，是什麼app呀？找了好久都沒找到，很貼切的文字讓人好想找到它哈哈", "anonymousSchool": false, "anonymousDepartment": false, "pinned": false, "forumId": "577f29b9-ef96-4e05-9e79-55e2a7d6e3db", "replyId": null, "createdAt": "2020-02-03T18:06:01.940Z", "updatedAt": "2020-02-03T18:08:07.536Z", "commentCount": 2, "likeCount": 4, "withNickname": true, "tags": [], "topics": ["APP板", "App", "詢問"], "meta": {"layout": "classic"}, "forumName": "App", "forumAlias": "app", "gender": "F", "school": "小朋友", "department": "qwe551238", "replyTitle": null, "mediaMeta": [{"id": "1d4b53d5-22a3-449c-81dc-48c914993706", "url": "https://megapx-assets.dcard.tw/images/541f3285-2d93-4e70-b9bc-8c76a0eb5445/640.jpeg", "normalizedUrl": "https://megapx-assets.dcard.tw/images/541f3285-2d93-4e70-b9bc-8c76a0eb5445/640.jpeg", "thumbnail": "https://megapx-assets.dcard.tw/images/541f3285-2d93-4e70-b9bc-8c76a0eb5445/640.jpeg", "type": "image/thumbnail", "tags": ["ANNOTATED"], "createdAt": "2020-02-03T18:06:01.940Z", "updatedAt": "2020-02-03T18:08:07.536Z", "width": 493, "height": 640}, {"id": "1d4b53d5-22a3-449c-81dc-48c914993706", "url": "https://megapx-assets.dcard.tw/images/541f3285-2d93-4e70-b9bc-8c76a0eb5445/full.jpeg", "normalizedUrl": "https://megapx.dcard.tw/v1/images/541f3285-2d93-4e70-b9bc-8c76a0eb5445", "thumbnail": "https://megapx-assets.dcard.tw/images/541f3285-2d93-4e70-b9bc-8c76a0eb5445/640.jpeg", "type": "image/megapx", "tags": ["ANNOTATED"], "createdAt": "2020-02-03T18:06:01.940Z", "updatedAt": "2020-02-03T18:08:07.536Z", "width": 571, "height": 742}], "reactions": [{"id": "286f599c-f86a-4932-82f0-f5a06f1eca03", "count": 4}], "hidden": false, "customStyle": null, "isSuspiciousAccount": false, "layout": "classic", "withImages": true, "withVideos": false, "media": [{"url": "https://megapx-assets.dcard.tw/images/541f3285-2d93-4e70-b9bc-8c76a0eb5445/full.jpeg"}], "reportReasonText": "", "postAvatar": ""}, {"id": 233011307, "title": "ig問題", "excerpt": "不好意思打擾了！，有沒有人也有遇到跟我一樣的情況~，這幾天ig不知道為什麼無法顯示貼文，點自己的或別人的貼文都會變成這樣，一片空白，移除安裝重新下載以後，好個一天又再度出現同樣狀況ಥ_ಥ，有人知道該怎", "anonymousSchool": false, "anonymousDepartment": false, "pinned": false, "forumId": "577f29b9-ef96-4e05-9e79-55e2a7d6e3db", "replyId": null, "createdAt": "2020-02-03T17:22:12.121Z", "updatedAt": "2020-02-03T17:22:12.121Z", "commentCount": 2, "likeCount": 1, "withNickname": false, "tags": [], "topics": ["IG"], "meta": {"layout": "classic"}, "forumName": "App", "forumAlias": "app", "gender": "F", "school": "國立金門大學", "department": "觀光管理學系", "replyTitle": null, "mediaMeta": [{"id": "74377ee8-535a-4033-a370-24b211476afc", "url": "https://i.imgur.com/U3iFqy2l.jpg", "normalizedUrl": "https://i.imgur.com/U3iFqy2l.jpg", "thumbnail": "https://i.imgur.com/U3iFqy2l.jpg", "type": "image/thumbnail", "tags": ["ANNOTATED"], "createdAt": "2020-02-03T17:22:12.121Z", "updatedAt": "2020-02-03T17:22:12.121Z"}, {"id": "74377ee8-535a-4033-a370-24b211476afc", "url": "https://i.imgur.com/U3iFqy2.png", "normalizedUrl": "https://imgur.com/U3iFqy2", "thumbnail": "https://i.imgur.com/U3iFqy2l.jpg", "type": "image/imgur", "tags": ["ANNOTATED"], "createdAt": "2020-02-03T17:22:12.121Z", "updatedAt": "2020-02-03T17:22:12.121Z"}], "reactions": [{"id": "286f599c-f86a-4932-82f0-f5a06f1eca03", "count": 1}], "hidden": false, "customStyle": null, "isSuspiciousAccount": false, "layout": "classic", "withImages": true, "withVideos": false, "media": [{"url": "https://i.imgur.com/U3iFqy2.png"}], "reportReasonText": "", "postAvatar": ""}, {"id": 233011268, "title": "#求救 Instagram登不進去", "excerpt": "按了登入鍵之後就一直出現這個畫面不然就是閃退回到原本的登入介面，有人也有遇到相同困難也已經解決的可以分享一下該怎麼處理嗎嗚嗚嗚 感激不盡ಥ_ಥ", "anonymousSchool": false, "anonymousDepartment": true, "pinned": false, "forumId": "577f29b9-ef96-4e05-9e79-55e2a7d6e3db", "replyId": null, "createdAt": "2020-02-03T17:16:39.789Z", "updatedAt": "2020-02-03T17:16:39.789Z", "commentCount": 0, "likeCount": 1, "withNickname": false, "tags": [], "topics": ["IG", "問題"], "meta": {"layout": "classic"}, "forumName": "App", "forumAlias": "app", "gender": "F", "school": "臺北市立大學", "replyTitle": null, "mediaMeta": [{"id": "4ea3fffa-8cde-48b2-9255-51c6b1ed1df4", "url": "https://megapx-assets.dcard.tw/images/77cd82af-3775-447d-abc8-4d0ffbe471cb/640.jpeg", "normalizedUrl": "https://megapx-assets.dcard.tw/images/77cd82af-3775-447d-abc8-4d0ffbe471cb/640.jpeg", "thumbnail": "https://megapx-assets.dcard.tw/images/77cd82af-3775-447d-abc8-4d0ffbe471cb/640.jpeg", "type": "image/thumbnail", "tags": [], "createdAt": "2020-02-03T17:16:39.789Z", "updatedAt": "2020-02-03T17:16:39.789Z", "width": 296, "height": 640}, {"id": "4ea3fffa-8cde-48b2-9255-51c6b1ed1df4", "url": "https://megapx-assets.dcard.tw/images/77cd82af-3775-447d-abc8-4d0ffbe471cb/1280.jpeg", "normalizedUrl": "https://megapx.dcard.tw/v1/images/77cd82af-3775-447d-abc8-4d0ffbe471cb", "thumbnail": "https://megapx-assets.dcard.tw/images/77cd82af-3775-447d-abc8-4d0ffbe471cb/640.jpeg", "type": "image/megapx", "tags": [], "createdAt": "2020-02-03T17:16:39.789Z", "updatedAt": "2020-02-03T17:16:39.789Z", "width": 828, "height": 1792}], "reactions": [{"id": "286f599c-f86a-4932-82f0-f5a06f1eca03", "count": 1}], "hidden": false, "customStyle": null, "isSuspiciousAccount": false, "layout": "classic", "withImages": true, "withVideos": false, "media": [{"url": "https://megapx-assets.dcard.tw/images/77cd82af-3775-447d-abc8-4d0ffbe471cb/1280.jpeg"}], "reportReasonText": "", "postAvatar": ""}, {"id": 233011140, "title": "#求救 line備份後重載卻沒用", "excerpt": "我是Iphone8，最近line怪怪的想要重載，有先備份再刪掉，可是重載後卻一片空白！，沒有自動復原聊天紀錄，怎麼辦，我要崩潰了拜託有人可以救救我嗎", "anonymousSchool": false, "anonymousDepartment": true, "pinned": false, "forumId": "577f29b9-ef96-4e05-9e79-55e2a7d6e3db", "replyId": null, "createdAt": "2020-02-03T17:02:37.937Z", "updatedAt": "2020-02-03T17:02:37.937Z", "commentCount": 3, "likeCount": 1, "withNickname": false, "tags": ["HIDE_THUMBNAIL"], "topics": ["備份", "LINE", "iOS"], "meta": {"layout": "classic"}, "forumName": "App", "forumAlias": "app", "gender": "F", "school": "中原大學", "replyTitle": null, "mediaMeta": [], "reactions": [{"id": "286f599c-f86a-4932-82f0-f5a06f1eca03", "count": 1}], "hidden": false, "customStyle": null, "isSuspiciousAccount": false, "layout": "classic", "withImages": false, "withVideos": false, "media": [], "reportReasonText": "", "postAvatar": ""}, {"id": 233007964, "title": "#求救 美圖秀秀打不開又無法完全刪除🙏", "excerpt": "前陣子容量手機容量不夠把美圖先刪掉，最近想用要抓回來發現顯示的是'打開'，而非取得，像下圖這樣，但我手機 設定》一般》儲存空間 裡沒有顯示它（根本沒出現），我按打開後，它閃退然後就出現下圖：但也是點不", "anonymousSchool": false, "anonymousDepartment": true, "pinned": false, "forumId": "577f29b9-ef96-4e05-9e79-55e2a7d6e3db", "replyId": null, "createdAt": "2020-02-03T09:55:20.469Z", "updatedAt": "2020-02-03T09:57:46.037Z", "commentCount": 2, "likeCount": 1, "withNickname": false, "tags": [], "topics": ["美圖秀秀", "iOS", "手機", "App", "3c"], "meta": {"layout": "classic"}, "forumName": "App", "forumAlias": "app", "gender": "F", "school": "國立中正大學", "replyTitle": null, "mediaMeta": [{"id": "c915e9fa-2024-4de8-b72e-993d7f81c61e", "url": "https://megapx-assets.dcard.tw/images/8bcfeedf-9e21-48a8-93c9-34fbc2a6c0ae/640.jpeg", "normalizedUrl": "https://megapx-assets.dcard.tw/images/8bcfeedf-9e21-48a8-93c9-34fbc2a6c0ae/640.jpeg", "thumbnail": "https://megapx-assets.dcard.tw/images/8bcfeedf-9e21-48a8-93c9-34fbc2a6c0ae/640.jpeg", "type": "image/thumbnail", "tags": ["ANNOTATED"], "createdAt": "2020-02-03T09:55:20.469Z", "updatedAt": "2020-02-03T09:57:46.037Z", "width": 640, "height": 607}, {"id": "c915e9fa-2024-4de8-b72e-993d7f81c61e", "url": "https://megapx-assets.dcard.tw/images/8bcfeedf-9e21-48a8-93c9-34fbc2a6c0ae/full.jpeg", "normalizedUrl": "https://megapx.dcard.tw/v1/images/8bcfeedf-9e21-48a8-93c9-34fbc2a6c0ae", "thumbnail": "https://megapx-assets.dcard.tw/images/8bcfeedf-9e21-48a8-93c9-34fbc2a6c0ae/640.jpeg", "type": "image/megapx", "tags": ["ANNOTATED"], "createdAt": "2020-02-03T09:55:20.469Z", "updatedAt": "2020-02-03T09:57:46.037Z", "width": 1242, "height": 1177}, {"id": "243a262c-2405-42e9-b3e7-de440717b07d", "url": "https://megapx-assets.dcard.tw/images/5ce1ba87-439b-4a9e-8973-71dca8eb12b5/full.jpeg", "normalizedUrl": "https://megapx.dcard.tw/v1/images/5ce1ba87-439b-4a9e-8973-71dca8eb12b5", "thumbnail": "https://megapx-assets.dcard.tw/images/5ce1ba87-439b-4a9e-8973-71dca8eb12b5/640.jpeg", "type": "image/megapx", "tags": ["ANNOTATED"], "createdAt": "2020-02-03T09:55:20.469Z", "updatedAt": "2020-02-03T09:57:46.037Z", "width": 939, "height": 643}], "reactions": [{"id": "286f599c-f86a-4932-82f0-f5a06f1eca03", "count": 1}], "hidden": false, "customStyle": null, "isSuspiciousAccount": false, "layout": "classic", "withImages": true, "withVideos": false, "media": [{"url": "https://megapx-assets.dcard.tw/images/8bcfeedf-9e21-48a8-93c9-34fbc2a6c0ae/full.jpeg"}, {"url": "https://megapx-assets.dcard.tw/images/5ce1ba87-439b-4a9e-8973-71dca8eb12b5/full.jpeg"}], "reportReasonText": "", "postAvatar": ""}, {"id": 233004850, "title": "#請益 line的群組通話跟視訊通話不行用", "excerpt": "平常沒有很常在使用這兩個通話功能，但今天在使用的時候突然發現這兩個都不行用了！會先跳出叫我更新 若返回不更新則是跳無法正常執行，請稍後再試，我想說也沒公告通知舊版不能用（原9.2.2），於是挑了一個較", "anonymousSchool": false, "anonymousDepartment": true, "pinned": false, "forumId": "577f29b9-ef96-4e05-9e79-55e2a7d6e3db", "replyId": null, "createdAt": "2020-02-02T18:43:49.702Z", "updatedAt": "2020-02-02T18:43:49.702Z", "commentCount": 0, "likeCount": 1, "withNickname": false, "tags": [], "topics": ["通話", "群組", "視訊"], "meta": {"layout": "classic"}, "forumName": "App", "forumAlias": "app", "gender": "M", "school": "國立屏東大學", "replyTitle": null, "mediaMeta": [], "reactions": [{"id": "286f599c-f86a-4932-82f0-f5a06f1eca03", "count": 1}], "hidden": false, "customStyle": null, "isSuspiciousAccount": false, "layout": "classic", "withImages": false, "withVideos": false, "media": [], "reportReasonText": "", "postAvatar": ""}, {"id": 233012679, "title": "#請益 ig一直顯示上線中", "excerpt": "某天突然看到ig上面有個朋友一直顯示上線中，覺得奇怪，ig不是只有隱藏活動狀態功能嗎？還是這是什麼新功能我沒更新到的嗎？網路上都找不到答案，有人知道可以告訴我一下嗎？感謝～～", "anonymousSchool": false, "anonymousDepartment": false, "pinned": false, "forumId": "577f29b9-ef96-4e05-9e79-55e2a7d6e3db", "replyId": null, "createdAt": "2020-02-04T03:11:35.887Z", "updatedAt": "2020-02-04T03:11:35.887Z", "commentCount": 0, "likeCount": 0, "withNickname": true, "tags": [], "topics": ["APP板", "IG", "問題"], "meta": {"layout": "classic"}, "forumName": "App", "forumAlias": "app", "gender": "F", "school": "超過100分", "department": "wilier3151008", "replyTitle": null, "mediaMeta": [], "reactions": [], "hidden": false, "customStyle": null, "isSuspiciousAccount": false, "layout": "classic", "withImages": false, "withVideos": false, "media": [], "reportReasonText": "", "postAvatar": ""}, {"id": 233012152, "title": "Facebook星星儲值管道", "excerpt": "我平常是用手機看直播，想買星星可是只能用信用卡，請問有其他的管道嗎", "anonymousSchool": false, "anonymousDepartment": true, "pinned": false, "forumId": "577f29b9-ef96-4e05-9e79-55e2a7d6e3db", "replyId": null, "createdAt": "2020-02-04T00:31:12.047Z", "updatedAt": "2020-02-04T00:31:12.047Z", "commentCount": 0, "likeCount": 0, "withNickname": false, "tags": ["HIDE_THUMBNAIL"], "topics": ["Facebook", "臉書", "FB"], "meta": {"layout": "classic"}, "forumName": "App", "forumAlias": "app", "gender": "F", "school": "致理科技大學", "replyTitle": null, "mediaMeta": [], "reactions": [], "hidden": false, "customStyle": null, "isSuspiciousAccount": false, "layout": "classic", "withImages": false, "withVideos": false, "media": [], "reportReasonText": "", "postAvatar": ""}, {"id": 233010499, "title": "#ig #Instagram  貼文跑不出來", "excerpt": "如題，想請教各位為什麼貼文都出不來，一開始想說是不是因為台灣之星的網路太爛，然後試試看用連家裡的網路，但還是跑不出來，又試試重新載ig 剛開始用的時候還正常，但過沒多久就開始當了 （இωஇ ），各位客", "anonymousSchool": false, "anonymousDepartment": true, "pinned": false, "forumId": "577f29b9-ef96-4e05-9e79-55e2a7d6e3db", "replyId": null, "createdAt": "2020-02-03T15:45:16.910Z", "updatedAt": "2020-02-03T16:29:31.036Z", "commentCount": 1, "likeCount": 0, "withNickname": false, "tags": [], "topics": ["貼文", "IG", "問題", "instagram"], "meta": {"layout": "classic"}, "forumName": "App", "forumAlias": "app", "gender": "F", "school": "國立臺灣藝術大學", "replyTitle": null, "mediaMeta": [{"id": "04c8b60d-840b-4a8e-984f-0139a0d3f5b0", "url": "https://i.imgur.com/Ll3kMHPl.jpg", "normalizedUrl": "https://i.imgur.com/Ll3kMHPl.jpg", "thumbnail": "https://i.imgur.com/Ll3kMHPl.jpg", "type": "image/thumbnail", "tags": ["ANNOTATED"], "createdAt": "2020-02-03T15:45:16.910Z", "updatedAt": "2020-02-03T16:29:31.036Z"}, {"id": "04c8b60d-840b-4a8e-984f-0139a0d3f5b0", "url": "https://i.imgur.com/Ll3kMHP.jpg", "normalizedUrl": "https://imgur.com/Ll3kMHP", "thumbnail": "https://i.imgur.com/Ll3kMHPl.jpg", "type": "image/imgur", "tags": ["ANNOTATED"], "createdAt": "2020-02-03T15:45:16.910Z", "updatedAt": "2020-02-03T16:29:31.036Z"}, {"id": "8d25e675-e0e0-455e-96b5-71fe0bb7b69f", "url": "https://i.imgur.com/Yy3L7bL.jpg", "normalizedUrl": "https://imgur.com/Yy3L7bL", "thumbnail": "https://i.imgur.com/Yy3L7bLl.jpg", "type": "image/imgur", "tags": ["ANNOTATED"], "createdAt": "2020-02-03T15:45:16.910Z", "updatedAt": "2020-02-03T16:29:31.036Z"}, {"id": "967f283b-d9a4-46c1-90f0-3e56f5e45512", "url": "https://i.imgur.com/4HMq4V7.jpg", "normalizedUrl": "https://imgur.com/4HMq4V7", "thumbnail": "https://i.imgur.com/4HMq4V7l.jpg", "type": "image/imgur", "tags": ["ANNOTATED"], "createdAt": "2020-02-03T15:45:16.910Z", "updatedAt": "2020-02-03T16:29:31.036Z"}], "reactions": [], "hidden": false, "customStyle": null, "isSuspiciousAccount": false, "layout": "classic", "withImages": true, "withVideos": false, "media": [{"url": "https://i.imgur.com/Ll3kMHP.jpg"}, {"url": "https://i.imgur.com/Yy3L7bL.jpg"}, {"url": "https://i.imgur.com/4HMq4V7.jpg"}], "reportReasonText": "", "postAvatar": ""}, {"id": 233009660, "title": "轉讓線上英文課程~~", "excerpt": "有人在找線上英文課程嗎~~~，轉讓wuwow的線上英文課程，每日從早9：00~凌晨0：00都可自由上課~，$110/堂/25分，目前還有420堂期限到今年5/16，可拆140/140/140，因目前還", "anonymousSchool": false, "anonymousDepartment": true, "pinned": false, "forumId": "577f29b9-ef96-4e05-9e79-55e2a7d6e3db", "replyId": null, "createdAt": "2020-02-03T14:04:54.507Z", "updatedAt": "2020-02-03T14:04:54.507Z", "commentCount": 0, "likeCount": 0, "withNickname": false, "tags": [], "topics": ["英文", "詢問", "英文課程"], "meta": {"layout": "classic"}, "forumName": "App", "forumAlias": "app", "gender": "F", "school": "文藻外語大學", "replyTitle": null, "mediaMeta": [], "reactions": [], "hidden": false, "customStyle": null, "isSuspiciousAccount": false, "layout": "classic", "withImages": false, "withVideos": false, "media": [], "reportReasonText": "", "postAvatar": ""}, {"id": 233009201, "title": "iPhone messenger", "excerpt": "#問題，請問iPhone的Messenger 顯示朋友上線時間不會正確更新及顯示正確時間該怎麼辦", "anonymousSchool": false, "anonymousDepartment": true, "pinned": false, "forumId": "577f29b9-ef96-4e05-9e79-55e2a7d6e3db", "replyId": null, "createdAt": "2020-02-03T13:04:40.187Z", "updatedAt": "2020-02-03T13:04:40.187Z", "commentCount": 0, "likeCount": 0, "withNickname": false, "tags": ["HIDE_THUMBNAIL"], "topics": ["APP板", "iPhone", "App", "Messenger", "iOS"], "meta": {"layout": "classic"}, "forumName": "App", "forumAlias": "app", "gender": "M", "school": "嶺東科技大學", "replyTitle": null, "mediaMeta": [], "reactions": [], "hidden": false, "customStyle": null, "isSuspiciousAccount": false, "layout": "classic", "withImages": false, "withVideos": false, "media": [], "reportReasonText": "", "postAvatar": ""}, {"id": 233008679, "title": "請問ig退追別人 為什麼他知道？", "excerpt": "小弟想退追別人 但不想被發現 要怎麼設定呀！，剛剛退追被她發現了", "anonymousSchool": false, "anonymousDepartment": false, "pinned": false, "forumId": "577f29b9-ef96-4e05-9e79-55e2a7d6e3db", "replyId": null, "createdAt": "2020-02-03T11:38:20.291Z", "updatedAt": "2020-02-03T11:38:20.291Z", "commentCount": 1, "likeCount": 0, "withNickname": true, "tags": ["HIDE_THUMBNAIL"], "topics": [], "meta": {"layout": "classic"}, "forumName": "App", "forumAlias": "app", "gender": "M", "school": "渾身是勁", "department": "wantgirl", "replyTitle": null, "mediaMeta": [], "reactions": [], "hidden": false, "customStyle": null, "isSuspiciousAccount": false, "layout": "classic", "withImages": false, "withVideos": false, "media": [], "reportReasonText": "", "postAvatar": ""}, {"id": 233006852, "title": "#求救！", "excerpt": "上次在別人ig看到一個臉紅的特效，結果忘記下載了 現在找不到了，跪求有沒有人知道", "anonymousSchool": false, "anonymousDepartment": false, "pinned": false, "forumId": "577f29b9-ef96-4e05-9e79-55e2a7d6e3db", "replyId": null, "createdAt": "2020-02-03T07:20:57.665Z", "updatedAt": "2020-02-03T07:20:57.665Z", "commentCount": 0, "likeCount": 0, "withNickname": true, "tags": ["HIDE_THUMBNAIL"], "topics": ["IG", "限時"], "meta": {"layout": "classic"}, "forumName": "App", "forumAlias": "app", "gender": "M", "school": "可悲臭魯蛇", "department": "qaz0110", "replyTitle": null, "mediaMeta": [], "reactions": [], "hidden": false, "customStyle": null, "isSuspiciousAccount": false, "layout": "classic", "withImages": false, "withVideos": false, "media": [], "reportReasonText": "", "postAvatar": ""}, {"id": 233006125, "title": "轉：有人在fb遇過無法登入的問題嗎", "excerpt": "", "anonymousSchool": false, "anonymousDepartment": true, "pinned": false, "forumId": "577f29b9-ef96-4e05-9e79-55e2a7d6e3db", "replyId": 233000928, "createdAt": "2020-02-03T04:38:14.128Z", "updatedAt": "2020-02-03T04:38:14.128Z", "commentCount": 0, "likeCount": 0, "withNickname": false, "tags": [], "topics": ["登入", "FB"], "meta": {"crossPostId": 233000928}, "forumName": "App", "forumAlias": "app", "gender": "F", "school": "中國科技大學", "replyTitle": "有人在fb遇過無法登入的問題嗎", "mediaMeta": [], "reactions": [], "hidden": false, "customStyle": null, "isSuspiciousAccount": false, "layout": "classic", "withImages": false, "withVideos": false, "media": [], "reportReasonText": "", "postAvatar": ""}, {"id": 233004208, "title": "#格紋#9宮格#線條#格子#線格", "excerpt": "有人知道這線格樣式 在哪個app有嗎，小女感激不盡 不想每個都用原相機截圖的方式，好累 拜託聰明的大家了", "anonymousSchool": false, "anonymousDepartment": true, "pinned": false, "forumId": "577f29b9-ef96-4e05-9e79-55e2a7d6e3db", "replyId": null, "createdAt": "2020-02-02T16:44:31.879Z", "updatedAt": "2020-02-02T16:44:31.879Z", "commentCount": 1, "likeCount": 0, "withNickname": false, "tags": [], "topics": ["格子", "線條", "格紋", "APP板", "IG"], "meta": {"layout": "classic"}, "forumName": "App", "forumAlias": "app", "gender": "F", "school": "僑光科技大學", "replyTitle": null, "mediaMeta": [{"id": "d32abfad-4f54-4101-8663-789e06f18e44", "url": "https://megapx-assets.dcard.tw/images/29247554-3faa-4fc7-9027-2c8d3e283119/640.jpeg", "normalizedUrl": "https://megapx-assets.dcard.tw/images/29247554-3faa-4fc7-9027-2c8d3e283119/640.jpeg", "thumbnail": "https://megapx-assets.dcard.tw/images/29247554-3faa-4fc7-9027-2c8d3e283119/640.jpeg", "type": "image/thumbnail", "tags": ["ANNOTATED"], "createdAt": "2020-02-02T16:44:31.879Z", "updatedAt": "2020-02-02T16:44:31.879Z", "width": 639, "height": 640}, {"id": "d32abfad-4f54-4101-8663-789e06f18e44", "url": "https://megapx-assets.dcard.tw/images/29247554-3faa-4fc7-9027-2c8d3e283119/full.jpeg", "normalizedUrl": "https://megapx.dcard.tw/v1/images/29247554-3faa-4fc7-9027-2c8d3e283119", "thumbnail": "https://megapx-assets.dcard.tw/images/29247554-3faa-4fc7-9027-2c8d3e283119/640.jpeg", "type": "image/megapx", "tags": ["ANNOTATED"], "createdAt": "2020-02-02T16:44:31.879Z", "updatedAt": "2020-02-02T16:44:31.879Z", "width": 1022, "height": 1024}], "reactions": [], "hidden": false, "customStyle": null, "isSuspiciousAccount": false, "layout": "classic", "withImages": true, "withVideos": false, "media": [{"url": "https://megapx-assets.dcard.tw/images/29247554-3faa-4fc7-9027-2c8d3e283119/full.jpeg"}], "reportReasonText": "", "postAvatar": ""}]