[{"id": 232795451, "title": "Apple 板  Mac 教學文章", "excerpt": "哈囉大家好，我是 Apple 板板主 Macintosh，有鑑於版友有問題需要協助時無法在 Apple 版找到答案，想請各位板友提供問題或是想要了解有關 Apple 相關知識，讓板友在遇到問題時可以找", "anonymousSchool": false, "anonymousDepartment": false, "pinned": true, "forumId": "42bfdc63-8601-4e87-b53c-53d831caa2cf", "replyId": null, "createdAt": "2019-12-31T03:40:36.331Z", "updatedAt": "2020-01-06T13:46:43.683Z", "commentCount": 9, "likeCount": 13, "withNickname": true, "tags": [], "topics": ["教學", "Apple", "問題", "macOS"], "meta": {"layout": "classic"}, "forumName": "Apple", "forumAlias": "apple", "gender": "M", "school": "Macintosh", "department": "macintosh", "replyTitle": null, "mediaMeta": [], "reactions": [{"id": "286f599c-f86a-4932-82f0-f5a06f1eca03", "count": 13}], "hidden": false, "customStyle": null, "isSuspiciousAccount": false, "layout": "classic", "withImages": false, "withVideos": false, "media": [], "reportReasonText": "", "postAvatar": ""}, {"id": 233005085, "title": "要換iphone11 還是等iphone12", "excerpt": "小弟菜味濃，若有錯誤麻煩多多包含，小弟目前用8 使用約兩年，操作上都還很順，沒什麼大問題。只有電池續航力有明顯變差的感覺。請問下面那種選擇會比較適合，1.換11，2.回原廠換個電池，然後等12上市再入", "anonymousSchool": false, "anonymousDepartment": false, "pinned": false, "forumId": "42bfdc63-8601-4e87-b53c-53d831caa2cf", "replyId": null, "createdAt": "2020-02-02T20:05:18.803Z", "updatedAt": "2020-02-02T20:05:18.803Z", "commentCount": 32, "likeCount": 7, "withNickname": true, "tags": ["HIDE_THUMBNAIL"], "topics": ["iPhone", "手機", "詢問", "問題", "Apple"], "meta": {"layout": "classic"}, "forumName": "Apple", "forumAlias": "apple", "gender": "M", "school": "歐拉歐拉歐拉", "department": "pornhub5278", "replyTitle": null, "mediaMeta": [], "reactions": [{"id": "286f599c-f86a-4932-82f0-f5a06f1eca03", "count": 7}], "hidden": false, "customStyle": null, "isSuspiciousAccount": false, "layout": "classic", "withImages": false, "withVideos": false, "media": [], "reportReasonText": "", "postAvatar": ""}, {"id": 233012159, "title": "轉：嘿siri，武漢肺炎確診查詢", "excerpt": "", "anonymousSchool": false, "anonymousDepartment": false, "pinned": false, "forumId": "42bfdc63-8601-4e87-b53c-53d831caa2cf", "replyId": 233010043, "createdAt": "2020-02-04T00:34:45.010Z", "updatedAt": "2020-02-04T00:34:45.010Z", "commentCount": 0, "likeCount": 4, "withNickname": false, "tags": [], "topics": ["iOS", "捷徑", "Apple", "武漢", "肺炎"], "meta": {"crossPostId": 233010043}, "forumName": "Apple", "forumAlias": "apple", "gender": "M", "school": "明新科技大學", "department": "資訊工程系", "replyTitle": "嘿siri，武漢肺炎確診查詢", "mediaMeta": [], "reactions": [{"id": "286f599c-f86a-4932-82f0-f5a06f1eca03", "count": 4}], "hidden": false, "customStyle": null, "isSuspiciousAccount": false, "layout": "classic", "withImages": false, "withVideos": false, "media": [], "reportReasonText": "", "postAvatar": ""}, {"id": 233006165, "title": "#問題 關於Siri", "excerpt": "請問一下如何刪除這個建議，這隻手機是家人不要用給我用的，爬了很多文章也不知道怎麼刪，又或者是我搜尋的關鍵字有誤..，麻煩各位幫幫忙了", "anonymousSchool": false, "anonymousDepartment": true, "pinned": false, "forumId": "42bfdc63-8601-4e87-b53c-53d831caa2cf", "replyId": null, "createdAt": "2020-02-03T04:47:26.058Z", "updatedAt": "2020-02-03T04:47:26.058Z", "commentCount": 0, "likeCount": 3, "withNickname": false, "tags": [], "topics": ["Apple", "問題", "求救文"], "meta": {"layout": "classic"}, "forumName": "Apple", "forumAlias": "apple", "gender": "M", "school": "國立東華大學", "replyTitle": null, "mediaMeta": [{"id": "f99d12ac-c5ec-4967-a248-f32131745faf", "url": "https://megapx-assets.dcard.tw/images/45dbac63-d7a7-4a57-a33b-2c4e9d4c92fe/640.jpeg", "normalizedUrl": "https://megapx-assets.dcard.tw/images/45dbac63-d7a7-4a57-a33b-2c4e9d4c92fe/640.jpeg", "thumbnail": "https://megapx-assets.dcard.tw/images/45dbac63-d7a7-4a57-a33b-2c4e9d4c92fe/640.jpeg", "type": "image/thumbnail", "tags": [], "createdAt": "2020-02-03T04:47:26.058Z", "updatedAt": "2020-02-03T04:47:26.058Z", "width": 360, "height": 640}, {"id": "f99d12ac-c5ec-4967-a248-f32131745faf", "url": "https://megapx-assets.dcard.tw/images/45dbac63-d7a7-4a57-a33b-2c4e9d4c92fe/1280.jpeg", "normalizedUrl": "https://megapx.dcard.tw/v1/images/45dbac63-d7a7-4a57-a33b-2c4e9d4c92fe", "thumbnail": "https://megapx-assets.dcard.tw/images/45dbac63-d7a7-4a57-a33b-2c4e9d4c92fe/640.jpeg", "type": "image/megapx", "tags": [], "createdAt": "2020-02-03T04:47:26.058Z", "updatedAt": "2020-02-03T04:47:26.058Z", "width": 828, "height": 1472}], "reactions": [{"id": "286f599c-f86a-4932-82f0-f5a06f1eca03", "count": 3}], "hidden": false, "customStyle": null, "isSuspiciousAccount": false, "layout": "classic", "withImages": true, "withVideos": false, "media": [{"url": "https://megapx-assets.dcard.tw/images/45dbac63-d7a7-4a57-a33b-2c4e9d4c92fe/1280.jpeg"}], "reportReasonText": "", "postAvatar": ""}, {"id": 233010337, "title": "iPhone 使用時掉電量🔋", "excerpt": "目前服役為i8+，之前在使用時都覺得掉電量還好，但是最近在回訊息時 明顯感覺蓄電不如以往（電池健康度95%），平常就回ig和line訊息而已 沒有玩遊戲的習慣，附上電量圖，如圖，⬆️這是我使用的電量狀", "anonymousSchool": false, "anonymousDepartment": true, "pinned": false, "forumId": "42bfdc63-8601-4e87-b53c-53d831caa2cf", "replyId": null, "createdAt": "2020-02-03T15:26:14.453Z", "updatedAt": "2020-02-03T15:37:44.341Z", "commentCount": 21, "likeCount": 2, "withNickname": false, "tags": [], "topics": ["電量", "Apple", "iPhone", "iOS", "3c"], "meta": {"layout": "classic"}, "forumName": "Apple", "forumAlias": "apple", "gender": "F", "school": "國立臺中科技大學", "replyTitle": null, "mediaMeta": [{"id": "8b6348b6-2b9c-4610-8708-7c10d9ab0076", "url": "https://i.imgur.com/xZ2pZf2l.jpg", "normalizedUrl": "https://i.imgur.com/xZ2pZf2l.jpg", "thumbnail": "https://i.imgur.com/xZ2pZf2l.jpg", "type": "image/thumbnail", "tags": ["ANNOTATED"], "createdAt": "2020-02-03T15:26:14.453Z", "updatedAt": "2020-02-03T15:37:44.341Z"}, {"id": "8b6348b6-2b9c-4610-8708-7c10d9ab0076", "url": "https://i.imgur.com/xZ2pZf2.jpg", "normalizedUrl": "https://imgur.com/xZ2pZf2", "thumbnail": "https://i.imgur.com/xZ2pZf2l.jpg", "type": "image/imgur", "tags": ["ANNOTATED"], "createdAt": "2020-02-03T15:26:14.453Z", "updatedAt": "2020-02-03T15:37:44.341Z"}, {"id": "7b60793d-8ce4-4cd5-a860-132f6e81f04a", "url": "https://i.imgur.com/vEi3gre.jpg", "normalizedUrl": "https://imgur.com/vEi3gre", "thumbnail": "https://i.imgur.com/vEi3grel.jpg", "type": "image/imgur", "tags": ["ANNOTATED"], "createdAt": "2020-02-03T15:26:14.453Z", "updatedAt": "2020-02-03T15:37:44.341Z"}], "reactions": [{"id": "286f599c-f86a-4932-82f0-f5a06f1eca03", "count": 2}], "hidden": false, "customStyle": null, "isSuspiciousAccount": false, "layout": "classic", "withImages": true, "withVideos": false, "media": [{"url": "https://i.imgur.com/xZ2pZf2.jpg"}, {"url": "https://i.imgur.com/vEi3gre.jpg"}], "reportReasonText": "", "postAvatar": ""}, {"id": 233006970, "title": "#請益 macbook air 風扇聲音", "excerpt": "這幾天我的air 開機後我就放著都沒使用，剛開機的時候都沒聲音，大概過了15-30分鐘 風扇運轉的聲音變得很大聲，試過官網的方法，重新開機後也是沒聲音，但過了十幾分鐘後 又開始風扇很大聲，有誰有類似經", "anonymousSchool": false, "anonymousDepartment": true, "pinned": false, "forumId": "42bfdc63-8601-4e87-b53c-53d831caa2cf", "replyId": null, "createdAt": "2020-02-03T07:43:37.200Z", "updatedAt": "2020-02-03T07:45:10.161Z", "commentCount": 1, "likeCount": 1, "withNickname": false, "tags": [], "topics": ["風扇", "聲音", "Apple", "Macbookair"], "meta": {"layout": "classic"}, "forumName": "Apple", "forumAlias": "apple", "gender": "F", "school": "輔仁大學", "replyTitle": null, "mediaMeta": [{"id": "9f9f1dc7-ad98-45db-933f-72f6efdce783", "url": "https://megapx-assets.dcard.tw/images/376296ac-c4ce-45d3-ae0f-252bd8e3cd77/640.jpeg", "normalizedUrl": "https://megapx-assets.dcard.tw/images/376296ac-c4ce-45d3-ae0f-252bd8e3cd77/640.jpeg", "thumbnail": "https://megapx-assets.dcard.tw/images/376296ac-c4ce-45d3-ae0f-252bd8e3cd77/640.jpeg", "type": "image/thumbnail", "tags": ["ANNOTATED"], "createdAt": "2020-02-03T07:43:37.200Z", "updatedAt": "2020-02-03T07:45:10.161Z", "width": 360, "height": 640}, {"id": "9f9f1dc7-ad98-45db-933f-72f6efdce783", "url": "https://megapx-assets.dcard.tw/images/376296ac-c4ce-45d3-ae0f-252bd8e3cd77/1280.jpeg", "normalizedUrl": "https://megapx.dcard.tw/v1/images/376296ac-c4ce-45d3-ae0f-252bd8e3cd77", "thumbnail": "https://megapx-assets.dcard.tw/images/376296ac-c4ce-45d3-ae0f-252bd8e3cd77/640.jpeg", "type": "image/megapx", "tags": ["ANNOTATED"], "createdAt": "2020-02-03T07:43:37.200Z", "updatedAt": "2020-02-03T07:45:10.161Z", "width": 750, "height": 1334}, {"id": "cf36aa41-7ea8-443a-b5fd-8c7f647bba8d", "url": "https://megapx-assets.dcard.tw/images/13296431-6fb3-4c95-866c-f282c18c7e6a/1280.jpeg", "normalizedUrl": "https://megapx.dcard.tw/v1/images/13296431-6fb3-4c95-866c-f282c18c7e6a", "thumbnail": "https://megapx-assets.dcard.tw/images/13296431-6fb3-4c95-866c-f282c18c7e6a/640.jpeg", "type": "image/megapx", "tags": ["ANNOTATED"], "createdAt": "2020-02-03T07:43:37.200Z", "updatedAt": "2020-02-03T07:45:10.161Z", "width": 750, "height": 1334}], "reactions": [{"id": "286f599c-f86a-4932-82f0-f5a06f1eca03", "count": 1}], "hidden": false, "customStyle": null, "isSuspiciousAccount": false, "layout": "classic", "withImages": true, "withVideos": false, "media": [{"url": "https://megapx-assets.dcard.tw/images/376296ac-c4ce-45d3-ae0f-252bd8e3cd77/1280.jpeg"}, {"url": "https://megapx-assets.dcard.tw/images/13296431-6fb3-4c95-866c-f282c18c7e6a/1280.jpeg"}], "reportReasonText": "", "postAvatar": ""}, {"id": 233004305, "title": "#請益 照片出現紅點需更換鏡頭嗎？", "excerpt": "從去年10月多就發現使用前鏡頭時照片會有紅點，放大後如圖看起來是碎片的樣子？請問這是鏡頭壞掉嗎ಥ_ಥ，一直沒有送修是怕維修時間過長沒手機使用不方便，目前手機是xr還在保固期內，但蘋果的官網沒有維修鏡頭", "anonymousSchool": false, "anonymousDepartment": true, "pinned": false, "forumId": "42bfdc63-8601-4e87-b53c-53d831caa2cf", "replyId": null, "createdAt": "2020-02-02T17:00:13.145Z", "updatedAt": "2020-02-02T17:01:09.516Z", "commentCount": 4, "likeCount": 1, "withNickname": false, "tags": [], "topics": ["紅點", "鏡頭", "Apple", "iPhone", "xr"], "meta": {"layout": "classic"}, "forumName": "Apple", "forumAlias": "apple", "gender": "F", "school": "東吳大學", "replyTitle": null, "mediaMeta": [{"id": "0117fb9f-c7ca-40f6-8c61-bc9631015719", "url": "https://megapx-assets.dcard.tw/images/6be91c6f-661a-4581-a9b8-ae93d3906c84/640.jpeg", "normalizedUrl": "https://megapx-assets.dcard.tw/images/6be91c6f-661a-4581-a9b8-ae93d3906c84/640.jpeg", "thumbnail": "https://megapx-assets.dcard.tw/images/6be91c6f-661a-4581-a9b8-ae93d3906c84/640.jpeg", "type": "image/thumbnail", "tags": ["ANNOTATED"], "createdAt": "2020-02-02T17:00:13.145Z", "updatedAt": "2020-02-02T17:01:09.516Z", "width": 296, "height": 640}, {"id": "0117fb9f-c7ca-40f6-8c61-bc9631015719", "url": "https://megapx-assets.dcard.tw/images/6be91c6f-661a-4581-a9b8-ae93d3906c84/1280.jpeg", "normalizedUrl": "https://megapx.dcard.tw/v1/images/6be91c6f-661a-4581-a9b8-ae93d3906c84", "thumbnail": "https://megapx-assets.dcard.tw/images/6be91c6f-661a-4581-a9b8-ae93d3906c84/640.jpeg", "type": "image/megapx", "tags": ["ANNOTATED"], "createdAt": "2020-02-02T17:00:13.145Z", "updatedAt": "2020-02-02T17:01:09.516Z", "width": 828, "height": 1792}], "reactions": [{"id": "286f599c-f86a-4932-82f0-f5a06f1eca03", "count": 1}], "hidden": false, "customStyle": null, "isSuspiciousAccount": false, "layout": "classic", "withImages": true, "withVideos": false, "media": [{"url": "https://megapx-assets.dcard.tw/images/6be91c6f-661a-4581-a9b8-ae93d3906c84/1280.jpeg"}], "reportReasonText": "", "postAvatar": ""}, {"id": 233012413, "title": "iPhone 11 啊啊啊啊啊啊啊啊😭", "excerpt": "#問題，#求救，#急在線等，#HELP，本人使用iphone11，今天無論如何都叫不出Siri，也看了設定，都有開啟Siri 的服務，不知道為什麼就是叫不出來...，而且打字的麥克風也用不了...？不", "anonymousSchool": false, "anonymousDepartment": true, "pinned": false, "forumId": "42bfdc63-8601-4e87-b53c-53d831caa2cf", "replyId": null, "createdAt": "2020-02-04T02:11:08.007Z", "updatedAt": "2020-02-04T02:11:08.007Z", "commentCount": 3, "likeCount": 0, "withNickname": false, "tags": ["HIDE_THUMBNAIL"], "topics": ["手機", "iPhone"], "meta": {"layout": "classic"}, "forumName": "Apple", "forumAlias": "apple", "gender": "F", "school": "開南大學", "replyTitle": null, "mediaMeta": [], "reactions": [], "hidden": false, "customStyle": null, "isSuspiciousAccount": false, "layout": "classic", "withImages": false, "withVideos": false, "media": [], "reportReasonText": "", "postAvatar": ""}, {"id": 233012339, "title": "iOS 13.3.1", "excerpt": "各位你們好，我是遠古人類剛從11跳到13系統，想問為什麼開啟每個app都會問，是否連接藍芽？請問這功能主要用意是什麼呢？以前就都會接藍芽耳機，但現在一些連不是音樂的程式都會問是什麼原因蠻好奇的。先謝謝", "anonymousSchool": false, "anonymousDepartment": true, "pinned": false, "forumId": "42bfdc63-8601-4e87-b53c-53d831caa2cf", "replyId": null, "createdAt": "2020-02-04T01:51:45.230Z", "updatedAt": "2020-02-04T01:51:45.230Z", "commentCount": 0, "likeCount": 0, "withNickname": false, "tags": ["HIDE_THUMBNAIL"], "topics": ["Apple", "iPhone", "iOS"], "meta": {"layout": "classic"}, "forumName": "Apple", "forumAlias": "apple", "gender": "M", "school": "朝陽科技大學", "replyTitle": null, "mediaMeta": [], "reactions": [], "hidden": false, "customStyle": null, "isSuspiciousAccount": false, "layout": "classic", "withImages": false, "withVideos": false, "media": [], "reportReasonText": "", "postAvatar": ""}, {"id": 233011635, "title": "簡訊問題 求救😭", "excerpt": "我想請問為什麼我的IPhone會有漏接收的簡訊，可是MacBook上卻有顯示，這是否代表我傳給對方的，對方沒收到，因為macbook同步上面有些我傳送的 沒有同步到，就是 對方傳給我的我手機沒顯示 電", "anonymousSchool": false, "anonymousDepartment": true, "pinned": false, "forumId": "42bfdc63-8601-4e87-b53c-53d831caa2cf", "replyId": null, "createdAt": "2020-02-03T18:27:46.850Z", "updatedAt": "2020-02-03T18:28:23.565Z", "commentCount": 1, "likeCount": 0, "withNickname": false, "tags": ["HIDE_THUMBNAIL"], "topics": ["簡訊"], "meta": {"layout": "classic"}, "forumName": "Apple", "forumAlias": "apple", "gender": "M", "school": "輔仁大學", "replyTitle": null, "mediaMeta": [], "reactions": [], "hidden": false, "customStyle": null, "isSuspiciousAccount": false, "layout": "classic", "withImages": false, "withVideos": false, "media": [], "reportReasonText": "", "postAvatar": ""}, {"id": 233010788, "title": "casetify airpods保護殼", "excerpt": "今天剛收到這個保護殼，但裡面有附一張四個圓圈的貼紙，有人知道這個的用途嗎", "anonymousSchool": false, "anonymousDepartment": true, "pinned": false, "forumId": "42bfdc63-8601-4e87-b53c-53d831caa2cf", "replyId": null, "createdAt": "2020-02-03T16:16:34.066Z", "updatedAt": "2020-02-03T16:16:34.066Z", "commentCount": 0, "likeCount": 0, "withNickname": false, "tags": [], "topics": ["Apple", "Airpods", "Casetify"], "meta": {"layout": "classic"}, "forumName": "Apple", "forumAlias": "apple", "gender": "M", "school": "義守大學", "replyTitle": null, "mediaMeta": [{"id": "7879d50a-4c4d-443c-81de-1e2117408aa3", "url": "https://megapx-assets.dcard.tw/images/80f8394b-7c9a-4d6d-81c5-1271ee092481/640.jpeg", "normalizedUrl": "https://megapx-assets.dcard.tw/images/80f8394b-7c9a-4d6d-81c5-1271ee092481/640.jpeg", "thumbnail": "https://megapx-assets.dcard.tw/images/80f8394b-7c9a-4d6d-81c5-1271ee092481/640.jpeg", "type": "image/thumbnail", "tags": ["ANNOTATED"], "createdAt": "2020-02-03T16:16:34.066Z", "updatedAt": "2020-02-03T16:16:34.066Z", "width": 480, "height": 640}, {"id": "7879d50a-4c4d-443c-81de-1e2117408aa3", "url": "https://megapx-assets.dcard.tw/images/80f8394b-7c9a-4d6d-81c5-1271ee092481/1280.jpeg", "normalizedUrl": "https://megapx.dcard.tw/v1/images/80f8394b-7c9a-4d6d-81c5-1271ee092481", "thumbnail": "https://megapx-assets.dcard.tw/images/80f8394b-7c9a-4d6d-81c5-1271ee092481/640.jpeg", "type": "image/megapx", "tags": ["ANNOTATED"], "createdAt": "2020-02-03T16:16:34.066Z", "updatedAt": "2020-02-03T16:16:34.066Z", "width": 1500, "height": 2000}], "reactions": [], "hidden": false, "customStyle": null, "isSuspiciousAccount": false, "layout": "classic", "withImages": true, "withVideos": false, "media": [{"url": "https://megapx-assets.dcard.tw/images/80f8394b-7c9a-4d6d-81c5-1271ee092481/1280.jpeg"}], "reportReasonText": "", "postAvatar": ""}, {"id": 233010569, "title": "想請問大家MacBook", "excerpt": "請問大家～macbook air late 2010是可以買的嗎，（平常使用只有追劇和文書處理，謝謝‍️‍️", "anonymousSchool": false, "anonymousDepartment": false, "pinned": false, "forumId": "42bfdc63-8601-4e87-b53c-53d831caa2cf", "replyId": null, "createdAt": "2020-02-03T15:53:52.317Z", "updatedAt": "2020-02-03T15:53:52.317Z", "commentCount": 4, "likeCount": 0, "withNickname": true, "tags": [], "topics": ["詢問", "MacBook"], "meta": {"layout": "classic"}, "forumName": "Apple", "forumAlias": "apple", "gender": "F", "school": "姿姿", "department": "zih_lin04", "replyTitle": null, "mediaMeta": [{"id": "02633bd5-d672-432d-9737-0c029123c3ac", "url": "https://megapx-assets.dcard.tw/images/20a23245-8fb3-42cf-943f-20bac711ee68/640.jpeg", "normalizedUrl": "https://megapx-assets.dcard.tw/images/20a23245-8fb3-42cf-943f-20bac711ee68/640.jpeg", "thumbnail": "https://megapx-assets.dcard.tw/images/20a23245-8fb3-42cf-943f-20bac711ee68/640.jpeg", "type": "image/thumbnail", "tags": [], "createdAt": "2020-02-03T15:53:52.317Z", "updatedAt": "2020-02-03T15:53:52.317Z", "width": 360, "height": 640}, {"id": "02633bd5-d672-432d-9737-0c029123c3ac", "url": "https://megapx-assets.dcard.tw/images/20a23245-8fb3-42cf-943f-20bac711ee68/1280.jpeg", "normalizedUrl": "https://megapx.dcard.tw/v1/images/20a23245-8fb3-42cf-943f-20bac711ee68", "thumbnail": "https://megapx-assets.dcard.tw/images/20a23245-8fb3-42cf-943f-20bac711ee68/640.jpeg", "type": "image/megapx", "tags": [], "createdAt": "2020-02-03T15:53:52.317Z", "updatedAt": "2020-02-03T15:53:52.317Z", "width": 750, "height": 1334}, {"id": "a747ced0-a2c4-4814-ac4f-755bb1c35b4b", "url": "https://megapx-assets.dcard.tw/images/61de4bd0-d3ce-4c79-ab33-0d2d35faaa38/1280.jpeg", "normalizedUrl": "https://megapx.dcard.tw/v1/images/61de4bd0-d3ce-4c79-ab33-0d2d35faaa38", "thumbnail": "https://megapx-assets.dcard.tw/images/61de4bd0-d3ce-4c79-ab33-0d2d35faaa38/640.jpeg", "type": "image/megapx", "tags": [], "createdAt": "2020-02-03T15:53:52.317Z", "updatedAt": "2020-02-03T15:53:52.317Z", "width": 750, "height": 1334}], "reactions": [], "hidden": false, "customStyle": null, "isSuspiciousAccount": false, "layout": "classic", "withImages": true, "withVideos": false, "media": [{"url": "https://megapx-assets.dcard.tw/images/20a23245-8fb3-42cf-943f-20bac711ee68/1280.jpeg"}, {"url": "https://megapx-assets.dcard.tw/images/61de4bd0-d3ce-4c79-ab33-0d2d35faaa38/1280.jpeg"}], "reportReasonText": "", "postAvatar": ""}, {"id": 233010468, "title": "如何取消訂閱", "excerpt": "現在我按訂閱項目裡面是空的 這樣代表我沒有訂閱東西嗎 還是我打客服去就能確定我下一期需不需要支付額外的費用", "anonymousSchool": false, "anonymousDepartment": true, "pinned": false, "forumId": "42bfdc63-8601-4e87-b53c-53d831caa2cf", "replyId": null, "createdAt": "2020-02-03T15:40:59.412Z", "updatedAt": "2020-02-03T15:40:59.412Z", "commentCount": 0, "likeCount": 0, "withNickname": false, "tags": ["HIDE_THUMBNAIL"], "topics": ["Apple", "iPhone", "iOS", "問題", "手機"], "meta": {"layout": "classic"}, "forumName": "Apple", "forumAlias": "apple", "gender": "M", "school": "國立臺灣海洋大學", "replyTitle": null, "mediaMeta": [], "reactions": [], "hidden": false, "customStyle": null, "isSuspiciousAccount": false, "layout": "classic", "withImages": false, "withVideos": false, "media": [], "reportReasonText": "", "postAvatar": ""}, {"id": 233010201, "title": "直營店能試戴Airpods pro嗎", "excerpt": "我最近想買airpods pro，只是我在戴2代airpods時左耳會痛，應該是耳洞太小的關係，我想問各位大大，台北的直營店有提供試戴airpods pro的服務嗎？？因為pro的size似乎比2代大", "anonymousSchool": false, "anonymousDepartment": true, "pinned": false, "forumId": "42bfdc63-8601-4e87-b53c-53d831caa2cf", "replyId": null, "createdAt": "2020-02-03T15:11:08.521Z", "updatedAt": "2020-02-03T15:16:12.905Z", "commentCount": 9, "likeCount": 0, "withNickname": false, "tags": ["HIDE_THUMBNAIL"], "topics": ["Apple", "AirPodsPro", "直營店", "試戴", "Airpods2"], "meta": {"layout": "classic"}, "forumName": "Apple", "forumAlias": "apple", "gender": "M", "school": "長庚大學", "replyTitle": null, "mediaMeta": [], "reactions": [], "hidden": false, "customStyle": null, "isSuspiciousAccount": false, "layout": "classic", "withImages": false, "withVideos": false, "media": [], "reportReasonText": "", "postAvatar": ""}, {"id": 233010090, "title": "請問大家都哪裡買五星梅花起子呀？", "excerpt": "今天去了光華某家電子材料行，希望買到可以拆macbook pro 的背蓋的梅花起子，但結果他明明就是畫T5的一顆五角星星，回家以後才發現是六角星形起子＝＝真的覺得很北七，但是好像在當場看半天也沒有看到", "anonymousSchool": false, "anonymousDepartment": true, "pinned": false, "forumId": "42bfdc63-8601-4e87-b53c-53d831caa2cf", "replyId": null, "createdAt": "2020-02-03T14:59:06.646Z", "updatedAt": "2020-02-03T14:59:06.646Z", "commentCount": 7, "likeCount": 0, "withNickname": false, "tags": [], "topics": ["diy", "起子", "梅花", "macbook", "累"], "meta": {"layout": "classic"}, "forumName": "Apple", "forumAlias": "apple", "gender": "M", "school": "國立臺灣大學", "replyTitle": null, "mediaMeta": [], "reactions": [], "hidden": false, "customStyle": null, "isSuspiciousAccount": false, "layout": "classic", "withImages": false, "withVideos": false, "media": [], "reportReasonText": "", "postAvatar": ""}, {"id": 233008802, "title": "Iphone11超廣角很不清楚", "excerpt": "發現用超廣角拍照會糊糊的耶，就是畫質沒有很好，但有時候又沒那麼糊的感覺，是正常的嗎🤔", "anonymousSchool": false, "anonymousDepartment": true, "pinned": false, "forumId": "42bfdc63-8601-4e87-b53c-53d831caa2cf", "replyId": null, "createdAt": "2020-02-03T11:59:04.051Z", "updatedAt": "2020-02-03T11:59:04.051Z", "commentCount": 8, "likeCount": 0, "withNickname": false, "tags": ["HIDE_THUMBNAIL"], "topics": [], "meta": {"layout": "classic"}, "forumName": "Apple", "forumAlias": "apple", "gender": "F", "school": "萬能科技大學", "replyTitle": null, "mediaMeta": [], "reactions": [], "hidden": false, "customStyle": null, "isSuspiciousAccount": false, "layout": "classic", "withImages": false, "withVideos": false, "media": [], "reportReasonText": "", "postAvatar": ""}]