[{"id": 233006966, "title": "Kobe過世湖人隊首戰，CP查理獻唱〈See you again〉感動全場", "excerpt": "Kobe 過世湖人隊首戰，Charlie Puth & Wiz Khalifa 獻唱〈See you again〉場面感傷，現場影片＋介紹，NBA 球星 Kobe Bryant 日前墜機身亡的消息讓各", "anonymousSchool": false, "anonymousDepartment": false, "pinned": false, "forumId": "863b960a-72a8-4479-80a2-b976275c002e", "replyId": null, "createdAt": "2020-02-03T07:41:36.837Z", "updatedAt": "2020-02-03T07:41:36.837Z", "commentCount": 0, "likeCount": 5, "withNickname": true, "tags": [], "topics": ["NBA", "KobeBryant", "Kobe", "籃球", "湖人"], "meta": {"layout": "classic"}, "forumName": "籃球", "forumAlias": "basketball", "gender": "F", "school": "melcris", "department": "melcris", "replyTitle": null, "mediaMeta": [{"id": "d8a99924-0d5d-4951-9f4c-e79b26efac7d", "url": "https://i.imgur.com/WmeQtUwl.jpg", "normalizedUrl": "https://i.imgur.com/WmeQtUwl.jpg", "thumbnail": "https://i.imgur.com/WmeQtUwl.jpg", "type": "image/thumbnail", "tags": ["ANNOTATED"], "createdAt": "2020-02-03T07:41:36.837Z", "updatedAt": "2020-02-03T07:41:36.837Z"}, {"id": "d8a99924-0d5d-4951-9f4c-e79b26efac7d", "url": "http://i.imgur.com/WmeQtUw.jpg", "normalizedUrl": "https://imgur.com/WmeQtUw", "thumbnail": "https://i.imgur.com/WmeQtUwl.jpg", "type": "image/imgur", "tags": ["ANNOTATED"], "createdAt": "2020-02-03T07:41:36.837Z", "updatedAt": "2020-02-03T07:41:36.837Z"}], "reactions": [{"id": "286f599c-f86a-4932-82f0-f5a06f1eca03", "count": 5}], "hidden": false, "customStyle": null, "isSuspiciousAccount": false, "layout": "classic", "withImages": true, "withVideos": false, "media": [{"url": "http://i.imgur.com/WmeQtUw.jpg"}], "reportReasonText": "", "postAvatar": ""}, {"id": 233010778, "title": "亞洲盃男籃資格賽購票", "excerpt": "請問現在中華隊的亞洲盃男籃資格賽還可以購票嗎 ？如果可以要在哪裡購票，有上網爬文過了 都沒有發現類似的資訊", "anonymousSchool": false, "anonymousDepartment": false, "pinned": false, "forumId": "863b960a-72a8-4479-80a2-b976275c002e", "replyId": null, "createdAt": "2020-02-03T16:15:37.399Z", "updatedAt": "2020-02-03T16:15:37.399Z", "commentCount": 2, "likeCount": 2, "withNickname": true, "tags": [], "topics": ["購票", "資格", "亞洲盃", "男籃", "籃球"], "meta": {"layout": "classic"}, "forumName": "籃球", "forumAlias": "basketball", "gender": "M", "school": "匿名", "department": "jh01", "replyTitle": null, "mediaMeta": [], "reactions": [{"id": "286f599c-f86a-4932-82f0-f5a06f1eca03", "count": 2}], "hidden": false, "customStyle": null, "isSuspiciousAccount": false, "layout": "classic", "withImages": false, "withVideos": false, "media": [], "reportReasonText": "", "postAvatar": ""}, {"id": 233007119, "title": "交易傳言（近期）", "excerpt": "台灣時間2/7為交易截止日，今年交易市場真的蠻冷的不過最後一個禮拜應該會較熱絡一些，簡單整理這幾天在各論壇看到的交易流言，1.火箭有意交易capela至東區球隊，2.灰狼Covington的交易會在這", "anonymousSchool": false, "anonymousDepartment": true, "pinned": false, "forumId": "863b960a-72a8-4479-80a2-b976275c002e", "replyId": null, "createdAt": "2020-02-03T08:08:31.677Z", "updatedAt": "2020-02-03T08:38:11.590Z", "commentCount": 0, "likeCount": 2, "withNickname": false, "tags": [], "topics": ["交易", "NBA", "籃球"], "meta": {"layout": "classic"}, "forumName": "籃球", "forumAlias": "basketball", "gender": "F", "school": "世新大學", "replyTitle": null, "mediaMeta": [], "reactions": [{"id": "286f599c-f86a-4932-82f0-f5a06f1eca03", "count": 2}], "hidden": false, "customStyle": null, "isSuspiciousAccount": false, "layout": "classic", "withImages": false, "withVideos": false, "media": [], "reportReasonText": "", "postAvatar": ""}, {"id": 233008394, "title": "鵜鵠484要起飛了", "excerpt": "如題，球哥神組織三分逐漸穩定，ingram各種切中距離三分球，zion身體慢慢回覆，這三人如果願意的話，恐怕是未來的三巨頭", "anonymousSchool": false, "anonymousDepartment": true, "pinned": false, "forumId": "863b960a-72a8-4479-80a2-b976275c002e", "replyId": null, "createdAt": "2020-02-03T10:51:46.696Z", "updatedAt": "2020-02-03T10:51:46.696Z", "commentCount": 2, "likeCount": 1, "withNickname": false, "tags": [], "topics": ["NBA"], "meta": {"layout": "classic"}, "forumName": "籃球", "forumAlias": "basketball", "gender": "M", "school": "銘傳大學", "replyTitle": null, "mediaMeta": [], "reactions": [{"id": "286f599c-f86a-4932-82f0-f5a06f1eca03", "count": 1}], "hidden": false, "customStyle": null, "isSuspiciousAccount": false, "layout": "classic", "withImages": false, "withVideos": false, "media": [], "reportReasonText": "", "postAvatar": ""}]