[{"id": 233006524, "title": "網路小說推薦｜🥑", "excerpt": "大部分都是版上推薦的，有很喜歡的也有普通但書荒可以看的～文字都是看完之後寫的，偏主觀，不喜歡失憶和靈魂交換，喜歡很甜不虐的，會多少影響評分，滿分是五顆，但如果我太喜歡就會任性地幫它加一顆！，然後我書荒", "anonymousSchool": false, "anonymousDepartment": false, "pinned": false, "forumId": "e0a290f4-752b-48a2-a791-f211f8b46588", "replyId": null, "createdAt": "2020-02-03T06:06:06.895Z", "updatedAt": "2020-02-03T06:06:06.895Z", "commentCount": 3, "likeCount": 53, "withNickname": true, "tags": ["HIDE_THUMBNAIL"], "topics": ["推薦書單", "言情小說"], "meta": {"layout": "classic"}, "forumName": "書籍", "forumAlias": "book", "gender": "F", "school": "可以嫁給許光漢嗎", "department": "clairio", "replyTitle": null, "mediaMeta": [], "reactions": [{"id": "286f599c-f86a-4932-82f0-f5a06f1eca03", "count": 53}], "hidden": false, "customStyle": null, "isSuspiciousAccount": false, "layout": "classic", "withImages": false, "withVideos": false, "media": [], "reportReasonText": "", "postAvatar": ""}, {"id": 233005932, "title": "#推薦  書單  #肉文 #np文", "excerpt": "嗨~~關於小女子的書庫，鬧書荒已久了QQ，不知版上有沒有同好，不喜肉文、np文的請勿進入，後宮是我的幻想啊哈哈，歡迎大家留言，小女子感激不盡~~，--------------------順序無關排名，", "anonymousSchool": false, "anonymousDepartment": false, "pinned": false, "forumId": "e0a290f4-752b-48a2-a791-f211f8b46588", "replyId": null, "createdAt": "2020-02-03T03:51:19.349Z", "updatedAt": "2020-02-03T06:47:05.319Z", "commentCount": 3, "likeCount": 27, "withNickname": true, "tags": [], "topics": ["肉文", "書單", "推薦書單", "原創小說"], "meta": {"layout": "classic"}, "forumName": "書籍", "forumAlias": "book", "gender": "F", "school": "碎花衣", "department": "hjpfd", "replyTitle": null, "mediaMeta": [], "reactions": [{"id": "286f599c-f86a-4932-82f0-f5a06f1eca03", "count": 27}], "hidden": false, "customStyle": null, "isSuspiciousAccount": false, "layout": "classic", "withImages": false, "withVideos": false, "media": [], "reportReasonText": "", "postAvatar": ""}, {"id": 233012099, "title": "#推薦《一瞬之光》", "excerpt": "「人一但放棄自食其力的能力就會失去自我。」『才沒那回事。任何人都需要靠別人的扶持，有人幫忙、有人愛護才能夠度過艱困的人生。你總是一個人，只想著幫助別人。其實你根本不了解自己其實也是非常、非常脆弱的。』", "anonymousSchool": false, "anonymousDepartment": true, "pinned": false, "forumId": "e0a290f4-752b-48a2-a791-f211f8b46588", "replyId": null, "createdAt": "2020-02-03T23:52:08.181Z", "updatedAt": "2020-02-03T23:52:25.038Z", "commentCount": 0, "likeCount": 2, "withNickname": false, "tags": [], "topics": ["馬村雀雀醬", "希小姐"], "meta": {"layout": "classic"}, "forumName": "書籍", "forumAlias": "book", "gender": "F", "school": "大仁科技大學", "replyTitle": null, "mediaMeta": [{"id": "28b76bb8-2317-4bbb-859c-67338ef73a25", "url": "https://megapx-assets.dcard.tw/images/6e21ee35-0bd4-497e-a966-f36de593b605/640.jpeg", "normalizedUrl": "https://megapx-assets.dcard.tw/images/6e21ee35-0bd4-497e-a966-f36de593b605/640.jpeg", "thumbnail": "https://megapx-assets.dcard.tw/images/6e21ee35-0bd4-497e-a966-f36de593b605/640.jpeg", "type": "image/thumbnail", "tags": ["ANNOTATED"], "createdAt": "2020-02-03T23:52:08.181Z", "updatedAt": "2020-02-03T23:52:25.038Z", "width": 360, "height": 640}, {"id": "28b76bb8-2317-4bbb-859c-67338ef73a25", "url": "https://megapx-assets.dcard.tw/images/6e21ee35-0bd4-497e-a966-f36de593b605/1280.jpeg", "normalizedUrl": "https://megapx.dcard.tw/v1/images/6e21ee35-0bd4-497e-a966-f36de593b605", "thumbnail": "https://megapx-assets.dcard.tw/images/6e21ee35-0bd4-497e-a966-f36de593b605/640.jpeg", "type": "image/megapx", "tags": ["ANNOTATED"], "createdAt": "2020-02-03T23:52:08.181Z", "updatedAt": "2020-02-03T23:52:25.038Z", "width": 750, "height": 1334}], "reactions": [{"id": "286f599c-f86a-4932-82f0-f5a06f1eca03", "count": 2}], "hidden": false, "customStyle": null, "isSuspiciousAccount": false, "layout": "classic", "withImages": true, "withVideos": false, "media": [{"url": "https://megapx-assets.dcard.tw/images/6e21ee35-0bd4-497e-a966-f36de593b605/1280.jpeg"}], "reportReasonText": "", "postAvatar": ""}, {"id": 233011362, "title": "找書 古代言情姐妹系列", "excerpt": "幾個姐妹同時出嫁到不同地方，卻都嫁到對方的夫君，其中有個很膽小的姐妹，卻嫁到草原需要騎馬", "anonymousSchool": false, "anonymousDepartment": false, "pinned": false, "forumId": "e0a290f4-752b-48a2-a791-f211f8b46588", "replyId": null, "createdAt": "2020-02-03T17:31:05.844Z", "updatedAt": "2020-02-03T17:31:05.844Z", "commentCount": 1, "likeCount": 2, "withNickname": false, "tags": [], "topics": ["古代", "言情", "找書", "小說", "言情小說"], "meta": {"layout": "classic"}, "forumName": "書籍", "forumAlias": "book", "gender": "F", "school": "美和科技大學", "department": "護理系", "replyTitle": null, "mediaMeta": [], "reactions": [{"id": "286f599c-f86a-4932-82f0-f5a06f1eca03", "count": 2}], "hidden": false, "customStyle": null, "isSuspiciousAccount": false, "layout": "classic", "withImages": false, "withVideos": false, "media": [], "reportReasonText": "", "postAvatar": ""}, {"id": 233011676, "title": "夢夢月刊", "excerpt": "請問若把夢夢月刊賣出去會有人想買嗎？這裡有12本，看過一次後就收在書櫃裡，幾乎都是2013年的月刊~", "anonymousSchool": false, "anonymousDepartment": false, "pinned": false, "forumId": "e0a290f4-752b-48a2-a791-f211f8b46588", "replyId": null, "createdAt": "2020-02-03T18:38:20.940Z", "updatedAt": "2020-02-03T18:38:20.940Z", "commentCount": 2, "likeCount": 1, "withNickname": false, "tags": [], "topics": ["夢夢", "月刊", "找書"], "meta": {"layout": "classic"}, "forumName": "書籍", "forumAlias": "book", "gender": "F", "school": "輔英科技大學", "department": "護理系", "replyTitle": null, "mediaMeta": [], "reactions": [{"id": "286f599c-f86a-4932-82f0-f5a06f1eca03", "count": 1}], "hidden": false, "customStyle": null, "isSuspiciousAccount": false, "layout": "classic", "withImages": false, "withVideos": false, "media": [], "reportReasonText": "", "postAvatar": ""}, {"id": 233011322, "title": "#找書 之前有人分享過同一作者的系列小說", "excerpt": "如題，忘記收藏了，同一個作者被分享好幾個系列的書，有些是上下集，台灣的作者 跪求！，記得那篇得到蠻大的迴響", "anonymousSchool": false, "anonymousDepartment": true, "pinned": false, "forumId": "e0a290f4-752b-48a2-a791-f211f8b46588", "replyId": null, "createdAt": "2020-02-03T17:24:04.087Z", "updatedAt": "2020-02-03T17:24:04.087Z", "commentCount": 0, "likeCount": 1, "withNickname": false, "tags": ["HIDE_THUMBNAIL"], "topics": ["作者", "推薦書單"], "meta": {"layout": "classic"}, "forumName": "書籍", "forumAlias": "book", "gender": "F", "school": "弘光科技大學", "replyTitle": null, "mediaMeta": [], "reactions": [{"id": "286f599c-f86a-4932-82f0-f5a06f1eca03", "count": 1}], "hidden": false, "customStyle": null, "isSuspiciousAccount": false, "layout": "classic", "withImages": false, "withVideos": false, "media": [], "reportReasonText": "", "postAvatar": ""}, {"id": 233009529, "title": "問一部總裁小說", "excerpt": "寒假不知道幹嘛所以把以前看過的小說翻出來看，重看一次總裁在上我在下（真的超好看...宮歐好帥><），想問一部總裁小說，不記得男女主的名字QQ，但記得正文後面還有寫男女主小孩子長大後之間的愛情，我知道線", "anonymousSchool": false, "anonymousDepartment": true, "pinned": false, "forumId": "e0a290f4-752b-48a2-a791-f211f8b46588", "replyId": null, "createdAt": "2020-02-03T13:47:47.696Z", "updatedAt": "2020-02-03T13:47:47.696Z", "commentCount": 1, "likeCount": 1, "withNickname": false, "tags": [], "topics": ["言情小說", "總裁"], "meta": {"layout": "classic"}, "forumName": "書籍", "forumAlias": "book", "gender": "F", "school": "國立成功大學", "replyTitle": null, "mediaMeta": [], "reactions": [{"id": "286f599c-f86a-4932-82f0-f5a06f1eca03", "count": 1}], "hidden": false, "customStyle": null, "isSuspiciousAccount": false, "layout": "classic", "withImages": false, "withVideos": false, "media": [], "reportReasonText": "", "postAvatar": ""}]