[{"id": 232925789, "title": "#教學 如何在手機上瀏覽此看板", "excerpt": "Hi 各位卡友，在與 Apple 及 Google 花了很多時間溝通及確認後，為了讓各位卡友未來無論何時，都能有良好的產品體驗，因此有了這一次的版本更新，希望取得規範與使用上的平衡，保證大家能享受完整", "anonymousSchool": false, "anonymousDepartment": true, "pinned": true, "forumId": "9a62803d-a808-4a80-ad8c-1a3f2098c7bd", "replyId": null, "createdAt": "2020-01-20T10:45:30.874Z", "updatedAt": "2020-01-20T10:56:01.561Z", "commentCount": 0, "likeCount": 4, "withNickname": true, "tags": [], "topics": [], "meta": {"layout": "classic"}, "forumName": "男孩", "forumAlias": "boy", "gender": "D", "school": "客服小天使", "department": "dcard_support_2", "replyTitle": null, "mediaMeta": [{"id": "ee7fe04a-8604-411b-a13a-c3f5ac0f7f18", "url": "https://i.imgur.com/VQhfJHfl.jpg", "normalizedUrl": "https://i.imgur.com/VQhfJHfl.jpg", "thumbnail": "https://i.imgur.com/VQhfJHfl.jpg", "type": "image/thumbnail", "tags": ["NO_NEED_ANNOTATED"], "createdAt": "2020-01-20T10:45:30.874Z", "updatedAt": "2020-01-20T10:56:01.561Z"}, {"id": "ee7fe04a-8604-411b-a13a-c3f5ac0f7f18", "url": "http://i.imgur.com/VQhfJHf.png", "normalizedUrl": "https://imgur.com/VQhfJHf", "thumbnail": "https://i.imgur.com/VQhfJHfl.jpg", "type": "image/imgur", "tags": ["NO_NEED_ANNOTATED"], "createdAt": "2020-01-20T10:45:30.874Z", "updatedAt": "2020-01-20T10:56:01.561Z"}, {"id": "d8c54f3b-267e-4320-9d5a-3a38a4e2fdca", "url": "http://i.imgur.com/K4BDEsG.png", "normalizedUrl": "https://imgur.com/K4BDEsG", "thumbnail": "https://i.imgur.com/K4BDEsGl.jpg", "type": "image/imgur", "tags": ["NO_NEED_ANNOTATED"], "createdAt": "2020-01-20T10:45:30.874Z", "updatedAt": "2020-01-20T10:56:01.561Z"}, {"id": "ff521f62-2527-4de7-af85-cdb7233a3ef3", "url": "http://i.imgur.com/z0drHeZ.png", "normalizedUrl": "https://imgur.com/z0drHeZ", "thumbnail": "https://i.imgur.com/z0drHeZl.jpg", "type": "image/imgur", "tags": ["NO_NEED_ANNOTATED"], "createdAt": "2020-01-20T10:45:30.874Z", "updatedAt": "2020-01-20T10:56:01.561Z"}], "reactions": [{"id": "286f599c-f86a-4932-82f0-f5a06f1eca03", "count": 4}], "hidden": false, "customStyle": null, "isSuspiciousAccount": false, "layout": "classic", "withImages": true, "withVideos": false, "media": [{"url": "http://i.imgur.com/VQhfJHf.png"}, {"url": "http://i.imgur.com/K4BDEsG.png"}, {"url": "http://i.imgur.com/z0drHeZ.png"}], "reportReasonText": "", "postAvatar": ""}, {"id": 233009083, "title": "#問 摸奶頭尻", "excerpt": "想知道有人會跟我一樣摸奶頭尻嗎，不看片光摸自己的奶頭就超爽⋯", "anonymousSchool": true, "anonymousDepartment": true, "pinned": false, "forumId": "9a62803d-a808-4a80-ad8c-1a3f2098c7bd", "replyId": null, "createdAt": "2020-02-03T12:46:39.977Z", "updatedAt": "2020-02-03T12:46:39.977Z", "commentCount": 14, "likeCount": 6, "withNickname": false, "tags": ["HIDE_THUMBNAIL"], "topics": [], "meta": {"layout": "classic"}, "forumName": "男孩", "forumAlias": "boy", "gender": "M", "replyTitle": null, "mediaMeta": [], "reactions": [{"id": "286f599c-f86a-4932-82f0-f5a06f1eca03", "count": 6}], "hidden": false, "customStyle": null, "isSuspiciousAccount": false, "layout": "classic", "withImages": false, "withVideos": false, "media": [], "reportReasonText": "", "postAvatar": ""}, {"id": 233011886, "title": "台體大體育系有同志嗎", "excerpt": "每個同志朋友知道我在台體都會羨慕的說你們學校很多同志，但我都沒遇到 ，也有聽說體育系其實很多只是都不敢公開，是真的嗎？", "anonymousSchool": true, "anonymousDepartment": true, "pinned": false, "forumId": "9a62803d-a808-4a80-ad8c-1a3f2098c7bd", "replyId": null, "createdAt": "2020-02-03T20:04:29.968Z", "updatedAt": "2020-02-03T20:04:29.968Z", "commentCount": 2, "likeCount": 4, "withNickname": false, "tags": [], "topics": ["台體", "體育", "同志", "男生"], "meta": {"layout": "classic"}, "forumName": "男孩", "forumAlias": "boy", "gender": "M", "replyTitle": null, "mediaMeta": [], "reactions": [{"id": "286f599c-f86a-4932-82f0-f5a06f1eca03", "count": 4}], "hidden": false, "customStyle": null, "isSuspiciousAccount": false, "layout": "classic", "withImages": false, "withVideos": false, "media": [], "reportReasonText": "", "postAvatar": ""}, {"id": 233006071, "title": "求救", "excerpt": "小弟我呢 最近不知道是甚麼關係寒流嗎？還是什麼我不知道，可是最近洗澡的時候，發現重要部位有破皮流血，然後用熱水洗到流血的地方真的超痛，有四個破皮小流血的地方，好像要裂掉的感覺，先說，我是沒割過包皮的男", "anonymousSchool": true, "anonymousDepartment": true, "pinned": false, "forumId": "9a62803d-a808-4a80-ad8c-1a3f2098c7bd", "replyId": null, "createdAt": "2020-02-03T04:21:55.768Z", "updatedAt": "2020-02-03T04:21:55.768Z", "commentCount": 7, "likeCount": 3, "withNickname": false, "tags": [], "topics": ["男生", "男生保養"], "meta": {"layout": "classic"}, "forumName": "男孩", "forumAlias": "boy", "gender": "M", "replyTitle": null, "mediaMeta": [], "reactions": [{"id": "286f599c-f86a-4932-82f0-f5a06f1eca03", "count": 3}], "hidden": false, "customStyle": null, "isSuspiciousAccount": false, "layout": "classic", "withImages": false, "withVideos": false, "media": [], "reportReasonText": "", "postAvatar": ""}, {"id": 233010177, "title": "洗澡順序", "excerpt": "請問各位帥帥，冬天時洗澡都先洗頭 洗臉還是身體，然後洗完是先吹頭髮還是保養呢？最近天氣實在太冷了 洗完澡沒有先用吹風機熱身真的不行", "anonymousSchool": true, "anonymousDepartment": true, "pinned": false, "forumId": "9a62803d-a808-4a80-ad8c-1a3f2098c7bd", "replyId": null, "createdAt": "2020-02-03T15:08:51.350Z", "updatedAt": "2020-02-03T15:08:51.350Z", "commentCount": 6, "likeCount": 1, "withNickname": false, "tags": ["HIDE_THUMBNAIL"], "topics": ["洗澡"], "meta": {"layout": "classic"}, "forumName": "男孩", "forumAlias": "boy", "gender": "M", "replyTitle": null, "mediaMeta": [], "reactions": [{"id": "286f599c-f86a-4932-82f0-f5a06f1eca03", "count": 1}], "hidden": false, "customStyle": null, "isSuspiciousAccount": false, "layout": "classic", "withImages": false, "withVideos": false, "media": [], "reportReasonText": "", "postAvatar": ""}, {"id": 233008177, "title": "南大體育系有同志嗎？", "excerpt": "今天第一次到台南大學運動，正好看到類似田徑隊的在練習，突然發現有幾個挺帥的，就很好奇裡面有沒有圈內的人，好想認識一下。", "anonymousSchool": true, "anonymousDepartment": true, "pinned": false, "forumId": "9a62803d-a808-4a80-ad8c-1a3f2098c7bd", "replyId": null, "createdAt": "2020-02-03T10:24:31.201Z", "updatedAt": "2020-02-03T16:28:04.539Z", "commentCount": 1, "likeCount": 1, "withNickname": false, "tags": [], "topics": ["體育", "同志", "男生", "台南大學"], "meta": {"layout": "classic"}, "forumName": "男孩", "forumAlias": "boy", "gender": "M", "replyTitle": null, "mediaMeta": [], "reactions": [{"id": "286f599c-f86a-4932-82f0-f5a06f1eca03", "count": 1}], "hidden": false, "customStyle": null, "isSuspiciousAccount": false, "layout": "classic", "withImages": false, "withVideos": false, "media": [], "reportReasonText": "", "postAvatar": ""}, {"id": 233005464, "title": "服兵役與學校", "excerpt": "本人目前讀四大名校，這樣進入服兵役容易被霸凌針對嗎，又再加上我有點笨手笨腳，應該容易被取笑吧…，唉", "anonymousSchool": true, "anonymousDepartment": true, "pinned": false, "forumId": "9a62803d-a808-4a80-ad8c-1a3f2098c7bd", "replyId": null, "createdAt": "2020-02-03T01:41:11.661Z", "updatedAt": "2020-02-03T01:41:11.661Z", "commentCount": 8, "likeCount": 1, "withNickname": false, "tags": [], "topics": [], "meta": {"layout": "classic"}, "forumName": "男孩", "forumAlias": "boy", "gender": "M", "replyTitle": null, "mediaMeta": [], "reactions": [{"id": "286f599c-f86a-4932-82f0-f5a06f1eca03", "count": 1}], "hidden": false, "customStyle": null, "isSuspiciousAccount": false, "layout": "classic", "withImages": false, "withVideos": false, "media": [], "reportReasonText": "", "postAvatar": ""}, {"id": 233009802, "title": "Onlyfans問題請教", "excerpt": "請問身分審核通過了 添加銀行（收款） 選擇國際轉帳，帳戶/IBAN（ ACCOUNT/IBAN ）是要輸入什麼呢？？為什麼只能輸入10個數字？？", "anonymousSchool": true, "anonymousDepartment": true, "pinned": false, "forumId": "9a62803d-a808-4a80-ad8c-1a3f2098c7bd", "replyId": null, "createdAt": "2020-02-03T14:22:18.488Z", "updatedAt": "2020-02-03T15:08:41.284Z", "commentCount": 2, "likeCount": 0, "withNickname": false, "tags": [], "topics": [], "meta": {"layout": "classic"}, "forumName": "男孩", "forumAlias": "boy", "gender": "M", "replyTitle": null, "mediaMeta": [], "reactions": [], "hidden": false, "customStyle": null, "isSuspiciousAccount": false, "layout": "classic", "withImages": false, "withVideos": false, "media": [], "reportReasonText": "", "postAvatar": ""}]