[{"id": 232925628, "title": "#教學 如何在手機上瀏覽此看板", "excerpt": "Hi 各位卡友，在與 Apple 及 Google 花了很多時間溝通及確認後，為了讓各位卡友未來無論何時，都能有良好的產品體驗，因此有了這一次的版本更新，希望取得規範與使用上的平衡，保證大家能享受完整", "anonymousSchool": false, "anonymousDepartment": false, "pinned": true, "forumId": "e6b363d9-9ec0-450c-bdcc-7c0c30eb1084", "replyId": null, "createdAt": "2020-01-20T10:15:55.271Z", "updatedAt": "2020-01-20T10:56:32.008Z", "commentCount": 1, "likeCount": 8, "withNickname": true, "tags": [], "topics": [], "meta": {"layout": "classic"}, "forumName": "BL", "forumAlias": "boyslove", "gender": "D", "school": "客服小天使", "department": "dcard_support_2", "replyTitle": null, "mediaMeta": [{"id": "3f8eed4e-ce61-4c9b-b648-38bbdf4218f2", "url": "https://i.imgur.com/VQhfJHfl.jpg", "normalizedUrl": "https://i.imgur.com/VQhfJHfl.jpg", "thumbnail": "https://i.imgur.com/VQhfJHfl.jpg", "type": "image/thumbnail", "tags": ["NO_NEED_ANNOTATED"], "createdAt": "2020-01-20T10:15:55.271Z", "updatedAt": "2020-01-20T10:56:32.008Z"}, {"id": "3f8eed4e-ce61-4c9b-b648-38bbdf4218f2", "url": "http://i.imgur.com/VQhfJHf.png", "normalizedUrl": "https://imgur.com/VQhfJHf", "thumbnail": "https://i.imgur.com/VQhfJHfl.jpg", "type": "image/imgur", "tags": ["NO_NEED_ANNOTATED"], "createdAt": "2020-01-20T10:15:55.271Z", "updatedAt": "2020-01-20T10:56:32.008Z"}, {"id": "d3864430-1153-498b-bdeb-09c8d22029d8", "url": "http://i.imgur.com/K4BDEsG.png", "normalizedUrl": "https://imgur.com/K4BDEsG", "thumbnail": "https://i.imgur.com/K4BDEsGl.jpg", "type": "image/imgur", "tags": ["NO_NEED_ANNOTATED"], "createdAt": "2020-01-20T10:15:55.271Z", "updatedAt": "2020-01-20T10:56:32.008Z"}, {"id": "ca16bca9-8ee5-4020-8c69-5d820398f69b", "url": "http://i.imgur.com/z0drHeZ.png", "normalizedUrl": "https://imgur.com/z0drHeZ", "thumbnail": "https://i.imgur.com/z0drHeZl.jpg", "type": "image/imgur", "tags": ["NO_NEED_ANNOTATED"], "createdAt": "2020-01-20T10:15:55.271Z", "updatedAt": "2020-01-20T10:56:32.008Z"}], "reactions": [{"id": "286f599c-f86a-4932-82f0-f5a06f1eca03", "count": 8}], "hidden": false, "customStyle": null, "isSuspiciousAccount": false, "layout": "classic", "withImages": true, "withVideos": false, "media": [{"url": "http://i.imgur.com/VQhfJHf.png"}, {"url": "http://i.imgur.com/K4BDEsG.png"}, {"url": "http://i.imgur.com/z0drHeZ.png"}], "reportReasonText": "", "postAvatar": ""}, {"id": 233006908, "title": "<圈套>特別篇:Jack的獨白", "excerpt": "我，方亮典，曾是一個傭兵，打打殺殺對我來說是很稀鬆平常的，原本我也能跟正常人一樣過著普通的生活，但在五歲時，我親眼看到父母被殺，還是被自己的親哥哥殺，對於方亮閻，我沒什麼印象，是從阿宏叔叔口中得知他在", "anonymousSchool": false, "anonymousDepartment": false, "pinned": false, "forumId": "e6b363d9-9ec0-450c-bdcc-7c0c30eb1084", "replyId": null, "createdAt": "2020-02-03T07:31:00.133Z", "updatedAt": "2020-02-03T07:31:00.133Z", "commentCount": 7, "likeCount": 19, "withNickname": true, "tags": ["HIDE_THUMBNAIL"], "topics": ["圈套", "飛唐CP", "立克CP", "Donna", "創作"], "meta": {"layout": "classic"}, "forumName": "BL", "forumAlias": "boyslove", "gender": "F", "school": "Donna", "department": "mei___", "replyTitle": null, "mediaMeta": [], "reactions": [{"id": "286f599c-f86a-4932-82f0-f5a06f1eca03", "count": 19}], "hidden": false, "customStyle": null, "isSuspiciousAccount": false, "layout": "classic", "withImages": false, "withVideos": false, "media": [], "reportReasonText": "", "postAvatar": ""}, {"id": 233009528, "title": "#原創 一葉知秋 14", "excerpt": "第十四章，星期一第一節下課，當葉子楓正坐在位子上，雙手捧著手機，等待自己的早餐送到教室的時候，一位和他說不上太熟的同學忽地來到他前面的座位，側著身子趴到他桌面上。「欸欸欸、楓葉，你今天下午有課嗎？」「", "anonymousSchool": false, "anonymousDepartment": false, "pinned": false, "forumId": "e6b363d9-9ec0-450c-bdcc-7c0c30eb1084", "replyId": 232997215, "createdAt": "2020-02-03T13:47:35.762Z", "updatedAt": "2020-02-03T13:47:35.762Z", "commentCount": 5, "likeCount": 17, "withNickname": true, "tags": ["HIDE_THUMBNAIL"], "topics": ["創作", "BL"], "meta": {"layout": "classic"}, "forumName": "BL", "forumAlias": "boyslove", "gender": "F", "school": "雨風鈴", "department": "cocoayn", "replyTitle": "#原創 一葉知秋 13", "mediaMeta": [], "reactions": [{"id": "286f599c-f86a-4932-82f0-f5a06f1eca03", "count": 17}], "hidden": false, "customStyle": null, "isSuspiciousAccount": false, "layout": "classic", "withImages": false, "withVideos": false, "media": [], "reportReasonText": "", "postAvatar": ""}, {"id": 233004475, "title": "#問 櫻賀明", "excerpt": "請問有沒有人知道櫻賀明老師的近況？他好久沒出連載了！，好喜歡他的漫畫️，惡作劇系列真的好好看，這系列已全包，一直在等他的新連載都等不到", "anonymousSchool": false, "anonymousDepartment": true, "pinned": false, "forumId": "e6b363d9-9ec0-450c-bdcc-7c0c30eb1084", "replyId": null, "createdAt": "2020-02-02T17:22:58.535Z", "updatedAt": "2020-02-02T17:22:58.535Z", "commentCount": 1, "likeCount": 13, "withNickname": false, "tags": ["HIDE_THUMBNAIL"], "topics": ["BL漫畫", "作者"], "meta": {"layout": "classic"}, "forumName": "BL", "forumAlias": "boyslove", "gender": "F", "school": "弘光科技大學", "replyTitle": null, "mediaMeta": [], "reactions": [{"id": "286f599c-f86a-4932-82f0-f5a06f1eca03", "count": 13}], "hidden": false, "customStyle": null, "isSuspiciousAccount": false, "layout": "classic", "withImages": false, "withVideos": false, "media": [], "reportReasonText": "", "postAvatar": ""}, {"id": 233010700, "title": "書荒求文🙏", "excerpt": "因為今天宣布寒假延長的關係，所以臨時多出閒閒的兩週空檔，但是我的書單又即將見底（最近棄太多了），翻了遍批踢踢也沒幾本勾我的興趣。故來板上尋求看看大家最近有沒有推薦的原創或同人（老文也歡迎），雷點：無限", "anonymousSchool": false, "anonymousDepartment": true, "pinned": false, "forumId": "e6b363d9-9ec0-450c-bdcc-7c0c30eb1084", "replyId": null, "createdAt": "2020-02-03T16:06:31.158Z", "updatedAt": "2020-02-04T01:19:36.316Z", "commentCount": 7, "likeCount": 10, "withNickname": false, "tags": [], "topics": ["BL小說", "耽美", "書單"], "meta": {"layout": "classic"}, "forumName": "BL", "forumAlias": "boyslove", "gender": "F", "school": "國立臺灣大學", "replyTitle": null, "mediaMeta": [], "reactions": [{"id": "286f599c-f86a-4932-82f0-f5a06f1eca03", "count": 10}], "hidden": false, "customStyle": null, "isSuspiciousAccount": false, "layout": "classic", "withImages": false, "withVideos": false, "media": [], "reportReasonText": "", "postAvatar": ""}, {"id": 233005495, "title": "#加印宣傳 《假失憶》《不要亂裸泳》", "excerpt": "這邊是天王星人，因為印的數量有點不夠所以厚著臉皮又來宣傳了<_O_>，如果有興趣購買的人可以看看～廖立翔不過是睡了個覺，醒來就變成另一個人！！！，他變成前男友朱博文的現任老公了！！！，情急之下只好假裝", "anonymousSchool": false, "anonymousDepartment": false, "pinned": false, "forumId": "e6b363d9-9ec0-450c-bdcc-7c0c30eb1084", "replyId": null, "createdAt": "2020-02-03T01:51:18.134Z", "updatedAt": "2020-02-03T01:51:18.134Z", "commentCount": 0, "likeCount": 8, "withNickname": true, "tags": [], "topics": ["宣傳", "BL小說", "腐", "耽美", "創作"], "meta": {"layout": "classic"}, "forumName": "BL", "forumAlias": "boyslove", "gender": "F", "school": "天王星人", "department": "jemima1230", "replyTitle": null, "mediaMeta": [{"id": "5a21ba7e-4811-469a-8735-fad8f7aa5def", "url": "https://i.imgur.com/yeez3GLl.jpg", "normalizedUrl": "https://i.imgur.com/yeez3GLl.jpg", "thumbnail": "https://i.imgur.com/yeez3GLl.jpg", "type": "image/thumbnail", "tags": ["NO_NEED_ANNOTATED"], "createdAt": "2020-02-03T01:51:18.134Z", "updatedAt": "2020-02-03T01:51:18.134Z"}, {"id": "5a21ba7e-4811-469a-8735-fad8f7aa5def", "url": "http://i.imgur.com/yeez3GL.jpg", "normalizedUrl": "https://imgur.com/yeez3GL", "thumbnail": "https://i.imgur.com/yeez3GLl.jpg", "type": "image/imgur", "tags": ["NO_NEED_ANNOTATED"], "createdAt": "2020-02-03T01:51:18.134Z", "updatedAt": "2020-02-03T01:51:18.134Z"}, {"id": "fe958f88-9bed-463b-9aeb-5bb687ee9340", "url": "http://i.imgur.com/vJd2wsj.jpg", "normalizedUrl": "https://imgur.com/vJd2wsj", "thumbnail": "https://i.imgur.com/vJd2wsjl.jpg", "type": "image/imgur", "tags": ["NO_NEED_ANNOTATED"], "createdAt": "2020-02-03T01:51:18.134Z", "updatedAt": "2020-02-03T01:51:18.134Z"}], "reactions": [{"id": "286f599c-f86a-4932-82f0-f5a06f1eca03", "count": 8}], "hidden": false, "customStyle": null, "isSuspiciousAccount": false, "layout": "classic", "withImages": true, "withVideos": false, "media": [{"url": "http://i.imgur.com/yeez3GL.jpg"}, {"url": "http://i.imgur.com/vJd2wsj.jpg"}], "reportReasonText": "", "postAvatar": ""}, {"id": 233004173, "title": "#尋文", "excerpt": "真的找了好久沒找到QQ，記得是師徒年上，美攻傲嬌徒弟受，攻有十二個徒弟，受是最小的，攻叫他十二，他們類似是皇上的御用殺手（？受在前部分失聲，因為師父娶了別人他很傷心，但攻只是好心幫助別人所以假裝成親，", "anonymousSchool": false, "anonymousDepartment": true, "pinned": false, "forumId": "e6b363d9-9ec0-450c-bdcc-7c0c30eb1084", "replyId": null, "createdAt": "2020-02-02T16:38:54.340Z", "updatedAt": "2020-02-02T16:42:32.345Z", "commentCount": 1, "likeCount": 6, "withNickname": false, "tags": [], "topics": ["尋文", "BL"], "meta": {"layout": "classic"}, "forumName": "BL", "forumAlias": "boyslove", "gender": "F", "school": "文藻外語大學", "replyTitle": null, "mediaMeta": [], "reactions": [{"id": "286f599c-f86a-4932-82f0-f5a06f1eca03", "count": 6}], "hidden": false, "customStyle": null, "isSuspiciousAccount": false, "layout": "classic", "withImages": false, "withVideos": false, "media": [], "reportReasonText": "", "postAvatar": ""}, {"id": 233009145, "title": "#尋漫 BL", "excerpt": "想請問有人知道這部的名稱和作者嗎，在網路上看到的圖 所以線索只有這張TT，拜託大家了", "anonymousSchool": false, "anonymousDepartment": true, "pinned": false, "forumId": "e6b363d9-9ec0-450c-bdcc-7c0c30eb1084", "replyId": null, "createdAt": "2020-02-03T12:55:03.355Z", "updatedAt": "2020-02-03T12:55:03.355Z", "commentCount": 3, "likeCount": 5, "withNickname": false, "tags": [], "topics": ["BL漫畫"], "meta": {"layout": "classic"}, "forumName": "BL", "forumAlias": "boyslove", "gender": "M", "school": "國立清華大學", "replyTitle": null, "mediaMeta": [{"id": "a3a2e5c6-c73a-40b1-be5b-a51a872b0a23", "url": "https://i.imgur.com/pS47Znql.jpg", "normalizedUrl": "https://i.imgur.com/pS47Znql.jpg", "thumbnail": "https://i.imgur.com/pS47Znql.jpg", "type": "image/thumbnail", "tags": ["NO_NEED_ANNOTATED"], "createdAt": "2020-02-03T12:55:03.355Z", "updatedAt": "2020-02-03T12:55:03.355Z"}, {"id": "a3a2e5c6-c73a-40b1-be5b-a51a872b0a23", "url": "http://i.imgur.com/pS47Znq.jpg", "normalizedUrl": "https://imgur.com/pS47Znq", "thumbnail": "https://i.imgur.com/pS47Znql.jpg", "type": "image/imgur", "tags": ["NO_NEED_ANNOTATED"], "createdAt": "2020-02-03T12:55:03.355Z", "updatedAt": "2020-02-03T12:55:03.355Z"}], "reactions": [{"id": "286f599c-f86a-4932-82f0-f5a06f1eca03", "count": 5}], "hidden": false, "customStyle": null, "isSuspiciousAccount": false, "layout": "classic", "withImages": true, "withVideos": false, "media": [{"url": "http://i.imgur.com/pS47Znq.jpg"}], "reportReasonText": "", "postAvatar": ""}, {"id": 233011506, "title": "#尋文 ( 網遊 校園 大神 學霸 女裝 )", "excerpt": "求文，突然想看但是忘記了，之前在卡提諾上看的，關鍵字 ： 網遊 校園 大神 學霸 女裝，攻和受同寢室，攻有在玩網遊，遊戲大神，因為一些誤會（好像是攻打受屁股？受覺得受到屈辱，又得知攻在玩遊戲，決定也玩", "anonymousSchool": false, "anonymousDepartment": true, "pinned": false, "forumId": "e6b363d9-9ec0-450c-bdcc-7c0c30eb1084", "replyId": null, "createdAt": "2020-02-03T18:00:17.098Z", "updatedAt": "2020-02-03T19:51:24.667Z", "commentCount": 1, "likeCount": 4, "withNickname": false, "tags": ["HIDE_THUMBNAIL"], "topics": ["BL小說", "耽美", "BL", "書單"], "meta": {"layout": "classic"}, "forumName": "BL", "forumAlias": "boyslove", "gender": "F", "school": "嘉南藥理大學", "replyTitle": null, "mediaMeta": [], "reactions": [{"id": "286f599c-f86a-4932-82f0-f5a06f1eca03", "count": 4}], "hidden": false, "customStyle": null, "isSuspiciousAccount": false, "layout": "classic", "withImages": false, "withVideos": false, "media": [], "reportReasonText": "", "postAvatar": ""}, {"id": 233004570, "title": "有個小疑問", "excerpt": "問題跟墨香銅臭有關，不喜歡這個作者的人可以迴避的，不用點進來沒關係喔！！，我的疑問是，最近魔道出日文版廣播劇，我看到可能是粉絲或是喜愛魔道的人，分，享了他對這些東西的喜愛，只是我不太理，解作者貌似被關", "anonymousSchool": false, "anonymousDepartment": true, "pinned": false, "forumId": "e6b363d9-9ec0-450c-bdcc-7c0c30eb1084", "replyId": null, "createdAt": "2020-02-02T17:38:45.408Z", "updatedAt": "2020-02-02T17:38:45.408Z", "commentCount": 4, "likeCount": 4, "withNickname": false, "tags": [], "topics": ["墨香銅臭"], "meta": {"layout": "classic"}, "forumName": "BL", "forumAlias": "boyslove", "gender": "F", "school": "崑山科技大學", "replyTitle": null, "mediaMeta": [], "reactions": [{"id": "286f599c-f86a-4932-82f0-f5a06f1eca03", "count": 4}], "hidden": false, "customStyle": null, "isSuspiciousAccount": false, "layout": "classic", "withImages": false, "withVideos": false, "media": [], "reportReasonText": "", "postAvatar": ""}, {"id": 233011872, "title": "#原創 朝我走來的你 2", "excerpt": "2.，國文課，老師點名學生唸課文，轉身在黑板寫下註解和補充，部分學生認真抄筆記，其餘則是在做自己的事，完全沒將心思放在課堂上。那其餘包括坐在喻少辰後方的江宇楓，雖然是拿著筆，但他卻不是在抄筆記，而是在", "anonymousSchool": false, "anonymousDepartment": false, "pinned": false, "forumId": "e6b363d9-9ec0-450c-bdcc-7c0c30eb1084", "replyId": 232943752, "createdAt": "2020-02-03T19:59:10.691Z", "updatedAt": "2020-02-03T20:11:34.365Z", "commentCount": 0, "likeCount": 2, "withNickname": true, "tags": ["HIDE_THUMBNAIL"], "topics": ["創作", "BL小說"], "meta": {"layout": "classic"}, "forumName": "BL", "forumAlias": "boyslove", "gender": "F", "school": "悉悉?", "department": "h.131", "replyTitle": "#原創 朝我走來的你 1", "mediaMeta": [], "reactions": [{"id": "286f599c-f86a-4932-82f0-f5a06f1eca03", "count": 2}], "hidden": false, "customStyle": null, "isSuspiciousAccount": false, "layout": "classic", "withImages": false, "withVideos": false, "media": [], "reportReasonText": "", "postAvatar": ""}, {"id": 233012756, "title": "#原創短篇 王子的祕密", "excerpt": "「學長，我喜歡你。」「對不起。」「學長我可以問為什麼嗎？」「我現在沒心情想這些。」「我知道了，謝謝學長。」林家偉沒想過有一天居然會目擊他們班上的萬人迷龔御銘被人表白。然後他見班上的萬人迷同學轉頭過來看", "anonymousSchool": false, "anonymousDepartment": false, "pinned": false, "forumId": "e6b363d9-9ec0-450c-bdcc-7c0c30eb1084", "replyId": null, "createdAt": "2020-02-04T03:29:14.503Z", "updatedAt": "2020-02-04T03:29:58.927Z", "commentCount": 0, "likeCount": 0, "withNickname": true, "tags": [], "topics": ["原創", "BL小說", "耽美", "創作", "BL"], "meta": {"layout": "classic"}, "forumName": "BL", "forumAlias": "boyslove", "gender": "F", "school": "天王星人", "department": "jemima1230", "replyTitle": null, "mediaMeta": [], "reactions": [], "hidden": false, "customStyle": null, "isSuspiciousAccount": false, "layout": "classic", "withImages": false, "withVideos": false, "media": [], "reportReasonText": "", "postAvatar": ""}, {"id": 233011528, "title": "#尋文", "excerpt": "我記得蠻久之前看過的，他是一篇3p現代文，偏向靈異鬼怪，主攻是鬼將軍還是王爺有點忘了，碰到0.5男主，有靈異體質，主攻好像是一直想找他的妻子，所以一直纏著0.5男主，後來忘記是怎麼找到虛弱的純受，主攻", "anonymousSchool": false, "anonymousDepartment": false, "pinned": false, "forumId": "e6b363d9-9ec0-450c-bdcc-7c0c30eb1084", "replyId": null, "createdAt": "2020-02-03T18:05:45.137Z", "updatedAt": "2020-02-03T18:05:45.137Z", "commentCount": 0, "likeCount": 0, "withNickname": false, "tags": [], "topics": ["尋文", "BL小說", "耽美", "BL"], "meta": {"layout": "classic"}, "forumName": "BL", "forumAlias": "boyslove", "gender": "F", "school": "實踐大學", "department": "食品營養與保健生技學系", "replyTitle": null, "mediaMeta": [], "reactions": [], "hidden": false, "customStyle": null, "isSuspiciousAccount": false, "layout": "classic", "withImages": false, "withVideos": false, "media": [], "reportReasonText": "", "postAvatar": ""}, {"id": 233009356, "title": "#尋文 #特傳同人", "excerpt": "突然想到就突然想看的一篇冰漾文，現代架空 短篇 至少6年前的文，鮮網還在的年代，內容大概是漾漾會唱歌、彈吉他，但是只能瞞著家人去唱歌，唱歌的時候會把瀏海夾起來，*冰炎有送漾漾一個小髮夾，老人突然想看國", "anonymousSchool": false, "anonymousDepartment": true, "pinned": false, "forumId": "e6b363d9-9ec0-450c-bdcc-7c0c30eb1084", "replyId": null, "createdAt": "2020-02-03T13:25:02.969Z", "updatedAt": "2020-02-03T13:25:02.969Z", "commentCount": 0, "likeCount": 0, "withNickname": false, "tags": [], "topics": ["同人", "特傳", "尋文"], "meta": {"layout": "classic"}, "forumName": "BL", "forumAlias": "boyslove", "gender": "F", "school": "靜宜大學", "replyTitle": null, "mediaMeta": [], "reactions": [], "hidden": false, "customStyle": null, "isSuspiciousAccount": false, "layout": "classic", "withImages": false, "withVideos": false, "media": [], "reportReasonText": "", "postAvatar": ""}]