[{"id": 232966460, "title": "#閒聊&發問區 1/27-2/3（內有上週重點整理）", "excerpt": "大家好~，米糕麻麻來了！，這周開始的閒聊發問區在這裡哦，在閒聊發問區想講什麼都可以~，只要不違反規定就好~，要蓋聊天大樓也歡迎！，就麻煩大家小問題在這裡問就好~，因為以後都會像這樣統整重點在下週的閒聊", "anonymousSchool": false, "anonymousDepartment": false, "pinned": true, "forumId": "9e4476fc-d1b4-4490-a578-fc4dc95ffc52", "replyId": null, "createdAt": "2020-01-27T10:03:36.308Z", "updatedAt": "2020-01-27T12:08:19.864Z", "commentCount": 201, "likeCount": 33, "withNickname": true, "tags": [], "topics": ["BTS", "防彈少年團", "BTS板", "問題與討論"], "meta": {"layout": "classic"}, "forumName": "BTS", "forumAlias": "bts", "gender": "F", "school": "米糕麻麻", "department": "migaomama", "replyTitle": null, "mediaMeta": [{"id": "f6f89406-9f55-49e1-9e14-75c11b456bcf", "url": "https://i.imgur.com/9HcBTOQl.jpg", "normalizedUrl": "https://i.imgur.com/9HcBTOQl.jpg", "thumbnail": "https://i.imgur.com/9HcBTOQl.jpg", "type": "image/thumbnail", "tags": ["ANNOTATED"], "createdAt": "2020-01-27T10:03:36.308Z", "updatedAt": "2020-01-27T12:08:19.864Z"}, {"id": "f6f89406-9f55-49e1-9e14-75c11b456bcf", "url": "https://i.imgur.com/9HcBTOQ.gif", "normalizedUrl": "https://imgur.com/9HcBTOQ", "thumbnail": "https://i.imgur.com/9HcBTOQl.jpg", "type": "image/imgur", "tags": ["ANNOTATED"], "createdAt": "2020-01-27T10:03:36.308Z", "updatedAt": "2020-01-27T12:08:19.864Z"}], "reactions": [{"id": "286f599c-f86a-4932-82f0-f5a06f1eca03", "count": 30}, {"id": "011ead16-9b83-4729-9fde-c588920c6c2d", "count": 1}, {"id": "4b018f48-e184-445f-adf1-fc8e04ba09b9", "count": 1}, {"id": "aa0d425f-d530-4478-9a77-fe3aedc79eea", "count": 1}], "hidden": false, "customStyle": null, "isSuspiciousAccount": false, "layout": "classic", "withImages": false, "withVideos": false, "media": [], "reportReasonText": "", "postAvatar": ""}, {"id": 233004866, "title": "熱心又溫暖的阿米", "excerpt": "Late Late Show已經過了好幾天了，不知道大家是否還沉浸在黑天鵝舞臺呢，不過今天要分享的不是舞臺觀後感啦～是看完Late Late Show之後，阿米們為了感謝主持人James Corden", "anonymousSchool": false, "anonymousDepartment": true, "pinned": false, "forumId": "9e4476fc-d1b4-4490-a578-fc4dc95ffc52", "replyId": 232977063, "createdAt": "2020-02-02T18:48:22.785Z", "updatedAt": "2020-02-02T18:54:30.989Z", "commentCount": 1, "likeCount": 131, "withNickname": false, "tags": [], "topics": ["BTS", "防彈少年團", "BTS板", "阿米", "公益"], "meta": {"layout": "classic"}, "forumName": "BTS", "forumAlias": "bts", "gender": "F", "school": "輔仁大學", "replyTitle": "深夜秀 BTS 訪談+舞台+躲貓貓", "mediaMeta": [{"id": "694ad39d-5250-46c8-993f-0e1663449bdb", "url": "https://i.imgur.com/tm4KidZl.jpg", "normalizedUrl": "https://i.imgur.com/tm4KidZl.jpg", "thumbnail": "https://i.imgur.com/tm4KidZl.jpg", "type": "image/thumbnail", "tags": ["ANNOTATED"], "createdAt": "2020-02-02T18:48:22.785Z", "updatedAt": "2020-02-02T18:54:30.989Z"}, {"id": "694ad39d-5250-46c8-993f-0e1663449bdb", "url": "https://i.imgur.com/tm4KidZ.jpg", "normalizedUrl": "https://imgur.com/tm4KidZ", "thumbnail": "https://i.imgur.com/tm4KidZl.jpg", "type": "image/imgur", "tags": ["ANNOTATED"], "createdAt": "2020-02-02T18:48:22.785Z", "updatedAt": "2020-02-02T18:54:30.989Z"}, {"id": "ea257821-5a57-40a3-ae88-a05ab2eca86f", "url": "https://youtu.be/LmApDbvNCXg", "normalizedUrl": "https://www.youtube.com/watch?v=LmApDbvNCXg", "thumbnail": "https://img.youtube.com/vi/LmApDbvNCXg/hqdefault.jpg", "type": "video/youtube", "tags": ["ANNOTATED"], "createdAt": "2020-02-02T18:48:22.785Z", "updatedAt": "2020-02-02T18:54:30.989Z"}, {"id": "e242927b-db8c-443e-8845-2876a685387d", "url": "https://youtu.be/wSNd02kVv8o", "normalizedUrl": "https://www.youtube.com/watch?v=wSNd02kVv8o", "thumbnail": "https://img.youtube.com/vi/wSNd02kVv8o/hqdefault.jpg", "type": "video/youtube", "tags": ["ANNOTATED"], "createdAt": "2020-02-02T18:48:22.785Z", "updatedAt": "2020-02-02T18:54:30.989Z"}, {"id": "c3ab0c57-7716-476e-bd0d-608e4f03bbf3", "url": "https://youtu.be/Lz_sfTnzjOc", "normalizedUrl": "https://www.youtube.com/watch?v=Lz_sfTnzjOc", "thumbnail": "https://img.youtube.com/vi/Lz_sfTnzjOc/hqdefault.jpg", "type": "video/youtube", "tags": ["ANNOTATED"], "createdAt": "2020-02-02T18:48:22.785Z", "updatedAt": "2020-02-02T18:54:30.989Z"}], "reactions": [{"id": "286f599c-f86a-4932-82f0-f5a06f1eca03", "count": 128}, {"id": "011ead16-9b83-4729-9fde-c588920c6c2d", "count": 1}, {"id": "4b018f48-e184-445f-adf1-fc8e04ba09b9", "count": 1}, {"id": "aa0d425f-d530-4478-9a77-fe3aedc79eea", "count": 1}], "hidden": false, "customStyle": null, "isSuspiciousAccount": false, "layout": "classic", "withImages": true, "withVideos": false, "media": [{"url": "https://i.imgur.com/tm4KidZ.jpg"}], "reportReasonText": "", "postAvatar": ""}, {"id": 233006778, "title": "#舞台分析 在死生中掙扎的Black Swan", "excerpt": "大家早安，相信各位都看過黑天鵝的初舞台了吧？從歌詞曲調到舞蹈以及舞美設計（特別大聲）我都好喜歡，我之前有錄一個比較直覺型的Reaction（沒有擬稿），現在重新看了幾次舞台，開始後悔當初怎麼沒有先寫稿", "anonymousSchool": false, "anonymousDepartment": false, "pinned": false, "forumId": "9e4476fc-d1b4-4490-a578-fc4dc95ffc52", "replyId": null, "createdAt": "2020-02-03T07:01:52.209Z", "updatedAt": "2020-02-03T07:04:27.878Z", "commentCount": 3, "likeCount": 80, "withNickname": true, "tags": [], "topics": ["BTS", "防彈少年團", "舞台", "心得"], "meta": {"layout": "classic"}, "forumName": "BTS", "forumAlias": "bts", "gender": "F", "school": "喬哥", "department": "rabbithole", "replyTitle": null, "mediaMeta": [{"id": "69dd8a71-d302-4b35-96ef-7e481baf627b", "url": "https://img.youtube.com/vi/mwx82TX53Zw/hqdefault.jpg", "normalizedUrl": "https://img.youtube.com/vi/mwx82TX53Zw/hqdefault.jpg", "thumbnail": "https://img.youtube.com/vi/mwx82TX53Zw/hqdefault.jpg", "type": "image/thumbnail", "tags": ["ANNOTATED"], "createdAt": "2020-02-03T07:01:52.209Z", "updatedAt": "2020-02-03T07:04:27.878Z"}, {"id": "69dd8a71-d302-4b35-96ef-7e481baf627b", "url": "https://youtu.be/mwx82TX53Zw", "normalizedUrl": "https://www.youtube.com/watch?v=mwx82TX53Zw", "thumbnail": "https://img.youtube.com/vi/mwx82TX53Zw/hqdefault.jpg", "type": "video/youtube", "tags": ["ANNOTATED"], "createdAt": "2020-02-03T07:01:52.209Z", "updatedAt": "2020-02-03T07:04:27.878Z"}], "reactions": [{"id": "286f599c-f86a-4932-82f0-f5a06f1eca03", "count": 80}], "hidden": false, "customStyle": null, "isSuspiciousAccount": false, "layout": "classic", "withImages": false, "withVideos": false, "media": [], "reportReasonText": "", "postAvatar": ""}, {"id": 233006739, "title": "#分享 桌布大樓總整理", "excerpt": "大家好我是米糕麻麻！，鑒於板上沒多久就會有求桌布的文出現，這裡特別整理出從開板到現在有出現過所有求圖或分享圖的文章，請大家發文求圖前先爬一下文，板上也有人推薦app可以找，阿米手冊也有提到，如果有特定", "anonymousSchool": false, "anonymousDepartment": false, "pinned": false, "forumId": "9e4476fc-d1b4-4490-a578-fc4dc95ffc52", "replyId": null, "createdAt": "2020-02-03T06:53:00.089Z", "updatedAt": "2020-02-03T07:44:45.447Z", "commentCount": 4, "likeCount": 58, "withNickname": true, "tags": [], "topics": ["防彈少年團", "BTS", "BTS板", "桌布大樓來惹", "男友照最適合用來讓人誤會"], "meta": {"layout": "classic"}, "forumName": "BTS", "forumAlias": "bts", "gender": "F", "school": "米糕麻麻", "department": "migaomama", "replyTitle": null, "mediaMeta": [{"id": "b878c47e-5550-4025-8c79-7c937eddf212", "url": "https://i.imgur.com/NUcTTE8l.jpg", "normalizedUrl": "https://i.imgur.com/NUcTTE8l.jpg", "thumbnail": "https://i.imgur.com/NUcTTE8l.jpg", "type": "image/thumbnail", "tags": ["ANNOTATED"], "createdAt": "2020-02-03T06:53:00.089Z", "updatedAt": "2020-02-03T07:44:45.447Z"}, {"id": "b878c47e-5550-4025-8c79-7c937eddf212", "url": "https://i.imgur.com/NUcTTE8.gif", "normalizedUrl": "https://imgur.com/NUcTTE8", "thumbnail": "https://i.imgur.com/NUcTTE8l.jpg", "type": "image/imgur", "tags": ["ANNOTATED"], "createdAt": "2020-02-03T06:53:00.089Z", "updatedAt": "2020-02-03T07:44:45.447Z"}], "reactions": [{"id": "286f599c-f86a-4932-82f0-f5a06f1eca03", "count": 55}, {"id": "011ead16-9b83-4729-9fde-c588920c6c2d", "count": 1}, {"id": "4b018f48-e184-445f-adf1-fc8e04ba09b9", "count": 1}, {"id": "aa0d425f-d530-4478-9a77-fe3aedc79eea", "count": 1}], "hidden": false, "customStyle": null, "isSuspiciousAccount": false, "layout": "classic", "withImages": false, "withVideos": false, "media": [], "reportReasonText": "", "postAvatar": ""}, {"id": 233010552, "title": "#開箱 2020 BTS winter package❄️", "excerpt": "登登登登，熱騰騰的冬寫開箱來啦，一收到就迫不及待要跟大家分享，慫恿大家跟我一起賣腎哈哈哈哈哈，（現在不買 以後想買會更貴喔，先來張封面照吧，這次的盒子很有質感，表面還有像磚塊一樣的浮印，就像從窗戶往外", "anonymousSchool": false, "anonymousDepartment": false, "pinned": false, "forumId": "9e4476fc-d1b4-4490-a578-fc4dc95ffc52", "replyId": null, "createdAt": "2020-02-03T15:51:27.004Z", "updatedAt": "2020-02-03T15:51:27.004Z", "commentCount": 12, "likeCount": 41, "withNickname": true, "tags": [], "topics": ["開箱", "BTS", "防彈少年團"], "meta": {"layout": "classic"}, "forumName": "BTS", "forumAlias": "bts", "gender": "F", "school": "💜🐰", "department": "schinnnnn47", "replyTitle": null, "mediaMeta": [{"id": "28b0905a-c5e7-497d-9f62-2e5a37dce6ca", "url": "https://megapx-assets.dcard.tw/images/3e19d52e-1c12-4a8e-9c9a-aebcee9c61f5/640.jpeg", "normalizedUrl": "https://megapx-assets.dcard.tw/images/3e19d52e-1c12-4a8e-9c9a-aebcee9c61f5/640.jpeg", "thumbnail": "https://megapx-assets.dcard.tw/images/3e19d52e-1c12-4a8e-9c9a-aebcee9c61f5/640.jpeg", "type": "image/thumbnail", "tags": [], "createdAt": "2020-02-03T15:51:27.004Z", "updatedAt": "2020-02-03T15:51:27.004Z", "width": 480, "height": 640}, {"id": "28b0905a-c5e7-497d-9f62-2e5a37dce6ca", "url": "https://megapx-assets.dcard.tw/images/3e19d52e-1c12-4a8e-9c9a-aebcee9c61f5/1280.jpeg", "normalizedUrl": "https://megapx.dcard.tw/v1/images/3e19d52e-1c12-4a8e-9c9a-aebcee9c61f5", "thumbnail": "https://megapx-assets.dcard.tw/images/3e19d52e-1c12-4a8e-9c9a-aebcee9c61f5/640.jpeg", "type": "image/megapx", "tags": [], "createdAt": "2020-02-03T15:51:27.004Z", "updatedAt": "2020-02-03T15:51:27.004Z", "width": 1500, "height": 2000}, {"id": "cba31c7b-b80f-43d8-afd1-bc666a64a247", "url": "https://megapx-assets.dcard.tw/images/f99ac2b8-752e-4160-9f58-2d18d9b8b5ba/1280.jpeg", "normalizedUrl": "https://megapx.dcard.tw/v1/images/f99ac2b8-752e-4160-9f58-2d18d9b8b5ba", "thumbnail": "https://megapx-assets.dcard.tw/images/f99ac2b8-752e-4160-9f58-2d18d9b8b5ba/640.jpeg", "type": "image/megapx", "tags": [], "createdAt": "2020-02-03T15:51:27.004Z", "updatedAt": "2020-02-03T15:51:27.004Z", "width": 2000, "height": 1500}, {"id": "1e88dc06-aa38-49e7-b1ac-f02ad7903f9f", "url": "https://megapx-assets.dcard.tw/images/9f7712df-f926-41df-afba-769f11ee9c00/1280.jpeg", "normalizedUrl": "https://megapx.dcard.tw/v1/images/9f7712df-f926-41df-afba-769f11ee9c00", "thumbnail": "https://megapx-assets.dcard.tw/images/9f7712df-f926-41df-afba-769f11ee9c00/640.jpeg", "type": "image/megapx", "tags": [], "createdAt": "2020-02-03T15:51:27.004Z", "updatedAt": "2020-02-03T15:51:27.004Z", "width": 1500, "height": 2000}, {"id": "b74cffa7-08b0-4967-927e-dc010d1876e4", "url": "https://megapx-assets.dcard.tw/images/33845a58-06b9-4da0-8806-cf35314d09bd/1280.jpeg", "normalizedUrl": "https://megapx.dcard.tw/v1/images/33845a58-06b9-4da0-8806-cf35314d09bd", "thumbnail": "https://megapx-assets.dcard.tw/images/33845a58-06b9-4da0-8806-cf35314d09bd/640.jpeg", "type": "image/megapx", "tags": [], "createdAt": "2020-02-03T15:51:27.004Z", "updatedAt": "2020-02-03T15:51:27.004Z", "width": 1500, "height": 2000}, {"id": "8339e19a-3512-42f4-aa21-b489d1417901", "url": "https://megapx-assets.dcard.tw/images/2b8f5345-da73-4c9c-9d94-4ee63bb2f21f/1280.jpeg", "normalizedUrl": "https://megapx.dcard.tw/v1/images/2b8f5345-da73-4c9c-9d94-4ee63bb2f21f", "thumbnail": "https://megapx-assets.dcard.tw/images/2b8f5345-da73-4c9c-9d94-4ee63bb2f21f/640.jpeg", "type": "image/megapx", "tags": [], "createdAt": "2020-02-03T15:51:27.004Z", "updatedAt": "2020-02-03T15:51:27.004Z", "width": 1500, "height": 2000}, {"id": "941fcf49-8085-4dde-86c4-38d4668ce7af", "url": "https://megapx-assets.dcard.tw/images/668d2e18-bea2-478d-a314-db67a15f681c/1280.jpeg", "normalizedUrl": "https://megapx.dcard.tw/v1/images/668d2e18-bea2-478d-a314-db67a15f681c", "thumbnail": "https://megapx-assets.dcard.tw/images/668d2e18-bea2-478d-a314-db67a15f681c/640.jpeg", "type": "image/megapx", "tags": [], "createdAt": "2020-02-03T15:51:27.004Z", "updatedAt": "2020-02-03T15:51:27.004Z", "width": 1500, "height": 2000}, {"id": "b2d60423-ee2d-4fd8-a762-d8ba9c3c0a78", "url": "https://megapx-assets.dcard.tw/images/c8c296ef-ea90-4b28-89b9-51889165f91d/1280.jpeg", "normalizedUrl": "https://megapx.dcard.tw/v1/images/c8c296ef-ea90-4b28-89b9-51889165f91d", "thumbnail": "https://megapx-assets.dcard.tw/images/c8c296ef-ea90-4b28-89b9-51889165f91d/640.jpeg", "type": "image/megapx", "tags": [], "createdAt": "2020-02-03T15:51:27.004Z", "updatedAt": "2020-02-03T15:51:27.004Z", "width": 1500, "height": 2000}, {"id": "b89e67d0-ab87-407a-832f-9f54b9f0637a", "url": "https://megapx-assets.dcard.tw/images/300e31c3-5ea0-4a33-9b84-47f67d425c3e/1280.jpeg", "normalizedUrl": "https://megapx.dcard.tw/v1/images/300e31c3-5ea0-4a33-9b84-47f67d425c3e", "thumbnail": "https://megapx-assets.dcard.tw/images/300e31c3-5ea0-4a33-9b84-47f67d425c3e/640.jpeg", "type": "image/megapx", "tags": [], "createdAt": "2020-02-03T15:51:27.004Z", "updatedAt": "2020-02-03T15:51:27.004Z", "width": 1500, "height": 2000}, {"id": "afa86223-475c-45eb-bd7c-7a4755ce228b", "url": "https://megapx-assets.dcard.tw/images/b7e85808-76c8-4893-869b-f671d5308709/1280.jpeg", "normalizedUrl": "https://megapx.dcard.tw/v1/images/b7e85808-76c8-4893-869b-f671d5308709", "thumbnail": "https://megapx-assets.dcard.tw/images/b7e85808-76c8-4893-869b-f671d5308709/640.jpeg", "type": "image/megapx", "tags": [], "createdAt": "2020-02-03T15:51:27.004Z", "updatedAt": "2020-02-03T15:51:27.004Z", "width": 1500, "height": 2000}, {"id": "73620d9f-963e-461d-bac1-9d11951bde07", "url": "https://megapx-assets.dcard.tw/images/0a63cbb1-2c3b-4878-84db-bcd8a206b132/1280.jpeg", "normalizedUrl": "https://megapx.dcard.tw/v1/images/0a63cbb1-2c3b-4878-84db-bcd8a206b132", "thumbnail": "https://megapx-assets.dcard.tw/images/0a63cbb1-2c3b-4878-84db-bcd8a206b132/640.jpeg", "type": "image/megapx", "tags": [], "createdAt": "2020-02-03T15:51:27.004Z", "updatedAt": "2020-02-03T15:51:27.004Z", "width": 1500, "height": 2000}, {"id": "9e0f8e03-464c-48b6-9ae0-c8832e61e015", "url": "https://megapx-assets.dcard.tw/images/ba7f761d-fd55-4b14-ac35-c70d88e681fb/1280.jpeg", "normalizedUrl": "https://megapx.dcard.tw/v1/images/ba7f761d-fd55-4b14-ac35-c70d88e681fb", "thumbnail": "https://megapx-assets.dcard.tw/images/ba7f761d-fd55-4b14-ac35-c70d88e681fb/640.jpeg", "type": "image/megapx", "tags": [], "createdAt": "2020-02-03T15:51:27.004Z", "updatedAt": "2020-02-03T15:51:27.004Z", "width": 1500, "height": 2000}, {"id": "774b1e9d-a654-40e9-9cba-25852f214b22", "url": "https://megapx-assets.dcard.tw/images/b04ed914-acf0-4ef0-8144-ed4ce16963ad/1280.jpeg", "normalizedUrl": "https://megapx.dcard.tw/v1/images/b04ed914-acf0-4ef0-8144-ed4ce16963ad", "thumbnail": "https://megapx-assets.dcard.tw/images/b04ed914-acf0-4ef0-8144-ed4ce16963ad/640.jpeg", "type": "image/megapx", "tags": [], "createdAt": "2020-02-03T15:51:27.004Z", "updatedAt": "2020-02-03T15:51:27.004Z", "width": 1500, "height": 2000}], "reactions": [{"id": "286f599c-f86a-4932-82f0-f5a06f1eca03", "count": 41}], "hidden": false, "customStyle": null, "isSuspiciousAccount": false, "layout": "classic", "withImages": true, "withVideos": false, "media": [{"url": "https://megapx-assets.dcard.tw/images/3e19d52e-1c12-4a8e-9c9a-aebcee9c61f5/1280.jpeg"}, {"url": "https://megapx-assets.dcard.tw/images/f99ac2b8-752e-4160-9f58-2d18d9b8b5ba/1280.jpeg"}, {"url": "https://megapx-assets.dcard.tw/images/9f7712df-f926-41df-afba-769f11ee9c00/1280.jpeg"}, {"url": "https://megapx-assets.dcard.tw/images/33845a58-06b9-4da0-8806-cf35314d09bd/1280.jpeg"}, {"url": "https://megapx-assets.dcard.tw/images/2b8f5345-da73-4c9c-9d94-4ee63bb2f21f/1280.jpeg"}, {"url": "https://megapx-assets.dcard.tw/images/668d2e18-bea2-478d-a314-db67a15f681c/1280.jpeg"}, {"url": "https://megapx-assets.dcard.tw/images/c8c296ef-ea90-4b28-89b9-51889165f91d/1280.jpeg"}, {"url": "https://megapx-assets.dcard.tw/images/300e31c3-5ea0-4a33-9b84-47f67d425c3e/1280.jpeg"}, {"url": "https://megapx-assets.dcard.tw/images/b7e85808-76c8-4893-869b-f671d5308709/1280.jpeg"}, {"url": "https://megapx-assets.dcard.tw/images/0a63cbb1-2c3b-4878-84db-bcd8a206b132/1280.jpeg"}, {"url": "https://megapx-assets.dcard.tw/images/ba7f761d-fd55-4b14-ac35-c70d88e681fb/1280.jpeg"}, {"url": "https://megapx-assets.dcard.tw/images/b04ed914-acf0-4ef0-8144-ed4ce16963ad/1280.jpeg"}], "reportReasonText": "", "postAvatar": ""}, {"id": 233012642, "title": "#永久置頂 板上重點文章總整理", "excerpt": "大家好，我是米糕麻麻~，這篇文整理了所有板上一定要看和值得一看的文章，請大家發文前先來這裡確認有沒有重複性的問題，很多資訊這裡也有答案可以找，往後有更多好文也會持續新增到這裡哦！，這篇會永久置頂~，一", "anonymousSchool": false, "anonymousDepartment": false, "pinned": false, "forumId": "9e4476fc-d1b4-4490-a578-fc4dc95ffc52", "replyId": null, "createdAt": "2020-02-04T03:05:41.647Z", "updatedAt": "2020-02-04T03:05:41.647Z", "commentCount": 0, "likeCount": 7, "withNickname": true, "tags": [], "topics": ["BTS", "防彈少年團", "BTS板", "整理了好久霸拖仔細看看嘛"], "meta": {"layout": "classic"}, "forumName": "BTS", "forumAlias": "bts", "gender": "F", "school": "米糕麻麻", "department": "migaomama", "replyTitle": null, "mediaMeta": [{"id": "66905b10-679a-48ea-8d0a-584044b80b00", "url": "https://i.imgur.com/tlwrt9zl.jpg", "normalizedUrl": "https://i.imgur.com/tlwrt9zl.jpg", "thumbnail": "https://i.imgur.com/tlwrt9zl.jpg", "type": "image/thumbnail", "tags": ["ANNOTATED"], "createdAt": "2020-02-04T03:05:41.647Z", "updatedAt": "2020-02-04T03:05:41.647Z"}, {"id": "66905b10-679a-48ea-8d0a-584044b80b00", "url": "https://i.imgur.com/tlwrt9z.gif", "normalizedUrl": "https://imgur.com/tlwrt9z", "thumbnail": "https://i.imgur.com/tlwrt9zl.jpg", "type": "image/imgur", "tags": ["ANNOTATED"], "createdAt": "2020-02-04T03:05:41.647Z", "updatedAt": "2020-02-04T03:05:41.647Z"}], "reactions": [{"id": "286f599c-f86a-4932-82f0-f5a06f1eca03", "count": 5}, {"id": "011ead16-9b83-4729-9fde-c588920c6c2d", "count": 1}, {"id": "aa0d425f-d530-4478-9a77-fe3aedc79eea", "count": 1}], "hidden": false, "customStyle": null, "isSuspiciousAccount": false, "layout": "classic", "withImages": false, "withVideos": false, "media": [], "reportReasonText": "", "postAvatar": ""}, {"id": 233012609, "title": "#閒聊文 聊天大樓蓋起來~", "excerpt": "搭給賀~，各位希望留下的閒聊文來啦🥰，但這裡不會週更~，只要蓋到一定的程度我就會開一篇新的，避免大家滑留言滑到崩潰XDDD，這裡歡迎各種花痴（喂）、心情分享、好康報報、日常閒聊等，聊天大樓蓋起來~我", "anonymousSchool": false, "anonymousDepartment": false, "pinned": false, "forumId": "9e4476fc-d1b4-4490-a578-fc4dc95ffc52", "replyId": null, "createdAt": "2020-02-04T03:01:49.170Z", "updatedAt": "2020-02-04T03:01:49.170Z", "commentCount": 3, "likeCount": 7, "withNickname": true, "tags": [], "topics": ["BTS", "防彈少年團", "BTS板", "閒聊大樓來惹惹惹惹", "糕糕最可愛"], "meta": {"layout": "classic"}, "forumName": "BTS", "forumAlias": "bts", "gender": "F", "school": "米糕麻麻", "department": "migaomama", "replyTitle": null, "mediaMeta": [{"id": "264b9e57-12a9-4742-a44a-17187b0f1af2", "url": "https://i.imgur.com/dxYobGLl.jpg", "normalizedUrl": "https://i.imgur.com/dxYobGLl.jpg", "thumbnail": "https://i.imgur.com/dxYobGLl.jpg", "type": "image/thumbnail", "tags": ["ANNOTATED"], "createdAt": "2020-02-04T03:01:49.170Z", "updatedAt": "2020-02-04T03:01:49.170Z"}, {"id": "264b9e57-12a9-4742-a44a-17187b0f1af2", "url": "https://i.imgur.com/dxYobGL.jpg", "normalizedUrl": "https://imgur.com/dxYobGL", "thumbnail": "https://i.imgur.com/dxYobGLl.jpg", "type": "image/imgur", "tags": ["ANNOTATED"], "createdAt": "2020-02-04T03:01:49.170Z", "updatedAt": "2020-02-04T03:01:49.170Z"}], "reactions": [{"id": "286f599c-f86a-4932-82f0-f5a06f1eca03", "count": 7}], "hidden": false, "customStyle": null, "isSuspiciousAccount": false, "layout": "classic", "withImages": true, "withVideos": false, "media": [{"url": "https://i.imgur.com/dxYobGL.jpg"}], "reportReasonText": "", "postAvatar": ""}, {"id": 233010803, "title": "微博腦粉？", "excerpt": "有人有看到什麼質疑的評論嗎🤔，我看到這個是有點難過啦！，（不知道能不能發這種微博評論 不能的話我會刪的）", "anonymousSchool": false, "anonymousDepartment": true, "pinned": false, "forumId": "9e4476fc-d1b4-4490-a578-fc4dc95ffc52", "replyId": null, "createdAt": "2020-02-03T16:17:57.085Z", "updatedAt": "2020-02-03T16:17:57.085Z", "commentCount": 13, "likeCount": 3, "withNickname": false, "tags": [], "topics": ["BTS"], "meta": {"layout": "classic"}, "forumName": "BTS", "forumAlias": "bts", "gender": "F", "school": "東吳大學", "replyTitle": null, "mediaMeta": [{"id": "ef0316e0-5616-453a-8a88-3a74238352f1", "url": "https://megapx-assets.dcard.tw/images/8d0600aa-3faf-4c86-8d7a-7c659e663c1f/640.jpeg", "normalizedUrl": "https://megapx-assets.dcard.tw/images/8d0600aa-3faf-4c86-8d7a-7c659e663c1f/640.jpeg", "thumbnail": "https://megapx-assets.dcard.tw/images/8d0600aa-3faf-4c86-8d7a-7c659e663c1f/640.jpeg", "type": "image/thumbnail", "tags": [], "createdAt": "2020-02-03T16:17:57.085Z", "updatedAt": "2020-02-03T16:17:57.085Z", "width": 207, "height": 640}, {"id": "ef0316e0-5616-453a-8a88-3a74238352f1", "url": "https://megapx-assets.dcard.tw/images/8d0600aa-3faf-4c86-8d7a-7c659e663c1f/1280.jpeg", "normalizedUrl": "https://megapx.dcard.tw/v1/images/8d0600aa-3faf-4c86-8d7a-7c659e663c1f", "thumbnail": "https://megapx-assets.dcard.tw/images/8d0600aa-3faf-4c86-8d7a-7c659e663c1f/640.jpeg", "type": "image/megapx", "tags": [], "createdAt": "2020-02-03T16:17:57.085Z", "updatedAt": "2020-02-03T16:17:57.085Z", "width": 640, "height": 1975}], "reactions": [{"id": "286f599c-f86a-4932-82f0-f5a06f1eca03", "count": 3}], "hidden": false, "customStyle": null, "isSuspiciousAccount": false, "layout": "classic", "withImages": true, "withVideos": false, "media": [{"url": "https://megapx-assets.dcard.tw/images/8d0600aa-3faf-4c86-8d7a-7c659e663c1f/1280.jpeg"}], "reportReasonText": "", "postAvatar": ""}, {"id": 233012457, "title": "問問題", "excerpt": "想知道為什麼v都沒有正式發行的單曲或是為什麼Spotify 沒有例如4oclock，scenery 之類的很好奇，想請問大家", "anonymousSchool": false, "anonymousDepartment": false, "pinned": false, "forumId": "9e4476fc-d1b4-4490-a578-fc4dc95ffc52", "replyId": null, "createdAt": "2020-02-04T02:24:21.464Z", "updatedAt": "2020-02-04T02:24:21.464Z", "commentCount": 4, "likeCount": 1, "withNickname": true, "tags": ["HIDE_THUMBNAIL"], "topics": ["BTS", "BTS板", "問題", "BT21", "金泰亨"], "meta": {"layout": "classic"}, "forumName": "BTS", "forumAlias": "bts", "gender": "M", "school": "我說話你不要亂", "department": "jonathan619", "replyTitle": null, "mediaMeta": [], "reactions": [{"id": "286f599c-f86a-4932-82f0-f5a06f1eca03", "count": 1}], "hidden": false, "customStyle": null, "isSuspiciousAccount": false, "layout": "classic", "withImages": false, "withVideos": false, "media": [], "reportReasonText": "", "postAvatar": ""}]