[{"id": 227274158, "title": "#重要 必看！網路購物板發文小規則★", "excerpt": "===請注意===，Dcard 板規已於 2018.5.29 更新，新版板規請前往這裡，===請注意===，**\\ 歡迎大家在這邊討論、詢問、分享網路購物的相關心得或是問題 /**，小天使相信愛買東西的天性絕對不限性別٩̋（๑˃́ꇴ˂̀๑）۶", "anonymousSchool": false, "anonymousDepartment": false, "pinned": true, "forumId": "d5ee9d02-510e-4f81-96e9-ab59b56e21ca", "replyId": null, "createdAt": "2017-09-18T07:56:47.513Z", "updatedAt": "2018-08-13T08:06:46.450Z", "commentCount": 100, "likeCount": 997, "withNickname": true, "tags": ["發表", "這個", "買到", "發文", "透過", "團購", "功能", "搜尋", "文章", "規則", "教學", "本板", "詢問", "請勿", "小天使", "網購", "錯誤", "範例", "假貨", "網路", "網購板", "商品", "重要", "購物"], "topics": ["Dcard板規"], "meta": {}, "forumName": "網路購物", "forumAlias": "buyonline", "gender": "D", "school": "小天使", "department": "little_angel", "replyTitle": null, "mediaMeta": [], "reactions": [{"id": "286f599c-f86a-4932-82f0-f5a06f1eca03", "count": 992}, {"id": "aa0d425f-d530-4478-9a77-fe3aedc79eea", "count": 3}, {"id": "e8e6bc5d-41b0-4129-b134-97507523d7ff", "count": 2}], "hidden": false, "customStyle": null, "isSuspiciousAccount": false, "layout": "classic", "withImages": true, "withVideos": false, "media": [{"url": "https://i.imgur.com/iuO9xhl.jpg"}], "reportReasonText": "", "postAvatar": ""}, {"id": 233007100, "title": "愛抽獎的你們不要再被騙了！", "excerpt": "最近過年IG的抽獎文特別多，而詐騙的帳號也特別多呢：），其他不知名的小帳號就算了，而某某粉紅色英文知名購物網竟然騙得這麼誇張！！！，以下附圖，這些是這次中獎的人 大家仔細看是不是有些地方怪怪的，竟然有", "anonymousSchool": false, "anonymousDepartment": true, "pinned": false, "forumId": "d5ee9d02-510e-4f81-96e9-ab59b56e21ca", "replyId": null, "createdAt": "2020-02-03T08:05:57.620Z", "updatedAt": "2020-02-03T10:11:58.204Z", "commentCount": 8, "likeCount": 67, "withNickname": false, "tags": [], "topics": ["抽獎", "網購", "黑特", "詐騙", "購物"], "meta": {"layout": "classic"}, "forumName": "網路購物", "forumAlias": "buyonline", "gender": "F", "school": "世新大學", "replyTitle": null, "mediaMeta": [{"id": "ba87e443-abde-45fe-9e26-2be5cd128d6c", "url": "https://megapx-assets.dcard.tw/images/16af3b48-9d36-4a76-b8f6-e95554f87cb6/640.jpeg", "normalizedUrl": "https://megapx-assets.dcard.tw/images/16af3b48-9d36-4a76-b8f6-e95554f87cb6/640.jpeg", "thumbnail": "https://megapx-assets.dcard.tw/images/16af3b48-9d36-4a76-b8f6-e95554f87cb6/640.jpeg", "type": "image/thumbnail", "tags": ["ANNOTATED"], "createdAt": "2020-02-03T08:05:57.620Z", "updatedAt": "2020-02-03T10:11:58.204Z", "width": 374, "height": 640}, {"id": "ba87e443-abde-45fe-9e26-2be5cd128d6c", "url": "https://megapx-assets.dcard.tw/images/16af3b48-9d36-4a76-b8f6-e95554f87cb6/1280.jpeg", "normalizedUrl": "https://megapx.dcard.tw/v1/images/16af3b48-9d36-4a76-b8f6-e95554f87cb6", "thumbnail": "https://megapx-assets.dcard.tw/images/16af3b48-9d36-4a76-b8f6-e95554f87cb6/640.jpeg", "type": "image/megapx", "tags": ["ANNOTATED"], "createdAt": "2020-02-03T08:05:57.620Z", "updatedAt": "2020-02-03T10:11:58.204Z", "width": 827, "height": 1417}, {"id": "019aba1d-0633-455b-9a38-88aaad4978ab", "url": "https://megapx-assets.dcard.tw/images/108bbdac-94f6-4af0-93ab-cfa30638320c/1280.jpeg", "normalizedUrl": "https://megapx.dcard.tw/v1/images/108bbdac-94f6-4af0-93ab-cfa30638320c", "thumbnail": "https://megapx-assets.dcard.tw/images/108bbdac-94f6-4af0-93ab-cfa30638320c/640.jpeg", "type": "image/megapx", "tags": ["ANNOTATED"], "createdAt": "2020-02-03T08:05:57.620Z", "updatedAt": "2020-02-03T10:11:58.204Z", "width": 828, "height": 1472}, {"id": "7af52104-c8d6-481f-8ee4-a6ab20f8390b", "url": "https://megapx-assets.dcard.tw/images/44a6bac1-e953-403b-be55-5cab2408592a/1280.jpeg", "normalizedUrl": "https://megapx.dcard.tw/v1/images/44a6bac1-e953-403b-be55-5cab2408592a", "thumbnail": "https://megapx-assets.dcard.tw/images/44a6bac1-e953-403b-be55-5cab2408592a/640.jpeg", "type": "image/megapx", "tags": [], "createdAt": "2020-02-03T10:11:58.204Z", "updatedAt": "2020-02-03T10:11:58.204Z", "width": 1125, "height": 1865}, {"id": "3f4c3218-e6f9-4431-9cf1-9918602c3e4d", "url": "https://megapx-assets.dcard.tw/images/eafa9b6b-8fdf-4ec0-8bb9-8e54a8950ab9/full.jpeg", "normalizedUrl": "https://megapx.dcard.tw/v1/images/eafa9b6b-8fdf-4ec0-8bb9-8e54a8950ab9", "thumbnail": "https://megapx-assets.dcard.tw/images/eafa9b6b-8fdf-4ec0-8bb9-8e54a8950ab9/640.jpeg", "type": "image/megapx", "tags": ["ANNOTATED"], "createdAt": "2020-02-03T08:13:15.063Z", "updatedAt": "2020-02-03T10:11:58.204Z", "width": 828, "height": 827}], "reactions": [{"id": "286f599c-f86a-4932-82f0-f5a06f1eca03", "count": 64}, {"id": "aa0d425f-d530-4478-9a77-fe3aedc79eea", "count": 2}, {"id": "4b018f48-e184-445f-adf1-fc8e04ba09b9", "count": 1}], "hidden": false, "customStyle": null, "isSuspiciousAccount": false, "layout": "classic", "withImages": true, "withVideos": false, "media": [{"url": "https://megapx-assets.dcard.tw/images/16af3b48-9d36-4a76-b8f6-e95554f87cb6/1280.jpeg"}, {"url": "https://megapx-assets.dcard.tw/images/108bbdac-94f6-4af0-93ab-cfa30638320c/1280.jpeg"}, {"url": "https://megapx-assets.dcard.tw/images/44a6bac1-e953-403b-be55-5cab2408592a/1280.jpeg"}, {"url": "https://megapx-assets.dcard.tw/images/eafa9b6b-8fdf-4ec0-8bb9-8e54a8950ab9/full.jpeg"}], "reportReasonText": "", "postAvatar": ""}, {"id": 233009545, "title": "打開衣服竟然掉出？？", "excerpt": "昨天興高采烈的打開網購的衣服，買的是已回購好幾次的caco，結果拆開裡面另外我最期待的一件帽T！，摸了摸材質還不賴感覺很暖和🤩，畢竟原價要990我以特價390！就買到了，於是我高興的把衣服抖了抖，放", "anonymousSchool": false, "anonymousDepartment": true, "pinned": false, "forumId": "d5ee9d02-510e-4f81-96e9-ab59b56e21ca", "replyId": null, "createdAt": "2020-02-03T13:49:53.804Z", "updatedAt": "2020-02-03T14:29:19.462Z", "commentCount": 8, "likeCount": 16, "withNickname": false, "tags": [], "topics": ["陰影", "衣服", "網購", "退貨", "最可怕生物"], "meta": {"layout": "classic"}, "forumName": "網路購物", "forumAlias": "buyonline", "gender": "F", "school": "國立中山大學", "replyTitle": null, "mediaMeta": [{"id": "2f57a0c4-c7b2-4805-81ee-5aad181b8ea0", "url": "https://megapx-assets.dcard.tw/images/6b8d1d31-fcef-4fd4-bb9f-c4bf1800cfa2/640.jpeg", "normalizedUrl": "https://megapx-assets.dcard.tw/images/6b8d1d31-fcef-4fd4-bb9f-c4bf1800cfa2/640.jpeg", "thumbnail": "https://megapx-assets.dcard.tw/images/6b8d1d31-fcef-4fd4-bb9f-c4bf1800cfa2/640.jpeg", "type": "image/thumbnail", "tags": ["ANNOTATED"], "createdAt": "2020-02-03T14:24:53.297Z", "updatedAt": "2020-02-03T14:29:19.462Z", "width": 480, "height": 640}, {"id": "2f57a0c4-c7b2-4805-81ee-5aad181b8ea0", "url": "https://megapx-assets.dcard.tw/images/6b8d1d31-fcef-4fd4-bb9f-c4bf1800cfa2/1280.jpeg", "normalizedUrl": "https://megapx.dcard.tw/v1/images/6b8d1d31-fcef-4fd4-bb9f-c4bf1800cfa2", "thumbnail": "https://megapx-assets.dcard.tw/images/6b8d1d31-fcef-4fd4-bb9f-c4bf1800cfa2/640.jpeg", "type": "image/megapx", "tags": ["ANNOTATED"], "createdAt": "2020-02-03T14:24:53.297Z", "updatedAt": "2020-02-03T14:29:19.462Z", "width": 1500, "height": 2000}, {"id": "18b7b38f-244d-4caf-8a81-45d30d9f4f5d", "url": "https://megapx-assets.dcard.tw/images/fb450c7b-f0c7-4b59-b7cf-1e5b6770ec87/1280.jpeg", "normalizedUrl": "https://megapx.dcard.tw/v1/images/fb450c7b-f0c7-4b59-b7cf-1e5b6770ec87", "thumbnail": "https://megapx-assets.dcard.tw/images/fb450c7b-f0c7-4b59-b7cf-1e5b6770ec87/640.jpeg", "type": "image/megapx", "tags": ["ANNOTATED"], "createdAt": "2020-02-03T14:24:53.297Z", "updatedAt": "2020-02-03T14:29:19.462Z", "width": 1500, "height": 2000}, {"id": "d6e84929-f918-4237-8e8c-c100b32b7239", "url": "https://megapx-assets.dcard.tw/images/6da13ed3-049d-43c2-acb3-fde0e41fe28b/1280.jpeg", "normalizedUrl": "https://megapx.dcard.tw/v1/images/6da13ed3-049d-43c2-acb3-fde0e41fe28b", "thumbnail": "https://megapx-assets.dcard.tw/images/6da13ed3-049d-43c2-acb3-fde0e41fe28b/640.jpeg", "type": "image/megapx", "tags": ["ANNOTATED"], "createdAt": "2020-02-03T14:24:53.297Z", "updatedAt": "2020-02-03T14:29:19.462Z", "width": 1500, "height": 2000}, {"id": "8e433a65-232c-47b7-8b06-29831f355960", "url": "https://megapx-assets.dcard.tw/images/10b84b6d-d4d8-4315-8ad8-b7097c90bad1/full.jpeg", "normalizedUrl": "https://megapx.dcard.tw/v1/images/10b84b6d-d4d8-4315-8ad8-b7097c90bad1", "thumbnail": "https://megapx-assets.dcard.tw/images/10b84b6d-d4d8-4315-8ad8-b7097c90bad1/640.jpeg", "type": "image/megapx", "tags": ["ANNOTATED"], "createdAt": "2020-02-03T13:49:53.804Z", "updatedAt": "2020-02-03T14:29:19.462Z", "width": 828, "height": 637}, {"id": "1a38f779-2604-4d78-947d-2ac885308c19", "url": "https://megapx-assets.dcard.tw/images/6aa521d4-cb4d-462c-bc8f-4b4d1ff28ecc/full.jpeg", "normalizedUrl": "https://megapx.dcard.tw/v1/images/6aa521d4-cb4d-462c-bc8f-4b4d1ff28ecc", "thumbnail": "https://megapx-assets.dcard.tw/images/6aa521d4-cb4d-462c-bc8f-4b4d1ff28ecc/640.jpeg", "type": "image/megapx", "tags": ["ANNOTATED"], "createdAt": "2020-02-03T13:49:53.804Z", "updatedAt": "2020-02-03T14:29:19.462Z", "width": 828, "height": 787}], "reactions": [{"id": "286f599c-f86a-4932-82f0-f5a06f1eca03", "count": 11}, {"id": "4b018f48-e184-445f-adf1-fc8e04ba09b9", "count": 4}, {"id": "aa0d425f-d530-4478-9a77-fe3aedc79eea", "count": 1}], "hidden": false, "customStyle": null, "isSuspiciousAccount": false, "layout": "classic", "withImages": true, "withVideos": false, "media": [{"url": "https://megapx-assets.dcard.tw/images/6b8d1d31-fcef-4fd4-bb9f-c4bf1800cfa2/1280.jpeg"}, {"url": "https://megapx-assets.dcard.tw/images/fb450c7b-f0c7-4b59-b7cf-1e5b6770ec87/1280.jpeg"}, {"url": "https://megapx-assets.dcard.tw/images/6da13ed3-049d-43c2-acb3-fde0e41fe28b/1280.jpeg"}, {"url": "https://megapx-assets.dcard.tw/images/10b84b6d-d4d8-4315-8ad8-b7097c90bad1/full.jpeg"}, {"url": "https://megapx-assets.dcard.tw/images/6aa521d4-cb4d-462c-bc8f-4b4d1ff28ecc/full.jpeg"}], "reportReasonText": "", "postAvatar": ""}, {"id": 233003824, "title": "#旋轉拍賣 #不取貨的壞買家^_^", "excerpt": "總之就是提醒了兩次要記得取貨 有已讀 但都一直沒有去⋯，今天包裹退回 還沒去拿 但聽說要自行吸收60$運費，想說問問看他是不是有什麼特殊理由沒辦法去拿 但人明明都有上線 卻也都沒看我的訊息～所以大家小", "anonymousSchool": false, "anonymousDepartment": true, "pinned": false, "forumId": "d5ee9d02-510e-4f81-96e9-ab59b56e21ca", "replyId": null, "createdAt": "2020-02-02T15:53:04.324Z", "updatedAt": "2020-02-02T15:54:13.536Z", "commentCount": 2, "likeCount": 11, "withNickname": false, "tags": [], "topics": ["旋轉", "網購", "黑特"], "meta": {"layout": "classic"}, "forumName": "網路購物", "forumAlias": "buyonline", "gender": "F", "school": "東海大學", "replyTitle": null, "mediaMeta": [{"id": "909404ed-9ec3-406b-9a84-5f5c223a97a6", "url": "https://megapx-assets.dcard.tw/images/ceb411f2-3d43-4345-b2db-13be5017e257/640.jpeg", "normalizedUrl": "https://megapx-assets.dcard.tw/images/ceb411f2-3d43-4345-b2db-13be5017e257/640.jpeg", "thumbnail": "https://megapx-assets.dcard.tw/images/ceb411f2-3d43-4345-b2db-13be5017e257/640.jpeg", "type": "image/thumbnail", "tags": ["ANNOTATED"], "createdAt": "2020-02-02T15:53:04.324Z", "updatedAt": "2020-02-02T15:54:13.536Z", "width": 360, "height": 640}, {"id": "909404ed-9ec3-406b-9a84-5f5c223a97a6", "url": "https://megapx-assets.dcard.tw/images/ceb411f2-3d43-4345-b2db-13be5017e257/1280.jpeg", "normalizedUrl": "https://megapx.dcard.tw/v1/images/ceb411f2-3d43-4345-b2db-13be5017e257", "thumbnail": "https://megapx-assets.dcard.tw/images/ceb411f2-3d43-4345-b2db-13be5017e257/640.jpeg", "type": "image/megapx", "tags": ["ANNOTATED"], "createdAt": "2020-02-02T15:53:04.324Z", "updatedAt": "2020-02-02T15:54:13.536Z", "width": 828, "height": 1472}], "reactions": [{"id": "286f599c-f86a-4932-82f0-f5a06f1eca03", "count": 11}], "hidden": false, "customStyle": null, "isSuspiciousAccount": false, "layout": "classic", "withImages": true, "withVideos": false, "media": [{"url": "https://megapx-assets.dcard.tw/images/ceb411f2-3d43-4345-b2db-13be5017e257/1280.jpeg"}], "reportReasonText": "", "postAvatar": ""}, {"id": 233003804, "title": "誰家的包裹請自首👋👋", "excerpt": "哈囉，這是誰家的包裹？領貨地在台東大武，電話號碼可能打錯囉，已經重新寄第二次了。實在不知道怎麼處理，只好po這裡。", "anonymousSchool": false, "anonymousDepartment": true, "pinned": false, "forumId": "d5ee9d02-510e-4f81-96e9-ab59b56e21ca", "replyId": null, "createdAt": "2020-02-02T15:49:47.318Z", "updatedAt": "2020-02-02T15:50:12.481Z", "commentCount": 1, "likeCount": 10, "withNickname": false, "tags": [], "topics": ["網購"], "meta": {"layout": "classic"}, "forumName": "網路購物", "forumAlias": "buyonline", "gender": "F", "school": "元培醫事科技大學", "replyTitle": null, "mediaMeta": [{"id": "111c8e12-90da-48b7-9f6c-b819e6025902", "url": "https://i.imgur.com/HWmMJWFl.jpg", "normalizedUrl": "https://i.imgur.com/HWmMJWFl.jpg", "thumbnail": "https://i.imgur.com/HWmMJWFl.jpg", "type": "image/thumbnail", "tags": ["ANNOTATED"], "createdAt": "2020-02-02T15:50:12.481Z", "updatedAt": "2020-02-02T15:50:12.481Z"}, {"id": "111c8e12-90da-48b7-9f6c-b819e6025902", "url": "https://i.imgur.com/HWmMJWF.jpg", "normalizedUrl": "https://imgur.com/HWmMJWF", "thumbnail": "https://i.imgur.com/HWmMJWFl.jpg", "type": "image/imgur", "tags": ["ANNOTATED"], "createdAt": "2020-02-02T15:50:12.481Z", "updatedAt": "2020-02-02T15:50:12.481Z"}], "reactions": [{"id": "286f599c-f86a-4932-82f0-f5a06f1eca03", "count": 10}], "hidden": false, "customStyle": null, "isSuspiciousAccount": false, "layout": "classic", "withImages": true, "withVideos": false, "media": [{"url": "https://i.imgur.com/HWmMJWF.jpg"}], "reportReasonText": "", "postAvatar": ""}, {"id": 233008151, "title": "#淘寶私人集運 #武漢肺炎", "excerpt": "被武漢肺炎耽誤，大陸要2/9才開工！，想必各位淘客們都因為貨品被卡住很急吧！，但是我經常在郵寄的這間集運商2/4就可以發貨了，有急需集運的淘客們有福了！", "anonymousSchool": false, "anonymousDepartment": true, "pinned": false, "forumId": "d5ee9d02-510e-4f81-96e9-ab59b56e21ca", "replyId": null, "createdAt": "2020-02-03T10:21:54.691Z", "updatedAt": "2020-02-03T10:25:55.822Z", "commentCount": 7, "likeCount": 8, "withNickname": false, "tags": [], "topics": ["淘寶", "集運", "私人"], "meta": {"layout": "classic"}, "forumName": "網路購物", "forumAlias": "buyonline", "gender": "M", "school": "文藻外語大學", "replyTitle": null, "mediaMeta": [{"id": "d8c020cd-85da-4684-b39b-d7ed787b9bf2", "url": "https://megapx-assets.dcard.tw/images/e714a5f8-2733-4323-95e5-fb57d057d8b0/640.jpeg", "normalizedUrl": "https://megapx-assets.dcard.tw/images/e714a5f8-2733-4323-95e5-fb57d057d8b0/640.jpeg", "thumbnail": "https://megapx-assets.dcard.tw/images/e714a5f8-2733-4323-95e5-fb57d057d8b0/640.jpeg", "type": "image/thumbnail", "tags": ["ANNOTATED"], "createdAt": "2020-02-03T10:25:55.822Z", "updatedAt": "2020-02-03T10:25:55.822Z", "width": 360, "height": 640}, {"id": "d8c020cd-85da-4684-b39b-d7ed787b9bf2", "url": "https://megapx-assets.dcard.tw/images/e714a5f8-2733-4323-95e5-fb57d057d8b0/1280.jpeg", "normalizedUrl": "https://megapx.dcard.tw/v1/images/e714a5f8-2733-4323-95e5-fb57d057d8b0", "thumbnail": "https://megapx-assets.dcard.tw/images/e714a5f8-2733-4323-95e5-fb57d057d8b0/640.jpeg", "type": "image/megapx", "tags": ["ANNOTATED"], "createdAt": "2020-02-03T10:25:55.822Z", "updatedAt": "2020-02-03T10:25:55.822Z", "width": 1125, "height": 2000}, {"id": "2c66b327-87f5-44d2-a999-e607c0729bf5", "url": "https://megapx-assets.dcard.tw/images/f0f54f38-fe75-4208-b22d-7b169a54afee/1280.jpeg", "normalizedUrl": "https://megapx.dcard.tw/v1/images/f0f54f38-fe75-4208-b22d-7b169a54afee", "thumbnail": "https://megapx-assets.dcard.tw/images/f0f54f38-fe75-4208-b22d-7b169a54afee/640.jpeg", "type": "image/megapx", "tags": ["ANNOTATED"], "createdAt": "2020-02-03T10:25:55.822Z", "updatedAt": "2020-02-03T10:25:55.822Z", "width": 1125, "height": 2000}, {"id": "aa9499a7-7473-48f1-b067-b4ecc036ad3d", "url": "https://megapx-assets.dcard.tw/images/8a85b11d-40d0-45bd-81e9-ab8d6858c592/1280.jpeg", "normalizedUrl": "https://megapx.dcard.tw/v1/images/8a85b11d-40d0-45bd-81e9-ab8d6858c592", "thumbnail": "https://megapx-assets.dcard.tw/images/8a85b11d-40d0-45bd-81e9-ab8d6858c592/640.jpeg", "type": "image/megapx", "tags": ["ANNOTATED"], "createdAt": "2020-02-03T10:21:54.691Z", "updatedAt": "2020-02-03T10:25:55.822Z", "width": 1125, "height": 2000}], "reactions": [{"id": "286f599c-f86a-4932-82f0-f5a06f1eca03", "count": 8}], "hidden": false, "customStyle": null, "isSuspiciousAccount": false, "layout": "classic", "withImages": true, "withVideos": false, "media": [{"url": "https://megapx-assets.dcard.tw/images/e714a5f8-2733-4323-95e5-fb57d057d8b0/1280.jpeg"}, {"url": "https://megapx-assets.dcard.tw/images/f0f54f38-fe75-4208-b22d-7b169a54afee/1280.jpeg"}, {"url": "https://megapx-assets.dcard.tw/images/8a85b11d-40d0-45bd-81e9-ab8d6858c592/1280.jpeg"}], "reportReasonText": "", "postAvatar": ""}, {"id": 233011388, "title": "找包！迷你醫生包", "excerpt": "請問有人知道哪裡有賣這個包嗎，抱歉實在因為找太久了，想來問問看！，台灣的好像都沒在賣？（不想用淘寶買）", "anonymousSchool": false, "anonymousDepartment": false, "pinned": false, "forumId": "d5ee9d02-510e-4f81-96e9-ab59b56e21ca", "replyId": null, "createdAt": "2020-02-03T17:35:27.045Z", "updatedAt": "2020-02-03T17:35:27.045Z", "commentCount": 2, "likeCount": 6, "withNickname": true, "tags": [], "topics": ["網購", "蝦皮", "問題", "購物"], "meta": {"layout": "classic"}, "forumName": "網路購物", "forumAlias": "buyonline", "gender": "F", "school": "拉拉", "department": "bravegirlgogogo", "replyTitle": null, "mediaMeta": [{"id": "a06ce684-d8f3-42ec-af94-6f32a48021b0", "url": "https://megapx-assets.dcard.tw/images/4dcae876-c652-4df9-bb2d-8bb7e81c5bae/640.jpeg", "normalizedUrl": "https://megapx-assets.dcard.tw/images/4dcae876-c652-4df9-bb2d-8bb7e81c5bae/640.jpeg", "thumbnail": "https://megapx-assets.dcard.tw/images/4dcae876-c652-4df9-bb2d-8bb7e81c5bae/640.jpeg", "type": "image/thumbnail", "tags": [], "createdAt": "2020-02-03T17:35:27.045Z", "updatedAt": "2020-02-03T17:35:27.045Z", "width": 296, "height": 640}, {"id": "a06ce684-d8f3-42ec-af94-6f32a48021b0", "url": "https://megapx-assets.dcard.tw/images/4dcae876-c652-4df9-bb2d-8bb7e81c5bae/1280.jpeg", "normalizedUrl": "https://megapx.dcard.tw/v1/images/4dcae876-c652-4df9-bb2d-8bb7e81c5bae", "thumbnail": "https://megapx-assets.dcard.tw/images/4dcae876-c652-4df9-bb2d-8bb7e81c5bae/640.jpeg", "type": "image/megapx", "tags": [], "createdAt": "2020-02-03T17:35:27.045Z", "updatedAt": "2020-02-03T17:35:27.045Z", "width": 828, "height": 1792}], "reactions": [{"id": "286f599c-f86a-4932-82f0-f5a06f1eca03", "count": 6}], "hidden": false, "customStyle": null, "isSuspiciousAccount": false, "layout": "classic", "withImages": true, "withVideos": false, "media": [{"url": "https://megapx-assets.dcard.tw/images/4dcae876-c652-4df9-bb2d-8bb7e81c5bae/1280.jpeg"}], "reportReasonText": "", "postAvatar": ""}, {"id": 233011424, "title": "求分享經驗⋯", "excerpt": "請問有人買過這間的衣服然後有退換貨的嗎？因為要換一件上衣但遲遲沒收到貨物，不知道有沒有人換成功的（？），有點等不下去了的說 客服回訊息超不積極，換貨的事宜都是要自己開口才有 不然平均回話不超過五個字^", "anonymousSchool": false, "anonymousDepartment": true, "pinned": false, "forumId": "d5ee9d02-510e-4f81-96e9-ab59b56e21ca", "replyId": null, "createdAt": "2020-02-03T17:41:26.549Z", "updatedAt": "2020-02-03T17:41:51.100Z", "commentCount": 0, "likeCount": 5, "withNickname": false, "tags": [], "topics": ["網購", "蝦皮"], "meta": {"layout": "classic"}, "forumName": "網路購物", "forumAlias": "buyonline", "gender": "F", "school": "台南應用科技大學", "replyTitle": null, "mediaMeta": [{"id": "51186264-4203-4ffa-b534-6681b7405350", "url": "https://megapx-assets.dcard.tw/images/fea79367-9f40-455c-8647-da403be8abbb/640.jpeg", "normalizedUrl": "https://megapx-assets.dcard.tw/images/fea79367-9f40-455c-8647-da403be8abbb/640.jpeg", "thumbnail": "https://megapx-assets.dcard.tw/images/fea79367-9f40-455c-8647-da403be8abbb/640.jpeg", "type": "image/thumbnail", "tags": ["ANNOTATED"], "createdAt": "2020-02-03T17:41:26.549Z", "updatedAt": "2020-02-03T17:41:51.100Z", "width": 369, "height": 640}, {"id": "51186264-4203-4ffa-b534-6681b7405350", "url": "https://megapx-assets.dcard.tw/images/fea79367-9f40-455c-8647-da403be8abbb/1280.jpeg", "normalizedUrl": "https://megapx.dcard.tw/v1/images/fea79367-9f40-455c-8647-da403be8abbb", "thumbnail": "https://megapx-assets.dcard.tw/images/fea79367-9f40-455c-8647-da403be8abbb/640.jpeg", "type": "image/megapx", "tags": ["ANNOTATED"], "createdAt": "2020-02-03T17:41:26.549Z", "updatedAt": "2020-02-03T17:41:51.100Z", "width": 1152, "height": 2000}], "reactions": [{"id": "286f599c-f86a-4932-82f0-f5a06f1eca03", "count": 5}], "hidden": false, "customStyle": null, "isSuspiciousAccount": false, "layout": "classic", "withImages": true, "withVideos": false, "media": [{"url": "https://megapx-assets.dcard.tw/images/fea79367-9f40-455c-8647-da403be8abbb/1280.jpeg"}], "reportReasonText": "", "postAvatar": ""}, {"id": 233010589, "title": "請問The limited換商標了嗎？", "excerpt": "如題，之前參加二手拍買到的衣服，很好奇他的牌子是什麼？雖然很明顯的the limited🤦‍️，但上網找到的商標是都是最下面圖片的那種，請問，這個牌子是換商標了嗎？拜託大家了🥺", "anonymousSchool": false, "anonymousDepartment": false, "pinned": false, "forumId": "d5ee9d02-510e-4f81-96e9-ab59b56e21ca", "replyId": null, "createdAt": "2020-02-03T15:55:13.449Z", "updatedAt": "2020-02-03T17:42:20.372Z", "commentCount": 0, "likeCount": 4, "withNickname": true, "tags": [], "topics": ["衣服", "品牌"], "meta": {"layout": "classic"}, "forumName": "網路購物", "forumAlias": "buyonline", "gender": "F", "school": "Mifaso", "department": "wadsn_1.2.3.", "replyTitle": null, "mediaMeta": [{"id": "51aba717-e0d1-4cbd-ad6e-d524874e5c7e", "url": "https://megapx-assets.dcard.tw/images/e6ee9b9d-ff85-4f32-b2bb-8d836176e1d0/640.jpeg", "normalizedUrl": "https://megapx-assets.dcard.tw/images/e6ee9b9d-ff85-4f32-b2bb-8d836176e1d0/640.jpeg", "thumbnail": "https://megapx-assets.dcard.tw/images/e6ee9b9d-ff85-4f32-b2bb-8d836176e1d0/640.jpeg", "type": "image/thumbnail", "tags": ["ANNOTATED"], "createdAt": "2020-02-03T15:55:13.449Z", "updatedAt": "2020-02-03T17:42:20.372Z", "width": 480, "height": 640}, {"id": "51aba717-e0d1-4cbd-ad6e-d524874e5c7e", "url": "https://megapx-assets.dcard.tw/images/e6ee9b9d-ff85-4f32-b2bb-8d836176e1d0/1280.jpeg", "normalizedUrl": "https://megapx.dcard.tw/v1/images/e6ee9b9d-ff85-4f32-b2bb-8d836176e1d0", "thumbnail": "https://megapx-assets.dcard.tw/images/e6ee9b9d-ff85-4f32-b2bb-8d836176e1d0/640.jpeg", "type": "image/megapx", "tags": ["ANNOTATED"], "createdAt": "2020-02-03T15:55:13.449Z", "updatedAt": "2020-02-03T17:42:20.372Z", "width": 1500, "height": 2000}, {"id": "e7741d3a-919e-4a08-afcb-3579ade6aa7b", "url": "https://megapx-assets.dcard.tw/images/949e04b2-da6e-46fe-9f52-a62eaff819cb/1280.jpeg", "normalizedUrl": "https://megapx.dcard.tw/v1/images/949e04b2-da6e-46fe-9f52-a62eaff819cb", "thumbnail": "https://megapx-assets.dcard.tw/images/949e04b2-da6e-46fe-9f52-a62eaff819cb/640.jpeg", "type": "image/megapx", "tags": ["ANNOTATED"], "createdAt": "2020-02-03T15:55:13.449Z", "updatedAt": "2020-02-03T17:42:20.372Z", "width": 1500, "height": 2000}, {"id": "c458b33e-5358-4b8e-9482-4b684fe1aea9", "url": "https://megapx-assets.dcard.tw/images/602a2112-ffe5-40c1-8cef-cae02af2a2a9/full.jpeg", "normalizedUrl": "https://megapx.dcard.tw/v1/images/602a2112-ffe5-40c1-8cef-cae02af2a2a9", "thumbnail": "https://megapx-assets.dcard.tw/images/602a2112-ffe5-40c1-8cef-cae02af2a2a9/320.jpeg", "type": "image/megapx", "tags": ["ANNOTATED"], "createdAt": "2020-02-03T15:55:13.449Z", "updatedAt": "2020-02-03T17:42:20.372Z", "width": 378, "height": 133}], "reactions": [{"id": "286f599c-f86a-4932-82f0-f5a06f1eca03", "count": 4}], "hidden": false, "customStyle": null, "isSuspiciousAccount": false, "layout": "classic", "withImages": true, "withVideos": false, "media": [{"url": "https://megapx-assets.dcard.tw/images/e6ee9b9d-ff85-4f32-b2bb-8d836176e1d0/1280.jpeg"}, {"url": "https://megapx-assets.dcard.tw/images/949e04b2-da6e-46fe-9f52-a62eaff819cb/1280.jpeg"}, {"url": "https://megapx-assets.dcard.tw/images/602a2112-ffe5-40c1-8cef-cae02af2a2a9/full.jpeg"}], "reportReasonText": "", "postAvatar": ""}, {"id": 233010888, "title": "東京企劃的真皮系列", "excerpt": "覺得他們家的包包都滿對我小清新的胃口的，最近想買他們家的真皮公事包，感覺包身材質偏硬挺，想問問看有沒有人買過他家的真皮系列的包包，耐用嗎？會不會很容易脫皮？平時有在上貂油保養真皮包包，但還是有點怕怕的", "anonymousSchool": false, "anonymousDepartment": true, "pinned": false, "forumId": "d5ee9d02-510e-4f81-96e9-ab59b56e21ca", "replyId": null, "createdAt": "2020-02-03T16:27:10.676Z", "updatedAt": "2020-02-03T16:28:35.737Z", "commentCount": 1, "likeCount": 3, "withNickname": false, "tags": [], "topics": ["東京企劃", "真皮", "網購", "心得", "公事包"], "meta": {"layout": "classic"}, "forumName": "網路購物", "forumAlias": "buyonline", "gender": "F", "school": "國立中正大學", "replyTitle": null, "mediaMeta": [{"id": "b5306f82-2730-44dd-97c2-1162dda45f05", "url": "https://megapx-assets.dcard.tw/images/649aa5d1-9e67-4d70-a0c6-4f6e99619b77/640.jpeg", "normalizedUrl": "https://megapx-assets.dcard.tw/images/649aa5d1-9e67-4d70-a0c6-4f6e99619b77/640.jpeg", "thumbnail": "https://megapx-assets.dcard.tw/images/649aa5d1-9e67-4d70-a0c6-4f6e99619b77/640.jpeg", "type": "image/thumbnail", "tags": ["ANNOTATED"], "createdAt": "2020-02-03T16:27:10.676Z", "updatedAt": "2020-02-03T16:28:35.737Z", "width": 360, "height": 640}, {"id": "b5306f82-2730-44dd-97c2-1162dda45f05", "url": "https://megapx-assets.dcard.tw/images/649aa5d1-9e67-4d70-a0c6-4f6e99619b77/1280.jpeg", "normalizedUrl": "https://megapx.dcard.tw/v1/images/649aa5d1-9e67-4d70-a0c6-4f6e99619b77", "thumbnail": "https://megapx-assets.dcard.tw/images/649aa5d1-9e67-4d70-a0c6-4f6e99619b77/640.jpeg", "type": "image/megapx", "tags": ["ANNOTATED"], "createdAt": "2020-02-03T16:27:10.676Z", "updatedAt": "2020-02-03T16:28:35.737Z", "width": 1125, "height": 2000}], "reactions": [{"id": "286f599c-f86a-4932-82f0-f5a06f1eca03", "count": 3}], "hidden": false, "customStyle": null, "isSuspiciousAccount": false, "layout": "classic", "withImages": true, "withVideos": false, "media": [{"url": "https://megapx-assets.dcard.tw/images/649aa5d1-9e67-4d70-a0c6-4f6e99619b77/1280.jpeg"}], "reportReasonText": "", "postAvatar": ""}, {"id": 233006601, "title": "有人買過mistermorden的銀戒嗎？可以分享一下嗎？", "excerpt": "請問各位大大，有人買過mistermorden的銀戒嗎？可以分享一下嗎？雖然網站寫925純銀，之前買過東區小店說純銀還是有氧化~，不過之前去韓國買的就沒有氧化，可惜過年出去玩的時候不見了QQ，有人買過", "anonymousSchool": false, "anonymousDepartment": true, "pinned": false, "forumId": "d5ee9d02-510e-4f81-96e9-ab59b56e21ca", "replyId": null, "createdAt": "2020-02-03T06:25:00.096Z", "updatedAt": "2020-02-03T06:25:00.096Z", "commentCount": 0, "likeCount": 3, "withNickname": false, "tags": [], "topics": ["銀戒", "網購", "問題"], "meta": {"layout": "classic"}, "forumName": "網路購物", "forumAlias": "buyonline", "gender": "F", "school": "輔仁大學", "replyTitle": null, "mediaMeta": [{"id": "59d31dc1-0a38-4cdf-a10c-a50af7533cfa", "url": "https://i.imgur.com/64vA0H9l.jpg", "normalizedUrl": "https://i.imgur.com/64vA0H9l.jpg", "thumbnail": "https://i.imgur.com/64vA0H9l.jpg", "type": "image/thumbnail", "tags": ["ANNOTATED"], "createdAt": "2020-02-03T06:25:00.096Z", "updatedAt": "2020-02-03T06:25:00.096Z"}, {"id": "59d31dc1-0a38-4cdf-a10c-a50af7533cfa", "url": "http://i.imgur.com/64vA0H9.jpg", "normalizedUrl": "https://imgur.com/64vA0H9", "thumbnail": "https://i.imgur.com/64vA0H9l.jpg", "type": "image/imgur", "tags": ["ANNOTATED"], "createdAt": "2020-02-03T06:25:00.096Z", "updatedAt": "2020-02-03T06:25:00.096Z"}], "reactions": [{"id": "286f599c-f86a-4932-82f0-f5a06f1eca03", "count": 3}], "hidden": false, "customStyle": null, "isSuspiciousAccount": false, "layout": "classic", "withImages": true, "withVideos": false, "media": [{"url": "http://i.imgur.com/64vA0H9.jpg"}], "reportReasonText": "", "postAvatar": ""}, {"id": 233006084, "title": "松鼠集運深圳倉停止收貨", "excerpt": "有用松鼠集運、貨在深圳的朋友注意一下，淘寶貨運最近是一定會受影響的", "anonymousSchool": false, "anonymousDepartment": true, "pinned": false, "forumId": "d5ee9d02-510e-4f81-96e9-ab59b56e21ca", "replyId": null, "createdAt": "2020-02-03T04:25:30.204Z", "updatedAt": "2020-02-03T04:25:30.204Z", "commentCount": 2, "likeCount": 3, "withNickname": false, "tags": [], "topics": ["松鼠", "深圳", "集運", "淘寶"], "meta": {"layout": "classic"}, "forumName": "網路購物", "forumAlias": "buyonline", "gender": "F", "school": "義守大學", "replyTitle": null, "mediaMeta": [{"id": "97f0bf97-5e3e-4f58-8931-4795b17036d3", "url": "https://megapx-assets.dcard.tw/images/425a5f97-2fc2-4a9f-a300-141b02ca9f18/640.jpeg", "normalizedUrl": "https://megapx-assets.dcard.tw/images/425a5f97-2fc2-4a9f-a300-141b02ca9f18/640.jpeg", "thumbnail": "https://megapx-assets.dcard.tw/images/425a5f97-2fc2-4a9f-a300-141b02ca9f18/640.jpeg", "type": "image/thumbnail", "tags": [], "createdAt": "2020-02-03T04:25:30.204Z", "updatedAt": "2020-02-03T04:25:30.204Z", "width": 360, "height": 640}, {"id": "97f0bf97-5e3e-4f58-8931-4795b17036d3", "url": "https://megapx-assets.dcard.tw/images/425a5f97-2fc2-4a9f-a300-141b02ca9f18/1280.jpeg", "normalizedUrl": "https://megapx.dcard.tw/v1/images/425a5f97-2fc2-4a9f-a300-141b02ca9f18", "thumbnail": "https://megapx-assets.dcard.tw/images/425a5f97-2fc2-4a9f-a300-141b02ca9f18/640.jpeg", "type": "image/megapx", "tags": [], "createdAt": "2020-02-03T04:25:30.204Z", "updatedAt": "2020-02-03T04:25:30.204Z", "width": 750, "height": 1334}], "reactions": [{"id": "286f599c-f86a-4932-82f0-f5a06f1eca03", "count": 3}], "hidden": false, "customStyle": null, "isSuspiciousAccount": false, "layout": "classic", "withImages": true, "withVideos": false, "media": [{"url": "https://megapx-assets.dcard.tw/images/425a5f97-2fc2-4a9f-a300-141b02ca9f18/1280.jpeg"}], "reportReasonText": "", "postAvatar": ""}, {"id": 233004704, "title": "ASOS馬丁款式差別", "excerpt": "最近想入手馬丁最經典的1460，在ASOS上看了好久還是不懂以下三款的差別，1.，2.，3.，爬了之前的舊文，有人說1是白色縫線，但我總覺得是拍照打光造成色差，因為官網上該款的其他展示照又都是黃線，我", "anonymousSchool": false, "anonymousDepartment": true, "pinned": false, "forumId": "d5ee9d02-510e-4f81-96e9-ab59b56e21ca", "replyId": null, "createdAt": "2020-02-02T18:04:24.253Z", "updatedAt": "2020-02-02T18:04:24.253Z", "commentCount": 4, "likeCount": 2, "withNickname": false, "tags": [], "topics": ["馬丁", "網購"], "meta": {"layout": "classic"}, "forumName": "網路購物", "forumAlias": "buyonline", "gender": "F", "school": "國立臺北大學", "replyTitle": null, "mediaMeta": [{"id": "57f71dd6-a349-4d69-a5de-312f3384615d", "url": "https://i.imgur.com/KHu3MsEl.jpg", "normalizedUrl": "https://i.imgur.com/KHu3MsEl.jpg", "thumbnail": "https://i.imgur.com/KHu3MsEl.jpg", "type": "image/thumbnail", "tags": ["ANNOTATED"], "createdAt": "2020-02-02T18:04:24.253Z", "updatedAt": "2020-02-02T18:04:24.253Z"}, {"id": "57f71dd6-a349-4d69-a5de-312f3384615d", "url": "https://i.imgur.com/KHu3MsE.jpg", "normalizedUrl": "https://imgur.com/KHu3MsE", "thumbnail": "https://i.imgur.com/KHu3MsEl.jpg", "type": "image/imgur", "tags": ["ANNOTATED"], "createdAt": "2020-02-02T18:04:24.253Z", "updatedAt": "2020-02-02T18:04:24.253Z"}, {"id": "e118d6cf-84a3-4964-9f5e-369c7fb2267d", "url": "https://i.imgur.com/OsJ90m0.jpg", "normalizedUrl": "https://imgur.com/OsJ90m0", "thumbnail": "https://i.imgur.com/OsJ90m0l.jpg", "type": "image/imgur", "tags": ["ANNOTATED"], "createdAt": "2020-02-02T18:04:24.253Z", "updatedAt": "2020-02-02T18:04:24.253Z"}, {"id": "a075e255-11c1-412b-bff6-c90dc4ec2596", "url": "https://i.imgur.com/we7WVnO.jpg", "normalizedUrl": "https://imgur.com/we7WVnO", "thumbnail": "https://i.imgur.com/we7WVnOl.jpg", "type": "image/imgur", "tags": ["ANNOTATED"], "createdAt": "2020-02-02T18:04:24.253Z", "updatedAt": "2020-02-02T18:04:24.253Z"}], "reactions": [{"id": "286f599c-f86a-4932-82f0-f5a06f1eca03", "count": 2}], "hidden": false, "customStyle": null, "isSuspiciousAccount": false, "layout": "classic", "withImages": true, "withVideos": false, "media": [{"url": "https://i.imgur.com/KHu3MsE.jpg"}, {"url": "https://i.imgur.com/OsJ90m0.jpg"}, {"url": "https://i.imgur.com/we7WVnO.jpg"}], "reportReasonText": "", "postAvatar": ""}, {"id": 233010721, "title": "#問 準備提告代購詐欺但匯款收據遺失", "excerpt": "手機排版請見諒，想請教一下各位帥哥美女們：我在18年末的時候向臉書粉專代購買了兩樣商品，商品是採先匯款後二補國際國內運費的方式 且非現貨 需要等起碼2-3個月，因為我有順利收到一項商品 所以很放心的把", "anonymousSchool": false, "anonymousDepartment": true, "pinned": false, "forumId": "d5ee9d02-510e-4f81-96e9-ab59b56e21ca", "replyId": null, "createdAt": "2020-02-03T16:08:52.209Z", "updatedAt": "2020-02-03T16:08:52.209Z", "commentCount": 1, "likeCount": 1, "withNickname": false, "tags": [], "topics": ["代購", "詐騙"], "meta": {"layout": "classic"}, "forumName": "網路購物", "forumAlias": "buyonline", "gender": "F", "school": "中國文化大學", "replyTitle": null, "mediaMeta": [], "reactions": [{"id": "286f599c-f86a-4932-82f0-f5a06f1eca03", "count": 1}], "hidden": false, "customStyle": null, "isSuspiciousAccount": false, "layout": "classic", "withImages": false, "withVideos": false, "media": [], "reportReasonText": "", "postAvatar": ""}, {"id": 233009165, "title": "OB鞋子", "excerpt": "想請問有人買過ob嚴選賣的鞋子嗎，網站上面賣的很多鞋子是台灣製造的，不知道好不好穿？想買這雙", "anonymousSchool": false, "anonymousDepartment": true, "pinned": false, "forumId": "d5ee9d02-510e-4f81-96e9-ab59b56e21ca", "replyId": null, "createdAt": "2020-02-03T12:58:23.003Z", "updatedAt": "2020-02-03T12:58:23.003Z", "commentCount": 0, "likeCount": 1, "withNickname": false, "tags": [], "topics": ["鞋子", "網購", "問題", "心得"], "meta": {"layout": "classic"}, "forumName": "網路購物", "forumAlias": "buyonline", "gender": "F", "school": "國立中央大學", "replyTitle": null, "mediaMeta": [{"id": "575a0a0a-9fcc-4f0f-aedf-fefb1b64ac04", "url": "https://i.imgur.com/J5iTP71l.jpg", "normalizedUrl": "https://i.imgur.com/J5iTP71l.jpg", "thumbnail": "https://i.imgur.com/J5iTP71l.jpg", "type": "image/thumbnail", "tags": ["ANNOTATED"], "createdAt": "2020-02-03T12:58:23.003Z", "updatedAt": "2020-02-03T12:58:23.003Z"}, {"id": "575a0a0a-9fcc-4f0f-aedf-fefb1b64ac04", "url": "https://i.imgur.com/J5iTP71.jpg", "normalizedUrl": "https://imgur.com/J5iTP71", "thumbnail": "https://i.imgur.com/J5iTP71l.jpg", "type": "image/imgur", "tags": ["ANNOTATED"], "createdAt": "2020-02-03T12:58:23.003Z", "updatedAt": "2020-02-03T12:58:23.003Z"}], "reactions": [{"id": "286f599c-f86a-4932-82f0-f5a06f1eca03", "count": 1}], "hidden": false, "customStyle": null, "isSuspiciousAccount": false, "layout": "classic", "withImages": true, "withVideos": false, "media": [{"url": "https://i.imgur.com/J5iTP71.jpg"}], "reportReasonText": "", "postAvatar": ""}, {"id": 233008948, "title": "有人在淘寶買過鞋子嗎？", "excerpt": "請問一下 大家有在淘寶買過布鞋嗎？在淘寶上看到想買的鞋子可是都沒辦法結帳，現在是沒辦法買鞋子嗎 有些口紅之類的也沒辦法，不過試其他家也不行", "anonymousSchool": false, "anonymousDepartment": true, "pinned": false, "forumId": "d5ee9d02-510e-4f81-96e9-ab59b56e21ca", "replyId": null, "createdAt": "2020-02-03T12:23:03.538Z", "updatedAt": "2020-02-03T13:07:50.837Z", "commentCount": 3, "likeCount": 1, "withNickname": false, "tags": [], "topics": ["鞋子", "淘寶", "網購"], "meta": {"layout": "classic"}, "forumName": "網路購物", "forumAlias": "buyonline", "gender": "F", "school": "逢甲大學", "replyTitle": null, "mediaMeta": [{"id": "a0b0f66b-715f-4dda-87c2-ce6454fda3b1", "url": "https://i.imgur.com/9tv0naXl.jpg", "normalizedUrl": "https://i.imgur.com/9tv0naXl.jpg", "thumbnail": "https://i.imgur.com/9tv0naXl.jpg", "type": "image/thumbnail", "tags": ["ANNOTATED"], "createdAt": "2020-02-03T12:23:03.538Z", "updatedAt": "2020-02-03T13:07:50.837Z"}, {"id": "a0b0f66b-715f-4dda-87c2-ce6454fda3b1", "url": "https://i.imgur.com/9tv0naX.jpg", "normalizedUrl": "https://imgur.com/9tv0naX", "thumbnail": "https://i.imgur.com/9tv0naXl.jpg", "type": "image/imgur", "tags": ["ANNOTATED"], "createdAt": "2020-02-03T12:23:03.538Z", "updatedAt": "2020-02-03T13:07:50.837Z"}], "reactions": [{"id": "286f599c-f86a-4932-82f0-f5a06f1eca03", "count": 1}], "hidden": false, "customStyle": null, "isSuspiciousAccount": false, "layout": "classic", "withImages": true, "withVideos": false, "media": [{"url": "https://i.imgur.com/9tv0naX.jpg"}], "reportReasonText": "", "postAvatar": ""}, {"id": 233008209, "title": "有人買過這款背包嗎", "excerpt": "EK2880，請問有人買過這款包背包嗎，有實拍圖嗎，因為網路上的照片每張都有色差，請問這款裝的下15.6吋的筆電嗎，H43.8cm x W29.8cm x D12.1cm（背包）", "anonymousSchool": false, "anonymousDepartment": false, "pinned": false, "forumId": "d5ee9d02-510e-4f81-96e9-ab59b56e21ca", "replyId": null, "createdAt": "2020-02-03T10:27:42.281Z", "updatedAt": "2020-02-03T10:27:42.281Z", "commentCount": 0, "likeCount": 1, "withNickname": true, "tags": [], "topics": ["愛迪達", "背包", "網購", "蝦皮", "問題"], "meta": {"layout": "classic"}, "forumName": "網路購物", "forumAlias": "buyonline", "gender": "F", "school": "小朋友", "department": "yyyys", "replyTitle": null, "mediaMeta": [{"id": "ad9191a2-c8ad-4c3e-8c9c-962ec031af10", "url": "https://megapx-assets.dcard.tw/images/309d708c-56d0-4cf7-89b6-98ea8a02d26c/640.jpeg", "normalizedUrl": "https://megapx-assets.dcard.tw/images/309d708c-56d0-4cf7-89b6-98ea8a02d26c/640.jpeg", "thumbnail": "https://megapx-assets.dcard.tw/images/309d708c-56d0-4cf7-89b6-98ea8a02d26c/640.jpeg", "type": "image/thumbnail", "tags": [], "createdAt": "2020-02-03T10:27:42.281Z", "updatedAt": "2020-02-03T10:27:42.281Z", "width": 640, "height": 640}, {"id": "ad9191a2-c8ad-4c3e-8c9c-962ec031af10", "url": "https://megapx-assets.dcard.tw/images/309d708c-56d0-4cf7-89b6-98ea8a02d26c/full.jpeg", "normalizedUrl": "https://megapx.dcard.tw/v1/images/309d708c-56d0-4cf7-89b6-98ea8a02d26c", "thumbnail": "https://megapx-assets.dcard.tw/images/309d708c-56d0-4cf7-89b6-98ea8a02d26c/640.jpeg", "type": "image/megapx", "tags": [], "createdAt": "2020-02-03T10:27:42.281Z", "updatedAt": "2020-02-03T10:27:42.281Z", "width": 800, "height": 800}], "reactions": [{"id": "286f599c-f86a-4932-82f0-f5a06f1eca03", "count": 1}], "hidden": false, "customStyle": null, "isSuspiciousAccount": false, "layout": "classic", "withImages": true, "withVideos": false, "media": [{"url": "https://megapx-assets.dcard.tw/images/309d708c-56d0-4cf7-89b6-98ea8a02d26c/full.jpeg"}], "reportReasonText": "", "postAvatar": ""}, {"id": 233006579, "title": "#問 網購衣服尺寸", "excerpt": "看了他們的尺寸表，單肩寬 啊這樣總肩寬是多少，@@，根本不知道要怎麼買 有人知道嗎QAQ，不知道有沒有錯版><", "anonymousSchool": false, "anonymousDepartment": false, "pinned": false, "forumId": "d5ee9d02-510e-4f81-96e9-ab59b56e21ca", "replyId": null, "createdAt": "2020-02-03T06:20:48.976Z", "updatedAt": "2020-02-03T06:20:48.976Z", "commentCount": 2, "likeCount": 1, "withNickname": false, "tags": [], "topics": ["尺寸", "衣服"], "meta": {"layout": "classic"}, "forumName": "網路購物", "forumAlias": "buyonline", "gender": "F", "school": "美和科技大學", "department": "護理系", "replyTitle": null, "mediaMeta": [{"id": "bc347bed-9238-4b84-9db5-c318ec2fd4cb", "url": "https://i.imgur.com/YO8eDQhl.jpg", "normalizedUrl": "https://i.imgur.com/YO8eDQhl.jpg", "thumbnail": "https://i.imgur.com/YO8eDQhl.jpg", "type": "image/thumbnail", "tags": ["ANNOTATED"], "createdAt": "2020-02-03T06:20:48.976Z", "updatedAt": "2020-02-03T06:20:48.976Z"}, {"id": "bc347bed-9238-4b84-9db5-c318ec2fd4cb", "url": "https://i.imgur.com/YO8eDQh.png", "normalizedUrl": "https://imgur.com/YO8eDQh", "thumbnail": "https://i.imgur.com/YO8eDQhl.jpg", "type": "image/imgur", "tags": ["ANNOTATED"], "createdAt": "2020-02-03T06:20:48.976Z", "updatedAt": "2020-02-03T06:20:48.976Z"}], "reactions": [{"id": "286f599c-f86a-4932-82f0-f5a06f1eca03", "count": 1}], "hidden": false, "customStyle": null, "isSuspiciousAccount": false, "layout": "classic", "withImages": true, "withVideos": false, "media": [{"url": "https://i.imgur.com/YO8eDQh.png"}], "reportReasonText": "", "postAvatar": ""}, {"id": 233010067, "title": "問蝦皮賣家", "excerpt": "請問有人在OBA SHOP買過東西嗎，最近想入手COACH相機包", "anonymousSchool": false, "anonymousDepartment": true, "pinned": false, "forumId": "d5ee9d02-510e-4f81-96e9-ab59b56e21ca", "replyId": null, "createdAt": "2020-02-03T14:56:45.890Z", "updatedAt": "2020-02-03T14:59:11.318Z", "commentCount": 2, "likeCount": 0, "withNickname": false, "tags": [], "topics": ["蝦皮", "賣家", "網購", "問題", "代購"], "meta": {"layout": "classic"}, "forumName": "網路購物", "forumAlias": "buyonline", "gender": "M", "school": "中臺科技大學", "replyTitle": null, "mediaMeta": [{"id": "38d5959b-0e5e-46de-87ba-7d0a66d56c1e", "url": "https://i.imgur.com/fxazOKVl.jpg", "normalizedUrl": "https://i.imgur.com/fxazOKVl.jpg", "thumbnail": "https://i.imgur.com/fxazOKVl.jpg", "type": "image/thumbnail", "tags": ["ANNOTATED"], "createdAt": "2020-02-03T14:59:11.318Z", "updatedAt": "2020-02-03T14:59:11.318Z"}, {"id": "38d5959b-0e5e-46de-87ba-7d0a66d56c1e", "url": "https://i.imgur.com/fxazOKV.jpg", "normalizedUrl": "https://imgur.com/fxazOKV", "thumbnail": "https://i.imgur.com/fxazOKVl.jpg", "type": "image/imgur", "tags": ["ANNOTATED"], "createdAt": "2020-02-03T14:59:11.318Z", "updatedAt": "2020-02-03T14:59:11.318Z"}], "reactions": [], "hidden": false, "customStyle": null, "isSuspiciousAccount": false, "layout": "classic", "withImages": true, "withVideos": false, "media": [{"url": "https://i.imgur.com/fxazOKV.jpg"}], "reportReasonText": "", "postAvatar": ""}, {"id": 233009294, "title": "星巴克保溫杯", "excerpt": "請問各位，星巴克有出這款嗎？在官網上看，只有今年出的，所以想請問一下大家‍️‍️，網路圖", "anonymousSchool": false, "anonymousDepartment": true, "pinned": false, "forumId": "d5ee9d02-510e-4f81-96e9-ab59b56e21ca", "replyId": null, "createdAt": "2020-02-03T13:16:36.146Z", "updatedAt": "2020-02-03T13:16:51.465Z", "commentCount": 2, "likeCount": 0, "withNickname": false, "tags": [], "topics": ["星巴克", "保溫杯", "問題"], "meta": {"layout": "classic"}, "forumName": "網路購物", "forumAlias": "buyonline", "gender": "F", "school": "樹德科技大學", "replyTitle": null, "mediaMeta": [{"id": "7721baef-79b8-440e-ab4f-6f9232189b60", "url": "https://i.imgur.com/ebJXbcal.jpg", "normalizedUrl": "https://i.imgur.com/ebJXbcal.jpg", "thumbnail": "https://i.imgur.com/ebJXbcal.jpg", "type": "image/thumbnail", "tags": ["ANNOTATED"], "createdAt": "2020-02-03T13:16:36.146Z", "updatedAt": "2020-02-03T13:16:51.465Z"}, {"id": "7721baef-79b8-440e-ab4f-6f9232189b60", "url": "https://i.imgur.com/ebJXbca.jpg", "normalizedUrl": "https://imgur.com/ebJXbca", "thumbnail": "https://i.imgur.com/ebJXbcal.jpg", "type": "image/imgur", "tags": ["ANNOTATED"], "createdAt": "2020-02-03T13:16:36.146Z", "updatedAt": "2020-02-03T13:16:51.465Z"}], "reactions": [], "hidden": false, "customStyle": null, "isSuspiciousAccount": false, "layout": "classic", "withImages": true, "withVideos": false, "media": [{"url": "https://i.imgur.com/ebJXbca.jpg"}], "reportReasonText": "", "postAvatar": ""}, {"id": 233009280, "title": "宅配", "excerpt": "大家好，第一次用宅配，想請問各位，當宅配簽收時，單據上會顯示網購金額嗎？謝謝", "anonymousSchool": false, "anonymousDepartment": true, "pinned": false, "forumId": "d5ee9d02-510e-4f81-96e9-ab59b56e21ca", "replyId": null, "createdAt": "2020-02-03T13:14:38.661Z", "updatedAt": "2020-02-03T13:14:38.661Z", "commentCount": 4, "likeCount": 0, "withNickname": false, "tags": ["HIDE_THUMBNAIL"], "topics": ["宅配"], "meta": {"layout": "classic"}, "forumName": "網路購物", "forumAlias": "buyonline", "gender": "M", "school": "國立高雄海洋科技大學", "replyTitle": null, "mediaMeta": [], "reactions": [], "hidden": false, "customStyle": null, "isSuspiciousAccount": false, "layout": "classic", "withImages": false, "withVideos": false, "media": [], "reportReasonText": "", "postAvatar": ""}, {"id": 233008563, "title": "#請益#順豐物流怎麼了", "excerpt": "發這個版應該對吧？過年下單過年不送好不容易等到開始送了，星期五快遞員打電話沒接到，星期六一點動靜都沒有，星期一也等一整天，（快遞員的名字電話碼掉了）", "anonymousSchool": false, "anonymousDepartment": false, "pinned": false, "forumId": "d5ee9d02-510e-4f81-96e9-ab59b56e21ca", "replyId": null, "createdAt": "2020-02-03T11:18:16.367Z", "updatedAt": "2020-02-04T00:05:10.518Z", "commentCount": 4, "likeCount": 0, "withNickname": true, "tags": [], "topics": ["順豐", "物流", "問題", "購物"], "meta": {"layout": "classic"}, "forumName": "網路購物", "forumAlias": "buyonline", "gender": "F", "school": "奔跑的山豬", "department": "isaguanmin", "replyTitle": null, "mediaMeta": [{"id": "857e5850-e13d-4c94-a0f9-59abc8deea2e", "url": "https://i.imgur.com/ENOTN0ql.jpg", "normalizedUrl": "https://i.imgur.com/ENOTN0ql.jpg", "thumbnail": "https://i.imgur.com/ENOTN0ql.jpg", "type": "image/thumbnail", "tags": ["ANNOTATED"], "createdAt": "2020-02-03T11:18:16.367Z", "updatedAt": "2020-02-04T00:05:10.518Z"}, {"id": "857e5850-e13d-4c94-a0f9-59abc8deea2e", "url": "https://i.imgur.com/ENOTN0q.jpg", "normalizedUrl": "https://imgur.com/ENOTN0q", "thumbnail": "https://i.imgur.com/ENOTN0ql.jpg", "type": "image/imgur", "tags": ["ANNOTATED"], "createdAt": "2020-02-03T11:18:16.367Z", "updatedAt": "2020-02-04T00:05:10.518Z"}, {"id": "912b886d-2b1d-4138-8d61-33d68b86e3e2", "url": "https://i.imgur.com/zs5DqS7.jpg", "normalizedUrl": "https://imgur.com/zs5DqS7", "thumbnail": "https://i.imgur.com/zs5DqS7l.jpg", "type": "image/imgur", "tags": ["ANNOTATED"], "createdAt": "2020-02-03T11:18:16.367Z", "updatedAt": "2020-02-04T00:05:10.518Z"}], "reactions": [], "hidden": false, "customStyle": null, "isSuspiciousAccount": false, "layout": "classic", "withImages": true, "withVideos": false, "media": [{"url": "https://i.imgur.com/ENOTN0q.jpg"}, {"url": "https://i.imgur.com/zs5DqS7.jpg"}], "reportReasonText": "", "postAvatar": ""}, {"id": 233005344, "title": "詢問這雙網購哪家有賣", "excerpt": "請問帥哥美女們，如標題這雙網購哪家有賣～台南看好多家都沒看到，只好來網路看，但蝦皮看來看去我還是不敢下單，（找粉紫那雙）白色我有了🥺，謝謝你們！", "anonymousSchool": false, "anonymousDepartment": true, "pinned": false, "forumId": "d5ee9d02-510e-4f81-96e9-ab59b56e21ca", "replyId": null, "createdAt": "2020-02-03T00:33:41.251Z", "updatedAt": "2020-02-03T00:33:41.251Z", "commentCount": 2, "likeCount": 0, "withNickname": false, "tags": [], "topics": ["帆布鞋", "網購", "問題", "代購", "拍賣"], "meta": {"layout": "classic"}, "forumName": "網路購物", "forumAlias": "buyonline", "gender": "F", "school": "嘉南藥理大學", "replyTitle": null, "mediaMeta": [{"id": "ae007ca9-21c3-4496-85b4-c849ddbdbce7", "url": "https://megapx-assets.dcard.tw/images/7f60c245-704c-47d0-b941-17b104d4f863/640.jpeg", "normalizedUrl": "https://megapx-assets.dcard.tw/images/7f60c245-704c-47d0-b941-17b104d4f863/640.jpeg", "thumbnail": "https://megapx-assets.dcard.tw/images/7f60c245-704c-47d0-b941-17b104d4f863/640.jpeg", "type": "image/thumbnail", "tags": [], "createdAt": "2020-02-03T00:33:41.251Z", "updatedAt": "2020-02-03T00:33:41.251Z", "width": 640, "height": 640}, {"id": "ae007ca9-21c3-4496-85b4-c849ddbdbce7", "url": "https://megapx-assets.dcard.tw/images/7f60c245-704c-47d0-b941-17b104d4f863/full.jpeg", "normalizedUrl": "https://megapx.dcard.tw/v1/images/7f60c245-704c-47d0-b941-17b104d4f863", "thumbnail": "https://megapx-assets.dcard.tw/images/7f60c245-704c-47d0-b941-17b104d4f863/640.jpeg", "type": "image/megapx", "tags": [], "createdAt": "2020-02-03T00:33:41.251Z", "updatedAt": "2020-02-03T00:33:41.251Z", "width": 1024, "height": 1024}], "reactions": [], "hidden": false, "customStyle": null, "isSuspiciousAccount": false, "layout": "classic", "withImages": true, "withVideos": false, "media": [{"url": "https://megapx-assets.dcard.tw/images/7f60c245-704c-47d0-b941-17b104d4f863/full.jpeg"}], "reportReasonText": "", "postAvatar": ""}, {"id": 233003894, "title": "求Tory Burch 推薦的代購~~", "excerpt": "找了好幾天 TB的網路代購，也爬了很多文章 可惜很多家都是淘寶貨，就算是正版賣家款式也不多..，想找個長夾送女友，但礙於目前在服役預算只能選擇代購...，而且又是相當重要的紀念日，希望版上比較有經驗的", "anonymousSchool": false, "anonymousDepartment": false, "pinned": false, "forumId": "d5ee9d02-510e-4f81-96e9-ab59b56e21ca", "replyId": null, "createdAt": "2020-02-02T16:03:28.365Z", "updatedAt": "2020-02-02T16:03:28.365Z", "commentCount": 3, "likeCount": 0, "withNickname": true, "tags": [], "topics": ["ToryBurch", "TB", "代購", "網購", "問題"], "meta": {"layout": "classic"}, "forumName": "網路購物", "forumAlias": "buyonline", "gender": "M", "school": "皮卡雞", "department": "jj1996", "replyTitle": null, "mediaMeta": [], "reactions": [], "hidden": false, "customStyle": null, "isSuspiciousAccount": false, "layout": "classic", "withImages": false, "withVideos": false, "media": [], "reportReasonText": "", "postAvatar": ""}]