[{"id": 231122990, "title": "咖啡板閒聊區", "excerpt": "咖啡板開板啦！，.，美式、拿鐵、黑咖啡，你們都喜歡喝什麼咖啡呢？手沖、賽風壺、義式機，你們都用什麼方式煮咖啡呢？手搖、電動，你們都用什麼磨豆機呢？.，喜歡喝咖啡的大家快來討論吧！", "anonymousSchool": false, "anonymousDepartment": false, "pinned": true, "forumId": "6120536f-6a70-49bb-8891-ec0ba2f4b396", "replyId": null, "createdAt": "2019-04-19T11:31:11.785Z", "updatedAt": "2019-04-19T11:32:17.716Z", "commentCount": 45, "likeCount": 38, "withNickname": true, "tags": [], "topics": ["咖啡", "閒聊"], "meta": {}, "forumName": "咖啡", "forumAlias": "coffee", "gender": "D", "school": "咖啡板小天使", "department": "coffeeangel", "replyTitle": null, "mediaMeta": [], "reactions": [{"id": "286f599c-f86a-4932-82f0-f5a06f1eca03", "count": 38}], "hidden": false, "customStyle": null, "isSuspiciousAccount": false, "layout": "classic", "withImages": false, "withVideos": false, "media": [], "reportReasonText": "", "postAvatar": ""}, {"id": 233004751, "title": "台中咖啡廳求職⋯", "excerpt": "因為本人有正職的工作，但是休假之虞想嘗試咖啡廳工作，不知道有沒有特殊排班1-2天的咖啡廳可以學習，有在咖啡廳吧台的經驗，到現在還是喜歡在咖啡廳上班的感覺，有徵才或推薦的嗎？", "anonymousSchool": false, "anonymousDepartment": true, "pinned": false, "forumId": "6120536f-6a70-49bb-8891-ec0ba2f4b396", "replyId": null, "createdAt": "2020-02-02T18:17:46.962Z", "updatedAt": "2020-02-02T18:17:46.962Z", "commentCount": 2, "likeCount": 2, "withNickname": false, "tags": [], "topics": [], "meta": {"layout": "classic"}, "forumName": "咖啡", "forumAlias": "coffee", "gender": "F", "school": "國立臺中科技大學", "replyTitle": null, "mediaMeta": [], "reactions": [{"id": "286f599c-f86a-4932-82f0-f5a06f1eca03", "count": 2}], "hidden": false, "customStyle": null, "isSuspiciousAccount": false, "layout": "classic", "withImages": false, "withVideos": false, "media": [], "reportReasonText": "", "postAvatar": ""}, {"id": 233005735, "title": "手沖濾心", "excerpt": "請問各位大大  濾心還很新可是用過，換下來後  閒置一段時間還可以使用嗎，謝謝大家", "anonymousSchool": false, "anonymousDepartment": true, "pinned": false, "forumId": "6120536f-6a70-49bb-8891-ec0ba2f4b396", "replyId": null, "createdAt": "2020-02-03T03:01:35.092Z", "updatedAt": "2020-02-03T03:01:35.092Z", "commentCount": 0, "likeCount": 1, "withNickname": false, "tags": [], "topics": ["咖啡", "手沖咖啡", "問題"], "meta": {"layout": "classic"}, "forumName": "咖啡", "forumAlias": "coffee", "gender": "M", "school": "銘傳大學", "replyTitle": null, "mediaMeta": [{"id": "d0e10dc5-3aa2-4bfe-954e-8c5c5d25545c", "url": "https://megapx-assets.dcard.tw/images/8bafeafc-4432-45d6-ab49-cf71f6ae33b8/640.jpeg", "normalizedUrl": "https://megapx-assets.dcard.tw/images/8bafeafc-4432-45d6-ab49-cf71f6ae33b8/640.jpeg", "thumbnail": "https://megapx-assets.dcard.tw/images/8bafeafc-4432-45d6-ab49-cf71f6ae33b8/640.jpeg", "type": "image/thumbnail", "tags": ["ANNOTATED"], "createdAt": "2020-02-03T03:01:35.092Z", "updatedAt": "2020-02-03T03:01:35.092Z", "width": 640, "height": 337}, {"id": "d0e10dc5-3aa2-4bfe-954e-8c5c5d25545c", "url": "https://megapx-assets.dcard.tw/images/8bafeafc-4432-45d6-ab49-cf71f6ae33b8/1280.jpeg", "normalizedUrl": "https://megapx.dcard.tw/v1/images/8bafeafc-4432-45d6-ab49-cf71f6ae33b8", "thumbnail": "https://megapx-assets.dcard.tw/images/8bafeafc-4432-45d6-ab49-cf71f6ae33b8/640.jpeg", "type": "image/megapx", "tags": ["ANNOTATED"], "createdAt": "2020-02-03T03:01:35.092Z", "updatedAt": "2020-02-03T03:01:35.092Z", "width": 2000, "height": 1052}], "reactions": [{"id": "286f599c-f86a-4932-82f0-f5a06f1eca03", "count": 1}], "hidden": false, "customStyle": null, "isSuspiciousAccount": false, "layout": "classic", "withImages": true, "withVideos": false, "media": [{"url": "https://megapx-assets.dcard.tw/images/8bafeafc-4432-45d6-ab49-cf71f6ae33b8/1280.jpeg"}], "reportReasonText": "", "postAvatar": ""}]