[{"id": 233008283, "title": "#分享 近期喜歡の棕色隱眼👀", "excerpt": "其實從國中開始接觸隱形眼鏡到大學，戴得都是透明片，一直到前陣子想試試看有顏色的，個人偏愛直徑小一點，1. OPT波西褐，在猶豫要買哪款隱眼時，剛好看到有人推薦波西褐，直接被燒到立馬購入🤣，波西褐超顯", "anonymousSchool": false, "anonymousDepartment": true, "pinned": false, "forumId": "3b54b08f-27c3-4048-9777-c40def9ac9e1", "replyId": null, "createdAt": "2020-02-03T10:37:28.482Z", "updatedAt": "2020-02-03T10:37:28.482Z", "commentCount": 4, "likeCount": 22, "withNickname": false, "tags": [], "topics": ["隱形眼鏡", "月拋", "小直徑隱眼", "OPT", "CHICCHIC"], "meta": {"layout": "classic"}, "forumName": "隱形眼鏡", "forumAlias": "contact_lens", "gender": "F", "school": "中華醫事科技大學", "replyTitle": null, "mediaMeta": [{"id": "7ad2d6ca-02c3-4f2b-ae69-e66410ed56e9", "url": "https://megapx-assets.dcard.tw/images/3a067ac0-8b60-4385-81dd-181d38b7de18/640.jpeg", "normalizedUrl": "https://megapx-assets.dcard.tw/images/3a067ac0-8b60-4385-81dd-181d38b7de18/640.jpeg", "thumbnail": "https://megapx-assets.dcard.tw/images/3a067ac0-8b60-4385-81dd-181d38b7de18/640.jpeg", "type": "image/thumbnail", "tags": [], "createdAt": "2020-02-03T10:37:28.482Z", "updatedAt": "2020-02-03T10:37:28.482Z", "width": 640, "height": 424}, {"id": "7ad2d6ca-02c3-4f2b-ae69-e66410ed56e9", "url": "https://megapx-assets.dcard.tw/images/3a067ac0-8b60-4385-81dd-181d38b7de18/1280.jpeg", "normalizedUrl": "https://megapx.dcard.tw/v1/images/3a067ac0-8b60-4385-81dd-181d38b7de18", "thumbnail": "https://megapx-assets.dcard.tw/images/3a067ac0-8b60-4385-81dd-181d38b7de18/640.jpeg", "type": "image/megapx", "tags": [], "createdAt": "2020-02-03T10:37:28.482Z", "updatedAt": "2020-02-03T10:37:28.482Z", "width": 2000, "height": 1324}, {"id": "28b0b589-e617-4230-b6b1-858c4e4913f3", "url": "https://megapx-assets.dcard.tw/images/3682b278-8b52-44dd-862a-43b9a92f6a59/1280.jpeg", "normalizedUrl": "https://megapx.dcard.tw/v1/images/3682b278-8b52-44dd-862a-43b9a92f6a59", "thumbnail": "https://megapx-assets.dcard.tw/images/3682b278-8b52-44dd-862a-43b9a92f6a59/640.jpeg", "type": "image/megapx", "tags": [], "createdAt": "2020-02-03T10:37:28.482Z", "updatedAt": "2020-02-03T10:37:28.482Z", "width": 2000, "height": 1004}, {"id": "a9c0acb6-12ff-46d2-89ca-b5c5423ad341", "url": "https://megapx-assets.dcard.tw/images/08d03aee-8aa6-4cf4-bc14-cc10dddb2394/1280.jpeg", "normalizedUrl": "https://megapx.dcard.tw/v1/images/08d03aee-8aa6-4cf4-bc14-cc10dddb2394", "thumbnail": "https://megapx-assets.dcard.tw/images/08d03aee-8aa6-4cf4-bc14-cc10dddb2394/640.jpeg", "type": "image/megapx", "tags": [], "createdAt": "2020-02-03T10:37:28.482Z", "updatedAt": "2020-02-03T10:37:28.482Z", "width": 2000, "height": 1023}, {"id": "238a2dd6-95b1-4f07-821c-36b74103b13d", "url": "https://megapx-assets.dcard.tw/images/c546a97c-d1d9-407a-977a-2b4ad252cb8b/1280.jpeg", "normalizedUrl": "https://megapx.dcard.tw/v1/images/c546a97c-d1d9-407a-977a-2b4ad252cb8b", "thumbnail": "https://megapx-assets.dcard.tw/images/c546a97c-d1d9-407a-977a-2b4ad252cb8b/640.jpeg", "type": "image/megapx", "tags": [], "createdAt": "2020-02-03T10:37:28.482Z", "updatedAt": "2020-02-03T10:37:28.482Z", "width": 2001, "height": 836}, {"id": "e4d7a86e-04cc-40e6-acb1-e249a3b80cf6", "url": "https://megapx-assets.dcard.tw/images/0025d0c9-813e-400b-8940-bb813bde4a55/1280.jpeg", "normalizedUrl": "https://megapx.dcard.tw/v1/images/0025d0c9-813e-400b-8940-bb813bde4a55", "thumbnail": "https://megapx-assets.dcard.tw/images/0025d0c9-813e-400b-8940-bb813bde4a55/640.jpeg", "type": "image/megapx", "tags": [], "createdAt": "2020-02-03T10:37:28.482Z", "updatedAt": "2020-02-03T10:37:28.482Z", "width": 2000, "height": 785}, {"id": "4b343d6a-664d-4936-a9ed-f84eb1d17a28", "url": "https://megapx-assets.dcard.tw/images/e583e9e5-99a7-4798-af14-f6c220f6eb4c/1280.jpeg", "normalizedUrl": "https://megapx.dcard.tw/v1/images/e583e9e5-99a7-4798-af14-f6c220f6eb4c", "thumbnail": "https://megapx-assets.dcard.tw/images/e583e9e5-99a7-4798-af14-f6c220f6eb4c/640.jpeg", "type": "image/megapx", "tags": [], "createdAt": "2020-02-03T10:37:28.482Z", "updatedAt": "2020-02-03T10:37:28.482Z", "width": 2000, "height": 733}, {"id": "76ca6749-818b-49db-ab25-48c0981f5c92", "url": "https://megapx-assets.dcard.tw/images/ec3f1a08-f406-4eef-b8be-131f865bb882/1280.jpeg", "normalizedUrl": "https://megapx.dcard.tw/v1/images/ec3f1a08-f406-4eef-b8be-131f865bb882", "thumbnail": "https://megapx-assets.dcard.tw/images/ec3f1a08-f406-4eef-b8be-131f865bb882/640.jpeg", "type": "image/megapx", "tags": [], "createdAt": "2020-02-03T10:37:28.482Z", "updatedAt": "2020-02-03T10:37:28.482Z", "width": 2000, "height": 1152}], "reactions": [{"id": "286f599c-f86a-4932-82f0-f5a06f1eca03", "count": 22}], "hidden": false, "customStyle": null, "isSuspiciousAccount": false, "layout": "classic", "withImages": true, "withVideos": false, "media": [{"url": "https://megapx-assets.dcard.tw/images/3a067ac0-8b60-4385-81dd-181d38b7de18/1280.jpeg"}, {"url": "https://megapx-assets.dcard.tw/images/3682b278-8b52-44dd-862a-43b9a92f6a59/1280.jpeg"}, {"url": "https://megapx-assets.dcard.tw/images/08d03aee-8aa6-4cf4-bc14-cc10dddb2394/1280.jpeg"}, {"url": "https://megapx-assets.dcard.tw/images/c546a97c-d1d9-407a-977a-2b4ad252cb8b/1280.jpeg"}, {"url": "https://megapx-assets.dcard.tw/images/0025d0c9-813e-400b-8940-bb813bde4a55/1280.jpeg"}, {"url": "https://megapx-assets.dcard.tw/images/e583e9e5-99a7-4798-af14-f6c220f6eb4c/1280.jpeg"}, {"url": "https://megapx-assets.dcard.tw/images/ec3f1a08-f406-4eef-b8be-131f865bb882/1280.jpeg"}], "reportReasonText": "", "postAvatar": ""}, {"id": 233009458, "title": "被很認真推薦的矽水膠", "excerpt": "前幾天要補貨隱形眼鏡，想說最近看遠處變更糊了，順便重新驗光一下~，驗光完，驗光師一直推我矽水膠的隱眼，他說這款：「很舒服拉～」「不會騙你拉～」「可以比較久ㄋㄟ～」我覺得被身邊有些做直銷的朋友轟炸過幾次", "anonymousSchool": false, "anonymousDepartment": true, "pinned": false, "forumId": "3b54b08f-27c3-4048-9777-c40def9ac9e1", "replyId": null, "createdAt": "2020-02-03T13:37:28.573Z", "updatedAt": "2020-02-03T13:37:28.573Z", "commentCount": 5, "likeCount": 9, "withNickname": false, "tags": [], "topics": ["矽水膠", "隱形眼鏡", "隱眼", "分享"], "meta": {"layout": "classic"}, "forumName": "隱形眼鏡", "forumAlias": "contact_lens", "gender": "F", "school": "國立政治大學", "replyTitle": null, "mediaMeta": [{"id": "6666525e-e2ee-4675-8f7f-692089ff5746", "url": "https://i.imgur.com/R2WHww7l.jpg", "normalizedUrl": "https://i.imgur.com/R2WHww7l.jpg", "thumbnail": "https://i.imgur.com/R2WHww7l.jpg", "type": "image/thumbnail", "tags": ["ANNOTATED"], "createdAt": "2020-02-03T13:37:28.573Z", "updatedAt": "2020-02-03T13:37:28.573Z"}, {"id": "6666525e-e2ee-4675-8f7f-692089ff5746", "url": "http://i.imgur.com/R2WHww7.jpg", "normalizedUrl": "https://imgur.com/R2WHww7", "thumbnail": "https://i.imgur.com/R2WHww7l.jpg", "type": "image/imgur", "tags": ["ANNOTATED"], "createdAt": "2020-02-03T13:37:28.573Z", "updatedAt": "2020-02-03T13:37:28.573Z"}], "reactions": [{"id": "286f599c-f86a-4932-82f0-f5a06f1eca03", "count": 9}], "hidden": false, "customStyle": null, "isSuspiciousAccount": false, "layout": "classic", "withImages": true, "withVideos": false, "media": [{"url": "http://i.imgur.com/R2WHww7.jpg"}], "reportReasonText": "", "postAvatar": ""}, {"id": 233004201, "title": "#請益  IG看到日本妹子的隱眼～", "excerpt": "想問一下 這款隱眼有沒有類似的～都說著日文我看不懂哭哭", "anonymousSchool": false, "anonymousDepartment": true, "pinned": false, "forumId": "3b54b08f-27c3-4048-9777-c40def9ac9e1", "replyId": null, "createdAt": "2020-02-02T16:43:14.302Z", "updatedAt": "2020-02-02T16:43:14.302Z", "commentCount": 7, "likeCount": 9, "withNickname": false, "tags": [], "topics": ["日本", "隱形眼鏡", "彩色", "妹子", "小直徑隱眼"], "meta": {"layout": "classic"}, "forumName": "隱形眼鏡", "forumAlias": "contact_lens", "gender": "F", "school": "景文科技大學", "replyTitle": null, "mediaMeta": [{"id": "1625e427-683c-4532-a00f-bd53f60447c9", "url": "https://i.imgur.com/sTZXG7Wl.jpg", "normalizedUrl": "https://i.imgur.com/sTZXG7Wl.jpg", "thumbnail": "https://i.imgur.com/sTZXG7Wl.jpg", "type": "image/thumbnail", "tags": ["ANNOTATED"], "createdAt": "2020-02-02T16:43:14.302Z", "updatedAt": "2020-02-02T16:43:14.302Z"}, {"id": "1625e427-683c-4532-a00f-bd53f60447c9", "url": "https://i.imgur.com/sTZXG7W.jpg", "normalizedUrl": "https://imgur.com/sTZXG7W", "thumbnail": "https://i.imgur.com/sTZXG7Wl.jpg", "type": "image/imgur", "tags": ["ANNOTATED"], "createdAt": "2020-02-02T16:43:14.302Z", "updatedAt": "2020-02-02T16:43:14.302Z"}], "reactions": [{"id": "286f599c-f86a-4932-82f0-f5a06f1eca03", "count": 9}], "hidden": false, "customStyle": null, "isSuspiciousAccount": false, "layout": "classic", "withImages": true, "withVideos": false, "media": [{"url": "https://i.imgur.com/sTZXG7W.jpg"}], "reportReasonText": "", "postAvatar": ""}, {"id": 233005342, "title": "打地鼠賺隱眼購物金", "excerpt": "最近因為有寶島眼鏡APP小遊戲可以賺積分，試圖想趕快兌換到888購物金，這樣買隱眼就比較不會讓錢包失血過多QQ，（需要累積到3萬的積分所以每天三局玩好玩滿），如果有在寶島買隱眼的習慣，也許可以玩一下這", "anonymousSchool": false, "anonymousDepartment": true, "pinned": false, "forumId": "3b54b08f-27c3-4048-9777-c40def9ac9e1", "replyId": null, "createdAt": "2020-02-03T00:33:09.351Z", "updatedAt": "2020-02-03T00:33:09.351Z", "commentCount": 5, "likeCount": 2, "withNickname": false, "tags": ["HIDE_THUMBNAIL"], "topics": ["打地鼠", "寶島"], "meta": {"layout": "classic"}, "forumName": "隱形眼鏡", "forumAlias": "contact_lens", "gender": "F", "school": "國立交通大學", "replyTitle": null, "mediaMeta": [], "reactions": [{"id": "286f599c-f86a-4932-82f0-f5a06f1eca03", "count": 2}], "hidden": false, "customStyle": null, "isSuspiciousAccount": false, "layout": "classic", "withImages": false, "withVideos": false, "media": [], "reportReasonText": "", "postAvatar": ""}, {"id": 233010464, "title": "日拋", "excerpt": "最近想買隱眼，但是想和眼鏡交替戴。請問日拋是比月拋和周拋對我的眼睛是最健康的選擇嗎？", "anonymousSchool": false, "anonymousDepartment": true, "pinned": false, "forumId": "3b54b08f-27c3-4048-9777-c40def9ac9e1", "replyId": null, "createdAt": "2020-02-03T15:40:43.927Z", "updatedAt": "2020-02-03T15:40:43.927Z", "commentCount": 5, "likeCount": 1, "withNickname": false, "tags": ["HIDE_THUMBNAIL"], "topics": ["隱形眼鏡", "日拋", "月拋", "隱眼"], "meta": {"layout": "classic"}, "forumName": "隱形眼鏡", "forumAlias": "contact_lens", "gender": "M", "school": "國立臺中科技大學", "replyTitle": null, "mediaMeta": [], "reactions": [{"id": "286f599c-f86a-4932-82f0-f5a06f1eca03", "count": 1}], "hidden": false, "customStyle": null, "isSuspiciousAccount": false, "layout": "classic", "withImages": false, "withVideos": false, "media": [], "reportReasonText": "", "postAvatar": ""}]