[{"id": 232542484, "title": "#活動公告 完美伴侶早餐得獎名單", "excerpt": "大家好，活動結束了，先感謝大家的參與，恭喜以下有得名的同學，沒有得名的也別氣餒，如果我經濟上允許🤔🤔🤔，那我會再繼續嘗試舉辦，更多活動的哈哈哈，以下公佈得獎名單：1.人氣獎，#完美伴侶早餐 - ", "anonymousSchool": false, "anonymousDepartment": false, "pinned": true, "forumId": "d7db42a8-bedb-4ea2-96a7-c9034f4dd89a", "replyId": null, "createdAt": "2019-11-21T03:48:48.160Z", "updatedAt": "2019-11-25T02:45:18.308Z", "commentCount": 14, "likeCount": 493, "withNickname": true, "tags": [], "topics": ["完美伴侶早餐", "烹飪"], "meta": {"layout": "classic"}, "forumName": "烹飪", "forumAlias": "cooking", "gender": "M", "school": "woody🍴", "department": "woodywoody315", "replyTitle": null, "mediaMeta": [{"id": "2bd08b91-f000-4dba-8252-cfbea856d9d4", "url": "https://i.imgur.com/LSYOzYFl.jpg", "normalizedUrl": "https://i.imgur.com/LSYOzYFl.jpg", "thumbnail": "https://i.imgur.com/LSYOzYFl.jpg", "type": "image/thumbnail", "tags": ["ANNOTATED"], "createdAt": "2019-11-21T03:48:48.160Z", "updatedAt": "2019-11-25T02:45:18.308Z"}, {"id": "2bd08b91-f000-4dba-8252-cfbea856d9d4", "url": "https://i.imgur.com/LSYOzYF.jpg", "normalizedUrl": "https://imgur.com/LSYOzYF", "thumbnail": "https://i.imgur.com/LSYOzYFl.jpg", "type": "image/imgur", "tags": ["ANNOTATED"], "createdAt": "2019-11-21T03:48:48.160Z", "updatedAt": "2019-11-25T02:45:18.308Z"}, {"id": "8bb1e848-d636-4f6d-b3d8-eded239eb05f", "url": "https://i.imgur.com/MkmcKCj.jpg", "normalizedUrl": "https://imgur.com/MkmcKCj", "thumbnail": "https://i.imgur.com/MkmcKCjl.jpg", "type": "image/imgur", "tags": ["ANNOTATED"], "createdAt": "2019-11-21T03:48:48.160Z", "updatedAt": "2019-11-25T02:45:18.308Z"}, {"id": "613010a7-ad81-4a05-9bda-3dd4777e011f", "url": "https://i.imgur.com/NRGeVTC.jpg", "normalizedUrl": "https://imgur.com/NRGeVTC", "thumbnail": "https://i.imgur.com/NRGeVTCl.jpg", "type": "image/imgur", "tags": ["ANNOTATED"], "createdAt": "2019-11-21T03:48:48.160Z", "updatedAt": "2019-11-25T02:45:18.308Z"}, {"id": "2bc4e6da-214a-4ae4-b6e3-fcaf5726d8ec", "url": "https://i.imgur.com/zqQEgY0.jpg", "normalizedUrl": "https://imgur.com/zqQEgY0", "thumbnail": "https://i.imgur.com/zqQEgY0l.jpg", "type": "image/imgur", "tags": ["ANNOTATED"], "createdAt": "2019-11-21T03:48:48.160Z", "updatedAt": "2019-11-25T02:45:18.308Z"}, {"id": "6d508491-01ba-427a-b97b-bb6f7ca6b562", "url": "https://i.imgur.com/MiHqP0l.jpg", "normalizedUrl": "https://imgur.com/MiHqP0l", "thumbnail": "https://i.imgur.com/MiHqP0ll.jpg", "type": "image/imgur", "tags": ["ANNOTATED"], "createdAt": "2019-11-21T03:48:48.160Z", "updatedAt": "2019-11-25T02:45:18.308Z"}, {"id": "0430c36e-e15a-4f97-9fdd-ab1e3af217d4", "url": "https://i.imgur.com/EvNeeeL.jpg", "normalizedUrl": "https://imgur.com/EvNeeeL", "thumbnail": "https://i.imgur.com/EvNeeeLl.jpg", "type": "image/imgur", "tags": ["ANNOTATED"], "createdAt": "2019-11-21T03:48:48.160Z", "updatedAt": "2019-11-25T02:45:18.308Z"}], "reactions": [{"id": "286f599c-f86a-4932-82f0-f5a06f1eca03", "count": 484}, {"id": "e8e6bc5d-41b0-4129-b134-97507523d7ff", "count": 7}, {"id": "011ead16-9b83-4729-9fde-c588920c6c2d", "count": 1}, {"id": "514c2569-fd53-4d9d-a415-bf0f88e7329f", "count": 1}], "hidden": false, "customStyle": null, "isSuspiciousAccount": false, "layout": "classic", "withImages": true, "withVideos": false, "media": [{"url": "https://i.imgur.com/LSYOzYF.jpg"}, {"url": "https://i.imgur.com/MkmcKCj.jpg"}, {"url": "https://i.imgur.com/NRGeVTC.jpg"}, {"url": "https://i.imgur.com/zqQEgY0.jpg"}, {"url": "https://i.imgur.com/MiHqP0l.jpg"}, {"url": "https://i.imgur.com/EvNeeeL.jpg"}], "reportReasonText": "", "postAvatar": ""}, {"id": 233005163, "title": "留學生年菜—不專業佛跳牆", "excerpt": "懶了幾天終於下定決心要分享一道經典菜—佛跳牆～其實我去年就想煮了，礙於食材的昂貴、料理費工費時性，拖到今年終於實現吃貨願望了，哈哈～廢話不多說，咱們來開始唄～*以下皆為參考老飯骨以及多個YouTube", "anonymousSchool": false, "anonymousDepartment": true, "pinned": false, "forumId": "d7db42a8-bedb-4ea2-96a7-c9034f4dd89a", "replyId": null, "createdAt": "2020-02-02T21:07:09.587Z", "updatedAt": "2020-02-02T21:07:09.587Z", "commentCount": 3, "likeCount": 42, "withNickname": false, "tags": ["HIDE_THUMBNAIL"], "topics": ["留學生", "年菜", "佛跳牆", "烹飪", "美食"], "meta": {"layout": "classic"}, "forumName": "烹飪", "forumAlias": "cooking", "gender": "F", "school": "多倫多大學", "replyTitle": null, "mediaMeta": [{"id": "a438429f-907e-4790-9114-2b94ea590d6c", "url": "https://megapx-assets.dcard.tw/images/5d784103-3679-4dcf-9400-c1a3666b943d/1280.jpeg", "normalizedUrl": "https://megapx.dcard.tw/v1/images/5d784103-3679-4dcf-9400-c1a3666b943d", "thumbnail": "https://megapx-assets.dcard.tw/images/5d784103-3679-4dcf-9400-c1a3666b943d/640.jpeg", "type": "image/megapx", "tags": [], "createdAt": "2020-02-02T21:07:09.587Z", "updatedAt": "2020-02-02T21:07:09.587Z", "width": 1500, "height": 2000}, {"id": "1a58143a-3c09-4994-909d-23692abd6c3a", "url": "https://megapx-assets.dcard.tw/images/ed4069a0-ff77-420b-8b78-650e27c1075e/1280.jpeg", "normalizedUrl": "https://megapx.dcard.tw/v1/images/ed4069a0-ff77-420b-8b78-650e27c1075e", "thumbnail": "https://megapx-assets.dcard.tw/images/ed4069a0-ff77-420b-8b78-650e27c1075e/640.jpeg", "type": "image/megapx", "tags": [], "createdAt": "2020-02-02T21:07:09.587Z", "updatedAt": "2020-02-02T21:07:09.587Z", "width": 1500, "height": 2000}, {"id": "f39cb344-f042-4ad8-8af2-83f677a7e7ff", "url": "https://megapx-assets.dcard.tw/images/ecb4aefb-33b7-4dbe-ba25-efcf32a2f361/1280.jpeg", "normalizedUrl": "https://megapx.dcard.tw/v1/images/ecb4aefb-33b7-4dbe-ba25-efcf32a2f361", "thumbnail": "https://megapx-assets.dcard.tw/images/ecb4aefb-33b7-4dbe-ba25-efcf32a2f361/640.jpeg", "type": "image/megapx", "tags": [], "createdAt": "2020-02-02T21:07:09.587Z", "updatedAt": "2020-02-02T21:07:09.587Z", "width": 1500, "height": 2000}, {"id": "023cd7eb-9413-4260-ba65-59b22ae72cfa", "url": "https://megapx-assets.dcard.tw/images/558c4d64-9a98-4964-b53b-f615bf1e32c9/1280.jpeg", "normalizedUrl": "https://megapx.dcard.tw/v1/images/558c4d64-9a98-4964-b53b-f615bf1e32c9", "thumbnail": "https://megapx-assets.dcard.tw/images/558c4d64-9a98-4964-b53b-f615bf1e32c9/640.jpeg", "type": "image/megapx", "tags": [], "createdAt": "2020-02-02T21:07:09.587Z", "updatedAt": "2020-02-02T21:07:09.587Z", "width": 1500, "height": 2000}, {"id": "d656b3b4-7860-458a-8f23-bdf328b4d5ce", "url": "https://megapx-assets.dcard.tw/images/17e55642-6308-41b9-93da-794dd55b9f08/1280.jpeg", "normalizedUrl": "https://megapx.dcard.tw/v1/images/17e55642-6308-41b9-93da-794dd55b9f08", "thumbnail": "https://megapx-assets.dcard.tw/images/17e55642-6308-41b9-93da-794dd55b9f08/640.jpeg", "type": "image/megapx", "tags": [], "createdAt": "2020-02-02T21:07:09.587Z", "updatedAt": "2020-02-02T21:07:09.587Z", "width": 1500, "height": 2000}, {"id": "9cc0b90f-1c87-4668-a302-c841a8d985c4", "url": "https://megapx-assets.dcard.tw/images/f178fc79-fc5b-4cd7-966c-13261d2c49a3/1280.jpeg", "normalizedUrl": "https://megapx.dcard.tw/v1/images/f178fc79-fc5b-4cd7-966c-13261d2c49a3", "thumbnail": "https://megapx-assets.dcard.tw/images/f178fc79-fc5b-4cd7-966c-13261d2c49a3/640.jpeg", "type": "image/megapx", "tags": [], "createdAt": "2020-02-02T21:07:09.587Z", "updatedAt": "2020-02-02T21:07:09.587Z", "width": 1500, "height": 2000}, {"id": "dca7db88-b78e-46d3-84d4-0b4a64821dba", "url": "https://megapx-assets.dcard.tw/images/0f589b2d-42c0-4445-98dd-901b2a145b52/1280.jpeg", "normalizedUrl": "https://megapx.dcard.tw/v1/images/0f589b2d-42c0-4445-98dd-901b2a145b52", "thumbnail": "https://megapx-assets.dcard.tw/images/0f589b2d-42c0-4445-98dd-901b2a145b52/640.jpeg", "type": "image/megapx", "tags": [], "createdAt": "2020-02-02T21:07:09.587Z", "updatedAt": "2020-02-02T21:07:09.587Z", "width": 2000, "height": 1500}, {"id": "dde929f7-f84b-4cd6-9310-c19926576a5f", "url": "https://megapx-assets.dcard.tw/images/d88345a2-ad57-4a6a-bae8-9e6eb4a5b901/1280.jpeg", "normalizedUrl": "https://megapx.dcard.tw/v1/images/d88345a2-ad57-4a6a-bae8-9e6eb4a5b901", "thumbnail": "https://megapx-assets.dcard.tw/images/d88345a2-ad57-4a6a-bae8-9e6eb4a5b901/640.jpeg", "type": "image/megapx", "tags": [], "createdAt": "2020-02-02T21:07:09.587Z", "updatedAt": "2020-02-02T21:07:09.587Z", "width": 1500, "height": 2000}, {"id": "55abde9b-834b-425e-ae04-636f5f95faa7", "url": "https://megapx-assets.dcard.tw/images/6553d89c-ca54-49f2-9f14-70007784f8e0/1280.jpeg", "normalizedUrl": "https://megapx.dcard.tw/v1/images/6553d89c-ca54-49f2-9f14-70007784f8e0", "thumbnail": "https://megapx-assets.dcard.tw/images/6553d89c-ca54-49f2-9f14-70007784f8e0/640.jpeg", "type": "image/megapx", "tags": [], "createdAt": "2020-02-02T21:07:09.587Z", "updatedAt": "2020-02-02T21:07:09.587Z", "width": 1500, "height": 2000}, {"id": "2a65d705-79ec-444e-89d5-8bc17fe29b2f", "url": "https://megapx-assets.dcard.tw/images/3fe6e02a-86f3-4808-b0bf-6799fc6f383f/full.jpeg", "normalizedUrl": "https://megapx.dcard.tw/v1/images/3fe6e02a-86f3-4808-b0bf-6799fc6f383f", "thumbnail": "https://megapx-assets.dcard.tw/images/3fe6e02a-86f3-4808-b0bf-6799fc6f383f/640.jpeg", "type": "image/megapx", "tags": [], "createdAt": "2020-02-02T21:07:09.587Z", "updatedAt": "2020-02-02T21:07:09.587Z", "width": 720, "height": 1280}, {"id": "31f20cd0-a0c3-4b46-a539-d071ca595ccc", "url": "https://megapx-assets.dcard.tw/images/2f4a4b3e-bbd7-4937-a791-28ffe6179cdf/1280.jpeg", "normalizedUrl": "https://megapx.dcard.tw/v1/images/2f4a4b3e-bbd7-4937-a791-28ffe6179cdf", "thumbnail": "https://megapx-assets.dcard.tw/images/2f4a4b3e-bbd7-4937-a791-28ffe6179cdf/640.jpeg", "type": "image/megapx", "tags": [], "createdAt": "2020-02-02T21:07:09.587Z", "updatedAt": "2020-02-02T21:07:09.587Z", "width": 1500, "height": 2000}, {"id": "5ca6fc54-76d0-4468-85fd-c4d289686c21", "url": "https://megapx-assets.dcard.tw/images/70ef8ea3-af63-4283-885a-602c47e48fef/full.jpeg", "normalizedUrl": "https://megapx.dcard.tw/v1/images/70ef8ea3-af63-4283-885a-602c47e48fef", "thumbnail": "https://megapx-assets.dcard.tw/images/70ef8ea3-af63-4283-885a-602c47e48fef/640.jpeg", "type": "image/megapx", "tags": [], "createdAt": "2020-02-02T21:07:09.587Z", "updatedAt": "2020-02-02T21:07:09.587Z", "width": 610, "height": 1085}, {"id": "8df4aecc-3ac9-4037-aa6e-9a55a67c0af4", "url": "https://megapx-assets.dcard.tw/images/be0b1115-f0c3-4822-b62b-dae29402e555/1280.jpeg", "normalizedUrl": "https://megapx.dcard.tw/v1/images/be0b1115-f0c3-4822-b62b-dae29402e555", "thumbnail": "https://megapx-assets.dcard.tw/images/be0b1115-f0c3-4822-b62b-dae29402e555/640.jpeg", "type": "image/megapx", "tags": [], "createdAt": "2020-02-02T21:07:09.587Z", "updatedAt": "2020-02-02T21:07:09.587Z", "width": 828, "height": 1472}], "reactions": [{"id": "286f599c-f86a-4932-82f0-f5a06f1eca03", "count": 42}], "hidden": false, "customStyle": null, "isSuspiciousAccount": false, "layout": "classic", "withImages": true, "withVideos": false, "media": [], "reportReasonText": "", "postAvatar": ""}, {"id": 233006699, "title": "晚餐分享5+早餐午餐冷便當", "excerpt": "這天吃的是咖哩牛肉麵，配菜有蒜泥肉片跟滷大腸，滷大腸建議用醬油魯就好了，我放了萬用滷包，結果八角味超級重，湯品是地瓜芋圓甜湯，有加了薑一起煮，因為那幾天比較冷，（我有2個湯鍋，一個煮甜湯，一個煮鹹湯，", "anonymousSchool": false, "anonymousDepartment": false, "pinned": false, "forumId": "d7db42a8-bedb-4ea2-96a7-c9034f4dd89a", "replyId": null, "createdAt": "2020-02-03T06:44:18.355Z", "updatedAt": "2020-02-03T06:53:30.121Z", "commentCount": 0, "likeCount": 21, "withNickname": true, "tags": [], "topics": ["家常晚餐", "懶人料理", "做菜真的很舒壓"], "meta": {"layout": "classic"}, "forumName": "烹飪", "forumAlias": "cooking", "gender": "F", "school": "香妃愛睡覺🙆🙆🙆", "department": "yuna_haha", "replyTitle": null, "mediaMeta": [{"id": "5412b82f-8771-4abb-aade-df30becbb01f", "url": "https://i.imgur.com/Af1dSuUl.jpg", "normalizedUrl": "https://i.imgur.com/Af1dSuUl.jpg", "thumbnail": "https://i.imgur.com/Af1dSuUl.jpg", "type": "image/thumbnail", "tags": ["ANNOTATED"], "createdAt": "2020-02-03T06:44:18.355Z", "updatedAt": "2020-02-03T06:53:30.121Z"}, {"id": "5412b82f-8771-4abb-aade-df30becbb01f", "url": "https://i.imgur.com/Af1dSuU.jpg", "normalizedUrl": "https://imgur.com/Af1dSuU", "thumbnail": "https://i.imgur.com/Af1dSuUl.jpg", "type": "image/imgur", "tags": ["ANNOTATED"], "createdAt": "2020-02-03T06:44:18.355Z", "updatedAt": "2020-02-03T06:53:30.121Z"}, {"id": "ff00da2f-02d8-4fc6-b5d0-216a87aeb849", "url": "https://i.imgur.com/zrReP3h.jpg", "normalizedUrl": "https://imgur.com/zrReP3h", "thumbnail": "https://i.imgur.com/zrReP3hl.jpg", "type": "image/imgur", "tags": ["ANNOTATED"], "createdAt": "2020-02-03T06:44:18.355Z", "updatedAt": "2020-02-03T06:53:30.121Z"}, {"id": "745b1071-3406-463c-8d4a-d9fdd17d3cb6", "url": "https://i.imgur.com/QQrAlag.jpg", "normalizedUrl": "https://imgur.com/QQrAlag", "thumbnail": "https://i.imgur.com/QQrAlagl.jpg", "type": "image/imgur", "tags": ["ANNOTATED"], "createdAt": "2020-02-03T06:44:18.355Z", "updatedAt": "2020-02-03T06:53:30.121Z"}, {"id": "ff8bfed2-4c98-4ddc-affa-885e6b317e3e", "url": "https://i.imgur.com/s9u9G7j.jpg", "normalizedUrl": "https://imgur.com/s9u9G7j", "thumbnail": "https://i.imgur.com/s9u9G7jl.jpg", "type": "image/imgur", "tags": ["ANNOTATED"], "createdAt": "2020-02-03T06:44:18.355Z", "updatedAt": "2020-02-03T06:53:30.121Z"}, {"id": "5e26521a-c687-409e-9c10-994dc349bb5f", "url": "https://i.imgur.com/HbJqJO0.jpg", "normalizedUrl": "https://imgur.com/HbJqJO0", "thumbnail": "https://i.imgur.com/HbJqJO0l.jpg", "type": "image/imgur", "tags": ["ANNOTATED"], "createdAt": "2020-02-03T06:44:18.355Z", "updatedAt": "2020-02-03T06:53:30.121Z"}, {"id": "f16d9a80-cae6-462c-b589-b2a5808429d1", "url": "https://i.imgur.com/MEYbKQs.jpg", "normalizedUrl": "https://imgur.com/MEYbKQs", "thumbnail": "https://i.imgur.com/MEYbKQsl.jpg", "type": "image/imgur", "tags": ["ANNOTATED"], "createdAt": "2020-02-03T06:44:18.355Z", "updatedAt": "2020-02-03T06:53:30.121Z"}, {"id": "06f21acd-30c6-47d3-ba84-ddf94fcec238", "url": "https://i.imgur.com/UN3SYls.jpg", "normalizedUrl": "https://imgur.com/UN3SYls", "thumbnail": "https://i.imgur.com/UN3SYlsl.jpg", "type": "image/imgur", "tags": ["ANNOTATED"], "createdAt": "2020-02-03T06:44:18.355Z", "updatedAt": "2020-02-03T06:53:30.121Z"}, {"id": "0dac00b1-64bf-446e-8964-2f9d4bb96d54", "url": "https://i.imgur.com/NPomEit.jpg", "normalizedUrl": "https://imgur.com/NPomEit", "thumbnail": "https://i.imgur.com/NPomEitl.jpg", "type": "image/imgur", "tags": ["ANNOTATED"], "createdAt": "2020-02-03T06:44:18.355Z", "updatedAt": "2020-02-03T06:53:30.121Z"}, {"id": "2bbc4c02-5705-4586-9250-a693d25b66d2", "url": "https://i.imgur.com/gTLgiZa.jpg", "normalizedUrl": "https://imgur.com/gTLgiZa", "thumbnail": "https://i.imgur.com/gTLgiZal.jpg", "type": "image/imgur", "tags": ["ANNOTATED"], "createdAt": "2020-02-03T06:44:18.355Z", "updatedAt": "2020-02-03T06:53:30.121Z"}, {"id": "ce378eae-69a6-4e3f-8fd3-27aedd3a905a", "url": "https://i.imgur.com/4OSbqg0.jpg", "normalizedUrl": "https://imgur.com/4OSbqg0", "thumbnail": "https://i.imgur.com/4OSbqg0l.jpg", "type": "image/imgur", "tags": ["ANNOTATED"], "createdAt": "2020-02-03T06:44:18.355Z", "updatedAt": "2020-02-03T06:53:30.121Z"}, {"id": "e39582af-ac31-4c3e-9b07-6837b3315cba", "url": "https://i.imgur.com/VgnsR7A.jpg", "normalizedUrl": "https://imgur.com/VgnsR7A", "thumbnail": "https://i.imgur.com/VgnsR7Al.jpg", "type": "image/imgur", "tags": ["ANNOTATED"], "createdAt": "2020-02-03T06:44:18.355Z", "updatedAt": "2020-02-03T06:53:30.121Z"}, {"id": "04eaf2d5-aff9-4b04-8a7f-2af02bd6de33", "url": "https://i.imgur.com/KCUIaba.jpg", "normalizedUrl": "https://imgur.com/KCUIaba", "thumbnail": "https://i.imgur.com/KCUIabal.jpg", "type": "image/imgur", "tags": ["ANNOTATED"], "createdAt": "2020-02-03T06:44:18.355Z", "updatedAt": "2020-02-03T06:53:30.121Z"}, {"id": "fbf4964e-61b6-4d8b-86a6-7df4faa323fe", "url": "https://i.imgur.com/uMdW3EF.jpg", "normalizedUrl": "https://imgur.com/uMdW3EF", "thumbnail": "https://i.imgur.com/uMdW3EFl.jpg", "type": "image/imgur", "tags": ["ANNOTATED"], "createdAt": "2020-02-03T06:44:18.355Z", "updatedAt": "2020-02-03T06:53:30.121Z"}, {"id": "86449430-b218-4bea-8d36-3222bc21c252", "url": "https://i.imgur.com/QQ17D4z.jpg", "normalizedUrl": "https://imgur.com/QQ17D4z", "thumbnail": "https://i.imgur.com/QQ17D4zl.jpg", "type": "image/imgur", "tags": ["ANNOTATED"], "createdAt": "2020-02-03T06:44:18.355Z", "updatedAt": "2020-02-03T06:53:30.121Z"}, {"id": "f3813ca0-56a5-42eb-bb13-80fe3b5a1017", "url": "https://i.imgur.com/E80OQIY.jpg", "normalizedUrl": "https://imgur.com/E80OQIY", "thumbnail": "https://i.imgur.com/E80OQIYl.jpg", "type": "image/imgur", "tags": ["ANNOTATED"], "createdAt": "2020-02-03T06:44:18.355Z", "updatedAt": "2020-02-03T06:53:30.121Z"}, {"id": "08bbaaff-64a7-45d4-95de-4c56528969f2", "url": "https://i.imgur.com/AfzHvua.jpg", "normalizedUrl": "https://imgur.com/AfzHvua", "thumbnail": "https://i.imgur.com/AfzHvual.jpg", "type": "image/imgur", "tags": ["ANNOTATED"], "createdAt": "2020-02-03T06:44:18.355Z", "updatedAt": "2020-02-03T06:53:30.121Z"}, {"id": "70e260e9-de0b-4aa7-85d5-f8b082bd23c9", "url": "https://i.imgur.com/J4bmMp8.jpg", "normalizedUrl": "https://imgur.com/J4bmMp8", "thumbnail": "https://i.imgur.com/J4bmMp8l.jpg", "type": "image/imgur", "tags": ["ANNOTATED"], "createdAt": "2020-02-03T06:44:18.355Z", "updatedAt": "2020-02-03T06:53:30.121Z"}], "reactions": [{"id": "286f599c-f86a-4932-82f0-f5a06f1eca03", "count": 20}, {"id": "e8e6bc5d-41b0-4129-b134-97507523d7ff", "count": 1}], "hidden": false, "customStyle": null, "isSuspiciousAccount": false, "layout": "classic", "withImages": true, "withVideos": false, "media": [{"url": "https://i.imgur.com/Af1dSuU.jpg"}, {"url": "https://i.imgur.com/zrReP3h.jpg"}, {"url": "https://i.imgur.com/QQrAlag.jpg"}, {"url": "https://i.imgur.com/s9u9G7j.jpg"}, {"url": "https://i.imgur.com/HbJqJO0.jpg"}, {"url": "https://i.imgur.com/MEYbKQs.jpg"}, {"url": "https://i.imgur.com/UN3SYls.jpg"}, {"url": "https://i.imgur.com/NPomEit.jpg"}, {"url": "https://i.imgur.com/gTLgiZa.jpg"}, {"url": "https://i.imgur.com/4OSbqg0.jpg"}, {"url": "https://i.imgur.com/VgnsR7A.jpg"}, {"url": "https://i.imgur.com/KCUIaba.jpg"}, {"url": "https://i.imgur.com/uMdW3EF.jpg"}, {"url": "https://i.imgur.com/QQ17D4z.jpg"}, {"url": "https://i.imgur.com/E80OQIY.jpg"}, {"url": "https://i.imgur.com/AfzHvua.jpg"}, {"url": "https://i.imgur.com/J4bmMp8.jpg"}], "reportReasonText": "", "postAvatar": ""}, {"id": 233007838, "title": "脆皮小泡芙 Crumble Skin Puffs 食譜", "excerpt": "Hello 大家好，今天要分享的是脆皮泡芙，也可以叫它菠蘿泡芙或奶酥泡芙，這次做比較小的尺寸，這份食譜大約可以做出45顆！，內餡用的是基本的卡士達醬，但這次的重點擺在泡芙本身，之後有機會再分享卡士達醬", "anonymousSchool": false, "anonymousDepartment": false, "pinned": false, "forumId": "d7db42a8-bedb-4ea2-96a7-c9034f4dd89a", "replyId": null, "createdAt": "2020-02-03T09:39:10.696Z", "updatedAt": "2020-02-03T09:39:10.696Z", "commentCount": 1, "likeCount": 10, "withNickname": true, "tags": [], "topics": ["食譜", "烹飪", "甜點", "美食", "烘焙"], "meta": {"layout": "classic"}, "forumName": "烹飪", "forumAlias": "cooking", "gender": "M", "school": "9巷5弄", "department": "alley5lane9", "replyTitle": null, "mediaMeta": [{"id": "3fb0409e-d151-4c16-a66e-bdb76a593553", "url": "https://img.youtube.com/vi/CxWjz0GKUuM/hqdefault.jpg", "normalizedUrl": "https://img.youtube.com/vi/CxWjz0GKUuM/hqdefault.jpg", "thumbnail": "https://img.youtube.com/vi/CxWjz0GKUuM/hqdefault.jpg", "type": "image/thumbnail", "tags": ["ANNOTATED"], "createdAt": "2020-02-03T09:39:10.696Z", "updatedAt": "2020-02-03T09:39:10.696Z"}, {"id": "3fb0409e-d151-4c16-a66e-bdb76a593553", "url": "https://youtu.be/CxWjz0GKUuM", "normalizedUrl": "https://www.youtube.com/watch?v=CxWjz0GKUuM", "thumbnail": "https://img.youtube.com/vi/CxWjz0GKUuM/hqdefault.jpg", "type": "video/youtube", "tags": ["ANNOTATED"], "createdAt": "2020-02-03T09:39:10.696Z", "updatedAt": "2020-02-03T09:39:10.696Z"}, {"id": "52d0cf52-631d-4b6a-a6dd-498033ed04cc", "url": "http://i.imgur.com/sjwlAYK.jpg", "normalizedUrl": "https://imgur.com/sjwlAYK", "thumbnail": "https://i.imgur.com/sjwlAYKl.jpg", "type": "image/imgur", "tags": ["ANNOTATED"], "createdAt": "2020-02-03T09:39:10.696Z", "updatedAt": "2020-02-03T09:39:10.696Z"}, {"id": "17737054-afcb-4f57-9c20-b8560ae91a1d", "url": "http://i.imgur.com/ANmVVgK.jpg", "normalizedUrl": "https://imgur.com/ANmVVgK", "thumbnail": "https://i.imgur.com/ANmVVgKl.jpg", "type": "image/imgur", "tags": ["ANNOTATED"], "createdAt": "2020-02-03T09:39:10.696Z", "updatedAt": "2020-02-03T09:39:10.696Z"}, {"id": "d418282c-5e56-4146-8a2d-361c6e545e51", "url": "http://i.imgur.com/jEBQxyx.jpg", "normalizedUrl": "https://imgur.com/jEBQxyx", "thumbnail": "https://i.imgur.com/jEBQxyxl.jpg", "type": "image/imgur", "tags": ["ANNOTATED"], "createdAt": "2020-02-03T09:39:10.696Z", "updatedAt": "2020-02-03T09:39:10.696Z"}, {"id": "e31e3c11-eff5-45a9-9f86-4ec8c437dc05", "url": "http://i.imgur.com/clxj1iY.jpg", "normalizedUrl": "https://imgur.com/clxj1iY", "thumbnail": "https://i.imgur.com/clxj1iYl.jpg", "type": "image/imgur", "tags": ["ANNOTATED"], "createdAt": "2020-02-03T09:39:10.696Z", "updatedAt": "2020-02-03T09:39:10.696Z"}, {"id": "e459ed49-8a1b-45e4-a7e3-54bc2690d0b7", "url": "http://i.imgur.com/bsaujMK.jpg", "normalizedUrl": "https://imgur.com/bsaujMK", "thumbnail": "https://i.imgur.com/bsaujMKl.jpg", "type": "image/imgur", "tags": ["ANNOTATED"], "createdAt": "2020-02-03T09:39:10.696Z", "updatedAt": "2020-02-03T09:39:10.696Z"}, {"id": "27cd6c78-5dc4-4f5d-b07c-485947a02db1", "url": "http://i.imgur.com/pdKnhMC.jpg", "normalizedUrl": "https://imgur.com/pdKnhMC", "thumbnail": "https://i.imgur.com/pdKnhMCl.jpg", "type": "image/imgur", "tags": ["ANNOTATED"], "createdAt": "2020-02-03T09:39:10.696Z", "updatedAt": "2020-02-03T09:39:10.696Z"}], "reactions": [{"id": "286f599c-f86a-4932-82f0-f5a06f1eca03", "count": 10}], "hidden": false, "customStyle": null, "isSuspiciousAccount": false, "layout": "classic", "withImages": true, "withVideos": false, "media": [{"url": "http://i.imgur.com/sjwlAYK.jpg"}, {"url": "http://i.imgur.com/ANmVVgK.jpg"}, {"url": "http://i.imgur.com/jEBQxyx.jpg"}, {"url": "http://i.imgur.com/clxj1iY.jpg"}, {"url": "http://i.imgur.com/bsaujMK.jpg"}, {"url": "http://i.imgur.com/pdKnhMC.jpg"}], "reportReasonText": "", "postAvatar": ""}, {"id": 233010791, "title": "🤤不專業家常菜分享2-古早味花椰菜🤤", "excerpt": "第二篇的不專業家常菜分享終於來囉，前陣子很有時間做了很多不一樣的菜餚，但那時候還沒打算發文分享，都沒拍照片紀錄嗚嗚；加上最近開始打工生活，更沒時間煮菜分享了...這也是為什麼第二篇隔那麼久才發的原因�", "anonymousSchool": false, "anonymousDepartment": false, "pinned": false, "forumId": "d7db42a8-bedb-4ea2-96a7-c9034f4dd89a", "replyId": null, "createdAt": "2020-02-03T16:16:43.168Z", "updatedAt": "2020-02-03T16:16:43.168Z", "commentCount": 1, "likeCount": 9, "withNickname": true, "tags": [], "topics": ["古早", "家常菜", "在家輕鬆做", "懶人料理", "食譜"], "meta": {"layout": "classic"}, "forumName": "烹飪", "forumAlias": "cooking", "gender": "F", "school": "我是弦弦ʕ •ᴥ•ʔ", "department": "hsuan3103", "replyTitle": null, "mediaMeta": [{"id": "69cb8d7b-ad33-4465-b0d2-57db738ee4d9", "url": "https://megapx-assets.dcard.tw/images/d25d757d-4546-4eb2-ba1b-bbaca26e9137/640.jpeg", "normalizedUrl": "https://megapx-assets.dcard.tw/images/d25d757d-4546-4eb2-ba1b-bbaca26e9137/640.jpeg", "thumbnail": "https://megapx-assets.dcard.tw/images/d25d757d-4546-4eb2-ba1b-bbaca26e9137/640.jpeg", "type": "image/thumbnail", "tags": [], "createdAt": "2020-02-03T16:16:43.168Z", "updatedAt": "2020-02-03T16:16:43.168Z", "width": 480, "height": 640}, {"id": "69cb8d7b-ad33-4465-b0d2-57db738ee4d9", "url": "https://megapx-assets.dcard.tw/images/d25d757d-4546-4eb2-ba1b-bbaca26e9137/1280.jpeg", "normalizedUrl": "https://megapx.dcard.tw/v1/images/d25d757d-4546-4eb2-ba1b-bbaca26e9137", "thumbnail": "https://megapx-assets.dcard.tw/images/d25d757d-4546-4eb2-ba1b-bbaca26e9137/640.jpeg", "type": "image/megapx", "tags": [], "createdAt": "2020-02-03T16:16:43.168Z", "updatedAt": "2020-02-03T16:16:43.168Z", "width": 1500, "height": 2000}], "reactions": [{"id": "286f599c-f86a-4932-82f0-f5a06f1eca03", "count": 9}], "hidden": false, "customStyle": null, "isSuspiciousAccount": false, "layout": "classic", "withImages": true, "withVideos": false, "media": [{"url": "https://megapx-assets.dcard.tw/images/d25d757d-4546-4eb2-ba1b-bbaca26e9137/1280.jpeg"}], "reportReasonText": "", "postAvatar": ""}, {"id": 233006112, "title": "鬼點子計畫—7", "excerpt": "好久不見啊啊啊啊，過年忙著煮年夜菜+開市一直沒有時間可以發文，也剛好遇上了點子荒，不過！最近又想到一到有趣的簡單料理，松露蕈菇炒飯，這道菜是改變自義大利的燉飯，飯粒粒分明充滿松露及蕈菇的香氣，那下面就", "anonymousSchool": false, "anonymousDepartment": true, "pinned": false, "forumId": "d7db42a8-bedb-4ea2-96a7-c9034f4dd89a", "replyId": null, "createdAt": "2020-02-03T04:34:28.029Z", "updatedAt": "2020-02-03T04:34:28.029Z", "commentCount": 0, "likeCount": 8, "withNickname": false, "tags": [], "topics": ["點子", "烹飪", "食譜", "在家輕鬆做", "美食"], "meta": {"layout": "classic"}, "forumName": "烹飪", "forumAlias": "cooking", "gender": "M", "school": "國立高雄餐旅大學", "replyTitle": null, "mediaMeta": [{"id": "fd23d141-fc77-47fa-a373-51dda779b5a4", "url": "https://megapx-assets.dcard.tw/images/9f718eb7-ef7e-47c8-a838-3083c2a22657/640.jpeg", "normalizedUrl": "https://megapx-assets.dcard.tw/images/9f718eb7-ef7e-47c8-a838-3083c2a22657/640.jpeg", "thumbnail": "https://megapx-assets.dcard.tw/images/9f718eb7-ef7e-47c8-a838-3083c2a22657/640.jpeg", "type": "image/thumbnail", "tags": [], "createdAt": "2020-02-03T04:34:28.029Z", "updatedAt": "2020-02-03T04:34:28.029Z", "width": 480, "height": 640}, {"id": "fd23d141-fc77-47fa-a373-51dda779b5a4", "url": "https://megapx-assets.dcard.tw/images/9f718eb7-ef7e-47c8-a838-3083c2a22657/1280.jpeg", "normalizedUrl": "https://megapx.dcard.tw/v1/images/9f718eb7-ef7e-47c8-a838-3083c2a22657", "thumbnail": "https://megapx-assets.dcard.tw/images/9f718eb7-ef7e-47c8-a838-3083c2a22657/640.jpeg", "type": "image/megapx", "tags": [], "createdAt": "2020-02-03T04:34:28.029Z", "updatedAt": "2020-02-03T04:34:28.029Z", "width": 1500, "height": 2000}], "reactions": [{"id": "286f599c-f86a-4932-82f0-f5a06f1eca03", "count": 8}], "hidden": false, "customStyle": null, "isSuspiciousAccount": false, "layout": "classic", "withImages": true, "withVideos": false, "media": [{"url": "https://megapx-assets.dcard.tw/images/9f718eb7-ef7e-47c8-a838-3083c2a22657/1280.jpeg"}], "reportReasonText": "", "postAvatar": ""}, {"id": 233011522, "title": "草莓塔", "excerpt": "嗨～我又來了 晚上烘培魂突然大爆發 看到家裡冰箱有一籃草莓直接不客氣的拿來煮果醬跟草莓塔⋯於是變出下面這些", "anonymousSchool": false, "anonymousDepartment": false, "pinned": false, "forumId": "d7db42a8-bedb-4ea2-96a7-c9034f4dd89a", "replyId": null, "createdAt": "2020-02-03T18:03:48.331Z", "updatedAt": "2020-02-03T18:03:48.331Z", "commentCount": 1, "likeCount": 6, "withNickname": true, "tags": [], "topics": ["甜點", "日常"], "meta": {"layout": "classic"}, "forumName": "烹飪", "forumAlias": "cooking", "gender": "M", "school": "鐘", "department": "w9930813", "replyTitle": null, "mediaMeta": [{"id": "7a0f1960-02d1-4bfc-b405-7e9b211b93ed", "url": "https://megapx-assets.dcard.tw/images/ef5086d3-a374-477d-a521-d8c98ca41eed/640.jpeg", "normalizedUrl": "https://megapx-assets.dcard.tw/images/ef5086d3-a374-477d-a521-d8c98ca41eed/640.jpeg", "thumbnail": "https://megapx-assets.dcard.tw/images/ef5086d3-a374-477d-a521-d8c98ca41eed/640.jpeg", "type": "image/thumbnail", "tags": [], "createdAt": "2020-02-03T18:03:48.331Z", "updatedAt": "2020-02-03T18:03:48.331Z", "width": 640, "height": 635}, {"id": "7a0f1960-02d1-4bfc-b405-7e9b211b93ed", "url": "https://megapx-assets.dcard.tw/images/ef5086d3-a374-477d-a521-d8c98ca41eed/full.jpeg", "normalizedUrl": "https://megapx.dcard.tw/v1/images/ef5086d3-a374-477d-a521-d8c98ca41eed", "thumbnail": "https://megapx-assets.dcard.tw/images/ef5086d3-a374-477d-a521-d8c98ca41eed/640.jpeg", "type": "image/megapx", "tags": [], "createdAt": "2020-02-03T18:03:48.331Z", "updatedAt": "2020-02-03T18:03:48.331Z", "width": 750, "height": 744}, {"id": "0a135bea-897b-4645-beb0-329ca6506b18", "url": "https://megapx-assets.dcard.tw/images/fbd74679-7922-466b-8342-5647b910d15c/1280.jpeg", "normalizedUrl": "https://megapx.dcard.tw/v1/images/fbd74679-7922-466b-8342-5647b910d15c", "thumbnail": "https://megapx-assets.dcard.tw/images/fbd74679-7922-466b-8342-5647b910d15c/640.jpeg", "type": "image/megapx", "tags": [], "createdAt": "2020-02-03T18:03:48.331Z", "updatedAt": "2020-02-03T18:03:48.331Z", "width": 750, "height": 1334}], "reactions": [{"id": "286f599c-f86a-4932-82f0-f5a06f1eca03", "count": 6}], "hidden": false, "customStyle": null, "isSuspiciousAccount": false, "layout": "classic", "withImages": true, "withVideos": false, "media": [{"url": "https://megapx-assets.dcard.tw/images/ef5086d3-a374-477d-a521-d8c98ca41eed/full.jpeg"}, {"url": "https://megapx-assets.dcard.tw/images/fbd74679-7922-466b-8342-5647b910d15c/1280.jpeg"}], "reportReasonText": "", "postAvatar": ""}, {"id": 233007722, "title": "問  除了湯以外的料理方式", "excerpt": "白蘿蔔、大頭菜、冬瓜、南瓜，請問有什麼其他的料理方式，家裡很尷尬的有這些菜（不是我買的），但是我已經不知道該煮什麼好了，以上材料一般都煮OO湯、XX湯，冬瓜超大條，大頭菜也超大顆，我已經喝好幾天冬瓜湯", "anonymousSchool": false, "anonymousDepartment": true, "pinned": false, "forumId": "d7db42a8-bedb-4ea2-96a7-c9034f4dd89a", "replyId": null, "createdAt": "2020-02-03T09:22:50.110Z", "updatedAt": "2020-02-03T09:22:50.110Z", "commentCount": 6, "likeCount": 3, "withNickname": false, "tags": [], "topics": ["烹飪"], "meta": {"layout": "classic"}, "forumName": "烹飪", "forumAlias": "cooking", "gender": "F", "school": "國立高雄科技大學", "replyTitle": null, "mediaMeta": [], "reactions": [{"id": "286f599c-f86a-4932-82f0-f5a06f1eca03", "count": 3}], "hidden": false, "customStyle": null, "isSuspiciousAccount": false, "layout": "classic", "withImages": false, "withVideos": false, "media": [], "reportReasonText": "", "postAvatar": ""}, {"id": 233004904, "title": "詢問韓式辣椒粉", "excerpt": "安安各位，請問一下哪牌的韓式辣椒粉是推薦的，我看網路上說韓式辣椒粉有分粗的或細的，而且聽說辣度也有差別（？），因為我比較不太會吃辣，但今天嘗試吃外面賣的韓式海鮮豆腐鍋時（小辣）覺得雖然顏色看起來超紅，", "anonymousSchool": false, "anonymousDepartment": true, "pinned": false, "forumId": "d7db42a8-bedb-4ea2-96a7-c9034f4dd89a", "replyId": null, "createdAt": "2020-02-02T18:57:08.911Z", "updatedAt": "2020-02-02T18:57:08.911Z", "commentCount": 1, "likeCount": 3, "withNickname": false, "tags": [], "topics": ["韓式", "烹飪", "問題", "閒聊"], "meta": {"layout": "classic"}, "forumName": "烹飪", "forumAlias": "cooking", "gender": "F", "school": "國立聯合大學", "replyTitle": null, "mediaMeta": [], "reactions": [{"id": "286f599c-f86a-4932-82f0-f5a06f1eca03", "count": 3}], "hidden": false, "customStyle": null, "isSuspiciousAccount": false, "layout": "classic", "withImages": false, "withVideos": false, "media": [], "reportReasonText": "", "postAvatar": ""}, {"id": 233011837, "title": "#請益 烤箱選手*2", "excerpt": "挑了兩台烤箱 難以抉擇..，我的需求：做甜點（蛋糕、派、布蕾、水果乾）、焗烤、烤肉、烤蔬菜等，份數通常都為兩人 偶爾四人左右，是否20L就足夠呢？（有空間放），但是約400又可以有更大台的似乎不錯，第", "anonymousSchool": false, "anonymousDepartment": true, "pinned": false, "forumId": "d7db42a8-bedb-4ea2-96a7-c9034f4dd89a", "replyId": null, "createdAt": "2020-02-03T19:38:03.550Z", "updatedAt": "2020-02-03T19:41:20.241Z", "commentCount": 0, "likeCount": 2, "withNickname": false, "tags": [], "topics": ["烤箱"], "meta": {"layout": "classic"}, "forumName": "烹飪", "forumAlias": "cooking", "gender": "F", "school": "淡江大學", "replyTitle": null, "mediaMeta": [{"id": "7d527ad2-dc18-4d98-aab6-0ce36eca995f", "url": "https://megapx-assets.dcard.tw/images/76c04bc2-a60f-45c8-a2d6-d0f0b9a6d288/640.jpeg", "normalizedUrl": "https://megapx-assets.dcard.tw/images/76c04bc2-a60f-45c8-a2d6-d0f0b9a6d288/640.jpeg", "thumbnail": "https://megapx-assets.dcard.tw/images/76c04bc2-a60f-45c8-a2d6-d0f0b9a6d288/640.jpeg", "type": "image/thumbnail", "tags": ["ANNOTATED"], "createdAt": "2020-02-03T19:38:03.550Z", "updatedAt": "2020-02-03T19:41:20.241Z", "width": 360, "height": 640}, {"id": "7d527ad2-dc18-4d98-aab6-0ce36eca995f", "url": "https://megapx-assets.dcard.tw/images/76c04bc2-a60f-45c8-a2d6-d0f0b9a6d288/1280.jpeg", "normalizedUrl": "https://megapx.dcard.tw/v1/images/76c04bc2-a60f-45c8-a2d6-d0f0b9a6d288", "thumbnail": "https://megapx-assets.dcard.tw/images/76c04bc2-a60f-45c8-a2d6-d0f0b9a6d288/640.jpeg", "type": "image/megapx", "tags": ["ANNOTATED"], "createdAt": "2020-02-03T19:38:03.550Z", "updatedAt": "2020-02-03T19:41:20.241Z", "width": 750, "height": 1334}, {"id": "bfd666ac-8182-49ea-ba8b-29da1d054ca7", "url": "https://megapx-assets.dcard.tw/images/d155970b-613c-44a2-91d5-6fbc95231f07/1280.jpeg", "normalizedUrl": "https://megapx.dcard.tw/v1/images/d155970b-613c-44a2-91d5-6fbc95231f07", "thumbnail": "https://megapx-assets.dcard.tw/images/d155970b-613c-44a2-91d5-6fbc95231f07/640.jpeg", "type": "image/megapx", "tags": ["ANNOTATED"], "createdAt": "2020-02-03T19:38:03.550Z", "updatedAt": "2020-02-03T19:41:20.241Z", "width": 750, "height": 1334}, {"id": "51206516-86bd-4f5b-aab8-4d43e678aadc", "url": "https://megapx-assets.dcard.tw/images/fdfbd762-86fc-40c9-a33f-ed43f0b9896c/full.jpeg", "normalizedUrl": "https://megapx.dcard.tw/v1/images/fdfbd762-86fc-40c9-a33f-ed43f0b9896c", "thumbnail": "https://megapx-assets.dcard.tw/images/fdfbd762-86fc-40c9-a33f-ed43f0b9896c/640.jpeg", "type": "image/megapx", "tags": [], "createdAt": "2020-02-03T19:41:20.241Z", "updatedAt": "2020-02-03T19:41:20.241Z", "width": 750, "height": 1014}], "reactions": [{"id": "286f599c-f86a-4932-82f0-f5a06f1eca03", "count": 2}], "hidden": false, "customStyle": null, "isSuspiciousAccount": false, "layout": "classic", "withImages": true, "withVideos": false, "media": [{"url": "https://megapx-assets.dcard.tw/images/76c04bc2-a60f-45c8-a2d6-d0f0b9a6d288/1280.jpeg"}, {"url": "https://megapx-assets.dcard.tw/images/d155970b-613c-44a2-91d5-6fbc95231f07/1280.jpeg"}, {"url": "https://megapx-assets.dcard.tw/images/fdfbd762-86fc-40c9-a33f-ed43f0b9896c/full.jpeg"}], "reportReasonText": "", "postAvatar": ""}, {"id": 233010127, "title": "象印ET-SYF22瓦數如何換算成溫度", "excerpt": "拜託好心人解答，總共有五段火力，分別是235w，500w，735w，1000w，請問如何換成攝氏溫度？要做烘培好難控制....，也沒錢買新的烤箱", "anonymousSchool": false, "anonymousDepartment": true, "pinned": false, "forumId": "d7db42a8-bedb-4ea2-96a7-c9034f4dd89a", "replyId": null, "createdAt": "2020-02-03T15:03:39.611Z", "updatedAt": "2020-02-03T15:03:39.611Z", "commentCount": 1, "likeCount": 0, "withNickname": false, "tags": ["HIDE_THUMBNAIL"], "topics": ["象印", "溫度", "問題"], "meta": {"layout": "classic"}, "forumName": "烹飪", "forumAlias": "cooking", "gender": "F", "school": "國立臺中科技大學", "replyTitle": null, "mediaMeta": [], "reactions": [], "hidden": false, "customStyle": null, "isSuspiciousAccount": false, "layout": "classic", "withImages": false, "withVideos": false, "media": [], "reportReasonText": "", "postAvatar": ""}]