[{"id": 233009907, "title": "#放假 #免費 一起學急救", "excerpt": "各位同學大家晚安：小弟在台灣百年便當局服務，另一個身分是瞎忙局的救護義消，因為新型冠狀病毒讓第二學期延後開學，這幾週除了滑IG 抖音 Dcard外，可以滑滑這個 學習急救概念喔，讓您的寒假更充實，連結", "anonymousSchool": false, "anonymousDepartment": false, "pinned": false, "forumId": "2bb20844-07ec-41d3-830f-ae551fc31246", "replyId": null, "createdAt": "2020-02-03T14:35:54.389Z", "updatedAt": "2020-02-03T14:35:54.389Z", "commentCount": 1, "likeCount": 3, "withNickname": true, "tags": ["HIDE_THUMBNAIL"], "topics": ["急救", "免費", "課程", "通識", "大學"], "meta": {"layout": "classic"}, "forumName": "課程", "forumAlias": "course", "gender": "M", "school": "救護大鳳梨小羅", "department": "jeremy13090022", "replyTitle": null, "mediaMeta": [], "reactions": [{"id": "286f599c-f86a-4932-82f0-f5a06f1eca03", "count": 3}], "hidden": false, "customStyle": null, "isSuspiciousAccount": false, "layout": "classic", "withImages": false, "withVideos": false, "media": [], "reportReasonText": "", "postAvatar": ""}, {"id": 233008521, "title": "心理及教育統計學暑修", "excerpt": "大家好，目前我的朋友 在政大心理系，需要暑修心理及教育統計學，目前有兩名 至少要湊齊16人 才能開課，或者是共同分 16位的學費，台大一學分是1150，3學分 3450元，總共要16*3450=552", "anonymousSchool": false, "anonymousDepartment": true, "pinned": false, "forumId": "2bb20844-07ec-41d3-830f-ae551fc31246", "replyId": null, "createdAt": "2020-02-03T11:09:07.260Z", "updatedAt": "2020-02-03T11:21:56.515Z", "commentCount": 0, "likeCount": 1, "withNickname": false, "tags": ["HIDE_THUMBNAIL"], "topics": ["暑修", "統計學", "心理", "台大暑修", "心理及教育統計學"], "meta": {"layout": "classic"}, "forumName": "課程", "forumAlias": "course", "gender": "M", "school": "淡江大學", "replyTitle": null, "mediaMeta": [], "reactions": [{"id": "286f599c-f86a-4932-82f0-f5a06f1eca03", "count": 1}], "hidden": false, "customStyle": null, "isSuspiciousAccount": false, "layout": "classic", "withImages": false, "withVideos": false, "media": [], "reportReasonText": "", "postAvatar": ""}, {"id": 233007792, "title": "1082學期【Excel2016初階應用（班次B）】開班囉!!", "excerpt": "想要學習Excel2016不知該去哪裡學嗎？錯過了1082寒假的Excel2016初階應用課程別懊惱，現在1082Excel2016初階應用（班次B）已經開始開放報名囉！！，快上臺大計資中心 資訊應用", "anonymousSchool": false, "anonymousDepartment": false, "pinned": false, "forumId": "2bb20844-07ec-41d3-830f-ae551fc31246", "replyId": null, "createdAt": "2020-02-03T09:33:22.557Z", "updatedAt": "2020-02-03T09:33:22.557Z", "commentCount": 0, "likeCount": 1, "withNickname": false, "tags": [], "topics": ["課程", "Excel", "函數", "文書處理", "計資中心"], "meta": {"layout": "classic"}, "forumName": "課程", "forumAlias": "course", "gender": "F", "school": "國立臺灣大學", "department": "圖書資訊學系", "replyTitle": null, "mediaMeta": [], "reactions": [{"id": "286f599c-f86a-4932-82f0-f5a06f1eca03", "count": 1}], "hidden": false, "customStyle": null, "isSuspiciousAccount": false, "layout": "classic", "withImages": false, "withVideos": false, "media": [], "reportReasonText": "", "postAvatar": ""}, {"id": 233012709, "title": "Excel 求救..薪資計算", "excerpt": "版上大大好：我樣做一份老師的薪資計算，但是老師的薪資與來上課的人數有關係，例如：1-6人上課，有600元，6-8人上課，有800元，9人以上，850元，所以當我在左邊的欄位輸入老師的上課人數，在右邊的", "anonymousSchool": false, "anonymousDepartment": false, "pinned": false, "forumId": "2bb20844-07ec-41d3-830f-ae551fc31246", "replyId": null, "createdAt": "2020-02-04T03:18:32.529Z", "updatedAt": "2020-02-04T03:18:32.529Z", "commentCount": 1, "likeCount": 0, "withNickname": false, "tags": [], "topics": ["課程", "薪資", "考試", "大學"], "meta": {"layout": "classic"}, "forumName": "課程", "forumAlias": "course", "gender": "F", "school": "國立澎湖科技大學", "department": "資訊管理系", "replyTitle": null, "mediaMeta": [{"id": "94a5761a-9f1a-4e6d-a14e-c132d89c7be0", "url": "https://i.imgur.com/7F9etQIl.jpg", "normalizedUrl": "https://i.imgur.com/7F9etQIl.jpg", "thumbnail": "https://i.imgur.com/7F9etQIl.jpg", "type": "image/thumbnail", "tags": ["ANNOTATED"], "createdAt": "2020-02-04T03:18:32.529Z", "updatedAt": "2020-02-04T03:18:32.529Z"}, {"id": "94a5761a-9f1a-4e6d-a14e-c132d89c7be0", "url": "http://i.imgur.com/7F9etQI.png", "normalizedUrl": "https://imgur.com/7F9etQI", "thumbnail": "https://i.imgur.com/7F9etQIl.jpg", "type": "image/imgur", "tags": ["ANNOTATED"], "createdAt": "2020-02-04T03:18:32.529Z", "updatedAt": "2020-02-04T03:18:32.529Z"}], "reactions": [], "hidden": false, "customStyle": null, "isSuspiciousAccount": false, "layout": "classic", "withImages": true, "withVideos": false, "media": [{"url": "http://i.imgur.com/7F9etQI.png"}], "reportReasonText": "", "postAvatar": ""}, {"id": 233011867, "title": "暑修膳食療養學", "excerpt": "因為交換回來還有被當學分沒有過，調查有沒有哪位帥哥美女需要一起今年暑修這堂的？可以揪~拜託拜託 （不限縣市），另外想問大家有沒有自己開暑修課的經驗（怕找不到人）", "anonymousSchool": false, "anonymousDepartment": true, "pinned": false, "forumId": "2bb20844-07ec-41d3-830f-ae551fc31246", "replyId": null, "createdAt": "2020-02-03T19:56:18.326Z", "updatedAt": "2020-02-03T19:56:18.326Z", "commentCount": 0, "likeCount": 0, "withNickname": false, "tags": [], "topics": ["暑修", "課程", "膳食", "學分"], "meta": {"layout": "classic"}, "forumName": "課程", "forumAlias": "course", "gender": "F", "school": "實踐大學", "replyTitle": null, "mediaMeta": [], "reactions": [], "hidden": false, "customStyle": null, "isSuspiciousAccount": false, "layout": "classic", "withImages": false, "withVideos": false, "media": [], "reportReasonText": "", "postAvatar": ""}, {"id": 233009567, "title": "轉讓巨匠美語課程", "excerpt": "轉讓巨匠美語課程，因上班與上課時間無法與課程時間配合，因此想售出此課程，合約課程會員到期日2021年11月08，合約課程會員原價：59900，轉讓地點：台南西門分校，月繳：1950元 （共30期），不", "anonymousSchool": false, "anonymousDepartment": false, "pinned": false, "forumId": "2bb20844-07ec-41d3-830f-ae551fc31246", "replyId": null, "createdAt": "2020-02-03T13:53:12.909Z", "updatedAt": "2020-02-03T13:53:12.909Z", "commentCount": 0, "likeCount": 0, "withNickname": false, "tags": [], "topics": ["巨匠美語轉讓", "課程"], "meta": {"layout": "classic"}, "forumName": "課程", "forumAlias": "course", "gender": "F", "school": "台南應用科技大學", "department": "美術系", "replyTitle": null, "mediaMeta": [], "reactions": [], "hidden": false, "customStyle": null, "isSuspiciousAccount": false, "layout": "classic", "withImages": false, "withVideos": false, "media": [], "reportReasonText": "", "postAvatar": ""}, {"id": 233003874, "title": "救業學程", "excerpt": "各位知道如何查尋救業學程的課表（歷年也行），就業學程的目的：提升大專生之就業知識、技能及態度，爰補助大專校院辦理實務導向之訓練課程，以協助大專生提高職涯規劃能力，增加職場競爭力及順利與職場接軌。", "anonymousSchool": false, "anonymousDepartment": false, "pinned": false, "forumId": "2bb20844-07ec-41d3-830f-ae551fc31246", "replyId": null, "createdAt": "2020-02-02T16:00:37.743Z", "updatedAt": "2020-02-02T16:00:37.743Z", "commentCount": 0, "likeCount": 0, "withNickname": true, "tags": [], "topics": ["學程", "大學"], "meta": {"layout": "classic"}, "forumName": "課程", "forumAlias": "course", "gender": "M", "school": "King", "department": "jimmy8696", "replyTitle": null, "mediaMeta": [], "reactions": [], "hidden": false, "customStyle": null, "isSuspiciousAccount": false, "layout": "classic", "withImages": false, "withVideos": false, "media": [], "reportReasonText": "", "postAvatar": ""}]