[{"id": 233010342, "title": "#心得 中信光速核卡", "excerpt": "卡種：中信商旅鈦金卡，職業：填自由業，年資：沒填，年齡：20，年收：填500k，財力證明：在銀行有定存跟證卷戶頭，有無貸款：無，近三個月辦卡：富邦J卡，核卡額度：20k，辦卡過程：2/3 12：30 ", "anonymousSchool": false, "anonymousDepartment": false, "pinned": false, "forumId": "de2af8b3-8fd5-4864-9ac1-4351e579821a", "replyId": null, "createdAt": "2020-02-03T15:26:55.672Z", "updatedAt": "2020-02-03T15:26:55.672Z", "commentCount": 0, "likeCount": 9, "withNickname": true, "tags": [], "topics": ["中信", "核卡", "心得"], "meta": {"layout": "classic"}, "forumName": "信用卡", "forumAlias": "creditcard", "gender": "M", "school": "邊緣", "department": "xxxx.0000", "replyTitle": null, "mediaMeta": [{"id": "351ab89f-aa4d-4384-bfa1-503c583a50e8", "url": "https://megapx-assets.dcard.tw/images/51c7a995-6868-4031-a39a-b557c3dfd640/640.jpeg", "normalizedUrl": "https://megapx-assets.dcard.tw/images/51c7a995-6868-4031-a39a-b557c3dfd640/640.jpeg", "thumbnail": "https://megapx-assets.dcard.tw/images/51c7a995-6868-4031-a39a-b557c3dfd640/640.jpeg", "type": "image/thumbnail", "tags": [], "createdAt": "2020-02-03T15:26:55.672Z", "updatedAt": "2020-02-03T15:26:55.672Z", "width": 296, "height": 640}, {"id": "351ab89f-aa4d-4384-bfa1-503c583a50e8", "url": "https://megapx-assets.dcard.tw/images/51c7a995-6868-4031-a39a-b557c3dfd640/1280.jpeg", "normalizedUrl": "https://megapx.dcard.tw/v1/images/51c7a995-6868-4031-a39a-b557c3dfd640", "thumbnail": "https://megapx-assets.dcard.tw/images/51c7a995-6868-4031-a39a-b557c3dfd640/640.jpeg", "type": "image/megapx", "tags": [], "createdAt": "2020-02-03T15:26:55.672Z", "updatedAt": "2020-02-03T15:26:55.672Z", "width": 924, "height": 2000}, {"id": "baf66d77-b64e-47ff-a042-518ea4ab842e", "url": "https://megapx-assets.dcard.tw/images/931af325-4ef2-4060-a9f4-607155dd8ad0/1280.jpeg", "normalizedUrl": "https://megapx.dcard.tw/v1/images/931af325-4ef2-4060-a9f4-607155dd8ad0", "thumbnail": "https://megapx-assets.dcard.tw/images/931af325-4ef2-4060-a9f4-607155dd8ad0/640.jpeg", "type": "image/megapx", "tags": [], "createdAt": "2020-02-03T15:26:55.672Z", "updatedAt": "2020-02-03T15:26:55.672Z", "width": 924, "height": 2000}], "reactions": [{"id": "286f599c-f86a-4932-82f0-f5a06f1eca03", "count": 8}, {"id": "e8e6bc5d-41b0-4129-b134-97507523d7ff", "count": 1}], "hidden": false, "customStyle": null, "isSuspiciousAccount": false, "layout": "classic", "withImages": true, "withVideos": false, "media": [{"url": "https://megapx-assets.dcard.tw/images/51c7a995-6868-4031-a39a-b557c3dfd640/1280.jpeg"}, {"url": "https://megapx-assets.dcard.tw/images/931af325-4ef2-4060-a9f4-607155dd8ad0/1280.jpeg"}], "reportReasonText": "", "postAvatar": ""}, {"id": 233008643, "title": "#詢問 Amazon電子書 刷哪張卡好？", "excerpt": "不好意思，腦洞的我弱弱問一下，想買Amazon上的繁體中文電子書，因為是美金計價+只能刷卡，想問要刷台幣計價但回饋3.5%的黑狗卡，還是刷美金計價但回饋只有2.8%的飛狗卡好呢？最近美金相對低，感覺刷", "anonymousSchool": false, "anonymousDepartment": true, "pinned": false, "forumId": "de2af8b3-8fd5-4864-9ac1-4351e579821a", "replyId": null, "createdAt": "2020-02-03T11:32:37.999Z", "updatedAt": "2020-02-03T11:32:37.999Z", "commentCount": 7, "likeCount": 0, "withNickname": false, "tags": [], "topics": ["詢問", "Richart", "刷卡"], "meta": {"layout": "classic"}, "forumName": "信用卡", "forumAlias": "creditcard", "gender": "M", "school": "世新大學", "replyTitle": null, "mediaMeta": [], "reactions": [], "hidden": false, "customStyle": null, "isSuspiciousAccount": false, "layout": "classic", "withImages": false, "withVideos": false, "media": [], "reportReasonText": "", "postAvatar": ""}]