[{"id": 233009894, "title": "🔴超商通路即將停止販售政府配送的口罩", "excerpt": "看到這個消息，第一時間想到的就是，「不用再回答任何關於口罩的問題啦啊啊！」雖然這幾天肯定還是會被問啦…，不過終於可以停止這個亂象了（嘆，最近幾天真的都辛苦各位超商店員了，不管是對於口罩的問答，以及口罩", "anonymousSchool": false, "anonymousDepartment": false, "pinned": false, "forumId": "ffc2ebb1-9985-4ce8-8f30-7dfdca609afa", "replyId": null, "createdAt": "2020-02-03T14:33:44.458Z", "updatedAt": "2020-02-03T14:33:44.458Z", "commentCount": 1, "likeCount": 14, "withNickname": true, "tags": [], "topics": ["口罩", "超商", "店員"], "meta": {"layout": "classic"}, "forumName": "超商", "forumAlias": "cvs", "gender": "F", "school": "V炭", "department": "vtan", "replyTitle": null, "mediaMeta": [{"id": "4c8db99a-92c4-48ba-acd8-c0ac2cbcb41f", "url": "https://i.imgur.com/azH6RRpl.jpg", "normalizedUrl": "https://i.imgur.com/azH6RRpl.jpg", "thumbnail": "https://i.imgur.com/azH6RRpl.jpg", "type": "image/thumbnail", "tags": ["ANNOTATED_FAILED"], "createdAt": "2020-02-03T14:33:44.458Z", "updatedAt": "2020-02-03T14:33:44.458Z"}, {"id": "4c8db99a-92c4-48ba-acd8-c0ac2cbcb41f", "url": "https://i.imgur.com/azH6RRp.jpg", "normalizedUrl": "https://imgur.com/azH6RRp", "thumbnail": "https://i.imgur.com/azH6RRpl.jpg", "type": "image/imgur", "tags": ["ANNOTATED_FAILED"], "createdAt": "2020-02-03T14:33:44.458Z", "updatedAt": "2020-02-03T14:33:44.458Z"}, {"id": "8066fb72-88cb-40f5-882c-5c81b7f65e10", "url": "https://i.imgur.com/ooh0Y2m.jpg", "normalizedUrl": "https://imgur.com/ooh0Y2m", "thumbnail": "https://i.imgur.com/ooh0Y2ml.jpg", "type": "image/imgur", "tags": ["ANNOTATED_FAILED"], "createdAt": "2020-02-03T14:33:44.458Z", "updatedAt": "2020-02-03T14:33:44.458Z"}, {"id": "e8af735a-5b19-4b1b-b812-0481bd80e54e", "url": "https://i.imgur.com/iuatPMU.jpg", "normalizedUrl": "https://imgur.com/iuatPMU", "thumbnail": "https://i.imgur.com/iuatPMUl.jpg", "type": "image/imgur", "tags": ["ANNOTATED_FAILED"], "createdAt": "2020-02-03T14:33:44.458Z", "updatedAt": "2020-02-03T14:33:44.458Z"}], "reactions": [{"id": "286f599c-f86a-4932-82f0-f5a06f1eca03", "count": 14}], "hidden": false, "customStyle": null, "isSuspiciousAccount": false, "layout": "classic", "withImages": true, "withVideos": false, "media": [{"url": "https://i.imgur.com/azH6RRp.jpg"}, {"url": "https://i.imgur.com/ooh0Y2m.jpg"}, {"url": "https://i.imgur.com/iuatPMU.jpg"}], "reportReasonText": "", "postAvatar": ""}, {"id": 233008421, "title": "口罩之亂第二波🙄", "excerpt": "有關於口罩進貨的時間，第一天第二天都正常供貨，再來慢慢的貨量變少，甚至沒有進貨，現在口罩 都在趕工，相信製作口罩的人員們都辛苦了，各位包口罩 忍受客人辱罵的店員們 也辛苦了，作為超商店員，也等同於前線", "anonymousSchool": false, "anonymousDepartment": false, "pinned": false, "forumId": "ffc2ebb1-9985-4ce8-8f30-7dfdca609afa", "replyId": null, "createdAt": "2020-02-03T10:55:08.783Z", "updatedAt": "2020-02-03T10:57:04.939Z", "commentCount": 5, "likeCount": 8, "withNickname": true, "tags": ["HIDE_THUMBNAIL"], "topics": ["口罩", "超商板", "711", "店員", "抱怨"], "meta": {"layout": "classic"}, "forumName": "超商", "forumAlias": "cvs", "gender": "F", "school": "直白U小姊👻", "department": "nwn_996429", "replyTitle": null, "mediaMeta": [], "reactions": [{"id": "286f599c-f86a-4932-82f0-f5a06f1eca03", "count": 8}], "hidden": false, "customStyle": null, "isSuspiciousAccount": false, "layout": "classic", "withImages": false, "withVideos": false, "media": [], "reportReasonText": "", "postAvatar": ""}, {"id": 233010506, "title": "7-11問題", "excerpt": "請問這個活動的點數是到現在都還沒入點嗎查紀錄都沒看到點數入點", "anonymousSchool": false, "anonymousDepartment": true, "pinned": false, "forumId": "ffc2ebb1-9985-4ce8-8f30-7dfdca609afa", "replyId": null, "createdAt": "2020-02-03T15:45:55.994Z", "updatedAt": "2020-02-03T15:45:55.994Z", "commentCount": 1, "likeCount": 2, "withNickname": false, "tags": [], "topics": [], "meta": {"layout": "classic"}, "forumName": "超商", "forumAlias": "cvs", "gender": "M", "school": "明新科技大學", "replyTitle": null, "mediaMeta": [{"id": "992eb024-aedf-45e2-baf3-0a2c703e81a5", "url": "https://i.imgur.com/0vPi6RNl.jpg", "normalizedUrl": "https://i.imgur.com/0vPi6RNl.jpg", "thumbnail": "https://i.imgur.com/0vPi6RNl.jpg", "type": "image/thumbnail", "tags": ["ANNOTATED"], "createdAt": "2020-02-03T15:45:55.994Z", "updatedAt": "2020-02-03T15:45:55.994Z"}, {"id": "992eb024-aedf-45e2-baf3-0a2c703e81a5", "url": "https://i.imgur.com/0vPi6RN.jpg", "normalizedUrl": "https://imgur.com/0vPi6RN", "thumbnail": "https://i.imgur.com/0vPi6RNl.jpg", "type": "image/imgur", "tags": ["ANNOTATED"], "createdAt": "2020-02-03T15:45:55.994Z", "updatedAt": "2020-02-03T15:45:55.994Z"}], "reactions": [{"id": "286f599c-f86a-4932-82f0-f5a06f1eca03", "count": 2}], "hidden": false, "customStyle": null, "isSuspiciousAccount": false, "layout": "classic", "withImages": true, "withVideos": false, "media": [{"url": "https://i.imgur.com/0vPi6RN.jpg"}], "reportReasonText": "", "postAvatar": ""}, {"id": 233005020, "title": "酒精手", "excerpt": "大家也會這樣嗎？現在已經沒有那麼紅了，但皮膚還是一顆一顆凸凸的", "anonymousSchool": false, "anonymousDepartment": true, "pinned": false, "forumId": "ffc2ebb1-9985-4ce8-8f30-7dfdca609afa", "replyId": null, "createdAt": "2020-02-02T19:29:36.800Z", "updatedAt": "2020-02-02T19:29:36.800Z", "commentCount": 5, "likeCount": 2, "withNickname": false, "tags": [], "topics": ["店員", "超商"], "meta": {"layout": "classic"}, "forumName": "超商", "forumAlias": "cvs", "gender": "F", "school": "中臺科技大學", "replyTitle": null, "mediaMeta": [{"id": "a707c134-1c69-4675-8739-57c9fa23e424", "url": "https://megapx-assets.dcard.tw/images/eb346d3d-9527-42dd-b00f-d6441d5c9ffb/640.jpeg", "normalizedUrl": "https://megapx-assets.dcard.tw/images/eb346d3d-9527-42dd-b00f-d6441d5c9ffb/640.jpeg", "thumbnail": "https://megapx-assets.dcard.tw/images/eb346d3d-9527-42dd-b00f-d6441d5c9ffb/640.jpeg", "type": "image/thumbnail", "tags": [], "createdAt": "2020-02-02T19:29:36.800Z", "updatedAt": "2020-02-02T19:29:36.800Z", "width": 640, "height": 480}, {"id": "a707c134-1c69-4675-8739-57c9fa23e424", "url": "https://megapx-assets.dcard.tw/images/eb346d3d-9527-42dd-b00f-d6441d5c9ffb/1280.jpeg", "normalizedUrl": "https://megapx.dcard.tw/v1/images/eb346d3d-9527-42dd-b00f-d6441d5c9ffb", "thumbnail": "https://megapx-assets.dcard.tw/images/eb346d3d-9527-42dd-b00f-d6441d5c9ffb/640.jpeg", "type": "image/megapx", "tags": [], "createdAt": "2020-02-02T19:29:36.800Z", "updatedAt": "2020-02-02T19:29:36.800Z", "width": 2000, "height": 1500}], "reactions": [{"id": "286f599c-f86a-4932-82f0-f5a06f1eca03", "count": 2}], "hidden": false, "customStyle": null, "isSuspiciousAccount": false, "layout": "classic", "withImages": true, "withVideos": false, "media": [{"url": "https://megapx-assets.dcard.tw/images/eb346d3d-9527-42dd-b00f-d6441d5c9ffb/1280.jpeg"}], "reportReasonText": "", "postAvatar": ""}, {"id": 233007576, "title": "物流來了物流來了", "excerpt": "現在不是很多人都在搶買口罩嗎，騎車經過一個大排長龍的騎樓，隊伍最前面是一間×是×，一點都不意外嘛，今天去繳電話費，把車停在超商門口就覺得超商騎樓跟超商內很多人，還被不知爸媽在哪的小屁孩全身掃射，一臉你", "anonymousSchool": false, "anonymousDepartment": false, "pinned": false, "forumId": "ffc2ebb1-9985-4ce8-8f30-7dfdca609afa", "replyId": null, "createdAt": "2020-02-03T09:03:25.231Z", "updatedAt": "2020-02-03T09:04:03.469Z", "commentCount": 4, "likeCount": 1, "withNickname": false, "tags": [], "topics": ["物流"], "meta": {"layout": "classic"}, "forumName": "超商", "forumAlias": "cvs", "gender": "F", "school": "輔仁大學", "department": "日本語文學系", "replyTitle": null, "mediaMeta": [], "reactions": [{"id": "286f599c-f86a-4932-82f0-f5a06f1eca03", "count": 1}], "hidden": false, "customStyle": null, "isSuspiciousAccount": false, "layout": "classic", "withImages": false, "withVideos": false, "media": [], "reportReasonText": "", "postAvatar": ""}, {"id": 233006430, "title": "雙起司咖哩雞肉飯糰", "excerpt": "上面是雞肉  中間有咖哩醬  下面是飯，（（大家有吃到起司的味道嗎  我吃完怎麼感覺沒有XDD，就是一種在吃雞肉咖哩的感覺（？雞肉不錯  飯如果再硬一點會更棒！！！，推薦指數：", "anonymousSchool": false, "anonymousDepartment": false, "pinned": false, "forumId": "ffc2ebb1-9985-4ce8-8f30-7dfdca609afa", "replyId": null, "createdAt": "2020-02-03T05:44:21.506Z", "updatedAt": "2020-02-03T05:44:21.506Z", "commentCount": 0, "likeCount": 1, "withNickname": true, "tags": [], "topics": [], "meta": {"layout": "classic"}, "forumName": "超商", "forumAlias": "cvs", "gender": "F", "school": "愛問問題的人", "department": "abcd_jqk", "replyTitle": null, "mediaMeta": [{"id": "d4318ec6-f219-4e40-802f-1cc6f28238ad", "url": "https://i.imgur.com/9cOvCSSl.jpg", "normalizedUrl": "https://i.imgur.com/9cOvCSSl.jpg", "thumbnail": "https://i.imgur.com/9cOvCSSl.jpg", "type": "image/thumbnail", "tags": ["ANNOTATED"], "createdAt": "2020-02-03T05:44:21.506Z", "updatedAt": "2020-02-03T05:44:21.506Z"}, {"id": "d4318ec6-f219-4e40-802f-1cc6f28238ad", "url": "https://i.imgur.com/9cOvCSS.jpg", "normalizedUrl": "https://imgur.com/9cOvCSS", "thumbnail": "https://i.imgur.com/9cOvCSSl.jpg", "type": "image/imgur", "tags": ["ANNOTATED"], "createdAt": "2020-02-03T05:44:21.506Z", "updatedAt": "2020-02-03T05:44:21.506Z"}, {"id": "cd1a7e34-4338-4566-89e2-102399fb1b32", "url": "https://i.imgur.com/bsn5wpJ.jpg", "normalizedUrl": "https://imgur.com/bsn5wpJ", "thumbnail": "https://i.imgur.com/bsn5wpJl.jpg", "type": "image/imgur", "tags": ["ANNOTATED"], "createdAt": "2020-02-03T05:44:21.506Z", "updatedAt": "2020-02-03T05:44:21.506Z"}, {"id": "7158af58-3ac8-41f3-a12e-052043bcf0ea", "url": "https://i.imgur.com/dk9H89e.jpg", "normalizedUrl": "https://imgur.com/dk9H89e", "thumbnail": "https://i.imgur.com/dk9H89el.jpg", "type": "image/imgur", "tags": ["ANNOTATED"], "createdAt": "2020-02-03T05:44:21.506Z", "updatedAt": "2020-02-03T05:44:21.506Z"}], "reactions": [{"id": "286f599c-f86a-4932-82f0-f5a06f1eca03", "count": 1}], "hidden": false, "customStyle": null, "isSuspiciousAccount": false, "layout": "classic", "withImages": true, "withVideos": false, "media": [{"url": "https://i.imgur.com/9cOvCSS.jpg"}, {"url": "https://i.imgur.com/bsn5wpJ.jpg"}, {"url": "https://i.imgur.com/dk9H89e.jpg"}], "reportReasonText": "", "postAvatar": ""}]