[{"id": 228966454, "title": "Dcard 全站站規 #2019/11/14 更新", "excerpt": "為了讓大家都能在 Dcard 和平共處，營造良好的討論風氣，下面有些規則希望大家遵守，並且對個人的言論負責，否則違反法律的話還是會需要負實際法律責任的哦！，以下規則適用於 Dcard 全站，包括但不限", "anonymousSchool": false, "anonymousDepartment": false, "pinned": true, "forumId": "0c7337db-20ae-43d8-a310-9b22d6ba5f9d", "replyId": null, "createdAt": "2018-05-29T06:00:41.321Z", "updatedAt": "2019-11-14T10:46:08.517Z", "commentCount": 3930, "likeCount": 722, "withNickname": true, "tags": [], "topics": ["Dcard更新", "小天使公告", "站規"], "meta": {}, "forumName": "建議回饋", "forumAlias": "dcard", "gender": "D", "school": "客服小天使", "department": "dcard_support_1", "replyTitle": null, "mediaMeta": [{"id": "4199663d-6bb6-4635-867a-0fbdb55a3d77", "url": "https://i.imgur.com/fBduZLbl.jpg", "normalizedUrl": "https://i.imgur.com/fBduZLbl.jpg", "thumbnail": "https://i.imgur.com/fBduZLbl.jpg", "type": "image/thumbnail", "tags": ["ANNOTATED"], "createdAt": "2019-08-30T06:43:38.421Z", "updatedAt": "2019-11-14T10:46:08.517Z"}, {"id": "4199663d-6bb6-4635-867a-0fbdb55a3d77", "url": "http://i.imgur.com/fBduZLb.png", "normalizedUrl": "https://imgur.com/fBduZLb", "thumbnail": "https://i.imgur.com/fBduZLbl.jpg", "type": "image/imgur", "tags": ["ANNOTATED"], "createdAt": "2019-08-30T06:43:38.421Z", "updatedAt": "2019-11-14T10:46:08.517Z"}], "reactions": [{"id": "286f599c-f86a-4932-82f0-f5a06f1eca03", "count": 709}, {"id": "aa0d425f-d530-4478-9a77-fe3aedc79eea", "count": 8}, {"id": "e8e6bc5d-41b0-4129-b134-97507523d7ff", "count": 3}, {"id": "011ead16-9b83-4729-9fde-c588920c6c2d", "count": 2}], "hidden": false, "customStyle": null, "isSuspiciousAccount": false, "layout": "classic", "withImages": true, "withVideos": false, "media": [{"url": "http://i.imgur.com/fBduZLb.png"}], "reportReasonText": "", "postAvatar": ""}, {"id": 224695554, "title": "#公告 開板連署規則與步驟", "excerpt": "曾經發文找不到合適的看板嗎？想更精確的找到感興趣的話題？除了癡癡等候狄卡不定時增加看板外，現在提供大家正式的方法也能夠為自己喜歡的話題盡一份心力。未來如果想建立看板，只要在 Dcard 板發起連署，一旦連署成功，小天使將會為你處理相關事宜。", "anonymousSchool": false, "anonymousDepartment": false, "pinned": true, "forumId": "0c7337db-20ae-43d8-a310-9b22d6ba5f9d", "replyId": null, "createdAt": "2016-09-05T03:06:57.941Z", "updatedAt": "2018-12-18T10:19:00.283Z", "commentCount": 213, "likeCount": 570, "withNickname": true, "tags": ["規則", "連署", "看板", "開板", "公告"], "topics": ["開板連署文"], "meta": {}, "forumName": "建議回饋", "forumAlias": "dcard", "gender": "D", "school": "客服小天使", "department": "dcard_support_1", "replyTitle": null, "mediaMeta": [], "reactions": [{"id": "286f599c-f86a-4932-82f0-f5a06f1eca03", "count": 567}, {"id": "aa0d425f-d530-4478-9a77-fe3aedc79eea", "count": 2}, {"id": "011ead16-9b83-4729-9fde-c588920c6c2d", "count": 1}], "hidden": false, "customStyle": null, "isSuspiciousAccount": false, "layout": "classic", "withImages": false, "withVideos": false, "media": [], "reportReasonText": "", "postAvatar": ""}, {"id": 232586804, "title": "#網頁新改版 給你飛快的瀏覽體驗 🚀", "excerpt": "在 Dcard 溜達的朋友們大家好呀～～小天使今天很高興地和你們分享一件事！，Dcard 的網頁版有新改版啦，要給你更快！更棒！的瀏覽體驗，小天使在瀏覽文章都不會卡卡的，真香～讓我們回歸正題，所以你們", "anonymousSchool": false, "anonymousDepartment": false, "pinned": true, "forumId": "0c7337db-20ae-43d8-a310-9b22d6ba5f9d", "replyId": null, "createdAt": "2019-11-28T05:00:02.167Z", "updatedAt": "2019-11-28T05:21:30.042Z", "commentCount": 9, "likeCount": 23, "withNickname": true, "tags": [], "topics": ["Dcard", "網頁新改版", "Beta測試", "非常不建議使用IE瀏覽"], "meta": {"layout": "classic"}, "forumName": "建議回饋", "forumAlias": "dcard", "gender": "D", "school": "小天使", "department": "little_angel", "replyTitle": null, "mediaMeta": [{"id": "f78a3f19-b92e-4215-a651-8720c5d64ab6", "url": "https://i.imgur.com/oN1tacRl.jpg", "normalizedUrl": "https://i.imgur.com/oN1tacRl.jpg", "thumbnail": "https://i.imgur.com/oN1tacRl.jpg", "type": "image/thumbnail", "tags": ["ANNOTATED"], "createdAt": "2019-11-28T05:00:02.167Z", "updatedAt": "2019-11-28T05:21:30.042Z"}, {"id": "f78a3f19-b92e-4215-a651-8720c5d64ab6", "url": "http://i.imgur.com/oN1tacR.png", "normalizedUrl": "https://imgur.com/oN1tacR", "thumbnail": "https://i.imgur.com/oN1tacRl.jpg", "type": "image/imgur", "tags": ["ANNOTATED"], "createdAt": "2019-11-28T05:00:02.167Z", "updatedAt": "2019-11-28T05:21:30.042Z"}, {"id": "b4c5012d-d782-4ed9-8c66-d9a6af67a273", "url": "http://i.imgur.com/EAkOo5U.jpg", "normalizedUrl": "https://imgur.com/EAkOo5U", "thumbnail": "https://i.imgur.com/EAkOo5Ul.jpg", "type": "image/imgur", "tags": ["ANNOTATED"], "createdAt": "2019-11-28T05:00:02.167Z", "updatedAt": "2019-11-28T05:21:30.042Z"}], "reactions": [{"id": "286f599c-f86a-4932-82f0-f5a06f1eca03", "count": 21}, {"id": "4b018f48-e184-445f-adf1-fc8e04ba09b9", "count": 1}, {"id": "aa0d425f-d530-4478-9a77-fe3aedc79eea", "count": 1}], "hidden": false, "customStyle": null, "isSuspiciousAccount": false, "layout": "classic", "withImages": true, "withVideos": false, "media": [{"url": "http://i.imgur.com/oN1tacR.png"}, {"url": "http://i.imgur.com/EAkOo5U.jpg"}], "reportReasonText": "", "postAvatar": ""}, {"id": 233011555, "title": "可不可以選擇關閉抽卡功能", "excerpt": "如題，因為我已經不玩抽卡很久了，雖然只要不點進去，幾天後就會停止抽卡了，但是有時候會不小心手殘點進那個頁面，這樣對想抽卡友但抽到我的人很不好意思，希望可以在設定新增一個關閉抽卡功能的按鈕，讓人可以自由", "anonymousSchool": false, "anonymousDepartment": true, "pinned": false, "forumId": "0c7337db-20ae-43d8-a310-9b22d6ba5f9d", "replyId": null, "createdAt": "2020-02-03T18:13:01.451Z", "updatedAt": "2020-02-03T18:13:01.451Z", "commentCount": 2, "likeCount": 3, "withNickname": false, "tags": ["HIDE_THUMBNAIL"], "topics": ["Dcard", "意見"], "meta": {"layout": "classic"}, "forumName": "建議回饋", "forumAlias": "dcard", "gender": "F", "school": "亞洲大學", "replyTitle": null, "mediaMeta": [], "reactions": [{"id": "286f599c-f86a-4932-82f0-f5a06f1eca03", "count": 2}, {"id": "aa0d425f-d530-4478-9a77-fe3aedc79eea", "count": 1}], "hidden": false, "customStyle": null, "isSuspiciousAccount": false, "layout": "classic", "withImages": false, "withVideos": false, "media": [], "reportReasonText": "", "postAvatar": ""}, {"id": 233012662, "title": "為什麼不能在西斯版回應留言", "excerpt": "如題，我知道之前已經很多人討論過各種解決方法，我google找到的教學是這篇文章：Andriod版本 7.26.12，因為可以在其它18+的版留言，年齡應該沒設定錯，爬文後已嘗試以下方法，1.重新下載", "anonymousSchool": false, "anonymousDepartment": false, "pinned": false, "forumId": "0c7337db-20ae-43d8-a310-9b22d6ba5f9d", "replyId": null, "createdAt": "2020-02-04T03:09:05.949Z", "updatedAt": "2020-02-04T03:09:05.949Z", "commentCount": 0, "likeCount": 2, "withNickname": true, "tags": [], "topics": ["西斯", "Dcard", "問題", "bug"], "meta": {"layout": "classic"}, "forumName": "建議回饋", "forumAlias": "dcard", "gender": "M", "school": "新手上路", "department": "stormtrooper", "replyTitle": null, "mediaMeta": [{"id": "87314b35-a3a8-4e1a-bc70-030098c1efd5", "url": "https://i.imgur.com/4hzWUARl.jpg", "normalizedUrl": "https://i.imgur.com/4hzWUARl.jpg", "thumbnail": "https://i.imgur.com/4hzWUARl.jpg", "type": "image/thumbnail", "tags": ["ANNOTATED", "SOURCE_DELETED"], "createdAt": "2020-02-04T03:09:05.949Z", "updatedAt": "2020-02-04T03:48:39.142Z"}, {"id": "87314b35-a3a8-4e1a-bc70-030098c1efd5", "url": "http://i.imgur.com/4hzWUAR.jpg", "normalizedUrl": "https://imgur.com/4hzWUAR", "thumbnail": "https://i.imgur.com/4hzWUARl.jpg", "type": "image/imgur", "tags": ["ANNOTATED", "SOURCE_DELETED"], "createdAt": "2020-02-04T03:09:05.949Z", "updatedAt": "2020-02-04T03:48:39.142Z"}], "reactions": [{"id": "286f599c-f86a-4932-82f0-f5a06f1eca03", "count": 1}, {"id": "aa0d425f-d530-4478-9a77-fe3aedc79eea", "count": 1}], "hidden": false, "customStyle": null, "isSuspiciousAccount": false, "layout": "classic", "withImages": true, "withVideos": false, "media": [{"url": "http://i.imgur.com/4hzWUAR.jpg"}], "reportReasonText": "", "postAvatar": ""}, {"id": 233012056, "title": "永久固定回應文章時的預設身分", "excerpt": "之前有人提過了但我還是要發表意見，現在回文都預設學校名稱，我改成卡稱身分，下次又自動跳回學校名稱，能不能夠不要每次都自動跳回去啊 = =，阿我就想用卡稱回文⋯⋯，這方面讓用戶自行設定比較人性化吧（？-", "anonymousSchool": false, "anonymousDepartment": false, "pinned": false, "forumId": "0c7337db-20ae-43d8-a310-9b22d6ba5f9d", "replyId": null, "createdAt": "2020-02-03T22:56:24.138Z", "updatedAt": "2020-02-03T22:56:53.705Z", "commentCount": 0, "likeCount": 2, "withNickname": true, "tags": ["HIDE_THUMBNAIL"], "topics": ["身分", "Dcard", "意見", "狄卡"], "meta": {"layout": "classic"}, "forumName": "建議回饋", "forumAlias": "dcard", "gender": "M", "school": "墨綠", "department": "kakukangen", "replyTitle": null, "mediaMeta": [], "reactions": [{"id": "286f599c-f86a-4932-82f0-f5a06f1eca03", "count": 1}, {"id": "aa0d425f-d530-4478-9a77-fe3aedc79eea", "count": 1}], "hidden": false, "customStyle": null, "isSuspiciousAccount": false, "layout": "classic", "withImages": false, "withVideos": false, "media": [], "reportReasonText": "", "postAvatar": ""}, {"id": 233012180, "title": "訂閱看板無法調整順序", "excerpt": "雖然我發文的頻率有點高，但真的想再同一個建議，巴哈、批踢踢都可以調整訂閱看板順序，-，可是Dcard完全找不到調整訂閱看板順序的設定，-，個人覺得是滿重要的功能", "anonymousSchool": false, "anonymousDepartment": false, "pinned": false, "forumId": "0c7337db-20ae-43d8-a310-9b22d6ba5f9d", "replyId": null, "createdAt": "2020-02-04T00:47:20.320Z", "updatedAt": "2020-02-04T00:47:20.320Z", "commentCount": 1, "likeCount": 1, "withNickname": true, "tags": [], "topics": ["看板", "順序", "意見", "Dcard", "狄卡"], "meta": {"layout": "classic"}, "forumName": "建議回饋", "forumAlias": "dcard", "gender": "M", "school": "墨綠", "department": "kakukangen", "replyTitle": null, "mediaMeta": [{"id": "63f9450c-ab8d-43db-83ca-f7f284fa8a4c", "url": "https://megapx-assets.dcard.tw/images/a111c36a-008a-46f4-a648-0016f0e3b101/640.jpeg", "normalizedUrl": "https://megapx-assets.dcard.tw/images/a111c36a-008a-46f4-a648-0016f0e3b101/640.jpeg", "thumbnail": "https://megapx-assets.dcard.tw/images/a111c36a-008a-46f4-a648-0016f0e3b101/640.jpeg", "type": "image/thumbnail", "tags": [], "createdAt": "2020-02-04T00:47:20.320Z", "updatedAt": "2020-02-04T00:47:20.320Z", "width": 360, "height": 640}, {"id": "63f9450c-ab8d-43db-83ca-f7f284fa8a4c", "url": "https://megapx-assets.dcard.tw/images/a111c36a-008a-46f4-a648-0016f0e3b101/1280.jpeg", "normalizedUrl": "https://megapx.dcard.tw/v1/images/a111c36a-008a-46f4-a648-0016f0e3b101", "thumbnail": "https://megapx-assets.dcard.tw/images/a111c36a-008a-46f4-a648-0016f0e3b101/640.jpeg", "type": "image/megapx", "tags": [], "createdAt": "2020-02-04T00:47:20.320Z", "updatedAt": "2020-02-04T00:47:20.320Z", "width": 750, "height": 1334}, {"id": "bd3ef125-21a0-4d87-ab9f-27bfb3f25aa8", "url": "https://megapx-assets.dcard.tw/images/c6430f3e-da88-4c30-b78b-249dc14cd645/1280.jpeg", "normalizedUrl": "https://megapx.dcard.tw/v1/images/c6430f3e-da88-4c30-b78b-249dc14cd645", "thumbnail": "https://megapx-assets.dcard.tw/images/c6430f3e-da88-4c30-b78b-249dc14cd645/640.jpeg", "type": "image/megapx", "tags": [], "createdAt": "2020-02-04T00:47:20.320Z", "updatedAt": "2020-02-04T00:47:20.320Z", "width": 750, "height": 1334}, {"id": "7c4b3880-429e-4770-9e98-b2cc18504690", "url": "https://megapx-assets.dcard.tw/images/9b44a13e-be51-49b5-90da-57953bb13615/1280.jpeg", "normalizedUrl": "https://megapx.dcard.tw/v1/images/9b44a13e-be51-49b5-90da-57953bb13615", "thumbnail": "https://megapx-assets.dcard.tw/images/9b44a13e-be51-49b5-90da-57953bb13615/640.jpeg", "type": "image/megapx", "tags": [], "createdAt": "2020-02-04T00:47:20.320Z", "updatedAt": "2020-02-04T00:47:20.320Z", "width": 750, "height": 1334}], "reactions": [{"id": "aa0d425f-d530-4478-9a77-fe3aedc79eea", "count": 1}], "hidden": false, "customStyle": null, "isSuspiciousAccount": false, "layout": "classic", "withImages": true, "withVideos": false, "media": [{"url": "https://megapx-assets.dcard.tw/images/a111c36a-008a-46f4-a648-0016f0e3b101/1280.jpeg"}, {"url": "https://megapx-assets.dcard.tw/images/c6430f3e-da88-4c30-b78b-249dc14cd645/1280.jpeg"}, {"url": "https://megapx-assets.dcard.tw/images/9b44a13e-be51-49b5-90da-57953bb13615/1280.jpeg"}], "reportReasonText": "", "postAvatar": ""}, {"id": 233012110, "title": "收藏文章後無法個別移除文章", "excerpt": "RT，一旦不小心在錯誤的資料夾收藏錯篇文章，就只能整個分類移除，不能個別選取移除，-，另外就是看板分類太散，最好學學批踢踢有母分類跟子分類系統，才不會雜亂無章", "anonymousSchool": false, "anonymousDepartment": false, "pinned": false, "forumId": "0c7337db-20ae-43d8-a310-9b22d6ba5f9d", "replyId": null, "createdAt": "2020-02-04T00:03:34.912Z", "updatedAt": "2020-02-04T00:03:34.912Z", "commentCount": 0, "likeCount": 1, "withNickname": true, "tags": [], "topics": ["收藏", "Dcard", "意見", "狄卡"], "meta": {"layout": "classic"}, "forumName": "建議回饋", "forumAlias": "dcard", "gender": "M", "school": "墨綠", "department": "kakukangen", "replyTitle": null, "mediaMeta": [{"id": "d0df9a9a-9968-48a4-9bff-8659b29193cf", "url": "https://megapx-assets.dcard.tw/images/ebc84864-2bc7-46a7-b2e4-85f291a600cc/640.jpeg", "normalizedUrl": "https://megapx-assets.dcard.tw/images/ebc84864-2bc7-46a7-b2e4-85f291a600cc/640.jpeg", "thumbnail": "https://megapx-assets.dcard.tw/images/ebc84864-2bc7-46a7-b2e4-85f291a600cc/640.jpeg", "type": "image/thumbnail", "tags": [], "createdAt": "2020-02-04T00:03:34.912Z", "updatedAt": "2020-02-04T00:03:34.912Z", "width": 360, "height": 640}, {"id": "d0df9a9a-9968-48a4-9bff-8659b29193cf", "url": "https://megapx-assets.dcard.tw/images/ebc84864-2bc7-46a7-b2e4-85f291a600cc/1280.jpeg", "normalizedUrl": "https://megapx.dcard.tw/v1/images/ebc84864-2bc7-46a7-b2e4-85f291a600cc", "thumbnail": "https://megapx-assets.dcard.tw/images/ebc84864-2bc7-46a7-b2e4-85f291a600cc/640.jpeg", "type": "image/megapx", "tags": [], "createdAt": "2020-02-04T00:03:34.912Z", "updatedAt": "2020-02-04T00:03:34.912Z", "width": 750, "height": 1334}, {"id": "17c4f653-db65-4b8b-8445-c8aae320dd0c", "url": "https://megapx-assets.dcard.tw/images/82246e91-0dcd-48ef-9511-78a49065fed3/1280.jpeg", "normalizedUrl": "https://megapx.dcard.tw/v1/images/82246e91-0dcd-48ef-9511-78a49065fed3", "thumbnail": "https://megapx-assets.dcard.tw/images/82246e91-0dcd-48ef-9511-78a49065fed3/640.jpeg", "type": "image/megapx", "tags": [], "createdAt": "2020-02-04T00:03:34.912Z", "updatedAt": "2020-02-04T00:03:34.912Z", "width": 750, "height": 1334}], "reactions": [{"id": "aa0d425f-d530-4478-9a77-fe3aedc79eea", "count": 1}], "hidden": false, "customStyle": null, "isSuspiciousAccount": false, "layout": "classic", "withImages": true, "withVideos": false, "media": [{"url": "https://megapx-assets.dcard.tw/images/ebc84864-2bc7-46a7-b2e4-85f291a600cc/1280.jpeg"}, {"url": "https://megapx-assets.dcard.tw/images/82246e91-0dcd-48ef-9511-78a49065fed3/1280.jpeg"}], "reportReasonText": "", "postAvatar": ""}, {"id": 233011293, "title": "五專轉高職該怎麼辦？", "excerpt": "當初在莫名的情況下，進去了五專，因為家人認為讀五專，讀護理比較好找工作，所以就進去讀了，可是我本身不喜歡護理，於是我抗戰了兩年，最近終於成功了，現在的問題是，都五專二年級了，可以轉高職嗎？需要重新考會", "anonymousSchool": false, "anonymousDepartment": false, "pinned": false, "forumId": "0c7337db-20ae-43d8-a310-9b22d6ba5f9d", "replyId": null, "createdAt": "2020-02-03T17:20:33.501Z", "updatedAt": "2020-02-03T17:24:29.642Z", "commentCount": 1, "likeCount": 1, "withNickname": true, "tags": [], "topics": ["問題"], "meta": {"layout": "classic"}, "forumName": "建議回饋", "forumAlias": "dcard", "gender": "F", "school": "萊乃ฅ'ω'ฅ", "department": "joanne_0625", "replyTitle": null, "mediaMeta": [], "reactions": [{"id": "aa0d425f-d530-4478-9a77-fe3aedc79eea", "count": 1}], "hidden": false, "customStyle": null, "isSuspiciousAccount": false, "layout": "classic", "withImages": false, "withVideos": false, "media": [], "reportReasonText": "", "postAvatar": ""}, {"id": 233009450, "title": "對喪家講風涼話", "excerpt": "像附圖的B217，這種的能檢舉他嗎？平常玩梗就算了，在人家傷口上撒鹽......", "anonymousSchool": false, "anonymousDepartment": true, "pinned": false, "forumId": "0c7337db-20ae-43d8-a310-9b22d6ba5f9d", "replyId": null, "createdAt": "2020-02-03T13:36:15.053Z", "updatedAt": "2020-02-03T13:36:15.053Z", "commentCount": 0, "likeCount": 0, "withNickname": false, "tags": [], "topics": [], "meta": {"layout": "classic"}, "forumName": "建議回饋", "forumAlias": "dcard", "gender": "F", "school": "靜宜大學", "replyTitle": null, "mediaMeta": [{"id": "388009a9-4a1f-4315-8d8a-c0b04fd8c5bb", "url": "https://megapx-assets.dcard.tw/images/d55028cc-287c-45d2-ab92-b5d63f6c1e6f/640.jpeg", "normalizedUrl": "https://megapx-assets.dcard.tw/images/d55028cc-287c-45d2-ab92-b5d63f6c1e6f/640.jpeg", "thumbnail": "https://megapx-assets.dcard.tw/images/d55028cc-287c-45d2-ab92-b5d63f6c1e6f/640.jpeg", "type": "image/thumbnail", "tags": [], "createdAt": "2020-02-03T13:36:15.053Z", "updatedAt": "2020-02-03T13:36:15.053Z", "width": 360, "height": 640}, {"id": "388009a9-4a1f-4315-8d8a-c0b04fd8c5bb", "url": "https://megapx-assets.dcard.tw/images/d55028cc-287c-45d2-ab92-b5d63f6c1e6f/1280.jpeg", "normalizedUrl": "https://megapx.dcard.tw/v1/images/d55028cc-287c-45d2-ab92-b5d63f6c1e6f", "thumbnail": "https://megapx-assets.dcard.tw/images/d55028cc-287c-45d2-ab92-b5d63f6c1e6f/640.jpeg", "type": "image/megapx", "tags": [], "createdAt": "2020-02-03T13:36:15.053Z", "updatedAt": "2020-02-03T13:36:15.053Z", "width": 1125, "height": 2000}], "reactions": [], "hidden": false, "customStyle": null, "isSuspiciousAccount": false, "layout": "classic", "withImages": true, "withVideos": false, "media": [{"url": "https://megapx-assets.dcard.tw/images/d55028cc-287c-45d2-ab92-b5d63f6c1e6f/1280.jpeg"}], "reportReasonText": "", "postAvatar": ""}]