[{"id": 233006062, "title": "男生不用整形也能讓顏值翻倍的小撇步", "excerpt": "這篇不完全講穿搭，不過跟整體打扮有關，所以還是po在這邊。先說自己雖然不是什麼大帥哥，不過還是想來分享幾個撇步，起碼能讓每位男生看起來都是人們口中”乾乾淨淨“的樣子。文章有點長，想變帥就看下去吧XD，", "anonymousSchool": false, "anonymousDepartment": false, "pinned": false, "forumId": "be1a095b-175e-4523-9e06-66a05d939676", "replyId": null, "createdAt": "2020-02-03T04:19:14.226Z", "updatedAt": "2020-02-03T04:23:39.635Z", "commentCount": 65, "likeCount": 1629, "withNickname": true, "tags": [], "topics": ["男生保養", "男生穿搭", "男生髮型", "眼鏡"], "meta": {"layout": "classic"}, "forumName": "穿搭", "forumAlias": "dressup", "gender": "M", "school": "Eric", "department": "eric7786", "replyTitle": null, "mediaMeta": [{"id": "2eb38269-b416-4edc-af55-4e0ab29c1f13", "url": "https://i.imgur.com/KUPFtEkl.jpg", "normalizedUrl": "https://i.imgur.com/KUPFtEkl.jpg", "thumbnail": "https://i.imgur.com/KUPFtEkl.jpg", "type": "image/thumbnail", "tags": ["ANNOTATED"], "createdAt": "2020-02-03T04:19:14.226Z", "updatedAt": "2020-02-03T04:23:39.635Z"}, {"id": "2eb38269-b416-4edc-af55-4e0ab29c1f13", "url": "http://i.imgur.com/KUPFtEk.jpg", "normalizedUrl": "https://imgur.com/KUPFtEk", "thumbnail": "https://i.imgur.com/KUPFtEkl.jpg", "type": "image/imgur", "tags": ["ANNOTATED"], "createdAt": "2020-02-03T04:19:14.226Z", "updatedAt": "2020-02-03T04:23:39.635Z"}, {"id": "7666e1de-c31e-4524-977d-3afeffc58fd8", "url": "http://i.imgur.com/AzmzeiL.jpg", "normalizedUrl": "https://imgur.com/AzmzeiL", "thumbnail": "https://i.imgur.com/AzmzeiLl.jpg", "type": "image/imgur", "tags": ["ANNOTATED"], "createdAt": "2020-02-03T04:19:14.226Z", "updatedAt": "2020-02-03T04:23:39.635Z"}, {"id": "280ce28a-949b-4375-a623-2d2b3a2c2014", "url": "https://youtu.be/G-hSyQOZHTI", "normalizedUrl": "https://www.youtube.com/watch?v=G-hSyQOZHTI", "thumbnail": "https://img.youtube.com/vi/G-hSyQOZHTI/hqdefault.jpg", "type": "video/youtube", "tags": ["ANNOTATED"], "createdAt": "2020-02-03T04:19:14.226Z", "updatedAt": "2020-02-03T04:23:39.635Z"}, {"id": "5535aa66-7158-4df0-9bb4-839aec625abb", "url": "http://i.imgur.com/F0c1XSo.jpg", "normalizedUrl": "https://imgur.com/F0c1XSo", "thumbnail": "https://i.imgur.com/F0c1XSol.jpg", "type": "image/imgur", "tags": ["ANNOTATED"], "createdAt": "2020-02-03T04:19:14.226Z", "updatedAt": "2020-02-03T04:23:39.635Z"}, {"id": "9f142980-6264-434b-938a-422fd7befee7", "url": "http://i.imgur.com/9K0ZgtO.png", "normalizedUrl": "https://imgur.com/9K0ZgtO", "thumbnail": "https://i.imgur.com/9K0ZgtOl.jpg", "type": "image/imgur", "tags": ["ANNOTATED"], "createdAt": "2020-02-03T04:19:14.226Z", "updatedAt": "2020-02-03T04:23:39.635Z"}, {"id": "7bdaf339-4c02-4fb5-9624-16625b99e21b", "url": "http://i.imgur.com/xx6BM2F.jpg", "normalizedUrl": "https://imgur.com/xx6BM2F", "thumbnail": "https://i.imgur.com/xx6BM2Fl.jpg", "type": "image/imgur", "tags": ["ANNOTATED"], "createdAt": "2020-02-03T04:19:14.226Z", "updatedAt": "2020-02-03T04:23:39.635Z"}, {"id": "1fb5055f-eff0-4563-8c9c-b8d55470d861", "url": "http://i.imgur.com/fVWUqL3.jpg", "normalizedUrl": "https://imgur.com/fVWUqL3", "thumbnail": "https://i.imgur.com/fVWUqL3l.jpg", "type": "image/imgur", "tags": ["ANNOTATED"], "createdAt": "2020-02-03T04:19:14.226Z", "updatedAt": "2020-02-03T04:23:39.635Z"}, {"id": "c79f8877-d6bb-427e-88c9-725cfb4d52a5", "url": "http://i.imgur.com/aM0yE0N.jpg", "normalizedUrl": "https://imgur.com/aM0yE0N", "thumbnail": "https://i.imgur.com/aM0yE0Nl.jpg", "type": "image/imgur", "tags": ["ANNOTATED"], "createdAt": "2020-02-03T04:19:14.226Z", "updatedAt": "2020-02-03T04:23:39.635Z"}, {"id": "49b24ee1-413d-4d05-b9ca-5c6524601394", "url": "http://i.imgur.com/zZBUDBf.jpg", "normalizedUrl": "https://imgur.com/zZBUDBf", "thumbnail": "https://i.imgur.com/zZBUDBfl.jpg", "type": "image/imgur", "tags": ["ANNOTATED"], "createdAt": "2020-02-03T04:19:14.226Z", "updatedAt": "2020-02-03T04:23:39.635Z"}, {"id": "b55e3c35-c0e9-4cab-8164-01d1472ea316", "url": "http://i.imgur.com/EdMOYw0.jpg", "normalizedUrl": "https://imgur.com/EdMOYw0", "thumbnail": "https://i.imgur.com/EdMOYw0l.jpg", "type": "image/imgur", "tags": ["ANNOTATED"], "createdAt": "2020-02-03T04:19:14.226Z", "updatedAt": "2020-02-03T04:23:39.635Z"}, {"id": "132cf7a6-1815-4ea7-aa91-07ac11ba78ac", "url": "http://i.imgur.com/g0QFr1G.png", "normalizedUrl": "https://imgur.com/g0QFr1G", "thumbnail": "https://i.imgur.com/g0QFr1Gl.jpg", "type": "image/imgur", "tags": ["ANNOTATED"], "createdAt": "2020-02-03T04:19:14.226Z", "updatedAt": "2020-02-03T04:23:39.635Z"}, {"id": "2cfb5e4b-053f-4090-8ee1-432cb379f5cd", "url": "http://i.imgur.com/G3bmJdP.png", "normalizedUrl": "https://imgur.com/G3bmJdP", "thumbnail": "https://i.imgur.com/G3bmJdPl.jpg", "type": "image/imgur", "tags": ["ANNOTATED"], "createdAt": "2020-02-03T04:19:14.226Z", "updatedAt": "2020-02-03T04:23:39.635Z"}], "reactions": [{"id": "286f599c-f86a-4932-82f0-f5a06f1eca03", "count": 1615}, {"id": "011ead16-9b83-4729-9fde-c588920c6c2d", "count": 13}, {"id": "e8e6bc5d-41b0-4129-b134-97507523d7ff", "count": 1}], "hidden": false, "customStyle": null, "isSuspiciousAccount": false, "layout": "classic", "withImages": true, "withVideos": false, "media": [{"url": "http://i.imgur.com/KUPFtEk.jpg"}, {"url": "http://i.imgur.com/AzmzeiL.jpg"}, {"url": "http://i.imgur.com/F0c1XSo.jpg"}, {"url": "http://i.imgur.com/9K0ZgtO.png"}, {"url": "http://i.imgur.com/xx6BM2F.jpg"}, {"url": "http://i.imgur.com/fVWUqL3.jpg"}, {"url": "http://i.imgur.com/aM0yE0N.jpg"}, {"url": "http://i.imgur.com/zZBUDBf.jpg"}, {"url": "http://i.imgur.com/EdMOYw0.jpg"}, {"url": "http://i.imgur.com/g0QFr1G.png"}, {"url": "http://i.imgur.com/G3bmJdP.png"}], "reportReasonText": "", "postAvatar": ""}, {"id": 233008818, "title": "未來老師ㄉ溫良恭儉讓穿搭", "excerpt": "標題開玩笑的 我沒有誤人子弟的打算，我唸某師大 最怕大家問我兩個問題，1.你唸師大要當老師嗎？2.啊你們系在唸什麼？（區域研究ㄉ某小系，兩題答案都是：^_^，這個標題只是因為我取名無能，這邊附上身高：", "anonymousSchool": false, "anonymousDepartment": false, "pinned": false, "forumId": "be1a095b-175e-4523-9e06-66a05d939676", "replyId": null, "createdAt": "2020-02-03T12:01:39.059Z", "updatedAt": "2020-02-03T15:40:33.499Z", "commentCount": 52, "likeCount": 767, "withNickname": true, "tags": [], "topics": ["穿搭", "襯衫", "復古風", "馬丁", "日常穿搭"], "meta": {"layout": "classic"}, "forumName": "穿搭", "forumAlias": "dressup", "gender": "F", "school": "你他我", "department": "nitawooo", "replyTitle": null, "mediaMeta": [{"id": "5424ab55-8ef1-448f-9420-49f0f2eaed36", "url": "https://megapx-assets.dcard.tw/images/03e4959a-e0d7-4530-8e9a-0b925e406a53/640.jpeg", "normalizedUrl": "https://megapx-assets.dcard.tw/images/03e4959a-e0d7-4530-8e9a-0b925e406a53/640.jpeg", "thumbnail": "https://megapx-assets.dcard.tw/images/03e4959a-e0d7-4530-8e9a-0b925e406a53/640.jpeg", "type": "image/thumbnail", "tags": ["ANNOTATED"], "createdAt": "2020-02-03T12:01:39.059Z", "updatedAt": "2020-02-03T15:40:33.499Z", "width": 531, "height": 640}, {"id": "5424ab55-8ef1-448f-9420-49f0f2eaed36", "url": "https://megapx-assets.dcard.tw/images/03e4959a-e0d7-4530-8e9a-0b925e406a53/1280.jpeg", "normalizedUrl": "https://megapx.dcard.tw/v1/images/03e4959a-e0d7-4530-8e9a-0b925e406a53", "thumbnail": "https://megapx-assets.dcard.tw/images/03e4959a-e0d7-4530-8e9a-0b925e406a53/640.jpeg", "type": "image/megapx", "tags": ["ANNOTATED"], "createdAt": "2020-02-03T12:01:39.059Z", "updatedAt": "2020-02-03T15:40:33.499Z", "width": 1659, "height": 2000}, {"id": "43444b30-fffd-4917-9b88-3fa82225a61c", "url": "https://megapx-assets.dcard.tw/images/6035225c-7731-4901-b279-050d55b9322c/1280.jpeg", "normalizedUrl": "https://megapx.dcard.tw/v1/images/6035225c-7731-4901-b279-050d55b9322c", "thumbnail": "https://megapx-assets.dcard.tw/images/6035225c-7731-4901-b279-050d55b9322c/640.jpeg", "type": "image/megapx", "tags": ["ANNOTATED"], "createdAt": "2020-02-03T12:01:39.059Z", "updatedAt": "2020-02-03T15:40:33.499Z", "width": 1709, "height": 2000}, {"id": "801af01c-7763-436a-90cd-23b31d397ace", "url": "https://megapx-assets.dcard.tw/images/67d535b9-b80b-4ada-b83f-87618a34ae96/full.jpeg", "normalizedUrl": "https://megapx.dcard.tw/v1/images/67d535b9-b80b-4ada-b83f-87618a34ae96", "thumbnail": "https://megapx-assets.dcard.tw/images/67d535b9-b80b-4ada-b83f-87618a34ae96/640.jpeg", "type": "image/megapx", "tags": ["ANNOTATED"], "createdAt": "2020-02-03T12:01:39.059Z", "updatedAt": "2020-02-03T15:40:33.499Z", "width": 765, "height": 1124}, {"id": "ccfff2de-423e-4e23-ba88-9b087f263662", "url": "https://megapx-assets.dcard.tw/images/773b52c8-ce89-470e-9b23-1419feff7dd2/1280.jpeg", "normalizedUrl": "https://megapx.dcard.tw/v1/images/773b52c8-ce89-470e-9b23-1419feff7dd2", "thumbnail": "https://megapx-assets.dcard.tw/images/773b52c8-ce89-470e-9b23-1419feff7dd2/640.jpeg", "type": "image/megapx", "tags": ["ANNOTATED"], "createdAt": "2020-02-03T12:01:39.059Z", "updatedAt": "2020-02-03T15:40:33.499Z", "width": 1125, "height": 2001}, {"id": "fbd8f5c1-f9c4-439c-ab53-c984726be176", "url": "https://megapx-assets.dcard.tw/images/f721b1d5-1bf5-4255-af5a-8bd890a70210/1280.jpeg", "normalizedUrl": "https://megapx.dcard.tw/v1/images/f721b1d5-1bf5-4255-af5a-8bd890a70210", "thumbnail": "https://megapx-assets.dcard.tw/images/f721b1d5-1bf5-4255-af5a-8bd890a70210/640.jpeg", "type": "image/megapx", "tags": ["ANNOTATED"], "createdAt": "2020-02-03T12:01:39.059Z", "updatedAt": "2020-02-03T15:40:33.499Z", "width": 1440, "height": 1440}, {"id": "d5590216-28e3-4fe4-84e1-3e0c64d42a80", "url": "https://megapx-assets.dcard.tw/images/0319ec6f-9ab1-4262-a9dc-7b9d9390b578/1280.jpeg", "normalizedUrl": "https://megapx.dcard.tw/v1/images/0319ec6f-9ab1-4262-a9dc-7b9d9390b578", "thumbnail": "https://megapx-assets.dcard.tw/images/0319ec6f-9ab1-4262-a9dc-7b9d9390b578/640.jpeg", "type": "image/megapx", "tags": ["ANNOTATED"], "createdAt": "2020-02-03T12:01:39.059Z", "updatedAt": "2020-02-03T15:40:33.499Z", "width": 1600, "height": 2000}, {"id": "576ed63d-553c-4993-8310-0abce5f9c87b", "url": "https://megapx-assets.dcard.tw/images/bd684475-906d-41e9-a20d-b9a646284352/1280.jpeg", "normalizedUrl": "https://megapx.dcard.tw/v1/images/bd684475-906d-41e9-a20d-b9a646284352", "thumbnail": "https://megapx-assets.dcard.tw/images/bd684475-906d-41e9-a20d-b9a646284352/640.jpeg", "type": "image/megapx", "tags": ["ANNOTATED"], "createdAt": "2020-02-03T12:01:39.059Z", "updatedAt": "2020-02-03T15:40:33.499Z", "width": 1470, "height": 2000}, {"id": "253b3a17-9b57-47ae-ad9d-1ad32aa4a8b4", "url": "https://megapx-assets.dcard.tw/images/2c6e88c2-0808-4fb7-8514-7f1c6beedd3a/1280.jpeg", "normalizedUrl": "https://megapx.dcard.tw/v1/images/2c6e88c2-0808-4fb7-8514-7f1c6beedd3a", "thumbnail": "https://megapx-assets.dcard.tw/images/2c6e88c2-0808-4fb7-8514-7f1c6beedd3a/640.jpeg", "type": "image/megapx", "tags": ["ANNOTATED"], "createdAt": "2020-02-03T12:01:39.059Z", "updatedAt": "2020-02-03T15:40:33.499Z", "width": 1434, "height": 2000}], "reactions": [{"id": "286f599c-f86a-4932-82f0-f5a06f1eca03", "count": 764}, {"id": "011ead16-9b83-4729-9fde-c588920c6c2d", "count": 2}, {"id": "e8e6bc5d-41b0-4129-b134-97507523d7ff", "count": 1}], "hidden": false, "customStyle": null, "isSuspiciousAccount": false, "layout": "classic", "withImages": true, "withVideos": false, "media": [{"url": "https://megapx-assets.dcard.tw/images/03e4959a-e0d7-4530-8e9a-0b925e406a53/1280.jpeg"}, {"url": "https://megapx-assets.dcard.tw/images/6035225c-7731-4901-b279-050d55b9322c/1280.jpeg"}, {"url": "https://megapx-assets.dcard.tw/images/67d535b9-b80b-4ada-b83f-87618a34ae96/full.jpeg"}, {"url": "https://megapx-assets.dcard.tw/images/773b52c8-ce89-470e-9b23-1419feff7dd2/1280.jpeg"}, {"url": "https://megapx-assets.dcard.tw/images/f721b1d5-1bf5-4255-af5a-8bd890a70210/1280.jpeg"}, {"url": "https://megapx-assets.dcard.tw/images/0319ec6f-9ab1-4262-a9dc-7b9d9390b578/1280.jpeg"}, {"url": "https://megapx-assets.dcard.tw/images/bd684475-906d-41e9-a20d-b9a646284352/1280.jpeg"}, {"url": "https://megapx-assets.dcard.tw/images/2c6e88c2-0808-4fb7-8514-7f1c6beedd3a/1280.jpeg"}], "reportReasonText": "", "postAvatar": ""}, {"id": 233006983, "title": "日系穿搭", "excerpt": "曾幾何時，日系穿搭是我最喜歡的生活態度，不追求身材線條，更講求堆疊/多層式搭配成溫柔路線", "anonymousSchool": false, "anonymousDepartment": true, "pinned": false, "forumId": "be1a095b-175e-4523-9e06-66a05d939676", "replyId": null, "createdAt": "2020-02-03T07:45:52.085Z", "updatedAt": "2020-02-03T08:19:27.906Z", "commentCount": 20, "likeCount": 105, "withNickname": false, "tags": [], "topics": ["穿搭", "日系", "溫柔"], "meta": {"layout": "classic"}, "forumName": "穿搭", "forumAlias": "dressup", "gender": "F", "school": "實踐大學", "replyTitle": null, "mediaMeta": [{"id": "7eb60b03-a8d6-45ce-aacc-d47ffe883029", "url": "https://megapx-assets.dcard.tw/images/93749a63-f0a7-4a71-87f2-cb162d74dab4/640.jpeg", "normalizedUrl": "https://megapx-assets.dcard.tw/images/93749a63-f0a7-4a71-87f2-cb162d74dab4/640.jpeg", "thumbnail": "https://megapx-assets.dcard.tw/images/93749a63-f0a7-4a71-87f2-cb162d74dab4/640.jpeg", "type": "image/thumbnail", "tags": ["ANNOTATED"], "createdAt": "2020-02-03T07:45:52.085Z", "updatedAt": "2020-02-03T08:19:27.906Z", "width": 480, "height": 640}, {"id": "7eb60b03-a8d6-45ce-aacc-d47ffe883029", "url": "https://megapx-assets.dcard.tw/images/93749a63-f0a7-4a71-87f2-cb162d74dab4/1280.jpeg", "normalizedUrl": "https://megapx.dcard.tw/v1/images/93749a63-f0a7-4a71-87f2-cb162d74dab4", "thumbnail": "https://megapx-assets.dcard.tw/images/93749a63-f0a7-4a71-87f2-cb162d74dab4/640.jpeg", "type": "image/megapx", "tags": ["ANNOTATED"], "createdAt": "2020-02-03T07:45:52.085Z", "updatedAt": "2020-02-03T08:19:27.906Z", "width": 1108, "height": 1478}, {"id": "41f15614-6e2d-4e64-9b7e-470e91f60996", "url": "https://megapx-assets.dcard.tw/images/6bcc9dad-2012-4318-bef9-dd543cd55a7d/1280.jpeg", "normalizedUrl": "https://megapx.dcard.tw/v1/images/6bcc9dad-2012-4318-bef9-dd543cd55a7d", "thumbnail": "https://megapx-assets.dcard.tw/images/6bcc9dad-2012-4318-bef9-dd543cd55a7d/640.jpeg", "type": "image/megapx", "tags": ["ANNOTATED"], "createdAt": "2020-02-03T07:45:52.085Z", "updatedAt": "2020-02-03T08:19:27.906Z", "width": 1666, "height": 2000}, {"id": "71ace871-200b-4c0e-af06-a7836e1536ca", "url": "https://megapx-assets.dcard.tw/images/e72503c2-9b1a-4639-9ab2-5f07d9755d3e/1280.jpeg", "normalizedUrl": "https://megapx.dcard.tw/v1/images/e72503c2-9b1a-4639-9ab2-5f07d9755d3e", "thumbnail": "https://megapx-assets.dcard.tw/images/e72503c2-9b1a-4639-9ab2-5f07d9755d3e/640.jpeg", "type": "image/megapx", "tags": ["ANNOTATED"], "createdAt": "2020-02-03T07:45:52.085Z", "updatedAt": "2020-02-03T08:19:27.906Z", "width": 1666, "height": 2000}, {"id": "5ed15bec-a8be-4d8b-acdb-4837d9ed8c62", "url": "https://megapx-assets.dcard.tw/images/dd24d27b-016b-41c9-816d-82de957e9eb6/1280.jpeg", "normalizedUrl": "https://megapx.dcard.tw/v1/images/dd24d27b-016b-41c9-816d-82de957e9eb6", "thumbnail": "https://megapx-assets.dcard.tw/images/dd24d27b-016b-41c9-816d-82de957e9eb6/640.jpeg", "type": "image/megapx", "tags": ["ANNOTATED"], "createdAt": "2020-02-03T07:45:52.085Z", "updatedAt": "2020-02-03T08:19:27.906Z", "width": 1666, "height": 2000}, {"id": "a27e3db5-014f-4805-a591-7a875e00d2a0", "url": "https://megapx-assets.dcard.tw/images/fc9ad23c-7b67-4057-b095-aef8f31c240c/1280.jpeg", "normalizedUrl": "https://megapx.dcard.tw/v1/images/fc9ad23c-7b67-4057-b095-aef8f31c240c", "thumbnail": "https://megapx-assets.dcard.tw/images/fc9ad23c-7b67-4057-b095-aef8f31c240c/640.jpeg", "type": "image/megapx", "tags": ["ANNOTATED"], "createdAt": "2020-02-03T07:45:52.085Z", "updatedAt": "2020-02-03T08:19:27.906Z", "width": 1666, "height": 2000}], "reactions": [{"id": "286f599c-f86a-4932-82f0-f5a06f1eca03", "count": 105}], "hidden": false, "customStyle": null, "isSuspiciousAccount": false, "layout": "classic", "withImages": true, "withVideos": false, "media": [{"url": "https://megapx-assets.dcard.tw/images/93749a63-f0a7-4a71-87f2-cb162d74dab4/1280.jpeg"}, {"url": "https://megapx-assets.dcard.tw/images/6bcc9dad-2012-4318-bef9-dd543cd55a7d/1280.jpeg"}, {"url": "https://megapx-assets.dcard.tw/images/e72503c2-9b1a-4639-9ab2-5f07d9755d3e/1280.jpeg"}, {"url": "https://megapx-assets.dcard.tw/images/dd24d27b-016b-41c9-816d-82de957e9eb6/1280.jpeg"}, {"url": "https://megapx-assets.dcard.tw/images/fc9ad23c-7b67-4057-b095-aef8f31c240c/1280.jpeg"}], "reportReasonText": "", "postAvatar": ""}, {"id": 233011559, "title": "日系OOTD ❤︎", "excerpt": "（以下穿搭裙子居多～），第一套，洋裝：natural couture，鞋子：蝦皮，包：2way，第二套，洋裝：natural couture，第三套，針織外套：majestic legon，帽子：CA", "anonymousSchool": false, "anonymousDepartment": true, "pinned": false, "forumId": "be1a095b-175e-4523-9e06-66a05d939676", "replyId": null, "createdAt": "2020-02-03T18:13:38.672Z", "updatedAt": "2020-02-03T18:13:38.672Z", "commentCount": 2, "likeCount": 31, "withNickname": false, "tags": [], "topics": ["日系穿搭"], "meta": {"layout": "classic"}, "forumName": "穿搭", "forumAlias": "dressup", "gender": "F", "school": "中華醫事科技大學", "replyTitle": null, "mediaMeta": [{"id": "3724cde7-6024-4534-9436-3f0394010f62", "url": "https://megapx-assets.dcard.tw/images/75e81827-4195-4ad8-aa98-0e6092cc3628/640.jpeg", "normalizedUrl": "https://megapx-assets.dcard.tw/images/75e81827-4195-4ad8-aa98-0e6092cc3628/640.jpeg", "thumbnail": "https://megapx-assets.dcard.tw/images/75e81827-4195-4ad8-aa98-0e6092cc3628/640.jpeg", "type": "image/thumbnail", "tags": [], "createdAt": "2020-02-03T18:13:38.672Z", "updatedAt": "2020-02-03T18:13:38.672Z", "width": 512, "height": 640}, {"id": "3724cde7-6024-4534-9436-3f0394010f62", "url": "https://megapx-assets.dcard.tw/images/75e81827-4195-4ad8-aa98-0e6092cc3628/1280.jpeg", "normalizedUrl": "https://megapx.dcard.tw/v1/images/75e81827-4195-4ad8-aa98-0e6092cc3628", "thumbnail": "https://megapx-assets.dcard.tw/images/75e81827-4195-4ad8-aa98-0e6092cc3628/640.jpeg", "type": "image/megapx", "tags": [], "createdAt": "2020-02-03T18:13:38.672Z", "updatedAt": "2020-02-03T18:13:38.672Z", "width": 1440, "height": 1800}, {"id": "34b6d193-32f5-49b6-8604-93f56c3b3963", "url": "https://megapx-assets.dcard.tw/images/a7b9e040-cb71-460f-82df-e1232674bf30/full.jpeg", "normalizedUrl": "https://megapx.dcard.tw/v1/images/a7b9e040-cb71-460f-82df-e1232674bf30", "thumbnail": "https://megapx-assets.dcard.tw/images/a7b9e040-cb71-460f-82df-e1232674bf30/640.jpeg", "type": "image/megapx", "tags": [], "createdAt": "2020-02-03T18:13:38.672Z", "updatedAt": "2020-02-03T18:13:38.672Z", "width": 900, "height": 900}, {"id": "ca0435b6-c987-44f6-948c-3dc6452a8ac0", "url": "https://megapx-assets.dcard.tw/images/6e68b187-e7c5-47ed-87bb-5f884ebc62f0/full.jpeg", "normalizedUrl": "https://megapx.dcard.tw/v1/images/6e68b187-e7c5-47ed-87bb-5f884ebc62f0", "thumbnail": "https://megapx-assets.dcard.tw/images/6e68b187-e7c5-47ed-87bb-5f884ebc62f0/640.jpeg", "type": "image/megapx", "tags": [], "createdAt": "2020-02-03T18:13:38.672Z", "updatedAt": "2020-02-03T18:13:38.672Z", "width": 1242, "height": 1242}, {"id": "7d94b7cd-c730-4e99-8302-7cb9eb3e33d9", "url": "https://megapx-assets.dcard.tw/images/9356f715-ca11-4111-8a6e-44f9f6b984b2/full.jpeg", "normalizedUrl": "https://megapx.dcard.tw/v1/images/9356f715-ca11-4111-8a6e-44f9f6b984b2", "thumbnail": "https://megapx-assets.dcard.tw/images/9356f715-ca11-4111-8a6e-44f9f6b984b2/640.jpeg", "type": "image/megapx", "tags": [], "createdAt": "2020-02-03T18:13:38.672Z", "updatedAt": "2020-02-03T18:13:38.672Z", "width": 1242, "height": 1242}, {"id": "cecb7157-39cc-4ad0-adb0-ec5916e5a7bc", "url": "https://megapx-assets.dcard.tw/images/b834a024-c6df-47c5-8005-c2ad9faa883d/1280.jpeg", "normalizedUrl": "https://megapx.dcard.tw/v1/images/b834a024-c6df-47c5-8005-c2ad9faa883d", "thumbnail": "https://megapx-assets.dcard.tw/images/b834a024-c6df-47c5-8005-c2ad9faa883d/640.jpeg", "type": "image/megapx", "tags": [], "createdAt": "2020-02-03T18:13:38.672Z", "updatedAt": "2020-02-03T18:13:38.672Z", "width": 1242, "height": 1546}, {"id": "31d4874e-0d93-431b-9df9-0d1199d105ef", "url": "https://megapx-assets.dcard.tw/images/cd7c8b6e-eaa8-486f-ab9f-3d91874c54ac/1280.jpeg", "normalizedUrl": "https://megapx.dcard.tw/v1/images/cd7c8b6e-eaa8-486f-ab9f-3d91874c54ac", "thumbnail": "https://megapx-assets.dcard.tw/images/cd7c8b6e-eaa8-486f-ab9f-3d91874c54ac/640.jpeg", "type": "image/megapx", "tags": [], "createdAt": "2020-02-03T18:13:38.672Z", "updatedAt": "2020-02-03T18:13:38.672Z", "width": 1167, "height": 1548}], "reactions": [{"id": "286f599c-f86a-4932-82f0-f5a06f1eca03", "count": 31}], "hidden": false, "customStyle": null, "isSuspiciousAccount": false, "layout": "classic", "withImages": true, "withVideos": false, "media": [{"url": "https://megapx-assets.dcard.tw/images/75e81827-4195-4ad8-aa98-0e6092cc3628/1280.jpeg"}, {"url": "https://megapx-assets.dcard.tw/images/a7b9e040-cb71-460f-82df-e1232674bf30/full.jpeg"}, {"url": "https://megapx-assets.dcard.tw/images/6e68b187-e7c5-47ed-87bb-5f884ebc62f0/full.jpeg"}, {"url": "https://megapx-assets.dcard.tw/images/9356f715-ca11-4111-8a6e-44f9f6b984b2/full.jpeg"}, {"url": "https://megapx-assets.dcard.tw/images/b834a024-c6df-47c5-8005-c2ad9faa883d/1280.jpeg"}, {"url": "https://megapx-assets.dcard.tw/images/cd7c8b6e-eaa8-486f-ab9f-3d91874c54ac/1280.jpeg"}], "reportReasonText": "", "postAvatar": ""}, {"id": 233006260, "title": "這件毛衣適合我嗎...？", "excerpt": "小弟只有164cm，而這一件毛衣的size已經最小的S號了，但標籤上建議170cm的人穿QQ，我是蠻喜歡這件的，但怕看起來會有小朋友穿大人衣服的感覺，腳的部分因為穿拖鞋所以遮住", "anonymousSchool": false, "anonymousDepartment": true, "pinned": false, "forumId": "be1a095b-175e-4523-9e06-66a05d939676", "replyId": null, "createdAt": "2020-02-03T05:04:33.888Z", "updatedAt": "2020-02-03T05:04:33.888Z", "commentCount": 18, "likeCount": 25, "withNickname": false, "tags": [], "topics": ["毛衣", "穿搭", "日常穿搭", "男生穿搭", "矮個子"], "meta": {"layout": "classic"}, "forumName": "穿搭", "forumAlias": "dressup", "gender": "M", "school": "國立金門大學", "replyTitle": null, "mediaMeta": [{"id": "6e913956-317d-4a55-b83c-1e1b2a41f45b", "url": "https://megapx-assets.dcard.tw/images/273f43a3-0565-4f15-972d-c8a6f6bd90ef/640.jpeg", "normalizedUrl": "https://megapx-assets.dcard.tw/images/273f43a3-0565-4f15-972d-c8a6f6bd90ef/640.jpeg", "thumbnail": "https://megapx-assets.dcard.tw/images/273f43a3-0565-4f15-972d-c8a6f6bd90ef/640.jpeg", "type": "image/thumbnail", "tags": ["ANNOTATED"], "createdAt": "2020-02-03T05:04:33.888Z", "updatedAt": "2020-02-03T05:04:33.888Z", "width": 384, "height": 640}, {"id": "6e913956-317d-4a55-b83c-1e1b2a41f45b", "url": "https://megapx-assets.dcard.tw/images/273f43a3-0565-4f15-972d-c8a6f6bd90ef/1280.jpeg", "normalizedUrl": "https://megapx.dcard.tw/v1/images/273f43a3-0565-4f15-972d-c8a6f6bd90ef", "thumbnail": "https://megapx-assets.dcard.tw/images/273f43a3-0565-4f15-972d-c8a6f6bd90ef/640.jpeg", "type": "image/megapx", "tags": ["ANNOTATED"], "createdAt": "2020-02-03T05:04:33.888Z", "updatedAt": "2020-02-03T05:04:33.888Z", "width": 1199, "height": 2000}], "reactions": [{"id": "286f599c-f86a-4932-82f0-f5a06f1eca03", "count": 24}, {"id": "e8e6bc5d-41b0-4129-b134-97507523d7ff", "count": 1}], "hidden": false, "customStyle": null, "isSuspiciousAccount": false, "layout": "classic", "withImages": true, "withVideos": false, "media": [{"url": "https://megapx-assets.dcard.tw/images/273f43a3-0565-4f15-972d-c8a6f6bd90ef/1280.jpeg"}], "reportReasonText": "", "postAvatar": ""}, {"id": 233009011, "title": "讓男友不爽的復古外套", "excerpt": "最近想說復古外套很流行就首次買了一件穿，但每次穿這件出去男友就一直唸幹嘛穿那麼男性化的外套，真的每穿必唸，想問復古外套真的很醜嗎？本來想說慢慢改個風格（因為我的身高很高 想說中性風應該很適合我QWQ）", "anonymousSchool": false, "anonymousDepartment": true, "pinned": false, "forumId": "be1a095b-175e-4523-9e06-66a05d939676", "replyId": null, "createdAt": "2020-02-03T12:33:07.772Z", "updatedAt": "2020-02-03T12:33:07.772Z", "commentCount": 18, "likeCount": 19, "withNickname": false, "tags": [], "topics": ["男友", "外套", "復古風"], "meta": {"layout": "classic"}, "forumName": "穿搭", "forumAlias": "dressup", "gender": "F", "school": "國立中興大學", "replyTitle": null, "mediaMeta": [{"id": "8805452c-ec03-4f57-ae6f-312226e61dec", "url": "https://megapx-assets.dcard.tw/images/319aebec-55c7-485d-a3a8-709c1b8bbd8c/640.jpeg", "normalizedUrl": "https://megapx-assets.dcard.tw/images/319aebec-55c7-485d-a3a8-709c1b8bbd8c/640.jpeg", "thumbnail": "https://megapx-assets.dcard.tw/images/319aebec-55c7-485d-a3a8-709c1b8bbd8c/640.jpeg", "type": "image/thumbnail", "tags": [], "createdAt": "2020-02-03T12:33:07.772Z", "updatedAt": "2020-02-03T12:33:07.772Z", "width": 640, "height": 543}, {"id": "8805452c-ec03-4f57-ae6f-312226e61dec", "url": "https://megapx-assets.dcard.tw/images/319aebec-55c7-485d-a3a8-709c1b8bbd8c/1280.jpeg", "normalizedUrl": "https://megapx.dcard.tw/v1/images/319aebec-55c7-485d-a3a8-709c1b8bbd8c", "thumbnail": "https://megapx-assets.dcard.tw/images/319aebec-55c7-485d-a3a8-709c1b8bbd8c/640.jpeg", "type": "image/megapx", "tags": [], "createdAt": "2020-02-03T12:33:07.772Z", "updatedAt": "2020-02-03T12:33:07.772Z", "width": 2001, "height": 1697}, {"id": "2669b303-08a1-471c-ab8d-ff76c4db7af7", "url": "https://megapx-assets.dcard.tw/images/f9422578-2cfd-4efb-bcf4-10ab6cbfc890/1280.jpeg", "normalizedUrl": "https://megapx.dcard.tw/v1/images/f9422578-2cfd-4efb-bcf4-10ab6cbfc890", "thumbnail": "https://megapx-assets.dcard.tw/images/f9422578-2cfd-4efb-bcf4-10ab6cbfc890/640.jpeg", "type": "image/megapx", "tags": [], "createdAt": "2020-02-03T12:33:07.772Z", "updatedAt": "2020-02-03T12:33:07.772Z", "width": 1222, "height": 2000}, {"id": "4834657a-cc77-49d0-b164-c5fb8d54951a", "url": "https://megapx-assets.dcard.tw/images/36665ab2-f71d-4af2-81d7-1c7198e73df8/1280.jpeg", "normalizedUrl": "https://megapx.dcard.tw/v1/images/36665ab2-f71d-4af2-81d7-1c7198e73df8", "thumbnail": "https://megapx-assets.dcard.tw/images/36665ab2-f71d-4af2-81d7-1c7198e73df8/640.jpeg", "type": "image/megapx", "tags": [], "createdAt": "2020-02-03T12:33:07.772Z", "updatedAt": "2020-02-03T12:33:07.772Z", "width": 1125, "height": 2000}, {"id": "0de5cbe7-e299-4365-96d2-252afe5151c6", "url": "https://megapx-assets.dcard.tw/images/c3499dbe-06c8-41cf-a00a-22058aac7ee5/1280.jpeg", "normalizedUrl": "https://megapx.dcard.tw/v1/images/c3499dbe-06c8-41cf-a00a-22058aac7ee5", "thumbnail": "https://megapx-assets.dcard.tw/images/c3499dbe-06c8-41cf-a00a-22058aac7ee5/640.jpeg", "type": "image/megapx", "tags": [], "createdAt": "2020-02-03T12:33:07.772Z", "updatedAt": "2020-02-03T12:33:07.772Z", "width": 1125, "height": 2000}, {"id": "9901533e-3771-4ac5-9ee6-17912aca32ba", "url": "https://megapx-assets.dcard.tw/images/343c33c3-e0c7-4c9f-ae37-d5a73fdeaefa/1280.jpeg", "normalizedUrl": "https://megapx.dcard.tw/v1/images/343c33c3-e0c7-4c9f-ae37-d5a73fdeaefa", "thumbnail": "https://megapx-assets.dcard.tw/images/343c33c3-e0c7-4c9f-ae37-d5a73fdeaefa/640.jpeg", "type": "image/megapx", "tags": [], "createdAt": "2020-02-03T12:33:07.772Z", "updatedAt": "2020-02-03T12:33:07.772Z", "width": 1125, "height": 2000}], "reactions": [{"id": "286f599c-f86a-4932-82f0-f5a06f1eca03", "count": 18}, {"id": "aa0d425f-d530-4478-9a77-fe3aedc79eea", "count": 1}], "hidden": false, "customStyle": null, "isSuspiciousAccount": false, "layout": "classic", "withImages": true, "withVideos": false, "media": [{"url": "https://megapx-assets.dcard.tw/images/319aebec-55c7-485d-a3a8-709c1b8bbd8c/1280.jpeg"}, {"url": "https://megapx-assets.dcard.tw/images/f9422578-2cfd-4efb-bcf4-10ab6cbfc890/1280.jpeg"}, {"url": "https://megapx-assets.dcard.tw/images/36665ab2-f71d-4af2-81d7-1c7198e73df8/1280.jpeg"}, {"url": "https://megapx-assets.dcard.tw/images/c3499dbe-06c8-41cf-a00a-22058aac7ee5/1280.jpeg"}, {"url": "https://megapx-assets.dcard.tw/images/343c33c3-e0c7-4c9f-ae37-d5a73fdeaefa/1280.jpeg"}], "reportReasonText": "", "postAvatar": ""}, {"id": 233009892, "title": "毛毛外套！！", "excerpt": "請問有人知道這是哪個牌子的毛毛外套嗎（⁎⁍̴̛ᴗ⁍̴̛⁎），去年初就看到一直找不到 這件是有帽子的！！", "anonymousSchool": false, "anonymousDepartment": true, "pinned": false, "forumId": "be1a095b-175e-4523-9e06-66a05d939676", "replyId": null, "createdAt": "2020-02-03T14:33:34.570Z", "updatedAt": "2020-02-03T14:33:34.570Z", "commentCount": 1, "likeCount": 14, "withNickname": false, "tags": [], "topics": ["外套", "穿搭"], "meta": {"layout": "classic"}, "forumName": "穿搭", "forumAlias": "dressup", "gender": "F", "school": "中國文化大學", "replyTitle": null, "mediaMeta": [{"id": "11b17219-d6ec-4705-8cde-5a6d1b6df496", "url": "https://megapx-assets.dcard.tw/images/4e28c96e-896b-4add-bdf9-e2b9ec3ee2be/640.jpeg", "normalizedUrl": "https://megapx-assets.dcard.tw/images/4e28c96e-896b-4add-bdf9-e2b9ec3ee2be/640.jpeg", "thumbnail": "https://megapx-assets.dcard.tw/images/4e28c96e-896b-4add-bdf9-e2b9ec3ee2be/640.jpeg", "type": "image/thumbnail", "tags": ["ANNOTATED"], "createdAt": "2020-02-03T14:33:34.570Z", "updatedAt": "2020-02-03T14:33:34.570Z", "width": 640, "height": 373}, {"id": "11b17219-d6ec-4705-8cde-5a6d1b6df496", "url": "https://megapx-assets.dcard.tw/images/4e28c96e-896b-4add-bdf9-e2b9ec3ee2be/full.jpeg", "normalizedUrl": "https://megapx.dcard.tw/v1/images/4e28c96e-896b-4add-bdf9-e2b9ec3ee2be", "thumbnail": "https://megapx-assets.dcard.tw/images/4e28c96e-896b-4add-bdf9-e2b9ec3ee2be/640.jpeg", "type": "image/megapx", "tags": ["ANNOTATED"], "createdAt": "2020-02-03T14:33:34.570Z", "updatedAt": "2020-02-03T14:33:34.570Z", "width": 929, "height": 541}], "reactions": [{"id": "286f599c-f86a-4932-82f0-f5a06f1eca03", "count": 14}], "hidden": false, "customStyle": null, "isSuspiciousAccount": false, "layout": "classic", "withImages": true, "withVideos": false, "media": [{"url": "https://megapx-assets.dcard.tw/images/4e28c96e-896b-4add-bdf9-e2b9ec3ee2be/full.jpeg"}], "reportReasonText": "", "postAvatar": ""}, {"id": 233007273, "title": "問 衫!!", "excerpt": "認真覺得反骨酷炫的衣服都不錯看，到處都搜尋不到這件是 襯衫 （嗎？請問有人知道在哪裡找得到嗎🤯🤯", "anonymousSchool": false, "anonymousDepartment": true, "pinned": false, "forumId": "be1a095b-175e-4523-9e06-66a05d939676", "replyId": null, "createdAt": "2020-02-03T08:31:38.708Z", "updatedAt": "2020-02-03T08:32:52.708Z", "commentCount": 2, "likeCount": 13, "withNickname": false, "tags": [], "topics": [], "meta": {"layout": "classic"}, "forumName": "穿搭", "forumAlias": "dressup", "gender": "M", "school": "龍華科技大學", "replyTitle": null, "mediaMeta": [{"id": "660671ac-eac6-4d92-a517-6bf5ea62768e", "url": "https://megapx-assets.dcard.tw/images/0b660d52-b5f4-4b04-975a-89241911cfe5/640.jpeg", "normalizedUrl": "https://megapx-assets.dcard.tw/images/0b660d52-b5f4-4b04-975a-89241911cfe5/640.jpeg", "thumbnail": "https://megapx-assets.dcard.tw/images/0b660d52-b5f4-4b04-975a-89241911cfe5/640.jpeg", "type": "image/thumbnail", "tags": ["ANNOTATED"], "createdAt": "2020-02-03T08:31:38.708Z", "updatedAt": "2020-02-03T08:32:52.708Z", "width": 640, "height": 370}, {"id": "660671ac-eac6-4d92-a517-6bf5ea62768e", "url": "https://megapx-assets.dcard.tw/images/0b660d52-b5f4-4b04-975a-89241911cfe5/full.jpeg", "normalizedUrl": "https://megapx.dcard.tw/v1/images/0b660d52-b5f4-4b04-975a-89241911cfe5", "thumbnail": "https://megapx-assets.dcard.tw/images/0b660d52-b5f4-4b04-975a-89241911cfe5/640.jpeg", "type": "image/megapx", "tags": ["ANNOTATED"], "createdAt": "2020-02-03T08:31:38.708Z", "updatedAt": "2020-02-03T08:32:52.708Z", "width": 1125, "height": 650}], "reactions": [{"id": "286f599c-f86a-4932-82f0-f5a06f1eca03", "count": 13}], "hidden": false, "customStyle": null, "isSuspiciousAccount": false, "layout": "classic", "withImages": true, "withVideos": false, "media": [{"url": "https://megapx-assets.dcard.tw/images/0b660d52-b5f4-4b04-975a-89241911cfe5/full.jpeg"}], "reportReasonText": "", "postAvatar": ""}, {"id": 233004645, "title": "#包包幫選色🙏", "excerpt": "目前想購入一款側背包，偏好黑色 但我黑包很多，喜歡酒紅跟棕色，但由於本身是小麥膚色，怕這兩個顏色會更顯黑，跪求各位大大給選色障礙的我一點意見，又或者有沒有推薦的類似包款，比MK woc包大一點，比co", "anonymousSchool": false, "anonymousDepartment": true, "pinned": false, "forumId": "be1a095b-175e-4523-9e06-66a05d939676", "replyId": null, "createdAt": "2020-02-02T17:51:30.021Z", "updatedAt": "2020-02-02T17:52:18.186Z", "commentCount": 13, "likeCount": 12, "withNickname": false, "tags": [], "topics": ["包包", "日常穿搭"], "meta": {"layout": "classic"}, "forumName": "穿搭", "forumAlias": "dressup", "gender": "F", "school": "正修科技大學", "replyTitle": null, "mediaMeta": [{"id": "8f8a4e71-4bf8-4906-b90d-90a4f1507eeb", "url": "https://megapx-assets.dcard.tw/images/b7544a05-212c-47f8-8a14-ee0f7e9c7ae5/640.jpeg", "normalizedUrl": "https://megapx-assets.dcard.tw/images/b7544a05-212c-47f8-8a14-ee0f7e9c7ae5/640.jpeg", "thumbnail": "https://megapx-assets.dcard.tw/images/b7544a05-212c-47f8-8a14-ee0f7e9c7ae5/640.jpeg", "type": "image/thumbnail", "tags": ["ANNOTATED"], "createdAt": "2020-02-02T17:51:30.021Z", "updatedAt": "2020-02-02T17:52:18.186Z", "width": 296, "height": 640}, {"id": "8f8a4e71-4bf8-4906-b90d-90a4f1507eeb", "url": "https://megapx-assets.dcard.tw/images/b7544a05-212c-47f8-8a14-ee0f7e9c7ae5/1280.jpeg", "normalizedUrl": "https://megapx.dcard.tw/v1/images/b7544a05-212c-47f8-8a14-ee0f7e9c7ae5", "thumbnail": "https://megapx-assets.dcard.tw/images/b7544a05-212c-47f8-8a14-ee0f7e9c7ae5/640.jpeg", "type": "image/megapx", "tags": ["ANNOTATED"], "createdAt": "2020-02-02T17:51:30.021Z", "updatedAt": "2020-02-02T17:52:18.186Z", "width": 924, "height": 2000}], "reactions": [{"id": "286f599c-f86a-4932-82f0-f5a06f1eca03", "count": 12}], "hidden": false, "customStyle": null, "isSuspiciousAccount": false, "layout": "classic", "withImages": true, "withVideos": false, "media": [{"url": "https://megapx-assets.dcard.tw/images/b7544a05-212c-47f8-8a14-ee0f7e9c7ae5/1280.jpeg"}], "reportReasonText": "", "postAvatar": ""}, {"id": 233006263, "title": "求包包類似款", "excerpt": "想找迷你後背包很久了，覺得這款好好看，但找到的都是比較偏軟的材質 不是這種比較硬挺的，有沒有人知道這款要在哪裡買或是類似款", "anonymousSchool": false, "anonymousDepartment": true, "pinned": false, "forumId": "be1a095b-175e-4523-9e06-66a05d939676", "replyId": null, "createdAt": "2020-02-03T05:05:15.061Z", "updatedAt": "2020-02-03T05:05:15.061Z", "commentCount": 4, "likeCount": 9, "withNickname": false, "tags": [], "topics": ["包包", "穿搭"], "meta": {"layout": "classic"}, "forumName": "穿搭", "forumAlias": "dressup", "gender": "F", "school": "長庚大學", "replyTitle": null, "mediaMeta": [{"id": "e7dbf4dc-4734-453e-81e8-1cb864524fdb", "url": "https://megapx-assets.dcard.tw/images/f92f611b-8450-4000-b03d-4cff2a697196/640.jpeg", "normalizedUrl": "https://megapx-assets.dcard.tw/images/f92f611b-8450-4000-b03d-4cff2a697196/640.jpeg", "thumbnail": "https://megapx-assets.dcard.tw/images/f92f611b-8450-4000-b03d-4cff2a697196/640.jpeg", "type": "image/thumbnail", "tags": [], "createdAt": "2020-02-03T05:05:15.061Z", "updatedAt": "2020-02-03T05:05:15.061Z", "width": 360, "height": 640}, {"id": "e7dbf4dc-4734-453e-81e8-1cb864524fdb", "url": "https://megapx-assets.dcard.tw/images/f92f611b-8450-4000-b03d-4cff2a697196/1280.jpeg", "normalizedUrl": "https://megapx.dcard.tw/v1/images/f92f611b-8450-4000-b03d-4cff2a697196", "thumbnail": "https://megapx-assets.dcard.tw/images/f92f611b-8450-4000-b03d-4cff2a697196/640.jpeg", "type": "image/megapx", "tags": [], "createdAt": "2020-02-03T05:05:15.061Z", "updatedAt": "2020-02-03T05:05:15.061Z", "width": 750, "height": 1334}, {"id": "6b0d3805-3ec3-4add-b9e9-cc16808199eb", "url": "https://megapx-assets.dcard.tw/images/3e33fb82-b909-4191-b0af-ed2c74073055/1280.jpeg", "normalizedUrl": "https://megapx.dcard.tw/v1/images/3e33fb82-b909-4191-b0af-ed2c74073055", "thumbnail": "https://megapx-assets.dcard.tw/images/3e33fb82-b909-4191-b0af-ed2c74073055/640.jpeg", "type": "image/megapx", "tags": [], "createdAt": "2020-02-03T05:05:15.061Z", "updatedAt": "2020-02-03T05:05:15.061Z", "width": 750, "height": 1334}], "reactions": [{"id": "286f599c-f86a-4932-82f0-f5a06f1eca03", "count": 9}], "hidden": false, "customStyle": null, "isSuspiciousAccount": false, "layout": "classic", "withImages": true, "withVideos": false, "media": [{"url": "https://megapx-assets.dcard.tw/images/f92f611b-8450-4000-b03d-4cff2a697196/1280.jpeg"}, {"url": "https://megapx-assets.dcard.tw/images/3e33fb82-b909-4191-b0af-ed2c74073055/1280.jpeg"}], "reportReasonText": "", "postAvatar": ""}, {"id": 233010199, "title": "這種外穿背心在哪裡買得到呢😿", "excerpt": "想請問這種背心哪裡買的到呢蝦皮有推薦的賣家嗎～謝謝", "anonymousSchool": false, "anonymousDepartment": true, "pinned": false, "forumId": "be1a095b-175e-4523-9e06-66a05d939676", "replyId": null, "createdAt": "2020-02-03T15:10:49.479Z", "updatedAt": "2020-02-03T15:10:49.479Z", "commentCount": 1, "likeCount": 6, "withNickname": false, "tags": [], "topics": [], "meta": {"layout": "classic"}, "forumName": "穿搭", "forumAlias": "dressup", "gender": "F", "school": "中山醫學大學", "replyTitle": null, "mediaMeta": [{"id": "76a22695-688d-47ab-80d7-0aa0a533675e", "url": "https://i.imgur.com/LIPYQ1Dl.jpg", "normalizedUrl": "https://i.imgur.com/LIPYQ1Dl.jpg", "thumbnail": "https://i.imgur.com/LIPYQ1Dl.jpg", "type": "image/thumbnail", "tags": ["ANNOTATED_FAILED"], "createdAt": "2020-02-03T15:10:49.479Z", "updatedAt": "2020-02-03T15:10:49.479Z"}, {"id": "76a22695-688d-47ab-80d7-0aa0a533675e", "url": "https://i.imgur.com/LIPYQ1D.jpg", "normalizedUrl": "https://imgur.com/LIPYQ1D", "thumbnail": "https://i.imgur.com/LIPYQ1Dl.jpg", "type": "image/imgur", "tags": ["ANNOTATED_FAILED"], "createdAt": "2020-02-03T15:10:49.479Z", "updatedAt": "2020-02-03T15:10:49.479Z"}], "reactions": [{"id": "286f599c-f86a-4932-82f0-f5a06f1eca03", "count": 6}], "hidden": false, "customStyle": null, "isSuspiciousAccount": false, "layout": "classic", "withImages": true, "withVideos": false, "media": [{"url": "https://i.imgur.com/LIPYQ1D.jpg"}], "reportReasonText": "", "postAvatar": ""}, {"id": 233008909, "title": "覺得哪個看起來比較好看   (留言一下吧)", "excerpt": "穿搭能讓人過癮，也讓人花太多在衣服上，猜看看這 襯衫、背心、外套要花多少錢", "anonymousSchool": false, "anonymousDepartment": false, "pinned": false, "forumId": "be1a095b-175e-4523-9e06-66a05d939676", "replyId": null, "createdAt": "2020-02-03T12:16:56.433Z", "updatedAt": "2020-02-03T13:10:55.693Z", "commentCount": 16, "likeCount": 6, "withNickname": true, "tags": [], "topics": ["穿搭", "男生穿搭", "西裝"], "meta": {"layout": "classic"}, "forumName": "穿搭", "forumAlias": "dressup", "gender": "M", "school": "易易", "department": "o0831", "replyTitle": null, "mediaMeta": [{"id": "5f4c5b5f-f57a-4189-bf43-69657bdfb5e9", "url": "https://i.imgur.com/ou9PapHl.jpg", "normalizedUrl": "https://i.imgur.com/ou9PapHl.jpg", "thumbnail": "https://i.imgur.com/ou9PapHl.jpg", "type": "image/thumbnail", "tags": ["ANNOTATED"], "createdAt": "2020-02-03T12:16:56.433Z", "updatedAt": "2020-02-03T13:10:55.693Z"}, {"id": "5f4c5b5f-f57a-4189-bf43-69657bdfb5e9", "url": "https://i.imgur.com/ou9PapH.jpg", "normalizedUrl": "https://imgur.com/ou9PapH", "thumbnail": "https://i.imgur.com/ou9PapHl.jpg", "type": "image/imgur", "tags": ["ANNOTATED"], "createdAt": "2020-02-03T12:16:56.433Z", "updatedAt": "2020-02-03T13:10:55.693Z"}, {"id": "62bf515d-0ca8-470f-9a38-6aa089ec6633", "url": "https://i.imgur.com/8gCf3tn.jpg", "normalizedUrl": "https://imgur.com/8gCf3tn", "thumbnail": "https://i.imgur.com/8gCf3tnl.jpg", "type": "image/imgur", "tags": ["ANNOTATED"], "createdAt": "2020-02-03T12:16:56.433Z", "updatedAt": "2020-02-03T13:10:55.693Z"}, {"id": "28c381fc-4033-4c82-b88a-d477fa33875f", "url": "https://i.imgur.com/b4Qd8GW.jpg", "normalizedUrl": "https://imgur.com/b4Qd8GW", "thumbnail": "https://i.imgur.com/b4Qd8GWl.jpg", "type": "image/imgur", "tags": ["ANNOTATED"], "createdAt": "2020-02-03T12:16:56.433Z", "updatedAt": "2020-02-03T13:10:55.693Z"}], "reactions": [{"id": "286f599c-f86a-4932-82f0-f5a06f1eca03", "count": 6}], "hidden": false, "customStyle": null, "isSuspiciousAccount": false, "layout": "classic", "withImages": true, "withVideos": false, "media": [{"url": "https://i.imgur.com/ou9PapH.jpg"}, {"url": "https://i.imgur.com/8gCf3tn.jpg"}, {"url": "https://i.imgur.com/b4Qd8GW.jpg"}], "reportReasonText": "", "postAvatar": ""}, {"id": 233008674, "title": "#問 uniqlo外套", "excerpt": "想問大家有沒有知道台北哪間uniqlo還有這件外套！，我都只有看到短的毛毛外套沒有找到這款，目前在app裡面也找不到了", "anonymousSchool": false, "anonymousDepartment": true, "pinned": false, "forumId": "be1a095b-175e-4523-9e06-66a05d939676", "replyId": null, "createdAt": "2020-02-03T11:37:52.253Z", "updatedAt": "2020-02-03T11:37:52.253Z", "commentCount": 2, "likeCount": 6, "withNickname": false, "tags": [], "topics": ["外套", "UNIQLO"], "meta": {"layout": "classic"}, "forumName": "穿搭", "forumAlias": "dressup", "gender": "F", "school": "東吳大學", "replyTitle": null, "mediaMeta": [{"id": "335b6711-0263-42c9-a379-35a5c4eba430", "url": "https://i.imgur.com/OlI1n31l.jpg", "normalizedUrl": "https://i.imgur.com/OlI1n31l.jpg", "thumbnail": "https://i.imgur.com/OlI1n31l.jpg", "type": "image/thumbnail", "tags": ["ANNOTATED"], "createdAt": "2020-02-03T11:37:52.253Z", "updatedAt": "2020-02-03T11:37:52.253Z"}, {"id": "335b6711-0263-42c9-a379-35a5c4eba430", "url": "https://i.imgur.com/OlI1n31.jpg", "normalizedUrl": "https://imgur.com/OlI1n31", "thumbnail": "https://i.imgur.com/OlI1n31l.jpg", "type": "image/imgur", "tags": ["ANNOTATED"], "createdAt": "2020-02-03T11:37:52.253Z", "updatedAt": "2020-02-03T11:37:52.253Z"}], "reactions": [{"id": "286f599c-f86a-4932-82f0-f5a06f1eca03", "count": 6}], "hidden": false, "customStyle": null, "isSuspiciousAccount": false, "layout": "classic", "withImages": true, "withVideos": false, "media": [{"url": "https://i.imgur.com/OlI1n31.jpg"}], "reportReasonText": "", "postAvatar": ""}, {"id": 233006409, "title": "Stockx真假問題", "excerpt": "小弟想在stockx購買supreme x tnf 的衝鋒外套 由於最近有假鞋事情 會擔心衣服會不會也購買到假貨 想問看看各位大神的意見 感激不盡", "anonymousSchool": false, "anonymousDepartment": true, "pinned": false, "forumId": "be1a095b-175e-4523-9e06-66a05d939676", "replyId": null, "createdAt": "2020-02-03T05:38:51.225Z", "updatedAt": "2020-02-03T05:38:51.225Z", "commentCount": 2, "likeCount": 6, "withNickname": false, "tags": ["HIDE_THUMBNAIL"], "topics": ["問題"], "meta": {"layout": "classic"}, "forumName": "穿搭", "forumAlias": "dressup", "gender": "M", "school": "國立臺灣大學", "replyTitle": null, "mediaMeta": [], "reactions": [{"id": "286f599c-f86a-4932-82f0-f5a06f1eca03", "count": 6}], "hidden": false, "customStyle": null, "isSuspiciousAccount": false, "layout": "classic", "withImages": false, "withVideos": false, "media": [], "reportReasonText": "", "postAvatar": ""}, {"id": 233008358, "title": "找 外套", "excerpt": "你好想請問一下，有人知道第11集黃雨萱身上這件外套是哪家的嗎？之前有看過類似款，但袖子顏色不一樣，拜託大家 謝謝～～～～", "anonymousSchool": false, "anonymousDepartment": true, "pinned": false, "forumId": "be1a095b-175e-4523-9e06-66a05d939676", "replyId": null, "createdAt": "2020-02-03T10:46:45.775Z", "updatedAt": "2020-02-03T10:47:15.607Z", "commentCount": 1, "likeCount": 5, "withNickname": false, "tags": [], "topics": ["問題", "外套"], "meta": {"layout": "classic"}, "forumName": "穿搭", "forumAlias": "dressup", "gender": "F", "school": "國立臺北教育大學", "replyTitle": null, "mediaMeta": [{"id": "e987fe68-adb8-4a4b-a89d-9832b619c404", "url": "https://megapx-assets.dcard.tw/images/b1826140-9cc1-4955-8a82-8b4ce7d2565d/320.jpeg", "normalizedUrl": "https://megapx-assets.dcard.tw/images/b1826140-9cc1-4955-8a82-8b4ce7d2565d/320.jpeg", "thumbnail": "https://megapx-assets.dcard.tw/images/b1826140-9cc1-4955-8a82-8b4ce7d2565d/320.jpeg", "type": "image/thumbnail", "tags": ["ANNOTATED"], "createdAt": "2020-02-03T10:46:45.775Z", "updatedAt": "2020-02-03T10:47:15.607Z", "width": 320, "height": 302}, {"id": "e987fe68-adb8-4a4b-a89d-9832b619c404", "url": "https://megapx-assets.dcard.tw/images/b1826140-9cc1-4955-8a82-8b4ce7d2565d/full.jpeg", "normalizedUrl": "https://megapx.dcard.tw/v1/images/b1826140-9cc1-4955-8a82-8b4ce7d2565d", "thumbnail": "https://megapx-assets.dcard.tw/images/b1826140-9cc1-4955-8a82-8b4ce7d2565d/320.jpeg", "type": "image/megapx", "tags": ["ANNOTATED"], "createdAt": "2020-02-03T10:46:45.775Z", "updatedAt": "2020-02-03T10:47:15.607Z", "width": 521, "height": 492}], "reactions": [{"id": "286f599c-f86a-4932-82f0-f5a06f1eca03", "count": 5}], "hidden": false, "customStyle": null, "isSuspiciousAccount": false, "layout": "classic", "withImages": true, "withVideos": false, "media": [{"url": "https://megapx-assets.dcard.tw/images/b1826140-9cc1-4955-8a82-8b4ce7d2565d/full.jpeg"}], "reportReasonText": "", "postAvatar": ""}, {"id": 233010389, "title": "Gucci rhyton 素面款式問題", "excerpt": "有人知道rhyton系列純素面（第一張圖）的哪裡有賣嗎，很多代購都只賣仿舊款 （第二張圖），希望有人可以提供資訊", "anonymousSchool": false, "anonymousDepartment": true, "pinned": false, "forumId": "be1a095b-175e-4523-9e06-66a05d939676", "replyId": null, "createdAt": "2020-02-03T15:31:53.372Z", "updatedAt": "2020-02-03T15:47:55.538Z", "commentCount": 0, "likeCount": 4, "withNickname": false, "tags": [], "topics": ["穿搭", "鞋子", "代購", "日常穿搭", "問題"], "meta": {"layout": "classic"}, "forumName": "穿搭", "forumAlias": "dressup", "gender": "M", "school": "正修科技大學", "replyTitle": null, "mediaMeta": [{"id": "ef50d6c9-8b2b-4584-86c5-f2b218fb0e63", "url": "https://megapx-assets.dcard.tw/images/d6b09fc2-76f9-4417-afc9-386fb31f59ba/640.jpeg", "normalizedUrl": "https://megapx-assets.dcard.tw/images/d6b09fc2-76f9-4417-afc9-386fb31f59ba/640.jpeg", "thumbnail": "https://megapx-assets.dcard.tw/images/d6b09fc2-76f9-4417-afc9-386fb31f59ba/640.jpeg", "type": "image/thumbnail", "tags": ["ANNOTATED"], "createdAt": "2020-02-03T15:31:53.372Z", "updatedAt": "2020-02-03T15:47:55.538Z", "width": 640, "height": 296}, {"id": "ef50d6c9-8b2b-4584-86c5-f2b218fb0e63", "url": "https://megapx-assets.dcard.tw/images/d6b09fc2-76f9-4417-afc9-386fb31f59ba/full.jpeg", "normalizedUrl": "https://megapx.dcard.tw/v1/images/d6b09fc2-76f9-4417-afc9-386fb31f59ba", "thumbnail": "https://megapx-assets.dcard.tw/images/d6b09fc2-76f9-4417-afc9-386fb31f59ba/640.jpeg", "type": "image/megapx", "tags": ["ANNOTATED"], "createdAt": "2020-02-03T15:31:53.372Z", "updatedAt": "2020-02-03T15:47:55.538Z", "width": 1125, "height": 521}, {"id": "c1589cf6-c9ee-413f-a0db-6b66c998f90c", "url": "https://megapx-assets.dcard.tw/images/257c42ea-a83e-4fa5-8af6-1629597e07f8/full.jpeg", "normalizedUrl": "https://megapx.dcard.tw/v1/images/257c42ea-a83e-4fa5-8af6-1629597e07f8", "thumbnail": "https://megapx-assets.dcard.tw/images/257c42ea-a83e-4fa5-8af6-1629597e07f8/320.jpeg", "type": "image/megapx", "tags": ["ANNOTATED"], "createdAt": "2020-02-03T15:31:53.372Z", "updatedAt": "2020-02-03T15:47:55.538Z", "width": 600, "height": 277}], "reactions": [{"id": "286f599c-f86a-4932-82f0-f5a06f1eca03", "count": 4}], "hidden": false, "customStyle": null, "isSuspiciousAccount": false, "layout": "classic", "withImages": true, "withVideos": false, "media": [{"url": "https://megapx-assets.dcard.tw/images/d6b09fc2-76f9-4417-afc9-386fb31f59ba/full.jpeg"}, {"url": "https://megapx-assets.dcard.tw/images/257c42ea-a83e-4fa5-8af6-1629597e07f8/full.jpeg"}], "reportReasonText": "", "postAvatar": ""}, {"id": 233010220, "title": "求周興哲這雙鞋型號🙏🙏", "excerpt": "如題～有網友能神出這雙鞋的型號嗎", "anonymousSchool": false, "anonymousDepartment": true, "pinned": false, "forumId": "be1a095b-175e-4523-9e06-66a05d939676", "replyId": null, "createdAt": "2020-02-03T15:13:01.926Z", "updatedAt": "2020-02-03T15:13:25.044Z", "commentCount": 3, "likeCount": 4, "withNickname": false, "tags": [], "topics": ["周興哲", "穿搭"], "meta": {"layout": "classic"}, "forumName": "穿搭", "forumAlias": "dressup", "gender": "M", "school": "正修科技大學", "replyTitle": null, "mediaMeta": [{"id": "69387db5-e2a7-4f86-870c-727395cc8d72", "url": "https://megapx-assets.dcard.tw/images/27f37ef4-7000-4c51-b21f-aad57acbd726/640.jpeg", "normalizedUrl": "https://megapx-assets.dcard.tw/images/27f37ef4-7000-4c51-b21f-aad57acbd726/640.jpeg", "thumbnail": "https://megapx-assets.dcard.tw/images/27f37ef4-7000-4c51-b21f-aad57acbd726/640.jpeg", "type": "image/thumbnail", "tags": ["ANNOTATED"], "createdAt": "2020-02-03T15:13:25.044Z", "updatedAt": "2020-02-03T15:13:25.044Z", "width": 640, "height": 360}, {"id": "69387db5-e2a7-4f86-870c-727395cc8d72", "url": "https://megapx-assets.dcard.tw/images/27f37ef4-7000-4c51-b21f-aad57acbd726/1280.jpeg", "normalizedUrl": "https://megapx.dcard.tw/v1/images/27f37ef4-7000-4c51-b21f-aad57acbd726", "thumbnail": "https://megapx-assets.dcard.tw/images/27f37ef4-7000-4c51-b21f-aad57acbd726/640.jpeg", "type": "image/megapx", "tags": ["ANNOTATED"], "createdAt": "2020-02-03T15:13:25.044Z", "updatedAt": "2020-02-03T15:13:25.044Z", "width": 1334, "height": 750}], "reactions": [{"id": "286f599c-f86a-4932-82f0-f5a06f1eca03", "count": 4}], "hidden": false, "customStyle": null, "isSuspiciousAccount": false, "layout": "classic", "withImages": true, "withVideos": false, "media": [{"url": "https://megapx-assets.dcard.tw/images/27f37ef4-7000-4c51-b21f-aad57acbd726/1280.jpeg"}], "reportReasonText": "", "postAvatar": ""}, {"id": 233007878, "title": "reebok 二選一", "excerpt": "又是一個選擇障礙的時間，如提這次是兩雙reebok的鞋，身高150，平常都穿黑褲或是牛仔褲而已，目前只對這兩雙有興趣，希望大家可以給我一點意見，有的人也可以分享實穿照或是表達看法（例如穿起來顯腳大、撞", "anonymousSchool": false, "anonymousDepartment": true, "pinned": false, "forumId": "be1a095b-175e-4523-9e06-66a05d939676", "replyId": null, "createdAt": "2020-02-03T09:44:10.330Z", "updatedAt": "2020-02-03T09:45:40.519Z", "commentCount": 7, "likeCount": 4, "withNickname": false, "tags": [], "topics": ["鞋子", "Reebok"], "meta": {"layout": "classic"}, "forumName": "穿搭", "forumAlias": "dressup", "gender": "F", "school": "樹德科技大學", "replyTitle": null, "mediaMeta": [{"id": "4ca49373-55b7-466f-b76d-e39444bf7eac", "url": "https://i.imgur.com/Tp3vaHel.jpg", "normalizedUrl": "https://i.imgur.com/Tp3vaHel.jpg", "thumbnail": "https://i.imgur.com/Tp3vaHel.jpg", "type": "image/thumbnail", "tags": ["ANNOTATED"], "createdAt": "2020-02-03T09:44:10.330Z", "updatedAt": "2020-02-03T09:45:40.519Z"}, {"id": "4ca49373-55b7-466f-b76d-e39444bf7eac", "url": "http://i.imgur.com/Tp3vaHe.png", "normalizedUrl": "https://imgur.com/Tp3vaHe", "thumbnail": "https://i.imgur.com/Tp3vaHel.jpg", "type": "image/imgur", "tags": ["ANNOTATED"], "createdAt": "2020-02-03T09:44:10.330Z", "updatedAt": "2020-02-03T09:45:40.519Z"}, {"id": "4f007369-9f74-4d24-9088-6320b5c17c70", "url": "http://i.imgur.com/AnHTFuG.jpg", "normalizedUrl": "https://imgur.com/AnHTFuG", "thumbnail": "https://i.imgur.com/AnHTFuGl.jpg", "type": "image/imgur", "tags": ["ANNOTATED"], "createdAt": "2020-02-03T09:44:10.330Z", "updatedAt": "2020-02-03T09:45:40.519Z"}, {"id": "b76f3925-1dee-48d1-8f72-833e254756e7", "url": "http://i.imgur.com/tvqfq49.jpg", "normalizedUrl": "https://imgur.com/tvqfq49", "thumbnail": "https://i.imgur.com/tvqfq49l.jpg", "type": "image/imgur", "tags": ["ANNOTATED"], "createdAt": "2020-02-03T09:44:10.330Z", "updatedAt": "2020-02-03T09:45:40.519Z"}, {"id": "e0b0bddc-6196-4141-b847-baad79e42168", "url": "http://i.imgur.com/lLWPUji.jpg", "normalizedUrl": "https://imgur.com/lLWPUji", "thumbnail": "https://i.imgur.com/lLWPUjil.jpg", "type": "image/imgur", "tags": ["ANNOTATED"], "createdAt": "2020-02-03T09:44:10.330Z", "updatedAt": "2020-02-03T09:45:40.519Z"}], "reactions": [{"id": "286f599c-f86a-4932-82f0-f5a06f1eca03", "count": 4}], "hidden": false, "customStyle": null, "isSuspiciousAccount": false, "layout": "classic", "withImages": true, "withVideos": false, "media": [{"url": "http://i.imgur.com/Tp3vaHe.png"}, {"url": "http://i.imgur.com/AnHTFuG.jpg"}, {"url": "http://i.imgur.com/tvqfq49.jpg"}, {"url": "http://i.imgur.com/lLWPUji.jpg"}], "reportReasonText": "", "postAvatar": ""}, {"id": 233005677, "title": "西裝搭後背包", "excerpt": "最近要情人節了，想幫男友挑一個後背包，大家有推薦的後背包款式嗎？我現在是在看這一款的四個顏色，不曉得哪個比較適合，-，🧩選手1，選手2，選手3，選手4，男友本身都穿黑色的西裝🤵，有推薦的後背包款式", "anonymousSchool": false, "anonymousDepartment": false, "pinned": false, "forumId": "be1a095b-175e-4523-9e06-66a05d939676", "replyId": null, "createdAt": "2020-02-03T02:47:30.708Z", "updatedAt": "2020-02-03T02:47:30.708Z", "commentCount": 5, "likeCount": 4, "withNickname": true, "tags": [], "topics": ["西裝", "背包", "男生穿搭", "包包", "後背包"], "meta": {"layout": "classic"}, "forumName": "穿搭", "forumAlias": "dressup", "gender": "F", "school": "美麗大方的女子👧", "department": "yiwen_0613.", "replyTitle": null, "mediaMeta": [{"id": "cc92b2a0-2357-4dac-9c87-f4f6d1d77a5e", "url": "https://megapx-assets.dcard.tw/images/4790baba-75ed-4dce-b2e2-ff0dc0d4f91b/640.jpeg", "normalizedUrl": "https://megapx-assets.dcard.tw/images/4790baba-75ed-4dce-b2e2-ff0dc0d4f91b/640.jpeg", "thumbnail": "https://megapx-assets.dcard.tw/images/4790baba-75ed-4dce-b2e2-ff0dc0d4f91b/640.jpeg", "type": "image/thumbnail", "tags": [], "createdAt": "2020-02-03T02:47:30.708Z", "updatedAt": "2020-02-03T02:47:30.708Z", "width": 360, "height": 640}, {"id": "cc92b2a0-2357-4dac-9c87-f4f6d1d77a5e", "url": "https://megapx-assets.dcard.tw/images/4790baba-75ed-4dce-b2e2-ff0dc0d4f91b/1280.jpeg", "normalizedUrl": "https://megapx.dcard.tw/v1/images/4790baba-75ed-4dce-b2e2-ff0dc0d4f91b", "thumbnail": "https://megapx-assets.dcard.tw/images/4790baba-75ed-4dce-b2e2-ff0dc0d4f91b/640.jpeg", "type": "image/megapx", "tags": [], "createdAt": "2020-02-03T02:47:30.708Z", "updatedAt": "2020-02-03T02:47:30.708Z", "width": 750, "height": 1334}, {"id": "c943a385-7e30-49a8-885a-919a40d25ee8", "url": "https://megapx-assets.dcard.tw/images/fca78298-77f2-4520-824d-cf3cd969e1a8/1280.jpeg", "normalizedUrl": "https://megapx.dcard.tw/v1/images/fca78298-77f2-4520-824d-cf3cd969e1a8", "thumbnail": "https://megapx-assets.dcard.tw/images/fca78298-77f2-4520-824d-cf3cd969e1a8/640.jpeg", "type": "image/megapx", "tags": [], "createdAt": "2020-02-03T02:47:30.708Z", "updatedAt": "2020-02-03T02:47:30.708Z", "width": 750, "height": 1334}, {"id": "44b073f3-9b1f-41bb-82fd-e21acc17200e", "url": "https://megapx-assets.dcard.tw/images/0bbcd044-8328-4def-a2bd-df0d996b1e71/1280.jpeg", "normalizedUrl": "https://megapx.dcard.tw/v1/images/0bbcd044-8328-4def-a2bd-df0d996b1e71", "thumbnail": "https://megapx-assets.dcard.tw/images/0bbcd044-8328-4def-a2bd-df0d996b1e71/640.jpeg", "type": "image/megapx", "tags": [], "createdAt": "2020-02-03T02:47:30.708Z", "updatedAt": "2020-02-03T02:47:30.708Z", "width": 750, "height": 1334}, {"id": "90ce896a-80df-46dd-9468-a07e36fbd907", "url": "https://megapx-assets.dcard.tw/images/8548a527-06ac-4fd5-a564-fff95c2c0543/1280.jpeg", "normalizedUrl": "https://megapx.dcard.tw/v1/images/8548a527-06ac-4fd5-a564-fff95c2c0543", "thumbnail": "https://megapx-assets.dcard.tw/images/8548a527-06ac-4fd5-a564-fff95c2c0543/640.jpeg", "type": "image/megapx", "tags": [], "createdAt": "2020-02-03T02:47:30.708Z", "updatedAt": "2020-02-03T02:47:30.708Z", "width": 750, "height": 1334}], "reactions": [{"id": "286f599c-f86a-4932-82f0-f5a06f1eca03", "count": 4}], "hidden": false, "customStyle": null, "isSuspiciousAccount": false, "layout": "classic", "withImages": true, "withVideos": false, "media": [{"url": "https://megapx-assets.dcard.tw/images/4790baba-75ed-4dce-b2e2-ff0dc0d4f91b/1280.jpeg"}, {"url": "https://megapx-assets.dcard.tw/images/fca78298-77f2-4520-824d-cf3cd969e1a8/1280.jpeg"}, {"url": "https://megapx-assets.dcard.tw/images/0bbcd044-8328-4def-a2bd-df0d996b1e71/1280.jpeg"}, {"url": "https://megapx-assets.dcard.tw/images/8548a527-06ac-4fd5-a564-fff95c2c0543/1280.jpeg"}], "reportReasonText": "", "postAvatar": ""}, {"id": 233005209, "title": "顏色搭配建議", "excerpt": "想請問各位圖中這個到底是算什麼顏色呢？若這種襯衫搭配白色、黑色、咖啡色、可可色 哪一種背心比較好呢？苦惱很久了 希望各位給個建議 感謝", "anonymousSchool": false, "anonymousDepartment": true, "pinned": false, "forumId": "be1a095b-175e-4523-9e06-66a05d939676", "replyId": null, "createdAt": "2020-02-02T21:50:53.900Z", "updatedAt": "2020-02-03T02:46:58.192Z", "commentCount": 6, "likeCount": 4, "withNickname": false, "tags": [], "topics": ["建議", "顏色", "問題"], "meta": {"layout": "classic"}, "forumName": "穿搭", "forumAlias": "dressup", "gender": "F", "school": "東海大學", "replyTitle": null, "mediaMeta": [{"id": "a2e3abe7-ade1-4e5c-a62c-aa3cb090401f", "url": "https://megapx-assets.dcard.tw/images/358b706a-c3a1-456e-b965-65366e8de356/640.jpeg", "normalizedUrl": "https://megapx-assets.dcard.tw/images/358b706a-c3a1-456e-b965-65366e8de356/640.jpeg", "thumbnail": "https://megapx-assets.dcard.tw/images/358b706a-c3a1-456e-b965-65366e8de356/640.jpeg", "type": "image/thumbnail", "tags": ["ANNOTATED"], "createdAt": "2020-02-02T21:50:53.900Z", "updatedAt": "2020-02-03T02:46:58.192Z", "width": 473, "height": 640}, {"id": "a2e3abe7-ade1-4e5c-a62c-aa3cb090401f", "url": "https://megapx-assets.dcard.tw/images/358b706a-c3a1-456e-b965-65366e8de356/1280.jpeg", "normalizedUrl": "https://megapx.dcard.tw/v1/images/358b706a-c3a1-456e-b965-65366e8de356", "thumbnail": "https://megapx-assets.dcard.tw/images/358b706a-c3a1-456e-b965-65366e8de356/640.jpeg", "type": "image/megapx", "tags": ["ANNOTATED"], "createdAt": "2020-02-02T21:50:53.900Z", "updatedAt": "2020-02-03T02:46:58.192Z", "width": 1242, "height": 1681}, {"id": "fc58de00-a9bc-4401-bc62-9b8e1561011d", "url": "https://megapx-assets.dcard.tw/images/51abe13d-dc42-43f4-beb4-3c9407b36f38/1280.jpeg", "normalizedUrl": "https://megapx.dcard.tw/v1/images/51abe13d-dc42-43f4-beb4-3c9407b36f38", "thumbnail": "https://megapx-assets.dcard.tw/images/51abe13d-dc42-43f4-beb4-3c9407b36f38/640.jpeg", "type": "image/megapx", "tags": ["ANNOTATED"], "createdAt": "2020-02-03T02:46:58.192Z", "updatedAt": "2020-02-03T02:46:58.192Z", "width": 1125, "height": 2000}], "reactions": [{"id": "286f599c-f86a-4932-82f0-f5a06f1eca03", "count": 4}], "hidden": false, "customStyle": null, "isSuspiciousAccount": false, "layout": "classic", "withImages": true, "withVideos": false, "media": [{"url": "https://megapx-assets.dcard.tw/images/358b706a-c3a1-456e-b965-65366e8de356/1280.jpeg"}, {"url": "https://megapx-assets.dcard.tw/images/51abe13d-dc42-43f4-beb4-3c9407b36f38/1280.jpeg"}], "reportReasonText": "", "postAvatar": ""}, {"id": 233009417, "title": "有人買過這間嗎", "excerpt": "求解答是否為正品，已爬過文，感謝大大", "anonymousSchool": false, "anonymousDepartment": true, "pinned": false, "forumId": "be1a095b-175e-4523-9e06-66a05d939676", "replyId": null, "createdAt": "2020-02-03T13:32:36.099Z", "updatedAt": "2020-02-03T13:32:36.099Z", "commentCount": 1, "likeCount": 3, "withNickname": false, "tags": [], "topics": ["代購", "球鞋"], "meta": {"layout": "classic"}, "forumName": "穿搭", "forumAlias": "dressup", "gender": "M", "school": "國立高雄科技大學", "replyTitle": null, "mediaMeta": [{"id": "75cf53d9-0a54-48fc-b5df-f71cbcb81891", "url": "https://i.imgur.com/RxoqK3Yl.jpg", "normalizedUrl": "https://i.imgur.com/RxoqK3Yl.jpg", "thumbnail": "https://i.imgur.com/RxoqK3Yl.jpg", "type": "image/thumbnail", "tags": ["ANNOTATED"], "createdAt": "2020-02-03T13:32:36.099Z", "updatedAt": "2020-02-03T13:32:36.099Z"}, {"id": "75cf53d9-0a54-48fc-b5df-f71cbcb81891", "url": "https://i.imgur.com/RxoqK3Y.jpg", "normalizedUrl": "https://imgur.com/RxoqK3Y", "thumbnail": "https://i.imgur.com/RxoqK3Yl.jpg", "type": "image/imgur", "tags": ["ANNOTATED"], "createdAt": "2020-02-03T13:32:36.099Z", "updatedAt": "2020-02-03T13:32:36.099Z"}], "reactions": [{"id": "286f599c-f86a-4932-82f0-f5a06f1eca03", "count": 2}, {"id": "e8e6bc5d-41b0-4129-b134-97507523d7ff", "count": 1}], "hidden": false, "customStyle": null, "isSuspiciousAccount": false, "layout": "classic", "withImages": true, "withVideos": false, "media": [{"url": "https://i.imgur.com/RxoqK3Y.jpg"}], "reportReasonText": "", "postAvatar": ""}, {"id": 233005756, "title": "問 衣服！！！", "excerpt": "Nike有出這件嗎🥺請問哪裡買得到，可以附上連結嗎！！！", "anonymousSchool": false, "anonymousDepartment": false, "pinned": false, "forumId": "be1a095b-175e-4523-9e06-66a05d939676", "replyId": null, "createdAt": "2020-02-03T03:06:43.191Z", "updatedAt": "2020-02-03T03:06:43.191Z", "commentCount": 7, "likeCount": 3, "withNickname": true, "tags": [], "topics": ["衣服", "Nike", "問題", "襯衫"], "meta": {"layout": "classic"}, "forumName": "穿搭", "forumAlias": "dressup", "gender": "M", "school": "埔里李榮浩", "department": "zhiiiiiii", "replyTitle": null, "mediaMeta": [{"id": "d1e0c735-5d60-4fa7-be4d-736bfa4b0511", "url": "https://megapx-assets.dcard.tw/images/d9f27fc7-1b07-43aa-9be1-85cb4963cd58/640.jpeg", "normalizedUrl": "https://megapx-assets.dcard.tw/images/d9f27fc7-1b07-43aa-9be1-85cb4963cd58/640.jpeg", "thumbnail": "https://megapx-assets.dcard.tw/images/d9f27fc7-1b07-43aa-9be1-85cb4963cd58/640.jpeg", "type": "image/thumbnail", "tags": [], "createdAt": "2020-02-03T03:06:43.191Z", "updatedAt": "2020-02-03T03:06:43.191Z", "width": 640, "height": 634}, {"id": "d1e0c735-5d60-4fa7-be4d-736bfa4b0511", "url": "https://megapx-assets.dcard.tw/images/d9f27fc7-1b07-43aa-9be1-85cb4963cd58/full.jpeg", "normalizedUrl": "https://megapx.dcard.tw/v1/images/d9f27fc7-1b07-43aa-9be1-85cb4963cd58", "thumbnail": "https://megapx-assets.dcard.tw/images/d9f27fc7-1b07-43aa-9be1-85cb4963cd58/640.jpeg", "type": "image/megapx", "tags": [], "createdAt": "2020-02-03T03:06:43.191Z", "updatedAt": "2020-02-03T03:06:43.191Z", "width": 1125, "height": 1115}], "reactions": [{"id": "286f599c-f86a-4932-82f0-f5a06f1eca03", "count": 3}], "hidden": false, "customStyle": null, "isSuspiciousAccount": false, "layout": "classic", "withImages": true, "withVideos": false, "media": [{"url": "https://megapx-assets.dcard.tw/images/d9f27fc7-1b07-43aa-9be1-85cb4963cd58/full.jpeg"}], "reportReasonText": "", "postAvatar": ""}, {"id": 233004630, "title": "Premium Suede與ox差別", "excerpt": "請問這兩款差別在哪，型號一樣看不出個所以然", "anonymousSchool": false, "anonymousDepartment": false, "pinned": false, "forumId": "be1a095b-175e-4523-9e06-66a05d939676", "replyId": null, "createdAt": "2020-02-02T17:48:49.457Z", "updatedAt": "2020-02-02T17:48:49.457Z", "commentCount": 2, "likeCount": 3, "withNickname": true, "tags": [], "topics": [], "meta": {"layout": "classic"}, "forumName": "穿搭", "forumAlias": "dressup", "gender": "M", "school": "咪路DePon", "department": "star210210", "replyTitle": null, "mediaMeta": [{"id": "595d681c-9f0c-4cea-aa8f-f4d0c066fa37", "url": "https://megapx-assets.dcard.tw/images/e4b05845-4de0-4575-aec8-bf5b14e62f5c/640.jpeg", "normalizedUrl": "https://megapx-assets.dcard.tw/images/e4b05845-4de0-4575-aec8-bf5b14e62f5c/640.jpeg", "thumbnail": "https://megapx-assets.dcard.tw/images/e4b05845-4de0-4575-aec8-bf5b14e62f5c/640.jpeg", "type": "image/thumbnail", "tags": [], "createdAt": "2020-02-02T17:48:49.457Z", "updatedAt": "2020-02-02T17:48:49.457Z", "width": 640, "height": 399}, {"id": "595d681c-9f0c-4cea-aa8f-f4d0c066fa37", "url": "https://megapx-assets.dcard.tw/images/e4b05845-4de0-4575-aec8-bf5b14e62f5c/full.jpeg", "normalizedUrl": "https://megapx.dcard.tw/v1/images/e4b05845-4de0-4575-aec8-bf5b14e62f5c", "thumbnail": "https://megapx-assets.dcard.tw/images/e4b05845-4de0-4575-aec8-bf5b14e62f5c/640.jpeg", "type": "image/megapx", "tags": [], "createdAt": "2020-02-02T17:48:49.457Z", "updatedAt": "2020-02-02T17:48:49.457Z", "width": 828, "height": 516}, {"id": "ab6825c0-6923-48f2-b182-ea74ea842e4c", "url": "https://megapx-assets.dcard.tw/images/561b21a2-0269-47ac-89fe-f5ab3238f519/full.jpeg", "normalizedUrl": "https://megapx.dcard.tw/v1/images/561b21a2-0269-47ac-89fe-f5ab3238f519", "thumbnail": "https://megapx-assets.dcard.tw/images/561b21a2-0269-47ac-89fe-f5ab3238f519/640.jpeg", "type": "image/megapx", "tags": [], "createdAt": "2020-02-02T17:48:49.457Z", "updatedAt": "2020-02-02T17:48:49.457Z", "width": 828, "height": 574}], "reactions": [{"id": "286f599c-f86a-4932-82f0-f5a06f1eca03", "count": 3}], "hidden": false, "customStyle": null, "isSuspiciousAccount": false, "layout": "classic", "withImages": true, "withVideos": false, "media": [{"url": "https://megapx-assets.dcard.tw/images/e4b05845-4de0-4575-aec8-bf5b14e62f5c/full.jpeg"}, {"url": "https://megapx-assets.dcard.tw/images/561b21a2-0269-47ac-89fe-f5ab3238f519/full.jpeg"}], "reportReasonText": "", "postAvatar": ""}, {"id": 233004289, "title": "Nb530", "excerpt": "請問有人買過這雙嗎，想問腳感，這雙是不是新配色啊 感覺好好看不知道適合搭什麼褲子🤣", "anonymousSchool": false, "anonymousDepartment": true, "pinned": false, "forumId": "be1a095b-175e-4523-9e06-66a05d939676", "replyId": null, "createdAt": "2020-02-02T16:57:19.503Z", "updatedAt": "2020-02-02T16:57:19.503Z", "commentCount": 11, "likeCount": 3, "withNickname": false, "tags": [], "topics": [], "meta": {"layout": "classic"}, "forumName": "穿搭", "forumAlias": "dressup", "gender": "M", "school": "龍華科技大學", "replyTitle": null, "mediaMeta": [{"id": "b562d09a-fea9-4d19-8276-bcff54861f64", "url": "https://megapx-assets.dcard.tw/images/e6d22c21-89b0-4434-8540-176bfb32e9cb/640.jpeg", "normalizedUrl": "https://megapx-assets.dcard.tw/images/e6d22c21-89b0-4434-8540-176bfb32e9cb/640.jpeg", "thumbnail": "https://megapx-assets.dcard.tw/images/e6d22c21-89b0-4434-8540-176bfb32e9cb/640.jpeg", "type": "image/thumbnail", "tags": [], "createdAt": "2020-02-02T16:57:19.503Z", "updatedAt": "2020-02-02T16:57:19.503Z", "width": 296, "height": 640}, {"id": "b562d09a-fea9-4d19-8276-bcff54861f64", "url": "https://megapx-assets.dcard.tw/images/e6d22c21-89b0-4434-8540-176bfb32e9cb/1280.jpeg", "normalizedUrl": "https://megapx.dcard.tw/v1/images/e6d22c21-89b0-4434-8540-176bfb32e9cb", "thumbnail": "https://megapx-assets.dcard.tw/images/e6d22c21-89b0-4434-8540-176bfb32e9cb/640.jpeg", "type": "image/megapx", "tags": [], "createdAt": "2020-02-02T16:57:19.503Z", "updatedAt": "2020-02-02T16:57:19.503Z", "width": 925, "height": 2000}], "reactions": [{"id": "286f599c-f86a-4932-82f0-f5a06f1eca03", "count": 3}], "hidden": false, "customStyle": null, "isSuspiciousAccount": false, "layout": "classic", "withImages": true, "withVideos": false, "media": [{"url": "https://megapx-assets.dcard.tw/images/e6d22c21-89b0-4434-8540-176bfb32e9cb/1280.jpeg"}], "reportReasonText": "", "postAvatar": ""}, {"id": 233011460, "title": "［請益］不知名內褲品牌", "excerpt": "各位大家好！，舍弟在很久之前不知道在哪買了一條內褲覺得好穿，近日想再買，但除了照片上ㄉ商標（？）外已無可辨識之標籤，以圖搜圖也沒有任何相關資訊，因此想問有沒有人知道是什麼牌子或是那裡可以買到？謝謝！", "anonymousSchool": false, "anonymousDepartment": true, "pinned": false, "forumId": "be1a095b-175e-4523-9e06-66a05d939676", "replyId": null, "createdAt": "2020-02-03T17:50:58.345Z", "updatedAt": "2020-02-03T17:50:58.345Z", "commentCount": 1, "likeCount": 2, "withNickname": false, "tags": [], "topics": ["內褲", "品牌"], "meta": {"layout": "classic"}, "forumName": "穿搭", "forumAlias": "dressup", "gender": "F", "school": "國立政治大學", "replyTitle": null, "mediaMeta": [{"id": "d78ee546-9171-4f30-a7da-1dc898110c1e", "url": "https://i.imgur.com/N9KHrDgl.jpg", "normalizedUrl": "https://i.imgur.com/N9KHrDgl.jpg", "thumbnail": "https://i.imgur.com/N9KHrDgl.jpg", "type": "image/thumbnail", "tags": ["ANNOTATED"], "createdAt": "2020-02-03T17:50:58.345Z", "updatedAt": "2020-02-03T17:50:58.345Z"}, {"id": "d78ee546-9171-4f30-a7da-1dc898110c1e", "url": "https://i.imgur.com/N9KHrDg.jpg", "normalizedUrl": "https://imgur.com/N9KHrDg", "thumbnail": "https://i.imgur.com/N9KHrDgl.jpg", "type": "image/imgur", "tags": ["ANNOTATED"], "createdAt": "2020-02-03T17:50:58.345Z", "updatedAt": "2020-02-03T17:50:58.345Z"}], "reactions": [{"id": "286f599c-f86a-4932-82f0-f5a06f1eca03", "count": 2}], "hidden": false, "customStyle": null, "isSuspiciousAccount": false, "layout": "classic", "withImages": true, "withVideos": false, "media": [{"url": "https://i.imgur.com/N9KHrDg.jpg"}], "reportReasonText": "", "postAvatar": ""}, {"id": 233011396, "title": "詢問外套", "excerpt": "在IG看到香港這家店的外套都好好看，想請問有沒有推薦類似外套的店家，‍️‍️", "anonymousSchool": false, "anonymousDepartment": true, "pinned": false, "forumId": "be1a095b-175e-4523-9e06-66a05d939676", "replyId": null, "createdAt": "2020-02-03T17:36:03.357Z", "updatedAt": "2020-02-03T17:36:35.764Z", "commentCount": 0, "likeCount": 2, "withNickname": false, "tags": [], "topics": ["外套", "問題"], "meta": {"layout": "classic"}, "forumName": "穿搭", "forumAlias": "dressup", "gender": "F", "school": "慈濟科技大學", "replyTitle": null, "mediaMeta": [{"id": "2639d5d5-2fe5-4b11-9459-948dd62f113b", "url": "https://megapx-assets.dcard.tw/images/454a91f6-9e7e-4c95-acae-47d4b8cfc944/640.jpeg", "normalizedUrl": "https://megapx-assets.dcard.tw/images/454a91f6-9e7e-4c95-acae-47d4b8cfc944/640.jpeg", "thumbnail": "https://megapx-assets.dcard.tw/images/454a91f6-9e7e-4c95-acae-47d4b8cfc944/640.jpeg", "type": "image/thumbnail", "tags": ["ANNOTATED"], "createdAt": "2020-02-03T17:36:03.357Z", "updatedAt": "2020-02-03T17:36:35.764Z", "width": 360, "height": 640}, {"id": "2639d5d5-2fe5-4b11-9459-948dd62f113b", "url": "https://megapx-assets.dcard.tw/images/454a91f6-9e7e-4c95-acae-47d4b8cfc944/1280.jpeg", "normalizedUrl": "https://megapx.dcard.tw/v1/images/454a91f6-9e7e-4c95-acae-47d4b8cfc944", "thumbnail": "https://megapx-assets.dcard.tw/images/454a91f6-9e7e-4c95-acae-47d4b8cfc944/640.jpeg", "type": "image/megapx", "tags": ["ANNOTATED"], "createdAt": "2020-02-03T17:36:03.357Z", "updatedAt": "2020-02-03T17:36:35.764Z", "width": 750, "height": 1334}], "reactions": [{"id": "286f599c-f86a-4932-82f0-f5a06f1eca03", "count": 2}], "hidden": false, "customStyle": null, "isSuspiciousAccount": false, "layout": "classic", "withImages": true, "withVideos": false, "media": [{"url": "https://megapx-assets.dcard.tw/images/454a91f6-9e7e-4c95-acae-47d4b8cfc944/1280.jpeg"}], "reportReasonText": "", "postAvatar": ""}, {"id": 233010714, "title": "問Nike 外套款式", "excerpt": "請問有人知道rima女神身上穿的這件外套的款式嗎，謝謝～～", "anonymousSchool": false, "anonymousDepartment": true, "pinned": false, "forumId": "be1a095b-175e-4523-9e06-66a05d939676", "replyId": null, "createdAt": "2020-02-03T16:07:37.526Z", "updatedAt": "2020-02-03T16:07:37.526Z", "commentCount": 0, "likeCount": 2, "withNickname": false, "tags": [], "topics": ["外套", "穿搭"], "meta": {"layout": "classic"}, "forumName": "穿搭", "forumAlias": "dressup", "gender": "F", "school": "中國文化大學", "replyTitle": null, "mediaMeta": [{"id": "6e175ba2-6a16-4004-952d-f933cb3bc614", "url": "https://i.imgur.com/faTJ2Ucl.jpg", "normalizedUrl": "https://i.imgur.com/faTJ2Ucl.jpg", "thumbnail": "https://i.imgur.com/faTJ2Ucl.jpg", "type": "image/thumbnail", "tags": ["ANNOTATED"], "createdAt": "2020-02-03T16:07:37.526Z", "updatedAt": "2020-02-03T16:07:37.526Z"}, {"id": "6e175ba2-6a16-4004-952d-f933cb3bc614", "url": "https://i.imgur.com/faTJ2Uc.jpg", "normalizedUrl": "https://imgur.com/faTJ2Uc", "thumbnail": "https://i.imgur.com/faTJ2Ucl.jpg", "type": "image/imgur", "tags": ["ANNOTATED"], "createdAt": "2020-02-03T16:07:37.526Z", "updatedAt": "2020-02-03T16:07:37.526Z"}], "reactions": [{"id": "286f599c-f86a-4932-82f0-f5a06f1eca03", "count": 2}], "hidden": false, "customStyle": null, "isSuspiciousAccount": false, "layout": "classic", "withImages": true, "withVideos": false, "media": [{"url": "https://i.imgur.com/faTJ2Uc.jpg"}], "reportReasonText": "", "postAvatar": ""}, {"id": 233010608, "title": "尋 新堀江 韓系潮衣", "excerpt": "大家好 請問有人知道，高雄  新堀江 有沒有店在賣韓國的衣服嗎？就是那種有小牌子的，例如oioi/vivastudio之類的大學T，如果知道哪裡有在買，請告訴我，謝謝大家", "anonymousSchool": false, "anonymousDepartment": false, "pinned": false, "forumId": "be1a095b-175e-4523-9e06-66a05d939676", "replyId": null, "createdAt": "2020-02-03T15:57:41.420Z", "updatedAt": "2020-02-03T15:57:41.420Z", "commentCount": 2, "likeCount": 2, "withNickname": true, "tags": [], "topics": ["新堀江", "穿搭", "日常穿搭"], "meta": {"layout": "classic"}, "forumName": "穿搭", "forumAlias": "dressup", "gender": "F", "school": "咪嚕咪路.", "department": "coming_soon", "replyTitle": null, "mediaMeta": [], "reactions": [{"id": "286f599c-f86a-4932-82f0-f5a06f1eca03", "count": 2}], "hidden": false, "customStyle": null, "isSuspiciousAccount": false, "layout": "classic", "withImages": false, "withVideos": false, "media": [], "reportReasonText": "", "postAvatar": ""}, {"id": 233010139, "title": "H&M 比基尼啥時有ಥ_ಥ", "excerpt": "如題，今天跑到信義區的h&m，結果只有沒幾款沒幾件⋯⋯⋯，想問問有沒有人知道啥時會上 或是哪間買得到西門會不會有～感謝大家", "anonymousSchool": false, "anonymousDepartment": true, "pinned": false, "forumId": "be1a095b-175e-4523-9e06-66a05d939676", "replyId": null, "createdAt": "2020-02-03T15:04:22.338Z", "updatedAt": "2020-02-03T15:05:03.751Z", "commentCount": 0, "likeCount": 2, "withNickname": false, "tags": ["HIDE_THUMBNAIL"], "topics": ["比基尼", "HM"], "meta": {"layout": "classic"}, "forumName": "穿搭", "forumAlias": "dressup", "gender": "F", "school": "中國文化大學", "replyTitle": null, "mediaMeta": [], "reactions": [{"id": "286f599c-f86a-4932-82f0-f5a06f1eca03", "count": 2}], "hidden": false, "customStyle": null, "isSuspiciousAccount": false, "layout": "classic", "withImages": false, "withVideos": false, "media": [], "reportReasonText": "", "postAvatar": ""}, {"id": 233008163, "title": "#問 小麥肌選手錶～", "excerpt": "最近看到這幾隻錶，覺得好好看想買，可是是美國代購，不敢亂買，買錯很麻煩，想麻煩大家幫我選一選了🥺，如圖示，真的有夠猶豫的，想買錶配衣服 不然永遠都電子錶好像也不是辦法，如果有其他推薦的錶也麻煩告訴我", "anonymousSchool": false, "anonymousDepartment": false, "pinned": false, "forumId": "be1a095b-175e-4523-9e06-66a05d939676", "replyId": null, "createdAt": "2020-02-03T10:22:37.630Z", "updatedAt": "2020-02-03T10:30:23.887Z", "commentCount": 1, "likeCount": 2, "withNickname": true, "tags": [], "topics": ["手錶", "小麥", "日常穿搭", "穿搭"], "meta": {"layout": "classic"}, "forumName": "穿搭", "forumAlias": "dressup", "gender": "F", "school": "柒", "department": "hslin077", "replyTitle": null, "mediaMeta": [{"id": "f3b8c680-cbab-490b-9d8d-96440b55177e", "url": "https://megapx-assets.dcard.tw/images/bee05198-04ff-423c-b421-1376ef9b1820/640.jpeg", "normalizedUrl": "https://megapx-assets.dcard.tw/images/bee05198-04ff-423c-b421-1376ef9b1820/640.jpeg", "thumbnail": "https://megapx-assets.dcard.tw/images/bee05198-04ff-423c-b421-1376ef9b1820/640.jpeg", "type": "image/thumbnail", "tags": ["ANNOTATED"], "createdAt": "2020-02-03T10:22:37.630Z", "updatedAt": "2020-02-03T10:30:23.887Z", "width": 360, "height": 640}, {"id": "f3b8c680-cbab-490b-9d8d-96440b55177e", "url": "https://megapx-assets.dcard.tw/images/bee05198-04ff-423c-b421-1376ef9b1820/1280.jpeg", "normalizedUrl": "https://megapx.dcard.tw/v1/images/bee05198-04ff-423c-b421-1376ef9b1820", "thumbnail": "https://megapx-assets.dcard.tw/images/bee05198-04ff-423c-b421-1376ef9b1820/640.jpeg", "type": "image/megapx", "tags": ["ANNOTATED"], "createdAt": "2020-02-03T10:22:37.630Z", "updatedAt": "2020-02-03T10:30:23.887Z", "width": 1125, "height": 2000}, {"id": "e5de55fe-e345-4715-a1ee-e642c72426ff", "url": "https://megapx-assets.dcard.tw/images/67690afe-4128-48df-b5b8-4cc47c85b4ce/1280.jpeg", "normalizedUrl": "https://megapx.dcard.tw/v1/images/67690afe-4128-48df-b5b8-4cc47c85b4ce", "thumbnail": "https://megapx-assets.dcard.tw/images/67690afe-4128-48df-b5b8-4cc47c85b4ce/640.jpeg", "type": "image/megapx", "tags": [], "createdAt": "2020-02-03T10:30:23.887Z", "updatedAt": "2020-02-03T10:30:23.887Z", "width": 1500, "height": 2000}], "reactions": [{"id": "286f599c-f86a-4932-82f0-f5a06f1eca03", "count": 2}], "hidden": false, "customStyle": null, "isSuspiciousAccount": false, "layout": "classic", "withImages": true, "withVideos": false, "media": [{"url": "https://megapx-assets.dcard.tw/images/bee05198-04ff-423c-b421-1376ef9b1820/1280.jpeg"}, {"url": "https://megapx-assets.dcard.tw/images/67690afe-4128-48df-b5b8-4cc47c85b4ce/1280.jpeg"}], "reportReasonText": "", "postAvatar": ""}]