[{"id": 233010117, "title": "推薦美劇《This is us》", "excerpt": "This is us 真的是一部後勁很強的影集，剛追完第一季和第二季，有看的人應該知道看第二季的心情 嗚嗚，這是一個家庭的故事。這齣劇敘事的方式，並非依照時間的開展，用過去和現在穿插展現了每個角色各自", "anonymousSchool": false, "anonymousDepartment": false, "pinned": false, "forumId": "28e79ba0-8ded-4acc-a6b2-f015bdef7605", "replyId": null, "createdAt": "2020-02-03T15:02:26.791Z", "updatedAt": "2020-02-04T03:24:00.200Z", "commentCount": 1, "likeCount": 13, "withNickname": true, "tags": [], "topics": ["美劇", "歐美影劇", "觀後感"], "meta": {"layout": "classic"}, "forumName": "歐美影集", "forumAlias": "ea_series", "gender": "F", "school": "YHC99", "department": "mandy0611", "replyTitle": null, "mediaMeta": [{"id": "7d62fd5d-9659-4317-80e2-fda045a70ad5", "url": "https://megapx-assets.dcard.tw/images/cf523b4c-21aa-42f7-80d8-fe567f5ffe49/320.jpeg", "normalizedUrl": "https://megapx-assets.dcard.tw/images/cf523b4c-21aa-42f7-80d8-fe567f5ffe49/320.jpeg", "thumbnail": "https://megapx-assets.dcard.tw/images/cf523b4c-21aa-42f7-80d8-fe567f5ffe49/320.jpeg", "type": "image/thumbnail", "tags": ["ANNOTATED"], "createdAt": "2020-02-03T15:02:26.791Z", "updatedAt": "2020-02-04T03:24:00.200Z", "width": 320, "height": 214}, {"id": "7d62fd5d-9659-4317-80e2-fda045a70ad5", "url": "https://megapx-assets.dcard.tw/images/cf523b4c-21aa-42f7-80d8-fe567f5ffe49/full.jpeg", "normalizedUrl": "https://megapx.dcard.tw/v1/images/cf523b4c-21aa-42f7-80d8-fe567f5ffe49", "thumbnail": "https://megapx-assets.dcard.tw/images/cf523b4c-21aa-42f7-80d8-fe567f5ffe49/320.jpeg", "type": "image/megapx", "tags": ["ANNOTATED"], "createdAt": "2020-02-03T15:02:26.791Z", "updatedAt": "2020-02-04T03:24:00.200Z", "width": 630, "height": 422}, {"id": "411e9fd7-746d-45f4-9d40-44cea7280c86", "url": "https://megapx-assets.dcard.tw/images/dc538f6f-c156-4155-9d30-fd4fe2224574/full.jpeg", "normalizedUrl": "https://megapx.dcard.tw/v1/images/dc538f6f-c156-4155-9d30-fd4fe2224574", "thumbnail": "https://megapx-assets.dcard.tw/images/dc538f6f-c156-4155-9d30-fd4fe2224574/640.jpeg", "type": "image/megapx", "tags": ["ANNOTATED"], "createdAt": "2020-02-03T15:02:26.791Z", "updatedAt": "2020-02-04T03:24:00.200Z", "width": 720, "height": 864}, {"id": "50da7e5a-9a00-4d6c-8db3-b3d3dbc071af", "url": "https://megapx-assets.dcard.tw/images/e3af7683-9c62-4a54-bd9d-074d4b976434/1280.jpeg", "normalizedUrl": "https://megapx.dcard.tw/v1/images/e3af7683-9c62-4a54-bd9d-074d4b976434", "thumbnail": "https://megapx-assets.dcard.tw/images/e3af7683-9c62-4a54-bd9d-074d4b976434/640.jpeg", "type": "image/megapx", "tags": ["ANNOTATED"], "createdAt": "2020-02-03T15:02:26.791Z", "updatedAt": "2020-02-04T03:24:00.200Z", "width": 2000, "height": 1334}, {"id": "29b1285b-ab37-44a9-ba0e-12d3e006c2b7", "url": "https://megapx-assets.dcard.tw/images/97d89eca-ea32-40b1-a9b8-d941db83f24b/1280.jpeg", "normalizedUrl": "https://megapx.dcard.tw/v1/images/97d89eca-ea32-40b1-a9b8-d941db83f24b", "thumbnail": "https://megapx-assets.dcard.tw/images/97d89eca-ea32-40b1-a9b8-d941db83f24b/640.jpeg", "type": "image/megapx", "tags": ["ANNOTATED"], "createdAt": "2020-02-03T15:02:26.791Z", "updatedAt": "2020-02-04T03:24:00.200Z", "width": 1242, "height": 1671}], "reactions": [{"id": "286f599c-f86a-4932-82f0-f5a06f1eca03", "count": 13}], "hidden": false, "customStyle": null, "isSuspiciousAccount": false, "layout": "classic", "withImages": true, "withVideos": false, "media": [{"url": "https://megapx-assets.dcard.tw/images/cf523b4c-21aa-42f7-80d8-fe567f5ffe49/full.jpeg"}, {"url": "https://megapx-assets.dcard.tw/images/dc538f6f-c156-4155-9d30-fd4fe2224574/full.jpeg"}, {"url": "https://megapx-assets.dcard.tw/images/e3af7683-9c62-4a54-bd9d-074d4b976434/1280.jpeg"}, {"url": "https://megapx-assets.dcard.tw/images/97d89eca-ea32-40b1-a9b8-d941db83f24b/1280.jpeg"}], "reportReasonText": "", "postAvatar": ""}, {"id": 233009768, "title": "美劇分享：Mr.Robot (駭客軍團）", "excerpt": "總共四季，已於去年底完結。劇情：不劇透講的話，就是主要在講一個早上在網路保安公司上班的主角，晚上化身駭客行俠仗義的故事，但是主角患有社交恐懼，偏執，自閉，就是個社會邊緣人。他創造了fsociety（F", "anonymousSchool": false, "anonymousDepartment": true, "pinned": false, "forumId": "28e79ba0-8ded-4acc-a6b2-f015bdef7605", "replyId": null, "createdAt": "2020-02-03T14:17:32.814Z", "updatedAt": "2020-02-03T14:17:32.814Z", "commentCount": 0, "likeCount": 7, "withNickname": false, "tags": [], "topics": ["美劇", "觀後感"], "meta": {"layout": "classic"}, "forumName": "歐美影集", "forumAlias": "ea_series", "gender": "M", "school": "輔仁大學", "replyTitle": null, "mediaMeta": [{"id": "9e406288-e15b-4702-a131-b56d282d2ff0", "url": "https://megapx-assets.dcard.tw/images/ae20ece9-336a-4caf-8ecb-0582a185a43e/640.jpeg", "normalizedUrl": "https://megapx-assets.dcard.tw/images/ae20ece9-336a-4caf-8ecb-0582a185a43e/640.jpeg", "thumbnail": "https://megapx-assets.dcard.tw/images/ae20ece9-336a-4caf-8ecb-0582a185a43e/640.jpeg", "type": "image/thumbnail", "tags": [], "createdAt": "2020-02-03T14:17:32.814Z", "updatedAt": "2020-02-03T14:17:32.814Z", "width": 640, "height": 640}, {"id": "9e406288-e15b-4702-a131-b56d282d2ff0", "url": "https://megapx-assets.dcard.tw/images/ae20ece9-336a-4caf-8ecb-0582a185a43e/full.jpeg", "normalizedUrl": "https://megapx.dcard.tw/v1/images/ae20ece9-336a-4caf-8ecb-0582a185a43e", "thumbnail": "https://megapx-assets.dcard.tw/images/ae20ece9-336a-4caf-8ecb-0582a185a43e/640.jpeg", "type": "image/megapx", "tags": [], "createdAt": "2020-02-03T14:17:32.814Z", "updatedAt": "2020-02-03T14:17:32.814Z", "width": 800, "height": 800}, {"id": "bb352e2e-2c66-4fcb-8a17-f5f4e2295ee1", "url": "https://megapx-assets.dcard.tw/images/5c88e9e9-a9fc-4846-a1eb-591860434631/full.jpeg", "normalizedUrl": "https://megapx.dcard.tw/v1/images/5c88e9e9-a9fc-4846-a1eb-591860434631", "thumbnail": "https://megapx-assets.dcard.tw/images/5c88e9e9-a9fc-4846-a1eb-591860434631/640.jpeg", "type": "image/megapx", "tags": [], "createdAt": "2020-02-03T14:17:32.814Z", "updatedAt": "2020-02-03T14:17:32.814Z", "width": 644, "height": 436}], "reactions": [{"id": "286f599c-f86a-4932-82f0-f5a06f1eca03", "count": 6}, {"id": "e8e6bc5d-41b0-4129-b134-97507523d7ff", "count": 1}], "hidden": false, "customStyle": null, "isSuspiciousAccount": false, "layout": "classic", "withImages": true, "withVideos": false, "media": [{"url": "https://megapx-assets.dcard.tw/images/ae20ece9-336a-4caf-8ecb-0582a185a43e/full.jpeg"}, {"url": "https://megapx-assets.dcard.tw/images/5c88e9e9-a9fc-4846-a1eb-591860434631/full.jpeg"}], "reportReasonText": "", "postAvatar": ""}, {"id": 233010599, "title": "#求推單元劇", "excerpt": "想請問各位大大有沒有推薦的單元劇影集，目前看過的有，《黑鏡》這部簡直一生推！！科技感大愛，但還是有幾集不喜歡，《愛x死亡x機器人》我覺得畫風很酷，比較不像其他的都是真人，但就是時間短了一點，《九號秘事", "anonymousSchool": false, "anonymousDepartment": true, "pinned": false, "forumId": "28e79ba0-8ded-4acc-a6b2-f015bdef7605", "replyId": null, "createdAt": "2020-02-03T15:56:21.428Z", "updatedAt": "2020-02-03T15:56:21.428Z", "commentCount": 0, "likeCount": 6, "withNickname": false, "tags": ["HIDE_THUMBNAIL"], "topics": [], "meta": {"layout": "classic"}, "forumName": "歐美影集", "forumAlias": "ea_series", "gender": "F", "school": "長榮大學", "replyTitle": null, "mediaMeta": [], "reactions": [{"id": "286f599c-f86a-4932-82f0-f5a06f1eca03", "count": 4}, {"id": "011ead16-9b83-4729-9fde-c588920c6c2d", "count": 1}, {"id": "aa0d425f-d530-4478-9a77-fe3aedc79eea", "count": 1}], "hidden": false, "customStyle": null, "isSuspiciousAccount": false, "layout": "classic", "withImages": false, "withVideos": false, "media": [], "reportReasonText": "", "postAvatar": ""}, {"id": 233009303, "title": "微冷門喜劇分享⭐ #IMDb高分", "excerpt": "以下六部都是我很愛的劇，但在台灣的討論人氣都很低（有些在國外可是十分熱門），每部IMDb分數都拿了>8的高分，Let's start~，1⃣ Schitt's Creek 富家窮路，季數： 六季 （2", "anonymousSchool": false, "anonymousDepartment": true, "pinned": false, "forumId": "28e79ba0-8ded-4acc-a6b2-f015bdef7605", "replyId": null, "createdAt": "2020-02-03T13:17:49.464Z", "updatedAt": "2020-02-03T14:07:11.827Z", "commentCount": 1, "likeCount": 5, "withNickname": false, "tags": [], "topics": ["美劇", "歐美影集板", "歐美影劇", "影集", "觀後感"], "meta": {"layout": "classic"}, "forumName": "歐美影集", "forumAlias": "ea_series", "gender": "M", "school": "國立中央大學", "replyTitle": null, "mediaMeta": [{"id": "61f53c2f-dfb1-4f3c-93c0-87479b3dc3e7", "url": "https://i.imgur.com/xGkXPPHl.jpg", "normalizedUrl": "https://i.imgur.com/xGkXPPHl.jpg", "thumbnail": "https://i.imgur.com/xGkXPPHl.jpg", "type": "image/thumbnail", "tags": ["ANNOTATED"], "createdAt": "2020-02-03T13:17:49.464Z", "updatedAt": "2020-02-03T14:07:11.827Z"}, {"id": "61f53c2f-dfb1-4f3c-93c0-87479b3dc3e7", "url": "http://i.imgur.com/xGkXPPH.jpg", "normalizedUrl": "https://imgur.com/xGkXPPH", "thumbnail": "https://i.imgur.com/xGkXPPHl.jpg", "type": "image/imgur", "tags": ["ANNOTATED"], "createdAt": "2020-02-03T13:17:49.464Z", "updatedAt": "2020-02-03T14:07:11.827Z"}, {"id": "933bb340-2c05-48a7-ac15-7693c5c408fc", "url": "http://i.imgur.com/zyc1pxG.jpg", "normalizedUrl": "https://imgur.com/zyc1pxG", "thumbnail": "https://i.imgur.com/zyc1pxGl.jpg", "type": "image/imgur", "tags": ["ANNOTATED"], "createdAt": "2020-02-03T13:17:49.464Z", "updatedAt": "2020-02-03T14:07:11.827Z"}, {"id": "6413bccc-6881-4e95-8d05-19751e7d3ebf", "url": "http://i.imgur.com/npu6JfQ.jpg", "normalizedUrl": "https://imgur.com/npu6JfQ", "thumbnail": "https://i.imgur.com/npu6JfQl.jpg", "type": "image/imgur", "tags": ["ANNOTATED"], "createdAt": "2020-02-03T13:17:49.464Z", "updatedAt": "2020-02-03T14:07:11.827Z"}, {"id": "7061d76a-e41f-4faf-b5cd-bb05018c82dc", "url": "http://i.imgur.com/3uCChHU.jpg", "normalizedUrl": "https://imgur.com/3uCChHU", "thumbnail": "https://i.imgur.com/3uCChHUl.jpg", "type": "image/imgur", "tags": ["ANNOTATED"], "createdAt": "2020-02-03T13:17:49.464Z", "updatedAt": "2020-02-03T14:07:11.827Z"}, {"id": "c570358a-c33f-4f51-b7cf-cdd879d48716", "url": "http://i.imgur.com/fvm69dk.jpg", "normalizedUrl": "https://imgur.com/fvm69dk", "thumbnail": "https://i.imgur.com/fvm69dkl.jpg", "type": "image/imgur", "tags": ["ANNOTATED"], "createdAt": "2020-02-03T13:17:49.464Z", "updatedAt": "2020-02-03T14:07:11.827Z"}, {"id": "f4aebb50-b981-4be4-813e-54df06105684", "url": "http://i.imgur.com/W2nIFdb.jpg", "normalizedUrl": "https://imgur.com/W2nIFdb", "thumbnail": "https://i.imgur.com/W2nIFdbl.jpg", "type": "image/imgur", "tags": ["ANNOTATED"], "createdAt": "2020-02-03T13:17:49.464Z", "updatedAt": "2020-02-03T14:07:11.827Z"}], "reactions": [{"id": "286f599c-f86a-4932-82f0-f5a06f1eca03", "count": 4}, {"id": "aa0d425f-d530-4478-9a77-fe3aedc79eea", "count": 1}], "hidden": false, "customStyle": null, "isSuspiciousAccount": false, "layout": "classic", "withImages": true, "withVideos": false, "media": [{"url": "http://i.imgur.com/xGkXPPH.jpg"}, {"url": "http://i.imgur.com/zyc1pxG.jpg"}, {"url": "http://i.imgur.com/npu6JfQ.jpg"}, {"url": "http://i.imgur.com/3uCChHU.jpg"}, {"url": "http://i.imgur.com/fvm69dk.jpg"}, {"url": "http://i.imgur.com/W2nIFdb.jpg"}], "reportReasonText": "", "postAvatar": ""}, {"id": 233012661, "title": "轉：#分享 曼達洛人的硬派正道 Lego 75254 、75267", "excerpt": "", "anonymousSchool": false, "anonymousDepartment": false, "pinned": false, "forumId": "28e79ba0-8ded-4acc-a6b2-f015bdef7605", "replyId": 233012578, "createdAt": "2020-02-04T03:08:57.356Z", "updatedAt": "2020-02-04T03:08:57.356Z", "commentCount": 0, "likeCount": 0, "withNickname": true, "tags": [], "topics": ["LEGO", "樂高", "StarWars", "星際大戰"], "meta": {"crossPostId": 233012578}, "forumName": "歐美影集", "forumAlias": "ea_series", "gender": "M", "school": "二級玩家", "department": "alaws0930", "replyTitle": "#分享 曼達洛人的硬派正道 Lego 75254 、75267", "mediaMeta": [], "reactions": [], "hidden": false, "customStyle": null, "isSuspiciousAccount": false, "layout": "classic", "withImages": false, "withVideos": false, "media": [], "reportReasonText": "", "postAvatar": ""}, {"id": 233012094, "title": "原來她也是Friends的愛好者", "excerpt": "剛在某個影片上發現Elva對男友比的手勢不就是Ross的自創手勢嗎，身邊的朋友都沒看過Friends，等沒人接我的梗，希望身邊有人懂這些手勢", "anonymousSchool": false, "anonymousDepartment": true, "pinned": false, "forumId": "28e79ba0-8ded-4acc-a6b2-f015bdef7605", "replyId": null, "createdAt": "2020-02-03T23:48:34.300Z", "updatedAt": "2020-02-03T23:48:34.300Z", "commentCount": 2, "likeCount": 0, "withNickname": false, "tags": [], "topics": ["美劇", "六人行", "Netflix"], "meta": {"layout": "classic"}, "forumName": "歐美影集", "forumAlias": "ea_series", "gender": "F", "school": "國立高雄餐旅大學", "replyTitle": null, "mediaMeta": [{"id": "bfad0b59-089b-4d3c-9ac8-f5c9e9e4adda", "url": "https://megapx-assets.dcard.tw/images/e6c8bac7-99c1-49bf-bee4-ff9241078d4b/320.jpeg", "normalizedUrl": "https://megapx-assets.dcard.tw/images/e6c8bac7-99c1-49bf-bee4-ff9241078d4b/320.jpeg", "thumbnail": "https://megapx-assets.dcard.tw/images/e6c8bac7-99c1-49bf-bee4-ff9241078d4b/320.jpeg", "type": "image/thumbnail", "tags": [], "createdAt": "2020-02-03T23:48:34.300Z", "updatedAt": "2020-02-03T23:48:34.300Z", "width": 320, "height": 162}, {"id": "bfad0b59-089b-4d3c-9ac8-f5c9e9e4adda", "url": "https://megapx-assets.dcard.tw/images/e6c8bac7-99c1-49bf-bee4-ff9241078d4b/full.jpeg", "normalizedUrl": "https://megapx.dcard.tw/v1/images/e6c8bac7-99c1-49bf-bee4-ff9241078d4b", "thumbnail": "https://megapx-assets.dcard.tw/images/e6c8bac7-99c1-49bf-bee4-ff9241078d4b/320.jpeg", "type": "image/megapx", "tags": [], "createdAt": "2020-02-03T23:48:34.300Z", "updatedAt": "2020-02-03T23:48:34.300Z", "width": 498, "height": 252}, {"id": "cba69fc0-bad1-4348-9aa8-460184b6b1a2", "url": "https://megapx-assets.dcard.tw/images/d86f9672-a160-4573-8096-bbc74ec103cc/full.jpeg", "normalizedUrl": "https://megapx.dcard.tw/v1/images/d86f9672-a160-4573-8096-bbc74ec103cc", "thumbnail": "https://megapx-assets.dcard.tw/images/d86f9672-a160-4573-8096-bbc74ec103cc/320.jpeg", "type": "image/megapx", "tags": [], "createdAt": "2020-02-03T23:48:34.300Z", "updatedAt": "2020-02-03T23:48:34.300Z", "width": 480, "height": 270}, {"id": "0df61e58-2839-45d7-ad3c-126a3349e9ff", "url": "https://megapx-assets.dcard.tw/images/22afd796-1668-4e3f-b1d7-80af0034ea34/full.jpeg", "normalizedUrl": "https://megapx.dcard.tw/v1/images/22afd796-1668-4e3f-b1d7-80af0034ea34", "thumbnail": "https://megapx-assets.dcard.tw/images/22afd796-1668-4e3f-b1d7-80af0034ea34/320.jpeg", "type": "image/megapx", "tags": [], "createdAt": "2020-02-03T23:48:34.300Z", "updatedAt": "2020-02-03T23:48:34.300Z", "width": 498, "height": 199}], "reactions": [], "hidden": false, "customStyle": null, "isSuspiciousAccount": false, "layout": "classic", "withImages": true, "withVideos": false, "media": [{"url": "https://megapx-assets.dcard.tw/images/e6c8bac7-99c1-49bf-bee4-ff9241078d4b/full.jpeg"}, {"url": "https://megapx-assets.dcard.tw/images/d86f9672-a160-4573-8096-bbc74ec103cc/full.jpeg"}, {"url": "https://megapx-assets.dcard.tw/images/22afd796-1668-4e3f-b1d7-80af0034ea34/full.jpeg"}], "reportReasonText": "", "postAvatar": ""}]