[{"id": 233007325, "title": "確定所有大學開學時間移至3/2", "excerpt": "附上連結：不知道會不會影響到大大小小的考試", "anonymousSchool": false, "anonymousDepartment": true, "pinned": false, "forumId": "d43f33f9-873f-46b3-9f24-38c90056b96c", "replyId": null, "createdAt": "2020-02-03T08:36:00.614Z", "updatedAt": "2020-02-03T08:37:21.885Z", "commentCount": 26, "likeCount": 39, "withNickname": false, "tags": [], "topics": ["時間", "開學", "考試"], "meta": {"layout": "classic"}, "forumName": "考試", "forumAlias": "exam", "gender": "F", "school": "國立嘉義大學", "replyTitle": null, "mediaMeta": [], "reactions": [{"id": "286f599c-f86a-4932-82f0-f5a06f1eca03", "count": 38}, {"id": "aa0d425f-d530-4478-9a77-fe3aedc79eea", "count": 1}], "hidden": false, "customStyle": null, "isSuspiciousAccount": false, "layout": "classic", "withImages": false, "withVideos": false, "media": [], "reportReasonText": "", "postAvatar": ""}, {"id": 233007339, "title": "在學重考指考碰期末考週", "excerpt": "有誰現在跟我一樣崩潰期末考週跟指考強碰這件事情嗎，已經不是少幾週準備的問題而是很有可能要直接放棄指考⋯⋯", "anonymousSchool": false, "anonymousDepartment": true, "pinned": false, "forumId": "d43f33f9-873f-46b3-9f24-38c90056b96c", "replyId": null, "createdAt": "2020-02-03T08:36:39.368Z", "updatedAt": "2020-02-03T08:36:39.368Z", "commentCount": 24, "likeCount": 30, "withNickname": false, "tags": ["HIDE_THUMBNAIL"], "topics": ["期末考", "指考"], "meta": {"layout": "classic"}, "forumName": "考試", "forumAlias": "exam", "gender": "F", "school": "國立臺灣大學", "replyTitle": null, "mediaMeta": [], "reactions": [{"id": "286f599c-f86a-4932-82f0-f5a06f1eca03", "count": 30}], "hidden": false, "customStyle": null, "isSuspiciousAccount": false, "layout": "classic", "withImages": false, "withVideos": false, "media": [], "reportReasonText": "", "postAvatar": ""}, {"id": 233009727, "title": "開放課程(數學)", "excerpt": "最近剛好有空整理的開放式課程（數學部分），分享給大家", "anonymousSchool": false, "anonymousDepartment": false, "pinned": false, "forumId": "d43f33f9-873f-46b3-9f24-38c90056b96c", "replyId": null, "createdAt": "2020-02-03T14:11:50.235Z", "updatedAt": "2020-02-03T14:11:50.235Z", "commentCount": 3, "likeCount": 17, "withNickname": false, "tags": [], "topics": ["數學", "轉學考", "研究所", "大學", "考試"], "meta": {"layout": "classic"}, "forumName": "考試", "forumAlias": "exam", "gender": "M", "school": "國立嘉義大學", "department": "電子物理學系", "replyTitle": null, "mediaMeta": [], "reactions": [{"id": "286f599c-f86a-4932-82f0-f5a06f1eca03", "count": 17}], "hidden": false, "customStyle": null, "isSuspiciousAccount": false, "layout": "classic", "withImages": false, "withVideos": false, "media": [], "reportReasonText": "", "postAvatar": ""}, {"id": 233007284, "title": "大一下被二一", "excerpt": "目前我要準備轉學考，但大一下幾乎沒有空堂讓我讀書，（大一上我都有過 成績很高快90那種），那我想問一下 如果大一下都不去 還有資格轉學考嗎 會不會有證明讀過大一，謝謝大家", "anonymousSchool": false, "anonymousDepartment": true, "pinned": false, "forumId": "d43f33f9-873f-46b3-9f24-38c90056b96c", "replyId": null, "createdAt": "2020-02-03T08:32:34.879Z", "updatedAt": "2020-02-03T08:32:34.879Z", "commentCount": 14, "likeCount": 17, "withNickname": false, "tags": ["HIDE_THUMBNAIL"], "topics": ["大一", "轉學考", "考試"], "meta": {"layout": "classic"}, "forumName": "考試", "forumAlias": "exam", "gender": "F", "school": "淡江大學", "replyTitle": null, "mediaMeta": [], "reactions": [{"id": "286f599c-f86a-4932-82f0-f5a06f1eca03", "count": 17}], "hidden": false, "customStyle": null, "isSuspiciousAccount": false, "layout": "classic", "withImages": false, "withVideos": false, "media": [], "reportReasonText": "", "postAvatar": ""}, {"id": 233006346, "title": "看過精神科可以報名軍校嗎", "excerpt": "如題，小弟曾經覺得自己有憂鬱症去看過精神科，但是醫生也沒說什麼，請問各位大大這樣還能報國防醫學院嗎？", "anonymousSchool": false, "anonymousDepartment": true, "pinned": false, "forumId": "d43f33f9-873f-46b3-9f24-38c90056b96c", "replyId": null, "createdAt": "2020-02-03T05:26:36.228Z", "updatedAt": "2020-02-03T05:26:36.228Z", "commentCount": 6, "likeCount": 11, "withNickname": false, "tags": ["HIDE_THUMBNAIL"], "topics": ["精神科", "軍校", "學測", "重考"], "meta": {"layout": "classic"}, "forumName": "考試", "forumAlias": "exam", "gender": "M", "school": "臺北醫學大學", "replyTitle": null, "mediaMeta": [], "reactions": [{"id": "286f599c-f86a-4932-82f0-f5a06f1eca03", "count": 11}], "hidden": false, "customStyle": null, "isSuspiciousAccount": false, "layout": "classic", "withImages": false, "withVideos": false, "media": [], "reportReasonText": "", "postAvatar": ""}, {"id": 233004614, "title": "雅思四戰心得", "excerpt": "哈囉各位～這是我第四次考雅思！當烤鴨也已經有一段時間了，也走了不少歪路好不容易考到學校要的標準overall6.5小分6。在1/18 終於考到成績（L：7 R：6.5 W：6.5 S：6.5 O： 6", "anonymousSchool": false, "anonymousDepartment": false, "pinned": false, "forumId": "d43f33f9-873f-46b3-9f24-38c90056b96c", "replyId": null, "createdAt": "2020-02-02T17:47:25.808Z", "updatedAt": "2020-02-02T17:47:25.808Z", "commentCount": 2, "likeCount": 9, "withNickname": true, "tags": ["HIDE_THUMBNAIL"], "topics": ["雅思", "考試"], "meta": {"layout": "classic"}, "forumName": "考試", "forumAlias": "exam", "gender": "F", "school": "Sharon", "department": "a229721296", "replyTitle": null, "mediaMeta": [], "reactions": [{"id": "286f599c-f86a-4932-82f0-f5a06f1eca03", "count": 8}, {"id": "e8e6bc5d-41b0-4129-b134-97507523d7ff", "count": 1}], "hidden": false, "customStyle": null, "isSuspiciousAccount": false, "layout": "classic", "withImages": false, "withVideos": false, "media": [], "reportReasonText": "", "postAvatar": ""}, {"id": 233003984, "title": "資工所 考試、推甄準備心得", "excerpt": "本人在準備資工所考試的過程中，也同時維持好校內成績，為推甄的部分也做準備，因為確定就是要考上研究所，所以不放過任何升學的機會，每一種都要拚看看，後來順利以推甄的方式推上台科資工所。一、考試準備的部分：", "anonymousSchool": false, "anonymousDepartment": true, "pinned": false, "forumId": "d43f33f9-873f-46b3-9f24-38c90056b96c", "replyId": null, "createdAt": "2020-02-02T16:14:05.870Z", "updatedAt": "2020-02-02T16:19:32.120Z", "commentCount": 4, "likeCount": 9, "withNickname": false, "tags": [], "topics": ["資工", "推甄", "考試", "研究所", "分享"], "meta": {"layout": "classic"}, "forumName": "考試", "forumAlias": "exam", "gender": "M", "school": "國立虎尾科技大學", "replyTitle": null, "mediaMeta": [], "reactions": [{"id": "286f599c-f86a-4932-82f0-f5a06f1eca03", "count": 9}], "hidden": false, "customStyle": null, "isSuspiciousAccount": false, "layout": "classic", "withImages": false, "withVideos": false, "media": [], "reportReasonText": "", "postAvatar": ""}, {"id": 233010160, "title": "普化核化學魔數", "excerpt": "想請問23錯在哪 謝謝～補個字 補補補補補", "anonymousSchool": false, "anonymousDepartment": true, "pinned": false, "forumId": "d43f33f9-873f-46b3-9f24-38c90056b96c", "replyId": null, "createdAt": "2020-02-03T15:06:53.071Z", "updatedAt": "2020-02-03T15:06:53.071Z", "commentCount": 4, "likeCount": 8, "withNickname": false, "tags": [], "topics": ["普化"], "meta": {"layout": "classic"}, "forumName": "考試", "forumAlias": "exam", "gender": "M", "school": "國立臺灣大學", "replyTitle": null, "mediaMeta": [{"id": "bac71cd9-4199-42bd-8e6d-b5c96a1528b0", "url": "https://megapx-assets.dcard.tw/images/31d9a2fa-2c03-4cc0-a809-4687cb8fe4ec/640.jpeg", "normalizedUrl": "https://megapx-assets.dcard.tw/images/31d9a2fa-2c03-4cc0-a809-4687cb8fe4ec/640.jpeg", "thumbnail": "https://megapx-assets.dcard.tw/images/31d9a2fa-2c03-4cc0-a809-4687cb8fe4ec/640.jpeg", "type": "image/thumbnail", "tags": [], "createdAt": "2020-02-03T15:06:53.071Z", "updatedAt": "2020-02-03T15:06:53.071Z", "width": 480, "height": 640}, {"id": "bac71cd9-4199-42bd-8e6d-b5c96a1528b0", "url": "https://megapx-assets.dcard.tw/images/31d9a2fa-2c03-4cc0-a809-4687cb8fe4ec/1280.jpeg", "normalizedUrl": "https://megapx.dcard.tw/v1/images/31d9a2fa-2c03-4cc0-a809-4687cb8fe4ec", "thumbnail": "https://megapx-assets.dcard.tw/images/31d9a2fa-2c03-4cc0-a809-4687cb8fe4ec/640.jpeg", "type": "image/megapx", "tags": [], "createdAt": "2020-02-03T15:06:53.071Z", "updatedAt": "2020-02-03T15:06:53.071Z", "width": 1108, "height": 1478}], "reactions": [{"id": "286f599c-f86a-4932-82f0-f5a06f1eca03", "count": 8}], "hidden": false, "customStyle": null, "isSuspiciousAccount": false, "layout": "classic", "withImages": true, "withVideos": false, "media": [{"url": "https://megapx-assets.dcard.tw/images/31d9a2fa-2c03-4cc0-a809-4687cb8fe4ec/1280.jpeg"}], "reportReasonText": "", "postAvatar": ""}, {"id": 233004680, "title": "重考指考請益（問數學讀法", "excerpt": "前提，因為對於台大的嚮往，所以不顧指考爛成績硬要念，想說進去轉系，現在發現轉不成gg，於是要重考指考，簡而言之就是沒考109學測，之前的成績，108學測，國14英15數12自11，108指考，國86英", "anonymousSchool": false, "anonymousDepartment": true, "pinned": false, "forumId": "d43f33f9-873f-46b3-9f24-38c90056b96c", "replyId": null, "createdAt": "2020-02-02T17:59:39.283Z", "updatedAt": "2020-02-02T17:59:39.283Z", "commentCount": 19, "likeCount": 7, "withNickname": false, "tags": [], "topics": ["指考", "重考"], "meta": {"layout": "classic"}, "forumName": "考試", "forumAlias": "exam", "gender": "F", "school": "國立臺灣大學", "replyTitle": null, "mediaMeta": [], "reactions": [{"id": "286f599c-f86a-4932-82f0-f5a06f1eca03", "count": 7}], "hidden": false, "customStyle": null, "isSuspiciousAccount": false, "layout": "classic", "withImages": false, "withVideos": false, "media": [], "reportReasonText": "", "postAvatar": ""}, {"id": 233008979, "title": "［請益］高考、研究所", "excerpt": "今年大三，已報名經建行政高考的補習班，原本只打算以高考為唯一目標，但後來聽說考研究所對未來升遷多有幫助，上網爬過很多文但大家說法不一所以來這邊請益‍️，1、碩士畢業對公職升遷幫助大嗎？2、讀什麼研究所", "anonymousSchool": false, "anonymousDepartment": true, "pinned": false, "forumId": "d43f33f9-873f-46b3-9f24-38c90056b96c", "replyId": null, "createdAt": "2020-02-03T12:27:36.736Z", "updatedAt": "2020-02-03T12:27:36.736Z", "commentCount": 6, "likeCount": 6, "withNickname": false, "tags": ["HIDE_THUMBNAIL"], "topics": ["研究所", "高考", "考試", "國考", "大學"], "meta": {"layout": "classic"}, "forumName": "考試", "forumAlias": "exam", "gender": "F", "school": "國立成功大學", "replyTitle": null, "mediaMeta": [], "reactions": [{"id": "286f599c-f86a-4932-82f0-f5a06f1eca03", "count": 6}], "hidden": false, "customStyle": null, "isSuspiciousAccount": false, "layout": "classic", "withImages": false, "withVideos": false, "media": [], "reportReasonText": "", "postAvatar": ""}, {"id": 233006301, "title": "指考準備 化學 物理", "excerpt": "雖然學測似乎考的還可以，但還是怕最後爆掉，所以已經開讀指考範圍了，目前用書是指考關鍵60天，因為去年把大滿貫用到快爛了，關鍵60每個主題下面都會附歷屆，但是寫起來卡卡的，因為選修的東西都快丟光了，我應", "anonymousSchool": false, "anonymousDepartment": true, "pinned": false, "forumId": "d43f33f9-873f-46b3-9f24-38c90056b96c", "replyId": null, "createdAt": "2020-02-03T05:15:09.833Z", "updatedAt": "2020-02-03T05:24:08.750Z", "commentCount": 9, "likeCount": 6, "withNickname": false, "tags": [], "topics": ["指考", "化學", "物理"], "meta": {"layout": "classic"}, "forumName": "考試", "forumAlias": "exam", "gender": "F", "school": "元智大學", "replyTitle": null, "mediaMeta": [], "reactions": [{"id": "286f599c-f86a-4932-82f0-f5a06f1eca03", "count": 6}], "hidden": false, "customStyle": null, "isSuspiciousAccount": false, "layout": "classic", "withImages": false, "withVideos": false, "media": [], "reportReasonText": "", "postAvatar": ""}, {"id": 233004024, "title": "在學重考備審", "excerpt": "想請問一下大家，在學重考的話會建議把在學的資訊放上備審嗎？還是要單純當一個重考生就好了？先謝謝大家的意見了️", "anonymousSchool": false, "anonymousDepartment": true, "pinned": false, "forumId": "d43f33f9-873f-46b3-9f24-38c90056b96c", "replyId": null, "createdAt": "2020-02-02T16:17:35.930Z", "updatedAt": "2020-02-02T16:17:35.930Z", "commentCount": 5, "likeCount": 6, "withNickname": false, "tags": [], "topics": ["考試", "大學", "重考", "學測"], "meta": {"layout": "classic"}, "forumName": "考試", "forumAlias": "exam", "gender": "F", "school": "中山醫學大學", "replyTitle": null, "mediaMeta": [], "reactions": [{"id": "286f599c-f86a-4932-82f0-f5a06f1eca03", "count": 6}], "hidden": false, "customStyle": null, "isSuspiciousAccount": false, "layout": "classic", "withImages": false, "withVideos": false, "media": [], "reportReasonText": "", "postAvatar": ""}, {"id": 233009442, "title": "補習班要求戴口罩", "excerpt": "是網院或面授，但都被要求戴口罩，可是我口罩快沒了，而且以後一周只能買兩片，唉！如果沒口罩，不能去不就浪費時間...", "anonymousSchool": false, "anonymousDepartment": true, "pinned": false, "forumId": "d43f33f9-873f-46b3-9f24-38c90056b96c", "replyId": null, "createdAt": "2020-02-03T13:35:36.244Z", "updatedAt": "2020-02-03T13:35:36.244Z", "commentCount": 13, "likeCount": 5, "withNickname": false, "tags": [], "topics": ["口罩"], "meta": {"layout": "classic"}, "forumName": "考試", "forumAlias": "exam", "gender": "M", "school": "中原大學", "replyTitle": null, "mediaMeta": [], "reactions": [{"id": "286f599c-f86a-4932-82f0-f5a06f1eca03", "count": 5}], "hidden": false, "customStyle": null, "isSuspiciousAccount": false, "layout": "classic", "withImages": false, "withVideos": false, "media": [], "reportReasonText": "", "postAvatar": ""}, {"id": 233006706, "title": "關於重考和洗學歴", "excerpt": "如題，我唸現在這個系所，也快畢業了，但我之後有想要再唸一次大學，一方面是想學習不同方面的專業知識，另一方面是希望能挑戰自己，更上一層，但是自己會擔心外面的人怎麼看（尤其是頂大的），各位會覺得唸兩次大學", "anonymousSchool": false, "anonymousDepartment": false, "pinned": false, "forumId": "d43f33f9-873f-46b3-9f24-38c90056b96c", "replyId": 232946977, "createdAt": "2020-02-03T06:46:59.544Z", "updatedAt": "2020-02-03T06:46:59.544Z", "commentCount": 12, "likeCount": 5, "withNickname": false, "tags": [], "topics": ["大學"], "meta": {"layout": "classic"}, "forumName": "考試", "forumAlias": "exam", "gender": "M", "school": "國立嘉義大學", "department": "應用歷史學系", "replyTitle": "為了憧憬而重考", "mediaMeta": [], "reactions": [{"id": "286f599c-f86a-4932-82f0-f5a06f1eca03", "count": 5}], "hidden": false, "customStyle": null, "isSuspiciousAccount": false, "layout": "classic", "withImages": false, "withVideos": false, "media": [], "reportReasonText": "", "postAvatar": ""}, {"id": 233005978, "title": "國營行政雇員", "excerpt": "名額直接減一半，還兼職考試，壓力好大啊，大家都準備多久呢，不知道還會不會有二招，大家加油", "anonymousSchool": false, "anonymousDepartment": true, "pinned": false, "forumId": "d43f33f9-873f-46b3-9f24-38c90056b96c", "replyId": null, "createdAt": "2020-02-03T04:01:20.866Z", "updatedAt": "2020-02-03T04:27:40.611Z", "commentCount": 3, "likeCount": 5, "withNickname": false, "tags": [], "topics": ["國營", "行政", "考試"], "meta": {"layout": "classic"}, "forumName": "考試", "forumAlias": "exam", "gender": "F", "school": "實踐大學", "replyTitle": null, "mediaMeta": [], "reactions": [{"id": "286f599c-f86a-4932-82f0-f5a06f1eca03", "count": 5}], "hidden": false, "customStyle": null, "isSuspiciousAccount": false, "layout": "classic", "withImages": false, "withVideos": false, "media": [], "reportReasonText": "", "postAvatar": ""}, {"id": 233009717, "title": "開放課程(物理)", "excerpt": "最近剛好有空整理的開放式課程（物理部分），分享給大家", "anonymousSchool": false, "anonymousDepartment": false, "pinned": false, "forumId": "d43f33f9-873f-46b3-9f24-38c90056b96c", "replyId": null, "createdAt": "2020-02-03T14:10:48.704Z", "updatedAt": "2020-02-03T14:10:48.704Z", "commentCount": 5, "likeCount": 4, "withNickname": false, "tags": [], "topics": ["考試", "研究所", "物理", "大學", "轉學考"], "meta": {"layout": "classic"}, "forumName": "考試", "forumAlias": "exam", "gender": "M", "school": "國立嘉義大學", "department": "電子物理學系", "replyTitle": null, "mediaMeta": [], "reactions": [{"id": "286f599c-f86a-4932-82f0-f5a06f1eca03", "count": 4}], "hidden": false, "customStyle": null, "isSuspiciousAccount": false, "layout": "classic", "withImages": false, "withVideos": false, "media": [], "reportReasonText": "", "postAvatar": ""}, {"id": 233008912, "title": "台北捷運 & 桃園捷運109年甄試簡章", "excerpt": "雙北捷運果不其然在109年初又招考啦，想進公營事業的千萬別錯過啦XD，（一）台北捷運（原訂2/6公告簡章，此為先行版），報名日期：2/6~2/20，考試日期：3/22，初試放榜日期：4/9，複試日期：", "anonymousSchool": false, "anonymousDepartment": true, "pinned": false, "forumId": "d43f33f9-873f-46b3-9f24-38c90056b96c", "replyId": null, "createdAt": "2020-02-03T12:17:31.575Z", "updatedAt": "2020-02-03T12:17:31.575Z", "commentCount": 1, "likeCount": 4, "withNickname": false, "tags": [], "topics": ["考試", "捷運", "國營", "北捷", "桃捷"], "meta": {"layout": "classic"}, "forumName": "考試", "forumAlias": "exam", "gender": "M", "school": "國立宜蘭大學", "replyTitle": null, "mediaMeta": [], "reactions": [{"id": "286f599c-f86a-4932-82f0-f5a06f1eca03", "count": 4}], "hidden": false, "customStyle": null, "isSuspiciousAccount": false, "layout": "classic", "withImages": false, "withVideos": false, "media": [], "reportReasonText": "", "postAvatar": ""}, {"id": 233008269, "title": "#中正大學考試專車", "excerpt": "請問各位一下，有人知道從嘉義火車站出發的專車嗎？因為專車只有兩台，他說要儘早搭乘，我怕到那邊時結果沒位子...，所以很不確定要不要搭專車過去", "anonymousSchool": false, "anonymousDepartment": true, "pinned": false, "forumId": "d43f33f9-873f-46b3-9f24-38c90056b96c", "replyId": null, "createdAt": "2020-02-03T10:35:37.580Z", "updatedAt": "2020-02-03T10:39:26.576Z", "commentCount": 12, "likeCount": 4, "withNickname": false, "tags": [], "topics": ["研究所"], "meta": {"layout": "classic"}, "forumName": "考試", "forumAlias": "exam", "gender": "M", "school": "國立嘉義大學", "replyTitle": null, "mediaMeta": [], "reactions": [{"id": "286f599c-f86a-4932-82f0-f5a06f1eca03", "count": 4}], "hidden": false, "customStyle": null, "isSuspiciousAccount": false, "layout": "classic", "withImages": false, "withVideos": false, "media": [], "reportReasonText": "", "postAvatar": ""}, {"id": 233007059, "title": "記帳士成績放榜", "excerpt": "今天記帳士成績放榜 今天第一次國文是考雙作文想了解一下大家的國文狀況ಥ_ಥ 我要來好好準備今年的了...", "anonymousSchool": false, "anonymousDepartment": true, "pinned": false, "forumId": "d43f33f9-873f-46b3-9f24-38c90056b96c", "replyId": null, "createdAt": "2020-02-03T07:59:36.489Z", "updatedAt": "2020-02-03T07:59:36.489Z", "commentCount": 35, "likeCount": 4, "withNickname": false, "tags": ["HIDE_THUMBNAIL"], "topics": ["記帳"], "meta": {"layout": "classic"}, "forumName": "考試", "forumAlias": "exam", "gender": "M", "school": "國立臺北商業大學", "replyTitle": null, "mediaMeta": [], "reactions": [{"id": "286f599c-f86a-4932-82f0-f5a06f1eca03", "count": 4}], "hidden": false, "customStyle": null, "isSuspiciousAccount": false, "layout": "classic", "withImages": false, "withVideos": false, "media": [], "reportReasonText": "", "postAvatar": ""}, {"id": 233006652, "title": "高普考問題", "excerpt": "請問有沒有人在高點補高普考函授的，想問大家是怎麼練習考古題，我是補經建行政 但課本上申論題好像都沒有詳解（還是我沒找到？），寫完也不知道給誰改", "anonymousSchool": false, "anonymousDepartment": false, "pinned": false, "forumId": "d43f33f9-873f-46b3-9f24-38c90056b96c", "replyId": null, "createdAt": "2020-02-03T06:35:44.828Z", "updatedAt": "2020-02-03T06:35:44.828Z", "commentCount": 6, "likeCount": 4, "withNickname": true, "tags": ["HIDE_THUMBNAIL"], "topics": ["高普", "考試", "國考", "考古題"], "meta": {"layout": "classic"}, "forumName": "考試", "forumAlias": "exam", "gender": "F", "school": "大呆呆", "department": "lovelyperson", "replyTitle": null, "mediaMeta": [], "reactions": [{"id": "286f599c-f86a-4932-82f0-f5a06f1eca03", "count": 4}], "hidden": false, "customStyle": null, "isSuspiciousAccount": false, "layout": "classic", "withImages": false, "withVideos": false, "media": [], "reportReasonText": "", "postAvatar": ""}, {"id": 233005885, "title": "教甄很好考嗎？", "excerpt": "乳題，小魯有ㄍ朋友讀台北某教育大學，每天都在ig上po限時分享她的生活，她常說自己的教育專業能跟她比的很少，教甄雖然缺很少但是她從來沒在擔心她很有實力，沒實力才擔心考不上。小魯對當老師這塊要考啥不是很", "anonymousSchool": false, "anonymousDepartment": false, "pinned": false, "forumId": "d43f33f9-873f-46b3-9f24-38c90056b96c", "replyId": null, "createdAt": "2020-02-03T03:37:12.608Z", "updatedAt": "2020-02-03T03:37:12.608Z", "commentCount": 8, "likeCount": 4, "withNickname": true, "tags": ["HIDE_THUMBNAIL"], "topics": ["考試", "教甄"], "meta": {"layout": "classic"}, "forumName": "考試", "forumAlias": "exam", "gender": "M", "school": "鵝", "department": "bobo680591", "replyTitle": null, "mediaMeta": [], "reactions": [{"id": "286f599c-f86a-4932-82f0-f5a06f1eca03", "count": 4}], "hidden": false, "customStyle": null, "isSuspiciousAccount": false, "layout": "classic", "withImages": false, "withVideos": false, "media": [], "reportReasonText": "", "postAvatar": ""}, {"id": 233011910, "title": "重考指考", "excerpt": "這問題已經讓我困擾到失眠了，年初覺悟，奔向曾經的惡夢“指考”，但現在的生活模式我快崩潰了，到底怎麼唸才好？本來想自學，但在家裡一整天真的會崩潰，因為根本沒人能說話，去試聽臺中儒林，結果整個過程根本被當", "anonymousSchool": false, "anonymousDepartment": true, "pinned": false, "forumId": "d43f33f9-873f-46b3-9f24-38c90056b96c", "replyId": null, "createdAt": "2020-02-03T20:18:10.284Z", "updatedAt": "2020-02-03T20:18:10.284Z", "commentCount": 9, "likeCount": 3, "withNickname": false, "tags": [], "topics": ["指考", "重考"], "meta": {"layout": "classic"}, "forumName": "考試", "forumAlias": "exam", "gender": "M", "school": "國立高雄大學", "replyTitle": null, "mediaMeta": [], "reactions": [{"id": "286f599c-f86a-4932-82f0-f5a06f1eca03", "count": 2}, {"id": "514c2569-fd53-4d9d-a415-bf0f88e7329f", "count": 1}], "hidden": false, "customStyle": null, "isSuspiciousAccount": false, "layout": "classic", "withImages": false, "withVideos": false, "media": [], "reportReasonText": "", "postAvatar": ""}, {"id": 233010749, "title": "重考班也是照常上課嗎", "excerpt": "在學重考ing，很好奇重考班目前的運作，是不是全班都要戴口罩？？？", "anonymousSchool": false, "anonymousDepartment": true, "pinned": false, "forumId": "d43f33f9-873f-46b3-9f24-38c90056b96c", "replyId": null, "createdAt": "2020-02-03T16:12:20.278Z", "updatedAt": "2020-02-03T16:12:20.278Z", "commentCount": 2, "likeCount": 3, "withNickname": false, "tags": [], "topics": ["考試"], "meta": {"layout": "classic"}, "forumName": "考試", "forumAlias": "exam", "gender": "M", "school": "國立成功大學", "replyTitle": null, "mediaMeta": [], "reactions": [{"id": "286f599c-f86a-4932-82f0-f5a06f1eca03", "count": 2}, {"id": "aa0d425f-d530-4478-9a77-fe3aedc79eea", "count": 1}], "hidden": false, "customStyle": null, "isSuspiciousAccount": false, "layout": "classic", "withImages": false, "withVideos": false, "media": [], "reportReasonText": "", "postAvatar": ""}, {"id": 233008523, "title": "多益更改考場", "excerpt": "大家好~，我有報名2/23的多益 選擇的是台北的考場，但現在因為延後開學的關係，請問可以改到高雄的考場嗎？打到他們的客服都是忙線中，已經寄mail了~", "anonymousSchool": false, "anonymousDepartment": true, "pinned": false, "forumId": "d43f33f9-873f-46b3-9f24-38c90056b96c", "replyId": null, "createdAt": "2020-02-03T11:09:24.505Z", "updatedAt": "2020-02-03T11:09:24.505Z", "commentCount": 11, "likeCount": 3, "withNickname": false, "tags": [], "topics": ["多益", "考試"], "meta": {"layout": "classic"}, "forumName": "考試", "forumAlias": "exam", "gender": "F", "school": "輔仁大學", "replyTitle": null, "mediaMeta": [], "reactions": [{"id": "286f599c-f86a-4932-82f0-f5a06f1eca03", "count": 3}], "hidden": false, "customStyle": null, "isSuspiciousAccount": false, "layout": "classic", "withImages": false, "withVideos": false, "media": [], "reportReasonText": "", "postAvatar": ""}, {"id": 233007094, "title": "數學問題", "excerpt": "想請問為什麼這邊可以直接假設分子是 A BX+C DX+E？謝謝！", "anonymousSchool": false, "anonymousDepartment": true, "pinned": false, "forumId": "d43f33f9-873f-46b3-9f24-38c90056b96c", "replyId": null, "createdAt": "2020-02-03T08:04:39.891Z", "updatedAt": "2020-02-03T08:37:10.251Z", "commentCount": 6, "likeCount": 3, "withNickname": false, "tags": [], "topics": ["考試"], "meta": {"layout": "classic"}, "forumName": "考試", "forumAlias": "exam", "gender": "F", "school": "高雄市立空中大學", "replyTitle": null, "mediaMeta": [{"id": "4ffae13e-0b09-43ff-aa4e-b102bc613402", "url": "https://i.imgur.com/VbwcT7pl.jpg", "normalizedUrl": "https://i.imgur.com/VbwcT7pl.jpg", "thumbnail": "https://i.imgur.com/VbwcT7pl.jpg", "type": "image/thumbnail", "tags": ["ANNOTATED"], "createdAt": "2020-02-03T08:04:39.891Z", "updatedAt": "2020-02-03T08:37:10.251Z"}, {"id": "4ffae13e-0b09-43ff-aa4e-b102bc613402", "url": "https://i.imgur.com/VbwcT7p.jpg", "normalizedUrl": "https://imgur.com/VbwcT7p", "thumbnail": "https://i.imgur.com/VbwcT7pl.jpg", "type": "image/imgur", "tags": ["ANNOTATED"], "createdAt": "2020-02-03T08:04:39.891Z", "updatedAt": "2020-02-03T08:37:10.251Z"}], "reactions": [{"id": "286f599c-f86a-4932-82f0-f5a06f1eca03", "count": 3}], "hidden": false, "customStyle": null, "isSuspiciousAccount": false, "layout": "classic", "withImages": true, "withVideos": false, "media": [{"url": "https://i.imgur.com/VbwcT7p.jpg"}], "reportReasonText": "", "postAvatar": ""}, {"id": 233010957, "title": "多益追加報名問題", "excerpt": "問個  版上的大大，有人有報名到2/23的追加嗎？我剛剛點不進去如圖  想問追加報名也有名額限制嗎？2/23是延期了  會不會跟延期所以報名也延期了，謝謝", "anonymousSchool": false, "anonymousDepartment": false, "pinned": false, "forumId": "d43f33f9-873f-46b3-9f24-38c90056b96c", "replyId": null, "createdAt": "2020-02-03T16:35:53.981Z", "updatedAt": "2020-02-03T16:35:53.981Z", "commentCount": 11, "likeCount": 2, "withNickname": false, "tags": [], "topics": ["多益", "考試", "追加", "英文"], "meta": {"layout": "classic"}, "forumName": "考試", "forumAlias": "exam", "gender": "F", "school": "臺北醫學大學", "department": "牙醫學系", "replyTitle": null, "mediaMeta": [{"id": "60fd2f87-eee8-411a-93b3-42d453c509f5", "url": "https://i.imgur.com/b280Egxl.jpg", "normalizedUrl": "https://i.imgur.com/b280Egxl.jpg", "thumbnail": "https://i.imgur.com/b280Egxl.jpg", "type": "image/thumbnail", "tags": ["ANNOTATED"], "createdAt": "2020-02-03T16:35:53.981Z", "updatedAt": "2020-02-03T16:35:53.981Z"}, {"id": "60fd2f87-eee8-411a-93b3-42d453c509f5", "url": "https://i.imgur.com/b280Egx.jpg", "normalizedUrl": "https://imgur.com/b280Egx", "thumbnail": "https://i.imgur.com/b280Egxl.jpg", "type": "image/imgur", "tags": ["ANNOTATED"], "createdAt": "2020-02-03T16:35:53.981Z", "updatedAt": "2020-02-03T16:35:53.981Z"}], "reactions": [{"id": "286f599c-f86a-4932-82f0-f5a06f1eca03", "count": 2}], "hidden": false, "customStyle": null, "isSuspiciousAccount": false, "layout": "classic", "withImages": true, "withVideos": false, "media": [{"url": "https://i.imgur.com/b280Egx.jpg"}], "reportReasonText": "", "postAvatar": ""}, {"id": 233010932, "title": "證照補習", "excerpt": "放射系的捧有們，如果想補習的話 推薦三x還是建x呢？還有 報名時需特別注意什麼嗎？", "anonymousSchool": false, "anonymousDepartment": true, "pinned": false, "forumId": "d43f33f9-873f-46b3-9f24-38c90056b96c", "replyId": null, "createdAt": "2020-02-03T16:32:52.099Z", "updatedAt": "2020-02-03T16:32:52.099Z", "commentCount": 0, "likeCount": 2, "withNickname": false, "tags": ["HIDE_THUMBNAIL"], "topics": ["證照", "補習", "考試", "國考", "補習班"], "meta": {"layout": "classic"}, "forumName": "考試", "forumAlias": "exam", "gender": "F", "school": "元培醫事科技大學", "replyTitle": null, "mediaMeta": [], "reactions": [{"id": "286f599c-f86a-4932-82f0-f5a06f1eca03", "count": 2}], "hidden": false, "customStyle": null, "isSuspiciousAccount": false, "layout": "classic", "withImages": false, "withVideos": false, "media": [], "reportReasonText": "", "postAvatar": ""}, {"id": 233009832, "title": "清大計財 統計", "excerpt": "如題，想請問一下這題該怎麼算？ 是用無母數嗎？ 謝謝", "anonymousSchool": false, "anonymousDepartment": true, "pinned": false, "forumId": "d43f33f9-873f-46b3-9f24-38c90056b96c", "replyId": null, "createdAt": "2020-02-03T14:26:49.336Z", "updatedAt": "2020-02-03T14:27:14.110Z", "commentCount": 2, "likeCount": 2, "withNickname": false, "tags": [], "topics": ["統計", "考試", "考古題"], "meta": {"layout": "classic"}, "forumName": "考試", "forumAlias": "exam", "gender": "F", "school": "輔仁大學", "replyTitle": null, "mediaMeta": [{"id": "8327b152-23c0-4f31-a8db-d80c496eebdb", "url": "https://i.imgur.com/v2ci8rTl.jpg", "normalizedUrl": "https://i.imgur.com/v2ci8rTl.jpg", "thumbnail": "https://i.imgur.com/v2ci8rTl.jpg", "type": "image/thumbnail", "tags": ["ANNOTATED_FAILED"], "createdAt": "2020-02-03T14:26:49.336Z", "updatedAt": "2020-02-03T14:27:14.110Z"}, {"id": "8327b152-23c0-4f31-a8db-d80c496eebdb", "url": "http://i.imgur.com/v2ci8rT.png", "normalizedUrl": "https://imgur.com/v2ci8rT", "thumbnail": "https://i.imgur.com/v2ci8rTl.jpg", "type": "image/imgur", "tags": ["ANNOTATED_FAILED"], "createdAt": "2020-02-03T14:26:49.336Z", "updatedAt": "2020-02-03T14:27:14.110Z"}], "reactions": [{"id": "286f599c-f86a-4932-82f0-f5a06f1eca03", "count": 2}], "hidden": false, "customStyle": null, "isSuspiciousAccount": false, "layout": "classic", "withImages": true, "withVideos": false, "media": [{"url": "http://i.imgur.com/v2ci8rT.png"}], "reportReasonText": "", "postAvatar": ""}, {"id": 233009480, "title": "#發問  請問考試及格證書怎麼申請？", "excerpt": "如題  今天記帳士放榜了  很幸運的考上了  想請問一下有上榜過的朋友  考試及格證書只要去超商繳費  證書就會寄過來了嗎？謝謝！！", "anonymousSchool": false, "anonymousDepartment": true, "pinned": false, "forumId": "d43f33f9-873f-46b3-9f24-38c90056b96c", "replyId": null, "createdAt": "2020-02-03T13:40:51.382Z", "updatedAt": "2020-02-03T13:40:51.382Z", "commentCount": 2, "likeCount": 2, "withNickname": false, "tags": [], "topics": ["考試", "國考", "證照"], "meta": {"layout": "classic"}, "forumName": "考試", "forumAlias": "exam", "gender": "F", "school": "國立彰化師範大學", "replyTitle": null, "mediaMeta": [], "reactions": [{"id": "286f599c-f86a-4932-82f0-f5a06f1eca03", "count": 2}], "hidden": false, "customStyle": null, "isSuspiciousAccount": false, "layout": "classic", "withImages": false, "withVideos": false, "media": [], "reportReasonText": "", "postAvatar": ""}, {"id": 233009451, "title": "銀行內控題目", "excerpt": "最近因工作需要去考了銀行內控一般金融，考了兩次都差幾分沒通過...，而我發現就算兩週後再去考還是滿多題目跟上次的一樣，想請問有辦法知道電腦考試的題目嗎？他就算給我成績表我也看不出我錯的是哪幾題啊...", "anonymousSchool": false, "anonymousDepartment": true, "pinned": false, "forumId": "d43f33f9-873f-46b3-9f24-38c90056b96c", "replyId": null, "createdAt": "2020-02-03T13:36:19.194Z", "updatedAt": "2020-02-03T13:36:19.194Z", "commentCount": 3, "likeCount": 2, "withNickname": false, "tags": ["HIDE_THUMBNAIL"], "topics": ["銀行", "考試", "考古題"], "meta": {"layout": "classic"}, "forumName": "考試", "forumAlias": "exam", "gender": "M", "school": "德明財經科技大學", "replyTitle": null, "mediaMeta": [], "reactions": [{"id": "286f599c-f86a-4932-82f0-f5a06f1eca03", "count": 2}], "hidden": false, "customStyle": null, "isSuspiciousAccount": false, "layout": "classic", "withImages": false, "withVideos": false, "media": [], "reportReasonText": "", "postAvatar": ""}]