[{"id": 232567680, "title": "#分享 歡迎到本板，但注意板規阿！", "excerpt": "大家好，我是一週前擔任板主的kevin，請大家記得發文前務必遵守板規，12/10前，都還是勸導期，之後我會比較嚴格抓不遵守格式發文的，而明顯的業配或其他觸犯板規者，已經開始直接處理了，再請大家多多配合", "anonymousSchool": false, "anonymousDepartment": false, "pinned": true, "forumId": "6d1f3e37-667a-4f84-951d-2efebf51d32a", "replyId": null, "createdAt": "2019-11-25T07:07:19.159Z", "updatedAt": "2019-11-27T06:51:30.893Z", "commentCount": 5, "likeCount": 45, "withNickname": true, "tags": [], "topics": ["痘痘", "醫美"], "meta": {"layout": "classic"}, "forumName": "醫美", "forumAlias": "facelift", "gender": "M", "school": "kevin", "department": "kannazuki123", "replyTitle": null, "mediaMeta": [{"id": "4e481085-8b65-4bb4-8c00-5dc662c7c979", "url": "https://i.imgur.com/H8peO8el.jpg", "normalizedUrl": "https://i.imgur.com/H8peO8el.jpg", "thumbnail": "https://i.imgur.com/H8peO8el.jpg", "type": "image/thumbnail", "tags": ["ANNOTATED", "GOOGLE_VISION_VIOLENCE_LIKELY", "SAFE"], "createdAt": "2019-11-25T07:07:19.159Z", "updatedAt": "2019-11-27T06:51:30.893Z"}, {"id": "4e481085-8b65-4bb4-8c00-5dc662c7c979", "url": "http://i.imgur.com/H8peO8e.png", "normalizedUrl": "https://imgur.com/H8peO8e", "thumbnail": "https://i.imgur.com/H8peO8el.jpg", "type": "image/imgur", "tags": ["ANNOTATED", "GOOGLE_VISION_VIOLENCE_LIKELY", "SAFE"], "createdAt": "2019-11-25T07:07:19.159Z", "updatedAt": "2019-11-27T06:51:30.893Z"}, {"id": "c37acf0d-a39e-4df1-a353-0e988fe44cf0", "url": "http://i.imgur.com/RQ5Hdgs.jpg", "normalizedUrl": "https://imgur.com/RQ5Hdgs", "thumbnail": "https://i.imgur.com/RQ5Hdgsl.jpg", "type": "image/imgur", "tags": ["ANNOTATED"], "createdAt": "2019-11-25T07:50:25.242Z", "updatedAt": "2019-11-27T06:51:30.893Z"}], "reactions": [{"id": "286f599c-f86a-4932-82f0-f5a06f1eca03", "count": 41}, {"id": "aa0d425f-d530-4478-9a77-fe3aedc79eea", "count": 4}], "hidden": false, "customStyle": null, "isSuspiciousAccount": false, "layout": "classic", "withImages": true, "withVideos": false, "media": [{"url": "http://i.imgur.com/H8peO8e.png"}, {"url": "http://i.imgur.com/RQ5Hdgs.jpg"}], "reportReasonText": "", "postAvatar": ""}, {"id": 233006333, "title": "#分享 （文長）縫雙眼皮+開眼頭術後3個月", "excerpt": "首Po  希望各位鞭小力🥺🥺🥺，（不想看文直接往下拉圖片），（先上一張 術前術中拆線的照片），從以前就是又單又小的眼睛，加上眼距很開，以前常常被取笑，跟別人吵架都會先被罵眼睛那種🥺，後來想去動", "anonymousSchool": false, "anonymousDepartment": true, "pinned": false, "forumId": "6d1f3e37-667a-4f84-951d-2efebf51d32a", "replyId": null, "createdAt": "2020-02-03T05:24:19.012Z", "updatedAt": "2020-02-04T01:12:34.807Z", "commentCount": 9, "likeCount": 8, "withNickname": false, "tags": [], "topics": ["雙眼皮", "醫美板", "雙眼皮術後"], "meta": {"layout": "classic"}, "forumName": "醫美", "forumAlias": "facelift", "gender": "F", "school": "國立臺中科技大學", "replyTitle": null, "mediaMeta": [{"id": "f522670a-b3f7-4e50-bf3e-a0b0d0662acb", "url": "https://megapx-assets.dcard.tw/images/2d90eac7-39d6-4167-b04c-42432a44815f/640.jpeg", "normalizedUrl": "https://megapx-assets.dcard.tw/images/2d90eac7-39d6-4167-b04c-42432a44815f/640.jpeg", "thumbnail": "https://megapx-assets.dcard.tw/images/2d90eac7-39d6-4167-b04c-42432a44815f/640.jpeg", "type": "image/thumbnail", "tags": ["ANNOTATED"], "createdAt": "2020-02-03T05:24:19.012Z", "updatedAt": "2020-02-04T01:12:34.807Z", "width": 640, "height": 589}, {"id": "f522670a-b3f7-4e50-bf3e-a0b0d0662acb", "url": "https://megapx-assets.dcard.tw/images/2d90eac7-39d6-4167-b04c-42432a44815f/full.jpeg", "normalizedUrl": "https://megapx.dcard.tw/v1/images/2d90eac7-39d6-4167-b04c-42432a44815f", "thumbnail": "https://megapx-assets.dcard.tw/images/2d90eac7-39d6-4167-b04c-42432a44815f/640.jpeg", "type": "image/megapx", "tags": ["ANNOTATED"], "createdAt": "2020-02-03T05:24:19.012Z", "updatedAt": "2020-02-04T01:12:34.807Z", "width": 1000, "height": 920}, {"id": "e9ba4c42-e664-42a4-99e5-b996f8503589", "url": "https://megapx-assets.dcard.tw/images/d80da550-fef4-49e8-ad4c-bb28d1c26435/1280.jpeg", "normalizedUrl": "https://megapx.dcard.tw/v1/images/d80da550-fef4-49e8-ad4c-bb28d1c26435", "thumbnail": "https://megapx-assets.dcard.tw/images/d80da550-fef4-49e8-ad4c-bb28d1c26435/640.jpeg", "type": "image/megapx", "tags": ["ANNOTATED"], "createdAt": "2020-02-03T05:24:19.012Z", "updatedAt": "2020-02-04T01:12:34.807Z", "width": 750, "height": 1334}, {"id": "120994ec-ecd1-4498-bc03-a3bd9d5d2c19", "url": "https://megapx-assets.dcard.tw/images/c9474820-627d-4ea7-b48f-1e3bcae3a2d1/1280.jpeg", "normalizedUrl": "https://megapx.dcard.tw/v1/images/c9474820-627d-4ea7-b48f-1e3bcae3a2d1", "thumbnail": "https://megapx-assets.dcard.tw/images/c9474820-627d-4ea7-b48f-1e3bcae3a2d1/640.jpeg", "type": "image/megapx", "tags": ["ANNOTATED"], "createdAt": "2020-02-03T05:24:19.012Z", "updatedAt": "2020-02-04T01:12:34.807Z", "width": 1500, "height": 2000}, {"id": "5b0117da-0d14-4355-a9dd-f68703075919", "url": "https://megapx-assets.dcard.tw/images/cfda34d7-9fb9-4979-9b2c-9ba088273526/1280.jpeg", "normalizedUrl": "https://megapx.dcard.tw/v1/images/cfda34d7-9fb9-4979-9b2c-9ba088273526", "thumbnail": "https://megapx-assets.dcard.tw/images/cfda34d7-9fb9-4979-9b2c-9ba088273526/640.jpeg", "type": "image/megapx", "tags": ["ANNOTATED"], "createdAt": "2020-02-03T05:24:19.012Z", "updatedAt": "2020-02-04T01:12:34.807Z", "width": 2000, "height": 1500}, {"id": "b286927f-a74d-4c13-9589-696cd84a69ab", "url": "https://megapx-assets.dcard.tw/images/7a3c29f1-f2e6-4e31-a613-e8942ed26fa6/1280.jpeg", "normalizedUrl": "https://megapx.dcard.tw/v1/images/7a3c29f1-f2e6-4e31-a613-e8942ed26fa6", "thumbnail": "https://megapx-assets.dcard.tw/images/7a3c29f1-f2e6-4e31-a613-e8942ed26fa6/640.jpeg", "type": "image/megapx", "tags": ["ANNOTATED", "GOOGLE_VISION_VIOLENCE_LIKELY", "SAFE"], "createdAt": "2020-02-03T05:24:19.012Z", "updatedAt": "2020-02-04T01:12:34.807Z", "width": 2000, "height": 714}, {"id": "d0d7da57-7a58-40f7-b5a5-4d54b241b27b", "url": "https://megapx-assets.dcard.tw/images/54ee51bc-98f5-428f-832b-0f512d8f8de4/1280.jpeg", "normalizedUrl": "https://megapx.dcard.tw/v1/images/54ee51bc-98f5-428f-832b-0f512d8f8de4", "thumbnail": "https://megapx-assets.dcard.tw/images/54ee51bc-98f5-428f-832b-0f512d8f8de4/640.jpeg", "type": "image/megapx", "tags": ["ANNOTATED"], "createdAt": "2020-02-03T05:24:19.012Z", "updatedAt": "2020-02-04T01:12:34.807Z", "width": 2000, "height": 719}, {"id": "36c35790-dc8c-499c-b146-0e6c6df7c153", "url": "https://megapx-assets.dcard.tw/images/ab2f22ec-8838-4cf5-b15e-524c0fbf60ee/1280.jpeg", "normalizedUrl": "https://megapx.dcard.tw/v1/images/ab2f22ec-8838-4cf5-b15e-524c0fbf60ee", "thumbnail": "https://megapx-assets.dcard.tw/images/ab2f22ec-8838-4cf5-b15e-524c0fbf60ee/640.jpeg", "type": "image/megapx", "tags": ["ANNOTATED"], "createdAt": "2020-02-03T05:24:19.012Z", "updatedAt": "2020-02-04T01:12:34.807Z", "width": 2000, "height": 798}, {"id": "308a72bc-004b-4e5f-a5b6-f36ebcc92714", "url": "https://megapx-assets.dcard.tw/images/fc69ff6a-8091-43f5-a048-3facc1164be0/1280.jpeg", "normalizedUrl": "https://megapx.dcard.tw/v1/images/fc69ff6a-8091-43f5-a048-3facc1164be0", "thumbnail": "https://megapx-assets.dcard.tw/images/fc69ff6a-8091-43f5-a048-3facc1164be0/640.jpeg", "type": "image/megapx", "tags": ["ANNOTATED"], "createdAt": "2020-02-03T05:24:19.012Z", "updatedAt": "2020-02-04T01:12:34.807Z", "width": 2000, "height": 582}, {"id": "705e6d96-bec1-4be5-b4be-2ab7b34aab2f", "url": "https://megapx-assets.dcard.tw/images/ee2d45df-b07f-4fc0-94b2-64fce6f2ede9/1280.jpeg", "normalizedUrl": "https://megapx.dcard.tw/v1/images/ee2d45df-b07f-4fc0-94b2-64fce6f2ede9", "thumbnail": "https://megapx-assets.dcard.tw/images/ee2d45df-b07f-4fc0-94b2-64fce6f2ede9/640.jpeg", "type": "image/megapx", "tags": ["ANNOTATED"], "createdAt": "2020-02-03T05:24:19.012Z", "updatedAt": "2020-02-04T01:12:34.807Z", "width": 2000, "height": 645}, {"id": "c6ae8b2d-a787-48d8-95eb-35822abdeb3a", "url": "https://megapx-assets.dcard.tw/images/4e728e92-65d7-4655-a94b-c5e5fad08aaa/1280.jpeg", "normalizedUrl": "https://megapx.dcard.tw/v1/images/4e728e92-65d7-4655-a94b-c5e5fad08aaa", "thumbnail": "https://megapx-assets.dcard.tw/images/4e728e92-65d7-4655-a94b-c5e5fad08aaa/640.jpeg", "type": "image/megapx", "tags": ["ANNOTATED"], "createdAt": "2020-02-03T05:24:19.012Z", "updatedAt": "2020-02-04T01:12:34.807Z", "width": 2000, "height": 497}, {"id": "cd567b75-ed7c-4fb2-95e0-8da1d297cbd8", "url": "https://megapx-assets.dcard.tw/images/eea25729-90e2-44d4-8cd5-b8d35e9080c6/1280.jpeg", "normalizedUrl": "https://megapx.dcard.tw/v1/images/eea25729-90e2-44d4-8cd5-b8d35e9080c6", "thumbnail": "https://megapx-assets.dcard.tw/images/eea25729-90e2-44d4-8cd5-b8d35e9080c6/640.jpeg", "type": "image/megapx", "tags": ["ANNOTATED"], "createdAt": "2020-02-03T05:24:19.012Z", "updatedAt": "2020-02-04T01:12:34.807Z", "width": 1452, "height": 528}, {"id": "636ebfcc-7cfa-4bfa-9462-745265b9af3b", "url": "https://megapx-assets.dcard.tw/images/f0411ef7-f4a8-491b-bade-0c4f93366c1b/1280.jpeg", "normalizedUrl": "https://megapx.dcard.tw/v1/images/f0411ef7-f4a8-491b-bade-0c4f93366c1b", "thumbnail": "https://megapx-assets.dcard.tw/images/f0411ef7-f4a8-491b-bade-0c4f93366c1b/640.jpeg", "type": "image/megapx", "tags": ["ANNOTATED"], "createdAt": "2020-02-03T05:24:19.012Z", "updatedAt": "2020-02-04T01:12:34.807Z", "width": 2000, "height": 794}, {"id": "0f132a62-7d9e-400e-a546-e8c54a9b0ff2", "url": "https://megapx-assets.dcard.tw/images/6f008eea-a3f4-4882-a9fa-c6113a7fb1d1/1280.jpeg", "normalizedUrl": "https://megapx.dcard.tw/v1/images/6f008eea-a3f4-4882-a9fa-c6113a7fb1d1", "thumbnail": "https://megapx-assets.dcard.tw/images/6f008eea-a3f4-4882-a9fa-c6113a7fb1d1/640.jpeg", "type": "image/megapx", "tags": ["ANNOTATED"], "createdAt": "2020-02-03T05:24:19.012Z", "updatedAt": "2020-02-04T01:12:34.807Z", "width": 1500, "height": 2000}, {"id": "42eb04ec-c34a-4ce7-9c8d-3f41f4d53365", "url": "https://megapx-assets.dcard.tw/images/cfd9d599-e7c9-446a-8ca3-cbb2ca1dc061/1280.jpeg", "normalizedUrl": "https://megapx.dcard.tw/v1/images/cfd9d599-e7c9-446a-8ca3-cbb2ca1dc061", "thumbnail": "https://megapx-assets.dcard.tw/images/cfd9d599-e7c9-446a-8ca3-cbb2ca1dc061/640.jpeg", "type": "image/megapx", "tags": ["ANNOTATED"], "createdAt": "2020-02-03T05:24:19.012Z", "updatedAt": "2020-02-04T01:12:34.807Z", "width": 1500, "height": 2000}, {"id": "9dcd6ea2-c23c-43f6-b60f-acd120d8d567", "url": "https://megapx-assets.dcard.tw/images/8d669a20-61f5-4829-a0fe-fdb86041c3b7/1280.jpeg", "normalizedUrl": "https://megapx.dcard.tw/v1/images/8d669a20-61f5-4829-a0fe-fdb86041c3b7", "thumbnail": "https://megapx-assets.dcard.tw/images/8d669a20-61f5-4829-a0fe-fdb86041c3b7/640.jpeg", "type": "image/megapx", "tags": ["ANNOTATED"], "createdAt": "2020-02-03T05:24:19.012Z", "updatedAt": "2020-02-04T01:12:34.807Z", "width": 1500, "height": 2000}, {"id": "14724f63-24dc-479a-ac6c-8630ad01f9c5", "url": "https://megapx-assets.dcard.tw/images/541c56ee-d156-4a7c-bb76-aa5bf24bd1f6/1280.jpeg", "normalizedUrl": "https://megapx.dcard.tw/v1/images/541c56ee-d156-4a7c-bb76-aa5bf24bd1f6", "thumbnail": "https://megapx-assets.dcard.tw/images/541c56ee-d156-4a7c-bb76-aa5bf24bd1f6/640.jpeg", "type": "image/megapx", "tags": ["ANNOTATED"], "createdAt": "2020-02-03T05:24:19.012Z", "updatedAt": "2020-02-04T01:12:34.807Z", "width": 1500, "height": 2000}, {"id": "24d8f672-c426-438b-acaf-a5d292042fa2", "url": "https://megapx-assets.dcard.tw/images/6254e708-62f1-44cc-b06e-afd332ead234/1280.jpeg", "normalizedUrl": "https://megapx.dcard.tw/v1/images/6254e708-62f1-44cc-b06e-afd332ead234", "thumbnail": "https://megapx-assets.dcard.tw/images/6254e708-62f1-44cc-b06e-afd332ead234/640.jpeg", "type": "image/megapx", "tags": ["ANNOTATED"], "createdAt": "2020-02-03T05:24:19.012Z", "updatedAt": "2020-02-04T01:12:34.807Z", "width": 1500, "height": 2000}, {"id": "8e39531b-e26b-455b-aeef-2a4f991090b1", "url": "https://megapx-assets.dcard.tw/images/29f8b06d-81e2-46fa-816d-8d9d5ce904ee/1280.jpeg", "normalizedUrl": "https://megapx.dcard.tw/v1/images/29f8b06d-81e2-46fa-816d-8d9d5ce904ee", "thumbnail": "https://megapx-assets.dcard.tw/images/29f8b06d-81e2-46fa-816d-8d9d5ce904ee/640.jpeg", "type": "image/megapx", "tags": ["ANNOTATED"], "createdAt": "2020-02-03T05:24:19.012Z", "updatedAt": "2020-02-04T01:12:34.807Z", "width": 1500, "height": 2000}, {"id": "f2ba47a1-d5e9-4483-9bd9-3faea667f45e", "url": "https://megapx-assets.dcard.tw/images/7856dd5f-f832-425c-be57-39ef1e71620b/1280.jpeg", "normalizedUrl": "https://megapx.dcard.tw/v1/images/7856dd5f-f832-425c-be57-39ef1e71620b", "thumbnail": "https://megapx-assets.dcard.tw/images/7856dd5f-f832-425c-be57-39ef1e71620b/640.jpeg", "type": "image/megapx", "tags": ["ANNOTATED"], "createdAt": "2020-02-03T05:24:19.012Z", "updatedAt": "2020-02-04T01:12:34.807Z", "width": 1500, "height": 2000}], "reactions": [{"id": "286f599c-f86a-4932-82f0-f5a06f1eca03", "count": 8}], "hidden": false, "customStyle": null, "isSuspiciousAccount": false, "layout": "classic", "withImages": true, "withVideos": false, "media": [{"url": "https://megapx-assets.dcard.tw/images/2d90eac7-39d6-4167-b04c-42432a44815f/full.jpeg"}, {"url": "https://megapx-assets.dcard.tw/images/d80da550-fef4-49e8-ad4c-bb28d1c26435/1280.jpeg"}, {"url": "https://megapx-assets.dcard.tw/images/c9474820-627d-4ea7-b48f-1e3bcae3a2d1/1280.jpeg"}, {"url": "https://megapx-assets.dcard.tw/images/cfda34d7-9fb9-4979-9b2c-9ba088273526/1280.jpeg"}, {"url": "https://megapx-assets.dcard.tw/images/7a3c29f1-f2e6-4e31-a613-e8942ed26fa6/1280.jpeg"}, {"url": "https://megapx-assets.dcard.tw/images/54ee51bc-98f5-428f-832b-0f512d8f8de4/1280.jpeg"}, {"url": "https://megapx-assets.dcard.tw/images/ab2f22ec-8838-4cf5-b15e-524c0fbf60ee/1280.jpeg"}, {"url": "https://megapx-assets.dcard.tw/images/fc69ff6a-8091-43f5-a048-3facc1164be0/1280.jpeg"}, {"url": "https://megapx-assets.dcard.tw/images/ee2d45df-b07f-4fc0-94b2-64fce6f2ede9/1280.jpeg"}, {"url": "https://megapx-assets.dcard.tw/images/4e728e92-65d7-4655-a94b-c5e5fad08aaa/1280.jpeg"}, {"url": "https://megapx-assets.dcard.tw/images/eea25729-90e2-44d4-8cd5-b8d35e9080c6/1280.jpeg"}, {"url": "https://megapx-assets.dcard.tw/images/f0411ef7-f4a8-491b-bade-0c4f93366c1b/1280.jpeg"}, {"url": "https://megapx-assets.dcard.tw/images/6f008eea-a3f4-4882-a9fa-c6113a7fb1d1/1280.jpeg"}, {"url": "https://megapx-assets.dcard.tw/images/cfd9d599-e7c9-446a-8ca3-cbb2ca1dc061/1280.jpeg"}, {"url": "https://megapx-assets.dcard.tw/images/8d669a20-61f5-4829-a0fe-fdb86041c3b7/1280.jpeg"}, {"url": "https://megapx-assets.dcard.tw/images/541c56ee-d156-4a7c-bb76-aa5bf24bd1f6/1280.jpeg"}, {"url": "https://megapx-assets.dcard.tw/images/6254e708-62f1-44cc-b06e-afd332ead234/1280.jpeg"}, {"url": "https://megapx-assets.dcard.tw/images/29f8b06d-81e2-46fa-816d-8d9d5ce904ee/1280.jpeg"}, {"url": "https://megapx-assets.dcard.tw/images/7856dd5f-f832-425c-be57-39ef1e71620b/1280.jpeg"}], "reportReasonText": "", "postAvatar": ""}, {"id": 233007586, "title": "#分享 開眼頭分享（持續更新）", "excerpt": "️這篇會有比較可怕的畫面，請小心食用！！！，繼上次做完訂書針雙眼皮之後，我又決定要來開眼頭拉～～～🥳，至於為什麼呢？其實他當初就有跟我說我有蒙古摺，而且是很嚴重的那種，一般都會做開眼頭，不然自然的封", "anonymousSchool": false, "anonymousDepartment": false, "pinned": false, "forumId": "6d1f3e37-667a-4f84-951d-2efebf51d32a", "replyId": null, "createdAt": "2020-02-03T09:04:21.802Z", "updatedAt": "2020-02-03T09:04:21.802Z", "commentCount": 8, "likeCount": 7, "withNickname": true, "tags": [], "topics": ["醫美", "開眼頭", "縫雙眼皮", "整形", "術前術後"], "meta": {"layout": "classic"}, "forumName": "醫美", "forumAlias": "facelift", "gender": "F", "school": "木頭人🌴", "department": "baebreath17", "replyTitle": null, "mediaMeta": [{"id": "5d92d413-2cd3-4fa8-aada-1677420e4de3", "url": "https://megapx-assets.dcard.tw/images/84fcbbcd-bac2-4048-a895-d7a808f4584f/640.jpeg", "normalizedUrl": "https://megapx-assets.dcard.tw/images/84fcbbcd-bac2-4048-a895-d7a808f4584f/640.jpeg", "thumbnail": "https://megapx-assets.dcard.tw/images/84fcbbcd-bac2-4048-a895-d7a808f4584f/640.jpeg", "type": "image/thumbnail", "tags": [], "createdAt": "2020-02-03T09:04:21.802Z", "updatedAt": "2020-02-03T09:04:21.802Z", "width": 640, "height": 130}, {"id": "5d92d413-2cd3-4fa8-aada-1677420e4de3", "url": "https://megapx-assets.dcard.tw/images/84fcbbcd-bac2-4048-a895-d7a808f4584f/1280.jpeg", "normalizedUrl": "https://megapx.dcard.tw/v1/images/84fcbbcd-bac2-4048-a895-d7a808f4584f", "thumbnail": "https://megapx-assets.dcard.tw/images/84fcbbcd-bac2-4048-a895-d7a808f4584f/640.jpeg", "type": "image/megapx", "tags": [], "createdAt": "2020-02-03T09:04:21.802Z", "updatedAt": "2020-02-03T09:04:21.802Z", "width": 1535, "height": 311}, {"id": "046246c8-a453-4e62-9c0f-1608d749147a", "url": "https://megapx-assets.dcard.tw/images/a7fb43f0-03ba-4a78-91a3-0048a107b713/1280.jpeg", "normalizedUrl": "https://megapx.dcard.tw/v1/images/a7fb43f0-03ba-4a78-91a3-0048a107b713", "thumbnail": "https://megapx-assets.dcard.tw/images/a7fb43f0-03ba-4a78-91a3-0048a107b713/640.jpeg", "type": "image/megapx", "tags": [], "createdAt": "2020-02-03T09:04:21.802Z", "updatedAt": "2020-02-03T09:04:21.802Z", "width": 1418, "height": 410}, {"id": "8911d0b4-9be6-4e5a-869b-2ebeef617542", "url": "https://megapx-assets.dcard.tw/images/e8768d38-0cdd-4a95-8f36-a5f081ab21d4/1280.jpeg", "normalizedUrl": "https://megapx.dcard.tw/v1/images/e8768d38-0cdd-4a95-8f36-a5f081ab21d4", "thumbnail": "https://megapx-assets.dcard.tw/images/e8768d38-0cdd-4a95-8f36-a5f081ab21d4/640.jpeg", "type": "image/megapx", "tags": [], "createdAt": "2020-02-03T09:04:21.802Z", "updatedAt": "2020-02-03T09:04:21.802Z", "width": 1814, "height": 568}], "reactions": [{"id": "286f599c-f86a-4932-82f0-f5a06f1eca03", "count": 7}], "hidden": false, "customStyle": null, "isSuspiciousAccount": false, "layout": "classic", "withImages": true, "withVideos": false, "media": [{"url": "https://megapx-assets.dcard.tw/images/84fcbbcd-bac2-4048-a895-d7a808f4584f/1280.jpeg"}, {"url": "https://megapx-assets.dcard.tw/images/a7fb43f0-03ba-4a78-91a3-0048a107b713/1280.jpeg"}, {"url": "https://megapx-assets.dcard.tw/images/e8768d38-0cdd-4a95-8f36-a5f081ab21d4/1280.jpeg"}], "reportReasonText": "", "postAvatar": ""}, {"id": 233005841, "title": "#分享 縫雙眼皮三週", "excerpt": "我是因為正顎手術順便縫的眼皮，以前的我，單就算了還內包，眼皮眼線化妝後什麼都看不到呵呵，後來化妝品只有眼線筆，畫的很粗那樣🥺，手術前順便問了醫生能不能也縫雙眼皮，我想要內雙，不要大外雙那種，因為本身", "anonymousSchool": false, "anonymousDepartment": false, "pinned": false, "forumId": "6d1f3e37-667a-4f84-951d-2efebf51d32a", "replyId": null, "createdAt": "2020-02-03T03:26:24.363Z", "updatedAt": "2020-02-03T03:26:24.363Z", "commentCount": 1, "likeCount": 7, "withNickname": true, "tags": [], "topics": ["雙眼皮", "醫美", "縫雙眼皮"], "meta": {"layout": "classic"}, "forumName": "醫美", "forumAlias": "facelift", "gender": "F", "school": "小豬仔", "department": "pignpig", "replyTitle": null, "mediaMeta": [{"id": "42f6c656-0a9a-4d0c-83d8-478d910534e8", "url": "https://megapx-assets.dcard.tw/images/bddec0ee-acd2-4726-afbd-5bc020887571/640.jpeg", "normalizedUrl": "https://megapx-assets.dcard.tw/images/bddec0ee-acd2-4726-afbd-5bc020887571/640.jpeg", "thumbnail": "https://megapx-assets.dcard.tw/images/bddec0ee-acd2-4726-afbd-5bc020887571/640.jpeg", "type": "image/thumbnail", "tags": [], "createdAt": "2020-02-03T03:26:24.363Z", "updatedAt": "2020-02-03T03:26:24.363Z", "width": 640, "height": 411}, {"id": "42f6c656-0a9a-4d0c-83d8-478d910534e8", "url": "https://megapx-assets.dcard.tw/images/bddec0ee-acd2-4726-afbd-5bc020887571/full.jpeg", "normalizedUrl": "https://megapx.dcard.tw/v1/images/bddec0ee-acd2-4726-afbd-5bc020887571", "thumbnail": "https://megapx-assets.dcard.tw/images/bddec0ee-acd2-4726-afbd-5bc020887571/640.jpeg", "type": "image/megapx", "tags": [], "createdAt": "2020-02-03T03:26:24.363Z", "updatedAt": "2020-02-03T03:26:24.363Z", "width": 1280, "height": 822}, {"id": "e91d7a88-6bcb-40fd-8d54-86bf6ae7794d", "url": "https://megapx-assets.dcard.tw/images/f23bd391-9f91-43a9-ba99-440dc5b7d63c/full.jpeg", "normalizedUrl": "https://megapx.dcard.tw/v1/images/f23bd391-9f91-43a9-ba99-440dc5b7d63c", "thumbnail": "https://megapx-assets.dcard.tw/images/f23bd391-9f91-43a9-ba99-440dc5b7d63c/640.jpeg", "type": "image/megapx", "tags": [], "createdAt": "2020-02-03T03:26:24.363Z", "updatedAt": "2020-02-03T03:26:24.363Z", "width": 1280, "height": 833}, {"id": "3ac61405-7d53-47a2-b957-007e1bd5639e", "url": "https://megapx-assets.dcard.tw/images/9ad5102e-6355-4199-9ec2-0deed54fe77b/1280.jpeg", "normalizedUrl": "https://megapx.dcard.tw/v1/images/9ad5102e-6355-4199-9ec2-0deed54fe77b", "thumbnail": "https://megapx-assets.dcard.tw/images/9ad5102e-6355-4199-9ec2-0deed54fe77b/640.jpeg", "type": "image/megapx", "tags": [], "createdAt": "2020-02-03T03:26:24.363Z", "updatedAt": "2020-02-03T03:26:24.363Z", "width": 2000, "height": 1180}, {"id": "2295e194-b9c0-46ea-bc6e-278b2d9694c6", "url": "https://megapx-assets.dcard.tw/images/56d2aaed-955c-46e8-ba7e-3ea946fb4460/full.jpeg", "normalizedUrl": "https://megapx.dcard.tw/v1/images/56d2aaed-955c-46e8-ba7e-3ea946fb4460", "thumbnail": "https://megapx-assets.dcard.tw/images/56d2aaed-955c-46e8-ba7e-3ea946fb4460/640.jpeg", "type": "image/megapx", "tags": [], "createdAt": "2020-02-03T03:26:24.363Z", "updatedAt": "2020-02-03T03:26:24.363Z", "width": 1279, "height": 845}, {"id": "731a0bf0-a5d5-4d18-8db1-d7e4b6ecb3be", "url": "https://megapx-assets.dcard.tw/images/4ca573a1-a18a-46c9-b1e7-ee1a69348266/1280.jpeg", "normalizedUrl": "https://megapx.dcard.tw/v1/images/4ca573a1-a18a-46c9-b1e7-ee1a69348266", "thumbnail": "https://megapx-assets.dcard.tw/images/4ca573a1-a18a-46c9-b1e7-ee1a69348266/640.jpeg", "type": "image/megapx", "tags": [], "createdAt": "2020-02-03T03:26:24.363Z", "updatedAt": "2020-02-03T03:26:24.363Z", "width": 1980, "height": 1106}, {"id": "6bf600e5-79c7-4454-8d7f-fe0a264816e2", "url": "https://megapx-assets.dcard.tw/images/7d401821-1ab7-4f00-8f98-965339ac1585/full.jpeg", "normalizedUrl": "https://megapx.dcard.tw/v1/images/7d401821-1ab7-4f00-8f98-965339ac1585", "thumbnail": "https://megapx-assets.dcard.tw/images/7d401821-1ab7-4f00-8f98-965339ac1585/640.jpeg", "type": "image/megapx", "tags": [], "createdAt": "2020-02-03T03:26:24.363Z", "updatedAt": "2020-02-03T03:26:24.363Z", "width": 960, "height": 1280}, {"id": "dedf2df4-9f9c-4b80-99b1-d44631dec446", "url": "https://megapx-assets.dcard.tw/images/fc5f0d44-5754-47a7-8651-66e6b5b1fc98/1280.jpeg", "normalizedUrl": "https://megapx.dcard.tw/v1/images/fc5f0d44-5754-47a7-8651-66e6b5b1fc98", "thumbnail": "https://megapx-assets.dcard.tw/images/fc5f0d44-5754-47a7-8651-66e6b5b1fc98/640.jpeg", "type": "image/megapx", "tags": [], "createdAt": "2020-02-03T03:26:24.363Z", "updatedAt": "2020-02-03T03:26:24.363Z", "width": 2000, "height": 1334}, {"id": "a582ea01-61c4-422a-8702-ce6f1b70daa8", "url": "https://megapx-assets.dcard.tw/images/11e42abb-207d-496f-9bfd-d73ab7dd8727/1280.jpeg", "normalizedUrl": "https://megapx.dcard.tw/v1/images/11e42abb-207d-496f-9bfd-d73ab7dd8727", "thumbnail": "https://megapx-assets.dcard.tw/images/11e42abb-207d-496f-9bfd-d73ab7dd8727/640.jpeg", "type": "image/megapx", "tags": [], "createdAt": "2020-02-03T03:26:24.363Z", "updatedAt": "2020-02-03T03:26:24.363Z", "width": 2000, "height": 1126}], "reactions": [{"id": "286f599c-f86a-4932-82f0-f5a06f1eca03", "count": 7}], "hidden": false, "customStyle": null, "isSuspiciousAccount": false, "layout": "classic", "withImages": true, "withVideos": false, "media": [{"url": "https://megapx-assets.dcard.tw/images/bddec0ee-acd2-4726-afbd-5bc020887571/full.jpeg"}, {"url": "https://megapx-assets.dcard.tw/images/f23bd391-9f91-43a9-ba99-440dc5b7d63c/full.jpeg"}, {"url": "https://megapx-assets.dcard.tw/images/9ad5102e-6355-4199-9ec2-0deed54fe77b/1280.jpeg"}, {"url": "https://megapx-assets.dcard.tw/images/56d2aaed-955c-46e8-ba7e-3ea946fb4460/full.jpeg"}, {"url": "https://megapx-assets.dcard.tw/images/4ca573a1-a18a-46c9-b1e7-ee1a69348266/1280.jpeg"}, {"url": "https://megapx-assets.dcard.tw/images/7d401821-1ab7-4f00-8f98-965339ac1585/full.jpeg"}, {"url": "https://megapx-assets.dcard.tw/images/fc5f0d44-5754-47a7-8651-66e6b5b1fc98/1280.jpeg"}, {"url": "https://megapx-assets.dcard.tw/images/11e42abb-207d-496f-9bfd-d73ab7dd8727/1280.jpeg"}], "reportReasonText": "", "postAvatar": ""}, {"id": 233004569, "title": "#詢問 割雙眼皮", "excerpt": "請問各位割完雙眼皮後 傷口那邊會有一顆一顆的嗎？", "anonymousSchool": false, "anonymousDepartment": false, "pinned": false, "forumId": "6d1f3e37-667a-4f84-951d-2efebf51d32a", "replyId": null, "createdAt": "2020-02-02T17:38:38.087Z", "updatedAt": "2020-02-02T17:38:38.087Z", "commentCount": 8, "likeCount": 4, "withNickname": true, "tags": [], "topics": ["雙眼皮"], "meta": {"layout": "classic"}, "forumName": "醫美", "forumAlias": "facelift", "gender": "F", "school": "美少女來著", "department": "nicole_77", "replyTitle": null, "mediaMeta": [{"id": "68223ab9-e1b4-4759-8241-2f5e5d01b15c", "url": "https://megapx-assets.dcard.tw/images/7df7b865-c92f-4299-8de9-65d21df583aa/640.jpeg", "normalizedUrl": "https://megapx-assets.dcard.tw/images/7df7b865-c92f-4299-8de9-65d21df583aa/640.jpeg", "thumbnail": "https://megapx-assets.dcard.tw/images/7df7b865-c92f-4299-8de9-65d21df583aa/640.jpeg", "type": "image/thumbnail", "tags": ["ANNOTATED"], "createdAt": "2020-02-02T17:38:38.087Z", "updatedAt": "2020-02-02T17:38:38.087Z", "width": 640, "height": 574}, {"id": "68223ab9-e1b4-4759-8241-2f5e5d01b15c", "url": "https://megapx-assets.dcard.tw/images/7df7b865-c92f-4299-8de9-65d21df583aa/full.jpeg", "normalizedUrl": "https://megapx.dcard.tw/v1/images/7df7b865-c92f-4299-8de9-65d21df583aa", "thumbnail": "https://megapx-assets.dcard.tw/images/7df7b865-c92f-4299-8de9-65d21df583aa/640.jpeg", "type": "image/megapx", "tags": ["ANNOTATED"], "createdAt": "2020-02-02T17:38:38.087Z", "updatedAt": "2020-02-02T17:38:38.087Z", "width": 801, "height": 718}], "reactions": [{"id": "286f599c-f86a-4932-82f0-f5a06f1eca03", "count": 4}], "hidden": false, "customStyle": null, "isSuspiciousAccount": false, "layout": "classic", "withImages": true, "withVideos": false, "media": [{"url": "https://megapx-assets.dcard.tw/images/7df7b865-c92f-4299-8de9-65d21df583aa/full.jpeg"}], "reportReasonText": "", "postAvatar": ""}, {"id": 233005817, "title": "#討論 看到打肉毒桿菌中毒導致吞嚥困難得插鼻胃管的新聞", "excerpt": "在爬文看到這前陣子的新聞，搞到要插鼻胃管，真的是勸退我一半想打的意願耶，一般打肉毒的風險有這麼大嗎？", "anonymousSchool": false, "anonymousDepartment": false, "pinned": false, "forumId": "6d1f3e37-667a-4f84-951d-2efebf51d32a", "replyId": null, "createdAt": "2020-02-03T03:22:35.763Z", "updatedAt": "2020-02-03T03:22:35.763Z", "commentCount": 4, "likeCount": 1, "withNickname": false, "tags": [], "topics": ["醫美"], "meta": {"layout": "classic"}, "forumName": "醫美", "forumAlias": "facelift", "gender": "F", "school": "世新大學", "department": "廣播電視電影學系", "replyTitle": null, "mediaMeta": [{"id": "8e6bdd84-224d-4ed3-8ac5-574f5437d99a", "url": "https://i.imgur.com/gu3T9Ndl.jpg", "normalizedUrl": "https://i.imgur.com/gu3T9Ndl.jpg", "thumbnail": "https://i.imgur.com/gu3T9Ndl.jpg", "type": "image/thumbnail", "tags": ["ANNOTATED"], "createdAt": "2020-02-03T03:22:35.763Z", "updatedAt": "2020-02-03T03:22:35.763Z"}, {"id": "8e6bdd84-224d-4ed3-8ac5-574f5437d99a", "url": "http://i.imgur.com/gu3T9Nd.jpg", "normalizedUrl": "https://imgur.com/gu3T9Nd", "thumbnail": "https://i.imgur.com/gu3T9Ndl.jpg", "type": "image/imgur", "tags": ["ANNOTATED"], "createdAt": "2020-02-03T03:22:35.763Z", "updatedAt": "2020-02-03T03:22:35.763Z"}, {"id": "c855d77f-c629-4846-b9c7-b52150e4d27a", "url": "http://i.imgur.com/s3fT4mv.jpg", "normalizedUrl": "https://imgur.com/s3fT4mv", "thumbnail": "https://i.imgur.com/s3fT4mvl.jpg", "type": "image/imgur", "tags": ["ANNOTATED"], "createdAt": "2020-02-03T03:22:35.763Z", "updatedAt": "2020-02-03T03:22:35.763Z"}, {"id": "5d999b4a-e42d-4f54-a4b5-8eb5d84ed922", "url": "http://i.imgur.com/BrojCdy.jpg", "normalizedUrl": "https://imgur.com/BrojCdy", "thumbnail": "https://i.imgur.com/BrojCdyl.jpg", "type": "image/imgur", "tags": ["ANNOTATED"], "createdAt": "2020-02-03T03:22:35.763Z", "updatedAt": "2020-02-03T03:22:35.763Z"}], "reactions": [{"id": "286f599c-f86a-4932-82f0-f5a06f1eca03", "count": 1}], "hidden": false, "customStyle": null, "isSuspiciousAccount": false, "layout": "classic", "withImages": true, "withVideos": false, "media": [{"url": "http://i.imgur.com/gu3T9Nd.jpg"}, {"url": "http://i.imgur.com/s3fT4mv.jpg"}, {"url": "http://i.imgur.com/BrojCdy.jpg"}], "reportReasonText": "", "postAvatar": ""}, {"id": 233011539, "title": "蟹足腫針灸成效", "excerpt": "最近有看到藉由針灸來治療蟹足腫，說也是一個不錯的方法，不知道有沒有人試過呢？比較想了解整個療程大概要幾次才會讓蟹足腫消風以及不痛不癢呢？先謝謝大家囉", "anonymousSchool": false, "anonymousDepartment": true, "pinned": false, "forumId": "6d1f3e37-667a-4f84-951d-2efebf51d32a", "replyId": null, "createdAt": "2020-02-03T18:08:37.688Z", "updatedAt": "2020-02-03T18:08:37.688Z", "commentCount": 2, "likeCount": 0, "withNickname": false, "tags": ["HIDE_THUMBNAIL"], "topics": ["蟹足腫", "中醫", "針灸"], "meta": {"layout": "classic"}, "forumName": "醫美", "forumAlias": "facelift", "gender": "F", "school": "國立彰化師範大學", "replyTitle": null, "mediaMeta": [], "reactions": [], "hidden": false, "customStyle": null, "isSuspiciousAccount": false, "layout": "classic", "withImages": false, "withVideos": false, "media": [], "reportReasonText": "", "postAvatar": ""}, {"id": 233010352, "title": "#詢問 抗痘專家", "excerpt": "剛剛在ig滑到一則抗痘廣告，無聊下點了進去 回答完問題後加了一個賴，原本以為是假帳號，結果後來回復了我，聊天過程中我拍我的皮膚給他，他說明我的狀況讓我覺得他應該是真的有懂的，比任何之前我看過的中西醫還", "anonymousSchool": false, "anonymousDepartment": false, "pinned": false, "forumId": "6d1f3e37-667a-4f84-951d-2efebf51d32a", "replyId": null, "createdAt": "2020-02-03T15:27:27.024Z", "updatedAt": "2020-02-03T15:27:27.024Z", "commentCount": 8, "likeCount": 0, "withNickname": true, "tags": [], "topics": ["抗痘", "詢問", "醫美", "專家"], "meta": {"layout": "classic"}, "forumName": "醫美", "forumAlias": "facelift", "gender": "M", "school": "aids", "department": "wesley66660", "replyTitle": null, "mediaMeta": [{"id": "7b016482-95d0-4507-abc8-17e0be16757c", "url": "https://i.imgur.com/sUj37pYl.jpg", "normalizedUrl": "https://i.imgur.com/sUj37pYl.jpg", "thumbnail": "https://i.imgur.com/sUj37pYl.jpg", "type": "image/thumbnail", "tags": ["ANNOTATED"], "createdAt": "2020-02-03T15:27:27.024Z", "updatedAt": "2020-02-03T15:27:27.024Z"}, {"id": "7b016482-95d0-4507-abc8-17e0be16757c", "url": "https://i.imgur.com/sUj37pY.jpg", "normalizedUrl": "https://imgur.com/sUj37pY", "thumbnail": "https://i.imgur.com/sUj37pYl.jpg", "type": "image/imgur", "tags": ["ANNOTATED"], "createdAt": "2020-02-03T15:27:27.024Z", "updatedAt": "2020-02-03T15:27:27.024Z"}, {"id": "47fb4f19-84a9-40aa-a80f-e22b7d7fe869", "url": "https://i.imgur.com/uGeSgbs.jpg", "normalizedUrl": "https://imgur.com/uGeSgbs", "thumbnail": "https://i.imgur.com/uGeSgbsl.jpg", "type": "image/imgur", "tags": ["ANNOTATED"], "createdAt": "2020-02-03T15:27:27.024Z", "updatedAt": "2020-02-03T15:27:27.024Z"}, {"id": "fec38dd1-87fd-4021-a42f-5e2ae8a1be9b", "url": "https://i.imgur.com/vaj9qpg.jpg", "normalizedUrl": "https://imgur.com/vaj9qpg", "thumbnail": "https://i.imgur.com/vaj9qpgl.jpg", "type": "image/imgur", "tags": ["ANNOTATED"], "createdAt": "2020-02-03T15:27:27.024Z", "updatedAt": "2020-02-03T15:27:27.024Z"}], "reactions": [], "hidden": false, "customStyle": null, "isSuspiciousAccount": false, "layout": "classic", "withImages": true, "withVideos": false, "media": [{"url": "https://i.imgur.com/sUj37pY.jpg"}, {"url": "https://i.imgur.com/uGeSgbs.jpg"}, {"url": "https://i.imgur.com/vaj9qpg.jpg"}], "reportReasonText": "", "postAvatar": ""}, {"id": 233005718, "title": "#詢問自費外用a酸價錢", "excerpt": "之前去醫院自費拿一條才80，今天去某間診所 想自費多拿一條，結果自費要150，也差太多...，有人自費拿過嗎", "anonymousSchool": false, "anonymousDepartment": false, "pinned": false, "forumId": "6d1f3e37-667a-4f84-951d-2efebf51d32a", "replyId": null, "createdAt": "2020-02-03T02:58:00.440Z", "updatedAt": "2020-02-03T07:07:10.102Z", "commentCount": 3, "likeCount": 0, "withNickname": true, "tags": [], "topics": ["價錢", "詢問", "皮膚科"], "meta": {"layout": "classic"}, "forumName": "醫美", "forumAlias": "facelift", "gender": "F", "school": "匿名", "department": "fly0939", "replyTitle": null, "mediaMeta": [], "reactions": [], "hidden": false, "customStyle": null, "isSuspiciousAccount": false, "layout": "classic", "withImages": false, "withVideos": false, "media": [], "reportReasonText": "", "postAvatar": ""}]