[{"id": 233007765, "title": "學校公告 開學日3/2", "excerpt": "️中央流行疫情指揮中心同意：全國大專院校開學日延後至2/25「以後」️，-，大家，教育部還有學校是怕群聚感染，大家也知道逢甲陸生不少，而且2/9還不一定能開放陸生回台，所以拜託行行好，保護自己也保護別", "anonymousSchool": false, "anonymousDepartment": true, "pinned": false, "forumId": "6f72a221-b46c-4f1e-9d82-26378d407608", "replyId": null, "createdAt": "2020-02-03T09:30:05.408Z", "updatedAt": "2020-02-03T13:28:06.517Z", "commentCount": 19, "likeCount": 84, "withNickname": false, "tags": [], "topics": ["開學日"], "meta": {"layout": "classic"}, "forumName": "逢甲大學", "forumAlias": "fcu", "gender": "F", "school": "逢甲大學", "replyTitle": null, "mediaMeta": [{"id": "c2d5b3c5-d9ab-48f7-b596-61d25d0276b4", "url": "https://i.imgur.com/PoqbpH1l.jpg", "normalizedUrl": "https://i.imgur.com/PoqbpH1l.jpg", "thumbnail": "https://i.imgur.com/PoqbpH1l.jpg", "type": "image/thumbnail", "tags": ["ANNOTATED"], "createdAt": "2020-02-03T09:40:10.823Z", "updatedAt": "2020-02-03T13:28:06.517Z"}, {"id": "c2d5b3c5-d9ab-48f7-b596-61d25d0276b4", "url": "https://i.imgur.com/PoqbpH1.jpg", "normalizedUrl": "https://imgur.com/PoqbpH1", "thumbnail": "https://i.imgur.com/PoqbpH1l.jpg", "type": "image/imgur", "tags": ["ANNOTATED"], "createdAt": "2020-02-03T09:40:10.823Z", "updatedAt": "2020-02-03T13:28:06.517Z"}], "reactions": [{"id": "286f599c-f86a-4932-82f0-f5a06f1eca03", "count": 81}, {"id": "aa0d425f-d530-4478-9a77-fe3aedc79eea", "count": 2}, {"id": "e8e6bc5d-41b0-4129-b134-97507523d7ff", "count": 1}], "hidden": false, "customStyle": null, "isSuspiciousAccount": false, "layout": "classic", "withImages": true, "withVideos": false, "media": [{"url": "https://i.imgur.com/PoqbpH1.jpg"}], "reportReasonText": "", "postAvatar": ""}, {"id": 233007383, "title": "確定3/2了", "excerpt": "大家可以回家啦，現在確定全國大專院校都到3/2了", "anonymousSchool": false, "anonymousDepartment": false, "pinned": false, "forumId": "6f72a221-b46c-4f1e-9d82-26378d407608", "replyId": null, "createdAt": "2020-02-03T08:42:05.572Z", "updatedAt": "2020-02-03T08:42:05.572Z", "commentCount": 9, "likeCount": 28, "withNickname": false, "tags": [], "topics": ["逢甲", "寒假"], "meta": {"layout": "classic"}, "forumName": "逢甲大學", "forumAlias": "fcu", "gender": "M", "school": "逢甲大學", "department": "資訊工程學系", "replyTitle": null, "mediaMeta": [{"id": "3e8ccc56-4933-486e-b70b-40c277b54133", "url": "https://i.imgur.com/4QmReAml.jpg", "normalizedUrl": "https://i.imgur.com/4QmReAml.jpg", "thumbnail": "https://i.imgur.com/4QmReAml.jpg", "type": "image/thumbnail", "tags": ["ANNOTATED"], "createdAt": "2020-02-03T08:42:05.572Z", "updatedAt": "2020-02-03T08:42:05.572Z"}, {"id": "3e8ccc56-4933-486e-b70b-40c277b54133", "url": "https://i.imgur.com/4QmReAm.jpg", "normalizedUrl": "https://imgur.com/4QmReAm", "thumbnail": "https://i.imgur.com/4QmReAml.jpg", "type": "image/imgur", "tags": ["ANNOTATED"], "createdAt": "2020-02-03T08:42:05.572Z", "updatedAt": "2020-02-03T08:42:05.572Z"}], "reactions": [{"id": "286f599c-f86a-4932-82f0-f5a06f1eca03", "count": 26}, {"id": "aa0d425f-d530-4478-9a77-fe3aedc79eea", "count": 1}, {"id": "e8e6bc5d-41b0-4129-b134-97507523d7ff", "count": 1}], "hidden": false, "customStyle": null, "isSuspiciousAccount": false, "layout": "classic", "withImages": true, "withVideos": false, "media": [{"url": "https://i.imgur.com/4QmReAm.jpg"}], "reportReasonText": "", "postAvatar": ""}, {"id": 233005844, "title": "開學延後問題", "excerpt": "逮嘎侯，我四客仔人啦，想問說，之前一月底逢甲發的公告是說，正要提交教育部 能否延後開學，也寫了如果確定延後，行事曆會更改，但現在還沒改，是被教育部打槍了嗎？學店臭了嗎，請大家開示，還是我要自動放假到3", "anonymousSchool": false, "anonymousDepartment": true, "pinned": false, "forumId": "6f72a221-b46c-4f1e-9d82-26378d407608", "replyId": null, "createdAt": "2020-02-03T03:27:06.607Z", "updatedAt": "2020-02-03T03:27:44.481Z", "commentCount": 8, "likeCount": 19, "withNickname": false, "tags": [], "topics": [], "meta": {"layout": "classic"}, "forumName": "逢甲大學", "forumAlias": "fcu", "gender": "M", "school": "逢甲大學", "replyTitle": null, "mediaMeta": [], "reactions": [{"id": "286f599c-f86a-4932-82f0-f5a06f1eca03", "count": 16}, {"id": "aa0d425f-d530-4478-9a77-fe3aedc79eea", "count": 2}, {"id": "e8e6bc5d-41b0-4129-b134-97507523d7ff", "count": 1}], "hidden": false, "customStyle": null, "isSuspiciousAccount": false, "layout": "classic", "withImages": false, "withVideos": false, "media": [], "reportReasonText": "", "postAvatar": ""}, {"id": 233005784, "title": "現場加退選", "excerpt": "請問2/7的現場加退選還會有嗎，看學校行事曆還是有現場加退選", "anonymousSchool": false, "anonymousDepartment": true, "pinned": false, "forumId": "6f72a221-b46c-4f1e-9d82-26378d407608", "replyId": null, "createdAt": "2020-02-03T03:13:47.272Z", "updatedAt": "2020-02-03T03:13:47.272Z", "commentCount": 2, "likeCount": 18, "withNickname": false, "tags": [], "topics": ["逢甲", "課程", "選課"], "meta": {"layout": "classic"}, "forumName": "逢甲大學", "forumAlias": "fcu", "gender": "M", "school": "逢甲大學", "replyTitle": null, "mediaMeta": [], "reactions": [{"id": "286f599c-f86a-4932-82f0-f5a06f1eca03", "count": 15}, {"id": "e8e6bc5d-41b0-4129-b134-97507523d7ff", "count": 2}, {"id": "aa0d425f-d530-4478-9a77-fe3aedc79eea", "count": 1}], "hidden": false, "customStyle": null, "isSuspiciousAccount": false, "layout": "classic", "withImages": false, "withVideos": false, "media": [], "reportReasonText": "", "postAvatar": ""}, {"id": 233010416, "title": "3/1才能回宿舍！！！", "excerpt": "一切都來得很突然，不過為了我的健康這樣也好啦，希望下學期可以抽到新蓋的宿舍，就不是共用衛浴了", "anonymousSchool": false, "anonymousDepartment": true, "pinned": false, "forumId": "6f72a221-b46c-4f1e-9d82-26378d407608", "replyId": null, "createdAt": "2020-02-03T15:34:38.942Z", "updatedAt": "2020-02-03T15:34:38.942Z", "commentCount": 5, "likeCount": 16, "withNickname": false, "tags": [], "topics": ["逢甲", "宿舍", "延後開學"], "meta": {"layout": "classic"}, "forumName": "逢甲大學", "forumAlias": "fcu", "gender": "F", "school": "逢甲大學", "replyTitle": null, "mediaMeta": [{"id": "8bdd20ec-53a6-4fed-9059-4d1d8d0cd862", "url": "https://i.imgur.com/dz6tnF5l.jpg", "normalizedUrl": "https://i.imgur.com/dz6tnF5l.jpg", "thumbnail": "https://i.imgur.com/dz6tnF5l.jpg", "type": "image/thumbnail", "tags": ["ANNOTATED"], "createdAt": "2020-02-03T15:34:38.942Z", "updatedAt": "2020-02-03T15:34:38.942Z"}, {"id": "8bdd20ec-53a6-4fed-9059-4d1d8d0cd862", "url": "https://i.imgur.com/dz6tnF5.jpg", "normalizedUrl": "https://imgur.com/dz6tnF5", "thumbnail": "https://i.imgur.com/dz6tnF5l.jpg", "type": "image/imgur", "tags": ["ANNOTATED"], "createdAt": "2020-02-03T15:34:38.942Z", "updatedAt": "2020-02-03T15:34:38.942Z"}], "reactions": [{"id": "286f599c-f86a-4932-82f0-f5a06f1eca03", "count": 13}, {"id": "aa0d425f-d530-4478-9a77-fe3aedc79eea", "count": 2}, {"id": "4b018f48-e184-445f-adf1-fc8e04ba09b9", "count": 1}], "hidden": false, "customStyle": null, "isSuspiciousAccount": false, "layout": "classic", "withImages": true, "withVideos": false, "media": [{"url": "https://i.imgur.com/dz6tnF5.jpg"}], "reportReasonText": "", "postAvatar": ""}, {"id": 233010347, "title": "把我的英文選修還來", "excerpt": "我有一堂2849  學術英文閱讀，要跟朋友換，跟他同步的瞬間，我退掉他卻沒搶到，是誰一直很執著的按啦", "anonymousSchool": false, "anonymousDepartment": true, "pinned": false, "forumId": "6f72a221-b46c-4f1e-9d82-26378d407608", "replyId": null, "createdAt": "2020-02-03T15:27:07.488Z", "updatedAt": "2020-02-03T15:27:07.488Z", "commentCount": 2, "likeCount": 11, "withNickname": false, "tags": [], "topics": ["選課", "英文"], "meta": {"layout": "classic"}, "forumName": "逢甲大學", "forumAlias": "fcu", "gender": "M", "school": "逢甲大學", "replyTitle": null, "mediaMeta": [], "reactions": [{"id": "e8e6bc5d-41b0-4129-b134-97507523d7ff", "count": 6}, {"id": "286f599c-f86a-4932-82f0-f5a06f1eca03", "count": 4}, {"id": "aa0d425f-d530-4478-9a77-fe3aedc79eea", "count": 1}], "hidden": false, "customStyle": null, "isSuspiciousAccount": false, "layout": "classic", "withImages": false, "withVideos": false, "media": [], "reportReasonText": "", "postAvatar": ""}, {"id": 233007484, "title": "英文QQ", "excerpt": "先不說3/2才開學，啊加退選是不是也會延？", "anonymousSchool": false, "anonymousDepartment": true, "pinned": false, "forumId": "6f72a221-b46c-4f1e-9d82-26378d407608", "replyId": null, "createdAt": "2020-02-03T08:54:25.872Z", "updatedAt": "2020-02-03T08:56:27.600Z", "commentCount": 13, "likeCount": 9, "withNickname": false, "tags": [], "topics": ["英文", "逢甲", "課程", "選課", "黑人問號"], "meta": {"layout": "classic"}, "forumName": "逢甲大學", "forumAlias": "fcu", "gender": "M", "school": "逢甲大學", "replyTitle": null, "mediaMeta": [{"id": "913c4c7b-f820-45ca-bcee-b77b8d1e0d0a", "url": "https://i.imgur.com/JvSlrRDl.jpg", "normalizedUrl": "https://i.imgur.com/JvSlrRDl.jpg", "thumbnail": "https://i.imgur.com/JvSlrRDl.jpg", "type": "image/thumbnail", "tags": ["ANNOTATED"], "createdAt": "2020-02-03T08:56:27.600Z", "updatedAt": "2020-02-03T08:56:27.600Z"}, {"id": "913c4c7b-f820-45ca-bcee-b77b8d1e0d0a", "url": "https://i.imgur.com/JvSlrRD.png", "normalizedUrl": "https://imgur.com/JvSlrRD", "thumbnail": "https://i.imgur.com/JvSlrRDl.jpg", "type": "image/imgur", "tags": ["ANNOTATED"], "createdAt": "2020-02-03T08:56:27.600Z", "updatedAt": "2020-02-03T08:56:27.600Z"}], "reactions": [{"id": "286f599c-f86a-4932-82f0-f5a06f1eca03", "count": 7}, {"id": "aa0d425f-d530-4478-9a77-fe3aedc79eea", "count": 1}, {"id": "e8e6bc5d-41b0-4129-b134-97507523d7ff", "count": 1}], "hidden": false, "customStyle": null, "isSuspiciousAccount": false, "layout": "classic", "withImages": true, "withVideos": false, "media": [{"url": "https://i.imgur.com/JvSlrRD.png"}], "reportReasonText": "", "postAvatar": ""}, {"id": 233007558, "title": "為什麼管理費要收到8月份拉", "excerpt": "貴爆==，我可以只繳費到6月嗎？？？不想繳那麼多錢", "anonymousSchool": false, "anonymousDepartment": true, "pinned": false, "forumId": "6f72a221-b46c-4f1e-9d82-26378d407608", "replyId": null, "createdAt": "2020-02-03T09:02:06.365Z", "updatedAt": "2020-02-03T09:02:06.365Z", "commentCount": 5, "likeCount": 8, "withNickname": false, "tags": [], "topics": ["住宿", "逢甲"], "meta": {"layout": "classic"}, "forumName": "逢甲大學", "forumAlias": "fcu", "gender": "M", "school": "逢甲大學", "replyTitle": null, "mediaMeta": [], "reactions": [{"id": "286f599c-f86a-4932-82f0-f5a06f1eca03", "count": 6}, {"id": "aa0d425f-d530-4478-9a77-fe3aedc79eea", "count": 2}], "hidden": false, "customStyle": null, "isSuspiciousAccount": false, "layout": "classic", "withImages": false, "withVideos": false, "media": [], "reportReasonText": "", "postAvatar": ""}, {"id": 233006475, "title": "楊美美 四書", "excerpt": "竟然還有23個餘額，想請問大家美美今年的教學風格有轉變嗎？還有他這門課上課方式依然是以下幾項嗎：1.期中期末紙筆考試，2.不分組報告，3.點名分數很重，4.上課不能睡覺，因為從大一到現在都聽說他很佛，", "anonymousSchool": false, "anonymousDepartment": true, "pinned": false, "forumId": "6f72a221-b46c-4f1e-9d82-26378d407608", "replyId": null, "createdAt": "2020-02-03T05:54:16.673Z", "updatedAt": "2020-02-03T06:00:17.871Z", "commentCount": 6, "likeCount": 6, "withNickname": false, "tags": ["HIDE_THUMBNAIL"], "topics": ["課程", "選課"], "meta": {"layout": "classic"}, "forumName": "逢甲大學", "forumAlias": "fcu", "gender": "F", "school": "逢甲大學", "replyTitle": null, "mediaMeta": [], "reactions": [{"id": "286f599c-f86a-4932-82f0-f5a06f1eca03", "count": 4}, {"id": "aa0d425f-d530-4478-9a77-fe3aedc79eea", "count": 1}, {"id": "e8e6bc5d-41b0-4129-b134-97507523d7ff", "count": 1}], "hidden": false, "customStyle": null, "isSuspiciousAccount": false, "layout": "classic", "withImages": false, "withVideos": false, "media": [], "reportReasonText": "", "postAvatar": ""}, {"id": 233005879, "title": "微積分綜合班", "excerpt": "抱歉我大一太混了，想上晚上綜合班，請問現在106個名額都被選完了還會再現場餘額加開嗎？", "anonymousSchool": false, "anonymousDepartment": true, "pinned": false, "forumId": "6f72a221-b46c-4f1e-9d82-26378d407608", "replyId": null, "createdAt": "2020-02-03T03:33:45.606Z", "updatedAt": "2020-02-03T03:33:45.606Z", "commentCount": 8, "likeCount": 6, "withNickname": false, "tags": [], "topics": [], "meta": {"layout": "classic"}, "forumName": "逢甲大學", "forumAlias": "fcu", "gender": "M", "school": "逢甲大學", "replyTitle": null, "mediaMeta": [], "reactions": [{"id": "286f599c-f86a-4932-82f0-f5a06f1eca03", "count": 3}, {"id": "aa0d425f-d530-4478-9a77-fe3aedc79eea", "count": 2}, {"id": "e8e6bc5d-41b0-4129-b134-97507523d7ff", "count": 1}], "hidden": false, "customStyle": null, "isSuspiciousAccount": false, "layout": "classic", "withImages": false, "withVideos": false, "media": [], "reportReasonText": "", "postAvatar": ""}, {"id": 233005594, "title": "應用英語選修換課", "excerpt": "有帥哥美女有興趣交換的嗎，星期五 （1-2）電影與文學，星期五 （3-4）有效對話的跨文化實踐，交換，星期一（8-9）看Ted學英文，星期二（6-7）學術英文寫作，星期二（8-9）多益聽力與閱讀（中級", "anonymousSchool": false, "anonymousDepartment": true, "pinned": false, "forumId": "6f72a221-b46c-4f1e-9d82-26378d407608", "replyId": null, "createdAt": "2020-02-03T02:24:31.215Z", "updatedAt": "2020-02-03T02:24:31.215Z", "commentCount": 2, "likeCount": 6, "withNickname": false, "tags": [], "topics": ["英語", "逢甲", "課程", "選課"], "meta": {"layout": "classic"}, "forumName": "逢甲大學", "forumAlias": "fcu", "gender": "M", "school": "逢甲大學", "replyTitle": null, "mediaMeta": [], "reactions": [{"id": "286f599c-f86a-4932-82f0-f5a06f1eca03", "count": 3}, {"id": "aa0d425f-d530-4478-9a77-fe3aedc79eea", "count": 2}, {"id": "e8e6bc5d-41b0-4129-b134-97507523d7ff", "count": 1}], "hidden": false, "customStyle": null, "isSuspiciousAccount": false, "layout": "classic", "withImages": false, "withVideos": false, "media": [], "reportReasonText": "", "postAvatar": ""}, {"id": 233005500, "title": "電子商務安全有好心人能讓嗎？", "excerpt": "1972 軟體品質保證與軟體測試 也好，大四求讓課", "anonymousSchool": false, "anonymousDepartment": true, "pinned": false, "forumId": "6f72a221-b46c-4f1e-9d82-26378d407608", "replyId": null, "createdAt": "2020-02-03T01:52:22.647Z", "updatedAt": "2020-02-03T01:52:22.647Z", "commentCount": 3, "likeCount": 6, "withNickname": false, "tags": ["HIDE_THUMBNAIL"], "topics": ["選課"], "meta": {"layout": "classic"}, "forumName": "逢甲大學", "forumAlias": "fcu", "gender": "M", "school": "逢甲大學", "replyTitle": null, "mediaMeta": [], "reactions": [{"id": "286f599c-f86a-4932-82f0-f5a06f1eca03", "count": 4}, {"id": "aa0d425f-d530-4478-9a77-fe3aedc79eea", "count": 1}, {"id": "e8e6bc5d-41b0-4129-b134-97507523d7ff", "count": 1}], "hidden": false, "customStyle": null, "isSuspiciousAccount": false, "layout": "classic", "withImages": false, "withVideos": false, "media": [], "reportReasonText": "", "postAvatar": ""}, {"id": 233005433, "title": "英文選修換課", "excerpt": "有沒有帥哥美女有選到，旅遊實境英語 或 職場英語口語表達的，想用星期三 8、9節的從英文時事看世界換，感謝", "anonymousSchool": false, "anonymousDepartment": true, "pinned": false, "forumId": "6f72a221-b46c-4f1e-9d82-26378d407608", "replyId": null, "createdAt": "2020-02-03T01:21:52.976Z", "updatedAt": "2020-02-03T02:16:01.286Z", "commentCount": 2, "likeCount": 6, "withNickname": false, "tags": ["HIDE_THUMBNAIL"], "topics": ["英文"], "meta": {"layout": "classic"}, "forumName": "逢甲大學", "forumAlias": "fcu", "gender": "F", "school": "逢甲大學", "replyTitle": null, "mediaMeta": [], "reactions": [{"id": "286f599c-f86a-4932-82f0-f5a06f1eca03", "count": 4}, {"id": "aa0d425f-d530-4478-9a77-fe3aedc79eea", "count": 1}, {"id": "e8e6bc5d-41b0-4129-b134-97507523d7ff", "count": 1}], "hidden": false, "customStyle": null, "isSuspiciousAccount": false, "layout": "classic", "withImages": false, "withVideos": false, "media": [], "reportReasonText": "", "postAvatar": ""}, {"id": 233004448, "title": "#轉", "excerpt": "", "anonymousSchool": false, "anonymousDepartment": false, "pinned": false, "forumId": "6f72a221-b46c-4f1e-9d82-26378d407608", "replyId": 224755021, "createdAt": "2020-02-02T17:18:15.484Z", "updatedAt": "2020-02-02T17:18:15.484Z", "commentCount": 4, "likeCount": 6, "withNickname": false, "tags": [], "topics": ["迎新"], "meta": {"crossPostId": 224755021}, "forumName": "逢甲大學", "forumAlias": "fcu", "gender": "M", "school": "逢甲大學", "department": "航太與系統工程學系", "replyTitle": "請問關於南聯迎新", "mediaMeta": [], "reactions": [{"id": "286f599c-f86a-4932-82f0-f5a06f1eca03", "count": 4}, {"id": "aa0d425f-d530-4478-9a77-fe3aedc79eea", "count": 1}, {"id": "e8e6bc5d-41b0-4129-b134-97507523d7ff", "count": 1}], "hidden": false, "customStyle": null, "isSuspiciousAccount": false, "layout": "classic", "withImages": false, "withVideos": false, "media": [], "reportReasonText": "", "postAvatar": ""}, {"id": 233012301, "title": "問 選課餘額", "excerpt": "如圖，想請問一下大家，很多課都已經沒有剩餘名額了，那這樣登記的話還有機會中嗎？是說選課怎麼這麼難中QQ", "anonymousSchool": false, "anonymousDepartment": true, "pinned": false, "forumId": "6f72a221-b46c-4f1e-9d82-26378d407608", "replyId": null, "createdAt": "2020-02-04T01:36:03.917Z", "updatedAt": "2020-02-04T01:36:03.917Z", "commentCount": 9, "likeCount": 5, "withNickname": false, "tags": [], "topics": ["逢甲", "選課", "新生"], "meta": {"layout": "classic"}, "forumName": "逢甲大學", "forumAlias": "fcu", "gender": "F", "school": "逢甲大學", "replyTitle": null, "mediaMeta": [{"id": "6886b7e5-a18f-4b73-aa3d-e19c65136e06", "url": "https://i.imgur.com/QbMWq9Nl.jpg", "normalizedUrl": "https://i.imgur.com/QbMWq9Nl.jpg", "thumbnail": "https://i.imgur.com/QbMWq9Nl.jpg", "type": "image/thumbnail", "tags": ["ANNOTATED"], "createdAt": "2020-02-04T01:36:03.917Z", "updatedAt": "2020-02-04T01:36:03.917Z"}, {"id": "6886b7e5-a18f-4b73-aa3d-e19c65136e06", "url": "https://i.imgur.com/QbMWq9N.png", "normalizedUrl": "https://imgur.com/QbMWq9N", "thumbnail": "https://i.imgur.com/QbMWq9Nl.jpg", "type": "image/imgur", "tags": ["ANNOTATED"], "createdAt": "2020-02-04T01:36:03.917Z", "updatedAt": "2020-02-04T01:36:03.917Z"}], "reactions": [{"id": "286f599c-f86a-4932-82f0-f5a06f1eca03", "count": 4}, {"id": "aa0d425f-d530-4478-9a77-fe3aedc79eea", "count": 1}], "hidden": false, "customStyle": null, "isSuspiciousAccount": false, "layout": "classic", "withImages": true, "withVideos": false, "media": [{"url": "https://i.imgur.com/QbMWq9N.png"}], "reportReasonText": "", "postAvatar": ""}, {"id": 233010887, "title": "轉：中部12強系際盃壘球賽", "excerpt": "", "anonymousSchool": false, "anonymousDepartment": true, "pinned": false, "forumId": "6f72a221-b46c-4f1e-9d82-26378d407608", "replyId": 233008037, "createdAt": "2020-02-03T16:27:09.852Z", "updatedAt": "2020-02-03T16:27:09.852Z", "commentCount": 0, "likeCount": 5, "withNickname": false, "tags": [], "topics": ["中部", "壘球", "逢甲大學"], "meta": {"crossPostId": 233008037}, "forumName": "逢甲大學", "forumAlias": "fcu", "gender": "F", "school": "逢甲大學", "replyTitle": "中部12強系際盃壘球賽", "mediaMeta": [], "reactions": [{"id": "286f599c-f86a-4932-82f0-f5a06f1eca03", "count": 3}, {"id": "aa0d425f-d530-4478-9a77-fe3aedc79eea", "count": 2}], "hidden": false, "customStyle": null, "isSuspiciousAccount": false, "layout": "classic", "withImages": false, "withVideos": false, "media": [], "reportReasonText": "", "postAvatar": ""}, {"id": 233009874, "title": "不想面對開學", "excerpt": "寒假作業還沒寫完怎麼辦？老師會打電話跟我父母告狀嗎？", "anonymousSchool": false, "anonymousDepartment": true, "pinned": false, "forumId": "6f72a221-b46c-4f1e-9d82-26378d407608", "replyId": null, "createdAt": "2020-02-03T14:30:49.958Z", "updatedAt": "2020-02-03T14:30:49.958Z", "commentCount": 4, "likeCount": 5, "withNickname": false, "tags": [], "topics": ["逢甲", "開學", "寒假作業", "學姊", "學長"], "meta": {"layout": "classic"}, "forumName": "逢甲大學", "forumAlias": "fcu", "gender": "M", "school": "逢甲大學", "replyTitle": null, "mediaMeta": [], "reactions": [{"id": "286f599c-f86a-4932-82f0-f5a06f1eca03", "count": 2}, {"id": "aa0d425f-d530-4478-9a77-fe3aedc79eea", "count": 2}, {"id": "e8e6bc5d-41b0-4129-b134-97507523d7ff", "count": 1}], "hidden": false, "customStyle": null, "isSuspiciousAccount": false, "layout": "classic", "withImages": false, "withVideos": false, "media": [], "reportReasonText": "", "postAvatar": ""}, {"id": 233009062, "title": "開學延後問題", "excerpt": "请问各位學校註冊組會照常開放嘛 還是要到3/2才開放", "anonymousSchool": false, "anonymousDepartment": true, "pinned": false, "forumId": "6f72a221-b46c-4f1e-9d82-26378d407608", "replyId": null, "createdAt": "2020-02-03T12:42:28.845Z", "updatedAt": "2020-02-03T12:42:53.709Z", "commentCount": 3, "likeCount": 5, "withNickname": false, "tags": [], "topics": ["逢甲"], "meta": {"layout": "classic"}, "forumName": "逢甲大學", "forumAlias": "fcu", "gender": "M", "school": "逢甲大學", "replyTitle": null, "mediaMeta": [], "reactions": [{"id": "286f599c-f86a-4932-82f0-f5a06f1eca03", "count": 2}, {"id": "aa0d425f-d530-4478-9a77-fe3aedc79eea", "count": 2}, {"id": "011ead16-9b83-4729-9fde-c588920c6c2d", "count": 1}], "hidden": false, "customStyle": null, "isSuspiciousAccount": false, "layout": "classic", "withImages": false, "withVideos": false, "media": [], "reportReasonText": "", "postAvatar": ""}, {"id": 233006938, "title": "問 精密傳動系統 徐瑞宏", "excerpt": "這門課版上都找不到資料QAQ，想請問有修過這門課或是有上過著這老師課的人，這門課老師上課方式、有沒有日常作業、評價等等...，謝謝大家~", "anonymousSchool": false, "anonymousDepartment": true, "pinned": false, "forumId": "6f72a221-b46c-4f1e-9d82-26378d407608", "replyId": null, "createdAt": "2020-02-03T07:35:36.547Z", "updatedAt": "2020-02-03T07:35:36.547Z", "commentCount": 5, "likeCount": 5, "withNickname": false, "tags": [], "topics": ["選課"], "meta": {"layout": "classic"}, "forumName": "逢甲大學", "forumAlias": "fcu", "gender": "F", "school": "逢甲大學", "replyTitle": null, "mediaMeta": [], "reactions": [{"id": "286f599c-f86a-4932-82f0-f5a06f1eca03", "count": 3}, {"id": "aa0d425f-d530-4478-9a77-fe3aedc79eea", "count": 1}, {"id": "e8e6bc5d-41b0-4129-b134-97507523d7ff", "count": 1}], "hidden": false, "customStyle": null, "isSuspiciousAccount": false, "layout": "classic", "withImages": false, "withVideos": false, "media": [], "reportReasonText": "", "postAvatar": ""}, {"id": 233011508, "title": "光南還有賣酒精嗎", "excerpt": "請問各位，光南還有賣酒精嗎？還是還有哪裡有🥺，口罩也是都被搶光了嗎🥺，最近有點忙，被時間追趕，沒辦法一間一間跑一間一間看，拜託提供情報了，祝大家，都健健康康，我本人知道的是：99大賣場的都賣完了", "anonymousSchool": false, "anonymousDepartment": true, "pinned": false, "forumId": "6f72a221-b46c-4f1e-9d82-26378d407608", "replyId": null, "createdAt": "2020-02-03T18:00:26.227Z", "updatedAt": "2020-02-03T18:01:27.986Z", "commentCount": 3, "likeCount": 4, "withNickname": false, "tags": ["HIDE_THUMBNAIL"], "topics": ["逢甲"], "meta": {"layout": "classic"}, "forumName": "逢甲大學", "forumAlias": "fcu", "gender": "F", "school": "逢甲大學", "replyTitle": null, "mediaMeta": [], "reactions": [{"id": "286f599c-f86a-4932-82f0-f5a06f1eca03", "count": 3}, {"id": "aa0d425f-d530-4478-9a77-fe3aedc79eea", "count": 1}], "hidden": false, "customStyle": null, "isSuspiciousAccount": false, "layout": "classic", "withImages": false, "withVideos": false, "media": [], "reportReasonText": "", "postAvatar": ""}, {"id": 233009247, "title": "黃禮林 老師", "excerpt": "想學好也想高分，請問修過這門課的同學老師給分如何，上課內容夠充實嗎，謝謝", "anonymousSchool": false, "anonymousDepartment": true, "pinned": false, "forumId": "6f72a221-b46c-4f1e-9d82-26378d407608", "replyId": null, "createdAt": "2020-02-03T13:10:45.818Z", "updatedAt": "2020-02-03T13:10:45.818Z", "commentCount": 3, "likeCount": 4, "withNickname": false, "tags": [], "topics": ["黃禮林", "課程"], "meta": {"layout": "classic"}, "forumName": "逢甲大學", "forumAlias": "fcu", "gender": "F", "school": "逢甲大學", "replyTitle": null, "mediaMeta": [], "reactions": [{"id": "286f599c-f86a-4932-82f0-f5a06f1eca03", "count": 3}, {"id": "aa0d425f-d530-4478-9a77-fe3aedc79eea", "count": 1}], "hidden": false, "customStyle": null, "isSuspiciousAccount": false, "layout": "classic", "withImages": false, "withVideos": false, "media": [], "reportReasonText": "", "postAvatar": ""}, {"id": 233007713, "title": "韓假繼續放？這篇是在考國文的嗎？", "excerpt": "請各位解答一下這篇是在講什麼鬼？", "anonymousSchool": false, "anonymousDepartment": true, "pinned": false, "forumId": "6f72a221-b46c-4f1e-9d82-26378d407608", "replyId": null, "createdAt": "2020-02-03T09:21:33.788Z", "updatedAt": "2020-02-03T09:23:10.377Z", "commentCount": 2, "likeCount": 4, "withNickname": false, "tags": ["HIDE_THUMBNAIL"], "topics": ["逢甲", "靠北"], "meta": {"layout": "classic"}, "forumName": "逢甲大學", "forumAlias": "fcu", "gender": "M", "school": "逢甲大學", "replyTitle": null, "mediaMeta": [], "reactions": [{"id": "286f599c-f86a-4932-82f0-f5a06f1eca03", "count": 3}, {"id": "aa0d425f-d530-4478-9a77-fe3aedc79eea", "count": 1}], "hidden": false, "customStyle": null, "isSuspiciousAccount": false, "layout": "classic", "withImages": false, "withVideos": false, "media": [], "reportReasonText": "", "postAvatar": ""}, {"id": 233005505, "title": "問 跨境電商勞務交易法律", "excerpt": "跨境電商勞務交易法律 李東穎，請問有同學修過嗎？評價如何？完全查不到老師的評價", "anonymousSchool": false, "anonymousDepartment": true, "pinned": false, "forumId": "6f72a221-b46c-4f1e-9d82-26378d407608", "replyId": null, "createdAt": "2020-02-03T01:52:41.201Z", "updatedAt": "2020-02-03T01:52:41.201Z", "commentCount": 4, "likeCount": 4, "withNickname": false, "tags": ["HIDE_THUMBNAIL"], "topics": ["選課"], "meta": {"layout": "classic"}, "forumName": "逢甲大學", "forumAlias": "fcu", "gender": "F", "school": "逢甲大學", "replyTitle": null, "mediaMeta": [], "reactions": [{"id": "286f599c-f86a-4932-82f0-f5a06f1eca03", "count": 2}, {"id": "aa0d425f-d530-4478-9a77-fe3aedc79eea", "count": 1}, {"id": "e8e6bc5d-41b0-4129-b134-97507523d7ff", "count": 1}], "hidden": false, "customStyle": null, "isSuspiciousAccount": false, "layout": "classic", "withImages": false, "withVideos": false, "media": [], "reportReasonText": "", "postAvatar": ""}, {"id": 233012244, "title": "#網路加退選", "excerpt": "請問剩餘名額如果是0，這樣登記加選還有用嗎？小弟菜雞路過，求解答 感謝", "anonymousSchool": false, "anonymousDepartment": true, "pinned": false, "forumId": "6f72a221-b46c-4f1e-9d82-26378d407608", "replyId": null, "createdAt": "2020-02-04T01:19:02.895Z", "updatedAt": "2020-02-04T01:19:02.895Z", "commentCount": 3, "likeCount": 3, "withNickname": false, "tags": ["HIDE_THUMBNAIL"], "topics": ["逢甲", "課程"], "meta": {"layout": "classic"}, "forumName": "逢甲大學", "forumAlias": "fcu", "gender": "M", "school": "逢甲大學", "replyTitle": null, "mediaMeta": [], "reactions": [{"id": "286f599c-f86a-4932-82f0-f5a06f1eca03", "count": 2}, {"id": "aa0d425f-d530-4478-9a77-fe3aedc79eea", "count": 1}], "hidden": false, "customStyle": null, "isSuspiciousAccount": false, "layout": "classic", "withImages": false, "withVideos": false, "media": [], "reportReasonText": "", "postAvatar": ""}, {"id": 233011443, "title": "圖書館", "excerpt": "請問各位大大 延後開學之後那寒假前借的書可以還嗎？？（借據單寫2/10歸還 ），不想被罰錢啊啊啊啊", "anonymousSchool": false, "anonymousDepartment": true, "pinned": false, "forumId": "6f72a221-b46c-4f1e-9d82-26378d407608", "replyId": null, "createdAt": "2020-02-03T17:45:52.075Z", "updatedAt": "2020-02-03T17:45:52.075Z", "commentCount": 4, "likeCount": 3, "withNickname": false, "tags": [], "topics": ["逢甲"], "meta": {"layout": "classic"}, "forumName": "逢甲大學", "forumAlias": "fcu", "gender": "M", "school": "逢甲大學", "replyTitle": null, "mediaMeta": [], "reactions": [{"id": "011ead16-9b83-4729-9fde-c588920c6c2d", "count": 1}, {"id": "286f599c-f86a-4932-82f0-f5a06f1eca03", "count": 1}, {"id": "aa0d425f-d530-4478-9a77-fe3aedc79eea", "count": 1}], "hidden": false, "customStyle": null, "isSuspiciousAccount": false, "layout": "classic", "withImages": false, "withVideos": false, "media": [], "reportReasonText": "", "postAvatar": ""}, {"id": 233011117, "title": "燙髮推薦 不貴話少", "excerpt": "想燙卷，求推薦！，如果可以的話，拜託女孩們告訴我價錢與長度，（如果設計師能話少少就太讚了）", "anonymousSchool": false, "anonymousDepartment": true, "pinned": false, "forumId": "6f72a221-b46c-4f1e-9d82-26378d407608", "replyId": null, "createdAt": "2020-02-03T16:59:12.465Z", "updatedAt": "2020-02-03T16:59:12.465Z", "commentCount": 1, "likeCount": 3, "withNickname": false, "tags": [], "topics": ["燙髮", "剪髮"], "meta": {"layout": "classic"}, "forumName": "逢甲大學", "forumAlias": "fcu", "gender": "F", "school": "逢甲大學", "replyTitle": null, "mediaMeta": [], "reactions": [{"id": "286f599c-f86a-4932-82f0-f5a06f1eca03", "count": 2}, {"id": "aa0d425f-d530-4478-9a77-fe3aedc79eea", "count": 1}], "hidden": false, "customStyle": null, "isSuspiciousAccount": false, "layout": "classic", "withImages": false, "withVideos": false, "media": [], "reportReasonText": "", "postAvatar": ""}, {"id": 233008488, "title": "鄭保村行為經濟學+吳紀瑩管制經濟學", "excerpt": "如題，想問這兩位老師的期中期末是怎樣考，我這邊情況比較特殊，英文爛倒掉渣，中文的話要我寫申論也沒問題，上學期就是因為期末英選才被當的，這次先確認一下", "anonymousSchool": false, "anonymousDepartment": true, "pinned": false, "forumId": "6f72a221-b46c-4f1e-9d82-26378d407608", "replyId": null, "createdAt": "2020-02-03T11:05:52.084Z", "updatedAt": "2020-02-03T11:05:52.084Z", "commentCount": 2, "likeCount": 3, "withNickname": false, "tags": [], "topics": ["逢甲", "選課"], "meta": {"layout": "classic"}, "forumName": "逢甲大學", "forumAlias": "fcu", "gender": "M", "school": "逢甲大學", "replyTitle": null, "mediaMeta": [], "reactions": [{"id": "286f599c-f86a-4932-82f0-f5a06f1eca03", "count": 2}, {"id": "aa0d425f-d530-4478-9a77-fe3aedc79eea", "count": 1}], "hidden": false, "customStyle": null, "isSuspiciousAccount": false, "layout": "classic", "withImages": false, "withVideos": false, "media": [], "reportReasonText": "", "postAvatar": ""}, {"id": 233006721, "title": "#問 認識天然災害", "excerpt": "請問一下這門課需要分組嗎？？在猶豫要不要選這門課", "anonymousSchool": false, "anonymousDepartment": true, "pinned": false, "forumId": "6f72a221-b46c-4f1e-9d82-26378d407608", "replyId": null, "createdAt": "2020-02-03T06:50:26.957Z", "updatedAt": "2020-02-03T06:50:26.957Z", "commentCount": 4, "likeCount": 3, "withNickname": false, "tags": [], "topics": ["課程"], "meta": {"layout": "classic"}, "forumName": "逢甲大學", "forumAlias": "fcu", "gender": "F", "school": "逢甲大學", "replyTitle": null, "mediaMeta": [], "reactions": [{"id": "286f599c-f86a-4932-82f0-f5a06f1eca03", "count": 1}, {"id": "aa0d425f-d530-4478-9a77-fe3aedc79eea", "count": 1}, {"id": "e8e6bc5d-41b0-4129-b134-97507523d7ff", "count": 1}], "hidden": false, "customStyle": null, "isSuspiciousAccount": false, "layout": "classic", "withImages": false, "withVideos": false, "media": [], "reportReasonText": "", "postAvatar": ""}, {"id": 233012697, "title": "問 土地利用法規", "excerpt": "如題，土管系大三選修，但是都沒給老師相關資訊 想請問適合外系修嗎，謝謝～～～", "anonymousSchool": false, "anonymousDepartment": true, "pinned": false, "forumId": "6f72a221-b46c-4f1e-9d82-26378d407608", "replyId": null, "createdAt": "2020-02-04T03:16:21.978Z", "updatedAt": "2020-02-04T03:18:59.661Z", "commentCount": 0, "likeCount": 2, "withNickname": false, "tags": ["HIDE_THUMBNAIL"], "topics": ["逢甲", "課程"], "meta": {"layout": "classic"}, "forumName": "逢甲大學", "forumAlias": "fcu", "gender": "F", "school": "逢甲大學", "replyTitle": null, "mediaMeta": [], "reactions": [{"id": "286f599c-f86a-4932-82f0-f5a06f1eca03", "count": 1}, {"id": "aa0d425f-d530-4478-9a77-fe3aedc79eea", "count": 1}], "hidden": false, "customStyle": null, "isSuspiciousAccount": false, "layout": "classic", "withImages": false, "withVideos": false, "media": [], "reportReasonText": "", "postAvatar": ""}, {"id": 233012243, "title": "今天學校健身房會開嗎？", "excerpt": "學校健身房會因為武漢肺炎休館嗎 我想運動rrr", "anonymousSchool": false, "anonymousDepartment": true, "pinned": false, "forumId": "6f72a221-b46c-4f1e-9d82-26378d407608", "replyId": null, "createdAt": "2020-02-04T01:18:58.342Z", "updatedAt": "2020-02-04T01:18:58.342Z", "commentCount": 3, "likeCount": 2, "withNickname": false, "tags": [], "topics": ["逢甲"], "meta": {"layout": "classic"}, "forumName": "逢甲大學", "forumAlias": "fcu", "gender": "M", "school": "逢甲大學", "replyTitle": null, "mediaMeta": [], "reactions": [{"id": "286f599c-f86a-4932-82f0-f5a06f1eca03", "count": 1}, {"id": "aa0d425f-d530-4478-9a77-fe3aedc79eea", "count": 1}], "hidden": false, "customStyle": null, "isSuspiciousAccount": false, "layout": "classic", "withImages": false, "withVideos": false, "media": [], "reportReasonText": "", "postAvatar": ""}]