[{"id": 232672036, "title": "聖誕節想告白嗎？快來留言說愛~", "excerpt": "聖誕節就要到了，想說的話還沒有機會跟那個 他/她 說嗎？不要再猶豫了啦~~~，點進去上面的文章   留言，大聲說出你想告白的話，告白內容就會被放上 Dcard 感情板跑馬燈唷！，甚至！你的告白有可能會", "anonymousSchool": false, "anonymousDepartment": true, "pinned": true, "forumId": "a62a724b-4fdd-4044-b6d3-19483aa7f0df", "replyId": 232671339, "createdAt": "2019-12-12T07:10:29.301Z", "updatedAt": "2019-12-12T07:19:28.903Z", "commentCount": 4, "likeCount": 31, "withNickname": true, "tags": [], "topics": ["聖誕節", "告白", "感情"], "meta": {"layout": "classic"}, "forumName": "輔仁大學", "forumAlias": "fju", "gender": "D", "school": "告白小天使", "department": "loveangel", "replyTitle": "<em>J個</em><em>告白</em>有夠狂 feat. Julia吳卓源& J.Sheon", "mediaMeta": [], "reactions": [{"id": "286f599c-f86a-4932-82f0-f5a06f1eca03", "count": 31}], "hidden": false, "customStyle": null, "isSuspiciousAccount": false, "layout": "classic", "withImages": false, "withVideos": false, "media": [], "reportReasonText": "", "postAvatar": ""}, {"id": 233007288, "title": "教育部與各大學校長協商會議達共識！全國大專院校開學日「延至3/2」", "excerpt": "教育部與各大學校長協商會議達共識！全國大專院校開學日「延至3/2」各位可以繼續耍廢了，一起耍廢吧", "anonymousSchool": false, "anonymousDepartment": true, "pinned": false, "forumId": "a62a724b-4fdd-4044-b6d3-19483aa7f0df", "replyId": null, "createdAt": "2020-02-03T08:32:54.421Z", "updatedAt": "2020-02-03T08:32:54.421Z", "commentCount": 31, "likeCount": 83, "withNickname": false, "tags": ["HIDE_THUMBNAIL"], "topics": ["輔大", "開學日", "教育部"], "meta": {"layout": "classic"}, "forumName": "輔仁大學", "forumAlias": "fju", "gender": "M", "school": "輔仁大學", "replyTitle": null, "mediaMeta": [], "reactions": [{"id": "286f599c-f86a-4932-82f0-f5a06f1eca03", "count": 74}, {"id": "aa0d425f-d530-4478-9a77-fe3aedc79eea", "count": 8}, {"id": "e8e6bc5d-41b0-4129-b134-97507523d7ff", "count": 1}], "hidden": false, "customStyle": null, "isSuspiciousAccount": false, "layout": "classic", "withImages": false, "withVideos": false, "media": [], "reportReasonText": "", "postAvatar": ""}, {"id": 233010728, "title": "大家喜歡輔大嗎？", "excerpt": "我已經畢業了 但以前有人問我說 我讀哪裡，我能挺胸說我是輔大的，雖然並不是什麼名校，也不是值得驕傲說嘴的學校，但我上了 我想要的學校 這點我很為我驕傲，而且身在大臺北地區的輔大 旁邊有捷運真的很方便 ", "anonymousSchool": false, "anonymousDepartment": true, "pinned": false, "forumId": "a62a724b-4fdd-4044-b6d3-19483aa7f0df", "replyId": null, "createdAt": "2020-02-03T16:09:49.951Z", "updatedAt": "2020-02-03T16:57:14.469Z", "commentCount": 12, "likeCount": 78, "withNickname": false, "tags": ["HIDE_THUMBNAIL"], "topics": [], "meta": {"layout": "classic"}, "forumName": "輔仁大學", "forumAlias": "fju", "gender": "M", "school": "輔仁大學", "replyTitle": null, "mediaMeta": [], "reactions": [{"id": "286f599c-f86a-4932-82f0-f5a06f1eca03", "count": 77}, {"id": "e8e6bc5d-41b0-4129-b134-97507523d7ff", "count": 1}], "hidden": false, "customStyle": null, "isSuspiciousAccount": false, "layout": "classic", "withImages": false, "withVideos": false, "media": [], "reportReasonText": "", "postAvatar": ""}, {"id": 233007216, "title": "輔大第一", "excerpt": "輔大可以不要只有這種時候才第一嗎...", "anonymousSchool": false, "anonymousDepartment": true, "pinned": false, "forumId": "a62a724b-4fdd-4044-b6d3-19483aa7f0df", "replyId": null, "createdAt": "2020-02-03T08:25:54.661Z", "updatedAt": "2020-02-03T08:25:54.661Z", "commentCount": 5, "likeCount": 53, "withNickname": false, "tags": [], "topics": ["輔大"], "meta": {"layout": "classic"}, "forumName": "輔仁大學", "forumAlias": "fju", "gender": "F", "school": "輔仁大學", "replyTitle": null, "mediaMeta": [{"id": "818a73ab-12fa-4550-b10f-343dbca459c6", "url": "https://megapx-assets.dcard.tw/images/50a04fed-444e-4a01-a04e-fd0d78a0eec6/640.jpeg", "normalizedUrl": "https://megapx-assets.dcard.tw/images/50a04fed-444e-4a01-a04e-fd0d78a0eec6/640.jpeg", "thumbnail": "https://megapx-assets.dcard.tw/images/50a04fed-444e-4a01-a04e-fd0d78a0eec6/640.jpeg", "type": "image/thumbnail", "tags": ["ANNOTATED"], "createdAt": "2020-02-03T08:25:54.661Z", "updatedAt": "2020-02-03T08:25:54.661Z", "width": 296, "height": 640}, {"id": "818a73ab-12fa-4550-b10f-343dbca459c6", "url": "https://megapx-assets.dcard.tw/images/50a04fed-444e-4a01-a04e-fd0d78a0eec6/1280.jpeg", "normalizedUrl": "https://megapx.dcard.tw/v1/images/50a04fed-444e-4a01-a04e-fd0d78a0eec6", "thumbnail": "https://megapx-assets.dcard.tw/images/50a04fed-444e-4a01-a04e-fd0d78a0eec6/640.jpeg", "type": "image/megapx", "tags": ["ANNOTATED"], "createdAt": "2020-02-03T08:25:54.661Z", "updatedAt": "2020-02-03T08:25:54.661Z", "width": 828, "height": 1792}], "reactions": [{"id": "286f599c-f86a-4932-82f0-f5a06f1eca03", "count": 52}, {"id": "e8e6bc5d-41b0-4129-b134-97507523d7ff", "count": 1}], "hidden": false, "customStyle": null, "isSuspiciousAccount": false, "layout": "classic", "withImages": true, "withVideos": false, "media": [{"url": "https://megapx-assets.dcard.tw/images/50a04fed-444e-4a01-a04e-fd0d78a0eec6/1280.jpeg"}], "reportReasonText": "", "postAvatar": ""}, {"id": 233006979, "title": "確定 3/2 開學", "excerpt": "如題，bj4。統計一下民心：想靠邀打-1，覺得開心打+1。（不想打沒差），想發問直接問，說不定學校會看到？祝大家寒假快樂🦠", "anonymousSchool": false, "anonymousDepartment": true, "pinned": false, "forumId": "a62a724b-4fdd-4044-b6d3-19483aa7f0df", "replyId": null, "createdAt": "2020-02-03T07:45:06.982Z", "updatedAt": "2020-02-03T07:45:06.982Z", "commentCount": 121, "likeCount": 47, "withNickname": false, "tags": ["HIDE_THUMBNAIL"], "topics": ["開學", "輔大"], "meta": {"layout": "classic"}, "forumName": "輔仁大學", "forumAlias": "fju", "gender": "M", "school": "輔仁大學", "replyTitle": null, "mediaMeta": [], "reactions": [{"id": "286f599c-f86a-4932-82f0-f5a06f1eca03", "count": 45}, {"id": "aa0d425f-d530-4478-9a77-fe3aedc79eea", "count": 1}, {"id": "e8e6bc5d-41b0-4129-b134-97507523d7ff", "count": 1}], "hidden": false, "customStyle": null, "isSuspiciousAccount": false, "layout": "classic", "withImages": false, "withVideos": false, "media": [], "reportReasonText": "", "postAvatar": ""}, {"id": 233005881, "title": "老師真的衝著我來欸...", "excerpt": "塞拎老姨勒，故意先扣著成績不上傳等到年後才上傳，讓我整個過年都膽戰心驚度過，然後我也沒缺課沒漏繳作業又全勤，啊幹你涼59是什麼意思啦，真的很不爽欸，上課教的那麼爛，講話一直口吃一聽就知道沒備課，全勤已", "anonymousSchool": false, "anonymousDepartment": true, "pinned": false, "forumId": "a62a724b-4fdd-4044-b6d3-19483aa7f0df", "replyId": null, "createdAt": "2020-02-03T03:34:51.981Z", "updatedAt": "2020-02-03T03:47:57.427Z", "commentCount": 32, "likeCount": 47, "withNickname": false, "tags": [], "topics": ["老師", "輔大", "廢文", "黑特", "學分"], "meta": {"layout": "classic"}, "forumName": "輔仁大學", "forumAlias": "fju", "gender": "M", "school": "輔仁大學", "replyTitle": null, "mediaMeta": [{"id": "66099058-cae7-46c1-afce-c34397b1a1b3", "url": "https://megapx-assets.dcard.tw/images/26e7e503-ff68-4101-8ab2-a7020abc5fe3/640.jpeg", "normalizedUrl": "https://megapx-assets.dcard.tw/images/26e7e503-ff68-4101-8ab2-a7020abc5fe3/640.jpeg", "thumbnail": "https://megapx-assets.dcard.tw/images/26e7e503-ff68-4101-8ab2-a7020abc5fe3/640.jpeg", "type": "image/thumbnail", "tags": ["ANNOTATED"], "createdAt": "2020-02-03T03:34:51.981Z", "updatedAt": "2020-02-03T03:47:57.427Z", "width": 640, "height": 320}, {"id": "66099058-cae7-46c1-afce-c34397b1a1b3", "url": "https://megapx-assets.dcard.tw/images/26e7e503-ff68-4101-8ab2-a7020abc5fe3/full.jpeg", "normalizedUrl": "https://megapx.dcard.tw/v1/images/26e7e503-ff68-4101-8ab2-a7020abc5fe3", "thumbnail": "https://megapx-assets.dcard.tw/images/26e7e503-ff68-4101-8ab2-a7020abc5fe3/640.jpeg", "type": "image/megapx", "tags": ["ANNOTATED"], "createdAt": "2020-02-03T03:34:51.981Z", "updatedAt": "2020-02-03T03:47:57.427Z", "width": 1124, "height": 562}], "reactions": [{"id": "286f599c-f86a-4932-82f0-f5a06f1eca03", "count": 46}, {"id": "4b018f48-e184-445f-adf1-fc8e04ba09b9", "count": 1}], "hidden": false, "customStyle": null, "isSuspiciousAccount": false, "layout": "classic", "withImages": true, "withVideos": false, "media": [{"url": "https://megapx-assets.dcard.tw/images/26e7e503-ff68-4101-8ab2-a7020abc5fe3/full.jpeg"}], "reportReasonText": "", "postAvatar": ""}, {"id": 233009104, "title": "其實陸生不需要道歉，然後WHO??", "excerpt": "中國學生真的是沒有必要道歉啦，但是他們必須承擔中國造成世界的慌亂。不要跟台灣政府談人權受教權，你們應該去問習近平跟中南海怎麼可以搞成這樣。另外台灣醫療公衛雖然都是世界頂級的，但資源還是有限要把這資源留", "anonymousSchool": false, "anonymousDepartment": true, "pinned": false, "forumId": "a62a724b-4fdd-4044-b6d3-19483aa7f0df", "replyId": 233007786, "createdAt": "2020-02-03T12:48:16.048Z", "updatedAt": "2020-02-03T12:50:10.929Z", "commentCount": 2, "likeCount": 26, "withNickname": false, "tags": [], "topics": ["輔大"], "meta": {"layout": "classic"}, "forumName": "輔仁大學", "forumAlias": "fju", "gender": "M", "school": "輔仁大學", "replyTitle": "匪區陸生是不是該道歉==", "mediaMeta": [{"id": "9e1efe8d-8d33-45c8-aa43-db7674444081", "url": "https://megapx-assets.dcard.tw/images/80e9dfc8-871c-4fe4-a9fa-49d9be693feb/320.jpeg", "normalizedUrl": "https://megapx-assets.dcard.tw/images/80e9dfc8-871c-4fe4-a9fa-49d9be693feb/320.jpeg", "thumbnail": "https://megapx-assets.dcard.tw/images/80e9dfc8-871c-4fe4-a9fa-49d9be693feb/320.jpeg", "type": "image/thumbnail", "tags": ["ANNOTATED"], "createdAt": "2020-02-03T12:48:16.048Z", "updatedAt": "2020-02-03T12:50:10.929Z", "width": 320, "height": 177}, {"id": "9e1efe8d-8d33-45c8-aa43-db7674444081", "url": "https://megapx-assets.dcard.tw/images/80e9dfc8-871c-4fe4-a9fa-49d9be693feb/full.jpeg", "normalizedUrl": "https://megapx.dcard.tw/v1/images/80e9dfc8-871c-4fe4-a9fa-49d9be693feb", "thumbnail": "https://megapx-assets.dcard.tw/images/80e9dfc8-871c-4fe4-a9fa-49d9be693feb/320.jpeg", "type": "image/megapx", "tags": ["ANNOTATED"], "createdAt": "2020-02-03T12:48:16.048Z", "updatedAt": "2020-02-03T12:50:10.929Z", "width": 600, "height": 331}], "reactions": [{"id": "286f599c-f86a-4932-82f0-f5a06f1eca03", "count": 26}], "hidden": false, "customStyle": null, "isSuspiciousAccount": false, "layout": "classic", "withImages": true, "withVideos": false, "media": [{"url": "https://megapx-assets.dcard.tw/images/80e9dfc8-871c-4fe4-a9fa-49d9be693feb/full.jpeg"}], "reportReasonText": "", "postAvatar": ""}, {"id": 233007687, "title": "所以到底有延後嗎？", "excerpt": "政府說大專院校以後3/2開學，那學校還會再公布一次嗎！？因為我只有收到那個出入境調查的東西，到底是以政府為準還是以學校為準啊", "anonymousSchool": false, "anonymousDepartment": true, "pinned": false, "forumId": "a62a724b-4fdd-4044-b6d3-19483aa7f0df", "replyId": null, "createdAt": "2020-02-03T09:18:01.946Z", "updatedAt": "2020-02-03T09:18:01.946Z", "commentCount": 8, "likeCount": 20, "withNickname": false, "tags": ["HIDE_THUMBNAIL"], "topics": ["輔大", "發問", "生活", "武漢肺炎"], "meta": {"layout": "classic"}, "forumName": "輔仁大學", "forumAlias": "fju", "gender": "F", "school": "輔仁大學", "replyTitle": null, "mediaMeta": [], "reactions": [{"id": "286f599c-f86a-4932-82f0-f5a06f1eca03", "count": 20}], "hidden": false, "customStyle": null, "isSuspiciousAccount": false, "layout": "classic", "withImages": false, "withVideos": false, "media": [], "reportReasonText": "", "postAvatar": ""}, {"id": 233008142, "title": "額額額到底是？", "excerpt": "所以我說大家還是乖乖等學校宣布好了，我相信輔大絕對會讓大家嚇一跳的", "anonymousSchool": false, "anonymousDepartment": true, "pinned": false, "forumId": "a62a724b-4fdd-4044-b6d3-19483aa7f0df", "replyId": null, "createdAt": "2020-02-03T10:21:12.551Z", "updatedAt": "2020-02-03T10:21:12.551Z", "commentCount": 3, "likeCount": 19, "withNickname": false, "tags": [], "topics": [], "meta": {"layout": "classic"}, "forumName": "輔仁大學", "forumAlias": "fju", "gender": "M", "school": "輔仁大學", "replyTitle": null, "mediaMeta": [{"id": "123ce27c-b10d-4238-8b65-e31ca67f64be", "url": "https://megapx-assets.dcard.tw/images/302a3f63-10f7-45c0-96a0-26b57670f35e/640.jpeg", "normalizedUrl": "https://megapx-assets.dcard.tw/images/302a3f63-10f7-45c0-96a0-26b57670f35e/640.jpeg", "thumbnail": "https://megapx-assets.dcard.tw/images/302a3f63-10f7-45c0-96a0-26b57670f35e/640.jpeg", "type": "image/thumbnail", "tags": [], "createdAt": "2020-02-03T10:21:12.551Z", "updatedAt": "2020-02-03T10:21:12.551Z", "width": 296, "height": 640}, {"id": "123ce27c-b10d-4238-8b65-e31ca67f64be", "url": "https://megapx-assets.dcard.tw/images/302a3f63-10f7-45c0-96a0-26b57670f35e/1280.jpeg", "normalizedUrl": "https://megapx.dcard.tw/v1/images/302a3f63-10f7-45c0-96a0-26b57670f35e", "thumbnail": "https://megapx-assets.dcard.tw/images/302a3f63-10f7-45c0-96a0-26b57670f35e/640.jpeg", "type": "image/megapx", "tags": [], "createdAt": "2020-02-03T10:21:12.551Z", "updatedAt": "2020-02-03T10:21:12.551Z", "width": 924, "height": 2000}], "reactions": [{"id": "286f599c-f86a-4932-82f0-f5a06f1eca03", "count": 19}], "hidden": false, "customStyle": null, "isSuspiciousAccount": false, "layout": "classic", "withImages": true, "withVideos": false, "media": [{"url": "https://megapx-assets.dcard.tw/images/302a3f63-10f7-45c0-96a0-26b57670f35e/1280.jpeg"}], "reportReasonText": "", "postAvatar": ""}, {"id": 233008089, "title": "請益，口罩", "excerpt": "請問一下醫學院的同學 ，在捷運看到別人或者自己帶普通的平面口罩，都會經常看到口罩無法貼合臉部的現象，有些時候的鼻子那邊縫隙甚至到2mm-3mm，空氣又是流體，不太會從阻力大的地方通過，換句話說就是吸入", "anonymousSchool": false, "anonymousDepartment": true, "pinned": false, "forumId": "a62a724b-4fdd-4044-b6d3-19483aa7f0df", "replyId": null, "createdAt": "2020-02-03T10:13:27.042Z", "updatedAt": "2020-02-03T10:14:49.188Z", "commentCount": 4, "likeCount": 17, "withNickname": false, "tags": [], "topics": ["口罩", "發問"], "meta": {"layout": "classic"}, "forumName": "輔仁大學", "forumAlias": "fju", "gender": "M", "school": "輔仁大學", "replyTitle": null, "mediaMeta": [], "reactions": [{"id": "286f599c-f86a-4932-82f0-f5a06f1eca03", "count": 17}], "hidden": false, "customStyle": null, "isSuspiciousAccount": false, "layout": "classic", "withImages": false, "withVideos": false, "media": [], "reportReasonText": "", "postAvatar": ""}, {"id": 233008952, "title": "所以我們到底是2/25還是3/2開學？", "excerpt": "一下子說3/2一下子又說2/25之後，所以輔仁大學到底什麼時候開學？", "anonymousSchool": false, "anonymousDepartment": true, "pinned": false, "forumId": "a62a724b-4fdd-4044-b6d3-19483aa7f0df", "replyId": null, "createdAt": "2020-02-03T12:23:44.388Z", "updatedAt": "2020-02-03T12:23:44.388Z", "commentCount": 6, "likeCount": 15, "withNickname": false, "tags": [], "topics": ["輔大", "開學", "發問"], "meta": {"layout": "classic"}, "forumName": "輔仁大學", "forumAlias": "fju", "gender": "F", "school": "輔仁大學", "replyTitle": null, "mediaMeta": [], "reactions": [{"id": "286f599c-f86a-4932-82f0-f5a06f1eca03", "count": 15}], "hidden": false, "customStyle": null, "isSuspiciousAccount": false, "layout": "classic", "withImages": false, "withVideos": false, "media": [], "reportReasonText": "", "postAvatar": ""}, {"id": 233010213, "title": "草擬媽的中國大陸", "excerpt": "自己散播病毒還要在國際防疫上打壓台灣 什麼鬼 現在還要為了瘟疫國家延後開學（縮短暑假）為了那區區幾個陸生 我說陸生啊要怪就怪你們維尼國 不管是野味還是生技公司 都是維尼國自己沒做好防禦才流出來的 還掩", "anonymousSchool": false, "anonymousDepartment": true, "pinned": false, "forumId": "a62a724b-4fdd-4044-b6d3-19483aa7f0df", "replyId": null, "createdAt": "2020-02-03T15:12:08.550Z", "updatedAt": "2020-02-03T15:13:45.573Z", "commentCount": 4, "likeCount": 12, "withNickname": false, "tags": [], "topics": ["輔大", "分享"], "meta": {"layout": "classic"}, "forumName": "輔仁大學", "forumAlias": "fju", "gender": "M", "school": "輔仁大學", "replyTitle": null, "mediaMeta": [], "reactions": [{"id": "286f599c-f86a-4932-82f0-f5a06f1eca03", "count": 12}], "hidden": false, "customStyle": null, "isSuspiciousAccount": false, "layout": "classic", "withImages": false, "withVideos": false, "media": [], "reportReasonText": "", "postAvatar": ""}, {"id": 233007588, "title": "求各外系 好過學分 （附上本系", "excerpt": "如標題，雖然有可能延後開學，但選課依然今日開始，附上本哲學系，好過高分課，施凱華教授、鈕則誠教授、孔令信教授，第一位不考試，2.3考試也很簡單，三者共同點，常常不去也all pass，但要高分，乖乖到", "anonymousSchool": false, "anonymousDepartment": true, "pinned": false, "forumId": "a62a724b-4fdd-4044-b6d3-19483aa7f0df", "replyId": null, "createdAt": "2020-02-03T09:04:44.433Z", "updatedAt": "2020-02-03T09:04:44.433Z", "commentCount": 28, "likeCount": 12, "withNickname": false, "tags": [], "topics": ["外系", "學分", "課程", "選課", "輔大"], "meta": {"layout": "classic"}, "forumName": "輔仁大學", "forumAlias": "fju", "gender": "F", "school": "輔仁大學", "replyTitle": null, "mediaMeta": [], "reactions": [{"id": "286f599c-f86a-4932-82f0-f5a06f1eca03", "count": 12}], "hidden": false, "customStyle": null, "isSuspiciousAccount": false, "layout": "classic", "withImages": false, "withVideos": false, "media": [], "reportReasonText": "", "postAvatar": ""}, {"id": 233010062, "title": "開學之日？", "excerpt": "有人有小道消息知道輔仁到底什麼時候開學嗎..，等的好煩，然後作業又不知道要什麼時候趕，拜託大神解答！", "anonymousSchool": false, "anonymousDepartment": true, "pinned": false, "forumId": "a62a724b-4fdd-4044-b6d3-19483aa7f0df", "replyId": null, "createdAt": "2020-02-03T14:56:12.953Z", "updatedAt": "2020-02-03T14:56:12.953Z", "commentCount": 8, "likeCount": 10, "withNickname": false, "tags": ["HIDE_THUMBNAIL"], "topics": ["輔大"], "meta": {"layout": "classic"}, "forumName": "輔仁大學", "forumAlias": "fju", "gender": "F", "school": "輔仁大學", "replyTitle": null, "mediaMeta": [], "reactions": [{"id": "286f599c-f86a-4932-82f0-f5a06f1eca03", "count": 10}], "hidden": false, "customStyle": null, "isSuspiciousAccount": false, "layout": "classic", "withImages": false, "withVideos": false, "media": [], "reportReasonText": "", "postAvatar": ""}, {"id": 233007476, "title": "延後開課請問學費可以打8折嗎？", "excerpt": "聽說輔大陸生最多好可怕呀～可以希望他們不要來嗎，還有學費可以便宜點嗎？", "anonymousSchool": false, "anonymousDepartment": true, "pinned": false, "forumId": "a62a724b-4fdd-4044-b6d3-19483aa7f0df", "replyId": null, "createdAt": "2020-02-03T08:53:21.798Z", "updatedAt": "2020-02-03T08:53:21.798Z", "commentCount": 3, "likeCount": 9, "withNickname": false, "tags": ["HIDE_THUMBNAIL"], "topics": ["學費", "輔大", "發問"], "meta": {"layout": "classic"}, "forumName": "輔仁大學", "forumAlias": "fju", "gender": "M", "school": "輔仁大學", "replyTitle": null, "mediaMeta": [], "reactions": [{"id": "286f599c-f86a-4932-82f0-f5a06f1eca03", "count": 9}], "hidden": false, "customStyle": null, "isSuspiciousAccount": false, "layout": "classic", "withImages": false, "withVideos": false, "media": [], "reportReasonText": "", "postAvatar": ""}, {"id": 233006198, "title": "體育限大一必 不能選？", "excerpt": "如題，想補修大一下的體育，但是系統不給選，想問是我系統的問題還是？", "anonymousSchool": false, "anonymousDepartment": true, "pinned": false, "forumId": "a62a724b-4fdd-4044-b6d3-19483aa7f0df", "replyId": null, "createdAt": "2020-02-03T04:53:15.938Z", "updatedAt": "2020-02-03T04:53:15.938Z", "commentCount": 6, "likeCount": 9, "withNickname": false, "tags": [], "topics": ["體育", "大一", "課程", "發問", "選課"], "meta": {"layout": "classic"}, "forumName": "輔仁大學", "forumAlias": "fju", "gender": "M", "school": "輔仁大學", "replyTitle": null, "mediaMeta": [{"id": "290269b4-ef22-4cca-a2e7-6bb4694436a3", "url": "https://megapx-assets.dcard.tw/images/45a56cb2-4e51-42f3-8067-ed4fb7d49962/640.jpeg", "normalizedUrl": "https://megapx-assets.dcard.tw/images/45a56cb2-4e51-42f3-8067-ed4fb7d49962/640.jpeg", "thumbnail": "https://megapx-assets.dcard.tw/images/45a56cb2-4e51-42f3-8067-ed4fb7d49962/640.jpeg", "type": "image/thumbnail", "tags": ["ANNOTATED"], "createdAt": "2020-02-03T04:53:15.938Z", "updatedAt": "2020-02-03T04:53:15.938Z", "width": 640, "height": 297}, {"id": "290269b4-ef22-4cca-a2e7-6bb4694436a3", "url": "https://megapx-assets.dcard.tw/images/45a56cb2-4e51-42f3-8067-ed4fb7d49962/1280.jpeg", "normalizedUrl": "https://megapx.dcard.tw/v1/images/45a56cb2-4e51-42f3-8067-ed4fb7d49962", "thumbnail": "https://megapx-assets.dcard.tw/images/45a56cb2-4e51-42f3-8067-ed4fb7d49962/640.jpeg", "type": "image/megapx", "tags": ["ANNOTATED"], "createdAt": "2020-02-03T04:53:15.938Z", "updatedAt": "2020-02-03T04:53:15.938Z", "width": 2000, "height": 927}], "reactions": [{"id": "286f599c-f86a-4932-82f0-f5a06f1eca03", "count": 9}], "hidden": false, "customStyle": null, "isSuspiciousAccount": false, "layout": "classic", "withImages": true, "withVideos": false, "media": [{"url": "https://megapx-assets.dcard.tw/images/45a56cb2-4e51-42f3-8067-ed4fb7d49962/1280.jpeg"}], "reportReasonText": "", "postAvatar": ""}, {"id": 233005611, "title": "錯誤標記課程是啥", "excerpt": "藍色的意思是啥啊，重點是我確定沒有衝堂", "anonymousSchool": false, "anonymousDepartment": true, "pinned": false, "forumId": "a62a724b-4fdd-4044-b6d3-19483aa7f0df", "replyId": null, "createdAt": "2020-02-03T02:29:46.349Z", "updatedAt": "2020-02-03T02:29:46.349Z", "commentCount": 10, "likeCount": 8, "withNickname": false, "tags": [], "topics": ["錯誤", "輔大", "發問"], "meta": {"layout": "classic"}, "forumName": "輔仁大學", "forumAlias": "fju", "gender": "F", "school": "輔仁大學", "replyTitle": null, "mediaMeta": [{"id": "9d2f1d8f-95c1-49e0-b64a-9685c3a5f167", "url": "https://i.imgur.com/DxAAIJJl.jpg", "normalizedUrl": "https://i.imgur.com/DxAAIJJl.jpg", "thumbnail": "https://i.imgur.com/DxAAIJJl.jpg", "type": "image/thumbnail", "tags": ["ANNOTATED"], "createdAt": "2020-02-03T02:29:46.349Z", "updatedAt": "2020-02-03T02:29:46.349Z"}, {"id": "9d2f1d8f-95c1-49e0-b64a-9685c3a5f167", "url": "https://i.imgur.com/DxAAIJJ.jpg", "normalizedUrl": "https://imgur.com/DxAAIJJ", "thumbnail": "https://i.imgur.com/DxAAIJJl.jpg", "type": "image/imgur", "tags": ["ANNOTATED"], "createdAt": "2020-02-03T02:29:46.349Z", "updatedAt": "2020-02-03T02:29:46.349Z"}], "reactions": [{"id": "286f599c-f86a-4932-82f0-f5a06f1eca03", "count": 8}], "hidden": false, "customStyle": null, "isSuspiciousAccount": false, "layout": "classic", "withImages": true, "withVideos": false, "media": [{"url": "https://i.imgur.com/DxAAIJJ.jpg"}], "reportReasonText": "", "postAvatar": ""}, {"id": 233005463, "title": "請問歷史與文化通識可以再選一次嗎?", "excerpt": "在學校網站看到以下說明：分為三個領域，共計須修讀12學分。「歷史與文化」學群課程至少必修2學分，可於任一通識涵養領域課程修讀，且可計入所屬通識領域規定之學分數內，我知道很久以前規定說歷史與文化和其他通", "anonymousSchool": false, "anonymousDepartment": true, "pinned": false, "forumId": "a62a724b-4fdd-4044-b6d3-19483aa7f0df", "replyId": null, "createdAt": "2020-02-03T01:40:38.942Z", "updatedAt": "2020-02-03T01:40:38.942Z", "commentCount": 1, "likeCount": 8, "withNickname": false, "tags": [], "topics": ["選課", "通識"], "meta": {"layout": "classic"}, "forumName": "輔仁大學", "forumAlias": "fju", "gender": "F", "school": "輔仁大學", "replyTitle": null, "mediaMeta": [], "reactions": [{"id": "286f599c-f86a-4932-82f0-f5a06f1eca03", "count": 8}], "hidden": false, "customStyle": null, "isSuspiciousAccount": false, "layout": "classic", "withImages": false, "withVideos": false, "media": [], "reportReasonText": "", "postAvatar": ""}, {"id": 233006914, "title": "有效總學分只有5…", "excerpt": "我的成績除了其中兩科還沒出來的之外都過了，也都顯示上傳到教務處了，但是選課時，只要是學年課的下學期通通顯示全班成績未到，還有連續學期未過，學分數因此不算在有效總學分裡，想請問一下 是只有我這樣嗎@@？", "anonymousSchool": false, "anonymousDepartment": true, "pinned": false, "forumId": "a62a724b-4fdd-4044-b6d3-19483aa7f0df", "replyId": null, "createdAt": "2020-02-03T07:31:38.832Z", "updatedAt": "2020-02-03T07:31:38.832Z", "commentCount": 6, "likeCount": 7, "withNickname": false, "tags": [], "topics": [], "meta": {"layout": "classic"}, "forumName": "輔仁大學", "forumAlias": "fju", "gender": "F", "school": "輔仁大學", "replyTitle": null, "mediaMeta": [{"id": "5408eb56-505e-404a-a162-ce4f487cd1ca", "url": "https://i.imgur.com/BQAdDQ5l.jpg", "normalizedUrl": "https://i.imgur.com/BQAdDQ5l.jpg", "thumbnail": "https://i.imgur.com/BQAdDQ5l.jpg", "type": "image/thumbnail", "tags": ["ANNOTATED"], "createdAt": "2020-02-03T07:31:38.832Z", "updatedAt": "2020-02-03T07:31:38.832Z"}, {"id": "5408eb56-505e-404a-a162-ce4f487cd1ca", "url": "https://i.imgur.com/BQAdDQ5.jpg", "normalizedUrl": "https://imgur.com/BQAdDQ5", "thumbnail": "https://i.imgur.com/BQAdDQ5l.jpg", "type": "image/imgur", "tags": ["ANNOTATED"], "createdAt": "2020-02-03T07:31:38.832Z", "updatedAt": "2020-02-03T07:31:38.832Z"}, {"id": "fdb73d8b-6c6a-4db4-99e9-2c0dca23c1a1", "url": "https://i.imgur.com/m8LB3fH.png", "normalizedUrl": "https://imgur.com/m8LB3fH", "thumbnail": "https://i.imgur.com/m8LB3fHl.jpg", "type": "image/imgur", "tags": ["ANNOTATED"], "createdAt": "2020-02-03T07:31:38.832Z", "updatedAt": "2020-02-03T07:31:38.832Z"}, {"id": "a504cd99-ebee-4373-8b83-95520a3307c1", "url": "https://i.imgur.com/9e4OJhu.png", "normalizedUrl": "https://imgur.com/9e4OJhu", "thumbnail": "https://i.imgur.com/9e4OJhul.jpg", "type": "image/imgur", "tags": ["ANNOTATED"], "createdAt": "2020-02-03T07:31:38.832Z", "updatedAt": "2020-02-03T07:31:38.832Z"}], "reactions": [{"id": "286f599c-f86a-4932-82f0-f5a06f1eca03", "count": 7}], "hidden": false, "customStyle": null, "isSuspiciousAccount": false, "layout": "classic", "withImages": true, "withVideos": false, "media": [{"url": "https://i.imgur.com/BQAdDQ5.jpg"}, {"url": "https://i.imgur.com/m8LB3fH.png"}, {"url": "https://i.imgur.com/9e4OJhu.png"}], "reportReasonText": "", "postAvatar": ""}, {"id": 233007574, "title": "會延後暑假嗎", "excerpt": "所以說我的暑假要延嗎，林北要出國到時期末考，幹", "anonymousSchool": false, "anonymousDepartment": true, "pinned": false, "forumId": "a62a724b-4fdd-4044-b6d3-19483aa7f0df", "replyId": null, "createdAt": "2020-02-03T09:03:21.197Z", "updatedAt": "2020-02-03T09:03:21.197Z", "commentCount": 8, "likeCount": 4, "withNickname": false, "tags": ["HIDE_THUMBNAIL"], "topics": [], "meta": {"layout": "classic"}, "forumName": "輔仁大學", "forumAlias": "fju", "gender": "M", "school": "輔仁大學", "replyTitle": null, "mediaMeta": [], "reactions": [{"id": "286f599c-f86a-4932-82f0-f5a06f1eca03", "count": 4}], "hidden": false, "customStyle": null, "isSuspiciousAccount": false, "layout": "classic", "withImages": false, "withVideos": false, "media": [], "reportReasonText": "", "postAvatar": ""}, {"id": 233006241, "title": "二外人工加簽問題", "excerpt": "因為我第二學期二外日語和系上必修衝堂必須改時間，想請問各位大大：1.二外的加簽單是跟自己系上系祕拿就好，還是要去哪裡拿呢？2.加簽單是不同單位長的不一樣，還是都一樣？有規定只能拿幾張嗎？3.加簽流程是", "anonymousSchool": false, "anonymousDepartment": true, "pinned": false, "forumId": "a62a724b-4fdd-4044-b6d3-19483aa7f0df", "replyId": null, "createdAt": "2020-02-03T05:01:12.462Z", "updatedAt": "2020-02-03T05:01:12.462Z", "commentCount": 1, "likeCount": 4, "withNickname": false, "tags": [], "topics": ["輔大", "選課", "課程"], "meta": {"layout": "classic"}, "forumName": "輔仁大學", "forumAlias": "fju", "gender": "F", "school": "輔仁大學", "replyTitle": null, "mediaMeta": [], "reactions": [{"id": "286f599c-f86a-4932-82f0-f5a06f1eca03", "count": 4}], "hidden": false, "customStyle": null, "isSuspiciousAccount": false, "layout": "classic", "withImages": false, "withVideos": false, "media": [], "reportReasonText": "", "postAvatar": ""}, {"id": 233005404, "title": "國文老師", "excerpt": "請問大家 國文老師：吳淑慧、邱白麗、羅美湊、謝元雄、吳文慧、曾文瑩哪個老師好？謝謝大家", "anonymousSchool": false, "anonymousDepartment": true, "pinned": false, "forumId": "a62a724b-4fdd-4044-b6d3-19483aa7f0df", "replyId": null, "createdAt": "2020-02-03T01:10:42.041Z", "updatedAt": "2020-02-03T01:10:42.041Z", "commentCount": 13, "likeCount": 4, "withNickname": false, "tags": ["HIDE_THUMBNAIL"], "topics": ["國文", "老師", "輔大", "課程", "發問"], "meta": {"layout": "classic"}, "forumName": "輔仁大學", "forumAlias": "fju", "gender": "F", "school": "輔仁大學", "replyTitle": null, "mediaMeta": [], "reactions": [{"id": "286f599c-f86a-4932-82f0-f5a06f1eca03", "count": 4}], "hidden": false, "customStyle": null, "isSuspiciousAccount": false, "layout": "classic", "withImages": false, "withVideos": false, "media": [], "reportReasonText": "", "postAvatar": ""}, {"id": 233010578, "title": "#問 兒家系 諮商理論與技術 楊康臨老師", "excerpt": "我是外系的學生，想修習 楊康臨老師的諮商理論與技術，想請問如果從來沒有接觸過兒家系的課程修習是否會很吃力，看課程大綱有分組報告，想知道分組報告是什麼內容的報告？謝謝", "anonymousSchool": false, "anonymousDepartment": true, "pinned": false, "forumId": "a62a724b-4fdd-4044-b6d3-19483aa7f0df", "replyId": null, "createdAt": "2020-02-03T15:54:41.396Z", "updatedAt": "2020-02-03T15:56:57.926Z", "commentCount": 7, "likeCount": 3, "withNickname": false, "tags": ["HIDE_THUMBNAIL"], "topics": ["老師", "兒家", "課程", "選課"], "meta": {"layout": "classic"}, "forumName": "輔仁大學", "forumAlias": "fju", "gender": "F", "school": "輔仁大學", "replyTitle": null, "mediaMeta": [], "reactions": [{"id": "286f599c-f86a-4932-82f0-f5a06f1eca03", "count": 3}], "hidden": false, "customStyle": null, "isSuspiciousAccount": false, "layout": "classic", "withImages": false, "withVideos": false, "media": [], "reportReasonText": "", "postAvatar": ""}, {"id": 233008254, "title": "大三要重修大一體育", "excerpt": "請問各位帥哥美女，如果現在是大三 但是大一體育被當的話，選課必須選哪一個選項", "anonymousSchool": false, "anonymousDepartment": true, "pinned": false, "forumId": "a62a724b-4fdd-4044-b6d3-19483aa7f0df", "replyId": null, "createdAt": "2020-02-03T10:33:09.625Z", "updatedAt": "2020-02-03T10:33:09.625Z", "commentCount": 2, "likeCount": 3, "withNickname": false, "tags": ["HIDE_THUMBNAIL"], "topics": [], "meta": {"layout": "classic"}, "forumName": "輔仁大學", "forumAlias": "fju", "gender": "F", "school": "輔仁大學", "replyTitle": null, "mediaMeta": [], "reactions": [{"id": "286f599c-f86a-4932-82f0-f5a06f1eca03", "count": 3}], "hidden": false, "customStyle": null, "isSuspiciousAccount": false, "layout": "classic", "withImages": false, "withVideos": false, "media": [], "reportReasonText": "", "postAvatar": ""}, {"id": 233007419, "title": "各系有推薦的選修嗎", "excerpt": "目前排到剩週五的78節 但是想不到可以排什麼課下去，可以請問各系有什麼課是在週五78節、老師風評又不錯的嗎，謝謝", "anonymousSchool": false, "anonymousDepartment": true, "pinned": false, "forumId": "a62a724b-4fdd-4044-b6d3-19483aa7f0df", "replyId": null, "createdAt": "2020-02-03T08:47:08.283Z", "updatedAt": "2020-02-03T08:47:08.283Z", "commentCount": 1, "likeCount": 3, "withNickname": false, "tags": ["HIDE_THUMBNAIL"], "topics": ["輔大", "發問", "課程", "選課"], "meta": {"layout": "classic"}, "forumName": "輔仁大學", "forumAlias": "fju", "gender": "F", "school": "輔仁大學", "replyTitle": null, "mediaMeta": [], "reactions": [{"id": "286f599c-f86a-4932-82f0-f5a06f1eca03", "count": 3}], "hidden": false, "customStyle": null, "isSuspiciousAccount": false, "layout": "classic", "withImages": false, "withVideos": false, "media": [], "reportReasonText": "", "postAvatar": ""}, {"id": 233006447, "title": "轉系到文創的人", "excerpt": "想問有沒有什麼筆試的經驗？是不是面試一定要有自己的作品集？有沒有很多人去競爭？因為本人沒什麼學過畫的經驗，只有上過一次選修素描...，但是又對這個科系有些興趣，還請各位學長姐回答了！！！謝謝", "anonymousSchool": false, "anonymousDepartment": true, "pinned": false, "forumId": "a62a724b-4fdd-4044-b6d3-19483aa7f0df", "replyId": null, "createdAt": "2020-02-03T05:48:35.288Z", "updatedAt": "2020-02-03T05:48:35.288Z", "commentCount": 6, "likeCount": 3, "withNickname": false, "tags": ["HIDE_THUMBNAIL"], "topics": ["輔大", "文創", "發問", "轉系"], "meta": {"layout": "classic"}, "forumName": "輔仁大學", "forumAlias": "fju", "gender": "F", "school": "輔仁大學", "replyTitle": null, "mediaMeta": [], "reactions": [{"id": "286f599c-f86a-4932-82f0-f5a06f1eca03", "count": 3}], "hidden": false, "customStyle": null, "isSuspiciousAccount": false, "layout": "classic", "withImages": false, "withVideos": false, "media": [], "reportReasonText": "", "postAvatar": ""}, {"id": 233004959, "title": "（經濟系）五年一貫推甄好上嗎？", "excerpt": "我目前大三，請問各位學長姐知道 五年一貫的經濟系推甄碩士班 好上嗎？有什麼面試經驗呢？因為他錄取一半是看在校成績 但我成績只算中等 會不會還有機會呀？", "anonymousSchool": false, "anonymousDepartment": true, "pinned": false, "forumId": "a62a724b-4fdd-4044-b6d3-19483aa7f0df", "replyId": null, "createdAt": "2020-02-02T19:11:43.129Z", "updatedAt": "2020-02-02T19:11:43.129Z", "commentCount": 7, "likeCount": 3, "withNickname": false, "tags": ["HIDE_THUMBNAIL"], "topics": ["輔大"], "meta": {"layout": "classic"}, "forumName": "輔仁大學", "forumAlias": "fju", "gender": "M", "school": "輔仁大學", "replyTitle": null, "mediaMeta": [], "reactions": [{"id": "286f599c-f86a-4932-82f0-f5a06f1eca03", "count": 3}], "hidden": false, "customStyle": null, "isSuspiciousAccount": false, "layout": "classic", "withImages": false, "withVideos": false, "media": [], "reportReasonText": "", "postAvatar": ""}, {"id": 233012543, "title": "（問）星期一D3-4的選修", "excerpt": "我是今年大四生，系上選修課這次開的比較少，還缺一堂選修，我看這兩堂有開放外系幾個名額，想請問有上過的同學，1.華語電影-英 唐維敏老師，我看評價有人說不推，想請問這堂課哪裡不好呢？2.蘇辛詞研究-胡幼", "anonymousSchool": false, "anonymousDepartment": true, "pinned": false, "forumId": "a62a724b-4fdd-4044-b6d3-19483aa7f0df", "replyId": null, "createdAt": "2020-02-04T02:44:59.172Z", "updatedAt": "2020-02-04T02:44:59.172Z", "commentCount": 0, "likeCount": 2, "withNickname": false, "tags": ["HIDE_THUMBNAIL"], "topics": ["課程"], "meta": {"layout": "classic"}, "forumName": "輔仁大學", "forumAlias": "fju", "gender": "F", "school": "輔仁大學", "replyTitle": null, "mediaMeta": [], "reactions": [{"id": "286f599c-f86a-4932-82f0-f5a06f1eca03", "count": 2}], "hidden": false, "customStyle": null, "isSuspiciousAccount": false, "layout": "classic", "withImages": false, "withVideos": false, "media": [], "reportReasonText": "", "postAvatar": ""}, {"id": 233010659, "title": "#問 兒家系 潘榮吉老師 多元文化與家庭", "excerpt": "我是外系的學生，想請問潘榮吉老師的多元文化與家庭課程，課程大綱中 期中報告和期末報告分別是什麼形式？如果沒有修過兒家系的課上這門課會不會很吃力？", "anonymousSchool": false, "anonymousDepartment": true, "pinned": false, "forumId": "a62a724b-4fdd-4044-b6d3-19483aa7f0df", "replyId": null, "createdAt": "2020-02-03T16:02:29.376Z", "updatedAt": "2020-02-03T16:02:29.376Z", "commentCount": 5, "likeCount": 2, "withNickname": false, "tags": ["HIDE_THUMBNAIL"], "topics": ["老師", "兒家", "課程", "選課"], "meta": {"layout": "classic"}, "forumName": "輔仁大學", "forumAlias": "fju", "gender": "F", "school": "輔仁大學", "replyTitle": null, "mediaMeta": [], "reactions": [{"id": "286f599c-f86a-4932-82f0-f5a06f1eca03", "count": 2}], "hidden": false, "customStyle": null, "isSuspiciousAccount": false, "layout": "classic", "withImages": false, "withVideos": false, "media": [], "reportReasonText": "", "postAvatar": ""}, {"id": 233010116, "title": "請益 二外改修", "excerpt": "打擾大家了！ヽ（；▽；）ノ，修了一個學期之後發現排課實在有點吃不消，想改選二外的時段～想請問有改選過同語言不同時段二外的同學><，是在選課系統加選要修的時段，再把原本的退掉就好了嗎？QQ 還是要開學之", "anonymousSchool": false, "anonymousDepartment": true, "pinned": false, "forumId": "a62a724b-4fdd-4044-b6d3-19483aa7f0df", "replyId": null, "createdAt": "2020-02-03T15:02:19.012Z", "updatedAt": "2020-02-03T15:02:19.012Z", "commentCount": 3, "likeCount": 2, "withNickname": false, "tags": [], "topics": ["選課"], "meta": {"layout": "classic"}, "forumName": "輔仁大學", "forumAlias": "fju", "gender": "F", "school": "輔仁大學", "replyTitle": null, "mediaMeta": [{"id": "e4ecd052-e140-4ce1-ae17-d2ee83f5625f", "url": "https://megapx-assets.dcard.tw/images/b6e6aa80-dad2-4b6e-843b-8c0bb658e002/640.jpeg", "normalizedUrl": "https://megapx-assets.dcard.tw/images/b6e6aa80-dad2-4b6e-843b-8c0bb658e002/640.jpeg", "thumbnail": "https://megapx-assets.dcard.tw/images/b6e6aa80-dad2-4b6e-843b-8c0bb658e002/640.jpeg", "type": "image/thumbnail", "tags": [], "createdAt": "2020-02-03T15:02:19.012Z", "updatedAt": "2020-02-03T15:02:19.012Z", "width": 640, "height": 540}, {"id": "e4ecd052-e140-4ce1-ae17-d2ee83f5625f", "url": "https://megapx-assets.dcard.tw/images/b6e6aa80-dad2-4b6e-843b-8c0bb658e002/full.jpeg", "normalizedUrl": "https://megapx.dcard.tw/v1/images/b6e6aa80-dad2-4b6e-843b-8c0bb658e002", "thumbnail": "https://megapx-assets.dcard.tw/images/b6e6aa80-dad2-4b6e-843b-8c0bb658e002/640.jpeg", "type": "image/megapx", "tags": [], "createdAt": "2020-02-03T15:02:19.012Z", "updatedAt": "2020-02-03T15:02:19.012Z", "width": 720, "height": 608}], "reactions": [{"id": "286f599c-f86a-4932-82f0-f5a06f1eca03", "count": 2}], "hidden": false, "customStyle": null, "isSuspiciousAccount": false, "layout": "classic", "withImages": true, "withVideos": false, "media": [{"url": "https://megapx-assets.dcard.tw/images/b6e6aa80-dad2-4b6e-843b-8c0bb658e002/full.jpeg"}], "reportReasonText": "", "postAvatar": ""}]