[{"id": 233006750, "title": "你可能還不知道的沙龍&小眾品牌（五）", "excerpt": "消費者手上的每一瓶香水，均是調香師的精心傑作。大至香氣構想，小至原料的搭配比例、製作工序，這繁多的步驟，都絲毫不能馬虎。說是嗅覺藝術的載體，香水兼具了商業性，在市場的考量下，許多品牌為節省成本，降低香", "anonymousSchool": false, "anonymousDepartment": false, "pinned": false, "forumId": "1a14ba93-3989-47e5-aedc-a3918963100e", "replyId": null, "createdAt": "2020-02-03T06:54:40.144Z", "updatedAt": "2020-02-03T09:25:00.885Z", "commentCount": 21, "likeCount": 39, "withNickname": true, "tags": [], "topics": ["香水", "香氛", "香氛板", "品牌", "味道"], "meta": {"layout": "classic"}, "forumName": "香氛", "forumAlias": "fragrance", "gender": "F", "school": "Nefertari", "department": "nefer", "replyTitle": null, "mediaMeta": [{"id": "d70d22d2-9e15-45ea-8861-403b8fb12d33", "url": "https://i.imgur.com/HKb355Xl.jpg", "normalizedUrl": "https://i.imgur.com/HKb355Xl.jpg", "thumbnail": "https://i.imgur.com/HKb355Xl.jpg", "type": "image/thumbnail", "tags": ["ANNOTATED"], "createdAt": "2020-02-03T06:54:40.144Z", "updatedAt": "2020-02-03T09:25:00.885Z"}, {"id": "d70d22d2-9e15-45ea-8861-403b8fb12d33", "url": "https://i.imgur.com/HKb355X.jpg", "normalizedUrl": "https://imgur.com/HKb355X", "thumbnail": "https://i.imgur.com/HKb355Xl.jpg", "type": "image/imgur", "tags": ["ANNOTATED"], "createdAt": "2020-02-03T06:54:40.144Z", "updatedAt": "2020-02-03T09:25:00.885Z"}, {"id": "d33b6289-b2af-4295-a8d0-88253ae4d81f", "url": "https://i.imgur.com/2RbC7k8.jpg", "normalizedUrl": "https://imgur.com/2RbC7k8", "thumbnail": "https://i.imgur.com/2RbC7k8l.jpg", "type": "image/imgur", "tags": ["ANNOTATED"], "createdAt": "2020-02-03T06:54:40.144Z", "updatedAt": "2020-02-03T09:25:00.885Z"}, {"id": "1350e308-1ab4-43a6-815f-507b16fa487c", "url": "https://i.imgur.com/dNcmmsn.png", "normalizedUrl": "https://imgur.com/dNcmmsn", "thumbnail": "https://i.imgur.com/dNcmmsnl.jpg", "type": "image/imgur", "tags": ["ANNOTATED"], "createdAt": "2020-02-03T06:54:40.144Z", "updatedAt": "2020-02-03T09:25:00.885Z"}, {"id": "54348c5d-0914-41fb-8b85-88fca4f2cb5c", "url": "https://i.imgur.com/Z7fKFbW.jpg", "normalizedUrl": "https://imgur.com/Z7fKFbW", "thumbnail": "https://i.imgur.com/Z7fKFbWl.jpg", "type": "image/imgur", "tags": ["ANNOTATED"], "createdAt": "2020-02-03T06:54:40.144Z", "updatedAt": "2020-02-03T09:25:00.885Z"}, {"id": "51302586-f98a-46df-b462-3dd30333904b", "url": "https://i.imgur.com/2982Act.jpg", "normalizedUrl": "https://imgur.com/2982Act", "thumbnail": "https://i.imgur.com/2982Actl.jpg", "type": "image/imgur", "tags": ["ANNOTATED"], "createdAt": "2020-02-03T06:54:40.144Z", "updatedAt": "2020-02-03T09:25:00.885Z"}, {"id": "270c0f14-b2a8-4101-a392-069bee7fd771", "url": "https://i.imgur.com/20Dk6U8.jpg", "normalizedUrl": "https://imgur.com/20Dk6U8", "thumbnail": "https://i.imgur.com/20Dk6U8l.jpg", "type": "image/imgur", "tags": ["ANNOTATED"], "createdAt": "2020-02-03T06:54:40.144Z", "updatedAt": "2020-02-03T09:25:00.885Z"}, {"id": "b70e1bc5-eb20-498d-aba2-48d53d3dce72", "url": "https://i.imgur.com/LN24irI.jpg", "normalizedUrl": "https://imgur.com/LN24irI", "thumbnail": "https://i.imgur.com/LN24irIl.jpg", "type": "image/imgur", "tags": ["ANNOTATED"], "createdAt": "2020-02-03T06:54:40.144Z", "updatedAt": "2020-02-03T09:25:00.885Z"}, {"id": "985d5284-b20c-4834-a771-66e45491f63e", "url": "https://i.imgur.com/FO1sY6W.png", "normalizedUrl": "https://imgur.com/FO1sY6W", "thumbnail": "https://i.imgur.com/FO1sY6Wl.jpg", "type": "image/imgur", "tags": ["ANNOTATED"], "createdAt": "2020-02-03T06:54:40.144Z", "updatedAt": "2020-02-03T09:25:00.885Z"}, {"id": "def662c2-d51f-4bd8-8924-a3ef38ea1681", "url": "https://i.imgur.com/9Wm9XB7.jpg", "normalizedUrl": "https://imgur.com/9Wm9XB7", "thumbnail": "https://i.imgur.com/9Wm9XB7l.jpg", "type": "image/imgur", "tags": ["ANNOTATED"], "createdAt": "2020-02-03T06:54:40.144Z", "updatedAt": "2020-02-03T09:25:00.885Z"}, {"id": "65b4575a-0a83-408b-af6c-083551b1f8e9", "url": "https://i.imgur.com/s6FtNcV.jpg", "normalizedUrl": "https://imgur.com/s6FtNcV", "thumbnail": "https://i.imgur.com/s6FtNcVl.jpg", "type": "image/imgur", "tags": ["ANNOTATED"], "createdAt": "2020-02-03T06:54:40.144Z", "updatedAt": "2020-02-03T09:25:00.885Z"}, {"id": "1efeeb32-d673-4cd5-9edf-a5406f120d5d", "url": "https://i.imgur.com/UUP3mKY.png", "normalizedUrl": "https://imgur.com/UUP3mKY", "thumbnail": "https://i.imgur.com/UUP3mKYl.jpg", "type": "image/imgur", "tags": ["ANNOTATED"], "createdAt": "2020-02-03T06:54:40.144Z", "updatedAt": "2020-02-03T09:25:00.885Z"}, {"id": "11eb1f96-da02-4bad-83f2-35c12544116d", "url": "https://i.imgur.com/ZxjV7nf.jpg", "normalizedUrl": "https://imgur.com/ZxjV7nf", "thumbnail": "https://i.imgur.com/ZxjV7nfl.jpg", "type": "image/imgur", "tags": ["ANNOTATED"], "createdAt": "2020-02-03T06:54:40.144Z", "updatedAt": "2020-02-03T09:25:00.885Z"}], "reactions": [{"id": "286f599c-f86a-4932-82f0-f5a06f1eca03", "count": 39}], "hidden": false, "customStyle": null, "isSuspiciousAccount": false, "layout": "classic", "withImages": true, "withVideos": false, "media": [{"url": "https://i.imgur.com/HKb355X.jpg"}, {"url": "https://i.imgur.com/2RbC7k8.jpg"}, {"url": "https://i.imgur.com/dNcmmsn.png"}, {"url": "https://i.imgur.com/Z7fKFbW.jpg"}, {"url": "https://i.imgur.com/2982Act.jpg"}, {"url": "https://i.imgur.com/20Dk6U8.jpg"}, {"url": "https://i.imgur.com/LN24irI.jpg"}, {"url": "https://i.imgur.com/FO1sY6W.png"}, {"url": "https://i.imgur.com/9Wm9XB7.jpg"}, {"url": "https://i.imgur.com/s6FtNcV.jpg"}, {"url": "https://i.imgur.com/UUP3mKY.png"}, {"url": "https://i.imgur.com/ZxjV7nf.jpg"}], "reportReasonText": "", "postAvatar": ""}, {"id": 233005716, "title": "冷門男香心得分享", "excerpt": "拖了好久終於把這篇給生出來了，入手這三隻香水時已經是暑假就知道我拖多久了，1.kenzo power cologne 原動力，這瓶是在實體店面購入的，當時意外看到一間要收起來的香水店正在出清，由於那時", "anonymousSchool": false, "anonymousDepartment": true, "pinned": false, "forumId": "1a14ba93-3989-47e5-aedc-a3918963100e", "replyId": null, "createdAt": "2020-02-03T02:57:24.763Z", "updatedAt": "2020-02-03T02:57:24.763Z", "commentCount": 0, "likeCount": 14, "withNickname": false, "tags": [], "topics": ["男香", "香水", "香氛", "味道", "香氛板"], "meta": {"layout": "classic"}, "forumName": "香氛", "forumAlias": "fragrance", "gender": "M", "school": "南臺科技大學", "replyTitle": null, "mediaMeta": [{"id": "088f83e6-8298-40e0-b1fc-926195b6c164", "url": "https://megapx-assets.dcard.tw/images/f8e82e58-abb2-4be4-82b9-54225bc17195/640.jpeg", "normalizedUrl": "https://megapx-assets.dcard.tw/images/f8e82e58-abb2-4be4-82b9-54225bc17195/640.jpeg", "thumbnail": "https://megapx-assets.dcard.tw/images/f8e82e58-abb2-4be4-82b9-54225bc17195/640.jpeg", "type": "image/thumbnail", "tags": [], "createdAt": "2020-02-03T02:57:24.763Z", "updatedAt": "2020-02-03T02:57:24.763Z", "width": 480, "height": 640}, {"id": "088f83e6-8298-40e0-b1fc-926195b6c164", "url": "https://megapx-assets.dcard.tw/images/f8e82e58-abb2-4be4-82b9-54225bc17195/full.jpeg", "normalizedUrl": "https://megapx.dcard.tw/v1/images/f8e82e58-abb2-4be4-82b9-54225bc17195", "thumbnail": "https://megapx-assets.dcard.tw/images/f8e82e58-abb2-4be4-82b9-54225bc17195/640.jpeg", "type": "image/megapx", "tags": [], "createdAt": "2020-02-03T02:57:24.763Z", "updatedAt": "2020-02-03T02:57:24.763Z", "width": 750, "height": 1000}, {"id": "9098805f-4356-49e7-aa3b-f7051a455726", "url": "https://megapx-assets.dcard.tw/images/0f64b1ac-88c7-456f-ab3c-8bf7dbca9a90/full.jpeg", "normalizedUrl": "https://megapx.dcard.tw/v1/images/0f64b1ac-88c7-456f-ab3c-8bf7dbca9a90", "thumbnail": "https://megapx-assets.dcard.tw/images/0f64b1ac-88c7-456f-ab3c-8bf7dbca9a90/640.jpeg", "type": "image/megapx", "tags": [], "createdAt": "2020-02-03T02:57:24.763Z", "updatedAt": "2020-02-03T02:57:24.763Z", "width": 750, "height": 1000}, {"id": "4c198121-75fd-465e-a008-688545c84398", "url": "https://megapx-assets.dcard.tw/images/1aff8b0d-555b-4493-97b5-05717137fe0c/full.jpeg", "normalizedUrl": "https://megapx.dcard.tw/v1/images/1aff8b0d-555b-4493-97b5-05717137fe0c", "thumbnail": "https://megapx-assets.dcard.tw/images/1aff8b0d-555b-4493-97b5-05717137fe0c/320.jpeg", "type": "image/megapx", "tags": [], "createdAt": "2020-02-03T02:57:24.763Z", "updatedAt": "2020-02-03T02:57:24.763Z", "width": 342, "height": 419}], "reactions": [{"id": "286f599c-f86a-4932-82f0-f5a06f1eca03", "count": 14}], "hidden": false, "customStyle": null, "isSuspiciousAccount": false, "layout": "classic", "withImages": true, "withVideos": false, "media": [{"url": "https://megapx-assets.dcard.tw/images/f8e82e58-abb2-4be4-82b9-54225bc17195/full.jpeg"}, {"url": "https://megapx-assets.dcard.tw/images/0f64b1ac-88c7-456f-ab3c-8bf7dbca9a90/full.jpeg"}, {"url": "https://megapx-assets.dcard.tw/images/1aff8b0d-555b-4493-97b5-05717137fe0c/full.jpeg"}], "reportReasonText": "", "postAvatar": ""}, {"id": 233008836, "title": "香水交換?", "excerpt": "HI 各位，想請問有哪些平台或管道可以換香嗎，前一陣子去潘海專櫃購入Juniper Sling和Lothair，還有一隻從日本帶回15ml Aux Paradis的Fleur，約噴10次以內吧 發現味", "anonymousSchool": false, "anonymousDepartment": false, "pinned": false, "forumId": "1a14ba93-3989-47e5-aedc-a3918963100e", "replyId": null, "createdAt": "2020-02-03T12:04:04.721Z", "updatedAt": "2020-02-03T12:04:04.721Z", "commentCount": 4, "likeCount": 3, "withNickname": false, "tags": [], "topics": ["詢問", "交換", "香水"], "meta": {"layout": "classic"}, "forumName": "香氛", "forumAlias": "fragrance", "gender": "F", "school": "國立清華大學", "department": "材料科學工程學系", "replyTitle": null, "mediaMeta": [], "reactions": [{"id": "286f599c-f86a-4932-82f0-f5a06f1eca03", "count": 3}], "hidden": false, "customStyle": null, "isSuspiciousAccount": false, "layout": "classic", "withImages": false, "withVideos": false, "media": [], "reportReasonText": "", "postAvatar": ""}, {"id": 233006681, "title": "yankee candle 請益", "excerpt": "觀望這牌的蠟燭很久了，但不知道該買哪個味道，比較不喜歡太濃太香的味道（本身聞到太香的東西會頭暈），比較喜歡清新舒服的味道，自己先找了8個味道，想拜託買過這牌蠟燭的各位給我一些意見🥺🥺！！（如果還有", "anonymousSchool": false, "anonymousDepartment": false, "pinned": false, "forumId": "1a14ba93-3989-47e5-aedc-a3918963100e", "replyId": null, "createdAt": "2020-02-03T06:41:01.422Z", "updatedAt": "2020-02-03T06:41:01.422Z", "commentCount": 6, "likeCount": 1, "withNickname": true, "tags": [], "topics": ["香氛", "味道", "香氛板", "詢問", "蠟燭"], "meta": {"layout": "classic"}, "forumName": "香氛", "forumAlias": "fragrance", "gender": "F", "school": "就是愛傻笑", "department": "enattente", "replyTitle": null, "mediaMeta": [{"id": "6ed4789c-37c4-4901-9dc7-808767519325", "url": "https://i.imgur.com/7HsuLmxl.jpg", "normalizedUrl": "https://i.imgur.com/7HsuLmxl.jpg", "thumbnail": "https://i.imgur.com/7HsuLmxl.jpg", "type": "image/thumbnail", "tags": ["ANNOTATED"], "createdAt": "2020-02-03T06:41:01.422Z", "updatedAt": "2020-02-03T06:41:01.422Z"}, {"id": "6ed4789c-37c4-4901-9dc7-808767519325", "url": "https://i.imgur.com/7HsuLmx.jpg", "normalizedUrl": "https://imgur.com/7HsuLmx", "thumbnail": "https://i.imgur.com/7HsuLmxl.jpg", "type": "image/imgur", "tags": ["ANNOTATED"], "createdAt": "2020-02-03T06:41:01.422Z", "updatedAt": "2020-02-03T06:41:01.422Z"}, {"id": "af176aba-5348-478b-8dd4-bb4d12ea5bfb", "url": "https://i.imgur.com/zb7ItJm.jpg", "normalizedUrl": "https://imgur.com/zb7ItJm", "thumbnail": "https://i.imgur.com/zb7ItJml.jpg", "type": "image/imgur", "tags": ["ANNOTATED"], "createdAt": "2020-02-03T06:41:01.422Z", "updatedAt": "2020-02-03T06:41:01.422Z"}, {"id": "744064f3-a660-40fe-8ccc-923211cfddf4", "url": "https://i.imgur.com/hoIMJ79.jpg", "normalizedUrl": "https://imgur.com/hoIMJ79", "thumbnail": "https://i.imgur.com/hoIMJ79l.jpg", "type": "image/imgur", "tags": ["ANNOTATED"], "createdAt": "2020-02-03T06:41:01.422Z", "updatedAt": "2020-02-03T06:41:01.422Z"}, {"id": "cabea2a6-8675-4323-b7d9-26825b7d2793", "url": "https://i.imgur.com/Td4Mrmo.jpg", "normalizedUrl": "https://imgur.com/Td4Mrmo", "thumbnail": "https://i.imgur.com/Td4Mrmol.jpg", "type": "image/imgur", "tags": ["ANNOTATED"], "createdAt": "2020-02-03T06:41:01.422Z", "updatedAt": "2020-02-03T06:41:01.422Z"}, {"id": "ffc6ff4e-4e1e-450f-b310-467edf5b2b6e", "url": "https://i.imgur.com/TkOCpfU.jpg", "normalizedUrl": "https://imgur.com/TkOCpfU", "thumbnail": "https://i.imgur.com/TkOCpfUl.jpg", "type": "image/imgur", "tags": ["ANNOTATED"], "createdAt": "2020-02-03T06:41:01.422Z", "updatedAt": "2020-02-03T06:41:01.422Z"}, {"id": "5fe468d9-c19e-40d7-89c9-45aa22d7731f", "url": "https://i.imgur.com/bRdvjdJ.jpg", "normalizedUrl": "https://imgur.com/bRdvjdJ", "thumbnail": "https://i.imgur.com/bRdvjdJl.jpg", "type": "image/imgur", "tags": ["ANNOTATED"], "createdAt": "2020-02-03T06:41:01.422Z", "updatedAt": "2020-02-03T06:41:01.422Z"}, {"id": "fb711d4c-0b33-4067-a674-06826e5b06f3", "url": "https://i.imgur.com/cHtRiuA.jpg", "normalizedUrl": "https://imgur.com/cHtRiuA", "thumbnail": "https://i.imgur.com/cHtRiuAl.jpg", "type": "image/imgur", "tags": ["ANNOTATED"], "createdAt": "2020-02-03T06:41:01.422Z", "updatedAt": "2020-02-03T06:41:01.422Z"}, {"id": "4ace88dd-1e24-4a72-b5b9-e730df71bd5c", "url": "https://i.imgur.com/Ppi9uoM.jpg", "normalizedUrl": "https://imgur.com/Ppi9uoM", "thumbnail": "https://i.imgur.com/Ppi9uoMl.jpg", "type": "image/imgur", "tags": ["ANNOTATED"], "createdAt": "2020-02-03T06:41:01.422Z", "updatedAt": "2020-02-03T06:41:01.422Z"}], "reactions": [{"id": "286f599c-f86a-4932-82f0-f5a06f1eca03", "count": 1}], "hidden": false, "customStyle": null, "isSuspiciousAccount": false, "layout": "classic", "withImages": true, "withVideos": false, "media": [{"url": "https://i.imgur.com/7HsuLmx.jpg"}, {"url": "https://i.imgur.com/zb7ItJm.jpg"}, {"url": "https://i.imgur.com/hoIMJ79.jpg"}, {"url": "https://i.imgur.com/Td4Mrmo.jpg"}, {"url": "https://i.imgur.com/TkOCpfU.jpg"}, {"url": "https://i.imgur.com/bRdvjdJ.jpg"}, {"url": "https://i.imgur.com/cHtRiuA.jpg"}, {"url": "https://i.imgur.com/Ppi9uoM.jpg"}], "reportReasonText": "", "postAvatar": ""}]