[{"id": 231278321, "title": "🙋新生開問～💬 學長姊請為我解答吧🙇🏻！", "excerpt": "未來的大學生們是不是對大學抱有滿滿期待呢？只是同時也有許多疑惑：怎麼準備考試？該申請什麼學校？現在填寫 Dcard 新生季表單，小天使會為你發布文章到新生季板。由學長姐來為你解答！，快來填寫 Dcard 新生季表單：", "anonymousSchool": false, "anonymousDepartment": false, "pinned": true, "forumId": "cd2959fe-5515-4c1e-bd35-1cd4c36b44f0", "replyId": null, "createdAt": "2019-05-13T07:00:32.816Z", "updatedAt": "2019-05-13T07:00:43.622Z", "commentCount": 24, "likeCount": 254, "withNickname": true, "tags": [], "topics": ["新生開問", "新生季"], "meta": {}, "forumName": "新生季", "forumAlias": "freshman", "gender": "D", "school": "新生季小天使", "department": "dcard_fresh", "replyTitle": null, "mediaMeta": [], "reactions": [{"id": "286f599c-f86a-4932-82f0-f5a06f1eca03", "count": 250}, {"id": "e8e6bc5d-41b0-4129-b134-97507523d7ff", "count": 2}, {"id": "4b018f48-e184-445f-adf1-fc8e04ba09b9", "count": 1}, {"id": "aa0d425f-d530-4478-9a77-fe3aedc79eea", "count": 1}], "hidden": false, "customStyle": null, "isSuspiciousAccount": false, "layout": "classic", "withImages": false, "withVideos": false, "media": [], "reportReasonText": "", "postAvatar": ""}, {"id": 233006918, "title": "武漢女生死不暝目", "excerpt": "【新唐人北京時間2020年02月02日ニュース】武漢の23歳の大学院を受ける大学生が、微博で武漢肺炎に感染した後、自発的に隔離するという話をしましたが、人間練獄に入るとは思いませんでした。彼女は病院で", "anonymousSchool": false, "anonymousDepartment": true, "pinned": false, "forumId": "cd2959fe-5515-4c1e-bd35-1cd4c36b44f0", "replyId": null, "createdAt": "2020-02-03T07:31:59.333Z", "updatedAt": "2020-02-03T07:31:59.333Z", "commentCount": 0, "likeCount": 4, "withNickname": false, "tags": ["HIDE_THUMBNAIL"], "topics": ["生死", "武漢", "學長幫幫我", "學姊幫幫我", "新生季"], "meta": {"layout": "classic"}, "forumName": "新生季", "forumAlias": "freshman", "gender": "M", "school": "國立中央大學", "replyTitle": null, "mediaMeta": [], "reactions": [{"id": "286f599c-f86a-4932-82f0-f5a06f1eca03", "count": 4}], "hidden": false, "customStyle": null, "isSuspiciousAccount": false, "layout": "classic", "withImages": false, "withVideos": false, "media": [], "reportReasonText": "", "postAvatar": ""}, {"id": 233008788, "title": "明志國獨立囉", "excerpt": "", "anonymousSchool": false, "anonymousDepartment": true, "pinned": false, "forumId": "cd2959fe-5515-4c1e-bd35-1cd4c36b44f0", "replyId": 233008740, "createdAt": "2020-02-03T11:56:58.237Z", "updatedAt": "2020-02-03T11:56:58.237Z", "commentCount": 0, "likeCount": 3, "withNickname": false, "tags": [], "topics": ["學校", "作為", "明志國"], "meta": {"crossPostId": 233008740}, "forumName": "新生季", "forumAlias": "freshman", "gender": "M", "school": "明志科技大學", "replyTitle": "這次學校作為我個人的觀點", "mediaMeta": [], "reactions": [{"id": "286f599c-f86a-4932-82f0-f5a06f1eca03", "count": 3}], "hidden": false, "customStyle": null, "isSuspiciousAccount": false, "layout": "classic", "withImages": false, "withVideos": false, "media": [], "reportReasonText": "", "postAvatar": ""}, {"id": 233007153, "title": "北大進修部法律系提問", "excerpt": "目前小弟28歲，從事資訊工作2年，打算在台北大學修習法律學分，因此想和各位請教一些事情。1. 北大進修法律系的授課老師，聽說有些會因為學生上課態度不佳，而教學內容比較淺，這是真的嗎？2. 學生的組成，", "anonymousSchool": false, "anonymousDepartment": false, "pinned": false, "forumId": "cd2959fe-5515-4c1e-bd35-1cd4c36b44f0", "replyId": null, "createdAt": "2020-02-03T08:15:06.071Z", "updatedAt": "2020-02-03T08:15:06.071Z", "commentCount": 13, "likeCount": 3, "withNickname": true, "tags": [], "topics": ["法律系", "台北大學", "臺北大學", "進修部", "新生開問"], "meta": {"layout": "classic"}, "forumName": "新生季", "forumAlias": "freshman", "gender": "M", "school": "尤匹", "department": "fabulous2020", "replyTitle": null, "mediaMeta": [], "reactions": [{"id": "286f599c-f86a-4932-82f0-f5a06f1eca03", "count": 3}], "hidden": false, "customStyle": null, "isSuspiciousAccount": false, "layout": "classic", "withImages": false, "withVideos": false, "media": [], "reportReasonText": "", "postAvatar": ""}, {"id": 233005806, "title": "適應體育證明", "excerpt": "上學期申請過適應體育了，申請原因是心臟方面的疾病，下學期申請的證明一定要重新看診嗎？因為是先天性不會痊癒的疾病，醫生說可以直接跟櫃檯拿診斷證明，學校網站也沒有要求證明期限，麻煩申請過的學長姐了，也可以", "anonymousSchool": false, "anonymousDepartment": true, "pinned": false, "forumId": "cd2959fe-5515-4c1e-bd35-1cd4c36b44f0", "replyId": null, "createdAt": "2020-02-03T03:20:06.833Z", "updatedAt": "2020-02-03T03:25:05.120Z", "commentCount": 0, "likeCount": 2, "withNickname": false, "tags": [], "topics": ["適應", "體育", "新生季"], "meta": {"layout": "classic"}, "forumName": "新生季", "forumAlias": "freshman", "gender": "F", "school": "國立高雄科技大學", "replyTitle": null, "mediaMeta": [], "reactions": [{"id": "286f599c-f86a-4932-82f0-f5a06f1eca03", "count": 2}], "hidden": false, "customStyle": null, "isSuspiciousAccount": false, "layout": "classic", "withImages": false, "withVideos": false, "media": [], "reportReasonText": "", "postAvatar": ""}, {"id": 233006186, "title": "關於崑山宿舍", "excerpt": "想要問一下如果大一上下學期都有住宿舍，大二上學期開始不想住了 要自己外面租，那是不要抽籤就可以了嗎？還是只要住了就不能更換 要住四年？", "anonymousSchool": false, "anonymousDepartment": true, "pinned": false, "forumId": "cd2959fe-5515-4c1e-bd35-1cd4c36b44f0", "replyId": null, "createdAt": "2020-02-03T04:51:09.848Z", "updatedAt": "2020-02-03T04:51:09.848Z", "commentCount": 0, "likeCount": 0, "withNickname": false, "tags": [], "topics": ["學長幫幫我", "學姊幫幫我", "宿舍", "大學"], "meta": {"layout": "classic"}, "forumName": "新生季", "forumAlias": "freshman", "gender": "F", "school": "塔倫特縣學院", "replyTitle": null, "mediaMeta": [], "reactions": [], "hidden": false, "customStyle": null, "isSuspiciousAccount": false, "layout": "classic", "withImages": false, "withVideos": false, "media": [], "reportReasonText": "", "postAvatar": ""}]