[{"id": 231400471, "title": "#公告 遊戲板徵人資訊張貼格式 (2019.6.17)", "excerpt": "大家好，為了打造一個更好的遊戲板環境，促進板友間更優質的話題討論，文章留言如包含遊戲相關個人資訊，請務必依照以下格式張貼。【如果要徵求遊戲夥伴、公會徵人，請依照下列格式發表文章，違者以交換個資刪文】1. 標題最前面請註明 #徵人", "anonymousSchool": false, "anonymousDepartment": false, "pinned": true, "forumId": "72f262c4-75aa-4d75-ab0e-cd7bd09e69b5", "replyId": null, "createdAt": "2019-05-31T11:39:29.890Z", "updatedAt": "2019-06-17T05:46:13.148Z", "commentCount": 73, "likeCount": 277, "withNickname": true, "tags": [], "topics": ["遊戲板"], "meta": {}, "forumName": "遊戲", "forumAlias": "game", "gender": "D", "school": "遊戲小天使", "department": "gameangel", "replyTitle": null, "mediaMeta": [], "reactions": [{"id": "286f599c-f86a-4932-82f0-f5a06f1eca03", "count": 270}, {"id": "aa0d425f-d530-4478-9a77-fe3aedc79eea", "count": 4}, {"id": "e8e6bc5d-41b0-4129-b134-97507523d7ff", "count": 2}, {"id": "514c2569-fd53-4d9d-a415-bf0f88e7329f", "count": 1}], "hidden": false, "customStyle": null, "isSuspiciousAccount": false, "layout": "classic", "withImages": false, "withVideos": false, "media": [], "reportReasonText": "", "postAvatar": ""}, {"id": 232989466, "title": "＃公告 2020年2月遊戲板活動連結集中討論區", "excerpt": "各位板友好，近期發現有大量活動連結充斥在版面，造成其他使用者瀏覽上的不便，為避免洗板情形與考量大家需求，請將遊戲相關活動連結集中於此篇，並且每月皆會置頂一篇新的文章，規則如下：1. 遊戲連結都只能在「", "anonymousSchool": false, "anonymousDepartment": false, "pinned": true, "forumId": "72f262c4-75aa-4d75-ab0e-cd7bd09e69b5", "replyId": null, "createdAt": "2020-01-31T09:09:58.130Z", "updatedAt": "2020-01-31T09:11:25.638Z", "commentCount": 1, "likeCount": 2, "withNickname": true, "tags": [], "topics": ["遊戲板"], "meta": {"layout": "classic"}, "forumName": "遊戲", "forumAlias": "game", "gender": "D", "school": "遊戲小天使", "department": "gameangel", "replyTitle": null, "mediaMeta": [], "reactions": [{"id": "286f599c-f86a-4932-82f0-f5a06f1eca03", "count": 2}], "hidden": false, "customStyle": null, "isSuspiciousAccount": false, "layout": "classic", "withImages": false, "withVideos": false, "media": [], "reportReasonText": "", "postAvatar": ""}, {"id": 233005528, "title": "小時候的回憶-曙光2online", "excerpt": "（文稍長），曙光2是我人生第一個玩ㄉ電腦遊戲（歲月啊 QQ，當初會接觸是因為看到哥哥在玩後一起加入ㄉ （´･_･`），他在2018ㄉ暑假公布要關閉，那時候有很多老玩家都跑回來，看到本來空蕩蕩ㄉ朝陽城瞬", "anonymousSchool": false, "anonymousDepartment": false, "pinned": false, "forumId": "72f262c4-75aa-4d75-ab0e-cd7bd09e69b5", "replyId": null, "createdAt": "2020-02-03T02:01:45.019Z", "updatedAt": "2020-02-03T02:02:35.583Z", "commentCount": 3, "likeCount": 7, "withNickname": true, "tags": [], "topics": ["曙光2", "懷舊遊戲"], "meta": {"layout": "classic"}, "forumName": "遊戲", "forumAlias": "game", "gender": "F", "school": "台南廢米蟲", "department": "square___", "replyTitle": null, "mediaMeta": [{"id": "5e759d73-1ceb-4eed-9ff6-7e5b6a2816cb", "url": "https://megapx-assets.dcard.tw/images/0a14c9f9-bb48-4271-a76f-5f6ec579f18e/640.jpeg", "normalizedUrl": "https://megapx-assets.dcard.tw/images/0a14c9f9-bb48-4271-a76f-5f6ec579f18e/640.jpeg", "thumbnail": "https://megapx-assets.dcard.tw/images/0a14c9f9-bb48-4271-a76f-5f6ec579f18e/640.jpeg", "type": "image/thumbnail", "tags": ["ANNOTATED"], "createdAt": "2020-02-03T02:01:45.019Z", "updatedAt": "2020-02-03T02:02:35.583Z", "width": 640, "height": 478}, {"id": "5e759d73-1ceb-4eed-9ff6-7e5b6a2816cb", "url": "https://megapx-assets.dcard.tw/images/0a14c9f9-bb48-4271-a76f-5f6ec579f18e/full.jpeg", "normalizedUrl": "https://megapx.dcard.tw/v1/images/0a14c9f9-bb48-4271-a76f-5f6ec579f18e", "thumbnail": "https://megapx-assets.dcard.tw/images/0a14c9f9-bb48-4271-a76f-5f6ec579f18e/640.jpeg", "type": "image/megapx", "tags": ["ANNOTATED"], "createdAt": "2020-02-03T02:01:45.019Z", "updatedAt": "2020-02-03T02:02:35.583Z", "width": 828, "height": 618}, {"id": "c163bcd7-7785-491b-881b-683caf52fea3", "url": "https://megapx-assets.dcard.tw/images/738a9809-71fb-45da-9af6-4d9b685d3cc9/full.jpeg", "normalizedUrl": "https://megapx.dcard.tw/v1/images/738a9809-71fb-45da-9af6-4d9b685d3cc9", "thumbnail": "https://megapx-assets.dcard.tw/images/738a9809-71fb-45da-9af6-4d9b685d3cc9/640.jpeg", "type": "image/megapx", "tags": ["ANNOTATED"], "createdAt": "2020-02-03T02:01:45.019Z", "updatedAt": "2020-02-03T02:02:35.583Z", "width": 828, "height": 595}, {"id": "c7fdaf7c-621e-4f5b-9db0-692dcc9cc0b2", "url": "https://megapx-assets.dcard.tw/images/126d0d1b-4edf-4343-a6c5-06c062eec8db/full.jpeg", "normalizedUrl": "https://megapx.dcard.tw/v1/images/126d0d1b-4edf-4343-a6c5-06c062eec8db", "thumbnail": "https://megapx-assets.dcard.tw/images/126d0d1b-4edf-4343-a6c5-06c062eec8db/640.jpeg", "type": "image/megapx", "tags": ["ANNOTATED"], "createdAt": "2020-02-03T02:01:45.019Z", "updatedAt": "2020-02-03T02:02:35.583Z", "width": 828, "height": 603}, {"id": "b8b3bc70-ff85-4e1b-949d-fe7cdc0234d9", "url": "https://megapx-assets.dcard.tw/images/90c99ed4-bef8-4f88-b0bb-4f38b15d9f83/full.jpeg", "normalizedUrl": "https://megapx.dcard.tw/v1/images/90c99ed4-bef8-4f88-b0bb-4f38b15d9f83", "thumbnail": "https://megapx-assets.dcard.tw/images/90c99ed4-bef8-4f88-b0bb-4f38b15d9f83/640.jpeg", "type": "image/megapx", "tags": ["ANNOTATED"], "createdAt": "2020-02-03T02:01:45.019Z", "updatedAt": "2020-02-03T02:02:35.583Z", "width": 828, "height": 600}, {"id": "8a134027-105b-4be9-93eb-efdbfc828c22", "url": "https://megapx-assets.dcard.tw/images/4115af7b-eefd-4f50-8d5b-3af848316e8c/full.jpeg", "normalizedUrl": "https://megapx.dcard.tw/v1/images/4115af7b-eefd-4f50-8d5b-3af848316e8c", "thumbnail": "https://megapx-assets.dcard.tw/images/4115af7b-eefd-4f50-8d5b-3af848316e8c/640.jpeg", "type": "image/megapx", "tags": ["ANNOTATED"], "createdAt": "2020-02-03T02:01:45.019Z", "updatedAt": "2020-02-03T02:02:35.583Z", "width": 828, "height": 604}, {"id": "5d512877-32ea-493f-a7ef-9da51167a587", "url": "https://megapx-assets.dcard.tw/images/3761ad4d-7299-412e-8df3-cee1c4092ced/full.jpeg", "normalizedUrl": "https://megapx.dcard.tw/v1/images/3761ad4d-7299-412e-8df3-cee1c4092ced", "thumbnail": "https://megapx-assets.dcard.tw/images/3761ad4d-7299-412e-8df3-cee1c4092ced/640.jpeg", "type": "image/megapx", "tags": ["ANNOTATED"], "createdAt": "2020-02-03T02:01:45.019Z", "updatedAt": "2020-02-03T02:02:35.583Z", "width": 828, "height": 600}, {"id": "9d8b83a2-359c-41df-9715-eb7cf8ae486f", "url": "https://megapx-assets.dcard.tw/images/1d11cd55-6fb8-4423-8991-46ae81c4768e/full.jpeg", "normalizedUrl": "https://megapx.dcard.tw/v1/images/1d11cd55-6fb8-4423-8991-46ae81c4768e", "thumbnail": "https://megapx-assets.dcard.tw/images/1d11cd55-6fb8-4423-8991-46ae81c4768e/640.jpeg", "type": "image/megapx", "tags": ["ANNOTATED"], "createdAt": "2020-02-03T02:01:45.019Z", "updatedAt": "2020-02-03T02:02:35.583Z", "width": 828, "height": 597}, {"id": "6b9e49f1-de4f-4c66-948e-593d4955bfbe", "url": "https://megapx-assets.dcard.tw/images/03ec0ccb-2270-46b1-ab11-d94180c5ddfc/full.jpeg", "normalizedUrl": "https://megapx.dcard.tw/v1/images/03ec0ccb-2270-46b1-ab11-d94180c5ddfc", "thumbnail": "https://megapx-assets.dcard.tw/images/03ec0ccb-2270-46b1-ab11-d94180c5ddfc/640.jpeg", "type": "image/megapx", "tags": ["ANNOTATED"], "createdAt": "2020-02-03T02:01:45.019Z", "updatedAt": "2020-02-03T02:02:35.583Z", "width": 828, "height": 606}, {"id": "e70244d2-494b-45e2-9015-433813f9ebee", "url": "https://megapx-assets.dcard.tw/images/da5a86d2-1319-443b-94f3-2a4bf91d1e12/full.jpeg", "normalizedUrl": "https://megapx.dcard.tw/v1/images/da5a86d2-1319-443b-94f3-2a4bf91d1e12", "thumbnail": "https://megapx-assets.dcard.tw/images/da5a86d2-1319-443b-94f3-2a4bf91d1e12/640.jpeg", "type": "image/megapx", "tags": ["ANNOTATED"], "createdAt": "2020-02-03T02:01:45.019Z", "updatedAt": "2020-02-03T02:02:35.583Z", "width": 828, "height": 588}], "reactions": [{"id": "286f599c-f86a-4932-82f0-f5a06f1eca03", "count": 7}], "hidden": false, "customStyle": null, "isSuspiciousAccount": false, "layout": "classic", "withImages": true, "withVideos": false, "media": [{"url": "https://megapx-assets.dcard.tw/images/0a14c9f9-bb48-4271-a76f-5f6ec579f18e/full.jpeg"}, {"url": "https://megapx-assets.dcard.tw/images/738a9809-71fb-45da-9af6-4d9b685d3cc9/full.jpeg"}, {"url": "https://megapx-assets.dcard.tw/images/126d0d1b-4edf-4343-a6c5-06c062eec8db/full.jpeg"}, {"url": "https://megapx-assets.dcard.tw/images/90c99ed4-bef8-4f88-b0bb-4f38b15d9f83/full.jpeg"}, {"url": "https://megapx-assets.dcard.tw/images/4115af7b-eefd-4f50-8d5b-3af848316e8c/full.jpeg"}, {"url": "https://megapx-assets.dcard.tw/images/3761ad4d-7299-412e-8df3-cee1c4092ced/full.jpeg"}, {"url": "https://megapx-assets.dcard.tw/images/1d11cd55-6fb8-4423-8991-46ae81c4768e/full.jpeg"}, {"url": "https://megapx-assets.dcard.tw/images/03ec0ccb-2270-46b1-ab11-d94180c5ddfc/full.jpeg"}, {"url": "https://megapx-assets.dcard.tw/images/da5a86d2-1319-443b-94f3-2a4bf91d1e12/full.jpeg"}], "reportReasonText": "", "postAvatar": ""}, {"id": 233007107, "title": "#新楓之谷 買幣推薦請益", "excerpt": "是這樣啦 各位安安，無課農我感覺實在有一點點太慢，花這個時間 不如先小資一點，遊戲也玩的更開心，想請問大家，買幣是要去數字網買，還是楓幣商城比較划算，我本來想85 但是它不能直接用我的卡儲值，還要跑超", "anonymousSchool": false, "anonymousDepartment": true, "pinned": false, "forumId": "72f262c4-75aa-4d75-ab0e-cd7bd09e69b5", "replyId": null, "createdAt": "2020-02-03T08:06:51.957Z", "updatedAt": "2020-02-03T08:06:51.957Z", "commentCount": 2, "likeCount": 6, "withNickname": false, "tags": ["HIDE_THUMBNAIL"], "topics": ["新楓之谷", "遊戲", "楓之谷"], "meta": {"layout": "classic"}, "forumName": "遊戲", "forumAlias": "game", "gender": "M", "school": "國立中正大學", "replyTitle": null, "mediaMeta": [], "reactions": [{"id": "286f599c-f86a-4932-82f0-f5a06f1eca03", "count": 6}], "hidden": false, "customStyle": null, "isSuspiciousAccount": false, "layout": "classic", "withImages": false, "withVideos": false, "media": [], "reportReasonText": "", "postAvatar": ""}, {"id": 233004994, "title": "推薦遊戲", "excerpt": "有沒有什麼最近新出的遊戲推薦的啊？2019年底或2020出的……，有的話煩請告知", "anonymousSchool": false, "anonymousDepartment": true, "pinned": false, "forumId": "72f262c4-75aa-4d75-ab0e-cd7bd09e69b5", "replyId": null, "createdAt": "2020-02-02T19:20:27.611Z", "updatedAt": "2020-02-02T19:20:27.611Z", "commentCount": 10, "likeCount": 6, "withNickname": false, "tags": [], "topics": ["手遊", "網遊", "推薦", "2019", "2020"], "meta": {"layout": "classic"}, "forumName": "遊戲", "forumAlias": "game", "gender": "F", "school": "淡江大學", "replyTitle": null, "mediaMeta": [], "reactions": [{"id": "286f599c-f86a-4932-82f0-f5a06f1eca03", "count": 6}], "hidden": false, "customStyle": null, "isSuspiciousAccount": false, "layout": "classic", "withImages": false, "withVideos": false, "media": [], "reportReasonText": "", "postAvatar": ""}, {"id": 233006178, "title": "#戀與 背景指的是什麼", "excerpt": "想請教各位那個開啟背景是在哪裡的？？謝謝回答的太太 ㊗️毆氣爆發！！", "anonymousSchool": false, "anonymousDepartment": true, "pinned": false, "forumId": "72f262c4-75aa-4d75-ab0e-cd7bd09e69b5", "replyId": null, "createdAt": "2020-02-03T04:50:07.821Z", "updatedAt": "2020-02-03T04:50:07.821Z", "commentCount": 3, "likeCount": 5, "withNickname": false, "tags": [], "topics": ["戀與製作人"], "meta": {"layout": "classic"}, "forumName": "遊戲", "forumAlias": "game", "gender": "F", "school": "樹人醫護管理專科學校", "replyTitle": null, "mediaMeta": [{"id": "d7667b5d-5c8d-4572-aa35-3aa961dd50df", "url": "https://megapx-assets.dcard.tw/images/0ed6e8e8-5059-4cdb-8e84-f068976db816/640.jpeg", "normalizedUrl": "https://megapx-assets.dcard.tw/images/0ed6e8e8-5059-4cdb-8e84-f068976db816/640.jpeg", "thumbnail": "https://megapx-assets.dcard.tw/images/0ed6e8e8-5059-4cdb-8e84-f068976db816/640.jpeg", "type": "image/thumbnail", "tags": ["ANNOTATED"], "createdAt": "2020-02-03T04:50:07.821Z", "updatedAt": "2020-02-03T04:50:07.821Z", "width": 296, "height": 640}, {"id": "d7667b5d-5c8d-4572-aa35-3aa961dd50df", "url": "https://megapx.dcard.tw/v1/images/0ed6e8e8-5059-4cdb-8e84-f068976db816/encode/1280", "normalizedUrl": "https://megapx.dcard.tw/v1/images/0ed6e8e8-5059-4cdb-8e84-f068976db816", "thumbnail": "https://megapx-assets.dcard.tw/images/0ed6e8e8-5059-4cdb-8e84-f068976db816/640.jpeg", "type": "image/megapx", "tags": ["ANNOTATED"], "createdAt": "2020-02-03T04:50:07.821Z", "updatedAt": "2020-02-03T04:50:07.821Z", "width": 828, "height": 1792}], "reactions": [{"id": "286f599c-f86a-4932-82f0-f5a06f1eca03", "count": 5}], "hidden": false, "customStyle": null, "isSuspiciousAccount": false, "layout": "classic", "withImages": false, "withVideos": false, "media": [], "reportReasonText": "", "postAvatar": ""}, {"id": 233004530, "title": "傳說問題", "excerpt": "有人覺得這兩天滾輪都卡卡的嗎，邊走邊拖技能會人物停住或者不受控制，另外我怎麼感覺開圖的人越來越多了...，去YT看過相關影片 根本一樣🥵", "anonymousSchool": false, "anonymousDepartment": true, "pinned": false, "forumId": "72f262c4-75aa-4d75-ab0e-cd7bd09e69b5", "replyId": null, "createdAt": "2020-02-02T17:32:22.163Z", "updatedAt": "2020-02-02T17:32:22.163Z", "commentCount": 3, "likeCount": 5, "withNickname": false, "tags": ["HIDE_THUMBNAIL"], "topics": ["傳說"], "meta": {"layout": "classic"}, "forumName": "遊戲", "forumAlias": "game", "gender": "M", "school": "大仁科技大學", "replyTitle": null, "mediaMeta": [], "reactions": [{"id": "286f599c-f86a-4932-82f0-f5a06f1eca03", "count": 5}], "hidden": false, "customStyle": null, "isSuspiciousAccount": false, "layout": "classic", "withImages": false, "withVideos": false, "media": [], "reportReasonText": "", "postAvatar": ""}, {"id": 233011545, "title": "懷舊的古風遊戲", "excerpt": "這款叫神仙道的網頁遊戲歷史悠久曾風靡一時，不知道現在還有沒有人在玩，最近無聊回鍋了一下，我也才玩到151等，也請有玩的大佬帶一下XD，伺服器：S2仙侶奇緣，ID：-眾人皆醉-     （是的很中二）", "anonymousSchool": false, "anonymousDepartment": true, "pinned": false, "forumId": "72f262c4-75aa-4d75-ab0e-cd7bd09e69b5", "replyId": null, "createdAt": "2020-02-03T18:10:05.042Z", "updatedAt": "2020-02-04T02:37:01.746Z", "commentCount": 0, "likeCount": 4, "withNickname": false, "tags": [], "topics": ["遊戲", "懷舊", "古風", "懷舊遊戲"], "meta": {"layout": "classic"}, "forumName": "遊戲", "forumAlias": "game", "gender": "M", "school": "樹人醫護管理專科學校", "replyTitle": null, "mediaMeta": [{"id": "570c531c-1580-403a-b44e-be7d07aa2b80", "url": "https://megapx-assets.dcard.tw/images/b5903c75-2b15-4241-ac92-bb7e6bf1ba0b/640.jpeg", "normalizedUrl": "https://megapx-assets.dcard.tw/images/b5903c75-2b15-4241-ac92-bb7e6bf1ba0b/640.jpeg", "thumbnail": "https://megapx-assets.dcard.tw/images/b5903c75-2b15-4241-ac92-bb7e6bf1ba0b/640.jpeg", "type": "image/thumbnail", "tags": ["ANNOTATED"], "createdAt": "2020-02-03T18:10:05.042Z", "updatedAt": "2020-02-04T02:37:01.746Z", "width": 360, "height": 640}, {"id": "570c531c-1580-403a-b44e-be7d07aa2b80", "url": "https://megapx-assets.dcard.tw/images/b5903c75-2b15-4241-ac92-bb7e6bf1ba0b/1280.jpeg", "normalizedUrl": "https://megapx.dcard.tw/v1/images/b5903c75-2b15-4241-ac92-bb7e6bf1ba0b", "thumbnail": "https://megapx-assets.dcard.tw/images/b5903c75-2b15-4241-ac92-bb7e6bf1ba0b/640.jpeg", "type": "image/megapx", "tags": ["ANNOTATED"], "createdAt": "2020-02-03T18:10:05.042Z", "updatedAt": "2020-02-04T02:37:01.746Z", "width": 750, "height": 1334}], "reactions": [{"id": "286f599c-f86a-4932-82f0-f5a06f1eca03", "count": 4}], "hidden": false, "customStyle": null, "isSuspiciousAccount": false, "layout": "classic", "withImages": true, "withVideos": false, "media": [{"url": "https://megapx-assets.dcard.tw/images/b5903c75-2b15-4241-ac92-bb7e6bf1ba0b/1280.jpeg"}], "reportReasonText": "", "postAvatar": ""}, {"id": 233009921, "title": "《第五人格》抽金皮~懇請大家填問卷", "excerpt": "大家好哇~，這是一個關於“在《第五人格》使用「真實金錢」消費之體驗問卷”，也就是要拜託在《第五人格》的有剋玩家分享一下第一次消費後體驗，想到必需要願意填問卷並且有消費經驗的玩家，收到的問卷數一定不能達", "anonymousSchool": false, "anonymousDepartment": false, "pinned": false, "forumId": "72f262c4-75aa-4d75-ab0e-cd7bd09e69b5", "replyId": null, "createdAt": "2020-02-03T14:37:05.996Z", "updatedAt": "2020-02-03T14:37:05.996Z", "commentCount": 0, "likeCount": 4, "withNickname": false, "tags": [], "topics": ["遊戲", "問卷", "抽獎", "第五人格", "跪求"], "meta": {"layout": "classic"}, "forumName": "遊戲", "forumAlias": "game", "gender": "M", "school": "世新大學", "department": "傳播管理學系", "replyTitle": null, "mediaMeta": [], "reactions": [{"id": "286f599c-f86a-4932-82f0-f5a06f1eca03", "count": 4}], "hidden": false, "customStyle": null, "isSuspiciousAccount": false, "layout": "classic", "withImages": false, "withVideos": false, "media": [], "reportReasonText": "", "postAvatar": ""}, {"id": 233004815, "title": "一拳超人 求健檢", "excerpt": "小弟最近玩了兩個帳號～大概是下面這樣，一個抽到童帝跟黑光，一個是原子跟藍章魚，想問各位之後這樣的陣容可以怎麼組，感謝～～～", "anonymousSchool": false, "anonymousDepartment": true, "pinned": false, "forumId": "72f262c4-75aa-4d75-ab0e-cd7bd09e69b5", "replyId": null, "createdAt": "2020-02-02T18:33:25.888Z", "updatedAt": "2020-02-02T18:33:49.024Z", "commentCount": 6, "likeCount": 3, "withNickname": false, "tags": [], "topics": ["一拳超人", "手遊"], "meta": {"layout": "classic"}, "forumName": "遊戲", "forumAlias": "game", "gender": "M", "school": "國立聯合大學", "replyTitle": null, "mediaMeta": [{"id": "5668dae7-3912-447e-b421-ad7c99da9ccb", "url": "https://megapx-assets.dcard.tw/images/51cd5018-bb25-4c1a-aada-2fe336d40471/640.jpeg", "normalizedUrl": "https://megapx-assets.dcard.tw/images/51cd5018-bb25-4c1a-aada-2fe336d40471/640.jpeg", "thumbnail": "https://megapx-assets.dcard.tw/images/51cd5018-bb25-4c1a-aada-2fe336d40471/640.jpeg", "type": "image/thumbnail", "tags": ["ANNOTATED"], "createdAt": "2020-02-02T18:33:25.888Z", "updatedAt": "2020-02-02T18:33:49.024Z", "width": 640, "height": 360}, {"id": "5668dae7-3912-447e-b421-ad7c99da9ccb", "url": "https://megapx-assets.dcard.tw/images/51cd5018-bb25-4c1a-aada-2fe336d40471/1280.jpeg", "normalizedUrl": "https://megapx.dcard.tw/v1/images/51cd5018-bb25-4c1a-aada-2fe336d40471", "thumbnail": "https://megapx-assets.dcard.tw/images/51cd5018-bb25-4c1a-aada-2fe336d40471/640.jpeg", "type": "image/megapx", "tags": ["ANNOTATED"], "createdAt": "2020-02-02T18:33:25.888Z", "updatedAt": "2020-02-02T18:33:49.024Z", "width": 1334, "height": 750}, {"id": "b6085a1f-f4c5-456a-96cb-187426112af0", "url": "https://megapx-assets.dcard.tw/images/d5e1f981-73ae-4b62-a1f7-3dec1dc60a64/1280.jpeg", "normalizedUrl": "https://megapx.dcard.tw/v1/images/d5e1f981-73ae-4b62-a1f7-3dec1dc60a64", "thumbnail": "https://megapx-assets.dcard.tw/images/d5e1f981-73ae-4b62-a1f7-3dec1dc60a64/640.jpeg", "type": "image/megapx", "tags": ["ANNOTATED"], "createdAt": "2020-02-02T18:33:25.888Z", "updatedAt": "2020-02-02T18:33:49.024Z", "width": 1334, "height": 750}], "reactions": [{"id": "286f599c-f86a-4932-82f0-f5a06f1eca03", "count": 3}], "hidden": false, "customStyle": null, "isSuspiciousAccount": false, "layout": "classic", "withImages": true, "withVideos": false, "media": [{"url": "https://megapx-assets.dcard.tw/images/51cd5018-bb25-4c1a-aada-2fe336d40471/1280.jpeg"}, {"url": "https://megapx-assets.dcard.tw/images/d5e1f981-73ae-4b62-a1f7-3dec1dc60a64/1280.jpeg"}], "reportReasonText": "", "postAvatar": ""}, {"id": 233008723, "title": "新手初玩天黑請閉眼手遊與現實錯亂", "excerpt": "新手初玩天黑請閉眼手遊會不會玩到現實生活中也人格分裂？會不會開始對於每個人說發的言 都感覺一切是套路 是套路，然後 當有人說到 \"跳\"這個字  你就很敏感，跳後面接 跳舞 跳槍 之類的 你就還在思考說", "anonymousSchool": false, "anonymousDepartment": false, "pinned": false, "forumId": "72f262c4-75aa-4d75-ab0e-cd7bd09e69b5", "replyId": null, "createdAt": "2020-02-03T11:46:07.926Z", "updatedAt": "2020-02-03T11:46:07.926Z", "commentCount": 5, "likeCount": 2, "withNickname": false, "tags": [], "topics": ["天黑請閉眼"], "meta": {"layout": "classic"}, "forumName": "遊戲", "forumAlias": "game", "gender": "M", "school": "輔英科技大學", "department": "資訊管理系", "replyTitle": null, "mediaMeta": [], "reactions": [{"id": "286f599c-f86a-4932-82f0-f5a06f1eca03", "count": 1}, {"id": "514c2569-fd53-4d9d-a415-bf0f88e7329f", "count": 1}], "hidden": false, "customStyle": null, "isSuspiciousAccount": false, "layout": "classic", "withImages": false, "withVideos": false, "media": [], "reportReasonText": "", "postAvatar": ""}, {"id": 233008465, "title": "#密特拉之星 新春和服剩下兩天啦!!記得去打", "excerpt": "先來一張我女兒，只剩下兩天了，記得到活動裡面去打，這套很漂亮，應該是目前眾多衣服中最好看的一套>//<，啊啊~~好想要封面的嗚巴，不知道裝扮什麼時候才會有他，我可以把我的武器換成風箏嗚巴，好可愛啊＼（", "anonymousSchool": false, "anonymousDepartment": true, "pinned": false, "forumId": "72f262c4-75aa-4d75-ab0e-cd7bd09e69b5", "replyId": null, "createdAt": "2020-02-03T11:00:54.070Z", "updatedAt": "2020-02-03T11:00:54.070Z", "commentCount": 2, "likeCount": 2, "withNickname": false, "tags": [], "topics": ["手遊"], "meta": {"layout": "classic"}, "forumName": "遊戲", "forumAlias": "game", "gender": "M", "school": "聖心大學", "replyTitle": null, "mediaMeta": [{"id": "bdf53bd9-140c-4489-9961-8bd6a1c53507", "url": "https://i.imgur.com/qQ0IzAUl.jpg", "normalizedUrl": "https://i.imgur.com/qQ0IzAUl.jpg", "thumbnail": "https://i.imgur.com/qQ0IzAUl.jpg", "type": "image/thumbnail", "tags": ["ANNOTATED"], "createdAt": "2020-02-03T11:00:54.070Z", "updatedAt": "2020-02-03T11:00:54.070Z"}, {"id": "bdf53bd9-140c-4489-9961-8bd6a1c53507", "url": "https://i.imgur.com/qQ0IzAU.jpg", "normalizedUrl": "https://imgur.com/qQ0IzAU", "thumbnail": "https://i.imgur.com/qQ0IzAUl.jpg", "type": "image/imgur", "tags": ["ANNOTATED"], "createdAt": "2020-02-03T11:00:54.070Z", "updatedAt": "2020-02-03T11:00:54.070Z"}, {"id": "3a7a5ea6-1c01-4ba9-9f3e-6bd1e8d60ae7", "url": "https://i.imgur.com/gzbodnO.jpg", "normalizedUrl": "https://imgur.com/gzbodnO", "thumbnail": "https://i.imgur.com/gzbodnOl.jpg", "type": "image/imgur", "tags": ["ANNOTATED"], "createdAt": "2020-02-03T11:00:54.070Z", "updatedAt": "2020-02-03T11:00:54.070Z"}], "reactions": [{"id": "286f599c-f86a-4932-82f0-f5a06f1eca03", "count": 2}], "hidden": false, "customStyle": null, "isSuspiciousAccount": false, "layout": "classic", "withImages": true, "withVideos": false, "media": [{"url": "https://i.imgur.com/qQ0IzAU.jpg"}, {"url": "https://i.imgur.com/gzbodnO.jpg"}], "reportReasonText": "", "postAvatar": ""}, {"id": 233004376, "title": "傳說對決", "excerpt": "單排好心累 徵好友要一起玩遊戲  主打野  目前a1，要的留言", "anonymousSchool": false, "anonymousDepartment": true, "pinned": false, "forumId": "72f262c4-75aa-4d75-ab0e-cd7bd09e69b5", "replyId": null, "createdAt": "2020-02-02T17:09:15.833Z", "updatedAt": "2020-02-02T17:09:48.569Z", "commentCount": 9, "likeCount": 2, "withNickname": false, "tags": ["HIDE_THUMBNAIL"], "topics": ["傳說對決"], "meta": {"layout": "classic"}, "forumName": "遊戲", "forumAlias": "game", "gender": "M", "school": "龍華科技大學", "replyTitle": null, "mediaMeta": [], "reactions": [{"id": "286f599c-f86a-4932-82f0-f5a06f1eca03", "count": 2}], "hidden": false, "customStyle": null, "isSuspiciousAccount": false, "layout": "classic", "withImages": false, "withVideos": false, "media": [], "reportReasonText": "", "postAvatar": ""}, {"id": 233004186, "title": "Dead by daylight黎明死線手機版", "excerpt": "想問一下各位 什麼時候會出黎明死線手機正式版呢@@？等好久了，另外我目前有在玩Beta版 想問一下有什麼代儲的管道嗎？", "anonymousSchool": false, "anonymousDepartment": false, "pinned": false, "forumId": "72f262c4-75aa-4d75-ab0e-cd7bd09e69b5", "replyId": null, "createdAt": "2020-02-02T16:40:37.800Z", "updatedAt": "2020-02-02T16:40:37.800Z", "commentCount": 1, "likeCount": 2, "withNickname": true, "tags": ["HIDE_THUMBNAIL"], "topics": ["遊戲", "手遊", "Deadbydaylight", "黎明死線"], "meta": {"layout": "classic"}, "forumName": "遊戲", "forumAlias": "game", "gender": "M", "school": "愛出國的孩兒", "department": "s997861", "replyTitle": null, "mediaMeta": [], "reactions": [{"id": "286f599c-f86a-4932-82f0-f5a06f1eca03", "count": 2}], "hidden": false, "customStyle": null, "isSuspiciousAccount": false, "layout": "classic", "withImages": false, "withVideos": false, "media": [], "reportReasonText": "", "postAvatar": ""}, {"id": 233012463, "title": "GTA5線上模式 PC", "excerpt": "想請問有沒有最快賺錢的方式，有推薦必買什麼嗎？-剛買遊戲的菜雞", "anonymousSchool": false, "anonymousDepartment": true, "pinned": false, "forumId": "72f262c4-75aa-4d75-ab0e-cd7bd09e69b5", "replyId": null, "createdAt": "2020-02-04T02:25:58.713Z", "updatedAt": "2020-02-04T02:25:58.713Z", "commentCount": 2, "likeCount": 1, "withNickname": false, "tags": ["HIDE_THUMBNAIL"], "topics": ["GTA5", "遊戲", "Steam"], "meta": {"layout": "classic"}, "forumName": "遊戲", "forumAlias": "game", "gender": "F", "school": "逢甲大學", "replyTitle": null, "mediaMeta": [], "reactions": [{"id": "286f599c-f86a-4932-82f0-f5a06f1eca03", "count": 1}], "hidden": false, "customStyle": null, "isSuspiciousAccount": false, "layout": "classic", "withImages": false, "withVideos": false, "media": [], "reportReasonText": "", "postAvatar": ""}, {"id": 233012021, "title": "LoL aram", "excerpt": "想找人一起玩aran，打好多年了都自己一個人玩，憂鬱症都快更嚴重了，希望是EQ好的人，不會跟人家嗆聲的", "anonymousSchool": false, "anonymousDepartment": false, "pinned": false, "forumId": "72f262c4-75aa-4d75-ab0e-cd7bd09e69b5", "replyId": null, "createdAt": "2020-02-03T22:17:18.974Z", "updatedAt": "2020-02-03T22:17:18.974Z", "commentCount": 2, "likeCount": 1, "withNickname": true, "tags": [], "topics": ["LOL", "英雄聯盟"], "meta": {"layout": "classic"}, "forumName": "遊戲", "forumAlias": "game", "gender": "M", "school": "懶懶的", "department": "a850354", "replyTitle": null, "mediaMeta": [], "reactions": [{"id": "286f599c-f86a-4932-82f0-f5a06f1eca03", "count": 1}], "hidden": false, "customStyle": null, "isSuspiciousAccount": false, "layout": "classic", "withImages": false, "withVideos": false, "media": [], "reportReasonText": "", "postAvatar": ""}, {"id": 233011018, "title": "感謝佛心疊紙", "excerpt": "前兩張剛好都沒有重複（白起強娶），抱著僥倖的心態試試看能不能抽到洛，看到️閃耀下來心臟真的要停了_：（´ཀ`」 ∠）：不枉費我存那麼久了嗚嗚，我真的為了這活動前面完全裝死裝沒看到，讚嘆疊紙佛心疊紙讓我", "anonymousSchool": false, "anonymousDepartment": false, "pinned": false, "forumId": "72f262c4-75aa-4d75-ab0e-cd7bd09e69b5", "replyId": null, "createdAt": "2020-02-03T16:44:43.344Z", "updatedAt": "2020-02-03T16:48:14.702Z", "commentCount": 4, "likeCount": 1, "withNickname": true, "tags": [], "topics": ["戀與製作人"], "meta": {"layout": "classic"}, "forumName": "遊戲", "forumAlias": "game", "gender": "F", "school": "安寶💙", "department": "gannipi4", "replyTitle": null, "mediaMeta": [{"id": "0ae5738d-7f30-42ab-b9c5-e2662d3d1ed6", "url": "https://megapx-assets.dcard.tw/images/6799acd9-69be-4752-a02b-3590db3161fb/640.jpeg", "normalizedUrl": "https://megapx-assets.dcard.tw/images/6799acd9-69be-4752-a02b-3590db3161fb/640.jpeg", "thumbnail": "https://megapx-assets.dcard.tw/images/6799acd9-69be-4752-a02b-3590db3161fb/640.jpeg", "type": "image/thumbnail", "tags": ["ANNOTATED"], "createdAt": "2020-02-03T16:44:43.344Z", "updatedAt": "2020-02-03T16:48:14.702Z", "width": 360, "height": 640}, {"id": "0ae5738d-7f30-42ab-b9c5-e2662d3d1ed6", "url": "https://megapx-assets.dcard.tw/images/6799acd9-69be-4752-a02b-3590db3161fb/1280.jpeg", "normalizedUrl": "https://megapx.dcard.tw/v1/images/6799acd9-69be-4752-a02b-3590db3161fb", "thumbnail": "https://megapx-assets.dcard.tw/images/6799acd9-69be-4752-a02b-3590db3161fb/640.jpeg", "type": "image/megapx", "tags": ["ANNOTATED"], "createdAt": "2020-02-03T16:44:43.344Z", "updatedAt": "2020-02-03T16:48:14.702Z", "width": 750, "height": 1334}, {"id": "1a7ed155-7f35-40a7-926f-cfddcf50c3de", "url": "https://megapx-assets.dcard.tw/images/85e8e692-6315-4fbc-850b-d584ea257a9f/1280.jpeg", "normalizedUrl": "https://megapx.dcard.tw/v1/images/85e8e692-6315-4fbc-850b-d584ea257a9f", "thumbnail": "https://megapx-assets.dcard.tw/images/85e8e692-6315-4fbc-850b-d584ea257a9f/640.jpeg", "type": "image/megapx", "tags": ["ANNOTATED"], "createdAt": "2020-02-03T16:44:43.344Z", "updatedAt": "2020-02-03T16:48:14.702Z", "width": 750, "height": 1334}, {"id": "c2e65c07-66c8-4681-afb9-57c7449d2094", "url": "https://megapx-assets.dcard.tw/images/64f8105a-9ed0-4461-ac25-ca05ca6cf371/full.jpeg", "normalizedUrl": "https://megapx.dcard.tw/v1/images/64f8105a-9ed0-4461-ac25-ca05ca6cf371", "thumbnail": "https://megapx-assets.dcard.tw/images/64f8105a-9ed0-4461-ac25-ca05ca6cf371/320.jpeg", "type": "image/megapx", "tags": ["ANNOTATED"], "createdAt": "2020-02-03T16:44:43.344Z", "updatedAt": "2020-02-03T16:48:14.702Z", "width": 375, "height": 279}], "reactions": [{"id": "286f599c-f86a-4932-82f0-f5a06f1eca03", "count": 1}], "hidden": false, "customStyle": null, "isSuspiciousAccount": false, "layout": "classic", "withImages": true, "withVideos": false, "media": [{"url": "https://megapx-assets.dcard.tw/images/6799acd9-69be-4752-a02b-3590db3161fb/1280.jpeg"}, {"url": "https://megapx-assets.dcard.tw/images/85e8e692-6315-4fbc-850b-d584ea257a9f/1280.jpeg"}, {"url": "https://megapx-assets.dcard.tw/images/64f8105a-9ed0-4461-ac25-ca05ca6cf371/full.jpeg"}], "reportReasonText": "", "postAvatar": ""}, {"id": 233010643, "title": "神魔", "excerpt": "為什麼我的馬修不能潛解，好奇怪哦～", "anonymousSchool": false, "anonymousDepartment": true, "pinned": false, "forumId": "72f262c4-75aa-4d75-ab0e-cd7bd09e69b5", "replyId": null, "createdAt": "2020-02-03T16:00:36.191Z", "updatedAt": "2020-02-03T16:01:51.502Z", "commentCount": 1, "likeCount": 1, "withNickname": false, "tags": [], "topics": ["神魔", "手遊"], "meta": {"layout": "classic"}, "forumName": "遊戲", "forumAlias": "game", "gender": "M", "school": "中臺科技大學", "replyTitle": null, "mediaMeta": [{"id": "3a4a0409-39d7-4b34-9a13-706e1f6b86d0", "url": "https://i.imgur.com/bNFvjW3l.jpg", "normalizedUrl": "https://i.imgur.com/bNFvjW3l.jpg", "thumbnail": "https://i.imgur.com/bNFvjW3l.jpg", "type": "image/thumbnail", "tags": ["ANNOTATED"], "createdAt": "2020-02-03T16:01:51.502Z", "updatedAt": "2020-02-03T16:01:51.502Z"}, {"id": "3a4a0409-39d7-4b34-9a13-706e1f6b86d0", "url": "https://i.imgur.com/bNFvjW3.jpg", "normalizedUrl": "https://imgur.com/bNFvjW3", "thumbnail": "https://i.imgur.com/bNFvjW3l.jpg", "type": "image/imgur", "tags": ["ANNOTATED"], "createdAt": "2020-02-03T16:01:51.502Z", "updatedAt": "2020-02-03T16:01:51.502Z"}], "reactions": [{"id": "286f599c-f86a-4932-82f0-f5a06f1eca03", "count": 1}], "hidden": false, "customStyle": null, "isSuspiciousAccount": false, "layout": "classic", "withImages": true, "withVideos": false, "media": [{"url": "https://i.imgur.com/bNFvjW3.jpg"}], "reportReasonText": "", "postAvatar": ""}, {"id": 233010378, "title": "古劍奇譚網路版序號求分享輸入！", "excerpt": "輸入序號就可以獲得贈送的免費遊戲時間唷！最多可以獲得1000分鐘哦！，只剩兩組沒人用過拜託大家幫忙，GJFDUINIAH-UFZQ，GJFDUINIAH-VUSK", "anonymousSchool": false, "anonymousDepartment": true, "pinned": false, "forumId": "72f262c4-75aa-4d75-ab0e-cd7bd09e69b5", "replyId": null, "createdAt": "2020-02-03T15:30:41.185Z", "updatedAt": "2020-02-03T15:30:41.185Z", "commentCount": 1, "likeCount": 1, "withNickname": false, "tags": [], "topics": ["古劍奇譚", "遊戲", "遊戲序號"], "meta": {"layout": "classic"}, "forumName": "遊戲", "forumAlias": "game", "gender": "F", "school": "中國文化大學", "replyTitle": null, "mediaMeta": [], "reactions": [{"id": "286f599c-f86a-4932-82f0-f5a06f1eca03", "count": 1}], "hidden": false, "customStyle": null, "isSuspiciousAccount": false, "layout": "classic", "withImages": false, "withVideos": false, "media": [], "reportReasonText": "", "postAvatar": ""}, {"id": 233010241, "title": "第五人格", "excerpt": "有亞服的大佬可以帶我爬牌嗎，目前二階一，手機玩家，ping值一直很不穩定，導致溜鬼時好時壞，但觀念基本上都有，可開黑DC也有，從沒爬上過四階，又不想打那種很爛的路人局用勝率換，夜間玩家，假日看情況能打", "anonymousSchool": false, "anonymousDepartment": false, "pinned": false, "forumId": "72f262c4-75aa-4d75-ab0e-cd7bd09e69b5", "replyId": null, "createdAt": "2020-02-03T15:15:44.473Z", "updatedAt": "2020-02-03T15:35:12.353Z", "commentCount": 5, "likeCount": 1, "withNickname": true, "tags": [], "topics": ["第五人格", "手遊"], "meta": {"layout": "classic"}, "forumName": "遊戲", "forumAlias": "game", "gender": "F", "school": "還不知道要叫什麼", "department": "lmoteal", "replyTitle": null, "mediaMeta": [{"id": "c86a82d1-4939-41eb-b234-265bcce191ea", "url": "https://i.imgur.com/76rZwMkl.jpg", "normalizedUrl": "https://i.imgur.com/76rZwMkl.jpg", "thumbnail": "https://i.imgur.com/76rZwMkl.jpg", "type": "image/thumbnail", "tags": ["ANNOTATED"], "createdAt": "2020-02-03T15:15:44.473Z", "updatedAt": "2020-02-03T15:35:12.353Z"}, {"id": "c86a82d1-4939-41eb-b234-265bcce191ea", "url": "https://i.imgur.com/76rZwMk.jpg", "normalizedUrl": "https://imgur.com/76rZwMk", "thumbnail": "https://i.imgur.com/76rZwMkl.jpg", "type": "image/imgur", "tags": ["ANNOTATED"], "createdAt": "2020-02-03T15:15:44.473Z", "updatedAt": "2020-02-03T15:35:12.353Z"}], "reactions": [{"id": "286f599c-f86a-4932-82f0-f5a06f1eca03", "count": 1}], "hidden": false, "customStyle": null, "isSuspiciousAccount": false, "layout": "classic", "withImages": true, "withVideos": false, "media": [{"url": "https://i.imgur.com/76rZwMk.jpg"}], "reportReasonText": "", "postAvatar": ""}, {"id": 233009977, "title": "Cytus II 最近新增的capso、初音角色特價ㄌ！", "excerpt": "不知道版上玩cytusㄉ人有沒有變多～最近初音終於被我等到特價 真ㄉ超可愛，還有新開放的capso裡面居然有skin🥺，在衝動購物課金之前冷靜了下來，邊玩邊在想，這款遊戲是不是變雷亞的主力發財聚寶盆", "anonymousSchool": false, "anonymousDepartment": false, "pinned": false, "forumId": "72f262c4-75aa-4d75-ab0e-cd7bd09e69b5", "replyId": null, "createdAt": "2020-02-03T14:44:56.195Z", "updatedAt": "2020-02-03T14:44:56.195Z", "commentCount": 0, "likeCount": 1, "withNickname": true, "tags": ["HIDE_THUMBNAIL"], "topics": ["CytusII", "Cytus2", "cytus", "初音", "手遊"], "meta": {"layout": "classic"}, "forumName": "遊戲", "forumAlias": "game", "gender": "F", "school": "ob'_'ov", "department": "tu", "replyTitle": null, "mediaMeta": [], "reactions": [{"id": "286f599c-f86a-4932-82f0-f5a06f1eca03", "count": 1}], "hidden": false, "customStyle": null, "isSuspiciousAccount": false, "layout": "classic", "withImages": false, "withVideos": false, "media": [], "reportReasonText": "", "postAvatar": ""}, {"id": 233009192, "title": "#第五人格 入殮師...", "excerpt": "剛剛遇到剩最後一個機台已經壓好機了，入殮師棺材就在旁邊，不去幫遛鬼的人畫臉到底玩入殮師幹嘛，一壓好的空檔就跑去大門，幹嘛不去畫臉......，確定監管沒傳送，好好一個贏的局完成平手，觀念真的很重要..", "anonymousSchool": false, "anonymousDepartment": true, "pinned": false, "forumId": "72f262c4-75aa-4d75-ab0e-cd7bd09e69b5", "replyId": null, "createdAt": "2020-02-03T13:02:41.084Z", "updatedAt": "2020-02-03T13:02:41.084Z", "commentCount": 7, "likeCount": 1, "withNickname": false, "tags": ["HIDE_THUMBNAIL"], "topics": ["第五人格", "手遊"], "meta": {"layout": "classic"}, "forumName": "遊戲", "forumAlias": "game", "gender": "F", "school": "世新大學", "replyTitle": null, "mediaMeta": [], "reactions": [{"id": "286f599c-f86a-4932-82f0-f5a06f1eca03", "count": 1}], "hidden": false, "customStyle": null, "isSuspiciousAccount": false, "layout": "classic", "withImages": false, "withVideos": false, "media": [], "reportReasonText": "", "postAvatar": ""}, {"id": 233009108, "title": "古劍奇譚網路版序號分享求輸入", "excerpt": "安安大家，這裡分享10組序號喔~註冊後在受邀者那邊輸入序號可以得到400分鐘遊戲時間哦~~，1 GJJUCPXFFS-BCPF，2 GJJUCPXFFS-GLJO，3 GJJUCPXFFS-KNQE，", "anonymousSchool": false, "anonymousDepartment": true, "pinned": false, "forumId": "72f262c4-75aa-4d75-ab0e-cd7bd09e69b5", "replyId": null, "createdAt": "2020-02-03T12:49:39.918Z", "updatedAt": "2020-02-03T12:49:39.918Z", "commentCount": 0, "likeCount": 1, "withNickname": false, "tags": [], "topics": ["序號", "古劍奇譚"], "meta": {"layout": "classic"}, "forumName": "遊戲", "forumAlias": "game", "gender": "M", "school": "東海大學", "replyTitle": null, "mediaMeta": [], "reactions": [{"id": "286f599c-f86a-4932-82f0-f5a06f1eca03", "count": 1}], "hidden": false, "customStyle": null, "isSuspiciousAccount": false, "layout": "classic", "withImages": false, "withVideos": false, "media": [], "reportReasonText": "", "postAvatar": ""}, {"id": 233005866, "title": "求楓之谷私服113版本 練功推薦", "excerpt": "有上網查過，感覺都不太好，所以想來問問看大家各等級是各自在哪練，私服雖然經驗有3倍，但還是很慢", "anonymousSchool": false, "anonymousDepartment": true, "pinned": false, "forumId": "72f262c4-75aa-4d75-ab0e-cd7bd09e69b5", "replyId": null, "createdAt": "2020-02-03T03:29:46.550Z", "updatedAt": "2020-02-03T03:29:46.550Z", "commentCount": 3, "likeCount": 1, "withNickname": false, "tags": ["HIDE_THUMBNAIL"], "topics": ["私服", "楓之谷", "113", "版本"], "meta": {"layout": "classic"}, "forumName": "遊戲", "forumAlias": "game", "gender": "M", "school": "逢甲大學", "replyTitle": null, "mediaMeta": [], "reactions": [{"id": "286f599c-f86a-4932-82f0-f5a06f1eca03", "count": 1}], "hidden": false, "customStyle": null, "isSuspiciousAccount": false, "layout": "classic", "withImages": false, "withVideos": false, "media": [], "reportReasonText": "", "postAvatar": ""}, {"id": 233005239, "title": "fgo抽到這個", "excerpt": "看到抽卡池閃了一下，有彩色的光芒，問一下這是什麼卡，平常沒在玩的小廢材", "anonymousSchool": false, "anonymousDepartment": true, "pinned": false, "forumId": "72f262c4-75aa-4d75-ab0e-cd7bd09e69b5", "replyId": null, "createdAt": "2020-02-02T22:30:10.139Z", "updatedAt": "2020-02-02T22:30:10.139Z", "commentCount": 7, "likeCount": 1, "withNickname": false, "tags": [], "topics": ["手遊", "遊戲", "FGO"], "meta": {"layout": "classic"}, "forumName": "遊戲", "forumAlias": "game", "gender": "M", "school": "真理大學", "replyTitle": null, "mediaMeta": [{"id": "a1ae19c9-5b52-4fe8-b0a4-e6fdca192483", "url": "https://i.imgur.com/uCGv3GTl.jpg", "normalizedUrl": "https://i.imgur.com/uCGv3GTl.jpg", "thumbnail": "https://i.imgur.com/uCGv3GTl.jpg", "type": "image/thumbnail", "tags": ["ANNOTATED"], "createdAt": "2020-02-02T22:30:10.139Z", "updatedAt": "2020-02-02T22:30:10.139Z"}, {"id": "a1ae19c9-5b52-4fe8-b0a4-e6fdca192483", "url": "https://i.imgur.com/uCGv3GT.jpg", "normalizedUrl": "https://imgur.com/uCGv3GT", "thumbnail": "https://i.imgur.com/uCGv3GTl.jpg", "type": "image/imgur", "tags": ["ANNOTATED"], "createdAt": "2020-02-02T22:30:10.139Z", "updatedAt": "2020-02-02T22:30:10.139Z"}, {"id": "f27387cd-3dab-488c-8738-e2cce38665fc", "url": "https://i.imgur.com/4NHbku5.jpg", "normalizedUrl": "https://imgur.com/4NHbku5", "thumbnail": "https://i.imgur.com/4NHbku5l.jpg", "type": "image/imgur", "tags": ["ANNOTATED"], "createdAt": "2020-02-02T22:30:10.139Z", "updatedAt": "2020-02-02T22:30:10.139Z"}, {"id": "318e95c2-dbbe-40b2-b8b2-c86fd487c6ff", "url": "https://i.imgur.com/zoHy3Qx.jpg", "normalizedUrl": "https://imgur.com/zoHy3Qx", "thumbnail": "https://i.imgur.com/zoHy3Qxl.jpg", "type": "image/imgur", "tags": ["ANNOTATED"], "createdAt": "2020-02-02T22:30:10.139Z", "updatedAt": "2020-02-02T22:30:10.139Z"}, {"id": "8d547b17-04f3-4fd1-991f-79682e75d198", "url": "https://i.imgur.com/MNBpY2K.jpg", "normalizedUrl": "https://imgur.com/MNBpY2K", "thumbnail": "https://i.imgur.com/MNBpY2Kl.jpg", "type": "image/imgur", "tags": ["ANNOTATED"], "createdAt": "2020-02-02T22:30:10.139Z", "updatedAt": "2020-02-02T22:30:10.139Z"}, {"id": "f11aec7e-e93c-42bd-ae37-b5ed2e38735f", "url": "https://i.imgur.com/gRoXdde.jpg", "normalizedUrl": "https://imgur.com/gRoXdde", "thumbnail": "https://i.imgur.com/gRoXddel.jpg", "type": "image/imgur", "tags": ["ANNOTATED"], "createdAt": "2020-02-02T22:30:10.139Z", "updatedAt": "2020-02-02T22:30:10.139Z"}, {"id": "06cf4565-2c7c-4169-8241-3f7082da9a37", "url": "https://i.imgur.com/QtiL41M.jpg", "normalizedUrl": "https://imgur.com/QtiL41M", "thumbnail": "https://i.imgur.com/QtiL41Ml.jpg", "type": "image/imgur", "tags": ["ANNOTATED"], "createdAt": "2020-02-02T22:30:10.139Z", "updatedAt": "2020-02-02T22:30:10.139Z"}, {"id": "3469baf9-e59c-44b8-948f-64c11377e3ba", "url": "https://i.imgur.com/9ruVz08.jpg", "normalizedUrl": "https://imgur.com/9ruVz08", "thumbnail": "https://i.imgur.com/9ruVz08l.jpg", "type": "image/imgur", "tags": ["ANNOTATED"], "createdAt": "2020-02-02T22:30:10.139Z", "updatedAt": "2020-02-02T22:30:10.139Z"}], "reactions": [{"id": "286f599c-f86a-4932-82f0-f5a06f1eca03", "count": 1}], "hidden": false, "customStyle": null, "isSuspiciousAccount": false, "layout": "classic", "withImages": true, "withVideos": false, "media": [{"url": "https://i.imgur.com/uCGv3GT.jpg"}, {"url": "https://i.imgur.com/4NHbku5.jpg"}, {"url": "https://i.imgur.com/zoHy3Qx.jpg"}, {"url": "https://i.imgur.com/MNBpY2K.jpg"}, {"url": "https://i.imgur.com/gRoXdde.jpg"}, {"url": "https://i.imgur.com/QtiL41M.jpg"}, {"url": "https://i.imgur.com/9ruVz08.jpg"}], "reportReasonText": "", "postAvatar": ""}, {"id": 233004417, "title": "Call of duty 決勝時刻M 虛寶分享", "excerpt": "沒在玩 但莫名get到虛寶序號，希望領走的人能說一聲~，以免重複認領~", "anonymousSchool": false, "anonymousDepartment": true, "pinned": false, "forumId": "72f262c4-75aa-4d75-ab0e-cd7bd09e69b5", "replyId": null, "createdAt": "2020-02-02T17:14:34.346Z", "updatedAt": "2020-02-02T17:14:34.346Z", "commentCount": 1, "likeCount": 1, "withNickname": false, "tags": [], "topics": ["序號"], "meta": {"layout": "classic"}, "forumName": "遊戲", "forumAlias": "game", "gender": "F", "school": "國立嘉義大學", "replyTitle": null, "mediaMeta": [{"id": "3298da6c-0d71-4aca-898d-855a2945be6f", "url": "https://i.imgur.com/yIl5ArXl.jpg", "normalizedUrl": "https://i.imgur.com/yIl5ArXl.jpg", "thumbnail": "https://i.imgur.com/yIl5ArXl.jpg", "type": "image/thumbnail", "tags": ["ANNOTATED"], "createdAt": "2020-02-02T17:14:34.346Z", "updatedAt": "2020-02-02T17:14:34.346Z"}, {"id": "3298da6c-0d71-4aca-898d-855a2945be6f", "url": "https://i.imgur.com/yIl5ArX.jpg", "normalizedUrl": "https://imgur.com/yIl5ArX", "thumbnail": "https://i.imgur.com/yIl5ArXl.jpg", "type": "image/imgur", "tags": ["ANNOTATED"], "createdAt": "2020-02-02T17:14:34.346Z", "updatedAt": "2020-02-02T17:14:34.346Z"}], "reactions": [{"id": "286f599c-f86a-4932-82f0-f5a06f1eca03", "count": 1}], "hidden": false, "customStyle": null, "isSuspiciousAccount": false, "layout": "classic", "withImages": true, "withVideos": false, "media": [{"url": "https://i.imgur.com/yIl5ArX.jpg"}], "reportReasonText": "", "postAvatar": ""}, {"id": 233012587, "title": "劍三解壓縮", "excerpt": "我去爬文好像壓縮檔只要解1的壓縮就好？但是我解完後只有這樣……_（：з」∠）_是什麼情況，求救救電腦白痴，快瘋ㄌ", "anonymousSchool": false, "anonymousDepartment": true, "pinned": false, "forumId": "72f262c4-75aa-4d75-ab0e-cd7bd09e69b5", "replyId": null, "createdAt": "2020-02-04T02:56:41.442Z", "updatedAt": "2020-02-04T02:56:41.442Z", "commentCount": 0, "likeCount": 0, "withNickname": false, "tags": [], "topics": ["劍三"], "meta": {"layout": "classic"}, "forumName": "遊戲", "forumAlias": "game", "gender": "F", "school": "長榮大學", "replyTitle": null, "mediaMeta": [{"id": "b36bb28b-3a67-4de4-85b2-6921e06ba683", "url": "https://i.imgur.com/CbbvZMql.jpg", "normalizedUrl": "https://i.imgur.com/CbbvZMql.jpg", "thumbnail": "https://i.imgur.com/CbbvZMql.jpg", "type": "image/thumbnail", "tags": ["ANNOTATED"], "createdAt": "2020-02-04T02:56:41.442Z", "updatedAt": "2020-02-04T02:56:41.442Z"}, {"id": "b36bb28b-3a67-4de4-85b2-6921e06ba683", "url": "https://i.imgur.com/CbbvZMq.jpg", "normalizedUrl": "https://imgur.com/CbbvZMq", "thumbnail": "https://i.imgur.com/CbbvZMql.jpg", "type": "image/imgur", "tags": ["ANNOTATED"], "createdAt": "2020-02-04T02:56:41.442Z", "updatedAt": "2020-02-04T02:56:41.442Z"}], "reactions": [], "hidden": false, "customStyle": null, "isSuspiciousAccount": false, "layout": "classic", "withImages": true, "withVideos": false, "media": [{"url": "https://i.imgur.com/CbbvZMq.jpg"}], "reportReasonText": "", "postAvatar": ""}, {"id": 233012491, "title": "garena帳號出售", "excerpt": "有人有經驗嗎，包含更改個資之類的", "anonymousSchool": false, "anonymousDepartment": true, "pinned": false, "forumId": "72f262c4-75aa-4d75-ab0e-cd7bd09e69b5", "replyId": null, "createdAt": "2020-02-04T02:34:26.792Z", "updatedAt": "2020-02-04T02:34:26.792Z", "commentCount": 0, "likeCount": 0, "withNickname": false, "tags": [], "topics": ["帳號", "遊戲", "LOL", "英雄聯盟"], "meta": {"layout": "classic"}, "forumName": "遊戲", "forumAlias": "game", "gender": "M", "school": "輔仁大學", "replyTitle": null, "mediaMeta": [], "reactions": [], "hidden": false, "customStyle": null, "isSuspiciousAccount": false, "layout": "classic", "withImages": false, "withVideos": false, "media": [], "reportReasonText": "", "postAvatar": ""}, {"id": 233011425, "title": "楓之谷M 求公會", "excerpt": "亞一 克羅亞 求輕鬆聊天公會++ 最好有賴群之類的", "anonymousSchool": false, "anonymousDepartment": true, "pinned": false, "forumId": "72f262c4-75aa-4d75-ab0e-cd7bd09e69b5", "replyId": null, "createdAt": "2020-02-03T17:41:28.513Z", "updatedAt": "2020-02-03T17:41:28.513Z", "commentCount": 0, "likeCount": 0, "withNickname": false, "tags": ["HIDE_THUMBNAIL"], "topics": ["楓之谷M"], "meta": {"layout": "classic"}, "forumName": "遊戲", "forumAlias": "game", "gender": "M", "school": "國立中正大學", "replyTitle": null, "mediaMeta": [], "reactions": [], "hidden": false, "customStyle": null, "isSuspiciousAccount": false, "layout": "classic", "withImages": false, "withVideos": false, "media": [], "reportReasonText": "", "postAvatar": ""}, {"id": 233010974, "title": "傳說對決奧義", "excerpt": "那個⋯問個弱弱的問題⋯⋯，奧義要怎麼買啊？？？沒有一級奧義是要怎麼升到三級咧？", "anonymousSchool": false, "anonymousDepartment": true, "pinned": false, "forumId": "72f262c4-75aa-4d75-ab0e-cd7bd09e69b5", "replyId": null, "createdAt": "2020-02-03T16:39:12.842Z", "updatedAt": "2020-02-03T16:39:12.842Z", "commentCount": 6, "likeCount": 0, "withNickname": false, "tags": ["HIDE_THUMBNAIL"], "topics": ["傳說對決"], "meta": {"layout": "classic"}, "forumName": "遊戲", "forumAlias": "game", "gender": "F", "school": "長榮大學", "replyTitle": null, "mediaMeta": [], "reactions": [], "hidden": false, "customStyle": null, "isSuspiciousAccount": false, "layout": "classic", "withImages": false, "withVideos": false, "media": [], "reportReasonText": "", "postAvatar": ""}]