[{"id": 233006211, "title": "男生不打扮的理由", "excerpt": "男生都很愛說，打扮有什麼用，重點還不是在顏值，阿我就不懂，打扮不只是穿搭欸，還有髮型、保養，甚至可以嘗試簡單的化妝阿，很多漂亮的女生不也是打扮來的嗎，到底有幾個人是真的素顏、亂穿衣服還很美，不愛打扮的", "anonymousSchool": true, "anonymousDepartment": true, "pinned": false, "forumId": "f72e3b1d-3c9a-4fec-8a61-41c76cc317af", "replyId": null, "createdAt": "2020-02-03T04:55:33.796Z", "updatedAt": "2020-02-03T07:57:31.114Z", "commentCount": 11, "likeCount": 440, "withNickname": false, "tags": ["HIDE_THUMBNAIL"], "topics": [], "meta": {"layout": "classic"}, "forumName": "女孩", "forumAlias": "girl", "gender": "F", "replyTitle": null, "mediaMeta": [], "reactions": [{"id": "286f599c-f86a-4932-82f0-f5a06f1eca03", "count": 427}, {"id": "aa0d425f-d530-4478-9a77-fe3aedc79eea", "count": 7}, {"id": "e8e6bc5d-41b0-4129-b134-97507523d7ff", "count": 5}, {"id": "514c2569-fd53-4d9d-a415-bf0f88e7329f", "count": 1}], "hidden": false, "customStyle": null, "isSuspiciousAccount": false, "layout": "classic", "withImages": false, "withVideos": false, "media": [], "reportReasonText": "", "postAvatar": ""}, {"id": 233009193, "title": "剪一個回不去了👶🏻", "excerpt": "因為從小自然捲爆炸嚴重，大概是這樣（小六，因為這個頭每年都要燙，燙完大概是這樣（高三，然後後來真的受不了，然後就，Do Ra Mi Fa So，變成這樣（剪加燙，剪完後去吃火鍋，店員：請問先生要什麼，", "anonymousSchool": true, "anonymousDepartment": true, "pinned": false, "forumId": "f72e3b1d-3c9a-4fec-8a61-41c76cc317af", "replyId": null, "createdAt": "2020-02-03T13:02:48.368Z", "updatedAt": "2020-02-03T16:49:55.147Z", "commentCount": 6, "likeCount": 329, "withNickname": false, "tags": [], "topics": ["髮型", "男生頭"], "meta": {"layout": "classic"}, "forumName": "女孩", "forumAlias": "girl", "gender": "F", "replyTitle": null, "mediaMeta": [{"id": "a6fb4ea1-ee4a-429f-8954-17e2f9bd4603", "url": "https://megapx-assets.dcard.tw/images/b88e95df-8d7f-43ae-a0a2-98b0c0eac303/640.jpeg", "normalizedUrl": "https://megapx-assets.dcard.tw/images/b88e95df-8d7f-43ae-a0a2-98b0c0eac303/640.jpeg", "thumbnail": "https://megapx-assets.dcard.tw/images/b88e95df-8d7f-43ae-a0a2-98b0c0eac303/640.jpeg", "type": "image/thumbnail", "tags": ["ANNOTATED"], "createdAt": "2020-02-03T13:02:48.368Z", "updatedAt": "2020-02-03T16:49:55.147Z", "width": 480, "height": 640}, {"id": "a6fb4ea1-ee4a-429f-8954-17e2f9bd4603", "url": "https://megapx-assets.dcard.tw/images/b88e95df-8d7f-43ae-a0a2-98b0c0eac303/1280.jpeg", "normalizedUrl": "https://megapx.dcard.tw/v1/images/b88e95df-8d7f-43ae-a0a2-98b0c0eac303", "thumbnail": "https://megapx-assets.dcard.tw/images/b88e95df-8d7f-43ae-a0a2-98b0c0eac303/640.jpeg", "type": "image/megapx", "tags": ["ANNOTATED"], "createdAt": "2020-02-03T13:02:48.368Z", "updatedAt": "2020-02-03T16:49:55.147Z", "width": 1500, "height": 2000}, {"id": "31d921dc-3dcf-4f69-a2ba-92b1f110b730", "url": "https://megapx-assets.dcard.tw/images/1c219a6a-8cc3-46ec-a2a1-6ed95061bff9/full.jpeg", "normalizedUrl": "https://megapx.dcard.tw/v1/images/1c219a6a-8cc3-46ec-a2a1-6ed95061bff9", "thumbnail": "https://megapx-assets.dcard.tw/images/1c219a6a-8cc3-46ec-a2a1-6ed95061bff9/640.jpeg", "type": "image/megapx", "tags": ["ANNOTATED"], "createdAt": "2020-02-03T13:02:48.368Z", "updatedAt": "2020-02-03T16:49:55.147Z", "width": 1108, "height": 1108}, {"id": "f4f85b88-24c5-4e06-83a9-15cd82e2dbdf", "url": "https://megapx-assets.dcard.tw/images/c8900fc1-ed1f-407d-afac-965dc417584f/1280.jpeg", "normalizedUrl": "https://megapx.dcard.tw/v1/images/c8900fc1-ed1f-407d-afac-965dc417584f", "thumbnail": "https://megapx-assets.dcard.tw/images/c8900fc1-ed1f-407d-afac-965dc417584f/640.jpeg", "type": "image/megapx", "tags": ["ANNOTATED"], "createdAt": "2020-02-03T13:02:48.368Z", "updatedAt": "2020-02-03T16:49:55.147Z", "width": 1500, "height": 2000}, {"id": "d8f34ee7-492b-4890-9eca-9f923fea6677", "url": "https://megapx-assets.dcard.tw/images/ef78ab86-4e32-4fc5-b612-05ecbf807eaa/1280.jpeg", "normalizedUrl": "https://megapx.dcard.tw/v1/images/ef78ab86-4e32-4fc5-b612-05ecbf807eaa", "thumbnail": "https://megapx-assets.dcard.tw/images/ef78ab86-4e32-4fc5-b612-05ecbf807eaa/640.jpeg", "type": "image/megapx", "tags": ["ANNOTATED"], "createdAt": "2020-02-03T13:02:48.368Z", "updatedAt": "2020-02-03T16:49:55.147Z", "width": 1108, "height": 1478}, {"id": "63ad3151-a353-4676-8261-16db92901f74", "url": "https://megapx-assets.dcard.tw/images/0d82802c-3c13-4a87-bf69-20c62df69ab0/1280.jpeg", "normalizedUrl": "https://megapx.dcard.tw/v1/images/0d82802c-3c13-4a87-bf69-20c62df69ab0", "thumbnail": "https://megapx-assets.dcard.tw/images/0d82802c-3c13-4a87-bf69-20c62df69ab0/640.jpeg", "type": "image/megapx", "tags": ["ANNOTATED"], "createdAt": "2020-02-03T16:49:55.147Z", "updatedAt": "2020-02-03T16:49:55.147Z", "width": 1476, "height": 1110}, {"id": "aadd586e-2f53-4441-940d-d9e6f5e13fcc", "url": "https://megapx-assets.dcard.tw/images/4b4e8b6f-9015-41bc-b95a-8dfa37784f4d/1280.jpeg", "normalizedUrl": "https://megapx.dcard.tw/v1/images/4b4e8b6f-9015-41bc-b95a-8dfa37784f4d", "thumbnail": "https://megapx-assets.dcard.tw/images/4b4e8b6f-9015-41bc-b95a-8dfa37784f4d/640.jpeg", "type": "image/megapx", "tags": ["ANNOTATED"], "createdAt": "2020-02-03T13:02:48.368Z", "updatedAt": "2020-02-03T16:49:55.147Z", "width": 1500, "height": 2000}, {"id": "2cee96bd-0697-489d-9323-481d0fbefe1c", "url": "https://megapx-assets.dcard.tw/images/3328d128-3f09-49b1-89a9-eff158be058c/1280.jpeg", "normalizedUrl": "https://megapx.dcard.tw/v1/images/3328d128-3f09-49b1-89a9-eff158be058c", "thumbnail": "https://megapx-assets.dcard.tw/images/3328d128-3f09-49b1-89a9-eff158be058c/640.jpeg", "type": "image/megapx", "tags": ["ANNOTATED"], "createdAt": "2020-02-03T13:02:48.368Z", "updatedAt": "2020-02-03T16:49:55.147Z", "width": 1500, "height": 2000}], "reactions": [{"id": "286f599c-f86a-4932-82f0-f5a06f1eca03", "count": 324}, {"id": "4b018f48-e184-445f-adf1-fc8e04ba09b9", "count": 2}, {"id": "e8e6bc5d-41b0-4129-b134-97507523d7ff", "count": 2}, {"id": "aa0d425f-d530-4478-9a77-fe3aedc79eea", "count": 1}], "hidden": false, "customStyle": null, "isSuspiciousAccount": false, "layout": "classic", "withImages": true, "withVideos": false, "media": [{"url": "https://megapx-assets.dcard.tw/images/b88e95df-8d7f-43ae-a0a2-98b0c0eac303/1280.jpeg"}, {"url": "https://megapx-assets.dcard.tw/images/1c219a6a-8cc3-46ec-a2a1-6ed95061bff9/full.jpeg"}, {"url": "https://megapx-assets.dcard.tw/images/c8900fc1-ed1f-407d-afac-965dc417584f/1280.jpeg"}, {"url": "https://megapx-assets.dcard.tw/images/ef78ab86-4e32-4fc5-b612-05ecbf807eaa/1280.jpeg"}, {"url": "https://megapx-assets.dcard.tw/images/0d82802c-3c13-4a87-bf69-20c62df69ab0/1280.jpeg"}, {"url": "https://megapx-assets.dcard.tw/images/4b4e8b6f-9015-41bc-b95a-8dfa37784f4d/1280.jpeg"}, {"url": "https://megapx-assets.dcard.tw/images/3328d128-3f09-49b1-89a9-eff158be058c/1280.jpeg"}], "reportReasonText": "", "postAvatar": ""}, {"id": 233003993, "title": "第一次被愛撫", "excerpt": "前幾天跟男友睡前親了一下（之前睡著都會親一下）結果男友突然壓在我上面開始舌吻 用手插入我下面 問我可不可以放進去他會戴套（但最後沒有放進來）過程中我覺得自己好骯髒卻又覺得好舒服 但我隔天就不敢跟他睡了", "anonymousSchool": true, "anonymousDepartment": true, "pinned": false, "forumId": "f72e3b1d-3c9a-4fec-8a61-41c76cc317af", "replyId": null, "createdAt": "2020-02-02T16:15:03.428Z", "updatedAt": "2020-02-02T16:15:03.428Z", "commentCount": 8, "likeCount": 196, "withNickname": false, "tags": [], "topics": ["第一次", "愛撫"], "meta": {"layout": "classic"}, "forumName": "女孩", "forumAlias": "girl", "gender": "F", "replyTitle": null, "mediaMeta": [], "reactions": [{"id": "286f599c-f86a-4932-82f0-f5a06f1eca03", "count": 192}, {"id": "4b018f48-e184-445f-adf1-fc8e04ba09b9", "count": 4}], "hidden": false, "customStyle": null, "isSuspiciousAccount": false, "layout": "classic", "withImages": false, "withVideos": false, "media": [], "reportReasonText": "", "postAvatar": ""}, {"id": 233009722, "title": "「打卡清單」妳還徘徊在2019嗎？", "excerpt": "嗨！大家過的好嗎？Dcard 上有好多令人難過與不捨的分手文……，這不是重點！咦？幾天前，我在youtoube 測了一個塔羅牌占卜，塔羅帶給我的指引是「改變與閃耀」透過改變而閃耀帶給他人溫暖、寧靜。轉", "anonymousSchool": true, "anonymousDepartment": true, "pinned": false, "forumId": "f72e3b1d-3c9a-4fec-8a61-41c76cc317af", "replyId": null, "createdAt": "2020-02-03T14:11:18.942Z", "updatedAt": "2020-02-03T15:30:39.616Z", "commentCount": 5, "likeCount": 175, "withNickname": false, "tags": [], "topics": ["女孩", "生活習慣", "愛自己"], "meta": {"layout": "classic"}, "forumName": "女孩", "forumAlias": "girl", "gender": "F", "replyTitle": null, "mediaMeta": [{"id": "861bb1c8-40f5-4448-8e8c-718202a10355", "url": "https://i.imgur.com/bzFvsdwl.jpg", "normalizedUrl": "https://i.imgur.com/bzFvsdwl.jpg", "thumbnail": "https://i.imgur.com/bzFvsdwl.jpg", "type": "image/thumbnail", "tags": ["ANNOTATED"], "createdAt": "2020-02-03T14:11:18.942Z", "updatedAt": "2020-02-03T15:30:39.616Z"}, {"id": "861bb1c8-40f5-4448-8e8c-718202a10355", "url": "https://i.imgur.com/bzFvsdw.jpg", "normalizedUrl": "https://imgur.com/bzFvsdw", "thumbnail": "https://i.imgur.com/bzFvsdwl.jpg", "type": "image/imgur", "tags": ["ANNOTATED"], "createdAt": "2020-02-03T14:11:18.942Z", "updatedAt": "2020-02-03T15:30:39.616Z"}], "reactions": [{"id": "286f599c-f86a-4932-82f0-f5a06f1eca03", "count": 175}], "hidden": false, "customStyle": null, "isSuspiciousAccount": false, "layout": "classic", "withImages": true, "withVideos": false, "media": [{"url": "https://i.imgur.com/bzFvsdw.jpg"}], "reportReasonText": "", "postAvatar": ""}, {"id": 233005909, "title": "What’s in my bag", "excerpt": "買了新包包新皮夾，就是要再發一篇What’s in my bag呀️️，包包本體是 Rebecca minkoff，黑金真的很美，而且小包裡面能放的超級多，觸感也超好摸️，長度可以調整，鏈子本身是有重", "anonymousSchool": true, "anonymousDepartment": true, "pinned": false, "forumId": "f72e3b1d-3c9a-4fec-8a61-41c76cc317af", "replyId": null, "createdAt": "2020-02-03T03:44:36.635Z", "updatedAt": "2020-02-03T03:52:09.494Z", "commentCount": 11, "likeCount": 85, "withNickname": false, "tags": [], "topics": ["女孩", "包包", "WhatsInMyBag"], "meta": {"layout": "classic"}, "forumName": "女孩", "forumAlias": "girl", "gender": "F", "replyTitle": null, "mediaMeta": [{"id": "56c0b61e-a9f1-47fa-ab61-584abcb7dacb", "url": "https://megapx-assets.dcard.tw/images/c174ad9a-5fa7-419c-b6b6-b0cc18b32010/640.jpeg", "normalizedUrl": "https://megapx-assets.dcard.tw/images/c174ad9a-5fa7-419c-b6b6-b0cc18b32010/640.jpeg", "thumbnail": "https://megapx-assets.dcard.tw/images/c174ad9a-5fa7-419c-b6b6-b0cc18b32010/640.jpeg", "type": "image/thumbnail", "tags": ["ANNOTATED"], "createdAt": "2020-02-03T03:44:36.635Z", "updatedAt": "2020-02-03T03:52:09.494Z", "width": 480, "height": 640}, {"id": "56c0b61e-a9f1-47fa-ab61-584abcb7dacb", "url": "https://megapx-assets.dcard.tw/images/c174ad9a-5fa7-419c-b6b6-b0cc18b32010/1280.jpeg", "normalizedUrl": "https://megapx.dcard.tw/v1/images/c174ad9a-5fa7-419c-b6b6-b0cc18b32010", "thumbnail": "https://megapx-assets.dcard.tw/images/c174ad9a-5fa7-419c-b6b6-b0cc18b32010/640.jpeg", "type": "image/megapx", "tags": ["ANNOTATED"], "createdAt": "2020-02-03T03:44:36.635Z", "updatedAt": "2020-02-03T03:52:09.494Z", "width": 1500, "height": 2000}, {"id": "1ba0f723-526e-49d6-9bfc-d7acbab27bd8", "url": "https://megapx-assets.dcard.tw/images/7d30f3fe-def1-47b8-b3a0-ca78083100bc/1280.jpeg", "normalizedUrl": "https://megapx.dcard.tw/v1/images/7d30f3fe-def1-47b8-b3a0-ca78083100bc", "thumbnail": "https://megapx-assets.dcard.tw/images/7d30f3fe-def1-47b8-b3a0-ca78083100bc/640.jpeg", "type": "image/megapx", "tags": ["ANNOTATED"], "createdAt": "2020-02-03T03:44:36.635Z", "updatedAt": "2020-02-03T03:52:09.494Z", "width": 2000, "height": 1500}, {"id": "f0eaeb83-2840-485d-b843-c6dfc383e823", "url": "https://megapx-assets.dcard.tw/images/cd479920-32e3-4518-a9cb-5be94045a0fa/1280.jpeg", "normalizedUrl": "https://megapx.dcard.tw/v1/images/cd479920-32e3-4518-a9cb-5be94045a0fa", "thumbnail": "https://megapx-assets.dcard.tw/images/cd479920-32e3-4518-a9cb-5be94045a0fa/640.jpeg", "type": "image/megapx", "tags": ["ANNOTATED"], "createdAt": "2020-02-03T03:44:36.635Z", "updatedAt": "2020-02-03T03:52:09.494Z", "width": 1500, "height": 2000}, {"id": "0f83c974-82cf-494c-b600-39116e3d988a", "url": "https://megapx-assets.dcard.tw/images/67d6cf3e-e46d-4966-aac6-48fdfa152e13/1280.jpeg", "normalizedUrl": "https://megapx.dcard.tw/v1/images/67d6cf3e-e46d-4966-aac6-48fdfa152e13", "thumbnail": "https://megapx-assets.dcard.tw/images/67d6cf3e-e46d-4966-aac6-48fdfa152e13/640.jpeg", "type": "image/megapx", "tags": ["ANNOTATED"], "createdAt": "2020-02-03T03:44:36.635Z", "updatedAt": "2020-02-03T03:52:09.494Z", "width": 1500, "height": 2000}, {"id": "ffd2cdfd-1065-4f0b-838e-e2c1046b831a", "url": "https://megapx-assets.dcard.tw/images/5fc22520-d2e4-41b2-b430-eac152b5dc8d/1280.jpeg", "normalizedUrl": "https://megapx.dcard.tw/v1/images/5fc22520-d2e4-41b2-b430-eac152b5dc8d", "thumbnail": "https://megapx-assets.dcard.tw/images/5fc22520-d2e4-41b2-b430-eac152b5dc8d/640.jpeg", "type": "image/megapx", "tags": ["ANNOTATED"], "createdAt": "2020-02-03T03:44:36.635Z", "updatedAt": "2020-02-03T03:52:09.494Z", "width": 1500, "height": 2000}, {"id": "3788affa-8706-40f3-9901-b2297590ced9", "url": "https://megapx-assets.dcard.tw/images/7f0daa2a-e6bd-44d9-9ed4-30dacbfd88b8/1280.jpeg", "normalizedUrl": "https://megapx.dcard.tw/v1/images/7f0daa2a-e6bd-44d9-9ed4-30dacbfd88b8", "thumbnail": "https://megapx-assets.dcard.tw/images/7f0daa2a-e6bd-44d9-9ed4-30dacbfd88b8/640.jpeg", "type": "image/megapx", "tags": [], "createdAt": "2020-02-03T03:52:09.494Z", "updatedAt": "2020-02-03T03:52:09.494Z", "width": 1500, "height": 2000}, {"id": "95b9bcd4-db25-4240-beb3-fc92089b2eea", "url": "https://megapx-assets.dcard.tw/images/61e12c2b-6bd5-46e4-a014-83d086a46a7f/1280.jpeg", "normalizedUrl": "https://megapx.dcard.tw/v1/images/61e12c2b-6bd5-46e4-a014-83d086a46a7f", "thumbnail": "https://megapx-assets.dcard.tw/images/61e12c2b-6bd5-46e4-a014-83d086a46a7f/640.jpeg", "type": "image/megapx", "tags": ["ANNOTATED"], "createdAt": "2020-02-03T03:44:36.635Z", "updatedAt": "2020-02-03T03:52:09.494Z", "width": 1500, "height": 2000}, {"id": "cc79cabd-e50c-4dd1-94ef-c788ba6a9c62", "url": "https://megapx-assets.dcard.tw/images/dba57cd3-1551-4de9-a7c9-7586a829d22a/1280.jpeg", "normalizedUrl": "https://megapx.dcard.tw/v1/images/dba57cd3-1551-4de9-a7c9-7586a829d22a", "thumbnail": "https://megapx-assets.dcard.tw/images/dba57cd3-1551-4de9-a7c9-7586a829d22a/640.jpeg", "type": "image/megapx", "tags": ["ANNOTATED"], "createdAt": "2020-02-03T03:44:36.635Z", "updatedAt": "2020-02-03T03:52:09.494Z", "width": 1500, "height": 2000}, {"id": "165982ff-68f3-4e8c-95bd-09182cb6f900", "url": "https://megapx-assets.dcard.tw/images/2e4257f4-e6b2-46f7-a4d0-97332a64e342/1280.jpeg", "normalizedUrl": "https://megapx.dcard.tw/v1/images/2e4257f4-e6b2-46f7-a4d0-97332a64e342", "thumbnail": "https://megapx-assets.dcard.tw/images/2e4257f4-e6b2-46f7-a4d0-97332a64e342/640.jpeg", "type": "image/megapx", "tags": ["ANNOTATED"], "createdAt": "2020-02-03T03:44:36.635Z", "updatedAt": "2020-02-03T03:52:09.494Z", "width": 1500, "height": 2000}, {"id": "f040ba41-51e3-43ed-88b4-3940c62eab0e", "url": "https://megapx-assets.dcard.tw/images/52319022-6f14-480f-8991-75b83eaa0a3c/1280.jpeg", "normalizedUrl": "https://megapx.dcard.tw/v1/images/52319022-6f14-480f-8991-75b83eaa0a3c", "thumbnail": "https://megapx-assets.dcard.tw/images/52319022-6f14-480f-8991-75b83eaa0a3c/640.jpeg", "type": "image/megapx", "tags": ["ANNOTATED"], "createdAt": "2020-02-03T03:44:36.635Z", "updatedAt": "2020-02-03T03:52:09.494Z", "width": 1500, "height": 2000}, {"id": "e03dcde3-a9f7-4c55-b64a-e3a8c32f01d7", "url": "https://megapx-assets.dcard.tw/images/421fca43-fdac-406f-a8bf-7118fe56095e/1280.jpeg", "normalizedUrl": "https://megapx.dcard.tw/v1/images/421fca43-fdac-406f-a8bf-7118fe56095e", "thumbnail": "https://megapx-assets.dcard.tw/images/421fca43-fdac-406f-a8bf-7118fe56095e/640.jpeg", "type": "image/megapx", "tags": ["ANNOTATED"], "createdAt": "2020-02-03T03:44:36.635Z", "updatedAt": "2020-02-03T03:52:09.494Z", "width": 1500, "height": 2000}, {"id": "9ff5492d-3dac-4cba-b976-0011057f6023", "url": "https://megapx-assets.dcard.tw/images/fda49def-e377-4787-8745-9b68110f514b/1280.jpeg", "normalizedUrl": "https://megapx.dcard.tw/v1/images/fda49def-e377-4787-8745-9b68110f514b", "thumbnail": "https://megapx-assets.dcard.tw/images/fda49def-e377-4787-8745-9b68110f514b/640.jpeg", "type": "image/megapx", "tags": ["ANNOTATED"], "createdAt": "2020-02-03T03:44:36.635Z", "updatedAt": "2020-02-03T03:52:09.494Z", "width": 1500, "height": 2000}], "reactions": [{"id": "286f599c-f86a-4932-82f0-f5a06f1eca03", "count": 85}], "hidden": false, "customStyle": null, "isSuspiciousAccount": false, "layout": "classic", "withImages": true, "withVideos": false, "media": [{"url": "https://megapx-assets.dcard.tw/images/c174ad9a-5fa7-419c-b6b6-b0cc18b32010/1280.jpeg"}, {"url": "https://megapx-assets.dcard.tw/images/7d30f3fe-def1-47b8-b3a0-ca78083100bc/1280.jpeg"}, {"url": "https://megapx-assets.dcard.tw/images/cd479920-32e3-4518-a9cb-5be94045a0fa/1280.jpeg"}, {"url": "https://megapx-assets.dcard.tw/images/67d6cf3e-e46d-4966-aac6-48fdfa152e13/1280.jpeg"}, {"url": "https://megapx-assets.dcard.tw/images/5fc22520-d2e4-41b2-b430-eac152b5dc8d/1280.jpeg"}, {"url": "https://megapx-assets.dcard.tw/images/7f0daa2a-e6bd-44d9-9ed4-30dacbfd88b8/1280.jpeg"}, {"url": "https://megapx-assets.dcard.tw/images/61e12c2b-6bd5-46e4-a014-83d086a46a7f/1280.jpeg"}, {"url": "https://megapx-assets.dcard.tw/images/dba57cd3-1551-4de9-a7c9-7586a829d22a/1280.jpeg"}, {"url": "https://megapx-assets.dcard.tw/images/2e4257f4-e6b2-46f7-a4d0-97332a64e342/1280.jpeg"}, {"url": "https://megapx-assets.dcard.tw/images/52319022-6f14-480f-8991-75b83eaa0a3c/1280.jpeg"}, {"url": "https://megapx-assets.dcard.tw/images/421fca43-fdac-406f-a8bf-7118fe56095e/1280.jpeg"}, {"url": "https://megapx-assets.dcard.tw/images/fda49def-e377-4787-8745-9b68110f514b/1280.jpeg"}], "reportReasonText": "", "postAvatar": ""}, {"id": 233004216, "title": "生日預算太低嗎", "excerpt": "現任家境很好 東西都用名牌，剛剛電話有講到生日禮物的預算 我跟他說不能送太珍貴的，我會很有壓力，他說他想送的預算在5000-6000，我的預算在3000左右，他說太低⋯，可是平時因為科系的問題 每天都", "anonymousSchool": true, "anonymousDepartment": true, "pinned": false, "forumId": "f72e3b1d-3c9a-4fec-8a61-41c76cc317af", "replyId": null, "createdAt": "2020-02-02T16:45:25.979Z", "updatedAt": "2020-02-02T16:45:25.979Z", "commentCount": 44, "likeCount": 84, "withNickname": false, "tags": ["HIDE_THUMBNAIL"], "topics": ["生日", "預算", "心事", "男友"], "meta": {"layout": "classic"}, "forumName": "女孩", "forumAlias": "girl", "gender": "F", "replyTitle": null, "mediaMeta": [], "reactions": [{"id": "286f599c-f86a-4932-82f0-f5a06f1eca03", "count": 79}, {"id": "4b018f48-e184-445f-adf1-fc8e04ba09b9", "count": 5}], "hidden": false, "customStyle": null, "isSuspiciousAccount": false, "layout": "classic", "withImages": false, "withVideos": false, "media": [], "reportReasonText": "", "postAvatar": ""}, {"id": 233008426, "title": "你還記得嗎？2003年的和平醫院事件…", "excerpt": "2019年末，中國武漢爆發新型冠狀病毒的大規模疫情。12/31武漢市首次露出官方資訊、隔年1/6世界衛生組織收到通知。1/21台灣首例確診。1/23武漢與鄰近都市宣布封城，大眾運輸全面無限期停駛，城內", "anonymousSchool": true, "anonymousDepartment": true, "pinned": false, "forumId": "f72e3b1d-3c9a-4fec-8a61-41c76cc317af", "replyId": null, "createdAt": "2020-02-03T10:55:39.548Z", "updatedAt": "2020-02-03T10:55:39.548Z", "commentCount": 3, "likeCount": 35, "withNickname": false, "tags": [], "topics": [], "meta": {"layout": "classic"}, "forumName": "女孩", "forumAlias": "girl", "gender": "F", "replyTitle": null, "mediaMeta": [{"id": "cf9b5133-8aa4-4270-b311-15a7fd6a5dd5", "url": "https://img.youtube.com/vi/cI6Q92xoLo8/hqdefault.jpg", "normalizedUrl": "https://img.youtube.com/vi/cI6Q92xoLo8/hqdefault.jpg", "thumbnail": "https://img.youtube.com/vi/cI6Q92xoLo8/hqdefault.jpg", "type": "image/thumbnail", "tags": ["ANNOTATED"], "createdAt": "2020-02-03T10:55:39.548Z", "updatedAt": "2020-02-03T10:55:39.548Z"}, {"id": "cf9b5133-8aa4-4270-b311-15a7fd6a5dd5", "url": "https://youtu.be/cI6Q92xoLo8", "normalizedUrl": "https://www.youtube.com/watch?v=cI6Q92xoLo8", "thumbnail": "https://img.youtube.com/vi/cI6Q92xoLo8/hqdefault.jpg", "type": "video/youtube", "tags": ["ANNOTATED"], "createdAt": "2020-02-03T10:55:39.548Z", "updatedAt": "2020-02-03T10:55:39.548Z"}], "reactions": [{"id": "286f599c-f86a-4932-82f0-f5a06f1eca03", "count": 34}, {"id": "514c2569-fd53-4d9d-a415-bf0f88e7329f", "count": 1}], "hidden": false, "customStyle": null, "isSuspiciousAccount": false, "layout": "classic", "withImages": false, "withVideos": false, "media": [], "reportReasonText": "", "postAvatar": ""}, {"id": 233010583, "title": "what’s in my bag！(內有微精品)", "excerpt": "大家好，在女孩版潛水已久 最喜歡看的就是what’s in my bag了️，所以也決定來方向自己的上班兼外出包有什麼🥰，這款是gucci的小g壓紋牛皮貝殼包黑色小款，在華泰名品城用超級甜的價格購入", "anonymousSchool": true, "anonymousDepartment": true, "pinned": false, "forumId": "f72e3b1d-3c9a-4fec-8a61-41c76cc317af", "replyId": null, "createdAt": "2020-02-03T15:55:02.451Z", "updatedAt": "2020-02-03T15:55:02.451Z", "commentCount": 5, "likeCount": 29, "withNickname": false, "tags": [], "topics": ["WhatsInMyBag", "包包", "女孩"], "meta": {"layout": "classic"}, "forumName": "女孩", "forumAlias": "girl", "gender": "F", "replyTitle": null, "mediaMeta": [{"id": "84e6b931-afdf-4844-ad9c-adc53c55e4cb", "url": "https://megapx-assets.dcard.tw/images/8f6e694a-b135-45de-9a7b-66aca17932a3/640.jpeg", "normalizedUrl": "https://megapx-assets.dcard.tw/images/8f6e694a-b135-45de-9a7b-66aca17932a3/640.jpeg", "thumbnail": "https://megapx-assets.dcard.tw/images/8f6e694a-b135-45de-9a7b-66aca17932a3/640.jpeg", "type": "image/thumbnail", "tags": [], "createdAt": "2020-02-03T15:55:02.451Z", "updatedAt": "2020-02-03T15:55:02.451Z", "width": 480, "height": 640}, {"id": "84e6b931-afdf-4844-ad9c-adc53c55e4cb", "url": "https://megapx-assets.dcard.tw/images/8f6e694a-b135-45de-9a7b-66aca17932a3/1280.jpeg", "normalizedUrl": "https://megapx.dcard.tw/v1/images/8f6e694a-b135-45de-9a7b-66aca17932a3", "thumbnail": "https://megapx-assets.dcard.tw/images/8f6e694a-b135-45de-9a7b-66aca17932a3/640.jpeg", "type": "image/megapx", "tags": [], "createdAt": "2020-02-03T15:55:02.451Z", "updatedAt": "2020-02-03T15:55:02.451Z", "width": 1500, "height": 2000}, {"id": "766d8b0f-197e-4e5c-8e54-dfea64b8bded", "url": "https://megapx-assets.dcard.tw/images/20077ca4-c8c1-4ba8-b446-d10b328e5522/1280.jpeg", "normalizedUrl": "https://megapx.dcard.tw/v1/images/20077ca4-c8c1-4ba8-b446-d10b328e5522", "thumbnail": "https://megapx-assets.dcard.tw/images/20077ca4-c8c1-4ba8-b446-d10b328e5522/640.jpeg", "type": "image/megapx", "tags": [], "createdAt": "2020-02-03T15:55:02.451Z", "updatedAt": "2020-02-03T15:55:02.451Z", "width": 1500, "height": 2000}, {"id": "13373e8a-ec12-458f-9230-b348db0e66e7", "url": "https://megapx-assets.dcard.tw/images/3dbf615d-d65e-4735-99b0-a4f85bd0dc9c/1280.jpeg", "normalizedUrl": "https://megapx.dcard.tw/v1/images/3dbf615d-d65e-4735-99b0-a4f85bd0dc9c", "thumbnail": "https://megapx-assets.dcard.tw/images/3dbf615d-d65e-4735-99b0-a4f85bd0dc9c/640.jpeg", "type": "image/megapx", "tags": [], "createdAt": "2020-02-03T15:55:02.451Z", "updatedAt": "2020-02-03T15:55:02.451Z", "width": 1500, "height": 2000}, {"id": "4f7044a2-e41b-465a-856c-d21132722a58", "url": "https://megapx-assets.dcard.tw/images/9f953865-d3ea-47af-8a7b-f37962ba19d9/1280.jpeg", "normalizedUrl": "https://megapx.dcard.tw/v1/images/9f953865-d3ea-47af-8a7b-f37962ba19d9", "thumbnail": "https://megapx-assets.dcard.tw/images/9f953865-d3ea-47af-8a7b-f37962ba19d9/640.jpeg", "type": "image/megapx", "tags": [], "createdAt": "2020-02-03T15:55:02.451Z", "updatedAt": "2020-02-03T15:55:02.451Z", "width": 1500, "height": 2000}, {"id": "6f878bb5-582c-4d5d-8812-9dde832b7b53", "url": "https://megapx-assets.dcard.tw/images/f973548e-1049-4b8d-b6ce-43d5297e3239/1280.jpeg", "normalizedUrl": "https://megapx.dcard.tw/v1/images/f973548e-1049-4b8d-b6ce-43d5297e3239", "thumbnail": "https://megapx-assets.dcard.tw/images/f973548e-1049-4b8d-b6ce-43d5297e3239/640.jpeg", "type": "image/megapx", "tags": [], "createdAt": "2020-02-03T15:55:02.451Z", "updatedAt": "2020-02-03T15:55:02.451Z", "width": 1500, "height": 2000}, {"id": "43a1496d-0e0d-4a96-90ab-1bfa59191417", "url": "https://megapx-assets.dcard.tw/images/4e90a8ee-cb70-41df-b074-12fd5f8ed437/1280.jpeg", "normalizedUrl": "https://megapx.dcard.tw/v1/images/4e90a8ee-cb70-41df-b074-12fd5f8ed437", "thumbnail": "https://megapx-assets.dcard.tw/images/4e90a8ee-cb70-41df-b074-12fd5f8ed437/640.jpeg", "type": "image/megapx", "tags": [], "createdAt": "2020-02-03T15:55:02.451Z", "updatedAt": "2020-02-03T15:55:02.451Z", "width": 1500, "height": 2000}, {"id": "2eca5a18-3191-4131-9f00-d62357fd0e2d", "url": "https://megapx-assets.dcard.tw/images/d65b0174-81ea-419f-a85a-ab6dde309d09/1280.jpeg", "normalizedUrl": "https://megapx.dcard.tw/v1/images/d65b0174-81ea-419f-a85a-ab6dde309d09", "thumbnail": "https://megapx-assets.dcard.tw/images/d65b0174-81ea-419f-a85a-ab6dde309d09/640.jpeg", "type": "image/megapx", "tags": [], "createdAt": "2020-02-03T15:55:02.451Z", "updatedAt": "2020-02-03T15:55:02.451Z", "width": 1500, "height": 2000}, {"id": "f47fb532-175f-4044-a2a8-aac7fc0dac7a", "url": "https://megapx-assets.dcard.tw/images/43316eab-72f1-4e20-a7af-97537b29723a/1280.jpeg", "normalizedUrl": "https://megapx.dcard.tw/v1/images/43316eab-72f1-4e20-a7af-97537b29723a", "thumbnail": "https://megapx-assets.dcard.tw/images/43316eab-72f1-4e20-a7af-97537b29723a/640.jpeg", "type": "image/megapx", "tags": [], "createdAt": "2020-02-03T15:55:02.451Z", "updatedAt": "2020-02-03T15:55:02.451Z", "width": 1500, "height": 2000}, {"id": "2c3e4172-d141-47bf-a1fc-dd30f4f81d1b", "url": "https://megapx-assets.dcard.tw/images/f5740938-cc3e-4b60-ad72-1f47949755a8/1280.jpeg", "normalizedUrl": "https://megapx.dcard.tw/v1/images/f5740938-cc3e-4b60-ad72-1f47949755a8", "thumbnail": "https://megapx-assets.dcard.tw/images/f5740938-cc3e-4b60-ad72-1f47949755a8/640.jpeg", "type": "image/megapx", "tags": [], "createdAt": "2020-02-03T15:55:02.451Z", "updatedAt": "2020-02-03T15:55:02.451Z", "width": 1500, "height": 2001}], "reactions": [{"id": "286f599c-f86a-4932-82f0-f5a06f1eca03", "count": 29}], "hidden": false, "customStyle": null, "isSuspiciousAccount": false, "layout": "classic", "withImages": true, "withVideos": false, "media": [{"url": "https://megapx-assets.dcard.tw/images/8f6e694a-b135-45de-9a7b-66aca17932a3/1280.jpeg"}, {"url": "https://megapx-assets.dcard.tw/images/20077ca4-c8c1-4ba8-b446-d10b328e5522/1280.jpeg"}, {"url": "https://megapx-assets.dcard.tw/images/3dbf615d-d65e-4735-99b0-a4f85bd0dc9c/1280.jpeg"}, {"url": "https://megapx-assets.dcard.tw/images/9f953865-d3ea-47af-8a7b-f37962ba19d9/1280.jpeg"}, {"url": "https://megapx-assets.dcard.tw/images/f973548e-1049-4b8d-b6ce-43d5297e3239/1280.jpeg"}, {"url": "https://megapx-assets.dcard.tw/images/4e90a8ee-cb70-41df-b074-12fd5f8ed437/1280.jpeg"}, {"url": "https://megapx-assets.dcard.tw/images/d65b0174-81ea-419f-a85a-ab6dde309d09/1280.jpeg"}, {"url": "https://megapx-assets.dcard.tw/images/43316eab-72f1-4e20-a7af-97537b29723a/1280.jpeg"}, {"url": "https://megapx-assets.dcard.tw/images/f5740938-cc3e-4b60-ad72-1f47949755a8/1280.jpeg"}], "reportReasonText": "", "postAvatar": ""}, {"id": 233007714, "title": "#手帳 初心者的每日手帳分享✨", "excerpt": "默默入貼紙坑是拜二日的影片所賜，覺得每次二日講解貼紙啊各種小東西的時候的口吻豪可愛啊～又療癒，秉持著「貼紙就是要拿來用！」的精神，不知不覺，貼紙是買了一堆，卻遲遲跨不出著手寫手帳這步（ⅈ▱ⅈ），（新買", "anonymousSchool": false, "anonymousDepartment": true, "pinned": false, "forumId": "f72e3b1d-3c9a-4fec-8a61-41c76cc317af", "replyId": null, "createdAt": "2020-02-03T09:21:43.875Z", "updatedAt": "2020-02-03T10:33:19.512Z", "commentCount": 6, "likeCount": 27, "withNickname": true, "tags": [], "topics": ["手帳", "紙膠帶", "貼紙", "拼貼", "文具控"], "meta": {"layout": "classic"}, "forumName": "女孩", "forumAlias": "girl", "gender": "F", "school": "Herb🌿", "department": "catmint37", "replyTitle": null, "mediaMeta": [{"id": "0a407979-cde7-4adf-8b56-493af6af1444", "url": "https://i.imgur.com/4XuON4il.jpg", "normalizedUrl": "https://i.imgur.com/4XuON4il.jpg", "thumbnail": "https://i.imgur.com/4XuON4il.jpg", "type": "image/thumbnail", "tags": ["ANNOTATED"], "createdAt": "2020-02-03T09:21:43.875Z", "updatedAt": "2020-02-03T10:33:19.512Z"}, {"id": "0a407979-cde7-4adf-8b56-493af6af1444", "url": "https://i.imgur.com/4XuON4i.jpg", "normalizedUrl": "https://imgur.com/4XuON4i", "thumbnail": "https://i.imgur.com/4XuON4il.jpg", "type": "image/imgur", "tags": ["ANNOTATED"], "createdAt": "2020-02-03T09:21:43.875Z", "updatedAt": "2020-02-03T10:33:19.512Z"}, {"id": "6493d4dc-76c8-491a-9cc2-cc3efc77a9d7", "url": "https://i.imgur.com/COvttAk.jpg", "normalizedUrl": "https://imgur.com/COvttAk", "thumbnail": "https://i.imgur.com/COvttAkl.jpg", "type": "image/imgur", "tags": ["ANNOTATED"], "createdAt": "2020-02-03T09:21:43.875Z", "updatedAt": "2020-02-03T10:33:19.512Z"}, {"id": "36768b90-ce03-4ed6-a8c3-51e9d6e9599f", "url": "https://i.imgur.com/L6jaec4.jpg", "normalizedUrl": "https://imgur.com/L6jaec4", "thumbnail": "https://i.imgur.com/L6jaec4l.jpg", "type": "image/imgur", "tags": ["ANNOTATED"], "createdAt": "2020-02-03T09:21:43.875Z", "updatedAt": "2020-02-03T10:33:19.512Z"}, {"id": "d095cce7-8453-43d5-a1f7-c527eec5d191", "url": "https://i.imgur.com/JAr0xn1.jpg", "normalizedUrl": "https://imgur.com/JAr0xn1", "thumbnail": "https://i.imgur.com/JAr0xn1l.jpg", "type": "image/imgur", "tags": ["ANNOTATED"], "createdAt": "2020-02-03T09:21:43.875Z", "updatedAt": "2020-02-03T10:33:19.512Z"}, {"id": "c8c18213-cdb0-4c70-b64b-fdf36a33e162", "url": "https://i.imgur.com/2vklCHi.jpg", "normalizedUrl": "https://imgur.com/2vklCHi", "thumbnail": "https://i.imgur.com/2vklCHil.jpg", "type": "image/imgur", "tags": ["ANNOTATED"], "createdAt": "2020-02-03T09:21:43.875Z", "updatedAt": "2020-02-03T10:33:19.512Z"}, {"id": "8f00e9e0-d3ff-4646-a35e-f990531bceac", "url": "https://i.imgur.com/mstD2No.jpg", "normalizedUrl": "https://imgur.com/mstD2No", "thumbnail": "https://i.imgur.com/mstD2Nol.jpg", "type": "image/imgur", "tags": ["ANNOTATED"], "createdAt": "2020-02-03T09:21:43.875Z", "updatedAt": "2020-02-03T10:33:19.512Z"}, {"id": "db5f98d0-a248-480c-b973-552af1ce3eb6", "url": "https://i.imgur.com/3TZ6j8Y.jpg", "normalizedUrl": "https://imgur.com/3TZ6j8Y", "thumbnail": "https://i.imgur.com/3TZ6j8Yl.jpg", "type": "image/imgur", "tags": ["ANNOTATED"], "createdAt": "2020-02-03T09:21:43.875Z", "updatedAt": "2020-02-03T10:33:19.512Z"}, {"id": "bcf4d5cd-bc5d-4704-b784-5d8320bae32f", "url": "https://i.imgur.com/2czUccn.jpg", "normalizedUrl": "https://imgur.com/2czUccn", "thumbnail": "https://i.imgur.com/2czUccnl.jpg", "type": "image/imgur", "tags": ["ANNOTATED"], "createdAt": "2020-02-03T09:21:43.875Z", "updatedAt": "2020-02-03T10:33:19.512Z"}, {"id": "5e2a120c-6ad2-4c41-96b5-3aae35e1cd11", "url": "https://i.imgur.com/5Nstk1c.jpg", "normalizedUrl": "https://imgur.com/5Nstk1c", "thumbnail": "https://i.imgur.com/5Nstk1cl.jpg", "type": "image/imgur", "tags": ["ANNOTATED"], "createdAt": "2020-02-03T10:33:19.512Z", "updatedAt": "2020-02-03T10:33:19.512Z"}, {"id": "223eac66-876e-4b09-8888-008817878e3f", "url": "https://i.imgur.com/6WcIzVQ.jpg", "normalizedUrl": "https://imgur.com/6WcIzVQ", "thumbnail": "https://i.imgur.com/6WcIzVQl.jpg", "type": "image/imgur", "tags": ["ANNOTATED"], "createdAt": "2020-02-03T10:33:19.512Z", "updatedAt": "2020-02-03T10:33:19.512Z"}, {"id": "851aa970-f9a5-4430-bf3b-2e028bbd6c5f", "url": "https://i.imgur.com/euLwGza.jpg", "normalizedUrl": "https://imgur.com/euLwGza", "thumbnail": "https://i.imgur.com/euLwGzal.jpg", "type": "image/imgur", "tags": ["ANNOTATED"], "createdAt": "2020-02-03T10:33:19.512Z", "updatedAt": "2020-02-03T10:33:19.512Z"}, {"id": "1e20941f-1261-4056-b7a7-1bc9aba26a48", "url": "https://i.imgur.com/W2ebDsM.jpg", "normalizedUrl": "https://imgur.com/W2ebDsM", "thumbnail": "https://i.imgur.com/W2ebDsMl.jpg", "type": "image/imgur", "tags": ["ANNOTATED"], "createdAt": "2020-02-03T09:21:43.875Z", "updatedAt": "2020-02-03T10:33:19.512Z"}, {"id": "8f088875-8762-4d65-993d-44f526c7479d", "url": "https://i.imgur.com/xGyeejj.jpg", "normalizedUrl": "https://imgur.com/xGyeejj", "thumbnail": "https://i.imgur.com/xGyeejjl.jpg", "type": "image/imgur", "tags": ["ANNOTATED"], "createdAt": "2020-02-03T09:21:43.875Z", "updatedAt": "2020-02-03T10:33:19.512Z"}], "reactions": [{"id": "286f599c-f86a-4932-82f0-f5a06f1eca03", "count": 27}], "hidden": false, "customStyle": null, "isSuspiciousAccount": false, "layout": "classic", "withImages": true, "withVideos": false, "media": [{"url": "https://i.imgur.com/4XuON4i.jpg"}, {"url": "https://i.imgur.com/COvttAk.jpg"}, {"url": "https://i.imgur.com/L6jaec4.jpg"}, {"url": "https://i.imgur.com/JAr0xn1.jpg"}, {"url": "https://i.imgur.com/2vklCHi.jpg"}, {"url": "https://i.imgur.com/mstD2No.jpg"}, {"url": "https://i.imgur.com/3TZ6j8Y.jpg"}, {"url": "https://i.imgur.com/2czUccn.jpg"}, {"url": "https://i.imgur.com/5Nstk1c.jpg"}, {"url": "https://i.imgur.com/6WcIzVQ.jpg"}, {"url": "https://i.imgur.com/euLwGza.jpg"}, {"url": "https://i.imgur.com/W2ebDsM.jpg"}, {"url": "https://i.imgur.com/xGyeejj.jpg"}], "reportReasonText": "", "postAvatar": ""}, {"id": 233006317, "title": "關於圖愛", "excerpt": "昨天意志薄弱下就在wootalk上跟別人圖愛了，也不是第一次了至少有兩三次，全部都沒有露臉，目前也單身沒有對不起誰的問題，可是到了早上我就渾身覺得不舒服，一直唾棄那個夜晚淫穢的自己，怎麼可以這樣在網路", "anonymousSchool": true, "anonymousDepartment": true, "pinned": false, "forumId": "f72e3b1d-3c9a-4fec-8a61-41c76cc317af", "replyId": null, "createdAt": "2020-02-03T05:19:58.339Z", "updatedAt": "2020-02-03T05:19:58.339Z", "commentCount": 4, "likeCount": 27, "withNickname": false, "tags": ["HIDE_THUMBNAIL"], "topics": ["女孩", "心事", "網路交友", "Wootalk"], "meta": {"layout": "classic"}, "forumName": "女孩", "forumAlias": "girl", "gender": "F", "replyTitle": null, "mediaMeta": [], "reactions": [{"id": "286f599c-f86a-4932-82f0-f5a06f1eca03", "count": 24}, {"id": "011ead16-9b83-4729-9fde-c588920c6c2d", "count": 2}, {"id": "e8e6bc5d-41b0-4129-b134-97507523d7ff", "count": 1}], "hidden": false, "customStyle": null, "isSuspiciousAccount": false, "layout": "classic", "withImages": false, "withVideos": false, "media": [], "reportReasonText": "", "postAvatar": ""}, {"id": 233009121, "title": "我只能眼睜睜看著你慢慢死去...", "excerpt": "在上個月的某站上看到他的影片，他是一個染了肺炎的大陸人，他冒險出來拍影片的目的就是紀錄他現在的情況如何？但他的影片一拍完沒多久就被刪除，我只能把握時間看完他的影片，並且一一留言給他，要他加油挺住！，就", "anonymousSchool": true, "anonymousDepartment": true, "pinned": false, "forumId": "f72e3b1d-3c9a-4fec-8a61-41c76cc317af", "replyId": null, "createdAt": "2020-02-03T12:52:06.633Z", "updatedAt": "2020-02-03T13:54:10.392Z", "commentCount": 3, "likeCount": 25, "withNickname": false, "tags": [], "topics": ["女孩", "心事"], "meta": {"layout": "classic"}, "forumName": "女孩", "forumAlias": "girl", "gender": "F", "replyTitle": null, "mediaMeta": [{"id": "e91df0e0-56ce-4cd4-a788-41e69b88b5a6", "url": "https://megapx-assets.dcard.tw/images/a439135f-91cd-4248-a5aa-585943a29e73/640.jpeg", "normalizedUrl": "https://megapx-assets.dcard.tw/images/a439135f-91cd-4248-a5aa-585943a29e73/640.jpeg", "thumbnail": "https://megapx-assets.dcard.tw/images/a439135f-91cd-4248-a5aa-585943a29e73/640.jpeg", "type": "image/thumbnail", "tags": ["ANNOTATED"], "createdAt": "2020-02-03T13:35:27.058Z", "updatedAt": "2020-02-03T13:54:10.392Z", "width": 605, "height": 640}, {"id": "e91df0e0-56ce-4cd4-a788-41e69b88b5a6", "url": "https://megapx-assets.dcard.tw/images/a439135f-91cd-4248-a5aa-585943a29e73/full.jpeg", "normalizedUrl": "https://megapx.dcard.tw/v1/images/a439135f-91cd-4248-a5aa-585943a29e73", "thumbnail": "https://megapx-assets.dcard.tw/images/a439135f-91cd-4248-a5aa-585943a29e73/640.jpeg", "type": "image/megapx", "tags": ["ANNOTATED"], "createdAt": "2020-02-03T13:35:27.058Z", "updatedAt": "2020-02-03T13:54:10.392Z", "width": 974, "height": 1031}, {"id": "f9689523-66b2-4672-9927-50e2bbd7d7fb", "url": "https://megapx-assets.dcard.tw/images/96534985-ed3a-4f61-91dd-6c869126d7c5/full.jpeg", "normalizedUrl": "https://megapx.dcard.tw/v1/images/96534985-ed3a-4f61-91dd-6c869126d7c5", "thumbnail": "https://megapx-assets.dcard.tw/images/96534985-ed3a-4f61-91dd-6c869126d7c5/640.jpeg", "type": "image/megapx", "tags": ["ANNOTATED"], "createdAt": "2020-02-03T13:53:07.281Z", "updatedAt": "2020-02-03T13:54:10.392Z", "width": 1125, "height": 1279}], "reactions": [{"id": "286f599c-f86a-4932-82f0-f5a06f1eca03", "count": 25}], "hidden": false, "customStyle": null, "isSuspiciousAccount": false, "layout": "classic", "withImages": true, "withVideos": false, "media": [{"url": "https://megapx-assets.dcard.tw/images/a439135f-91cd-4248-a5aa-585943a29e73/full.jpeg"}, {"url": "https://megapx-assets.dcard.tw/images/96534985-ed3a-4f61-91dd-6c869126d7c5/full.jpeg"}], "reportReasonText": "", "postAvatar": ""}, {"id": 233005004, "title": "旅行真的超麻煩的...", "excerpt": "去年暑假我和幾個高中朋友揪今年畢業後要一起出國，原本是先和A，B討論地點，一開始都說去日本京阪一帶，有好幾個著名景點因為我們都沒去過，所以就說是必去的景點，沒多久我們揪了C，當時C說她暑假結尾時就會去", "anonymousSchool": true, "anonymousDepartment": true, "pinned": false, "forumId": "f72e3b1d-3c9a-4fec-8a61-41c76cc317af", "replyId": null, "createdAt": "2020-02-02T19:23:33.115Z", "updatedAt": "2020-02-02T19:23:33.115Z", "commentCount": 13, "likeCount": 23, "withNickname": false, "tags": [], "topics": ["心事", "旅行", "朋友"], "meta": {"layout": "classic"}, "forumName": "女孩", "forumAlias": "girl", "gender": "F", "replyTitle": null, "mediaMeta": [], "reactions": [{"id": "286f599c-f86a-4932-82f0-f5a06f1eca03", "count": 23}], "hidden": false, "customStyle": null, "isSuspiciousAccount": false, "layout": "classic", "withImages": false, "withVideos": false, "media": [], "reportReasonText": "", "postAvatar": ""}, {"id": 233007316, "title": "想問女孩們這種情況沒報備會不會生氣？", "excerpt": "事情大概是這樣：男友說要出門去買午餐（買回家吃），但是買午餐途中有跟女生朋友約面交但是沒有說（因為男友在做網拍），那個女生朋友跟他買東西他也沒跟我說（通常都會說），然後男友是拿去那個女生家給她 雖然是", "anonymousSchool": true, "anonymousDepartment": true, "pinned": false, "forumId": "f72e3b1d-3c9a-4fec-8a61-41c76cc317af", "replyId": null, "createdAt": "2020-02-03T08:35:20.737Z", "updatedAt": "2020-02-03T09:20:09.907Z", "commentCount": 14, "likeCount": 21, "withNickname": false, "tags": ["HIDE_THUMBNAIL"], "topics": ["生氣", "女孩", "心事"], "meta": {"layout": "classic"}, "forumName": "女孩", "forumAlias": "girl", "gender": "F", "replyTitle": null, "mediaMeta": [], "reactions": [{"id": "286f599c-f86a-4932-82f0-f5a06f1eca03", "count": 20}, {"id": "514c2569-fd53-4d9d-a415-bf0f88e7329f", "count": 1}], "hidden": false, "customStyle": null, "isSuspiciousAccount": false, "layout": "classic", "withImages": false, "withVideos": false, "media": [], "reportReasonText": "", "postAvatar": ""}, {"id": 233009073, "title": "武漢大量烏鴉出沒", "excerpt": "老公年前派去大陸，本來要一起過年的...現在不僅年夜飯沒吃到，連一通電話都沒接...，不知道他們那邊還好嗎…，剛剛還看到湖北的天空竟然這麼多烏鴉在飛，oh my god！，到底埋了多少屍體QQ，希望他", "anonymousSchool": true, "anonymousDepartment": true, "pinned": false, "forumId": "f72e3b1d-3c9a-4fec-8a61-41c76cc317af", "replyId": null, "createdAt": "2020-02-03T12:45:06.138Z", "updatedAt": "2020-02-03T12:45:06.138Z", "commentCount": 1, "likeCount": 19, "withNickname": false, "tags": [], "topics": [], "meta": {"layout": "classic"}, "forumName": "女孩", "forumAlias": "girl", "gender": "F", "replyTitle": null, "mediaMeta": [{"id": "d83d4578-3aa3-4d98-8a58-36c00eebbb63", "url": "https://img.youtube.com/vi/nURt9UPvqPk/hqdefault.jpg", "normalizedUrl": "https://img.youtube.com/vi/nURt9UPvqPk/hqdefault.jpg", "thumbnail": "https://img.youtube.com/vi/nURt9UPvqPk/hqdefault.jpg", "type": "image/thumbnail", "tags": ["ANNOTATED"], "createdAt": "2020-02-03T12:45:06.138Z", "updatedAt": "2020-02-03T12:45:06.138Z"}, {"id": "d83d4578-3aa3-4d98-8a58-36c00eebbb63", "url": "https://www.youtube.com/watch?v=nURt9UPvqPk", "normalizedUrl": "https://www.youtube.com/watch?v=nURt9UPvqPk", "thumbnail": "https://img.youtube.com/vi/nURt9UPvqPk/hqdefault.jpg", "type": "video/youtube", "tags": ["ANNOTATED"], "createdAt": "2020-02-03T12:45:06.138Z", "updatedAt": "2020-02-03T12:45:06.138Z"}], "reactions": [{"id": "286f599c-f86a-4932-82f0-f5a06f1eca03", "count": 19}], "hidden": false, "customStyle": null, "isSuspiciousAccount": false, "layout": "classic", "withImages": false, "withVideos": false, "media": [], "reportReasonText": "", "postAvatar": ""}, {"id": 233006221, "title": "男友要我別擦乳液，說床單都黏黏的", "excerpt": "最近超冷，洗完澡一定會抹乳液，結果這兩天男友要我別擦了，說床單都會黏黏的除非我弄個不會黏的，而且離開浴室或是拿過杯子碰過地方都會很滑，他說很煩～“～像這種時候大家都是怎麼回應勒？but我是俗辣...被", "anonymousSchool": false, "anonymousDepartment": true, "pinned": false, "forumId": "f72e3b1d-3c9a-4fec-8a61-41c76cc317af", "replyId": null, "createdAt": "2020-02-03T04:57:29.316Z", "updatedAt": "2020-02-03T04:57:29.316Z", "commentCount": 21, "likeCount": 19, "withNickname": false, "tags": [], "topics": ["男友", "乳液", "床單", "女孩", "俗辣"], "meta": {"layout": "classic"}, "forumName": "女孩", "forumAlias": "girl", "gender": "F", "school": "國立高雄師範大學", "replyTitle": null, "mediaMeta": [{"id": "1c178102-8dee-446b-9bf3-e0fafd08eb68", "url": "https://i.imgur.com/Z4eRqGBl.jpg", "normalizedUrl": "https://i.imgur.com/Z4eRqGBl.jpg", "thumbnail": "https://i.imgur.com/Z4eRqGBl.jpg", "type": "image/thumbnail", "tags": ["ANNOTATED"], "createdAt": "2020-02-03T04:57:29.316Z", "updatedAt": "2020-02-03T04:57:29.316Z"}, {"id": "1c178102-8dee-446b-9bf3-e0fafd08eb68", "url": "https://i.imgur.com/Z4eRqGB.png", "normalizedUrl": "https://imgur.com/Z4eRqGB", "thumbnail": "https://i.imgur.com/Z4eRqGBl.jpg", "type": "image/imgur", "tags": ["ANNOTATED"], "createdAt": "2020-02-03T04:57:29.316Z", "updatedAt": "2020-02-03T04:57:29.316Z"}, {"id": "21b3e497-f252-42c1-b5ff-b2a230102bd9", "url": "https://i.imgur.com/I0Coolb.png", "normalizedUrl": "https://imgur.com/I0Coolb", "thumbnail": "https://i.imgur.com/I0Coolbl.jpg", "type": "image/imgur", "tags": ["ANNOTATED"], "createdAt": "2020-02-03T04:57:29.316Z", "updatedAt": "2020-02-03T04:57:29.316Z"}], "reactions": [{"id": "286f599c-f86a-4932-82f0-f5a06f1eca03", "count": 19}], "hidden": false, "customStyle": null, "isSuspiciousAccount": false, "layout": "classic", "withImages": true, "withVideos": false, "media": [{"url": "https://i.imgur.com/Z4eRqGB.png"}, {"url": "https://i.imgur.com/I0Coolb.png"}], "reportReasonText": "", "postAvatar": ""}, {"id": 233010911, "title": "桌布app-Pinterest", "excerpt": "超實用app，裡面有很多很好看的照片，發文、桌布都適合～～️，不知道有沒有人分享過，而且用越久會覺得越多自己喜歡的類型的圖片（我自己覺得啦，不知道是不是他的設定），很適合桌布和發文，ig限動背景，下面", "anonymousSchool": false, "anonymousDepartment": true, "pinned": false, "forumId": "f72e3b1d-3c9a-4fec-8a61-41c76cc317af", "replyId": null, "createdAt": "2020-02-03T16:30:43.084Z", "updatedAt": "2020-02-03T16:30:43.084Z", "commentCount": 1, "likeCount": 17, "withNickname": false, "tags": [], "topics": ["桌布", "女孩"], "meta": {"layout": "classic"}, "forumName": "女孩", "forumAlias": "girl", "gender": "F", "school": "國立臺中科技大學", "replyTitle": null, "mediaMeta": [{"id": "876650c4-54d1-4776-a288-b0c33031c721", "url": "https://megapx-assets.dcard.tw/images/1df7dd76-7bd1-4ee7-91c9-15ec314e6e51/640.jpeg", "normalizedUrl": "https://megapx-assets.dcard.tw/images/1df7dd76-7bd1-4ee7-91c9-15ec314e6e51/640.jpeg", "thumbnail": "https://megapx-assets.dcard.tw/images/1df7dd76-7bd1-4ee7-91c9-15ec314e6e51/640.jpeg", "type": "image/thumbnail", "tags": [], "createdAt": "2020-02-03T16:30:43.084Z", "updatedAt": "2020-02-03T16:30:43.084Z", "width": 360, "height": 640}, {"id": "876650c4-54d1-4776-a288-b0c33031c721", "url": "https://megapx-assets.dcard.tw/images/1df7dd76-7bd1-4ee7-91c9-15ec314e6e51/1280.jpeg", "normalizedUrl": "https://megapx.dcard.tw/v1/images/1df7dd76-7bd1-4ee7-91c9-15ec314e6e51", "thumbnail": "https://megapx-assets.dcard.tw/images/1df7dd76-7bd1-4ee7-91c9-15ec314e6e51/640.jpeg", "type": "image/megapx", "tags": [], "createdAt": "2020-02-03T16:30:43.084Z", "updatedAt": "2020-02-03T16:30:43.084Z", "width": 750, "height": 1334}, {"id": "54225b4e-ce6a-4d6a-934a-2f2f522b6b7e", "url": "https://megapx-assets.dcard.tw/images/e75ad377-9642-4bb1-a76b-def3be101427/full.jpeg", "normalizedUrl": "https://megapx.dcard.tw/v1/images/e75ad377-9642-4bb1-a76b-def3be101427", "thumbnail": "https://megapx-assets.dcard.tw/images/e75ad377-9642-4bb1-a76b-def3be101427/640.jpeg", "type": "image/megapx", "tags": [], "createdAt": "2020-02-03T16:30:43.084Z", "updatedAt": "2020-02-03T16:30:43.084Z", "width": 540, "height": 693}, {"id": "0718059a-bc99-4e71-b281-33633b4875d0", "url": "https://megapx-assets.dcard.tw/images/b03e076e-b979-4b10-a992-bd212c20b4c1/full.jpeg", "normalizedUrl": "https://megapx.dcard.tw/v1/images/b03e076e-b979-4b10-a992-bd212c20b4c1", "thumbnail": "https://megapx-assets.dcard.tw/images/b03e076e-b979-4b10-a992-bd212c20b4c1/640.jpeg", "type": "image/megapx", "tags": [], "createdAt": "2020-02-03T16:30:43.084Z", "updatedAt": "2020-02-03T16:30:43.084Z", "width": 749, "height": 1123}, {"id": "d7152a56-6b16-4944-9817-99780ba08caf", "url": "https://megapx-assets.dcard.tw/images/d4c844c5-0c62-4e77-a554-ed2a1513ae52/full.jpeg", "normalizedUrl": "https://megapx.dcard.tw/v1/images/d4c844c5-0c62-4e77-a554-ed2a1513ae52", "thumbnail": "https://megapx-assets.dcard.tw/images/d4c844c5-0c62-4e77-a554-ed2a1513ae52/640.jpeg", "type": "image/megapx", "tags": [], "createdAt": "2020-02-03T16:30:43.084Z", "updatedAt": "2020-02-03T16:30:43.084Z", "width": 480, "height": 679}, {"id": "230101f9-96f7-4961-be05-6e1ed3149e8f", "url": "https://megapx-assets.dcard.tw/images/2dce0e34-66a3-4212-82c8-bed84eb9dc4e/full.jpeg", "normalizedUrl": "https://megapx.dcard.tw/v1/images/2dce0e34-66a3-4212-82c8-bed84eb9dc4e", "thumbnail": "https://megapx-assets.dcard.tw/images/2dce0e34-66a3-4212-82c8-bed84eb9dc4e/640.jpeg", "type": "image/megapx", "tags": [], "createdAt": "2020-02-03T16:30:43.084Z", "updatedAt": "2020-02-03T16:30:43.084Z", "width": 570, "height": 738}, {"id": "e419e850-c3d7-467c-b47f-8c48b2979dd6", "url": "https://megapx-assets.dcard.tw/images/c206ed61-dff5-41e4-8e7b-d12e23dc1e0e/full.jpeg", "normalizedUrl": "https://megapx.dcard.tw/v1/images/c206ed61-dff5-41e4-8e7b-d12e23dc1e0e", "thumbnail": "https://megapx-assets.dcard.tw/images/c206ed61-dff5-41e4-8e7b-d12e23dc1e0e/640.jpeg", "type": "image/megapx", "tags": [], "createdAt": "2020-02-03T16:30:43.084Z", "updatedAt": "2020-02-03T16:30:43.084Z", "width": 629, "height": 900}, {"id": "5da7c4f3-0583-429a-b6ca-ead50b1fda29", "url": "https://megapx-assets.dcard.tw/images/004171d5-9357-4ccc-8d54-77e8be1b345b/full.jpeg", "normalizedUrl": "https://megapx.dcard.tw/v1/images/004171d5-9357-4ccc-8d54-77e8be1b345b", "thumbnail": "https://megapx-assets.dcard.tw/images/004171d5-9357-4ccc-8d54-77e8be1b345b/640.jpeg", "type": "image/megapx", "tags": [], "createdAt": "2020-02-03T16:30:43.084Z", "updatedAt": "2020-02-03T16:30:43.084Z", "width": 570, "height": 802}, {"id": "67453ec4-d257-46ad-93ba-316a18db4db8", "url": "https://megapx-assets.dcard.tw/images/e99b82bd-26fa-472b-a8cd-9d4b8b1e33e7/full.jpeg", "normalizedUrl": "https://megapx.dcard.tw/v1/images/e99b82bd-26fa-472b-a8cd-9d4b8b1e33e7", "thumbnail": "https://megapx-assets.dcard.tw/images/e99b82bd-26fa-472b-a8cd-9d4b8b1e33e7/640.jpeg", "type": "image/megapx", "tags": [], "createdAt": "2020-02-03T16:30:43.084Z", "updatedAt": "2020-02-03T16:30:43.084Z", "width": 720, "height": 1280}, {"id": "df0121b4-18d4-4f3d-8b65-8925c2a546d4", "url": "https://megapx-assets.dcard.tw/images/353e31b1-a6bd-48b2-9132-28a603cfd205/full.jpeg", "normalizedUrl": "https://megapx.dcard.tw/v1/images/353e31b1-a6bd-48b2-9132-28a603cfd205", "thumbnail": "https://megapx-assets.dcard.tw/images/353e31b1-a6bd-48b2-9132-28a603cfd205/640.jpeg", "type": "image/megapx", "tags": [], "createdAt": "2020-02-03T16:30:43.084Z", "updatedAt": "2020-02-03T16:30:43.084Z", "width": 750, "height": 943}, {"id": "4975f447-bb55-46bd-822a-3e75abd51e60", "url": "https://megapx-assets.dcard.tw/images/8f0b0de7-0cd7-416f-8a75-3474bd9745bf/full.jpeg", "normalizedUrl": "https://megapx.dcard.tw/v1/images/8f0b0de7-0cd7-416f-8a75-3474bd9745bf", "thumbnail": "https://megapx-assets.dcard.tw/images/8f0b0de7-0cd7-416f-8a75-3474bd9745bf/640.jpeg", "type": "image/megapx", "tags": [], "createdAt": "2020-02-03T16:30:43.084Z", "updatedAt": "2020-02-03T16:30:43.084Z", "width": 643, "height": 960}, {"id": "fc57dc70-4a17-4543-8bf7-6395cc9e1ccb", "url": "https://megapx-assets.dcard.tw/images/7c09f4fa-fbd7-446a-acf8-89d655c85014/full.jpeg", "normalizedUrl": "https://megapx.dcard.tw/v1/images/7c09f4fa-fbd7-446a-acf8-89d655c85014", "thumbnail": "https://megapx-assets.dcard.tw/images/7c09f4fa-fbd7-446a-acf8-89d655c85014/640.jpeg", "type": "image/megapx", "tags": [], "createdAt": "2020-02-03T16:30:43.084Z", "updatedAt": "2020-02-03T16:30:43.084Z", "width": 750, "height": 750}, {"id": "f989798d-9070-4f85-998c-a8e879d54331", "url": "https://megapx-assets.dcard.tw/images/bf85927c-b5d5-4e15-a260-51a549c0cf6c/full.jpeg", "normalizedUrl": "https://megapx.dcard.tw/v1/images/bf85927c-b5d5-4e15-a260-51a549c0cf6c", "thumbnail": "https://megapx-assets.dcard.tw/images/bf85927c-b5d5-4e15-a260-51a549c0cf6c/640.jpeg", "type": "image/megapx", "tags": [], "createdAt": "2020-02-03T16:30:43.084Z", "updatedAt": "2020-02-03T16:30:43.084Z", "width": 640, "height": 800}, {"id": "ae713963-a174-40ef-8076-7990de2b6f25", "url": "https://megapx-assets.dcard.tw/images/5d75eba3-10e4-4855-8354-151f6bcbcca4/1280.jpeg", "normalizedUrl": "https://megapx.dcard.tw/v1/images/5d75eba3-10e4-4855-8354-151f6bcbcca4", "thumbnail": "https://megapx-assets.dcard.tw/images/5d75eba3-10e4-4855-8354-151f6bcbcca4/640.jpeg", "type": "image/megapx", "tags": [], "createdAt": "2020-02-03T16:30:43.084Z", "updatedAt": "2020-02-03T16:30:43.084Z", "width": 750, "height": 1333}], "reactions": [{"id": "286f599c-f86a-4932-82f0-f5a06f1eca03", "count": 16}, {"id": "e8e6bc5d-41b0-4129-b134-97507523d7ff", "count": 1}], "hidden": false, "customStyle": null, "isSuspiciousAccount": false, "layout": "classic", "withImages": true, "withVideos": false, "media": [{"url": "https://megapx-assets.dcard.tw/images/1df7dd76-7bd1-4ee7-91c9-15ec314e6e51/1280.jpeg"}, {"url": "https://megapx-assets.dcard.tw/images/e75ad377-9642-4bb1-a76b-def3be101427/full.jpeg"}, {"url": "https://megapx-assets.dcard.tw/images/b03e076e-b979-4b10-a992-bd212c20b4c1/full.jpeg"}, {"url": "https://megapx-assets.dcard.tw/images/d4c844c5-0c62-4e77-a554-ed2a1513ae52/full.jpeg"}, {"url": "https://megapx-assets.dcard.tw/images/2dce0e34-66a3-4212-82c8-bed84eb9dc4e/full.jpeg"}, {"url": "https://megapx-assets.dcard.tw/images/c206ed61-dff5-41e4-8e7b-d12e23dc1e0e/full.jpeg"}, {"url": "https://megapx-assets.dcard.tw/images/004171d5-9357-4ccc-8d54-77e8be1b345b/full.jpeg"}, {"url": "https://megapx-assets.dcard.tw/images/e99b82bd-26fa-472b-a8cd-9d4b8b1e33e7/full.jpeg"}, {"url": "https://megapx-assets.dcard.tw/images/353e31b1-a6bd-48b2-9132-28a603cfd205/full.jpeg"}, {"url": "https://megapx-assets.dcard.tw/images/8f0b0de7-0cd7-416f-8a75-3474bd9745bf/full.jpeg"}, {"url": "https://megapx-assets.dcard.tw/images/7c09f4fa-fbd7-446a-acf8-89d655c85014/full.jpeg"}, {"url": "https://megapx-assets.dcard.tw/images/bf85927c-b5d5-4e15-a260-51a549c0cf6c/full.jpeg"}, {"url": "https://megapx-assets.dcard.tw/images/5d75eba3-10e4-4855-8354-151f6bcbcca4/1280.jpeg"}], "reportReasonText": "", "postAvatar": ""}, {"id": 233006520, "title": "米奇的神助攻", "excerpt": "趁著拿到了紅包之後就給自己配了一副眼鏡，雖然我媽說這是最後一年讓我拿紅包了，但當然還4要花好花滿呀～這次挑的是寶島和米奇聯名的眼鏡，但跟之前的聯名比較不一樣，可能是因為在過年期間（？），這次配的是鏡框", "anonymousSchool": true, "anonymousDepartment": true, "pinned": false, "forumId": "f72e3b1d-3c9a-4fec-8a61-41c76cc317af", "replyId": null, "createdAt": "2020-02-03T06:05:25.561Z", "updatedAt": "2020-02-03T06:05:25.561Z", "commentCount": 3, "likeCount": 17, "withNickname": false, "tags": [], "topics": ["米奇", "寶島"], "meta": {"layout": "classic"}, "forumName": "女孩", "forumAlias": "girl", "gender": "F", "replyTitle": null, "mediaMeta": [{"id": "2640dc11-d0f1-433e-9509-105be198dc5b", "url": "https://megapx-assets.dcard.tw/images/7be38b86-6457-4c5d-819d-7815d850e8a9/640.jpeg", "normalizedUrl": "https://megapx-assets.dcard.tw/images/7be38b86-6457-4c5d-819d-7815d850e8a9/640.jpeg", "thumbnail": "https://megapx-assets.dcard.tw/images/7be38b86-6457-4c5d-819d-7815d850e8a9/640.jpeg", "type": "image/thumbnail", "tags": [], "createdAt": "2020-02-03T06:05:25.561Z", "updatedAt": "2020-02-03T06:05:25.561Z", "width": 640, "height": 640}, {"id": "2640dc11-d0f1-433e-9509-105be198dc5b", "url": "https://megapx-assets.dcard.tw/images/7be38b86-6457-4c5d-819d-7815d850e8a9/1280.jpeg", "normalizedUrl": "https://megapx.dcard.tw/v1/images/7be38b86-6457-4c5d-819d-7815d850e8a9", "thumbnail": "https://megapx-assets.dcard.tw/images/7be38b86-6457-4c5d-819d-7815d850e8a9/640.jpeg", "type": "image/megapx", "tags": [], "createdAt": "2020-02-03T06:05:25.561Z", "updatedAt": "2020-02-03T06:05:25.561Z", "width": 2000, "height": 2000}], "reactions": [{"id": "286f599c-f86a-4932-82f0-f5a06f1eca03", "count": 16}, {"id": "e8e6bc5d-41b0-4129-b134-97507523d7ff", "count": 1}], "hidden": false, "customStyle": null, "isSuspiciousAccount": false, "layout": "classic", "withImages": true, "withVideos": false, "media": [{"url": "https://megapx-assets.dcard.tw/images/7be38b86-6457-4c5d-819d-7815d850e8a9/1280.jpeg"}], "reportReasonText": "", "postAvatar": ""}, {"id": 233003865, "title": "對於早婚&結婚的想法", "excerpt": "今天滑手機突然看見一個朋友發了一張超音波照片，一直以來也有在她限時動態看見她男友跟她的互動，而我腦海一閃而過的是，懷孕了？要結婚了？大學也還沒畢業就要步入家庭？這麼早結婚好還不好？想知道其他女孩的看法", "anonymousSchool": true, "anonymousDepartment": true, "pinned": false, "forumId": "f72e3b1d-3c9a-4fec-8a61-41c76cc317af", "replyId": null, "createdAt": "2020-02-02T15:58:59.360Z", "updatedAt": "2020-02-02T15:58:59.360Z", "commentCount": 12, "likeCount": 15, "withNickname": false, "tags": ["HIDE_THUMBNAIL"], "topics": ["結婚", "早婚", "女孩", "看法想法"], "meta": {"layout": "classic"}, "forumName": "女孩", "forumAlias": "girl", "gender": "F", "replyTitle": null, "mediaMeta": [], "reactions": [{"id": "286f599c-f86a-4932-82f0-f5a06f1eca03", "count": 14}, {"id": "e8e6bc5d-41b0-4129-b134-97507523d7ff", "count": 1}], "hidden": false, "customStyle": null, "isSuspiciousAccount": false, "layout": "classic", "withImages": false, "withVideos": false, "media": [], "reportReasonText": "", "postAvatar": ""}, {"id": 233010056, "title": "第一次手作情人節卡片&禮物分享🎁", "excerpt": "愛情最美的樣子就是情人節要到了看著男孩女孩們努力的想破頭給另一半的驚喜。我就是那個傻傻上網查TOP20男友最想收到什麼禮物的人（笑），雖然有蠻多人說和喜歡的人在一起每天都是情人節，不過我覺得能在情人節", "anonymousSchool": true, "anonymousDepartment": true, "pinned": false, "forumId": "f72e3b1d-3c9a-4fec-8a61-41c76cc317af", "replyId": null, "createdAt": "2020-02-03T14:55:23.574Z", "updatedAt": "2020-02-03T14:55:23.574Z", "commentCount": 5, "likeCount": 14, "withNickname": false, "tags": [], "topics": ["禮物", "卡片", "情人節", "手作", "女孩"], "meta": {"layout": "classic"}, "forumName": "女孩", "forumAlias": "girl", "gender": "F", "replyTitle": null, "mediaMeta": [{"id": "5b59d187-fcde-4856-95a6-fea111d72edc", "url": "https://megapx-assets.dcard.tw/images/e7345de7-9798-47a9-b271-88bb3cd7d544/640.jpeg", "normalizedUrl": "https://megapx-assets.dcard.tw/images/e7345de7-9798-47a9-b271-88bb3cd7d544/640.jpeg", "thumbnail": "https://megapx-assets.dcard.tw/images/e7345de7-9798-47a9-b271-88bb3cd7d544/640.jpeg", "type": "image/thumbnail", "tags": [], "createdAt": "2020-02-03T14:55:23.574Z", "updatedAt": "2020-02-03T14:55:23.574Z", "width": 640, "height": 640}, {"id": "5b59d187-fcde-4856-95a6-fea111d72edc", "url": "https://megapx-assets.dcard.tw/images/e7345de7-9798-47a9-b271-88bb3cd7d544/1280.jpeg", "normalizedUrl": "https://megapx.dcard.tw/v1/images/e7345de7-9798-47a9-b271-88bb3cd7d544", "thumbnail": "https://megapx-assets.dcard.tw/images/e7345de7-9798-47a9-b271-88bb3cd7d544/640.jpeg", "type": "image/megapx", "tags": [], "createdAt": "2020-02-03T14:55:23.574Z", "updatedAt": "2020-02-03T14:55:23.574Z", "width": 2000, "height": 2000}, {"id": "8ebec14a-5ec0-436e-a5bc-98ebacea7af7", "url": "https://megapx-assets.dcard.tw/images/60250a0d-6d18-43d4-9a73-1b7678b14cd4/1280.jpeg", "normalizedUrl": "https://megapx.dcard.tw/v1/images/60250a0d-6d18-43d4-9a73-1b7678b14cd4", "thumbnail": "https://megapx-assets.dcard.tw/images/60250a0d-6d18-43d4-9a73-1b7678b14cd4/640.jpeg", "type": "image/megapx", "tags": [], "createdAt": "2020-02-03T14:55:23.574Z", "updatedAt": "2020-02-03T14:55:23.574Z", "width": 2000, "height": 2000}, {"id": "58154118-f0cd-4e6f-b74a-8f75d3e01dfe", "url": "https://megapx-assets.dcard.tw/images/ea70c8f0-c261-4c25-979f-f2d78010f19b/1280.jpeg", "normalizedUrl": "https://megapx.dcard.tw/v1/images/ea70c8f0-c261-4c25-979f-f2d78010f19b", "thumbnail": "https://megapx-assets.dcard.tw/images/ea70c8f0-c261-4c25-979f-f2d78010f19b/640.jpeg", "type": "image/megapx", "tags": [], "createdAt": "2020-02-03T14:55:23.574Z", "updatedAt": "2020-02-03T14:55:23.574Z", "width": 2000, "height": 2000}, {"id": "531220f0-5a34-4e66-a0dc-e4a82a032926", "url": "https://megapx-assets.dcard.tw/images/d908d4a9-e44b-4787-a62d-82797182bc5e/1280.jpeg", "normalizedUrl": "https://megapx.dcard.tw/v1/images/d908d4a9-e44b-4787-a62d-82797182bc5e", "thumbnail": "https://megapx-assets.dcard.tw/images/d908d4a9-e44b-4787-a62d-82797182bc5e/640.jpeg", "type": "image/megapx", "tags": [], "createdAt": "2020-02-03T14:55:23.574Z", "updatedAt": "2020-02-03T14:55:23.574Z", "width": 2000, "height": 2000}, {"id": "f961f0f2-242e-43fd-9896-b35fd43fc2ab", "url": "https://megapx-assets.dcard.tw/images/f9028301-e388-47f0-9dbb-bc7950ac5935/1280.jpeg", "normalizedUrl": "https://megapx.dcard.tw/v1/images/f9028301-e388-47f0-9dbb-bc7950ac5935", "thumbnail": "https://megapx-assets.dcard.tw/images/f9028301-e388-47f0-9dbb-bc7950ac5935/640.jpeg", "type": "image/megapx", "tags": [], "createdAt": "2020-02-03T14:55:23.574Z", "updatedAt": "2020-02-03T14:55:23.574Z", "width": 2000, "height": 2000}], "reactions": [{"id": "286f599c-f86a-4932-82f0-f5a06f1eca03", "count": 14}], "hidden": false, "customStyle": null, "isSuspiciousAccount": false, "layout": "classic", "withImages": true, "withVideos": false, "media": [{"url": "https://megapx-assets.dcard.tw/images/e7345de7-9798-47a9-b271-88bb3cd7d544/1280.jpeg"}, {"url": "https://megapx-assets.dcard.tw/images/60250a0d-6d18-43d4-9a73-1b7678b14cd4/1280.jpeg"}, {"url": "https://megapx-assets.dcard.tw/images/ea70c8f0-c261-4c25-979f-f2d78010f19b/1280.jpeg"}, {"url": "https://megapx-assets.dcard.tw/images/d908d4a9-e44b-4787-a62d-82797182bc5e/1280.jpeg"}, {"url": "https://megapx-assets.dcard.tw/images/f9028301-e388-47f0-9dbb-bc7950ac5935/1280.jpeg"}], "reportReasonText": "", "postAvatar": ""}, {"id": 233004842, "title": "女孩，要學會多愛自己一點🥰", "excerpt": "經歷過學生時代的我，從國中開始我的第一場戀愛到現在大學的第三個戀愛，在這中間經歷了許多大家應該都會遇到的感情問題，每次跟姐妹們討論感情事的時候，最後一句都會是「要多愛自己一點」，不要因為一段感情就全身", "anonymousSchool": true, "anonymousDepartment": true, "pinned": false, "forumId": "f72e3b1d-3c9a-4fec-8a61-41c76cc317af", "replyId": null, "createdAt": "2020-02-02T18:42:00.315Z", "updatedAt": "2020-02-02T18:42:00.315Z", "commentCount": 0, "likeCount": 14, "withNickname": false, "tags": ["HIDE_THUMBNAIL"], "topics": ["女孩"], "meta": {"layout": "classic"}, "forumName": "女孩", "forumAlias": "girl", "gender": "F", "replyTitle": null, "mediaMeta": [], "reactions": [{"id": "286f599c-f86a-4932-82f0-f5a06f1eca03", "count": 14}], "hidden": false, "customStyle": null, "isSuspiciousAccount": false, "layout": "classic", "withImages": false, "withVideos": false, "media": [], "reportReasonText": "", "postAvatar": ""}, {"id": 233004413, "title": "請問這算酒糟肌嗎？（附圖）", "excerpt": "一直以來洗完臉都會嘴周圍紅一圈（不管清水還是用洗面乳），但是不痛不癢沒任何感覺，到隔天早上自己就會消掉所以一直不知道該不該去看醫生....，請問有水水或帥哥有這樣的情況嗎？最近又很常看到有人說自己有酒", "anonymousSchool": true, "anonymousDepartment": true, "pinned": false, "forumId": "f72e3b1d-3c9a-4fec-8a61-41c76cc317af", "replyId": null, "createdAt": "2020-02-02T17:14:11.726Z", "updatedAt": "2020-02-02T17:14:11.726Z", "commentCount": 1, "likeCount": 12, "withNickname": false, "tags": [], "topics": ["酒糟", "女孩", "附圖", "保養"], "meta": {"layout": "classic"}, "forumName": "女孩", "forumAlias": "girl", "gender": "F", "replyTitle": null, "mediaMeta": [{"id": "1245639a-c44c-479f-a93f-4e8190ae28a6", "url": "https://megapx-assets.dcard.tw/images/cbe49a9e-fd97-4b49-bd12-431d09784867/640.jpeg", "normalizedUrl": "https://megapx-assets.dcard.tw/images/cbe49a9e-fd97-4b49-bd12-431d09784867/640.jpeg", "thumbnail": "https://megapx-assets.dcard.tw/images/cbe49a9e-fd97-4b49-bd12-431d09784867/640.jpeg", "type": "image/thumbnail", "tags": [], "createdAt": "2020-02-02T17:14:11.726Z", "updatedAt": "2020-02-02T17:14:11.726Z", "width": 640, "height": 619}, {"id": "1245639a-c44c-479f-a93f-4e8190ae28a6", "url": "https://megapx-assets.dcard.tw/images/cbe49a9e-fd97-4b49-bd12-431d09784867/1280.jpeg", "normalizedUrl": "https://megapx.dcard.tw/v1/images/cbe49a9e-fd97-4b49-bd12-431d09784867", "thumbnail": "https://megapx-assets.dcard.tw/images/cbe49a9e-fd97-4b49-bd12-431d09784867/640.jpeg", "type": "image/megapx", "tags": [], "createdAt": "2020-02-02T17:14:11.726Z", "updatedAt": "2020-02-02T17:14:11.726Z", "width": 2000, "height": 1934}, {"id": "895fb302-7b81-4159-82b7-1a6aa9f320e6", "url": "https://megapx-assets.dcard.tw/images/9ffb0f04-a1f8-40fe-a321-3c6ae52af89a/1280.jpeg", "normalizedUrl": "https://megapx.dcard.tw/v1/images/9ffb0f04-a1f8-40fe-a321-3c6ae52af89a", "thumbnail": "https://megapx-assets.dcard.tw/images/9ffb0f04-a1f8-40fe-a321-3c6ae52af89a/640.jpeg", "type": "image/megapx", "tags": [], "createdAt": "2020-02-02T17:14:11.726Z", "updatedAt": "2020-02-02T17:14:11.726Z", "width": 2000, "height": 1934}], "reactions": [{"id": "286f599c-f86a-4932-82f0-f5a06f1eca03", "count": 12}], "hidden": false, "customStyle": null, "isSuspiciousAccount": false, "layout": "classic", "withImages": true, "withVideos": false, "media": [{"url": "https://megapx-assets.dcard.tw/images/cbe49a9e-fd97-4b49-bd12-431d09784867/1280.jpeg"}, {"url": "https://megapx-assets.dcard.tw/images/9ffb0f04-a1f8-40fe-a321-3c6ae52af89a/1280.jpeg"}], "reportReasonText": "", "postAvatar": ""}, {"id": 233011515, "title": "所謂網紅", "excerpt": "IG有著追蹤很久的網紅（29.7k應該算吧....），在去年的時候也開了一間網路店鋪，買過幾次品質是好的，但出貨速度跟回覆速度真的越來越無法接受，網站上公告的三至四週不含假日寄出，12月中訂的貨遲遲都", "anonymousSchool": true, "anonymousDepartment": true, "pinned": false, "forumId": "f72e3b1d-3c9a-4fec-8a61-41c76cc317af", "replyId": null, "createdAt": "2020-02-03T18:02:36.278Z", "updatedAt": "2020-02-03T18:02:36.278Z", "commentCount": 0, "likeCount": 11, "withNickname": false, "tags": [], "topics": ["網紅", "網拍"], "meta": {"layout": "classic"}, "forumName": "女孩", "forumAlias": "girl", "gender": "F", "replyTitle": null, "mediaMeta": [{"id": "046fe46e-e1be-4311-8a32-32227d22bd26", "url": "https://megapx-assets.dcard.tw/images/84ba1b89-31d4-4d0d-a115-e548aa77ae38/640.jpeg", "normalizedUrl": "https://megapx-assets.dcard.tw/images/84ba1b89-31d4-4d0d-a115-e548aa77ae38/640.jpeg", "thumbnail": "https://megapx-assets.dcard.tw/images/84ba1b89-31d4-4d0d-a115-e548aa77ae38/640.jpeg", "type": "image/thumbnail", "tags": [], "createdAt": "2020-02-03T18:02:36.278Z", "updatedAt": "2020-02-03T18:02:36.278Z", "width": 360, "height": 640}, {"id": "046fe46e-e1be-4311-8a32-32227d22bd26", "url": "https://megapx-assets.dcard.tw/images/84ba1b89-31d4-4d0d-a115-e548aa77ae38/1280.jpeg", "normalizedUrl": "https://megapx.dcard.tw/v1/images/84ba1b89-31d4-4d0d-a115-e548aa77ae38", "thumbnail": "https://megapx-assets.dcard.tw/images/84ba1b89-31d4-4d0d-a115-e548aa77ae38/640.jpeg", "type": "image/megapx", "tags": [], "createdAt": "2020-02-03T18:02:36.278Z", "updatedAt": "2020-02-03T18:02:36.278Z", "width": 1125, "height": 2000}], "reactions": [{"id": "286f599c-f86a-4932-82f0-f5a06f1eca03", "count": 11}], "hidden": false, "customStyle": null, "isSuspiciousAccount": false, "layout": "classic", "withImages": true, "withVideos": false, "media": [{"url": "https://megapx-assets.dcard.tw/images/84ba1b89-31d4-4d0d-a115-e548aa77ae38/1280.jpeg"}], "reportReasonText": "", "postAvatar": ""}, {"id": 233004594, "title": "壓到耳骨洞（?", "excerpt": "想問有穿耳骨的美女們，耳骨洞的前後，都像這樣有點凸凸硬硬是正常的嗎？無發炎，除了拔下清耳環，穿回去時會痛一下，平時是完全不痛的，只是有時候睡覺會不小心壓到（汗，五個月過去了，依然如此，前幾天剛從醫療鋼", "anonymousSchool": false, "anonymousDepartment": true, "pinned": false, "forumId": "f72e3b1d-3c9a-4fec-8a61-41c76cc317af", "replyId": null, "createdAt": "2020-02-02T17:42:11.097Z", "updatedAt": "2020-02-02T18:38:11.598Z", "commentCount": 1, "likeCount": 10, "withNickname": false, "tags": [], "topics": ["耳洞"], "meta": {"layout": "classic"}, "forumName": "女孩", "forumAlias": "girl", "gender": "F", "school": "大仁科技大學", "replyTitle": null, "mediaMeta": [{"id": "f5c32a67-ad39-4514-bd4e-4e58efbb237c", "url": "https://i.imgur.com/YGF8KPMl.jpg", "normalizedUrl": "https://i.imgur.com/YGF8KPMl.jpg", "thumbnail": "https://i.imgur.com/YGF8KPMl.jpg", "type": "image/thumbnail", "tags": ["ANNOTATED"], "createdAt": "2020-02-02T17:42:11.097Z", "updatedAt": "2020-02-02T18:38:11.598Z"}, {"id": "f5c32a67-ad39-4514-bd4e-4e58efbb237c", "url": "https://i.imgur.com/YGF8KPM.jpg", "normalizedUrl": "https://imgur.com/YGF8KPM", "thumbnail": "https://i.imgur.com/YGF8KPMl.jpg", "type": "image/imgur", "tags": ["ANNOTATED"], "createdAt": "2020-02-02T17:42:11.097Z", "updatedAt": "2020-02-02T18:38:11.598Z"}], "reactions": [{"id": "286f599c-f86a-4932-82f0-f5a06f1eca03", "count": 10}], "hidden": false, "customStyle": null, "isSuspiciousAccount": false, "layout": "classic", "withImages": true, "withVideos": false, "media": [{"url": "https://i.imgur.com/YGF8KPM.jpg"}], "reportReasonText": "", "postAvatar": ""}, {"id": 233003819, "title": "25歲後還有辦法長奶嗎", "excerpt": "25歲以後要怎樣努力長奶，有人有試過有效的嗎，70A有墊還會空杯嗚嗚", "anonymousSchool": true, "anonymousDepartment": true, "pinned": false, "forumId": "f72e3b1d-3c9a-4fec-8a61-41c76cc317af", "replyId": null, "createdAt": "2020-02-02T15:52:34.978Z", "updatedAt": "2020-02-02T15:52:34.978Z", "commentCount": 5, "likeCount": 10, "withNickname": false, "tags": ["HIDE_THUMBNAIL"], "topics": ["長奶"], "meta": {"layout": "classic"}, "forumName": "女孩", "forumAlias": "girl", "gender": "F", "replyTitle": null, "mediaMeta": [], "reactions": [{"id": "286f599c-f86a-4932-82f0-f5a06f1eca03", "count": 10}], "hidden": false, "customStyle": null, "isSuspiciousAccount": false, "layout": "classic", "withImages": false, "withVideos": false, "media": [], "reportReasonText": "", "postAvatar": ""}, {"id": 233006527, "title": "內搭褲裡面穿薄絲襪保暖😌", "excerpt": "有人也會這樣穿嗎？我享受絲襪包著腳趾，在薄絲裡面搓腳趾的感覺。本來是想穿裙子的，可是好冷。", "anonymousSchool": false, "anonymousDepartment": true, "pinned": false, "forumId": "f72e3b1d-3c9a-4fec-8a61-41c76cc317af", "replyId": null, "createdAt": "2020-02-03T06:06:44.403Z", "updatedAt": "2020-02-03T06:07:23.555Z", "commentCount": 0, "likeCount": 9, "withNickname": false, "tags": [], "topics": ["內搭褲", "絲襪"], "meta": {"layout": "classic"}, "forumName": "女孩", "forumAlias": "girl", "gender": "F", "school": "台北海洋科技大學", "replyTitle": null, "mediaMeta": [{"id": "ffcc81fc-3ff5-45af-8466-725a8d534afb", "url": "https://i.imgur.com/tygdiqLl.jpg", "normalizedUrl": "https://i.imgur.com/tygdiqLl.jpg", "thumbnail": "https://i.imgur.com/tygdiqLl.jpg", "type": "image/thumbnail", "tags": ["ANNOTATED", "GOOGLE_VISION_ADULT_LIKELY", "SAFE"], "createdAt": "2020-02-03T06:06:44.403Z", "updatedAt": "2020-02-03T06:07:23.555Z"}, {"id": "ffcc81fc-3ff5-45af-8466-725a8d534afb", "url": "https://i.imgur.com/tygdiqL.jpg", "normalizedUrl": "https://imgur.com/tygdiqL", "thumbnail": "https://i.imgur.com/tygdiqLl.jpg", "type": "image/imgur", "tags": ["ANNOTATED", "GOOGLE_VISION_ADULT_LIKELY", "SAFE"], "createdAt": "2020-02-03T06:06:44.403Z", "updatedAt": "2020-02-03T06:07:23.555Z"}], "reactions": [{"id": "286f599c-f86a-4932-82f0-f5a06f1eca03", "count": 9}], "hidden": false, "customStyle": null, "isSuspiciousAccount": false, "layout": "classic", "withImages": true, "withVideos": false, "media": [{"url": "https://i.imgur.com/tygdiqL.jpg"}], "reportReasonText": "", "postAvatar": ""}, {"id": 233008799, "title": "戴眼鏡的困擾～", "excerpt": "不知道各位女孩戴眼鏡的時候，瀏海旁邊的鬚鬚怎麼放呢？我習慣綁馬尾。瀏海是妹妹頭，有旁邊的鬚鬚。每次戴眼鏡的時候鬚鬚如果在眼鏡架和臉之間，會顯得鬚鬚的弧度很不自然，以下圖片這樣，但如果放出來，就好像隨時", "anonymousSchool": true, "anonymousDepartment": true, "pinned": false, "forumId": "f72e3b1d-3c9a-4fec-8a61-41c76cc317af", "replyId": null, "createdAt": "2020-02-03T11:58:23.799Z", "updatedAt": "2020-02-03T11:58:23.799Z", "commentCount": 4, "likeCount": 8, "withNickname": false, "tags": ["HIDE_THUMBNAIL"], "topics": ["眼鏡"], "meta": {"layout": "classic"}, "forumName": "女孩", "forumAlias": "girl", "gender": "F", "replyTitle": null, "mediaMeta": [{"id": "12583430-f366-4f3b-bf37-89a6261e73da", "url": "https://i.imgur.com/SOODvYy.jpg", "normalizedUrl": "https://imgur.com/SOODvYy", "thumbnail": "https://i.imgur.com/SOODvYyl.jpg", "type": "image/imgur", "tags": ["ANNOTATED"], "createdAt": "2020-02-03T11:58:23.799Z", "updatedAt": "2020-02-03T11:58:23.799Z"}, {"id": "912bfba9-e65b-4966-9031-f05bd514e0c6", "url": "https://i.imgur.com/8iemG0N.jpg", "normalizedUrl": "https://imgur.com/8iemG0N", "thumbnail": "https://i.imgur.com/8iemG0Nl.jpg", "type": "image/imgur", "tags": ["ANNOTATED"], "createdAt": "2020-02-03T11:58:23.799Z", "updatedAt": "2020-02-03T11:58:23.799Z"}], "reactions": [{"id": "286f599c-f86a-4932-82f0-f5a06f1eca03", "count": 8}], "hidden": false, "customStyle": null, "isSuspiciousAccount": false, "layout": "classic", "withImages": true, "withVideos": false, "media": [], "reportReasonText": "", "postAvatar": ""}, {"id": 233008409, "title": "門禁", "excerpt": "明明已經大學了，要去哪裡玩爸媽還是會一直管 問東問西，現在寒假 然後要我6.前回家？沒有準時還會打電話趕人（ಥ_ಥ），好羨慕大家都有屬於自己的夜生活，你們的爸媽也會這樣嗎？", "anonymousSchool": true, "anonymousDepartment": true, "pinned": false, "forumId": "f72e3b1d-3c9a-4fec-8a61-41c76cc317af", "replyId": null, "createdAt": "2020-02-03T10:53:29.702Z", "updatedAt": "2020-02-03T10:56:44.475Z", "commentCount": 8, "likeCount": 8, "withNickname": false, "tags": [], "topics": ["心事"], "meta": {"layout": "classic"}, "forumName": "女孩", "forumAlias": "girl", "gender": "F", "replyTitle": null, "mediaMeta": [{"id": "a575839a-0d37-45c6-80b9-6ccb4eb5518f", "url": "https://i.imgur.com/btxwHnUl.jpg", "normalizedUrl": "https://i.imgur.com/btxwHnUl.jpg", "thumbnail": "https://i.imgur.com/btxwHnUl.jpg", "type": "image/thumbnail", "tags": ["ANNOTATED"], "createdAt": "2020-02-03T10:53:29.702Z", "updatedAt": "2020-02-03T10:56:44.475Z"}, {"id": "a575839a-0d37-45c6-80b9-6ccb4eb5518f", "url": "https://i.imgur.com/btxwHnU.jpg", "normalizedUrl": "https://imgur.com/btxwHnU", "thumbnail": "https://i.imgur.com/btxwHnUl.jpg", "type": "image/imgur", "tags": ["ANNOTATED"], "createdAt": "2020-02-03T10:53:29.702Z", "updatedAt": "2020-02-03T10:56:44.475Z"}], "reactions": [{"id": "286f599c-f86a-4932-82f0-f5a06f1eca03", "count": 8}], "hidden": false, "customStyle": null, "isSuspiciousAccount": false, "layout": "classic", "withImages": true, "withVideos": false, "media": [{"url": "https://i.imgur.com/btxwHnU.jpg"}], "reportReasonText": "", "postAvatar": ""}, {"id": 233006543, "title": "#分享 Fennec 錢包", "excerpt": "大家好～我前一陣子有發文問大家圖片裡的錢包是Fennec 的哪一款，我喜歡短夾但要有零錢袋還有多一點的卡片夾層，殊不知台灣官網沒有上 但是代購價錢又滿貴的，我就打算放棄，結果！1月中時候 有在追蹤的韓", "anonymousSchool": true, "anonymousDepartment": true, "pinned": false, "forumId": "f72e3b1d-3c9a-4fec-8a61-41c76cc317af", "replyId": 232851696, "createdAt": "2020-02-03T06:10:11.819Z", "updatedAt": "2020-02-03T06:10:11.819Z", "commentCount": 7, "likeCount": 8, "withNickname": false, "tags": [], "topics": ["錢包", "Fennec"], "meta": {"layout": "classic"}, "forumName": "女孩", "forumAlias": "girl", "gender": "F", "replyTitle": "#問 Fennec 錢包", "mediaMeta": [{"id": "2b8ca982-42d2-4b15-87ae-e6883f643c21", "url": "https://i.imgur.com/w3OQlt9l.jpg", "normalizedUrl": "https://i.imgur.com/w3OQlt9l.jpg", "thumbnail": "https://i.imgur.com/w3OQlt9l.jpg", "type": "image/thumbnail", "tags": ["ANNOTATED"], "createdAt": "2020-02-03T06:10:11.819Z", "updatedAt": "2020-02-03T06:10:11.819Z"}, {"id": "2b8ca982-42d2-4b15-87ae-e6883f643c21", "url": "https://i.imgur.com/w3OQlt9.jpg", "normalizedUrl": "https://imgur.com/w3OQlt9", "thumbnail": "https://i.imgur.com/w3OQlt9l.jpg", "type": "image/imgur", "tags": ["ANNOTATED"], "createdAt": "2020-02-03T06:10:11.819Z", "updatedAt": "2020-02-03T06:10:11.819Z"}, {"id": "cb475f03-b735-437b-aff0-2626bb569097", "url": "https://i.imgur.com/7Hap6fX.jpg", "normalizedUrl": "https://imgur.com/7Hap6fX", "thumbnail": "https://i.imgur.com/7Hap6fXl.jpg", "type": "image/imgur", "tags": ["ANNOTATED"], "createdAt": "2020-02-03T06:10:11.819Z", "updatedAt": "2020-02-03T06:10:11.819Z"}, {"id": "9543c067-5079-4150-b0a5-9f7a69da00a2", "url": "https://i.imgur.com/wLqUjLc.jpg", "normalizedUrl": "https://imgur.com/wLqUjLc", "thumbnail": "https://i.imgur.com/wLqUjLcl.jpg", "type": "image/imgur", "tags": ["ANNOTATED"], "createdAt": "2020-02-03T06:10:11.819Z", "updatedAt": "2020-02-03T06:10:11.819Z"}], "reactions": [{"id": "286f599c-f86a-4932-82f0-f5a06f1eca03", "count": 8}], "hidden": false, "customStyle": null, "isSuspiciousAccount": false, "layout": "classic", "withImages": true, "withVideos": false, "media": [{"url": "https://i.imgur.com/w3OQlt9.jpg"}, {"url": "https://i.imgur.com/7Hap6fX.jpg"}, {"url": "https://i.imgur.com/wLqUjLc.jpg"}], "reportReasonText": "", "postAvatar": ""}, {"id": 233009195, "title": "日本便秘藥", "excerpt": "想問一下因為便秘所以剛剛吃了這款日本便秘藥，想問有沒有人吃過有不適症狀？因為剛剛看別人都說肚子痛到不行，所以讓我有點害怕，有辦法用催吐把它吐出來嗎？", "anonymousSchool": true, "anonymousDepartment": true, "pinned": false, "forumId": "f72e3b1d-3c9a-4fec-8a61-41c76cc317af", "replyId": null, "createdAt": "2020-02-03T13:02:55.290Z", "updatedAt": "2020-02-03T13:02:55.290Z", "commentCount": 18, "likeCount": 7, "withNickname": false, "tags": [], "topics": ["女孩"], "meta": {"layout": "classic"}, "forumName": "女孩", "forumAlias": "girl", "gender": "F", "replyTitle": null, "mediaMeta": [{"id": "ae241c7e-9778-46a1-ae63-8787893a69e0", "url": "https://megapx-assets.dcard.tw/images/af9c38d2-0cb7-4262-b3ca-2b8e306f9ffa/160.jpeg", "normalizedUrl": "https://megapx-assets.dcard.tw/images/af9c38d2-0cb7-4262-b3ca-2b8e306f9ffa/160.jpeg", "thumbnail": "https://megapx-assets.dcard.tw/images/af9c38d2-0cb7-4262-b3ca-2b8e306f9ffa/160.jpeg", "type": "image/thumbnail", "tags": ["ANNOTATED_FAILED"], "createdAt": "2020-02-03T13:02:55.290Z", "updatedAt": "2020-02-03T13:02:55.290Z", "width": 160, "height": 114}, {"id": "ae241c7e-9778-46a1-ae63-8787893a69e0", "url": "https://megapx-assets.dcard.tw/images/af9c38d2-0cb7-4262-b3ca-2b8e306f9ffa/full.jpeg", "normalizedUrl": "https://megapx.dcard.tw/v1/images/af9c38d2-0cb7-4262-b3ca-2b8e306f9ffa", "thumbnail": "https://megapx-assets.dcard.tw/images/af9c38d2-0cb7-4262-b3ca-2b8e306f9ffa/160.jpeg", "type": "image/megapx", "tags": ["ANNOTATED_FAILED"], "createdAt": "2020-02-03T13:02:55.290Z", "updatedAt": "2020-02-03T13:02:55.290Z", "width": 266, "height": 189}], "reactions": [{"id": "286f599c-f86a-4932-82f0-f5a06f1eca03", "count": 7}], "hidden": false, "customStyle": null, "isSuspiciousAccount": false, "layout": "classic", "withImages": true, "withVideos": false, "media": [{"url": "https://megapx-assets.dcard.tw/images/af9c38d2-0cb7-4262-b3ca-2b8e306f9ffa/full.jpeg"}], "reportReasonText": "", "postAvatar": ""}, {"id": 233008823, "title": "男友向異性好友詢問性事的技巧（微西斯？", "excerpt": "選擇發在女孩版而不是感情版是因為我很清楚男友沒有任何出軌或是背叛我的意圖，只是想知道如果是女孩們遇到一樣的問題會怎麼調適心態🥺，文有點長 請耐心服用，事情是這樣子的，前陣子跟男友聊到關於走後門的話題", "anonymousSchool": true, "anonymousDepartment": true, "pinned": false, "forumId": "f72e3b1d-3c9a-4fec-8a61-41c76cc317af", "replyId": null, "createdAt": "2020-02-03T12:02:00.046Z", "updatedAt": "2020-02-03T12:02:00.046Z", "commentCount": 7, "likeCount": 7, "withNickname": false, "tags": ["HIDE_THUMBNAIL"], "topics": ["技巧", "男友", "異性", "女孩", "性事"], "meta": {"layout": "classic"}, "forumName": "女孩", "forumAlias": "girl", "gender": "F", "replyTitle": null, "mediaMeta": [], "reactions": [{"id": "286f599c-f86a-4932-82f0-f5a06f1eca03", "count": 7}], "hidden": false, "customStyle": null, "isSuspiciousAccount": false, "layout": "classic", "withImages": false, "withVideos": false, "media": [], "reportReasonText": "", "postAvatar": ""}]