[{"id": 233010405, "title": "長髮及腰👉🏻男生頭 #圖多", "excerpt": "由於愚笨的我，帳號不見啦，所以跟弟弟借一下，第一次發文，麻煩各位見諒，決定來發一下長髮及腰變成男生頭的過程，之前一直在猶豫要不要剪，上來爬文發現好多妹子變男生頭，也是帥帥的🥰🥰🥰，好了不囉嗦直接", "anonymousSchool": false, "anonymousDepartment": true, "pinned": false, "forumId": "62268850-d2b4-4c21-a7a3-26e71702a276", "replyId": null, "createdAt": "2020-02-03T15:33:16.857Z", "updatedAt": "2020-02-03T15:33:16.857Z", "commentCount": 7, "likeCount": 19, "withNickname": false, "tags": [], "topics": ["長髮", "髮型", "剪髮", "短髮"], "meta": {"layout": "classic"}, "forumName": "美髮", "forumAlias": "hairsalon", "gender": "M", "school": "樹德科技大學", "replyTitle": null, "mediaMeta": [{"id": "92fac2c3-b7a1-4b98-bebd-16a46c459b99", "url": "https://megapx-assets.dcard.tw/images/265e1a19-a2a3-4edc-9ad4-39a6c06c5028/640.jpeg", "normalizedUrl": "https://megapx-assets.dcard.tw/images/265e1a19-a2a3-4edc-9ad4-39a6c06c5028/640.jpeg", "thumbnail": "https://megapx-assets.dcard.tw/images/265e1a19-a2a3-4edc-9ad4-39a6c06c5028/640.jpeg", "type": "image/thumbnail", "tags": [], "createdAt": "2020-02-03T15:33:16.857Z", "updatedAt": "2020-02-03T15:33:16.857Z", "width": 360, "height": 640}, {"id": "92fac2c3-b7a1-4b98-bebd-16a46c459b99", "url": "https://megapx-assets.dcard.tw/images/265e1a19-a2a3-4edc-9ad4-39a6c06c5028/1280.jpeg", "normalizedUrl": "https://megapx.dcard.tw/v1/images/265e1a19-a2a3-4edc-9ad4-39a6c06c5028", "thumbnail": "https://megapx-assets.dcard.tw/images/265e1a19-a2a3-4edc-9ad4-39a6c06c5028/640.jpeg", "type": "image/megapx", "tags": [], "createdAt": "2020-02-03T15:33:16.857Z", "updatedAt": "2020-02-03T15:33:16.857Z", "width": 1125, "height": 2001}, {"id": "6fc34e2d-7ffd-4b7e-8ea6-42419a0c2299", "url": "https://megapx-assets.dcard.tw/images/6242bb59-ee25-4389-bc74-4b5d8b172a79/1280.jpeg", "normalizedUrl": "https://megapx.dcard.tw/v1/images/6242bb59-ee25-4389-bc74-4b5d8b172a79", "thumbnail": "https://megapx-assets.dcard.tw/images/6242bb59-ee25-4389-bc74-4b5d8b172a79/640.jpeg", "type": "image/megapx", "tags": [], "createdAt": "2020-02-03T15:33:16.857Z", "updatedAt": "2020-02-03T15:33:16.857Z", "width": 1125, "height": 2001}, {"id": "ee73d4d7-d10b-423c-96f3-f66045a1e38a", "url": "https://megapx-assets.dcard.tw/images/3ba0e083-6526-4eb1-a4de-25cc54eb7e2b/full.jpeg", "normalizedUrl": "https://megapx.dcard.tw/v1/images/3ba0e083-6526-4eb1-a4de-25cc54eb7e2b", "thumbnail": "https://megapx-assets.dcard.tw/images/3ba0e083-6526-4eb1-a4de-25cc54eb7e2b/640.jpeg", "type": "image/megapx", "tags": [], "createdAt": "2020-02-03T15:33:16.857Z", "updatedAt": "2020-02-03T15:33:16.857Z", "width": 720, "height": 1280}, {"id": "e4ec0741-792f-4c31-b8ba-37aad6430022", "url": "https://megapx-assets.dcard.tw/images/5ddcd792-a2a5-4118-aad2-7d256835c40d/1280.jpeg", "normalizedUrl": "https://megapx.dcard.tw/v1/images/5ddcd792-a2a5-4118-aad2-7d256835c40d", "thumbnail": "https://megapx-assets.dcard.tw/images/5ddcd792-a2a5-4118-aad2-7d256835c40d/640.jpeg", "type": "image/megapx", "tags": [], "createdAt": "2020-02-03T15:33:16.857Z", "updatedAt": "2020-02-03T15:33:16.857Z", "width": 1500, "height": 2000}, {"id": "cd2c5b8b-0854-4d3c-9702-bfdbc0b0fbe5", "url": "https://megapx-assets.dcard.tw/images/d7b7301f-7bdc-4e68-b187-158efb14ef63/1280.jpeg", "normalizedUrl": "https://megapx.dcard.tw/v1/images/d7b7301f-7bdc-4e68-b187-158efb14ef63", "thumbnail": "https://megapx-assets.dcard.tw/images/d7b7301f-7bdc-4e68-b187-158efb14ef63/640.jpeg", "type": "image/megapx", "tags": [], "createdAt": "2020-02-03T15:33:16.857Z", "updatedAt": "2020-02-03T15:33:16.857Z", "width": 1125, "height": 2001}, {"id": "7b991082-5908-4aa4-aeec-44ea73734e69", "url": "https://megapx-assets.dcard.tw/images/0e95f69f-79b9-4d6e-b6ed-d17e0deb6e95/1280.jpeg", "normalizedUrl": "https://megapx.dcard.tw/v1/images/0e95f69f-79b9-4d6e-b6ed-d17e0deb6e95", "thumbnail": "https://megapx-assets.dcard.tw/images/0e95f69f-79b9-4d6e-b6ed-d17e0deb6e95/640.jpeg", "type": "image/megapx", "tags": [], "createdAt": "2020-02-03T15:33:16.857Z", "updatedAt": "2020-02-03T15:33:16.857Z", "width": 1125, "height": 2001}, {"id": "4f864634-b0f9-49c0-963e-24a7794284e5", "url": "https://megapx-assets.dcard.tw/images/ca3651b3-252c-4f75-abb4-463394185f48/1280.jpeg", "normalizedUrl": "https://megapx.dcard.tw/v1/images/ca3651b3-252c-4f75-abb4-463394185f48", "thumbnail": "https://megapx-assets.dcard.tw/images/ca3651b3-252c-4f75-abb4-463394185f48/640.jpeg", "type": "image/megapx", "tags": [], "createdAt": "2020-02-03T15:33:16.857Z", "updatedAt": "2020-02-03T15:33:16.857Z", "width": 1125, "height": 2001}, {"id": "930f4a14-216d-4c23-93d7-aa096e1d3822", "url": "https://megapx-assets.dcard.tw/images/5d9158e4-66be-4827-9d10-60733e5245d6/1280.jpeg", "normalizedUrl": "https://megapx.dcard.tw/v1/images/5d9158e4-66be-4827-9d10-60733e5245d6", "thumbnail": "https://megapx-assets.dcard.tw/images/5d9158e4-66be-4827-9d10-60733e5245d6/640.jpeg", "type": "image/megapx", "tags": [], "createdAt": "2020-02-03T15:33:16.857Z", "updatedAt": "2020-02-03T15:33:16.857Z", "width": 1108, "height": 1478}, {"id": "1dd41ed7-3cf6-4345-9742-29c8f4b55962", "url": "https://megapx-assets.dcard.tw/images/7ab710fc-f1e9-42db-8b95-bfc823cc3633/1280.jpeg", "normalizedUrl": "https://megapx.dcard.tw/v1/images/7ab710fc-f1e9-42db-8b95-bfc823cc3633", "thumbnail": "https://megapx-assets.dcard.tw/images/7ab710fc-f1e9-42db-8b95-bfc823cc3633/640.jpeg", "type": "image/megapx", "tags": [], "createdAt": "2020-02-03T15:33:16.857Z", "updatedAt": "2020-02-03T15:33:16.857Z", "width": 1125, "height": 2001}, {"id": "8d4e01f9-a19d-4828-8f55-3ebe700dd084", "url": "https://megapx-assets.dcard.tw/images/d1fc42a5-8025-4844-ac08-ceda6e809fdf/1280.jpeg", "normalizedUrl": "https://megapx.dcard.tw/v1/images/d1fc42a5-8025-4844-ac08-ceda6e809fdf", "thumbnail": "https://megapx-assets.dcard.tw/images/d1fc42a5-8025-4844-ac08-ceda6e809fdf/640.jpeg", "type": "image/megapx", "tags": [], "createdAt": "2020-02-03T15:33:16.857Z", "updatedAt": "2020-02-03T15:33:16.857Z", "width": 1125, "height": 2001}, {"id": "37c0a5c4-efb6-469b-acc7-cecb39a0a070", "url": "https://megapx-assets.dcard.tw/images/d7d52ba0-ee67-4c69-b325-ec3aec0534b3/1280.jpeg", "normalizedUrl": "https://megapx.dcard.tw/v1/images/d7d52ba0-ee67-4c69-b325-ec3aec0534b3", "thumbnail": "https://megapx-assets.dcard.tw/images/d7d52ba0-ee67-4c69-b325-ec3aec0534b3/640.jpeg", "type": "image/megapx", "tags": [], "createdAt": "2020-02-03T15:33:16.857Z", "updatedAt": "2020-02-03T15:33:16.857Z", "width": 1125, "height": 2001}, {"id": "05955fd5-bb1b-4670-9b30-f64c4cac918d", "url": "https://megapx-assets.dcard.tw/images/a5937224-77e9-4651-abaf-c799cbe5508d/1280.jpeg", "normalizedUrl": "https://megapx.dcard.tw/v1/images/a5937224-77e9-4651-abaf-c799cbe5508d", "thumbnail": "https://megapx-assets.dcard.tw/images/a5937224-77e9-4651-abaf-c799cbe5508d/640.jpeg", "type": "image/megapx", "tags": [], "createdAt": "2020-02-03T15:33:16.857Z", "updatedAt": "2020-02-03T15:33:16.857Z", "width": 1125, "height": 2001}, {"id": "7a673847-70ac-461f-b0bd-43342f601373", "url": "https://megapx-assets.dcard.tw/images/f7b75f07-e216-4e44-a07a-2a27e04f47cf/1280.jpeg", "normalizedUrl": "https://megapx.dcard.tw/v1/images/f7b75f07-e216-4e44-a07a-2a27e04f47cf", "thumbnail": "https://megapx-assets.dcard.tw/images/f7b75f07-e216-4e44-a07a-2a27e04f47cf/640.jpeg", "type": "image/megapx", "tags": [], "createdAt": "2020-02-03T15:33:16.857Z", "updatedAt": "2020-02-03T15:33:16.857Z", "width": 1125, "height": 2001}, {"id": "9ddd8307-3b5a-4dc6-b3b8-66a781bcd074", "url": "https://megapx-assets.dcard.tw/images/9cb2098c-8a31-4942-90b2-09f579fcb4ed/1280.jpeg", "normalizedUrl": "https://megapx.dcard.tw/v1/images/9cb2098c-8a31-4942-90b2-09f579fcb4ed", "thumbnail": "https://megapx-assets.dcard.tw/images/9cb2098c-8a31-4942-90b2-09f579fcb4ed/640.jpeg", "type": "image/megapx", "tags": [], "createdAt": "2020-02-03T15:33:16.857Z", "updatedAt": "2020-02-03T15:33:16.857Z", "width": 1500, "height": 2000}, {"id": "76e32253-5017-4768-95ca-0550e5a7b486", "url": "https://megapx-assets.dcard.tw/images/a23f53ae-9604-4c2c-a19e-27b8c130f8d2/1280.jpeg", "normalizedUrl": "https://megapx.dcard.tw/v1/images/a23f53ae-9604-4c2c-a19e-27b8c130f8d2", "thumbnail": "https://megapx-assets.dcard.tw/images/a23f53ae-9604-4c2c-a19e-27b8c130f8d2/640.jpeg", "type": "image/megapx", "tags": [], "createdAt": "2020-02-03T15:33:16.857Z", "updatedAt": "2020-02-03T15:33:16.857Z", "width": 1125, "height": 2001}, {"id": "9dce858a-6316-45bf-8878-91acb05df54d", "url": "https://megapx-assets.dcard.tw/images/2d80900d-07ce-4859-9d16-d14e10188c38/1280.jpeg", "normalizedUrl": "https://megapx.dcard.tw/v1/images/2d80900d-07ce-4859-9d16-d14e10188c38", "thumbnail": "https://megapx-assets.dcard.tw/images/2d80900d-07ce-4859-9d16-d14e10188c38/640.jpeg", "type": "image/megapx", "tags": [], "createdAt": "2020-02-03T15:33:16.857Z", "updatedAt": "2020-02-03T15:33:16.857Z", "width": 1125, "height": 2001}, {"id": "44ae93aa-035b-408d-a564-d8f8fce40899", "url": "https://megapx-assets.dcard.tw/images/d01bb568-06d3-49bd-bc82-b86c8ef6c509/1280.jpeg", "normalizedUrl": "https://megapx.dcard.tw/v1/images/d01bb568-06d3-49bd-bc82-b86c8ef6c509", "thumbnail": "https://megapx-assets.dcard.tw/images/d01bb568-06d3-49bd-bc82-b86c8ef6c509/640.jpeg", "type": "image/megapx", "tags": [], "createdAt": "2020-02-03T15:33:16.857Z", "updatedAt": "2020-02-03T15:33:16.857Z", "width": 1125, "height": 2001}], "reactions": [{"id": "286f599c-f86a-4932-82f0-f5a06f1eca03", "count": 17}, {"id": "e8e6bc5d-41b0-4129-b134-97507523d7ff", "count": 2}], "hidden": false, "customStyle": null, "isSuspiciousAccount": false, "layout": "classic", "withImages": true, "withVideos": false, "media": [{"url": "https://megapx-assets.dcard.tw/images/265e1a19-a2a3-4edc-9ad4-39a6c06c5028/1280.jpeg"}, {"url": "https://megapx-assets.dcard.tw/images/6242bb59-ee25-4389-bc74-4b5d8b172a79/1280.jpeg"}, {"url": "https://megapx-assets.dcard.tw/images/3ba0e083-6526-4eb1-a4de-25cc54eb7e2b/full.jpeg"}, {"url": "https://megapx-assets.dcard.tw/images/5ddcd792-a2a5-4118-aad2-7d256835c40d/1280.jpeg"}, {"url": "https://megapx-assets.dcard.tw/images/d7b7301f-7bdc-4e68-b187-158efb14ef63/1280.jpeg"}, {"url": "https://megapx-assets.dcard.tw/images/0e95f69f-79b9-4d6e-b6ed-d17e0deb6e95/1280.jpeg"}, {"url": "https://megapx-assets.dcard.tw/images/ca3651b3-252c-4f75-abb4-463394185f48/1280.jpeg"}, {"url": "https://megapx-assets.dcard.tw/images/5d9158e4-66be-4827-9d10-60733e5245d6/1280.jpeg"}, {"url": "https://megapx-assets.dcard.tw/images/7ab710fc-f1e9-42db-8b95-bfc823cc3633/1280.jpeg"}, {"url": "https://megapx-assets.dcard.tw/images/d1fc42a5-8025-4844-ac08-ceda6e809fdf/1280.jpeg"}, {"url": "https://megapx-assets.dcard.tw/images/d7d52ba0-ee67-4c69-b325-ec3aec0534b3/1280.jpeg"}, {"url": "https://megapx-assets.dcard.tw/images/a5937224-77e9-4651-abaf-c799cbe5508d/1280.jpeg"}, {"url": "https://megapx-assets.dcard.tw/images/f7b75f07-e216-4e44-a07a-2a27e04f47cf/1280.jpeg"}, {"url": "https://megapx-assets.dcard.tw/images/9cb2098c-8a31-4942-90b2-09f579fcb4ed/1280.jpeg"}, {"url": "https://megapx-assets.dcard.tw/images/a23f53ae-9604-4c2c-a19e-27b8c130f8d2/1280.jpeg"}, {"url": "https://megapx-assets.dcard.tw/images/2d80900d-07ce-4859-9d16-d14e10188c38/1280.jpeg"}, {"url": "https://megapx-assets.dcard.tw/images/d01bb568-06d3-49bd-bc82-b86c8ef6c509/1280.jpeg"}], "reportReasonText": "", "postAvatar": ""}, {"id": 233006878, "title": "短髮內彎想再燙捲", "excerpt": "我去年十月有燙過內彎，現在卷度還在，但又想燙不同造型了XD，我是黑髮，想燙下面這種造型，想問有人燙過這種造型嗎？現在頭髮長度剛好蓋住脖子，不知道適不適合再燙這種，拜託大家解答了", "anonymousSchool": false, "anonymousDepartment": true, "pinned": false, "forumId": "62268850-d2b4-4c21-a7a3-26e71702a276", "replyId": null, "createdAt": "2020-02-03T07:26:38.160Z", "updatedAt": "2020-02-03T07:26:38.160Z", "commentCount": 1, "likeCount": 18, "withNickname": false, "tags": [], "topics": ["短髮", "燙髮", "髮型", "求解"], "meta": {"layout": "classic"}, "forumName": "美髮", "forumAlias": "hairsalon", "gender": "F", "school": "國立屏東大學", "replyTitle": null, "mediaMeta": [{"id": "0505bb52-2473-4e85-8bbe-9f3c98a32e11", "url": "https://i.imgur.com/ykBGEpal.jpg", "normalizedUrl": "https://i.imgur.com/ykBGEpal.jpg", "thumbnail": "https://i.imgur.com/ykBGEpal.jpg", "type": "image/thumbnail", "tags": ["ANNOTATED"], "createdAt": "2020-02-03T07:26:38.160Z", "updatedAt": "2020-02-03T07:26:38.160Z"}, {"id": "0505bb52-2473-4e85-8bbe-9f3c98a32e11", "url": "https://i.imgur.com/ykBGEpa.jpg", "normalizedUrl": "https://imgur.com/ykBGEpa", "thumbnail": "https://i.imgur.com/ykBGEpal.jpg", "type": "image/imgur", "tags": ["ANNOTATED"], "createdAt": "2020-02-03T07:26:38.160Z", "updatedAt": "2020-02-03T07:26:38.160Z"}, {"id": "7a3bb5a2-ad96-4788-ab06-ea8652cb3249", "url": "https://i.imgur.com/aJuVwgt.jpg", "normalizedUrl": "https://imgur.com/aJuVwgt", "thumbnail": "https://i.imgur.com/aJuVwgtl.jpg", "type": "image/imgur", "tags": ["ANNOTATED"], "createdAt": "2020-02-03T07:26:38.160Z", "updatedAt": "2020-02-03T07:26:38.160Z"}], "reactions": [{"id": "286f599c-f86a-4932-82f0-f5a06f1eca03", "count": 18}], "hidden": false, "customStyle": null, "isSuspiciousAccount": false, "layout": "classic", "withImages": true, "withVideos": false, "media": [{"url": "https://i.imgur.com/ykBGEpa.jpg"}, {"url": "https://i.imgur.com/aJuVwgt.jpg"}], "reportReasonText": "", "postAvatar": ""}, {"id": 233009492, "title": "這種直髮是離子燙嗎？", "excerpt": "好想要這種質感的直髮，這是離子燙做的嗎？", "anonymousSchool": false, "anonymousDepartment": false, "pinned": false, "forumId": "62268850-d2b4-4c21-a7a3-26e71702a276", "replyId": null, "createdAt": "2020-02-03T13:42:34.767Z", "updatedAt": "2020-02-03T13:42:34.767Z", "commentCount": 4, "likeCount": 16, "withNickname": true, "tags": [], "topics": ["問題", "離子"], "meta": {"layout": "classic"}, "forumName": "美髮", "forumAlias": "hairsalon", "gender": "F", "school": "Annie", "department": "annie660321", "replyTitle": null, "mediaMeta": [{"id": "c6567a50-63d9-4587-9c7f-e14799b3f0c1", "url": "https://megapx-assets.dcard.tw/images/b178f998-e0a9-40ca-98a5-f9417c083f9b/320.jpeg", "normalizedUrl": "https://megapx-assets.dcard.tw/images/b178f998-e0a9-40ca-98a5-f9417c083f9b/320.jpeg", "thumbnail": "https://megapx-assets.dcard.tw/images/b178f998-e0a9-40ca-98a5-f9417c083f9b/320.jpeg", "type": "image/thumbnail", "tags": [], "createdAt": "2020-02-03T13:42:34.767Z", "updatedAt": "2020-02-03T13:42:34.767Z", "width": 320, "height": 319}, {"id": "c6567a50-63d9-4587-9c7f-e14799b3f0c1", "url": "https://megapx-assets.dcard.tw/images/b178f998-e0a9-40ca-98a5-f9417c083f9b/full.jpeg", "normalizedUrl": "https://megapx.dcard.tw/v1/images/b178f998-e0a9-40ca-98a5-f9417c083f9b", "thumbnail": "https://megapx-assets.dcard.tw/images/b178f998-e0a9-40ca-98a5-f9417c083f9b/320.jpeg", "type": "image/megapx", "tags": [], "createdAt": "2020-02-03T13:42:34.767Z", "updatedAt": "2020-02-03T13:42:34.767Z", "width": 640, "height": 637}, {"id": "d3140753-2cee-439a-afd6-7d77019af4ae", "url": "https://megapx-assets.dcard.tw/images/e057ac7c-e4aa-4fd9-b6ca-080bda7cd5ae/full.jpeg", "normalizedUrl": "https://megapx.dcard.tw/v1/images/e057ac7c-e4aa-4fd9-b6ca-080bda7cd5ae", "thumbnail": "https://megapx-assets.dcard.tw/images/e057ac7c-e4aa-4fd9-b6ca-080bda7cd5ae/640.jpeg", "type": "image/megapx", "tags": [], "createdAt": "2020-02-03T13:42:34.767Z", "updatedAt": "2020-02-03T13:42:34.767Z", "width": 1024, "height": 768}], "reactions": [{"id": "286f599c-f86a-4932-82f0-f5a06f1eca03", "count": 16}], "hidden": false, "customStyle": null, "isSuspiciousAccount": false, "layout": "classic", "withImages": true, "withVideos": false, "media": [{"url": "https://megapx-assets.dcard.tw/images/b178f998-e0a9-40ca-98a5-f9417c083f9b/full.jpeg"}, {"url": "https://megapx-assets.dcard.tw/images/e057ac7c-e4aa-4fd9-b6ca-080bda7cd5ae/full.jpeg"}], "reportReasonText": "", "postAvatar": ""}, {"id": 233012035, "title": "再見，禿頭", "excerpt": "本人小弟在下我，從大二開始禿頭，一開始覺得是洗髮精問題，所以不斷的換洗髮精（其實只是逃避現實），那時因為髮量依然很多，所以沒有很在乎，一直到大四上，我的瀏海已經捨去了一半，我才開始驚覺不對，再這樣下去", "anonymousSchool": false, "anonymousDepartment": true, "pinned": false, "forumId": "62268850-d2b4-4c21-a7a3-26e71702a276", "replyId": null, "createdAt": "2020-02-03T22:27:40.415Z", "updatedAt": "2020-02-03T22:27:40.415Z", "commentCount": 1, "likeCount": 10, "withNickname": false, "tags": [], "topics": ["髮型", "洗髮精", "分享"], "meta": {"layout": "classic"}, "forumName": "美髮", "forumAlias": "hairsalon", "gender": "M", "school": "中華醫事科技大學", "replyTitle": null, "mediaMeta": [{"id": "778099c9-2b56-43a8-b0c9-7afb6c15d80a", "url": "https://i.imgur.com/yuu3VHUl.jpg", "normalizedUrl": "https://i.imgur.com/yuu3VHUl.jpg", "thumbnail": "https://i.imgur.com/yuu3VHUl.jpg", "type": "image/thumbnail", "tags": ["ANNOTATED"], "createdAt": "2020-02-03T22:27:40.415Z", "updatedAt": "2020-02-03T22:27:40.415Z"}, {"id": "778099c9-2b56-43a8-b0c9-7afb6c15d80a", "url": "https://i.imgur.com/yuu3VHU.jpg", "normalizedUrl": "https://imgur.com/yuu3VHU", "thumbnail": "https://i.imgur.com/yuu3VHUl.jpg", "type": "image/imgur", "tags": ["ANNOTATED"], "createdAt": "2020-02-03T22:27:40.415Z", "updatedAt": "2020-02-03T22:27:40.415Z"}, {"id": "ff99ac53-81fb-4ced-af58-803a59839cd1", "url": "https://i.imgur.com/y9izPgL.jpg", "normalizedUrl": "https://imgur.com/y9izPgL", "thumbnail": "https://i.imgur.com/y9izPgLl.jpg", "type": "image/imgur", "tags": ["ANNOTATED"], "createdAt": "2020-02-03T22:27:40.415Z", "updatedAt": "2020-02-03T22:27:40.415Z"}, {"id": "c5a428b0-c9dc-4b75-9788-5bd531dcce3a", "url": "https://i.imgur.com/uy8EdAA.jpg", "normalizedUrl": "https://imgur.com/uy8EdAA", "thumbnail": "https://i.imgur.com/uy8EdAAl.jpg", "type": "image/imgur", "tags": ["ANNOTATED"], "createdAt": "2020-02-03T22:27:40.415Z", "updatedAt": "2020-02-03T22:27:40.415Z"}, {"id": "a74cb25a-23b1-4811-8bda-d5bb4d81a856", "url": "https://i.imgur.com/1JLpYwt.jpg", "normalizedUrl": "https://imgur.com/1JLpYwt", "thumbnail": "https://i.imgur.com/1JLpYwtl.jpg", "type": "image/imgur", "tags": ["ANNOTATED"], "createdAt": "2020-02-03T22:27:40.415Z", "updatedAt": "2020-02-03T22:27:40.415Z"}, {"id": "4bd41704-45d2-4384-943b-00b8ffba5705", "url": "https://i.imgur.com/f9Iz3xF.jpg", "normalizedUrl": "https://imgur.com/f9Iz3xF", "thumbnail": "https://i.imgur.com/f9Iz3xFl.jpg", "type": "image/imgur", "tags": ["ANNOTATED"], "createdAt": "2020-02-03T22:27:40.415Z", "updatedAt": "2020-02-03T22:27:40.415Z"}, {"id": "cc8a17f4-1c18-4ce4-b73a-e0649d70e623", "url": "https://i.imgur.com/o3DRzAU.jpg", "normalizedUrl": "https://imgur.com/o3DRzAU", "thumbnail": "https://i.imgur.com/o3DRzAUl.jpg", "type": "image/imgur", "tags": ["ANNOTATED"], "createdAt": "2020-02-03T22:27:40.415Z", "updatedAt": "2020-02-03T22:27:40.415Z"}], "reactions": [{"id": "286f599c-f86a-4932-82f0-f5a06f1eca03", "count": 10}], "hidden": false, "customStyle": null, "isSuspiciousAccount": false, "layout": "classic", "withImages": true, "withVideos": false, "media": [{"url": "https://i.imgur.com/yuu3VHU.jpg"}, {"url": "https://i.imgur.com/y9izPgL.jpg"}, {"url": "https://i.imgur.com/uy8EdAA.jpg"}, {"url": "https://i.imgur.com/1JLpYwt.jpg"}, {"url": "https://i.imgur.com/f9Iz3xF.jpg"}, {"url": "https://i.imgur.com/o3DRzAU.jpg"}], "reportReasonText": "", "postAvatar": ""}, {"id": 233004550, "title": "台北找髮模", "excerpt": "想找三位模特燙頭髮或漂頭髮，很捲的也想，捲度可以調整，不收費用，但需要拍照，帶妝者佳上相佳，首先謝謝大家讓我做作品，希望自由發揮不要太限制，有超過人數再開表單，之前不小心被鎖，怕違反版規謝謝", "anonymousSchool": false, "anonymousDepartment": true, "pinned": false, "forumId": "62268850-d2b4-4c21-a7a3-26e71702a276", "replyId": null, "createdAt": "2020-02-02T17:35:38.458Z", "updatedAt": "2020-02-03T16:00:38.403Z", "commentCount": 24, "likeCount": 10, "withNickname": false, "tags": [], "topics": ["燙髮", "染髮", "髮廊", "問題", "髮型"], "meta": {"layout": "classic"}, "forumName": "美髮", "forumAlias": "hairsalon", "gender": "M", "school": "東吳大學", "replyTitle": null, "mediaMeta": [{"id": "a5960232-2b82-4df7-9009-b96b6b72feeb", "url": "https://megapx-assets.dcard.tw/images/022d89bb-004a-4147-b22a-d631552b78d1/640.jpeg", "normalizedUrl": "https://megapx-assets.dcard.tw/images/022d89bb-004a-4147-b22a-d631552b78d1/640.jpeg", "thumbnail": "https://megapx-assets.dcard.tw/images/022d89bb-004a-4147-b22a-d631552b78d1/640.jpeg", "type": "image/thumbnail", "tags": ["ANNOTATED"], "createdAt": "2020-02-02T17:35:38.458Z", "updatedAt": "2020-02-03T16:00:38.403Z", "width": 480, "height": 640}, {"id": "a5960232-2b82-4df7-9009-b96b6b72feeb", "url": "https://megapx-assets.dcard.tw/images/022d89bb-004a-4147-b22a-d631552b78d1/1280.jpeg", "normalizedUrl": "https://megapx.dcard.tw/v1/images/022d89bb-004a-4147-b22a-d631552b78d1", "thumbnail": "https://megapx-assets.dcard.tw/images/022d89bb-004a-4147-b22a-d631552b78d1/640.jpeg", "type": "image/megapx", "tags": ["ANNOTATED"], "createdAt": "2020-02-02T17:35:38.458Z", "updatedAt": "2020-02-03T16:00:38.403Z", "width": 1500, "height": 2000}, {"id": "68b121b9-aef3-4eb1-acd9-57ec777e034f", "url": "https://megapx-assets.dcard.tw/images/09572c0e-3196-4ae1-aa83-ce0d20e735b6/full.jpeg", "normalizedUrl": "https://megapx.dcard.tw/v1/images/09572c0e-3196-4ae1-aa83-ce0d20e735b6", "thumbnail": "https://megapx-assets.dcard.tw/images/09572c0e-3196-4ae1-aa83-ce0d20e735b6/640.jpeg", "type": "image/megapx", "tags": ["ANNOTATED"], "createdAt": "2020-02-03T15:56:55.960Z", "updatedAt": "2020-02-03T16:00:38.403Z", "width": 529, "height": 713}, {"id": "5b746e48-9dbd-43e6-b2b9-05136299b356", "url": "https://megapx-assets.dcard.tw/images/2075dac3-06b8-48eb-85ef-6dabc24b2eef/1280.jpeg", "normalizedUrl": "https://megapx.dcard.tw/v1/images/2075dac3-06b8-48eb-85ef-6dabc24b2eef", "thumbnail": "https://megapx-assets.dcard.tw/images/2075dac3-06b8-48eb-85ef-6dabc24b2eef/640.jpeg", "type": "image/megapx", "tags": [], "createdAt": "2020-02-03T16:00:38.403Z", "updatedAt": "2020-02-03T16:00:38.403Z", "width": 2000, "height": 1500}, {"id": "61ced4f0-6cb9-4645-97e3-0dbe039bcb0f", "url": "https://megapx-assets.dcard.tw/images/41780cd4-7364-49a1-a79f-1665e8d391e1/1280.jpeg", "normalizedUrl": "https://megapx.dcard.tw/v1/images/41780cd4-7364-49a1-a79f-1665e8d391e1", "thumbnail": "https://megapx-assets.dcard.tw/images/41780cd4-7364-49a1-a79f-1665e8d391e1/640.jpeg", "type": "image/megapx", "tags": [], "createdAt": "2020-02-03T16:00:38.403Z", "updatedAt": "2020-02-03T16:00:38.403Z", "width": 2001, "height": 1500}, {"id": "a0d06e08-fab0-403c-9e1b-92d543fc2e16", "url": "https://megapx-assets.dcard.tw/images/4b0d3066-ac39-48f6-9d12-ac4bef8c46de/full.jpeg", "normalizedUrl": "https://megapx.dcard.tw/v1/images/4b0d3066-ac39-48f6-9d12-ac4bef8c46de", "thumbnail": "https://megapx-assets.dcard.tw/images/4b0d3066-ac39-48f6-9d12-ac4bef8c46de/640.jpeg", "type": "image/megapx", "tags": ["ANNOTATED"], "createdAt": "2020-02-02T17:35:38.458Z", "updatedAt": "2020-02-03T16:00:38.403Z", "width": 750, "height": 885}, {"id": "d89fe029-a23e-42d3-8151-7d8c1e24269d", "url": "https://megapx-assets.dcard.tw/images/60204a1b-d4e3-45b2-b9c3-e647fb4bcee3/1280.jpeg", "normalizedUrl": "https://megapx.dcard.tw/v1/images/60204a1b-d4e3-45b2-b9c3-e647fb4bcee3", "thumbnail": "https://megapx-assets.dcard.tw/images/60204a1b-d4e3-45b2-b9c3-e647fb4bcee3/640.jpeg", "type": "image/megapx", "tags": ["ANNOTATED"], "createdAt": "2020-02-02T17:35:38.458Z", "updatedAt": "2020-02-03T16:00:38.403Z", "width": 1500, "height": 1125}, {"id": "63d71b95-ed89-433b-b244-dc777d6e4c07", "url": "https://megapx-assets.dcard.tw/images/c24be72e-60df-42b3-b40e-41e0bab98539/1280.jpeg", "normalizedUrl": "https://megapx.dcard.tw/v1/images/c24be72e-60df-42b3-b40e-41e0bab98539", "thumbnail": "https://megapx-assets.dcard.tw/images/c24be72e-60df-42b3-b40e-41e0bab98539/640.jpeg", "type": "image/megapx", "tags": ["ANNOTATED"], "createdAt": "2020-02-02T17:35:38.458Z", "updatedAt": "2020-02-03T16:00:38.403Z", "width": 1500, "height": 1501}, {"id": "5f261b5e-ce7b-4a93-8122-3560a211f921", "url": "https://megapx-assets.dcard.tw/images/5083b77f-40f4-4548-99f6-b75aceefc90d/1280.jpeg", "normalizedUrl": "https://megapx.dcard.tw/v1/images/5083b77f-40f4-4548-99f6-b75aceefc90d", "thumbnail": "https://megapx-assets.dcard.tw/images/5083b77f-40f4-4548-99f6-b75aceefc90d/640.jpeg", "type": "image/megapx", "tags": ["ANNOTATED"], "createdAt": "2020-02-02T17:35:38.458Z", "updatedAt": "2020-02-03T16:00:38.403Z", "width": 1500, "height": 2000}, {"id": "99285d7d-28e2-4405-8d54-9454994b9987", "url": "https://megapx-assets.dcard.tw/images/ae46ee3f-c148-4933-9234-8cfba1b87de7/1280.jpeg", "normalizedUrl": "https://megapx.dcard.tw/v1/images/ae46ee3f-c148-4933-9234-8cfba1b87de7", "thumbnail": "https://megapx-assets.dcard.tw/images/ae46ee3f-c148-4933-9234-8cfba1b87de7/640.jpeg", "type": "image/megapx", "tags": ["ANNOTATED"], "createdAt": "2020-02-02T17:35:38.458Z", "updatedAt": "2020-02-03T16:00:38.403Z", "width": 1500, "height": 1125}], "reactions": [{"id": "286f599c-f86a-4932-82f0-f5a06f1eca03", "count": 10}], "hidden": false, "customStyle": null, "isSuspiciousAccount": false, "layout": "classic", "withImages": true, "withVideos": false, "media": [{"url": "https://megapx-assets.dcard.tw/images/022d89bb-004a-4147-b22a-d631552b78d1/1280.jpeg"}, {"url": "https://megapx-assets.dcard.tw/images/09572c0e-3196-4ae1-aa83-ce0d20e735b6/full.jpeg"}, {"url": "https://megapx-assets.dcard.tw/images/2075dac3-06b8-48eb-85ef-6dabc24b2eef/1280.jpeg"}, {"url": "https://megapx-assets.dcard.tw/images/41780cd4-7364-49a1-a79f-1665e8d391e1/1280.jpeg"}, {"url": "https://megapx-assets.dcard.tw/images/4b0d3066-ac39-48f6-9d12-ac4bef8c46de/full.jpeg"}, {"url": "https://megapx-assets.dcard.tw/images/60204a1b-d4e3-45b2-b9c3-e647fb4bcee3/1280.jpeg"}, {"url": "https://megapx-assets.dcard.tw/images/c24be72e-60df-42b3-b40e-41e0bab98539/1280.jpeg"}, {"url": "https://megapx-assets.dcard.tw/images/5083b77f-40f4-4548-99f6-b75aceefc90d/1280.jpeg"}, {"url": "https://megapx-assets.dcard.tw/images/ae46ee3f-c148-4933-9234-8cfba1b87de7/1280.jpeg"}], "reportReasonText": "", "postAvatar": ""}, {"id": 233010973, "title": "台北公館找髮模", "excerpt": "想找  歐系刷染 air touch  髮模，累積作品需要配合拍照，顏色可溝通，會需要 漂髮，髮況 會篩選 要注意看哦，禁止 染深 過  開架染，長度需過肩，需要 直髮 無自然捲，無高層次 和過度打薄", "anonymousSchool": false, "anonymousDepartment": false, "pinned": false, "forumId": "62268850-d2b4-4c21-a7a3-26e71702a276", "replyId": null, "createdAt": "2020-02-03T16:39:08.370Z", "updatedAt": "2020-02-04T01:59:10.657Z", "commentCount": 9, "likeCount": 4, "withNickname": true, "tags": [], "topics": ["台北", "公館", "漂髮"], "meta": {"layout": "classic"}, "forumName": "美髮", "forumAlias": "hairsalon", "gender": "M", "school": "翻轉未來", "department": "a25816457", "replyTitle": null, "mediaMeta": [{"id": "63f526ff-f956-4154-a441-8b6333da8c4d", "url": "https://i.imgur.com/7JKhRowl.jpg", "normalizedUrl": "https://i.imgur.com/7JKhRowl.jpg", "thumbnail": "https://i.imgur.com/7JKhRowl.jpg", "type": "image/thumbnail", "tags": ["ANNOTATED"], "createdAt": "2020-02-03T16:39:08.370Z", "updatedAt": "2020-02-04T01:59:10.657Z"}, {"id": "63f526ff-f956-4154-a441-8b6333da8c4d", "url": "https://i.imgur.com/7JKhRow.jpg", "normalizedUrl": "https://imgur.com/7JKhRow", "thumbnail": "https://i.imgur.com/7JKhRowl.jpg", "type": "image/imgur", "tags": ["ANNOTATED"], "createdAt": "2020-02-03T16:39:08.370Z", "updatedAt": "2020-02-04T01:59:10.657Z"}, {"id": "9846114e-f6ed-4dec-adf2-970e52e82530", "url": "https://i.imgur.com/JGi7nNU.jpg", "normalizedUrl": "https://imgur.com/JGi7nNU", "thumbnail": "https://i.imgur.com/JGi7nNUl.jpg", "type": "image/imgur", "tags": ["ANNOTATED"], "createdAt": "2020-02-03T16:39:08.370Z", "updatedAt": "2020-02-04T01:59:10.657Z"}, {"id": "ca828f83-86ba-4c36-9a4b-88982bcfc494", "url": "https://i.imgur.com/QINXJvV.jpg", "normalizedUrl": "https://imgur.com/QINXJvV", "thumbnail": "https://i.imgur.com/QINXJvVl.jpg", "type": "image/imgur", "tags": ["ANNOTATED"], "createdAt": "2020-02-03T16:39:08.370Z", "updatedAt": "2020-02-04T01:59:10.657Z"}, {"id": "bdc27d8b-41f4-42ae-b81f-7ed2175e9157", "url": "https://i.imgur.com/P2cy5LM.jpg", "normalizedUrl": "https://imgur.com/P2cy5LM", "thumbnail": "https://i.imgur.com/P2cy5LMl.jpg", "type": "image/imgur", "tags": ["ANNOTATED"], "createdAt": "2020-02-03T16:39:08.370Z", "updatedAt": "2020-02-04T01:59:10.657Z"}, {"id": "cba243ff-4ccb-465e-b8da-45a1ea74431e", "url": "https://i.imgur.com/AH2yBnE.jpg", "normalizedUrl": "https://imgur.com/AH2yBnE", "thumbnail": "https://i.imgur.com/AH2yBnEl.jpg", "type": "image/imgur", "tags": ["ANNOTATED"], "createdAt": "2020-02-03T16:39:08.370Z", "updatedAt": "2020-02-04T01:59:10.657Z"}], "reactions": [{"id": "286f599c-f86a-4932-82f0-f5a06f1eca03", "count": 4}], "hidden": false, "customStyle": null, "isSuspiciousAccount": false, "layout": "classic", "withImages": true, "withVideos": false, "media": [{"url": "https://i.imgur.com/7JKhRow.jpg"}, {"url": "https://i.imgur.com/JGi7nNU.jpg"}, {"url": "https://i.imgur.com/QINXJvV.jpg"}, {"url": "https://i.imgur.com/P2cy5LM.jpg"}, {"url": "https://i.imgur.com/AH2yBnE.jpg"}], "reportReasonText": "", "postAvatar": ""}, {"id": 233005626, "title": "#問 台中剪燙推薦(有選手)", "excerpt": "搜尋板上推薦的店家，目前有以下四間：斐瑟-志德，time’s 的 fish，Korewa 的 Bella，型舍 的 vico，我的訴求是燙捲跟剪髮，頭髮長度在肩膀，想要找一個設計師一起討論適合我的髮型", "anonymousSchool": false, "anonymousDepartment": true, "pinned": false, "forumId": "62268850-d2b4-4c21-a7a3-26e71702a276", "replyId": null, "createdAt": "2020-02-03T02:33:20.301Z", "updatedAt": "2020-02-03T09:43:23.222Z", "commentCount": 1, "likeCount": 3, "withNickname": false, "tags": ["HIDE_THUMBNAIL"], "topics": ["髮型", "燙髮", "髮廊", "捲髮", "剪髮"], "meta": {"layout": "classic"}, "forumName": "美髮", "forumAlias": "hairsalon", "gender": "F", "school": "嶺東科技大學", "replyTitle": null, "mediaMeta": [], "reactions": [{"id": "286f599c-f86a-4932-82f0-f5a06f1eca03", "count": 3}], "hidden": false, "customStyle": null, "isSuspiciousAccount": false, "layout": "classic", "withImages": false, "withVideos": false, "media": [], "reportReasonText": "", "postAvatar": ""}, {"id": 233005099, "title": "求！推薦台南剪短髮設計師", "excerpt": "如題，約莫半年前剪短後就喜歡上保持短髮的樣子🤩，但是...覺得本來的設計師最近跟我好像沒有很對味，個人喜歡比較個性一點的短髮造型，最近頭髮也長到一個不得不修的狀態...非常苦惱中，求大家無私推薦分享", "anonymousSchool": false, "anonymousDepartment": true, "pinned": false, "forumId": "62268850-d2b4-4c21-a7a3-26e71702a276", "replyId": null, "createdAt": "2020-02-02T20:15:52.039Z", "updatedAt": "2020-02-02T20:15:52.039Z", "commentCount": 4, "likeCount": 2, "withNickname": false, "tags": ["HIDE_THUMBNAIL"], "topics": ["設計師", "台南", "短髮", "髮型", "求解"], "meta": {"layout": "classic"}, "forumName": "美髮", "forumAlias": "hairsalon", "gender": "F", "school": "國立臺南大學", "replyTitle": null, "mediaMeta": [], "reactions": [{"id": "286f599c-f86a-4932-82f0-f5a06f1eca03", "count": 2}], "hidden": false, "customStyle": null, "isSuspiciousAccount": false, "layout": "classic", "withImages": false, "withVideos": false, "media": [], "reportReasonText": "", "postAvatar": ""}, {"id": 233009168, "title": "求適合秀氣男孩的髮型..", "excerpt": "如標題，本人每次剪頭髮都只能剪咩頭的男孩..，因為找不到真的是找不到我的髮型，頭髮中分 顯臉大 啊我又是個矮個子 整個就很不對勁..，又不敢嘗試剪太短 一整個超猶豫，以上是我目前的頭髮 頭髮太長梳上去", "anonymousSchool": false, "anonymousDepartment": true, "pinned": false, "forumId": "62268850-d2b4-4c21-a7a3-26e71702a276", "replyId": null, "createdAt": "2020-02-03T12:58:45.933Z", "updatedAt": "2020-02-03T12:58:45.933Z", "commentCount": 3, "likeCount": 1, "withNickname": false, "tags": [], "topics": ["髮型", "男孩", "秀氣", "剪髮", "細軟髮"], "meta": {"layout": "classic"}, "forumName": "美髮", "forumAlias": "hairsalon", "gender": "M", "school": "建國科技大學", "replyTitle": null, "mediaMeta": [{"id": "a8aee3f6-66ce-4379-98b5-517615452524", "url": "https://megapx-assets.dcard.tw/images/7b88246e-bf5e-44cf-84b4-6aeb1499bcf2/640.jpeg", "normalizedUrl": "https://megapx-assets.dcard.tw/images/7b88246e-bf5e-44cf-84b4-6aeb1499bcf2/640.jpeg", "thumbnail": "https://megapx-assets.dcard.tw/images/7b88246e-bf5e-44cf-84b4-6aeb1499bcf2/640.jpeg", "type": "image/thumbnail", "tags": [], "createdAt": "2020-02-03T12:58:45.933Z", "updatedAt": "2020-02-03T12:58:45.933Z", "width": 480, "height": 640}, {"id": "a8aee3f6-66ce-4379-98b5-517615452524", "url": "https://megapx-assets.dcard.tw/images/7b88246e-bf5e-44cf-84b4-6aeb1499bcf2/1280.jpeg", "normalizedUrl": "https://megapx.dcard.tw/v1/images/7b88246e-bf5e-44cf-84b4-6aeb1499bcf2", "thumbnail": "https://megapx-assets.dcard.tw/images/7b88246e-bf5e-44cf-84b4-6aeb1499bcf2/640.jpeg", "type": "image/megapx", "tags": [], "createdAt": "2020-02-03T12:58:45.933Z", "updatedAt": "2020-02-03T12:58:45.933Z", "width": 1500, "height": 2000}], "reactions": [{"id": "286f599c-f86a-4932-82f0-f5a06f1eca03", "count": 1}], "hidden": false, "customStyle": null, "isSuspiciousAccount": false, "layout": "classic", "withImages": true, "withVideos": false, "media": [{"url": "https://megapx-assets.dcard.tw/images/7b88246e-bf5e-44cf-84b4-6aeb1499bcf2/1280.jpeg"}], "reportReasonText": "", "postAvatar": ""}, {"id": 233008958, "title": "#求解 月經燙髮", "excerpt": "我上個月預約要燙頭髮偏偏月經剛來可是隔天就要燙了，想問大家能不能去燙，因為我上網查了一下看到很多人說不行，容易致癌，有些人說不會", "anonymousSchool": false, "anonymousDepartment": true, "pinned": false, "forumId": "62268850-d2b4-4c21-a7a3-26e71702a276", "replyId": null, "createdAt": "2020-02-03T12:24:23.972Z", "updatedAt": "2020-02-03T12:24:23.972Z", "commentCount": 4, "likeCount": 1, "withNickname": false, "tags": ["HIDE_THUMBNAIL"], "topics": ["月經", "燙髮", "求解"], "meta": {"layout": "classic"}, "forumName": "美髮", "forumAlias": "hairsalon", "gender": "F", "school": "樹德科技大學", "replyTitle": null, "mediaMeta": [], "reactions": [{"id": "286f599c-f86a-4932-82f0-f5a06f1eca03", "count": 1}], "hidden": false, "customStyle": null, "isSuspiciousAccount": false, "layout": "classic", "withImages": false, "withVideos": false, "media": [], "reportReasonText": "", "postAvatar": ""}, {"id": 233006932, "title": "#問 肯夢畢業展模特", "excerpt": "在社團裡面看到這個訊息 但查了好久都沒有相關心得 請問有人參加過可以分享的嗎，謝謝", "anonymousSchool": false, "anonymousDepartment": true, "pinned": false, "forumId": "62268850-d2b4-4c21-a7a3-26e71702a276", "replyId": null, "createdAt": "2020-02-03T07:34:35.330Z", "updatedAt": "2020-02-03T07:34:35.330Z", "commentCount": 1, "likeCount": 1, "withNickname": false, "tags": [], "topics": ["肯夢", "模特"], "meta": {"layout": "classic"}, "forumName": "美髮", "forumAlias": "hairsalon", "gender": "F", "school": "國立成功大學", "replyTitle": null, "mediaMeta": [{"id": "1d65e33b-124d-418a-96f5-00f4e71fb6d4", "url": "https://megapx-assets.dcard.tw/images/4062e085-5554-43f2-8b74-86d7efc44c56/640.jpeg", "normalizedUrl": "https://megapx-assets.dcard.tw/images/4062e085-5554-43f2-8b74-86d7efc44c56/640.jpeg", "thumbnail": "https://megapx-assets.dcard.tw/images/4062e085-5554-43f2-8b74-86d7efc44c56/640.jpeg", "type": "image/thumbnail", "tags": ["ANNOTATED"], "createdAt": "2020-02-03T07:34:35.330Z", "updatedAt": "2020-02-03T07:34:35.330Z", "width": 360, "height": 640}, {"id": "1d65e33b-124d-418a-96f5-00f4e71fb6d4", "url": "https://megapx-assets.dcard.tw/images/4062e085-5554-43f2-8b74-86d7efc44c56/1280.jpeg", "normalizedUrl": "https://megapx.dcard.tw/v1/images/4062e085-5554-43f2-8b74-86d7efc44c56", "thumbnail": "https://megapx-assets.dcard.tw/images/4062e085-5554-43f2-8b74-86d7efc44c56/640.jpeg", "type": "image/megapx", "tags": ["ANNOTATED"], "createdAt": "2020-02-03T07:34:35.330Z", "updatedAt": "2020-02-03T07:34:35.330Z", "width": 750, "height": 1334}], "reactions": [{"id": "286f599c-f86a-4932-82f0-f5a06f1eca03", "count": 1}], "hidden": false, "customStyle": null, "isSuspiciousAccount": false, "layout": "classic", "withImages": true, "withVideos": false, "media": [{"url": "https://megapx-assets.dcard.tw/images/4062e085-5554-43f2-8b74-86d7efc44c56/1280.jpeg"}], "reportReasonText": "", "postAvatar": ""}, {"id": 233005837, "title": "台中日系短髮 推薦", "excerpt": "請問版上有人可以推薦剪日系短髮的臺中髮廊嗎~，找了很多不錯的，但都是在臺北，不想跑這麼遠QQ，謝謝大家", "anonymousSchool": false, "anonymousDepartment": true, "pinned": false, "forumId": "62268850-d2b4-4c21-a7a3-26e71702a276", "replyId": null, "createdAt": "2020-02-03T03:25:45.275Z", "updatedAt": "2020-02-03T03:25:45.275Z", "commentCount": 0, "likeCount": 1, "withNickname": false, "tags": [], "topics": [], "meta": {"layout": "classic"}, "forumName": "美髮", "forumAlias": "hairsalon", "gender": "F", "school": "朝陽科技大學", "replyTitle": null, "mediaMeta": [], "reactions": [{"id": "286f599c-f86a-4932-82f0-f5a06f1eca03", "count": 1}], "hidden": false, "customStyle": null, "isSuspiciousAccount": false, "layout": "classic", "withImages": false, "withVideos": false, "media": [], "reportReasonText": "", "postAvatar": ""}, {"id": 233012213, "title": "燙髮慕斯", "excerpt": "最近去燙了水波紋，但第一次燙髮有點不太了解，設計師説我的髮質比較更細軟？要抹比較硬一點的慕斯，想問問有沒有人的髮質也是這樣，可以推薦一下我嗎，謝謝大家了！！！", "anonymousSchool": false, "anonymousDepartment": true, "pinned": false, "forumId": "62268850-d2b4-4c21-a7a3-26e71702a276", "replyId": null, "createdAt": "2020-02-04T01:04:37.192Z", "updatedAt": "2020-02-04T01:04:37.192Z", "commentCount": 0, "likeCount": 0, "withNickname": false, "tags": ["HIDE_THUMBNAIL"], "topics": ["燙髮", "水波紋", "慕斯"], "meta": {"layout": "classic"}, "forumName": "美髮", "forumAlias": "hairsalon", "gender": "F", "school": "龍華科技大學", "replyTitle": null, "mediaMeta": [], "reactions": [], "hidden": false, "customStyle": null, "isSuspiciousAccount": false, "layout": "classic", "withImages": false, "withVideos": false, "media": [], "reportReasonText": "", "postAvatar": ""}, {"id": 233011191, "title": "漂染", "excerpt": "請問漂染完有點結痂會流湯出來算是正常狀況嗎 過幾天就好了？", "anonymousSchool": false, "anonymousDepartment": true, "pinned": false, "forumId": "62268850-d2b4-4c21-a7a3-26e71702a276", "replyId": null, "createdAt": "2020-02-03T17:06:11.869Z", "updatedAt": "2020-02-03T17:07:00.562Z", "commentCount": 10, "likeCount": 0, "withNickname": false, "tags": ["HIDE_THUMBNAIL"], "topics": ["染髮", "漂髮"], "meta": {"layout": "classic"}, "forumName": "美髮", "forumAlias": "hairsalon", "gender": "M", "school": "經國管理暨健康學院", "replyTitle": null, "mediaMeta": [], "reactions": [], "hidden": false, "customStyle": null, "isSuspiciousAccount": false, "layout": "classic", "withImages": false, "withVideos": false, "media": [], "reportReasonText": "", "postAvatar": ""}, {"id": 233010571, "title": "控油洗髮用品", "excerpt": "想請問 家人每天睡前洗頭，但是到了隔天中午頭就會開始出油，甚至會有頭皮屑，請問該用什麼控油的洗髮精比較能解決這狀況呢？謝謝", "anonymousSchool": false, "anonymousDepartment": true, "pinned": false, "forumId": "62268850-d2b4-4c21-a7a3-26e71702a276", "replyId": null, "createdAt": "2020-02-03T15:54:07.040Z", "updatedAt": "2020-02-03T15:54:07.040Z", "commentCount": 2, "likeCount": 0, "withNickname": false, "tags": ["HIDE_THUMBNAIL"], "topics": ["求解", "洗髮精", "油性髮質", "問題"], "meta": {"layout": "classic"}, "forumName": "美髮", "forumAlias": "hairsalon", "gender": "F", "school": "醒吾科技大學", "replyTitle": null, "mediaMeta": [], "reactions": [], "hidden": false, "customStyle": null, "isSuspiciousAccount": false, "layout": "classic", "withImages": false, "withVideos": false, "media": [], "reportReasonText": "", "postAvatar": ""}, {"id": 233007162, "title": "頭髮自然捲的困擾", "excerpt": "本人我頭髮很多又有自然捲所以頭髮都非常厚，然後去年有去燙過頭髮了，但最近頭髮感覺很澎很厚的感覺，有什麼方法可以讓頭髮很順又看起來不會很澎很厚的方法🥺🥺", "anonymousSchool": false, "anonymousDepartment": true, "pinned": false, "forumId": "62268850-d2b4-4c21-a7a3-26e71702a276", "replyId": null, "createdAt": "2020-02-03T08:17:48.700Z", "updatedAt": "2020-02-03T08:17:48.700Z", "commentCount": 7, "likeCount": 0, "withNickname": false, "tags": ["HIDE_THUMBNAIL"], "topics": ["自然捲", "頭髮", "髮型", "求解", "問題"], "meta": {"layout": "classic"}, "forumName": "美髮", "forumAlias": "hairsalon", "gender": "F", "school": "馬偕醫護管理專科學校", "replyTitle": null, "mediaMeta": [], "reactions": [], "hidden": false, "customStyle": null, "isSuspiciousAccount": false, "layout": "classic", "withImages": false, "withVideos": false, "media": [], "reportReasonText": "", "postAvatar": ""}]