[{"id": 233005051, "title": "#手繪 標題怎麼打才會吸引大家進來看😂", "excerpt": "半夜睡不著啦~，就放點最近畫的圖上來傷害大家眼睛，這張因為紙質選錯了，所以有很嚴重的紋路，但還是能看就這樣了，工具：色鉛筆，貓咪ฅ'ω'ฅ，很可愛對吧！，我知道，乾刷技法。工具：水彩，鸚鵡，兩隻正在幽", "anonymousSchool": false, "anonymousDepartment": false, "pinned": false, "forumId": "c82dae3f-28ba-4aae-961d-c754e6ccd37a", "replyId": null, "createdAt": "2020-02-02T19:44:10.201Z", "updatedAt": "2020-02-03T04:47:32.111Z", "commentCount": 8, "likeCount": 53, "withNickname": true, "tags": [], "topics": ["手繪", "插畫", "素描", "水彩", "色鉛筆"], "meta": {"layout": "classic"}, "forumName": "手作", "forumAlias": "handicrafts", "gender": "M", "school": "有病的孩紙💉", "department": "hi_hi_hru", "replyTitle": null, "mediaMeta": [{"id": "a952e9d6-5a40-46d8-92c7-5d56589c62ae", "url": "https://i.imgur.com/mrbKgN9l.jpg", "normalizedUrl": "https://i.imgur.com/mrbKgN9l.jpg", "thumbnail": "https://i.imgur.com/mrbKgN9l.jpg", "type": "image/thumbnail", "tags": ["ANNOTATED"], "createdAt": "2020-02-02T19:44:10.201Z", "updatedAt": "2020-02-03T04:47:32.111Z"}, {"id": "a952e9d6-5a40-46d8-92c7-5d56589c62ae", "url": "https://i.imgur.com/mrbKgN9.jpg", "normalizedUrl": "https://imgur.com/mrbKgN9", "thumbnail": "https://i.imgur.com/mrbKgN9l.jpg", "type": "image/imgur", "tags": ["ANNOTATED"], "createdAt": "2020-02-02T19:44:10.201Z", "updatedAt": "2020-02-03T04:47:32.111Z"}, {"id": "60747a56-688b-45d8-be4d-127cd0c3f699", "url": "https://i.imgur.com/9upIoCB.jpg", "normalizedUrl": "https://imgur.com/9upIoCB", "thumbnail": "https://i.imgur.com/9upIoCBl.jpg", "type": "image/imgur", "tags": ["ANNOTATED"], "createdAt": "2020-02-02T19:44:10.201Z", "updatedAt": "2020-02-03T04:47:32.111Z"}, {"id": "f159a89d-1301-4b59-af69-8145e7a73fc0", "url": "https://i.imgur.com/pEOgDTi.jpg", "normalizedUrl": "https://imgur.com/pEOgDTi", "thumbnail": "https://i.imgur.com/pEOgDTil.jpg", "type": "image/imgur", "tags": ["ANNOTATED"], "createdAt": "2020-02-02T19:44:10.201Z", "updatedAt": "2020-02-03T04:47:32.111Z"}, {"id": "4f9fda1d-8032-48ff-9c66-9602a5fe62fb", "url": "https://i.imgur.com/zaoDaPN.jpg", "normalizedUrl": "https://imgur.com/zaoDaPN", "thumbnail": "https://i.imgur.com/zaoDaPNl.jpg", "type": "image/imgur", "tags": ["ANNOTATED"], "createdAt": "2020-02-02T19:44:10.201Z", "updatedAt": "2020-02-03T04:47:32.111Z"}, {"id": "65c2cbdc-e432-4bdf-97b6-27f48bbded97", "url": "https://i.imgur.com/hDXE4EG.jpg", "normalizedUrl": "https://imgur.com/hDXE4EG", "thumbnail": "https://i.imgur.com/hDXE4EGl.jpg", "type": "image/imgur", "tags": ["ANNOTATED"], "createdAt": "2020-02-02T19:44:10.201Z", "updatedAt": "2020-02-03T04:47:32.111Z"}, {"id": "82f941f8-8099-4efe-a0a9-f77c08192d8a", "url": "https://i.imgur.com/dX0r2yx.jpg", "normalizedUrl": "https://imgur.com/dX0r2yx", "thumbnail": "https://i.imgur.com/dX0r2yxl.jpg", "type": "image/imgur", "tags": ["ANNOTATED"], "createdAt": "2020-02-02T20:53:07.709Z", "updatedAt": "2020-02-03T04:47:32.111Z"}], "reactions": [{"id": "286f599c-f86a-4932-82f0-f5a06f1eca03", "count": 53}], "hidden": false, "customStyle": null, "isSuspiciousAccount": false, "layout": "classic", "withImages": true, "withVideos": false, "media": [{"url": "https://i.imgur.com/mrbKgN9.jpg"}, {"url": "https://i.imgur.com/9upIoCB.jpg"}, {"url": "https://i.imgur.com/pEOgDTi.jpg"}, {"url": "https://i.imgur.com/zaoDaPN.jpg"}, {"url": "https://i.imgur.com/hDXE4EG.jpg"}, {"url": "https://i.imgur.com/dX0r2yx.jpg"}], "reportReasonText": "", "postAvatar": ""}, {"id": 233008775, "title": "分享~~連麻瓜也能在半小時內完成的巧克力蛙", "excerpt": "令人熱血沸騰的情人節快到了，身為哈利波特的狂熱迷，在此特別分享巫師界流行的糖果~~巧克力蛙的製作過程，提供今年想送情人節巧克力給曖昧對象、男友、女友或摯友們的人做為參考，不管你是巫師、麻瓜還是爆竹，不", "anonymousSchool": false, "anonymousDepartment": false, "pinned": false, "forumId": "c82dae3f-28ba-4aae-961d-c754e6ccd37a", "replyId": null, "createdAt": "2020-02-03T11:55:02.237Z", "updatedAt": "2020-02-03T16:01:33.931Z", "commentCount": 0, "likeCount": 28, "withNickname": true, "tags": [], "topics": ["巧克力蛙", "情人節禮物", "麻瓜跟巫師都能上手", "手作", "哈利波特"], "meta": {"layout": "classic"}, "forumName": "手作", "forumAlias": "handicrafts", "gender": "F", "school": "幻形怪", "department": "riddikulus0_0", "replyTitle": null, "mediaMeta": [{"id": "4ed5a4cb-ff3f-4bb1-98d1-678982de2e3b", "url": "https://i.imgur.com/THiWXXZl.jpg", "normalizedUrl": "https://i.imgur.com/THiWXXZl.jpg", "thumbnail": "https://i.imgur.com/THiWXXZl.jpg", "type": "image/thumbnail", "tags": ["ANNOTATED"], "createdAt": "2020-02-03T11:55:02.237Z", "updatedAt": "2020-02-03T16:01:33.931Z"}, {"id": "4ed5a4cb-ff3f-4bb1-98d1-678982de2e3b", "url": "https://i.imgur.com/THiWXXZ.jpg", "normalizedUrl": "https://imgur.com/THiWXXZ", "thumbnail": "https://i.imgur.com/THiWXXZl.jpg", "type": "image/imgur", "tags": ["ANNOTATED"], "createdAt": "2020-02-03T11:55:02.237Z", "updatedAt": "2020-02-03T16:01:33.931Z"}, {"id": "46b214a2-c513-4a3a-a413-c10ef3f87537", "url": "https://i.imgur.com/che7xiF.jpg", "normalizedUrl": "https://imgur.com/che7xiF", "thumbnail": "https://i.imgur.com/che7xiFl.jpg", "type": "image/imgur", "tags": ["ANNOTATED"], "createdAt": "2020-02-03T11:55:02.237Z", "updatedAt": "2020-02-03T16:01:33.931Z"}, {"id": "8facd814-3009-4d19-897e-713cfc7cfd81", "url": "https://i.imgur.com/QEtdibq.jpg", "normalizedUrl": "https://imgur.com/QEtdibq", "thumbnail": "https://i.imgur.com/QEtdibql.jpg", "type": "image/imgur", "tags": ["ANNOTATED"], "createdAt": "2020-02-03T11:55:02.237Z", "updatedAt": "2020-02-03T16:01:33.931Z"}, {"id": "f1a9e050-0e90-4eda-8c8d-db0b4ac8d252", "url": "https://i.imgur.com/ANOGNrD.jpg", "normalizedUrl": "https://imgur.com/ANOGNrD", "thumbnail": "https://i.imgur.com/ANOGNrDl.jpg", "type": "image/imgur", "tags": ["ANNOTATED"], "createdAt": "2020-02-03T11:55:02.237Z", "updatedAt": "2020-02-03T16:01:33.931Z"}, {"id": "c08e787b-bf56-4d45-90cf-54c1978f4a63", "url": "https://i.imgur.com/RT3YHJ0.jpg", "normalizedUrl": "https://imgur.com/RT3YHJ0", "thumbnail": "https://i.imgur.com/RT3YHJ0l.jpg", "type": "image/imgur", "tags": ["ANNOTATED"], "createdAt": "2020-02-03T16:01:33.931Z", "updatedAt": "2020-02-03T16:01:33.931Z"}, {"id": "08d46293-fdbc-4941-a201-bf8016434493", "url": "https://i.imgur.com/L1vcySL.jpg", "normalizedUrl": "https://imgur.com/L1vcySL", "thumbnail": "https://i.imgur.com/L1vcySLl.jpg", "type": "image/imgur", "tags": ["ANNOTATED"], "createdAt": "2020-02-03T11:55:02.237Z", "updatedAt": "2020-02-03T16:01:33.931Z"}, {"id": "1341c517-8885-429c-a253-17c04beb69bc", "url": "https://i.imgur.com/yapiHV5.jpg", "normalizedUrl": "https://imgur.com/yapiHV5", "thumbnail": "https://i.imgur.com/yapiHV5l.jpg", "type": "image/imgur", "tags": ["ANNOTATED"], "createdAt": "2020-02-03T11:55:02.237Z", "updatedAt": "2020-02-03T16:01:33.931Z"}, {"id": "db2eb733-26b8-42ba-b337-4b7383d4244c", "url": "https://i.imgur.com/miFwGpR.jpg", "normalizedUrl": "https://imgur.com/miFwGpR", "thumbnail": "https://i.imgur.com/miFwGpRl.jpg", "type": "image/imgur", "tags": ["ANNOTATED"], "createdAt": "2020-02-03T11:55:02.237Z", "updatedAt": "2020-02-03T16:01:33.931Z"}, {"id": "d3564aa6-714f-43fa-8693-5f730d9b69b5", "url": "https://i.imgur.com/M1Su106.jpg", "normalizedUrl": "https://imgur.com/M1Su106", "thumbnail": "https://i.imgur.com/M1Su106l.jpg", "type": "image/imgur", "tags": ["ANNOTATED"], "createdAt": "2020-02-03T12:03:09.078Z", "updatedAt": "2020-02-03T16:01:33.931Z"}, {"id": "7be6b53e-0fee-4715-89f4-b7e2b9baf91d", "url": "https://i.imgur.com/g6FbGEW.jpg", "normalizedUrl": "https://imgur.com/g6FbGEW", "thumbnail": "https://i.imgur.com/g6FbGEWl.jpg", "type": "image/imgur", "tags": ["ANNOTATED"], "createdAt": "2020-02-03T12:09:05.132Z", "updatedAt": "2020-02-03T16:01:33.931Z"}, {"id": "b0adc114-e83d-418a-a6db-fd9c659d83fc", "url": "https://i.imgur.com/kQTvSTh.jpg", "normalizedUrl": "https://imgur.com/kQTvSTh", "thumbnail": "https://i.imgur.com/kQTvSThl.jpg", "type": "image/imgur", "tags": ["ANNOTATED"], "createdAt": "2020-02-03T11:55:02.237Z", "updatedAt": "2020-02-03T16:01:33.931Z"}, {"id": "d13e3f44-f20a-4364-9f98-523b5a191727", "url": "https://i.imgur.com/SpaisNl.jpg", "normalizedUrl": "https://imgur.com/SpaisNl", "thumbnail": "https://i.imgur.com/SpaisNll.jpg", "type": "image/imgur", "tags": ["ANNOTATED"], "createdAt": "2020-02-03T11:55:02.237Z", "updatedAt": "2020-02-03T16:01:33.931Z"}, {"id": "f9deaab6-b24c-4ed2-84e7-38e07f342b27", "url": "https://i.imgur.com/cZajBgu.jpg", "normalizedUrl": "https://imgur.com/cZajBgu", "thumbnail": "https://i.imgur.com/cZajBgul.jpg", "type": "image/imgur", "tags": ["ANNOTATED"], "createdAt": "2020-02-03T11:55:02.237Z", "updatedAt": "2020-02-03T16:01:33.931Z"}], "reactions": [{"id": "286f599c-f86a-4932-82f0-f5a06f1eca03", "count": 28}], "hidden": false, "customStyle": null, "isSuspiciousAccount": false, "layout": "classic", "withImages": true, "withVideos": false, "media": [{"url": "https://i.imgur.com/THiWXXZ.jpg"}, {"url": "https://i.imgur.com/che7xiF.jpg"}, {"url": "https://i.imgur.com/QEtdibq.jpg"}, {"url": "https://i.imgur.com/ANOGNrD.jpg"}, {"url": "https://i.imgur.com/RT3YHJ0.jpg"}, {"url": "https://i.imgur.com/L1vcySL.jpg"}, {"url": "https://i.imgur.com/yapiHV5.jpg"}, {"url": "https://i.imgur.com/miFwGpR.jpg"}, {"url": "https://i.imgur.com/M1Su106.jpg"}, {"url": "https://i.imgur.com/g6FbGEW.jpg"}, {"url": "https://i.imgur.com/kQTvSTh.jpg"}, {"url": "https://i.imgur.com/SpaisNl.jpg"}, {"url": "https://i.imgur.com/cZajBgu.jpg"}], "reportReasonText": "", "postAvatar": ""}, {"id": 233008129, "title": "#分享#黏土#玫瑰花擺飾", "excerpt": "哈囉大家～今天跟你們分享前天剛完成的玫瑰花，製作時失敗+研究好多次，總感覺可以更好ಥ⌣ಥ，完成後太開心了！！想來這跟大家分享。情人節快到了呦！ 祝你們感情順利、順利脫單️，以下是幫它拍美美的照片x2，", "anonymousSchool": false, "anonymousDepartment": false, "pinned": false, "forumId": "c82dae3f-28ba-4aae-961d-c754e6ccd37a", "replyId": null, "createdAt": "2020-02-03T10:18:34.683Z", "updatedAt": "2020-02-03T10:18:34.683Z", "commentCount": 1, "likeCount": 20, "withNickname": true, "tags": [], "topics": ["黏土", "玫瑰花", "手作"], "meta": {"layout": "classic"}, "forumName": "手作", "forumAlias": "handicrafts", "gender": "F", "school": "懸崖上的小豬", "department": "queending", "replyTitle": null, "mediaMeta": [{"id": "8fd7793f-64ac-4f03-be72-ecf8e00fdabd", "url": "https://megapx-assets.dcard.tw/images/f9eb1f18-e2e9-4782-a907-24416159f0b6/640.jpeg", "normalizedUrl": "https://megapx-assets.dcard.tw/images/f9eb1f18-e2e9-4782-a907-24416159f0b6/640.jpeg", "thumbnail": "https://megapx-assets.dcard.tw/images/f9eb1f18-e2e9-4782-a907-24416159f0b6/640.jpeg", "type": "image/thumbnail", "tags": [], "createdAt": "2020-02-03T10:18:34.683Z", "updatedAt": "2020-02-03T10:18:34.683Z", "width": 640, "height": 640}, {"id": "8fd7793f-64ac-4f03-be72-ecf8e00fdabd", "url": "https://megapx-assets.dcard.tw/images/f9eb1f18-e2e9-4782-a907-24416159f0b6/1280.jpeg", "normalizedUrl": "https://megapx.dcard.tw/v1/images/f9eb1f18-e2e9-4782-a907-24416159f0b6", "thumbnail": "https://megapx-assets.dcard.tw/images/f9eb1f18-e2e9-4782-a907-24416159f0b6/640.jpeg", "type": "image/megapx", "tags": [], "createdAt": "2020-02-03T10:18:34.683Z", "updatedAt": "2020-02-03T10:18:34.683Z", "width": 2000, "height": 2000}, {"id": "9a07d947-cc74-4115-b8f8-e699247225fa", "url": "https://megapx-assets.dcard.tw/images/12cd657c-ce06-468f-a9e8-b533601b7fca/1280.jpeg", "normalizedUrl": "https://megapx.dcard.tw/v1/images/12cd657c-ce06-468f-a9e8-b533601b7fca", "thumbnail": "https://megapx-assets.dcard.tw/images/12cd657c-ce06-468f-a9e8-b533601b7fca/640.jpeg", "type": "image/megapx", "tags": [], "createdAt": "2020-02-03T10:18:34.683Z", "updatedAt": "2020-02-03T10:18:34.683Z", "width": 2000, "height": 2000}], "reactions": [{"id": "286f599c-f86a-4932-82f0-f5a06f1eca03", "count": 20}], "hidden": false, "customStyle": null, "isSuspiciousAccount": false, "layout": "classic", "withImages": true, "withVideos": false, "media": [{"url": "https://megapx-assets.dcard.tw/images/f9eb1f18-e2e9-4782-a907-24416159f0b6/1280.jpeg"}, {"url": "https://megapx-assets.dcard.tw/images/12cd657c-ce06-468f-a9e8-b533601b7fca/1280.jpeg"}], "reportReasonText": "", "postAvatar": ""}, {"id": 233008552, "title": "DIY倉鼠小木屋（沒有影片教學歹勢）", "excerpt": "本來是只想做一層，後來追加到兩層樓，最後附上鼠寶在上面咬紅蘿蔔的照片（可能是兔子，很愛吃），基本材料就，一般建材行或五金行可以買的木條，然後白膠，砂紙，木條就自己裁切，再組合一塊一塊組合起來，因為我製", "anonymousSchool": false, "anonymousDepartment": false, "pinned": false, "forumId": "c82dae3f-28ba-4aae-961d-c754e6ccd37a", "replyId": null, "createdAt": "2020-02-03T11:15:55.702Z", "updatedAt": "2020-02-03T11:15:55.702Z", "commentCount": 1, "likeCount": 18, "withNickname": true, "tags": [], "topics": ["小木屋", "倉鼠", "木工", "手作"], "meta": {"layout": "classic"}, "forumName": "手作", "forumAlias": "handicrafts", "gender": "M", "school": "呆魚大叔", "department": "c.l_0303", "replyTitle": null, "mediaMeta": [{"id": "f27455cd-c64a-4352-90d9-7c8b917b6cb2", "url": "https://i.imgur.com/hCnqw7Jl.jpg", "normalizedUrl": "https://i.imgur.com/hCnqw7Jl.jpg", "thumbnail": "https://i.imgur.com/hCnqw7Jl.jpg", "type": "image/thumbnail", "tags": ["ANNOTATED"], "createdAt": "2020-02-03T11:15:55.702Z", "updatedAt": "2020-02-03T11:15:55.702Z"}, {"id": "f27455cd-c64a-4352-90d9-7c8b917b6cb2", "url": "http://i.imgur.com/hCnqw7J.jpg", "normalizedUrl": "https://imgur.com/hCnqw7J", "thumbnail": "https://i.imgur.com/hCnqw7Jl.jpg", "type": "image/imgur", "tags": ["ANNOTATED"], "createdAt": "2020-02-03T11:15:55.702Z", "updatedAt": "2020-02-03T11:15:55.702Z"}, {"id": "ab43cfb6-7c75-4af8-8583-2ec621f650c8", "url": "http://i.imgur.com/wYL4EZV.jpg", "normalizedUrl": "https://imgur.com/wYL4EZV", "thumbnail": "https://i.imgur.com/wYL4EZVl.jpg", "type": "image/imgur", "tags": ["ANNOTATED"], "createdAt": "2020-02-03T11:15:55.702Z", "updatedAt": "2020-02-03T11:15:55.702Z"}, {"id": "af324a72-1016-49cd-8e39-38f565a74811", "url": "http://i.imgur.com/5KHoAZw.jpg", "normalizedUrl": "https://imgur.com/5KHoAZw", "thumbnail": "https://i.imgur.com/5KHoAZwl.jpg", "type": "image/imgur", "tags": ["ANNOTATED"], "createdAt": "2020-02-03T11:15:55.702Z", "updatedAt": "2020-02-03T11:15:55.702Z"}, {"id": "2c2fa23b-e5ec-43c3-ac57-d07eac0a1729", "url": "http://i.imgur.com/pzX8NOX.jpg", "normalizedUrl": "https://imgur.com/pzX8NOX", "thumbnail": "https://i.imgur.com/pzX8NOXl.jpg", "type": "image/imgur", "tags": ["ANNOTATED"], "createdAt": "2020-02-03T11:15:55.702Z", "updatedAt": "2020-02-03T11:15:55.702Z"}, {"id": "91a08b0b-db31-4dfa-8b2d-9ef2ff6a14f3", "url": "http://i.imgur.com/EYp4BME.jpg", "normalizedUrl": "https://imgur.com/EYp4BME", "thumbnail": "https://i.imgur.com/EYp4BMEl.jpg", "type": "image/imgur", "tags": ["ANNOTATED"], "createdAt": "2020-02-03T11:15:55.702Z", "updatedAt": "2020-02-03T11:15:55.702Z"}, {"id": "6d403448-51b5-4646-8e09-de011b8f9c4d", "url": "http://i.imgur.com/GLTDOu4.jpg", "normalizedUrl": "https://imgur.com/GLTDOu4", "thumbnail": "https://i.imgur.com/GLTDOu4l.jpg", "type": "image/imgur", "tags": ["ANNOTATED"], "createdAt": "2020-02-03T11:15:55.702Z", "updatedAt": "2020-02-03T11:15:55.702Z"}, {"id": "28fd097c-8c3c-4066-b4c6-f2c2626bba7d", "url": "http://i.imgur.com/zjpx3UZ.jpg", "normalizedUrl": "https://imgur.com/zjpx3UZ", "thumbnail": "https://i.imgur.com/zjpx3UZl.jpg", "type": "image/imgur", "tags": ["ANNOTATED"], "createdAt": "2020-02-03T11:15:55.702Z", "updatedAt": "2020-02-03T11:15:55.702Z"}, {"id": "7801743f-6a7d-48c8-963f-82728d0c6ec1", "url": "http://i.imgur.com/3PxgkqM.jpg", "normalizedUrl": "https://imgur.com/3PxgkqM", "thumbnail": "https://i.imgur.com/3PxgkqMl.jpg", "type": "image/imgur", "tags": ["ANNOTATED"], "createdAt": "2020-02-03T11:15:55.702Z", "updatedAt": "2020-02-03T11:15:55.702Z"}, {"id": "477b7d52-1225-4bdb-8dc7-969c7a935455", "url": "http://i.imgur.com/kz5zurx.jpg", "normalizedUrl": "https://imgur.com/kz5zurx", "thumbnail": "https://i.imgur.com/kz5zurxl.jpg", "type": "image/imgur", "tags": ["ANNOTATED"], "createdAt": "2020-02-03T11:15:55.702Z", "updatedAt": "2020-02-03T11:15:55.702Z"}], "reactions": [{"id": "286f599c-f86a-4932-82f0-f5a06f1eca03", "count": 18}], "hidden": false, "customStyle": null, "isSuspiciousAccount": false, "layout": "classic", "withImages": true, "withVideos": false, "media": [{"url": "http://i.imgur.com/hCnqw7J.jpg"}, {"url": "http://i.imgur.com/wYL4EZV.jpg"}, {"url": "http://i.imgur.com/5KHoAZw.jpg"}, {"url": "http://i.imgur.com/pzX8NOX.jpg"}, {"url": "http://i.imgur.com/EYp4BME.jpg"}, {"url": "http://i.imgur.com/GLTDOu4.jpg"}, {"url": "http://i.imgur.com/zjpx3UZ.jpg"}, {"url": "http://i.imgur.com/3PxgkqM.jpg"}, {"url": "http://i.imgur.com/kz5zurx.jpg"}], "reportReasonText": "", "postAvatar": ""}, {"id": 233005095, "title": "近期花藝作品分享", "excerpt": "先用一張乾的很成功的玫瑰當開場白，有問題都可以問，一起交流唷‍️，客人指定公仔款的永生花燈，客人問大家都怎麼訂，我直接回，都交給我，然後客人就說好，然後消失，到取貨那天才出現，之前畢業季朋友訂送老師，", "anonymousSchool": false, "anonymousDepartment": true, "pinned": false, "forumId": "c82dae3f-28ba-4aae-961d-c754e6ccd37a", "replyId": null, "createdAt": "2020-02-02T20:12:41.088Z", "updatedAt": "2020-02-02T20:21:01.114Z", "commentCount": 5, "likeCount": 18, "withNickname": false, "tags": [], "topics": ["花藝", "乾燥花", "永生花", "手作", "母親節禮物"], "meta": {"layout": "classic"}, "forumName": "手作", "forumAlias": "handicrafts", "gender": "F", "school": "崇右影藝科技大學", "replyTitle": null, "mediaMeta": [{"id": "13c99a08-f289-4815-9494-eb1f23208de0", "url": "https://megapx-assets.dcard.tw/images/37b35f97-3a70-4429-8209-2972f7ccf59f/640.jpeg", "normalizedUrl": "https://megapx-assets.dcard.tw/images/37b35f97-3a70-4429-8209-2972f7ccf59f/640.jpeg", "thumbnail": "https://megapx-assets.dcard.tw/images/37b35f97-3a70-4429-8209-2972f7ccf59f/640.jpeg", "type": "image/thumbnail", "tags": ["ANNOTATED"], "createdAt": "2020-02-02T20:12:41.088Z", "updatedAt": "2020-02-02T20:21:01.114Z", "width": 480, "height": 640}, {"id": "13c99a08-f289-4815-9494-eb1f23208de0", "url": "https://megapx-assets.dcard.tw/images/37b35f97-3a70-4429-8209-2972f7ccf59f/full.jpeg", "normalizedUrl": "https://megapx.dcard.tw/v1/images/37b35f97-3a70-4429-8209-2972f7ccf59f", "thumbnail": "https://megapx-assets.dcard.tw/images/37b35f97-3a70-4429-8209-2972f7ccf59f/640.jpeg", "type": "image/megapx", "tags": ["ANNOTATED"], "createdAt": "2020-02-02T20:12:41.088Z", "updatedAt": "2020-02-02T20:21:01.114Z", "width": 960, "height": 1280}, {"id": "008ad322-13af-4243-a888-2660ace25702", "url": "https://megapx-assets.dcard.tw/images/d94ebdf2-47c1-4181-8ff5-3451b3eeb90a/full.jpeg", "normalizedUrl": "https://megapx.dcard.tw/v1/images/d94ebdf2-47c1-4181-8ff5-3451b3eeb90a", "thumbnail": "https://megapx-assets.dcard.tw/images/d94ebdf2-47c1-4181-8ff5-3451b3eeb90a/640.jpeg", "type": "image/megapx", "tags": ["ANNOTATED"], "createdAt": "2020-02-02T20:12:41.088Z", "updatedAt": "2020-02-02T20:21:01.114Z", "width": 960, "height": 1280}, {"id": "887995cc-513e-4b8a-b34b-6efd95a13f32", "url": "https://megapx-assets.dcard.tw/images/08f34321-83be-43f2-a522-38fc50678790/full.jpeg", "normalizedUrl": "https://megapx.dcard.tw/v1/images/08f34321-83be-43f2-a522-38fc50678790", "thumbnail": "https://megapx-assets.dcard.tw/images/08f34321-83be-43f2-a522-38fc50678790/640.jpeg", "type": "image/megapx", "tags": ["ANNOTATED"], "createdAt": "2020-02-02T20:12:41.088Z", "updatedAt": "2020-02-02T20:21:01.114Z", "width": 960, "height": 720}, {"id": "82dd3b9e-e85d-4bd5-93b4-c32f7274319e", "url": "https://megapx-assets.dcard.tw/images/e350d826-6c09-4301-a930-35b8e0188104/full.jpeg", "normalizedUrl": "https://megapx.dcard.tw/v1/images/e350d826-6c09-4301-a930-35b8e0188104", "thumbnail": "https://megapx-assets.dcard.tw/images/e350d826-6c09-4301-a930-35b8e0188104/640.jpeg", "type": "image/megapx", "tags": ["ANNOTATED"], "createdAt": "2020-02-02T20:12:41.088Z", "updatedAt": "2020-02-02T20:21:01.114Z", "width": 960, "height": 1280}, {"id": "7b77dff9-cc6f-4933-b7fc-4fb9ef7c5bbe", "url": "https://megapx-assets.dcard.tw/images/a1c06552-54c6-4b8e-847a-74548c7ec13b/full.jpeg", "normalizedUrl": "https://megapx.dcard.tw/v1/images/a1c06552-54c6-4b8e-847a-74548c7ec13b", "thumbnail": "https://megapx-assets.dcard.tw/images/a1c06552-54c6-4b8e-847a-74548c7ec13b/640.jpeg", "type": "image/megapx", "tags": ["ANNOTATED"], "createdAt": "2020-02-02T20:12:41.088Z", "updatedAt": "2020-02-02T20:21:01.114Z", "width": 960, "height": 1280}, {"id": "9752b78c-899a-4a28-99a5-41062c6f88ae", "url": "https://megapx-assets.dcard.tw/images/8938995c-8de4-4501-bb00-65c273c24113/full.jpeg", "normalizedUrl": "https://megapx.dcard.tw/v1/images/8938995c-8de4-4501-bb00-65c273c24113", "thumbnail": "https://megapx-assets.dcard.tw/images/8938995c-8de4-4501-bb00-65c273c24113/640.jpeg", "type": "image/megapx", "tags": ["ANNOTATED"], "createdAt": "2020-02-02T20:12:41.088Z", "updatedAt": "2020-02-02T20:21:01.114Z", "width": 960, "height": 1280}, {"id": "f6f52f9f-ab0f-4027-af85-5045a0747f45", "url": "https://megapx-assets.dcard.tw/images/13e30b6b-9d0a-40d0-9780-3142ae2eeca6/full.jpeg", "normalizedUrl": "https://megapx.dcard.tw/v1/images/13e30b6b-9d0a-40d0-9780-3142ae2eeca6", "thumbnail": "https://megapx-assets.dcard.tw/images/13e30b6b-9d0a-40d0-9780-3142ae2eeca6/640.jpeg", "type": "image/megapx", "tags": ["ANNOTATED"], "createdAt": "2020-02-02T20:12:41.088Z", "updatedAt": "2020-02-02T20:21:01.114Z", "width": 960, "height": 1280}, {"id": "bd3f1bb8-d2be-4b0d-8d78-3a263a9ab05a", "url": "https://megapx-assets.dcard.tw/images/92476caf-4586-4cb9-8752-c77f9b0c03f3/full.jpeg", "normalizedUrl": "https://megapx.dcard.tw/v1/images/92476caf-4586-4cb9-8752-c77f9b0c03f3", "thumbnail": "https://megapx-assets.dcard.tw/images/92476caf-4586-4cb9-8752-c77f9b0c03f3/640.jpeg", "type": "image/megapx", "tags": [], "createdAt": "2020-02-02T20:21:01.114Z", "updatedAt": "2020-02-02T20:21:01.114Z", "width": 960, "height": 1280}, {"id": "e72e1912-fedc-4c04-9ab8-ac9d2b848d9f", "url": "https://megapx-assets.dcard.tw/images/fd128424-1409-4530-8097-1688ed0d8c83/full.jpeg", "normalizedUrl": "https://megapx.dcard.tw/v1/images/fd128424-1409-4530-8097-1688ed0d8c83", "thumbnail": "https://megapx-assets.dcard.tw/images/fd128424-1409-4530-8097-1688ed0d8c83/640.jpeg", "type": "image/megapx", "tags": [], "createdAt": "2020-02-02T20:21:01.114Z", "updatedAt": "2020-02-02T20:21:01.114Z", "width": 1280, "height": 960}, {"id": "8eaef954-642e-4d52-a971-9321d904478b", "url": "https://megapx-assets.dcard.tw/images/bdc06388-0b58-4b2e-8858-8892af12f642/full.jpeg", "normalizedUrl": "https://megapx.dcard.tw/v1/images/bdc06388-0b58-4b2e-8858-8892af12f642", "thumbnail": "https://megapx-assets.dcard.tw/images/bdc06388-0b58-4b2e-8858-8892af12f642/640.jpeg", "type": "image/megapx", "tags": [], "createdAt": "2020-02-02T20:21:01.114Z", "updatedAt": "2020-02-02T20:21:01.114Z", "width": 1280, "height": 960}, {"id": "bac097c5-9c56-4ee5-9f8d-5072b08ad402", "url": "https://megapx-assets.dcard.tw/images/c6ae3fcf-fc57-45ca-b121-0de84f64c04b/full.jpeg", "normalizedUrl": "https://megapx.dcard.tw/v1/images/c6ae3fcf-fc57-45ca-b121-0de84f64c04b", "thumbnail": "https://megapx-assets.dcard.tw/images/c6ae3fcf-fc57-45ca-b121-0de84f64c04b/640.jpeg", "type": "image/megapx", "tags": [], "createdAt": "2020-02-02T20:21:01.114Z", "updatedAt": "2020-02-02T20:21:01.114Z", "width": 1280, "height": 960}, {"id": "2f07b4cb-8468-43b7-a191-8addd7729a78", "url": "https://megapx-assets.dcard.tw/images/7174bc84-04e3-442b-a2f4-9ab3974f4a8b/1280.jpeg", "normalizedUrl": "https://megapx.dcard.tw/v1/images/7174bc84-04e3-442b-a2f4-9ab3974f4a8b", "thumbnail": "https://megapx-assets.dcard.tw/images/7174bc84-04e3-442b-a2f4-9ab3974f4a8b/640.jpeg", "type": "image/megapx", "tags": [], "createdAt": "2020-02-02T20:21:01.114Z", "updatedAt": "2020-02-02T20:21:01.114Z", "width": 1500, "height": 2001}, {"id": "d39bd6b0-5672-46cc-8e67-550f3982bb78", "url": "https://megapx-assets.dcard.tw/images/e7428c7b-7b7b-4f58-9d8c-5bdc7f164d0c/full.jpeg", "normalizedUrl": "https://megapx.dcard.tw/v1/images/e7428c7b-7b7b-4f58-9d8c-5bdc7f164d0c", "thumbnail": "https://megapx-assets.dcard.tw/images/e7428c7b-7b7b-4f58-9d8c-5bdc7f164d0c/640.jpeg", "type": "image/megapx", "tags": [], "createdAt": "2020-02-02T20:21:01.114Z", "updatedAt": "2020-02-02T20:21:01.114Z", "width": 960, "height": 1280}, {"id": "4f56ec8e-7a37-4137-83b4-1ee04d4ab0a2", "url": "https://megapx-assets.dcard.tw/images/c00eae20-caaf-4698-929c-804dec84e1bb/1280.jpeg", "normalizedUrl": "https://megapx.dcard.tw/v1/images/c00eae20-caaf-4698-929c-804dec84e1bb", "thumbnail": "https://megapx-assets.dcard.tw/images/c00eae20-caaf-4698-929c-804dec84e1bb/640.jpeg", "type": "image/megapx", "tags": [], "createdAt": "2020-02-02T20:21:01.114Z", "updatedAt": "2020-02-02T20:21:01.114Z", "width": 1500, "height": 2001}, {"id": "eadc683c-c953-4115-9e35-61b07daf4387", "url": "https://megapx-assets.dcard.tw/images/63f419d8-87e9-4fdb-a5b3-91ef2af00b85/full.jpeg", "normalizedUrl": "https://megapx.dcard.tw/v1/images/63f419d8-87e9-4fdb-a5b3-91ef2af00b85", "thumbnail": "https://megapx-assets.dcard.tw/images/63f419d8-87e9-4fdb-a5b3-91ef2af00b85/640.jpeg", "type": "image/megapx", "tags": [], "createdAt": "2020-02-02T20:21:01.114Z", "updatedAt": "2020-02-02T20:21:01.114Z", "width": 1280, "height": 960}], "reactions": [{"id": "286f599c-f86a-4932-82f0-f5a06f1eca03", "count": 17}, {"id": "011ead16-9b83-4729-9fde-c588920c6c2d", "count": 1}], "hidden": false, "customStyle": null, "isSuspiciousAccount": false, "layout": "classic", "withImages": true, "withVideos": false, "media": [{"url": "https://megapx-assets.dcard.tw/images/37b35f97-3a70-4429-8209-2972f7ccf59f/full.jpeg"}, {"url": "https://megapx-assets.dcard.tw/images/d94ebdf2-47c1-4181-8ff5-3451b3eeb90a/full.jpeg"}, {"url": "https://megapx-assets.dcard.tw/images/08f34321-83be-43f2-a522-38fc50678790/full.jpeg"}, {"url": "https://megapx-assets.dcard.tw/images/e350d826-6c09-4301-a930-35b8e0188104/full.jpeg"}, {"url": "https://megapx-assets.dcard.tw/images/a1c06552-54c6-4b8e-847a-74548c7ec13b/full.jpeg"}, {"url": "https://megapx-assets.dcard.tw/images/8938995c-8de4-4501-bb00-65c273c24113/full.jpeg"}, {"url": "https://megapx-assets.dcard.tw/images/13e30b6b-9d0a-40d0-9780-3142ae2eeca6/full.jpeg"}, {"url": "https://megapx-assets.dcard.tw/images/92476caf-4586-4cb9-8752-c77f9b0c03f3/full.jpeg"}, {"url": "https://megapx-assets.dcard.tw/images/fd128424-1409-4530-8097-1688ed0d8c83/full.jpeg"}, {"url": "https://megapx-assets.dcard.tw/images/bdc06388-0b58-4b2e-8858-8892af12f642/full.jpeg"}, {"url": "https://megapx-assets.dcard.tw/images/c6ae3fcf-fc57-45ca-b121-0de84f64c04b/full.jpeg"}, {"url": "https://megapx-assets.dcard.tw/images/7174bc84-04e3-442b-a2f4-9ab3974f4a8b/1280.jpeg"}, {"url": "https://megapx-assets.dcard.tw/images/e7428c7b-7b7b-4f58-9d8c-5bdc7f164d0c/full.jpeg"}, {"url": "https://megapx-assets.dcard.tw/images/c00eae20-caaf-4698-929c-804dec84e1bb/1280.jpeg"}, {"url": "https://megapx-assets.dcard.tw/images/63f419d8-87e9-4fdb-a5b3-91ef2af00b85/full.jpeg"}], "reportReasonText": "", "postAvatar": ""}, {"id": 233010719, "title": "手做咖波爆炸盒🙆 文長慎入", "excerpt": "️️前情提要⬅️⬅️，第一次po文，想了很久最後還是決定跟大家分享，霸拖鞭小力一點好嗎，當初猶豫了好久到底要送什麼禮物給男友當作他的生日禮物，不想要只是寫個小卡片，更不想要單純說聲生日快樂，就在那迷惘", "anonymousSchool": false, "anonymousDepartment": false, "pinned": false, "forumId": "c82dae3f-28ba-4aae-961d-c754e6ccd37a", "replyId": null, "createdAt": "2020-02-03T16:08:41.343Z", "updatedAt": "2020-02-03T16:08:41.343Z", "commentCount": 0, "likeCount": 9, "withNickname": true, "tags": [], "topics": ["爆炸盒", "咖波", "手作", "生日禮物", "情人節禮物"], "meta": {"layout": "classic"}, "forumName": "手作", "forumAlias": "handicrafts", "gender": "F", "school": "一隻會溺水的豬", "department": "s0961578767", "replyTitle": null, "mediaMeta": [{"id": "279594a8-0d38-4d5a-af27-c1e57fda3a6a", "url": "https://i.imgur.com/WTGygZyl.jpg", "normalizedUrl": "https://i.imgur.com/WTGygZyl.jpg", "thumbnail": "https://i.imgur.com/WTGygZyl.jpg", "type": "image/thumbnail", "tags": ["ANNOTATED"], "createdAt": "2020-02-03T16:08:41.343Z", "updatedAt": "2020-02-03T16:08:41.343Z"}, {"id": "279594a8-0d38-4d5a-af27-c1e57fda3a6a", "url": "https://i.imgur.com/WTGygZy.jpg", "normalizedUrl": "https://imgur.com/WTGygZy", "thumbnail": "https://i.imgur.com/WTGygZyl.jpg", "type": "image/imgur", "tags": ["ANNOTATED"], "createdAt": "2020-02-03T16:08:41.343Z", "updatedAt": "2020-02-03T16:08:41.343Z"}, {"id": "5e820848-d542-455d-99ff-dfc46baca82f", "url": "https://i.imgur.com/jyerPiw.jpg", "normalizedUrl": "https://imgur.com/jyerPiw", "thumbnail": "https://i.imgur.com/jyerPiwl.jpg", "type": "image/imgur", "tags": ["ANNOTATED"], "createdAt": "2020-02-03T16:08:41.343Z", "updatedAt": "2020-02-03T16:08:41.343Z"}, {"id": "0553b41a-12e1-4b12-83a7-a88a11a62ac1", "url": "https://i.imgur.com/ru5hkhY.jpg", "normalizedUrl": "https://imgur.com/ru5hkhY", "thumbnail": "https://i.imgur.com/ru5hkhYl.jpg", "type": "image/imgur", "tags": ["ANNOTATED"], "createdAt": "2020-02-03T16:08:41.343Z", "updatedAt": "2020-02-03T16:08:41.343Z"}, {"id": "e216ba31-98bc-4773-acc2-5710fce6d173", "url": "https://i.imgur.com/aG1wvcc.jpg", "normalizedUrl": "https://imgur.com/aG1wvcc", "thumbnail": "https://i.imgur.com/aG1wvccl.jpg", "type": "image/imgur", "tags": ["ANNOTATED"], "createdAt": "2020-02-03T16:08:41.343Z", "updatedAt": "2020-02-03T16:08:41.343Z"}, {"id": "6376b393-0248-4a69-a063-617d3c509c35", "url": "https://i.imgur.com/gWbOozV.jpg", "normalizedUrl": "https://imgur.com/gWbOozV", "thumbnail": "https://i.imgur.com/gWbOozVl.jpg", "type": "image/imgur", "tags": ["ANNOTATED"], "createdAt": "2020-02-03T16:08:41.343Z", "updatedAt": "2020-02-03T16:08:41.343Z"}, {"id": "5d9afa96-a46b-40b9-919f-d6f638b3e017", "url": "https://i.imgur.com/irkvx7z.jpg", "normalizedUrl": "https://imgur.com/irkvx7z", "thumbnail": "https://i.imgur.com/irkvx7zl.jpg", "type": "image/imgur", "tags": ["ANNOTATED"], "createdAt": "2020-02-03T16:08:41.343Z", "updatedAt": "2020-02-03T16:08:41.343Z"}, {"id": "de8ffebf-6844-45dc-9e98-3e3e998859ab", "url": "https://i.imgur.com/yUIwaAi.jpg", "normalizedUrl": "https://imgur.com/yUIwaAi", "thumbnail": "https://i.imgur.com/yUIwaAil.jpg", "type": "image/imgur", "tags": ["ANNOTATED"], "createdAt": "2020-02-03T16:08:41.343Z", "updatedAt": "2020-02-03T16:08:41.343Z"}, {"id": "1c12e290-50f1-4f9b-8565-3ca612e7e2ab", "url": "https://i.imgur.com/b1cV2sj.jpg", "normalizedUrl": "https://imgur.com/b1cV2sj", "thumbnail": "https://i.imgur.com/b1cV2sjl.jpg", "type": "image/imgur", "tags": ["ANNOTATED"], "createdAt": "2020-02-03T16:08:41.343Z", "updatedAt": "2020-02-03T16:08:41.343Z"}, {"id": "48ad1f2a-e12d-4627-af6a-259d7648d932", "url": "https://i.imgur.com/CvdW4TY.jpg", "normalizedUrl": "https://imgur.com/CvdW4TY", "thumbnail": "https://i.imgur.com/CvdW4TYl.jpg", "type": "image/imgur", "tags": ["ANNOTATED"], "createdAt": "2020-02-03T16:08:41.343Z", "updatedAt": "2020-02-03T16:08:41.343Z"}, {"id": "cd55c938-8a34-4862-955b-1d82dbfbbbb9", "url": "https://www.dcard.tw/v2/vivid/videos/a951f748-f23d-4065-9d93-cb976450911d?r=0.5625", "normalizedUrl": "", "thumbnail": "https://vivid.dcard.tw/Public/a951f748-f23d-4065-9d93-cb976450911d/thumbnail.jpg", "type": "video/vivid", "tags": ["ANNOTATED_FAILED"], "createdAt": "2020-02-03T16:08:41.343Z", "updatedAt": "2020-02-03T16:08:41.343Z"}, {"id": "3eefab90-d4bb-460a-9704-72233215185a", "url": "https://www.dcard.tw/v2/vivid/videos/89c4893f-3ef6-4c02-8ed6-3cdae9883248?r=1.8", "normalizedUrl": "", "thumbnail": "https://vivid.dcard.tw/Public/89c4893f-3ef6-4c02-8ed6-3cdae9883248/thumbnail.jpg", "type": "video/vivid", "tags": ["ANNOTATED_FAILED"], "createdAt": "2020-02-03T16:08:41.343Z", "updatedAt": "2020-02-03T16:08:41.343Z"}, {"id": "db945b56-3d80-4a84-8d38-f01412c02859", "url": "https://i.imgur.com/xMt7eTj.jpg", "normalizedUrl": "https://imgur.com/xMt7eTj", "thumbnail": "https://i.imgur.com/xMt7eTjl.jpg", "type": "image/imgur", "tags": ["ANNOTATED"], "createdAt": "2020-02-03T16:08:41.343Z", "updatedAt": "2020-02-03T16:08:41.343Z"}, {"id": "36bf49e0-4020-4cd2-9ba6-c9931608ebad", "url": "https://i.imgur.com/zNi39UB.jpg", "normalizedUrl": "https://imgur.com/zNi39UB", "thumbnail": "https://i.imgur.com/zNi39UBl.jpg", "type": "image/imgur", "tags": ["ANNOTATED"], "createdAt": "2020-02-03T16:08:41.343Z", "updatedAt": "2020-02-03T16:08:41.343Z"}, {"id": "7dadd89a-465c-44fd-9124-8d4e9887ba9e", "url": "https://i.imgur.com/dzmB6B4.jpg", "normalizedUrl": "https://imgur.com/dzmB6B4", "thumbnail": "https://i.imgur.com/dzmB6B4l.jpg", "type": "image/imgur", "tags": ["ANNOTATED"], "createdAt": "2020-02-03T16:08:41.343Z", "updatedAt": "2020-02-03T16:08:41.343Z"}, {"id": "1fb172f2-9805-40ac-a2ba-718da24cb180", "url": "https://i.imgur.com/R3C6VdG.jpg", "normalizedUrl": "https://imgur.com/R3C6VdG", "thumbnail": "https://i.imgur.com/R3C6VdGl.jpg", "type": "image/imgur", "tags": ["ANNOTATED"], "createdAt": "2020-02-03T16:08:41.343Z", "updatedAt": "2020-02-03T16:08:41.343Z"}, {"id": "4f3e857e-ba47-45eb-8ac4-29e5a052f1f5", "url": "https://i.imgur.com/i2Uuyzd.jpg", "normalizedUrl": "https://imgur.com/i2Uuyzd", "thumbnail": "https://i.imgur.com/i2Uuyzdl.jpg", "type": "image/imgur", "tags": ["ANNOTATED"], "createdAt": "2020-02-03T16:08:41.343Z", "updatedAt": "2020-02-03T16:08:41.343Z"}, {"id": "b3ce3b59-ad6d-47dc-be5e-738a11dddc00", "url": "https://i.imgur.com/AYJLk95.jpg", "normalizedUrl": "https://imgur.com/AYJLk95", "thumbnail": "https://i.imgur.com/AYJLk95l.jpg", "type": "image/imgur", "tags": ["ANNOTATED"], "createdAt": "2020-02-03T16:08:41.343Z", "updatedAt": "2020-02-03T16:08:41.343Z"}, {"id": "5cac0e1b-8015-4ba9-8e5e-128a4702465c", "url": "https://i.imgur.com/hM5KNrm.jpg", "normalizedUrl": "https://imgur.com/hM5KNrm", "thumbnail": "https://i.imgur.com/hM5KNrml.jpg", "type": "image/imgur", "tags": ["ANNOTATED"], "createdAt": "2020-02-03T16:08:41.343Z", "updatedAt": "2020-02-03T16:08:41.343Z"}, {"id": "f653570d-f190-47ef-90e3-0debf5ee95c6", "url": "https://i.imgur.com/JHhDL3C.jpg", "normalizedUrl": "https://imgur.com/JHhDL3C", "thumbnail": "https://i.imgur.com/JHhDL3Cl.jpg", "type": "image/imgur", "tags": ["ANNOTATED"], "createdAt": "2020-02-03T16:08:41.343Z", "updatedAt": "2020-02-03T16:08:41.343Z"}], "reactions": [{"id": "286f599c-f86a-4932-82f0-f5a06f1eca03", "count": 9}], "hidden": false, "customStyle": null, "isSuspiciousAccount": false, "layout": "classic", "withImages": true, "withVideos": true, "media": [{"url": "https://i.imgur.com/WTGygZy.jpg"}, {"url": "https://i.imgur.com/jyerPiw.jpg"}, {"url": "https://i.imgur.com/ru5hkhY.jpg"}, {"url": "https://i.imgur.com/aG1wvcc.jpg"}, {"url": "https://i.imgur.com/gWbOozV.jpg"}, {"url": "https://i.imgur.com/irkvx7z.jpg"}, {"url": "https://i.imgur.com/yUIwaAi.jpg"}, {"url": "https://i.imgur.com/b1cV2sj.jpg"}, {"url": "https://i.imgur.com/CvdW4TY.jpg"}, {"url": "https://vivid.dcard.tw/Public/a951f748-f23d-4065-9d93-cb976450911d/thumbnail.jpg"}, {"url": "https://vivid.dcard.tw/Public/89c4893f-3ef6-4c02-8ed6-3cdae9883248/thumbnail.jpg"}, {"url": "https://i.imgur.com/xMt7eTj.jpg"}, {"url": "https://i.imgur.com/zNi39UB.jpg"}, {"url": "https://i.imgur.com/dzmB6B4.jpg"}, {"url": "https://i.imgur.com/R3C6VdG.jpg"}, {"url": "https://i.imgur.com/i2Uuyzd.jpg"}, {"url": "https://i.imgur.com/AYJLk95.jpg"}, {"url": "https://i.imgur.com/hM5KNrm.jpg"}, {"url": "https://i.imgur.com/JHhDL3C.jpg"}], "reportReasonText": "", "postAvatar": ""}, {"id": 233003977, "title": "鑰匙圈公仔哪裡買", "excerpt": "最近想自己動手做公仔，想請問哪裡買的到類似胡迪pizza單個吊飾公仔，蝦皮是有單賣但除了蝦皮還有哪裡買得到，或是批發", "anonymousSchool": false, "anonymousDepartment": true, "pinned": false, "forumId": "c82dae3f-28ba-4aae-961d-c754e6ccd37a", "replyId": null, "createdAt": "2020-02-02T16:13:03.269Z", "updatedAt": "2020-02-02T16:13:03.269Z", "commentCount": 1, "likeCount": 6, "withNickname": false, "tags": [], "topics": ["公仔", "鑰匙圈"], "meta": {"layout": "classic"}, "forumName": "手作", "forumAlias": "handicrafts", "gender": "F", "school": "義守大學", "replyTitle": null, "mediaMeta": [{"id": "beb195ef-8e56-4410-b1f4-2c35970e6de8", "url": "https://megapx-assets.dcard.tw/images/61c1ba1f-3a6c-441d-8dfe-c71d5902fc7b/640.jpeg", "normalizedUrl": "https://megapx-assets.dcard.tw/images/61c1ba1f-3a6c-441d-8dfe-c71d5902fc7b/640.jpeg", "thumbnail": "https://megapx-assets.dcard.tw/images/61c1ba1f-3a6c-441d-8dfe-c71d5902fc7b/640.jpeg", "type": "image/thumbnail", "tags": ["ANNOTATED"], "createdAt": "2020-02-02T16:13:03.269Z", "updatedAt": "2020-02-02T16:13:03.269Z", "width": 296, "height": 640}, {"id": "beb195ef-8e56-4410-b1f4-2c35970e6de8", "url": "https://megapx-assets.dcard.tw/images/61c1ba1f-3a6c-441d-8dfe-c71d5902fc7b/1280.jpeg", "normalizedUrl": "https://megapx.dcard.tw/v1/images/61c1ba1f-3a6c-441d-8dfe-c71d5902fc7b", "thumbnail": "https://megapx-assets.dcard.tw/images/61c1ba1f-3a6c-441d-8dfe-c71d5902fc7b/640.jpeg", "type": "image/megapx", "tags": ["ANNOTATED"], "createdAt": "2020-02-02T16:13:03.269Z", "updatedAt": "2020-02-02T16:13:03.269Z", "width": 828, "height": 1792}], "reactions": [{"id": "286f599c-f86a-4932-82f0-f5a06f1eca03", "count": 6}], "hidden": false, "customStyle": null, "isSuspiciousAccount": false, "layout": "classic", "withImages": true, "withVideos": false, "media": [{"url": "https://megapx-assets.dcard.tw/images/61c1ba1f-3a6c-441d-8dfe-c71d5902fc7b/1280.jpeg"}], "reportReasonText": "", "postAvatar": ""}, {"id": 233006748, "title": "創作分享-仿仿Imitate", "excerpt": "大家好～我要來分享一下我的創作，仿仿Imitate，故事講述一個擁有獨特模仿能力（頭髮能夠模仿碰到的東西）的迷惘少女梅兒Mer，不確定自己是誰、該去哪裡、能做什麼，在一個奇幻的架空世界中，她搜集各種模", "anonymousSchool": false, "anonymousDepartment": false, "pinned": false, "forumId": "c82dae3f-28ba-4aae-961d-c754e6ccd37a", "replyId": null, "createdAt": "2020-02-03T06:54:33.715Z", "updatedAt": "2020-02-03T08:32:06.007Z", "commentCount": 2, "likeCount": 5, "withNickname": true, "tags": [], "topics": ["手繪", "插畫", "電繪"], "meta": {"layout": "classic"}, "forumName": "手作", "forumAlias": "handicrafts", "gender": "M", "school": "捕夢人", "department": "moremore", "replyTitle": null, "mediaMeta": [{"id": "30db39ac-7c0d-412f-a4bc-3a0e3580f8df", "url": "https://megapx-assets.dcard.tw/images/b2b7a4df-f459-4465-8f21-9fa463d6c157/640.jpeg", "normalizedUrl": "https://megapx-assets.dcard.tw/images/b2b7a4df-f459-4465-8f21-9fa463d6c157/640.jpeg", "thumbnail": "https://megapx-assets.dcard.tw/images/b2b7a4df-f459-4465-8f21-9fa463d6c157/640.jpeg", "type": "image/thumbnail", "tags": ["ANNOTATED"], "createdAt": "2020-02-03T06:54:33.715Z", "updatedAt": "2020-02-03T08:32:06.007Z", "width": 640, "height": 640}, {"id": "30db39ac-7c0d-412f-a4bc-3a0e3580f8df", "url": "https://megapx-assets.dcard.tw/images/b2b7a4df-f459-4465-8f21-9fa463d6c157/full.jpeg", "normalizedUrl": "https://megapx.dcard.tw/v1/images/b2b7a4df-f459-4465-8f21-9fa463d6c157", "thumbnail": "https://megapx-assets.dcard.tw/images/b2b7a4df-f459-4465-8f21-9fa463d6c157/640.jpeg", "type": "image/megapx", "tags": ["ANNOTATED"], "createdAt": "2020-02-03T06:54:33.715Z", "updatedAt": "2020-02-03T08:32:06.007Z", "width": 1280, "height": 1280}, {"id": "8345d30b-e7b1-4ad6-87a9-b3350b1e75d1", "url": "https://megapx-assets.dcard.tw/images/541e5aab-582d-4e28-8110-15053f04bcb2/full.jpeg", "normalizedUrl": "https://megapx.dcard.tw/v1/images/541e5aab-582d-4e28-8110-15053f04bcb2", "thumbnail": "https://megapx-assets.dcard.tw/images/541e5aab-582d-4e28-8110-15053f04bcb2/640.jpeg", "type": "image/megapx", "tags": ["ANNOTATED"], "createdAt": "2020-02-03T06:54:33.715Z", "updatedAt": "2020-02-03T08:32:06.007Z", "width": 1280, "height": 1280}, {"id": "13288196-3079-4c61-a6b3-6de22880e2f4", "url": "https://megapx-assets.dcard.tw/images/26bfea72-b714-4db6-a06d-96893bb0bbdf/full.jpeg", "normalizedUrl": "https://megapx.dcard.tw/v1/images/26bfea72-b714-4db6-a06d-96893bb0bbdf", "thumbnail": "https://megapx-assets.dcard.tw/images/26bfea72-b714-4db6-a06d-96893bb0bbdf/640.jpeg", "type": "image/megapx", "tags": ["ANNOTATED"], "createdAt": "2020-02-03T06:54:33.715Z", "updatedAt": "2020-02-03T08:32:06.007Z", "width": 1280, "height": 1280}, {"id": "bf0251b3-e039-41a1-b914-d9a83c1022c1", "url": "https://megapx-assets.dcard.tw/images/30b8ca89-505d-4e26-83c5-83b92b24239f/full.jpeg", "normalizedUrl": "https://megapx.dcard.tw/v1/images/30b8ca89-505d-4e26-83c5-83b92b24239f", "thumbnail": "https://megapx-assets.dcard.tw/images/30b8ca89-505d-4e26-83c5-83b92b24239f/640.jpeg", "type": "image/megapx", "tags": ["ANNOTATED"], "createdAt": "2020-02-03T06:54:33.715Z", "updatedAt": "2020-02-03T08:32:06.007Z", "width": 1280, "height": 1280}, {"id": "3999fa45-a305-408a-8aa4-9cba1b408202", "url": "https://megapx-assets.dcard.tw/images/adb032ea-bb3a-421d-8cba-879ea65f2159/full.jpeg", "normalizedUrl": "https://megapx.dcard.tw/v1/images/adb032ea-bb3a-421d-8cba-879ea65f2159", "thumbnail": "https://megapx-assets.dcard.tw/images/adb032ea-bb3a-421d-8cba-879ea65f2159/640.jpeg", "type": "image/megapx", "tags": ["ANNOTATED"], "createdAt": "2020-02-03T06:54:33.715Z", "updatedAt": "2020-02-03T08:32:06.007Z", "width": 1280, "height": 1280}, {"id": "6d3ac536-78c7-4bfb-8d2b-3306deee9d4c", "url": "https://megapx-assets.dcard.tw/images/348f0a2f-fb2c-409f-a7b4-6e709606dc19/full.jpeg", "normalizedUrl": "https://megapx.dcard.tw/v1/images/348f0a2f-fb2c-409f-a7b4-6e709606dc19", "thumbnail": "https://megapx-assets.dcard.tw/images/348f0a2f-fb2c-409f-a7b4-6e709606dc19/640.jpeg", "type": "image/megapx", "tags": ["ANNOTATED"], "createdAt": "2020-02-03T06:54:33.715Z", "updatedAt": "2020-02-03T08:32:06.007Z", "width": 1280, "height": 1280}, {"id": "cf2ed5e8-2813-4dc1-963b-0b4057448927", "url": "https://megapx-assets.dcard.tw/images/5ed00f69-1f2a-4a09-bd18-9591d6d918be/full.jpeg", "normalizedUrl": "https://megapx.dcard.tw/v1/images/5ed00f69-1f2a-4a09-bd18-9591d6d918be", "thumbnail": "https://megapx-assets.dcard.tw/images/5ed00f69-1f2a-4a09-bd18-9591d6d918be/640.jpeg", "type": "image/megapx", "tags": ["ANNOTATED"], "createdAt": "2020-02-03T06:54:33.715Z", "updatedAt": "2020-02-03T08:32:06.007Z", "width": 1280, "height": 1280}], "reactions": [{"id": "286f599c-f86a-4932-82f0-f5a06f1eca03", "count": 5}], "hidden": false, "customStyle": null, "isSuspiciousAccount": false, "layout": "classic", "withImages": true, "withVideos": false, "media": [{"url": "https://megapx-assets.dcard.tw/images/b2b7a4df-f459-4465-8f21-9fa463d6c157/full.jpeg"}, {"url": "https://megapx-assets.dcard.tw/images/541e5aab-582d-4e28-8110-15053f04bcb2/full.jpeg"}, {"url": "https://megapx-assets.dcard.tw/images/26bfea72-b714-4db6-a06d-96893bb0bbdf/full.jpeg"}, {"url": "https://megapx-assets.dcard.tw/images/30b8ca89-505d-4e26-83c5-83b92b24239f/full.jpeg"}, {"url": "https://megapx-assets.dcard.tw/images/adb032ea-bb3a-421d-8cba-879ea65f2159/full.jpeg"}, {"url": "https://megapx-assets.dcard.tw/images/348f0a2f-fb2c-409f-a7b4-6e709606dc19/full.jpeg"}, {"url": "https://megapx-assets.dcard.tw/images/5ed00f69-1f2a-4a09-bd18-9591d6d918be/full.jpeg"}], "reportReasonText": "", "postAvatar": ""}, {"id": 233008999, "title": "#封蠟 悲劇初體驗", "excerpt": "2小時前才超商取貨而已...，勺子一碰火馬上燒焦，但當下有蠟在融所以沒立刻移除，想說蠟燭也是蠟 拿去融融看，非常液體 不像火漆勾溝的，現在還卡在我的章上不知道怎麼辦才好，希望神人有解！！，附上悲劇大合", "anonymousSchool": false, "anonymousDepartment": false, "pinned": false, "forumId": "c82dae3f-28ba-4aae-961d-c754e6ccd37a", "replyId": null, "createdAt": "2020-02-03T12:29:48.526Z", "updatedAt": "2020-02-03T12:31:42.246Z", "commentCount": 2, "likeCount": 3, "withNickname": false, "tags": [], "topics": ["悲劇", "封蠟"], "meta": {"layout": "classic"}, "forumName": "手作", "forumAlias": "handicrafts", "gender": "F", "school": "康寧大學", "department": "護理科", "replyTitle": null, "mediaMeta": [{"id": "7937b27d-bb60-4e92-8534-92cdaf41e232", "url": "https://i.imgur.com/zgHYiBFl.jpg", "normalizedUrl": "https://i.imgur.com/zgHYiBFl.jpg", "thumbnail": "https://i.imgur.com/zgHYiBFl.jpg", "type": "image/thumbnail", "tags": ["ANNOTATED"], "createdAt": "2020-02-03T12:29:48.526Z", "updatedAt": "2020-02-03T12:31:42.246Z"}, {"id": "7937b27d-bb60-4e92-8534-92cdaf41e232", "url": "https://i.imgur.com/zgHYiBF.jpg", "normalizedUrl": "https://imgur.com/zgHYiBF", "thumbnail": "https://i.imgur.com/zgHYiBFl.jpg", "type": "image/imgur", "tags": ["ANNOTATED"], "createdAt": "2020-02-03T12:29:48.526Z", "updatedAt": "2020-02-03T12:31:42.246Z"}, {"id": "f7c0aa87-768d-4c19-9ce8-7eae619b736a", "url": "https://i.imgur.com/gE19xGo.jpg", "normalizedUrl": "https://imgur.com/gE19xGo", "thumbnail": "https://i.imgur.com/gE19xGol.jpg", "type": "image/imgur", "tags": ["ANNOTATED"], "createdAt": "2020-02-03T12:29:48.526Z", "updatedAt": "2020-02-03T12:31:42.246Z"}, {"id": "db566c2c-0b0e-4293-a0c6-391e5bbf1a52", "url": "https://i.imgur.com/1DluLJM.jpg", "normalizedUrl": "https://imgur.com/1DluLJM", "thumbnail": "https://i.imgur.com/1DluLJMl.jpg", "type": "image/imgur", "tags": ["ANNOTATED"], "createdAt": "2020-02-03T12:31:42.246Z", "updatedAt": "2020-02-03T12:31:42.246Z"}], "reactions": [{"id": "286f599c-f86a-4932-82f0-f5a06f1eca03", "count": 3}], "hidden": false, "customStyle": null, "isSuspiciousAccount": false, "layout": "classic", "withImages": true, "withVideos": false, "media": [{"url": "https://i.imgur.com/zgHYiBF.jpg"}, {"url": "https://i.imgur.com/gE19xGo.jpg"}, {"url": "https://i.imgur.com/1DluLJM.jpg"}], "reportReasonText": "", "postAvatar": ""}, {"id": 233012405, "title": "人人可鉤的鉤針娃娃!!加自創愛莉絲系列", "excerpt": "好久好久沒發文了~~！，但這組鉤針娃娃實在讓我覺得太幸福了，首先我要說~~我是看著別人的影片做的，那先上影片，我的第一隻貓咪就是看著這個做的~~，先上我的作品圖，看到這群孩子就讓我覺得很幸福啊啊啊，那", "anonymousSchool": false, "anonymousDepartment": false, "pinned": false, "forumId": "c82dae3f-28ba-4aae-961d-c754e6ccd37a", "replyId": null, "createdAt": "2020-02-04T02:08:27.653Z", "updatedAt": "2020-02-04T02:08:27.653Z", "commentCount": 2, "likeCount": 2, "withNickname": true, "tags": [], "topics": ["鉤針", "編織", "毛線"], "meta": {"layout": "classic"}, "forumName": "手作", "forumAlias": "handicrafts", "gender": "F", "school": "小楓", "department": "maple981751", "replyTitle": null, "mediaMeta": [{"id": "bfebb655-685d-496d-9d96-5a2e6f57fb11", "url": "https://img.youtube.com/vi/JHD3UoPH2wU/hqdefault.jpg", "normalizedUrl": "https://img.youtube.com/vi/JHD3UoPH2wU/hqdefault.jpg", "thumbnail": "https://img.youtube.com/vi/JHD3UoPH2wU/hqdefault.jpg", "type": "image/thumbnail", "tags": ["ANNOTATED"], "createdAt": "2020-02-04T02:08:27.653Z", "updatedAt": "2020-02-04T02:08:27.653Z"}, {"id": "bfebb655-685d-496d-9d96-5a2e6f57fb11", "url": "https://youtu.be/JHD3UoPH2wU", "normalizedUrl": "https://www.youtube.com/watch?v=JHD3UoPH2wU", "thumbnail": "https://img.youtube.com/vi/JHD3UoPH2wU/hqdefault.jpg", "type": "video/youtube", "tags": ["ANNOTATED"], "createdAt": "2020-02-04T02:08:27.653Z", "updatedAt": "2020-02-04T02:08:27.653Z"}, {"id": "8406072e-4cec-4602-b9cd-13256218695b", "url": "https://i.imgur.com/wkOl6k6.jpg", "normalizedUrl": "https://imgur.com/wkOl6k6", "thumbnail": "https://i.imgur.com/wkOl6k6l.jpg", "type": "image/imgur", "tags": ["ANNOTATED"], "createdAt": "2020-02-04T02:08:27.653Z", "updatedAt": "2020-02-04T02:08:27.653Z"}, {"id": "b1393f89-3b18-46ea-beed-db7ddb3862ad", "url": "https://i.imgur.com/mGqDiSJ.jpg", "normalizedUrl": "https://imgur.com/mGqDiSJ", "thumbnail": "https://i.imgur.com/mGqDiSJl.jpg", "type": "image/imgur", "tags": ["ANNOTATED"], "createdAt": "2020-02-04T02:08:27.653Z", "updatedAt": "2020-02-04T02:08:27.653Z"}, {"id": "145df893-bf6d-4f1f-81b0-ec3619c25508", "url": "https://i.imgur.com/R2sezFm.jpg", "normalizedUrl": "https://imgur.com/R2sezFm", "thumbnail": "https://i.imgur.com/R2sezFml.jpg", "type": "image/imgur", "tags": ["ANNOTATED"], "createdAt": "2020-02-04T02:08:27.653Z", "updatedAt": "2020-02-04T02:08:27.653Z"}, {"id": "90f8d4b3-3ad8-4664-bacc-47b48530e8c3", "url": "https://youtu.be/Kqd6RNXdzJQ", "normalizedUrl": "https://www.youtube.com/watch?v=Kqd6RNXdzJQ", "thumbnail": "https://img.youtube.com/vi/Kqd6RNXdzJQ/hqdefault.jpg", "type": "video/youtube", "tags": ["ANNOTATED"], "createdAt": "2020-02-04T02:08:27.653Z", "updatedAt": "2020-02-04T02:08:27.653Z"}, {"id": "8bc24a93-1684-4c77-9215-4ae1e6a7f5f1", "url": "https://i.imgur.com/3YBXtBG.jpg", "normalizedUrl": "https://imgur.com/3YBXtBG", "thumbnail": "https://i.imgur.com/3YBXtBGl.jpg", "type": "image/imgur", "tags": ["ANNOTATED"], "createdAt": "2020-02-04T02:08:27.653Z", "updatedAt": "2020-02-04T02:08:27.653Z"}, {"id": "8a4b353e-3e5d-4d7c-8366-bf0e2f9aed42", "url": "https://i.imgur.com/uzeYmO0.jpg", "normalizedUrl": "https://imgur.com/uzeYmO0", "thumbnail": "https://i.imgur.com/uzeYmO0l.jpg", "type": "image/imgur", "tags": ["ANNOTATED"], "createdAt": "2020-02-04T02:08:27.653Z", "updatedAt": "2020-02-04T02:08:27.653Z"}, {"id": "23765de6-48cb-407d-9c53-3edc005c6398", "url": "https://i.imgur.com/vfHPqjm.jpg", "normalizedUrl": "https://imgur.com/vfHPqjm", "thumbnail": "https://i.imgur.com/vfHPqjml.jpg", "type": "image/imgur", "tags": ["ANNOTATED"], "createdAt": "2020-02-04T02:08:27.653Z", "updatedAt": "2020-02-04T02:08:27.653Z"}, {"id": "2e59b069-6cc8-438a-9d5e-07bc38dfd28f", "url": "https://i.imgur.com/JcptmoS.jpg", "normalizedUrl": "https://imgur.com/JcptmoS", "thumbnail": "https://i.imgur.com/JcptmoSl.jpg", "type": "image/imgur", "tags": ["ANNOTATED"], "createdAt": "2020-02-04T02:08:27.653Z", "updatedAt": "2020-02-04T02:08:27.653Z"}, {"id": "e467bc06-f130-492e-988b-e1e0bfb80318", "url": "https://i.imgur.com/jCG9wIw.jpg", "normalizedUrl": "https://imgur.com/jCG9wIw", "thumbnail": "https://i.imgur.com/jCG9wIwl.jpg", "type": "image/imgur", "tags": ["ANNOTATED"], "createdAt": "2020-02-04T02:08:27.653Z", "updatedAt": "2020-02-04T02:08:27.653Z"}, {"id": "99b96e04-2622-454d-ba1c-c9f587263efd", "url": "https://i.imgur.com/JoDpf11.jpg", "normalizedUrl": "https://imgur.com/JoDpf11", "thumbnail": "https://i.imgur.com/JoDpf11l.jpg", "type": "image/imgur", "tags": ["ANNOTATED"], "createdAt": "2020-02-04T02:08:27.653Z", "updatedAt": "2020-02-04T02:08:27.653Z"}, {"id": "19655e93-a392-4008-a812-2ec1ce6c2d6a", "url": "https://i.imgur.com/RLRntIL.jpg", "normalizedUrl": "https://imgur.com/RLRntIL", "thumbnail": "https://i.imgur.com/RLRntILl.jpg", "type": "image/imgur", "tags": ["ANNOTATED"], "createdAt": "2020-02-04T02:08:27.653Z", "updatedAt": "2020-02-04T02:08:27.653Z"}], "reactions": [{"id": "011ead16-9b83-4729-9fde-c588920c6c2d", "count": 1}, {"id": "286f599c-f86a-4932-82f0-f5a06f1eca03", "count": 1}], "hidden": false, "customStyle": null, "isSuspiciousAccount": false, "layout": "classic", "withImages": true, "withVideos": false, "media": [{"url": "https://i.imgur.com/wkOl6k6.jpg"}, {"url": "https://i.imgur.com/mGqDiSJ.jpg"}, {"url": "https://i.imgur.com/R2sezFm.jpg"}, {"url": "https://i.imgur.com/3YBXtBG.jpg"}, {"url": "https://i.imgur.com/uzeYmO0.jpg"}, {"url": "https://i.imgur.com/vfHPqjm.jpg"}, {"url": "https://i.imgur.com/JcptmoS.jpg"}, {"url": "https://i.imgur.com/jCG9wIw.jpg"}, {"url": "https://i.imgur.com/JoDpf11.jpg"}, {"url": "https://i.imgur.com/RLRntIL.jpg"}], "reportReasonText": "", "postAvatar": ""}]