[{"id": 233010481, "title": "我與我的\"手排檔車\"", "excerpt": "此篇文純粹想跟各位分享一下我的車，聽說此版可以po檔車相關就來了，手機排版傷眼抱歉，那就先把主角放上來了，這是我的偉士牌p180d，算是我爸年輕時的座駕，那時候還沒有開放重機呢，現在這台車已經35歲了", "anonymousSchool": false, "anonymousDepartment": false, "pinned": false, "forumId": "2cffc289-d332-4d4e-95a7-cae58a1778aa", "replyId": null, "createdAt": "2020-02-03T15:42:48.001Z", "updatedAt": "2020-02-03T20:37:34.796Z", "commentCount": 6, "likeCount": 30, "withNickname": false, "tags": [], "topics": ["檔車", "輕檔車", "機車"], "meta": {"layout": "classic"}, "forumName": "重機", "forumAlias": "heavy_motorcycle", "gender": "M", "school": "大同大學", "department": "電機工程學系", "replyTitle": null, "mediaMeta": [{"id": "5040313c-120e-44d1-a24d-8e692aa7f817", "url": "https://i.imgur.com/YPESURKl.jpg", "normalizedUrl": "https://i.imgur.com/YPESURKl.jpg", "thumbnail": "https://i.imgur.com/YPESURKl.jpg", "type": "image/thumbnail", "tags": ["ANNOTATED"], "createdAt": "2020-02-03T15:42:48.001Z", "updatedAt": "2020-02-03T20:37:34.796Z"}, {"id": "5040313c-120e-44d1-a24d-8e692aa7f817", "url": "https://i.imgur.com/YPESURK.jpg", "normalizedUrl": "https://imgur.com/YPESURK", "thumbnail": "https://i.imgur.com/YPESURKl.jpg", "type": "image/imgur", "tags": ["ANNOTATED"], "createdAt": "2020-02-03T15:42:48.001Z", "updatedAt": "2020-02-03T20:37:34.796Z"}, {"id": "1568cb3b-5b74-409b-9af4-9844606a9d8a", "url": "https://i.imgur.com/U0vS9g9.jpg", "normalizedUrl": "https://imgur.com/U0vS9g9", "thumbnail": "https://i.imgur.com/U0vS9g9l.jpg", "type": "image/imgur", "tags": ["ANNOTATED"], "createdAt": "2020-02-03T15:42:48.001Z", "updatedAt": "2020-02-03T20:37:34.796Z"}, {"id": "a9d2da8e-22c5-43d7-a0bf-e8ce968bac04", "url": "https://i.imgur.com/s8uPvNt.jpg", "normalizedUrl": "https://imgur.com/s8uPvNt", "thumbnail": "https://i.imgur.com/s8uPvNtl.jpg", "type": "image/imgur", "tags": ["ANNOTATED"], "createdAt": "2020-02-03T15:42:48.001Z", "updatedAt": "2020-02-03T20:37:34.796Z"}, {"id": "e1830437-0dc8-4f29-a16f-7cf6089c4a0e", "url": "https://i.imgur.com/BY5aviH.jpg", "normalizedUrl": "https://imgur.com/BY5aviH", "thumbnail": "https://i.imgur.com/BY5aviHl.jpg", "type": "image/imgur", "tags": ["ANNOTATED"], "createdAt": "2020-02-03T15:42:48.001Z", "updatedAt": "2020-02-03T20:37:34.796Z"}, {"id": "1482bd91-588a-4c86-85ab-854ef7a0c6c2", "url": "https://i.imgur.com/CLRJfWF.jpg", "normalizedUrl": "https://imgur.com/CLRJfWF", "thumbnail": "https://i.imgur.com/CLRJfWFl.jpg", "type": "image/imgur", "tags": ["ANNOTATED"], "createdAt": "2020-02-03T15:42:48.001Z", "updatedAt": "2020-02-03T20:37:34.796Z"}, {"id": "92451702-bdec-462e-9e3f-2a460f3d1fff", "url": "https://i.imgur.com/a5qnod4.jpg", "normalizedUrl": "https://imgur.com/a5qnod4", "thumbnail": "https://i.imgur.com/a5qnod4l.jpg", "type": "image/imgur", "tags": ["ANNOTATED"], "createdAt": "2020-02-03T15:42:48.001Z", "updatedAt": "2020-02-03T20:37:34.796Z"}, {"id": "20a83817-e81d-47fa-a02c-26f261bb42dc", "url": "https://i.imgur.com/rQ69w0D.jpg", "normalizedUrl": "https://imgur.com/rQ69w0D", "thumbnail": "https://i.imgur.com/rQ69w0Dl.jpg", "type": "image/imgur", "tags": ["ANNOTATED"], "createdAt": "2020-02-03T15:42:48.001Z", "updatedAt": "2020-02-03T20:37:34.796Z"}, {"id": "7e773775-22e2-4c12-baf6-0da0377c572c", "url": "https://i.imgur.com/vm2cdZ4.jpg", "normalizedUrl": "https://imgur.com/vm2cdZ4", "thumbnail": "https://i.imgur.com/vm2cdZ4l.jpg", "type": "image/imgur", "tags": ["ANNOTATED"], "createdAt": "2020-02-03T15:42:48.001Z", "updatedAt": "2020-02-03T20:37:34.796Z"}, {"id": "57d029db-2858-44d3-91ee-08f3b097a474", "url": "https://i.imgur.com/jCNyZ70.jpg", "normalizedUrl": "https://imgur.com/jCNyZ70", "thumbnail": "https://i.imgur.com/jCNyZ70l.jpg", "type": "image/imgur", "tags": ["ANNOTATED_FAILED"], "createdAt": "2020-02-03T20:37:10.414Z", "updatedAt": "2020-02-03T20:37:34.796Z"}], "reactions": [{"id": "286f599c-f86a-4932-82f0-f5a06f1eca03", "count": 30}], "hidden": false, "customStyle": null, "isSuspiciousAccount": false, "layout": "classic", "withImages": true, "withVideos": false, "media": [{"url": "https://i.imgur.com/YPESURK.jpg"}, {"url": "https://i.imgur.com/U0vS9g9.jpg"}, {"url": "https://i.imgur.com/s8uPvNt.jpg"}, {"url": "https://i.imgur.com/BY5aviH.jpg"}, {"url": "https://i.imgur.com/CLRJfWF.jpg"}, {"url": "https://i.imgur.com/a5qnod4.jpg"}, {"url": "https://i.imgur.com/rQ69w0D.jpg"}, {"url": "https://i.imgur.com/vm2cdZ4.jpg"}, {"url": "https://i.imgur.com/jCNyZ70.jpg"}], "reportReasonText": "", "postAvatar": ""}, {"id": 233006614, "title": "cb300r各種花費", "excerpt": "小弟我想入手黃牌級距cb300r，我在網路上看過所有yt影片，影片中只有提到油耗約一公升18.5公里，但還是有許多問題，想請問車友們，各里程需要保養的的花費，如：鏈條油、機油……，或是零零雜雜的花費大", "anonymousSchool": false, "anonymousDepartment": true, "pinned": false, "forumId": "2cffc289-d332-4d4e-95a7-cae58a1778aa", "replyId": null, "createdAt": "2020-02-03T06:27:30.328Z", "updatedAt": "2020-02-03T06:27:30.328Z", "commentCount": 18, "likeCount": 7, "withNickname": false, "tags": [], "topics": ["花費", "重機", "新手", "機油"], "meta": {"layout": "classic"}, "forumName": "重機", "forumAlias": "heavy_motorcycle", "gender": "M", "school": "國立臺中科技大學", "replyTitle": null, "mediaMeta": [], "reactions": [{"id": "286f599c-f86a-4932-82f0-f5a06f1eca03", "count": 7}], "hidden": false, "customStyle": null, "isSuspiciousAccount": false, "layout": "classic", "withImages": false, "withVideos": false, "media": [], "reportReasonText": "", "postAvatar": ""}, {"id": 233006297, "title": "幫我估價好嗎", "excerpt": "車種PGO ALPHA+MAX，皮帶、普利珠、滑鍵、馬達5800，機油450，齒輪油100，請問醬子合理嗎", "anonymousSchool": false, "anonymousDepartment": true, "pinned": false, "forumId": "2cffc289-d332-4d4e-95a7-cae58a1778aa", "replyId": null, "createdAt": "2020-02-03T05:14:23.682Z", "updatedAt": "2020-02-03T05:14:23.682Z", "commentCount": 5, "likeCount": 4, "withNickname": false, "tags": ["HIDE_THUMBNAIL"], "topics": ["重機", "汽機車", "心得", "PGO", "估價"], "meta": {"layout": "classic"}, "forumName": "重機", "forumAlias": "heavy_motorcycle", "gender": "M", "school": "景文科技大學", "replyTitle": null, "mediaMeta": [], "reactions": [{"id": "286f599c-f86a-4932-82f0-f5a06f1eca03", "count": 4}], "hidden": false, "customStyle": null, "isSuspiciousAccount": false, "layout": "classic", "withImages": false, "withVideos": false, "media": [], "reportReasonText": "", "postAvatar": ""}, {"id": 233008324, "title": "「揪團報名」新北新莊 恒x輔x重機駕訓班", "excerpt": "如題...最近想趁年後換工作空檔來考個大重駕照，聽人講團報比較便宜，不知道這邊是否能發文揪團呢？若有違反版規麻煩告知一下 感謝", "anonymousSchool": false, "anonymousDepartment": false, "pinned": false, "forumId": "2cffc289-d332-4d4e-95a7-cae58a1778aa", "replyId": null, "createdAt": "2020-02-03T10:43:03.856Z", "updatedAt": "2020-02-03T10:43:03.856Z", "commentCount": 12, "likeCount": 2, "withNickname": true, "tags": ["HIDE_THUMBNAIL"], "topics": ["重機", "駕訓班", "檔車", "重機板", "汽機車"], "meta": {"layout": "classic"}, "forumName": "重機", "forumAlias": "heavy_motorcycle", "gender": "M", "school": "長的還可以", "department": "rururururururu", "replyTitle": null, "mediaMeta": [], "reactions": [{"id": "286f599c-f86a-4932-82f0-f5a06f1eca03", "count": 2}], "hidden": false, "customStyle": null, "isSuspiciousAccount": false, "layout": "classic", "withImages": false, "withVideos": false, "media": [], "reportReasonText": "", "postAvatar": ""}, {"id": 233011651, "title": "化油狼 or  雲豹200（化油）", "excerpt": "想請各位檔車老手，最近剛學會騎檔車，想入手一台，不知要化油狼還是雲豹200，都二手的", "anonymousSchool": false, "anonymousDepartment": false, "pinned": false, "forumId": "2cffc289-d332-4d4e-95a7-cae58a1778aa", "replyId": null, "createdAt": "2020-02-03T18:31:54.363Z", "updatedAt": "2020-02-03T18:31:54.363Z", "commentCount": 0, "likeCount": 0, "withNickname": true, "tags": [], "topics": ["化油", "檔車", "輕檔車"], "meta": {"layout": "classic"}, "forumName": "重機", "forumAlias": "heavy_motorcycle", "gender": "M", "school": "小傑希", "department": "jessy.l.l", "replyTitle": null, "mediaMeta": [], "reactions": [], "hidden": false, "customStyle": null, "isSuspiciousAccount": false, "layout": "classic", "withImages": false, "withVideos": false, "media": [], "reportReasonText": "", "postAvatar": ""}]