[{"id": 233005483, "title": "d cup 嘅女仔應該去邊買bra", "excerpt": "靚款嘅都係c cup 或以下，唔想成日著阿婆款，satami 嗰啲又貴，🤣🤣想問大家平時著咩牌子", "anonymousSchool": true, "anonymousDepartment": true, "pinned": false, "forumId": "030327e0-75ec-47ba-8103-f2152a9822a0", "replyId": null, "createdAt": "2020-02-03T01:48:51.443Z", "updatedAt": "2020-02-03T01:48:51.443Z", "commentCount": 32, "likeCount": 128, "withNickname": false, "tags": ["HIDE_THUMBNAIL"], "topics": ["女生", "港澳版", "心情", "香港", "胸部"], "meta": {"layout": "classic"}, "forumName": "港澳女生", "forumAlias": "hkmacgirl", "gender": "F", "replyTitle": null, "mediaMeta": [], "reactions": [{"id": "286f599c-f86a-4932-82f0-f5a06f1eca03", "count": 126}, {"id": "aa0d425f-d530-4478-9a77-fe3aedc79eea", "count": 2}], "hidden": false, "customStyle": null, "isSuspiciousAccount": false, "layout": "classic", "withImages": false, "withVideos": false, "media": [], "reportReasonText": "", "postAvatar": ""}, {"id": 233009393, "title": "好想出去行街", "excerpt": "日日都屈係屋企好悶 好想出去行下街，但香港地方細人又多，真係戴口罩都易中招，究竟幾時先完，會唔會好似以前咁，完sem都未好返⋯⋯", "anonymousSchool": true, "anonymousDepartment": true, "pinned": false, "forumId": "030327e0-75ec-47ba-8103-f2152a9822a0", "replyId": null, "createdAt": "2020-02-03T13:29:45.482Z", "updatedAt": "2020-02-03T13:30:00.019Z", "commentCount": 1, "likeCount": 24, "withNickname": false, "tags": ["HIDE_THUMBNAIL"], "topics": ["肺炎", "悶"], "meta": {"layout": "classic"}, "forumName": "港澳女生", "forumAlias": "hkmacgirl", "gender": "F", "replyTitle": null, "mediaMeta": [], "reactions": [{"id": "286f599c-f86a-4932-82f0-f5a06f1eca03", "count": 22}, {"id": "514c2569-fd53-4d9d-a415-bf0f88e7329f", "count": 1}, {"id": "aa0d425f-d530-4478-9a77-fe3aedc79eea", "count": 1}], "hidden": false, "customStyle": null, "isSuspiciousAccount": false, "layout": "classic", "withImages": false, "withVideos": false, "media": [], "reportReasonText": "", "postAvatar": ""}, {"id": 233006821, "title": "疫症令我地好似long D 咁", "excerpt": "依定仲敢唔敢出街拍拖？依家好似long D 咁，明明都係香港都唔敢出街，只可以facetime", "anonymousSchool": false, "anonymousDepartment": true, "pinned": false, "forumId": "030327e0-75ec-47ba-8103-f2152a9822a0", "replyId": null, "createdAt": "2020-02-03T07:14:40.581Z", "updatedAt": "2020-02-03T07:14:40.581Z", "commentCount": 2, "likeCount": 18, "withNickname": false, "tags": [], "topics": [], "meta": {"layout": "classic"}, "forumName": "港澳女生", "forumAlias": "hkmacgirl", "gender": "F", "school": "香港大學", "replyTitle": null, "mediaMeta": [], "reactions": [{"id": "286f599c-f86a-4932-82f0-f5a06f1eca03", "count": 18}], "hidden": false, "customStyle": null, "isSuspiciousAccount": false, "layout": "classic", "withImages": false, "withVideos": false, "media": [], "reportReasonText": "", "postAvatar": ""}]