[{"id": 233005551, "title": "弱弱一問，香港嘅大學幾時開sem完sem", "excerpt": "其實香港嘅大學通常係幾月開sem始月完sem，我係台灣讀大學都係9月中或尾開sem，一月中或尾完sem；二月尾開sem，六月中完或尾完sem。但我獲獲都見到香港fd，我已經返緊學佢好似仲放緊假去旅行，", "anonymousSchool": false, "anonymousDepartment": true, "pinned": false, "forumId": "0e571b3a-aca2-4423-8136-3245adfbedbb", "replyId": null, "createdAt": "2020-02-03T02:11:35.486Z", "updatedAt": "2020-02-03T02:11:35.486Z", "commentCount": 20, "likeCount": 111, "withNickname": false, "tags": ["HIDE_THUMBNAIL"], "topics": ["香港", "港澳版", "讀書", "大學生"], "meta": {"layout": "classic"}, "forumName": "港澳 u life", "forumAlias": "hkmaculife", "gender": "M", "school": "靜宜大學", "replyTitle": null, "mediaMeta": [], "reactions": [{"id": "286f599c-f86a-4932-82f0-f5a06f1eca03", "count": 110}, {"id": "514c2569-fd53-4d9d-a415-bf0f88e7329f", "count": 1}], "hidden": false, "customStyle": null, "isSuspiciousAccount": false, "layout": "classic", "withImages": false, "withVideos": false, "media": [], "reportReasonText": "", "postAvatar": ""}, {"id": 233005861, "title": "自己好似唔適合讀書既人", "excerpt": "上年讀完fd，今年系hd，岩岩出左gpa同上年一樣都系唔過3真系好頹，雖然我唔系真系好努力個d人，但assignment 都好心機做，最後出嚟既gpa都好垃圾，身邊d朋友都有3，好迷惘同自卑，自己真系", "anonymousSchool": false, "anonymousDepartment": true, "pinned": false, "forumId": "0e571b3a-aca2-4423-8136-3245adfbedbb", "replyId": null, "createdAt": "2020-02-03T03:29:12.747Z", "updatedAt": "2020-02-03T03:29:12.747Z", "commentCount": 11, "likeCount": 65, "withNickname": false, "tags": ["HIDE_THUMBNAIL"], "topics": ["讀書"], "meta": {"layout": "classic"}, "forumName": "港澳 u life", "forumAlias": "hkmaculife", "gender": "M", "school": "香港大學附屬學院", "replyTitle": null, "mediaMeta": [], "reactions": [{"id": "286f599c-f86a-4932-82f0-f5a06f1eca03", "count": 64}, {"id": "e8e6bc5d-41b0-4129-b134-97507523d7ff", "count": 1}], "hidden": false, "customStyle": null, "isSuspiciousAccount": false, "layout": "classic", "withImages": false, "withVideos": false, "media": [], "reportReasonText": "", "postAvatar": ""}, {"id": 233006612, "title": "TUNS 請入，封關救港", "excerpt": "有好多WM（Ward manager）因為今日罷工人手不足，打電話俾Temporary University Nursing Student 叫翻工，希望各位呼籲ward嘅TUNS千祈唔好應承返工‼️", "anonymousSchool": false, "anonymousDepartment": true, "pinned": false, "forumId": "0e571b3a-aca2-4423-8136-3245adfbedbb", "replyId": null, "createdAt": "2020-02-03T06:27:24.756Z", "updatedAt": "2020-02-03T06:27:24.756Z", "commentCount": 2, "likeCount": 25, "withNickname": false, "tags": ["HIDE_THUMBNAIL"], "topics": ["大學", "大學生", "港澳版"], "meta": {"layout": "classic"}, "forumName": "港澳 u life", "forumAlias": "hkmaculife", "gender": "M", "school": "香港科技大學", "replyTitle": null, "mediaMeta": [], "reactions": [{"id": "286f599c-f86a-4932-82f0-f5a06f1eca03", "count": 23}, {"id": "011ead16-9b83-4729-9fde-c588920c6c2d", "count": 1}, {"id": "514c2569-fd53-4d9d-a415-bf0f88e7329f", "count": 1}], "hidden": false, "customStyle": null, "isSuspiciousAccount": false, "layout": "classic", "withImages": false, "withVideos": false, "media": [], "reportReasonText": "", "postAvatar": ""}, {"id": 233005916, "title": "Online course點join", "excerpt": "小弟今年year1好多野未摸熟，見有email叫話要上online course，但始終未知點樣join到，有冇師兄師姐教教路", "anonymousSchool": false, "anonymousDepartment": true, "pinned": false, "forumId": "0e571b3a-aca2-4423-8136-3245adfbedbb", "replyId": null, "createdAt": "2020-02-03T03:47:53.179Z", "updatedAt": "2020-02-03T03:47:53.179Z", "commentCount": 1, "likeCount": 24, "withNickname": false, "tags": ["HIDE_THUMBNAIL"], "topics": ["大學", "大學生"], "meta": {"layout": "classic"}, "forumName": "港澳 u life", "forumAlias": "hkmaculife", "gender": "M", "school": "香港城市大學專上學院", "replyTitle": null, "mediaMeta": [], "reactions": [{"id": "286f599c-f86a-4932-82f0-f5a06f1eca03", "count": 23}, {"id": "514c2569-fd53-4d9d-a415-bf0f88e7329f", "count": 1}], "hidden": false, "customStyle": null, "isSuspiciousAccount": false, "layout": "classic", "withImages": false, "withVideos": false, "media": [], "reportReasonText": "", "postAvatar": ""}, {"id": 233007973, "title": "停課會令到defer嗎？", "excerpt": "今年last year，要去幼稚園實習，想問下如果今年因為停課實習唔到，係咪點到要defer補返先畢到業..？", "anonymousSchool": false, "anonymousDepartment": true, "pinned": false, "forumId": "0e571b3a-aca2-4423-8136-3245adfbedbb", "replyId": null, "createdAt": "2020-02-03T09:56:06.068Z", "updatedAt": "2020-02-03T09:56:06.068Z", "commentCount": 1, "likeCount": 18, "withNickname": false, "tags": ["HIDE_THUMBNAIL"], "topics": ["大學", "香港", "大學生", "實習"], "meta": {"layout": "classic"}, "forumName": "港澳 u life", "forumAlias": "hkmaculife", "gender": "F", "school": "香港教育大學", "replyTitle": null, "mediaMeta": [], "reactions": [{"id": "286f599c-f86a-4932-82f0-f5a06f1eca03", "count": 18}], "hidden": false, "customStyle": null, "isSuspiciousAccount": false, "layout": "classic", "withImages": false, "withVideos": false, "media": [], "reportReasonText": "", "postAvatar": ""}, {"id": 233008881, "title": "有冇人一齊打機", "excerpt": "肺炎冇口罩出唔到街好悶，打咩都得 輕鬆吹水打，利申 打機廢，Tg： LoveSleepK", "anonymousSchool": false, "anonymousDepartment": true, "pinned": false, "forumId": "0e571b3a-aca2-4423-8136-3245adfbedbb", "replyId": null, "createdAt": "2020-02-03T12:12:31.553Z", "updatedAt": "2020-02-03T12:12:31.553Z", "commentCount": 2, "likeCount": 17, "withNickname": false, "tags": ["HIDE_THUMBNAIL"], "topics": ["大學", "香港"], "meta": {"layout": "classic"}, "forumName": "港澳 u life", "forumAlias": "hkmaculife", "gender": "M", "school": "香港中文大學", "replyTitle": null, "mediaMeta": [], "reactions": [{"id": "286f599c-f86a-4932-82f0-f5a06f1eca03", "count": 16}, {"id": "aa0d425f-d530-4478-9a77-fe3aedc79eea", "count": 1}], "hidden": false, "customStyle": null, "isSuspiciousAccount": false, "layout": "classic", "withImages": false, "withVideos": false, "media": [], "reportReasonText": "", "postAvatar": ""}, {"id": 233008577, "title": "想識個朋友但冇留contact，有啲後悔", "excerpt": "年初一晚喺大角咀嘅黃色年宵做訪問，qualitative訪問，所以當傾計咁，越長越好嘅。其中見倒兩個男仔一齊行，一個係外國人，一個係香港男仔，我訪問左後者，大約十五分鐘。佢講嘢個感覺有啲chill，又", "anonymousSchool": false, "anonymousDepartment": true, "pinned": false, "forumId": "0e571b3a-aca2-4423-8136-3245adfbedbb", "replyId": null, "createdAt": "2020-02-03T11:20:48.723Z", "updatedAt": "2020-02-03T15:09:30.342Z", "commentCount": 1, "likeCount": 17, "withNickname": false, "tags": [], "topics": ["後悔", "大學", "朋友", "大學生", "生活"], "meta": {"layout": "classic"}, "forumName": "港澳 u life", "forumAlias": "hkmaculife", "gender": "F", "school": "香港中文大學", "replyTitle": null, "mediaMeta": [], "reactions": [{"id": "286f599c-f86a-4932-82f0-f5a06f1eca03", "count": 17}], "hidden": false, "customStyle": null, "isSuspiciousAccount": false, "layout": "classic", "withImages": false, "withVideos": false, "media": [], "reportReasonText": "", "postAvatar": ""}, {"id": 233010596, "title": "有冇女仔鐘意上進既男仔", "excerpt": "首先我a0冇咩戀愛經驗，今年final year了，頭三年都係瘋狂追gpa （成績只係中等），到而家停sem冇野做會自己搵野黎做，每日流程做gym學英文學日文學結他，每星期番下part time咁，有", "anonymousSchool": false, "anonymousDepartment": true, "pinned": false, "forumId": "0e571b3a-aca2-4423-8136-3245adfbedbb", "replyId": null, "createdAt": "2020-02-03T15:55:58.404Z", "updatedAt": "2020-02-03T15:55:58.404Z", "commentCount": 13, "likeCount": 4, "withNickname": false, "tags": ["HIDE_THUMBNAIL"], "topics": ["港澳版", "大學生", "生活", "心情", "感情"], "meta": {"layout": "classic"}, "forumName": "港澳 u life", "forumAlias": "hkmaculife", "gender": "M", "school": "香港科技大學", "replyTitle": null, "mediaMeta": [], "reactions": [{"id": "286f599c-f86a-4932-82f0-f5a06f1eca03", "count": 3}, {"id": "aa0d425f-d530-4478-9a77-fe3aedc79eea", "count": 1}], "hidden": false, "customStyle": null, "isSuspiciousAccount": false, "layout": "classic", "withImages": false, "withVideos": false, "media": [], "reportReasonText": "", "postAvatar": ""}, {"id": 233011971, "title": "今年year 1 真慘", "excerpt": "諗住開開心心黎過ulife，點知第一年就搞啲咁嘅野，真係俾大陸玩死。", "anonymousSchool": false, "anonymousDepartment": true, "pinned": false, "forumId": "0e571b3a-aca2-4423-8136-3245adfbedbb", "replyId": null, "createdAt": "2020-02-03T21:13:51.887Z", "updatedAt": "2020-02-03T21:13:51.887Z", "commentCount": 1, "likeCount": 2, "withNickname": false, "tags": [], "topics": [], "meta": {"layout": "classic"}, "forumName": "港澳 u life", "forumAlias": "hkmaculife", "gender": "F", "school": "香港城市大學", "replyTitle": null, "mediaMeta": [], "reactions": [{"id": "286f599c-f86a-4932-82f0-f5a06f1eca03", "count": 1}, {"id": "e8e6bc5d-41b0-4129-b134-97507523d7ff", "count": 1}], "hidden": false, "customStyle": null, "isSuspiciousAccount": false, "layout": "classic", "withImages": false, "withVideos": false, "media": [], "reportReasonText": "", "postAvatar": ""}, {"id": 233012685, "title": "有冇外國讀書嘅 好想返香港", "excerpt": "小弟而家係英國讀緊書 本身都好唔想嚟，但係屋企人迫我嚟 同埋dse考得差得high dip offer （而家英國靠portfolio入到degree），嚟到英國真係覺得好悶 日日都係打機，雖然啲風景", "anonymousSchool": false, "anonymousDepartment": false, "pinned": false, "forumId": "0e571b3a-aca2-4423-8136-3245adfbedbb", "replyId": null, "createdAt": "2020-02-04T03:12:32.310Z", "updatedAt": "2020-02-04T03:12:32.310Z", "commentCount": 0, "likeCount": 0, "withNickname": true, "tags": [], "topics": ["外國", "讀書", "香港", "大學"], "meta": {"layout": "classic"}, "forumName": "港澳 u life", "forumAlias": "hkmaculife", "gender": "M", "school": "gfhk", "department": "ydn2231", "replyTitle": null, "mediaMeta": [], "reactions": [], "hidden": false, "customStyle": null, "isSuspiciousAccount": false, "layout": "classic", "withImages": false, "withVideos": false, "media": [], "reportReasonText": "", "postAvatar": ""}]