[{"id": 233007969, "title": "有無單身狗圍爐", "excerpt": "sem1怕醜 加上讀既course都好少男仔，打算sem2 social d睇下會唔會遇到適合既人，但依家咁既情形 真係有少少灰，個個係到煩緊點同另一半見，我就完全無呢個煩惱，諗緊會唔會真係a住gra", "anonymousSchool": true, "anonymousDepartment": true, "pinned": false, "forumId": "f04ba238-e83a-4361-a654-2bbbb62cb37e", "replyId": null, "createdAt": "2020-02-03T09:55:37.725Z", "updatedAt": "2020-02-03T09:55:37.725Z", "commentCount": 131, "likeCount": 297, "withNickname": false, "tags": ["HIDE_THUMBNAIL"], "topics": ["感情", "拍拖", "港澳版", "單身"], "meta": {"layout": "classic"}, "forumName": "港澳感情事", "forumAlias": "hkmacrelationship", "gender": "F", "replyTitle": null, "mediaMeta": [], "reactions": [{"id": "286f599c-f86a-4932-82f0-f5a06f1eca03", "count": 293}, {"id": "e8e6bc5d-41b0-4129-b134-97507523d7ff", "count": 4}], "hidden": false, "customStyle": null, "isSuspiciousAccount": false, "layout": "classic", "withImages": false, "withVideos": false, "media": [], "reportReasonText": "", "postAvatar": ""}, {"id": 233004042, "title": "邊個交友app最易識到真心朋友", "excerpt": "Tinder ？ Sweetring ？ Coffee meets bagel ？大家又點睇呢？一齊討論下啊 其他嘅app都可以講下", "anonymousSchool": false, "anonymousDepartment": true, "pinned": false, "forumId": "f04ba238-e83a-4361-a654-2bbbb62cb37e", "replyId": null, "createdAt": "2020-02-02T16:20:02.763Z", "updatedAt": "2020-02-02T16:20:02.763Z", "commentCount": 60, "likeCount": 257, "withNickname": false, "tags": [], "topics": ["真心", "感情", "拍拖", "愛情", "出pool"], "meta": {"layout": "classic"}, "forumName": "港澳感情事", "forumAlias": "hkmacrelationship", "gender": "M", "school": "東華學院", "replyTitle": null, "mediaMeta": [], "reactions": [{"id": "286f599c-f86a-4932-82f0-f5a06f1eca03", "count": 256}, {"id": "011ead16-9b83-4729-9fde-c588920c6c2d", "count": 1}], "hidden": false, "customStyle": null, "isSuspiciousAccount": false, "layout": "classic", "withImages": false, "withVideos": false, "media": [], "reportReasonText": "", "postAvatar": ""}, {"id": 233006735, "title": "有冇人因為今次疫症同另一半嘈交？", "excerpt": "小弟因為考慮到疫情爆發原故，家中口罩所剩無己，又唔知道將來幾時會買到口罩，所以減少出去次數。但女朋友就因為我少咗搵佢而嘈交，又話我慳口罩用呢個諗法好消極，因為遲早都會有貨用。你哋有冇類似嘅情況？利申：", "anonymousSchool": true, "anonymousDepartment": true, "pinned": false, "forumId": "f04ba238-e83a-4361-a654-2bbbb62cb37e", "replyId": null, "createdAt": "2020-02-03T06:52:45.457Z", "updatedAt": "2020-02-03T06:53:07.730Z", "commentCount": 26, "likeCount": 114, "withNickname": false, "tags": ["HIDE_THUMBNAIL"], "topics": ["感情", "拍拖", "港澳版", "肺炎", "愛情"], "meta": {"layout": "classic"}, "forumName": "港澳感情事", "forumAlias": "hkmacrelationship", "gender": "M", "replyTitle": null, "mediaMeta": [], "reactions": [{"id": "286f599c-f86a-4932-82f0-f5a06f1eca03", "count": 110}, {"id": "aa0d425f-d530-4478-9a77-fe3aedc79eea", "count": 2}, {"id": "e8e6bc5d-41b0-4129-b134-97507523d7ff", "count": 2}], "hidden": false, "customStyle": null, "isSuspiciousAccount": false, "layout": "classic", "withImages": false, "withVideos": false, "media": [], "reportReasonText": "", "postAvatar": ""}, {"id": 233006749, "title": "【報名表單】Dcard HK 情人節緣份配對 - Be My Valentine ❤️", "excerpt": "唔講唔知，原來情人節一開始唔係俾情侶慶祝既，喺中世紀既時候，情人節喺英國最為流行。當時會將未婚男女既名分別寫喺紙條度，再將紙條依性別分別裝喺兩個唔同既盒度。佢哋會到裝住異性姓名既盒度抽籤，抽到之後佢哋", "anonymousSchool": false, "anonymousDepartment": true, "pinned": false, "forumId": "f04ba238-e83a-4361-a654-2bbbb62cb37e", "replyId": null, "createdAt": "2020-02-03T06:54:38.989Z", "updatedAt": "2020-02-03T10:15:04.334Z", "commentCount": 12, "likeCount": 110, "withNickname": true, "tags": ["HIDE_THUMBNAIL"], "topics": ["緣份配對", "情人節"], "meta": {"layout": "classic"}, "forumName": "港澳感情事", "forumAlias": "hkmacrelationship", "gender": "D", "school": "港澳小天使", "department": "hkmacangel", "replyTitle": null, "mediaMeta": [], "reactions": [{"id": "286f599c-f86a-4932-82f0-f5a06f1eca03", "count": 107}, {"id": "514c2569-fd53-4d9d-a415-bf0f88e7329f", "count": 1}, {"id": "aa0d425f-d530-4478-9a77-fe3aedc79eea", "count": 1}, {"id": "e8e6bc5d-41b0-4129-b134-97507523d7ff", "count": 1}], "hidden": false, "customStyle": null, "isSuspiciousAccount": false, "layout": "classic", "withImages": false, "withVideos": false, "media": [], "reportReasonText": "", "postAvatar": ""}, {"id": 233007104, "title": "疫症都會照拍拖見男朋友", "excerpt": "我唔知自己咁做算唔算好自私，但係就算宜家有武漢肺炎，我都係照出街見男朋友，我覺得即使有疫症，有啲嘢要做都係要照做，無謂因為咁而搞到男女朋友都冇得見，只要防護措施做得夠就唔洗搞到好似打仗咁，因為我同男朋", "anonymousSchool": true, "anonymousDepartment": true, "pinned": false, "forumId": "f04ba238-e83a-4361-a654-2bbbb62cb37e", "replyId": null, "createdAt": "2020-02-03T08:06:31.899Z", "updatedAt": "2020-02-03T08:06:31.899Z", "commentCount": 16, "likeCount": 84, "withNickname": false, "tags": ["HIDE_THUMBNAIL"], "topics": ["武漢肺炎", "拍拖", "港澳版"], "meta": {"layout": "classic"}, "forumName": "港澳感情事", "forumAlias": "hkmacrelationship", "gender": "F", "replyTitle": null, "mediaMeta": [], "reactions": [{"id": "286f599c-f86a-4932-82f0-f5a06f1eca03", "count": 80}, {"id": "aa0d425f-d530-4478-9a77-fe3aedc79eea", "count": 4}], "hidden": false, "customStyle": null, "isSuspiciousAccount": false, "layout": "classic", "withImages": false, "withVideos": false, "media": [], "reportReasonText": "", "postAvatar": ""}, {"id": 233010368, "title": "金錢的限制成為愛情的絆腳石", "excerpt": "我一個大專生，兼職酒店搵得唔多，一個月大概4000-5000蚊，我女朋友細我6年，讀緊中學，有零用無返工。初初拍拖其實都覺得無乜問題，每次都我請食飯，經常送禮物俾佢，我既女人嘛，tum下佢開心好正常。", "anonymousSchool": true, "anonymousDepartment": true, "pinned": false, "forumId": "f04ba238-e83a-4361-a654-2bbbb62cb37e", "replyId": null, "createdAt": "2020-02-03T15:29:29.339Z", "updatedAt": "2020-02-03T15:29:29.339Z", "commentCount": 6, "likeCount": 34, "withNickname": false, "tags": ["HIDE_THUMBNAIL"], "topics": ["感情", "心事", "金錢"], "meta": {"layout": "classic"}, "forumName": "港澳感情事", "forumAlias": "hkmacrelationship", "gender": "M", "replyTitle": null, "mediaMeta": [], "reactions": [{"id": "286f599c-f86a-4932-82f0-f5a06f1eca03", "count": 33}, {"id": "e8e6bc5d-41b0-4129-b134-97507523d7ff", "count": 1}], "hidden": false, "customStyle": null, "isSuspiciousAccount": false, "layout": "classic", "withImages": false, "withVideos": false, "media": [], "reportReasonText": "", "postAvatar": ""}, {"id": 233008389, "title": "Dcard抽到個自己識既人有咩諗法", "excerpt": "其實會唔會覺得係dcard到抽卡，會驚比自己識既人抽到見到？好驚人地見到覺得我好似好恨出pool咁樣，我有呢個concern頗耐，所以一直唔夠膽抽，但係又想識下人，定係我諗法太保守？", "anonymousSchool": true, "anonymousDepartment": true, "pinned": false, "forumId": "f04ba238-e83a-4361-a654-2bbbb62cb37e", "replyId": null, "createdAt": "2020-02-03T10:50:46.930Z", "updatedAt": "2020-02-03T10:50:46.930Z", "commentCount": 5, "likeCount": 31, "withNickname": false, "tags": ["HIDE_THUMBNAIL"], "topics": ["感情", "交友軟體", "交友"], "meta": {"layout": "classic"}, "forumName": "港澳感情事", "forumAlias": "hkmacrelationship", "gender": "F", "replyTitle": null, "mediaMeta": [], "reactions": [{"id": "286f599c-f86a-4932-82f0-f5a06f1eca03", "count": 30}, {"id": "011ead16-9b83-4729-9fde-c588920c6c2d", "count": 1}], "hidden": false, "customStyle": null, "isSuspiciousAccount": false, "layout": "classic", "withImages": false, "withVideos": false, "media": [], "reportReasonText": "", "postAvatar": ""}, {"id": 233012026, "title": "Snapchat 一時黃心一時紅心又一時冇心又變翻黃心循環mode", "excerpt": "我同ex仲有用sc聯繫 自從由黃心變紅心 我期待會變雙心 但結果係當應該變雙心嘅時候 突然冇左心 但大半日之後又變翻黃心 再隔一排又變紅心 （一個星期內） 之後一星期又過左 又變冇心之後又變翻黃心紅心", "anonymousSchool": true, "anonymousDepartment": true, "pinned": false, "forumId": "f04ba238-e83a-4361-a654-2bbbb62cb37e", "replyId": null, "createdAt": "2020-02-03T22:18:37.439Z", "updatedAt": "2020-02-03T22:18:37.439Z", "commentCount": 4, "likeCount": 30, "withNickname": false, "tags": ["HIDE_THUMBNAIL"], "topics": ["心事", "感情", "情侶相處", "拍拖", "港澳版"], "meta": {"layout": "classic"}, "forumName": "港澳感情事", "forumAlias": "hkmacrelationship", "gender": "F", "replyTitle": null, "mediaMeta": [], "reactions": [{"id": "286f599c-f86a-4932-82f0-f5a06f1eca03", "count": 28}, {"id": "aa0d425f-d530-4478-9a77-fe3aedc79eea", "count": 2}], "hidden": false, "customStyle": null, "isSuspiciousAccount": false, "layout": "classic", "withImages": false, "withVideos": false, "media": [], "reportReasonText": "", "postAvatar": ""}, {"id": 233005610, "title": "錯既時間 定 只係我唔夠愛", "excerpt": "想知大家有咩睇法，事源係同女朋友一齊三個月 琴日分手 我提出既，當初未係好清楚佢屋企情況就一齊左，但之後慢慢發現佢屋企情況好差。首先，佢仲係中學成績唔好，屋企人係咁逼佢讀書，狂補習。之後，出街好多限制", "anonymousSchool": true, "anonymousDepartment": true, "pinned": false, "forumId": "f04ba238-e83a-4361-a654-2bbbb62cb37e", "replyId": null, "createdAt": "2020-02-03T02:29:20.065Z", "updatedAt": "2020-02-03T02:29:20.065Z", "commentCount": 4, "likeCount": 30, "withNickname": false, "tags": [], "topics": ["拍拖", "感情", "港澳版", "愛情", "香港"], "meta": {"layout": "classic"}, "forumName": "港澳感情事", "forumAlias": "hkmacrelationship", "gender": "M", "replyTitle": null, "mediaMeta": [], "reactions": [{"id": "286f599c-f86a-4932-82f0-f5a06f1eca03", "count": 29}, {"id": "aa0d425f-d530-4478-9a77-fe3aedc79eea", "count": 1}], "hidden": false, "customStyle": null, "isSuspiciousAccount": false, "layout": "classic", "withImages": false, "withVideos": false, "media": [], "reportReasonText": "", "postAvatar": ""}, {"id": 233003908, "title": "啱啱拍拖冇耐就停課 大家依排點拍拖", "excerpt": "啱啱拍拖未去到對方屋企 出街又驚肺炎", "anonymousSchool": true, "anonymousDepartment": true, "pinned": false, "forumId": "f04ba238-e83a-4361-a654-2bbbb62cb37e", "replyId": null, "createdAt": "2020-02-02T16:05:29.520Z", "updatedAt": "2020-02-02T16:05:29.520Z", "commentCount": 6, "likeCount": 30, "withNickname": false, "tags": ["HIDE_THUMBNAIL"], "topics": ["感情", "拍拖", "愛情", "大學", "情侶相處"], "meta": {"layout": "classic"}, "forumName": "港澳感情事", "forumAlias": "hkmacrelationship", "gender": "F", "replyTitle": null, "mediaMeta": [], "reactions": [{"id": "286f599c-f86a-4932-82f0-f5a06f1eca03", "count": 28}, {"id": "aa0d425f-d530-4478-9a77-fe3aedc79eea", "count": 2}], "hidden": false, "customStyle": null, "isSuspiciousAccount": false, "layout": "classic", "withImages": false, "withVideos": false, "media": [], "reportReasonText": "", "postAvatar": ""}, {"id": 233005715, "title": "堅強？", "excerpt": "夜深了 你靠在窗邊忍住顫抖的聲線 。忍泣著，耳機響著應景既音樂 你肩膊顫抖的幅度更大，此時的你 想像一位熟悉的男人會輕撫著你的頭，用力地抱住你，此時的手機 跳出一個訊息「老婆？」你看著夜空輕輕地嘆息了", "anonymousSchool": false, "anonymousDepartment": true, "pinned": false, "forumId": "f04ba238-e83a-4361-a654-2bbbb62cb37e", "replyId": null, "createdAt": "2020-02-03T02:57:07.807Z", "updatedAt": "2020-02-03T02:57:07.807Z", "commentCount": 1, "likeCount": 26, "withNickname": true, "tags": ["HIDE_THUMBNAIL"], "topics": ["感情", "拍拖", "愛情", "心情", "兩性"], "meta": {"layout": "classic"}, "forumName": "港澳感情事", "forumAlias": "hkmacrelationship", "gender": "F", "school": "Little.bird", "department": "miss.little.a", "replyTitle": null, "mediaMeta": [], "reactions": [{"id": "286f599c-f86a-4932-82f0-f5a06f1eca03", "count": 25}, {"id": "4b018f48-e184-445f-adf1-fc8e04ba09b9", "count": 1}], "hidden": false, "customStyle": null, "isSuspiciousAccount": false, "layout": "classic", "withImages": false, "withVideos": false, "media": [], "reportReasonText": "", "postAvatar": ""}, {"id": 233005019, "title": "男朋友介唔介意話俾gf知有關ex嘅事", "excerpt": "如題，定男朋友本身唔介意但唔想gf多疑", "anonymousSchool": false, "anonymousDepartment": true, "pinned": false, "forumId": "f04ba238-e83a-4361-a654-2bbbb62cb37e", "replyId": null, "createdAt": "2020-02-02T19:29:32.330Z", "updatedAt": "2020-02-02T19:29:32.330Z", "commentCount": 6, "likeCount": 26, "withNickname": false, "tags": [], "topics": ["男朋友", "感情", "拍拖"], "meta": {"layout": "classic"}, "forumName": "港澳感情事", "forumAlias": "hkmacrelationship", "gender": "F", "school": "香港理工大學", "replyTitle": null, "mediaMeta": [], "reactions": [{"id": "286f599c-f86a-4932-82f0-f5a06f1eca03", "count": 25}, {"id": "aa0d425f-d530-4478-9a77-fe3aedc79eea", "count": 1}], "hidden": false, "customStyle": null, "isSuspiciousAccount": false, "layout": "classic", "withImages": false, "withVideos": false, "media": [], "reportReasonText": "", "postAvatar": ""}, {"id": 233005650, "title": "開不了口", "excerpt": "今日係一個人曾經好重要嘅人嘅生日，但我已經開唔到口係佢正日同佢講生日快樂。只可以係度同佢講聲 生日快樂", "anonymousSchool": true, "anonymousDepartment": true, "pinned": false, "forumId": "f04ba238-e83a-4361-a654-2bbbb62cb37e", "replyId": null, "createdAt": "2020-02-03T02:41:19.913Z", "updatedAt": "2020-02-03T02:41:19.913Z", "commentCount": 0, "likeCount": 25, "withNickname": false, "tags": [], "topics": ["感情", "香港"], "meta": {"layout": "classic"}, "forumName": "港澳感情事", "forumAlias": "hkmacrelationship", "gender": "M", "replyTitle": null, "mediaMeta": [], "reactions": [{"id": "286f599c-f86a-4932-82f0-f5a06f1eca03", "count": 23}, {"id": "aa0d425f-d530-4478-9a77-fe3aedc79eea", "count": 2}], "hidden": false, "customStyle": null, "isSuspiciousAccount": false, "layout": "classic", "withImages": false, "withVideos": false, "media": [], "reportReasonText": "", "postAvatar": ""}, {"id": 233011972, "title": "中學拍拖", "excerpt": "其實而家仲有冇中學唔俾拍拖呢回事？我嗰時仲有，真係覺得勁白痴。", "anonymousSchool": true, "anonymousDepartment": true, "pinned": false, "forumId": "f04ba238-e83a-4361-a654-2bbbb62cb37e", "replyId": null, "createdAt": "2020-02-03T21:14:54.440Z", "updatedAt": "2020-02-03T21:14:54.440Z", "commentCount": 3, "likeCount": 24, "withNickname": false, "tags": [], "topics": [], "meta": {"layout": "classic"}, "forumName": "港澳感情事", "forumAlias": "hkmacrelationship", "gender": "F", "replyTitle": null, "mediaMeta": [], "reactions": [{"id": "286f599c-f86a-4932-82f0-f5a06f1eca03", "count": 23}, {"id": "aa0d425f-d530-4478-9a77-fe3aedc79eea", "count": 1}], "hidden": false, "customStyle": null, "isSuspiciousAccount": false, "layout": "classic", "withImages": false, "withVideos": false, "media": [], "reportReasonText": "", "postAvatar": ""}, {"id": 233011677, "title": "呢個時勢 仲去唔去台灣搵男朋友好啊😭", "excerpt": "男朋友係台灣讀書，long d 呢半年都只係見得三日，以為新年假可以見耐d啦，佢又只返黎一個禮拜，本來開開心心買左機票去台灣搵佢，冧住可以一齊過下情人節，...，點知殺出個武漢肺炎，.，但係宜家唔去，", "anonymousSchool": true, "anonymousDepartment": true, "pinned": false, "forumId": "f04ba238-e83a-4361-a654-2bbbb62cb37e", "replyId": null, "createdAt": "2020-02-03T18:38:38.967Z", "updatedAt": "2020-02-03T18:38:38.967Z", "commentCount": 1, "likeCount": 24, "withNickname": false, "tags": ["HIDE_THUMBNAIL"], "topics": ["心情", "感情", "拍拖", "港澳版", "愛情"], "meta": {"layout": "classic"}, "forumName": "港澳感情事", "forumAlias": "hkmacrelationship", "gender": "F", "replyTitle": null, "mediaMeta": [], "reactions": [{"id": "286f599c-f86a-4932-82f0-f5a06f1eca03", "count": 24}], "hidden": false, "customStyle": null, "isSuspiciousAccount": false, "layout": "classic", "withImages": false, "withVideos": false, "media": [], "reportReasonText": "", "postAvatar": ""}, {"id": 233009631, "title": "個frd食緊藥但有左⋯⋯", "excerpt": "琴日個frd突然同我講佢有左，其實都聽過下佢哋有plan要結婚，而且兩個收入都穩定 生仔都養得起冇問題，但問題係佢因為爛臉嘅問題，一直食緊皮膚科嘅藥，咁嘅情況下有左 個B真係唔會有事咩？我叫佢唔好生，", "anonymousSchool": true, "anonymousDepartment": true, "pinned": false, "forumId": "f04ba238-e83a-4361-a654-2bbbb62cb37e", "replyId": null, "createdAt": "2020-02-03T14:01:47.984Z", "updatedAt": "2020-02-03T14:01:47.984Z", "commentCount": 4, "likeCount": 23, "withNickname": false, "tags": ["HIDE_THUMBNAIL"], "topics": [], "meta": {"layout": "classic"}, "forumName": "港澳感情事", "forumAlias": "hkmacrelationship", "gender": "F", "replyTitle": null, "mediaMeta": [], "reactions": [{"id": "286f599c-f86a-4932-82f0-f5a06f1eca03", "count": 22}, {"id": "e8e6bc5d-41b0-4129-b134-97507523d7ff", "count": 1}], "hidden": false, "customStyle": null, "isSuspiciousAccount": false, "layout": "classic", "withImages": false, "withVideos": false, "media": [], "reportReasonText": "", "postAvatar": ""}, {"id": 233012534, "title": "男友返過大陸又唔自我隔離", "excerpt": "其實我都知道大家會講咩答案，但我都係想呻。男友年年都返大陸過年，今年我1月中已經係咁勸佢唔好返，疫症咁危險唔值得，要見老人家可以等平靜啲先啦。但佢堅持要去。仲唔只一兩日，一去就個幾禮拜。去到初三四我同", "anonymousSchool": true, "anonymousDepartment": true, "pinned": false, "forumId": "f04ba238-e83a-4361-a654-2bbbb62cb37e", "replyId": null, "createdAt": "2020-02-04T02:43:49.679Z", "updatedAt": "2020-02-04T02:43:49.679Z", "commentCount": 0, "likeCount": 22, "withNickname": false, "tags": ["HIDE_THUMBNAIL"], "topics": ["男友", "隔離", "感情", "拍拖", "情侶相處"], "meta": {"layout": "classic"}, "forumName": "港澳感情事", "forumAlias": "hkmacrelationship", "gender": "F", "replyTitle": null, "mediaMeta": [], "reactions": [{"id": "286f599c-f86a-4932-82f0-f5a06f1eca03", "count": 22}], "hidden": false, "customStyle": null, "isSuspiciousAccount": false, "layout": "classic", "withImages": false, "withVideos": false, "media": [], "reportReasonText": "", "postAvatar": ""}, {"id": 233008366, "title": "同佢好似冇乜激情。", "excerpt": "一齊咗半年多啲，一次都冇嗌過交，同佢出街好似冇乜激情，我就壞到死 佢就純到死，但佢好似真係好愛我，巴絲們點睇", "anonymousSchool": false, "anonymousDepartment": true, "pinned": false, "forumId": "f04ba238-e83a-4361-a654-2bbbb62cb37e", "replyId": null, "createdAt": "2020-02-03T10:47:43.930Z", "updatedAt": "2020-02-03T10:47:43.930Z", "commentCount": 9, "likeCount": 22, "withNickname": false, "tags": ["HIDE_THUMBNAIL"], "topics": ["感情", "拍拖", "激情", "愛情", "情侶相處"], "meta": {"layout": "classic"}, "forumName": "港澳感情事", "forumAlias": "hkmacrelationship", "gender": "M", "school": "香港大學", "replyTitle": null, "mediaMeta": [], "reactions": [{"id": "286f599c-f86a-4932-82f0-f5a06f1eca03", "count": 22}], "hidden": false, "customStyle": null, "isSuspiciousAccount": false, "layout": "classic", "withImages": false, "withVideos": false, "media": [], "reportReasonText": "", "postAvatar": ""}, {"id": 233012469, "title": "香港感情概括", "excerpt": "有沒有人有同感-香港優秀女生太多，優秀的男生（相對少）有太多選擇。香港就是一個男性不想定下來，煙火絢爛，只是過眼的地方⋯，目前工作3年，真的都交不到另一半，也看到很多女生一輩子單身了 是不是在國外才找", "anonymousSchool": true, "anonymousDepartment": true, "pinned": false, "forumId": "f04ba238-e83a-4361-a654-2bbbb62cb37e", "replyId": null, "createdAt": "2020-02-04T02:27:58.460Z", "updatedAt": "2020-02-04T02:27:58.460Z", "commentCount": 1, "likeCount": 21, "withNickname": false, "tags": ["HIDE_THUMBNAIL"], "topics": ["香港", "感情", "拍拖", "港澳版", "心情"], "meta": {"layout": "classic"}, "forumName": "港澳感情事", "forumAlias": "hkmacrelationship", "gender": "F", "replyTitle": null, "mediaMeta": [], "reactions": [{"id": "286f599c-f86a-4932-82f0-f5a06f1eca03", "count": 20}, {"id": "e8e6bc5d-41b0-4129-b134-97507523d7ff", "count": 1}], "hidden": false, "customStyle": null, "isSuspiciousAccount": false, "layout": "classic", "withImages": false, "withVideos": false, "media": [], "reportReasonText": "", "postAvatar": ""}, {"id": 233005393, "title": "轉：我不怕遠距離戀愛，我只怕你只當我是妹妹。", "excerpt": "", "anonymousSchool": true, "anonymousDepartment": true, "pinned": false, "forumId": "f04ba238-e83a-4361-a654-2bbbb62cb37e", "replyId": 233001828, "createdAt": "2020-02-03T01:06:35.776Z", "updatedAt": "2020-02-03T01:06:35.776Z", "commentCount": 1, "likeCount": 13, "withNickname": false, "tags": [], "topics": ["遠距離戀愛", "愛情", "感情", "在一起", "告白"], "meta": {"crossPostId": 233001828}, "forumName": "港澳感情事", "forumAlias": "hkmacrelationship", "gender": "F", "replyTitle": "我不怕遠距離戀愛，我只怕你只當我是妹妹。", "mediaMeta": [], "reactions": [{"id": "286f599c-f86a-4932-82f0-f5a06f1eca03", "count": 13}], "hidden": false, "customStyle": null, "isSuspiciousAccount": false, "layout": "classic", "withImages": false, "withVideos": false, "media": [], "reportReasonText": "", "postAvatar": ""}]