[{"id": 233004083, "title": "獅子女們！我受夠你們了！", "excerpt": "我真的受夠你們這些獅子女了！，拜託你們！，不要那麼熱情大方善良勇敢了，你們超級吸引人，總是讓人忍不住喜歡，但我吸引不了你們阿~~~~~~~，每次認識到獅子女齁，就算下定決心絕對不會喜歡上，下一秒，還是", "anonymousSchool": true, "anonymousDepartment": true, "pinned": false, "forumId": "4c6964fc-8b39-4480-a844-847f09e4e09d", "replyId": null, "createdAt": "2020-02-02T16:26:45.783Z", "updatedAt": "2020-02-02T16:26:45.783Z", "commentCount": 47, "likeCount": 259, "withNickname": false, "tags": [], "topics": ["獅子", "處女", "心情", "星座"], "meta": {"layout": "classic"}, "forumName": "星座", "forumAlias": "horoscopes", "gender": "M", "replyTitle": null, "mediaMeta": [], "reactions": [{"id": "286f599c-f86a-4932-82f0-f5a06f1eca03", "count": 247}, {"id": "e8e6bc5d-41b0-4129-b134-97507523d7ff", "count": 12}], "hidden": false, "customStyle": null, "isSuspiciousAccount": false, "layout": "classic", "withImages": false, "withVideos": false, "media": [], "reportReasonText": "", "postAvatar": ""}, {"id": 233005094, "title": "#塔羅測驗 🌟二月感情運勢🌟", "excerpt": "⭐️2月的感情狀態⭐️，這次單身跟有伴者都可以直接抽喔，心裡想我2月的感情狀態如何，然後選一張，.，.，.，.，.，.，.，.，.，.，.，抽到A的朋友，單身者：在這個月，你們會比較重視感情以外的事，", "anonymousSchool": false, "anonymousDepartment": true, "pinned": false, "forumId": "4c6964fc-8b39-4480-a844-847f09e4e09d", "replyId": null, "createdAt": "2020-02-02T20:11:09.494Z", "updatedAt": "2020-02-02T20:11:09.494Z", "commentCount": 0, "likeCount": 64, "withNickname": true, "tags": [], "topics": ["測驗", "塔羅", "運勢", "愛情", "感情"], "meta": {"layout": "classic"}, "forumName": "星座", "forumAlias": "horoscopes", "gender": "M", "school": "阿興塔羅", "department": "daniel520", "replyTitle": null, "mediaMeta": [{"id": "c48c9173-a28c-4273-9630-0bb816978b64", "url": "https://i.imgur.com/v6OBeg4l.jpg", "normalizedUrl": "https://i.imgur.com/v6OBeg4l.jpg", "thumbnail": "https://i.imgur.com/v6OBeg4l.jpg", "type": "image/thumbnail", "tags": ["ANNOTATED"], "createdAt": "2020-02-02T20:11:09.494Z", "updatedAt": "2020-02-02T20:11:09.494Z"}, {"id": "c48c9173-a28c-4273-9630-0bb816978b64", "url": "https://i.imgur.com/v6OBeg4.jpg", "normalizedUrl": "https://imgur.com/v6OBeg4", "thumbnail": "https://i.imgur.com/v6OBeg4l.jpg", "type": "image/imgur", "tags": ["ANNOTATED"], "createdAt": "2020-02-02T20:11:09.494Z", "updatedAt": "2020-02-02T20:11:09.494Z"}], "reactions": [{"id": "286f599c-f86a-4932-82f0-f5a06f1eca03", "count": 64}], "hidden": false, "customStyle": null, "isSuspiciousAccount": false, "layout": "classic", "withImages": true, "withVideos": false, "media": [{"url": "https://i.imgur.com/v6OBeg4.jpg"}], "reportReasonText": "", "postAvatar": ""}, {"id": 233005176, "title": "我的神木摩羯", "excerpt": "會用這個標題是，跟這個摩羯，認識了一個月，經由朋友介紹，有點像是相親的模式，因為他年紀35了，卻還是母胎單身，跟我差了10歲，之前我有曾經上來這裡尋求，關於摩羯男個性之類的，他常常會關心，但是我又感覺", "anonymousSchool": false, "anonymousDepartment": true, "pinned": false, "forumId": "4c6964fc-8b39-4480-a844-847f09e4e09d", "replyId": null, "createdAt": "2020-02-02T21:16:51.795Z", "updatedAt": "2020-02-03T01:56:57.903Z", "commentCount": 8, "likeCount": 52, "withNickname": true, "tags": [], "topics": ["摩羯", "獅子", "感情", "愛情"], "meta": {"layout": "classic"}, "forumName": "星座", "forumAlias": "horoscopes", "gender": "F", "school": "初戀的獅子", "department": "kikisu0806", "replyTitle": null, "mediaMeta": [], "reactions": [{"id": "286f599c-f86a-4932-82f0-f5a06f1eca03", "count": 52}], "hidden": false, "customStyle": null, "isSuspiciousAccount": false, "layout": "classic", "withImages": false, "withVideos": false, "media": [], "reportReasonText": "", "postAvatar": ""}, {"id": 233006911, "title": "才第3天就被準到的2月星座運勢", "excerpt": "先跟大家分享：我是射手座～～這篇文章真的說到我的心坎裡耶，最近換了新工作，跟之前工作的內容是完全不同的領域，光摸索就花了一些時間，超擔心會給主管們帶來困擾的嗚嗚，而且雖然嘗試了不同領域的工作，但眼看6", "anonymousSchool": false, "anonymousDepartment": true, "pinned": false, "forumId": "4c6964fc-8b39-4480-a844-847f09e4e09d", "replyId": null, "createdAt": "2020-02-03T07:31:23.130Z", "updatedAt": "2020-02-03T07:31:23.130Z", "commentCount": 5, "likeCount": 47, "withNickname": false, "tags": [], "topics": ["星座", "射手", "畢業", "實習", "運勢"], "meta": {"layout": "classic"}, "forumName": "星座", "forumAlias": "horoscopes", "gender": "F", "school": "國立臺北教育大學", "replyTitle": null, "mediaMeta": [], "reactions": [{"id": "286f599c-f86a-4932-82f0-f5a06f1eca03", "count": 47}], "hidden": false, "customStyle": null, "isSuspiciousAccount": false, "layout": "classic", "withImages": false, "withVideos": false, "media": [], "reportReasonText": "", "postAvatar": ""}, {"id": 233005037, "title": "後悔跟金牛男交往", "excerpt": "本來很喜歡金牛男，但跟金牛男交往後發現真的很不行⋯，原本也沒想那麼多，沒有聯想到星座這方面，但我閨蜜的男友也是金牛男，生日只跟我男友差一天，兩個人根本一個模子刻出來的！！，吵架的時候會講的話都差不多，", "anonymousSchool": true, "anonymousDepartment": true, "pinned": false, "forumId": "4c6964fc-8b39-4480-a844-847f09e4e09d", "replyId": null, "createdAt": "2020-02-02T19:38:02.262Z", "updatedAt": "2020-02-02T19:38:53.830Z", "commentCount": 34, "likeCount": 47, "withNickname": false, "tags": ["HIDE_THUMBNAIL"], "topics": ["金牛", "後悔"], "meta": {"layout": "classic"}, "forumName": "星座", "forumAlias": "horoscopes", "gender": "F", "replyTitle": null, "mediaMeta": [], "reactions": [{"id": "286f599c-f86a-4932-82f0-f5a06f1eca03", "count": 47}], "hidden": false, "customStyle": null, "isSuspiciousAccount": false, "layout": "classic", "withImages": false, "withVideos": false, "media": [], "reportReasonText": "", "postAvatar": ""}, {"id": 233010943, "title": "天蠍女～1118", "excerpt": "每次跟別人說到自己是天蠍座都有一種自己獨一無二的感覺（喂小姐每個人都是獨特的好嗎！），以自己身為天蠍，加上自己遇過的一些天蠍朋友，給想聊聊天蠍的各位 一點自己的觀察～開始囉！！，-️見色忘友這件事-，", "anonymousSchool": true, "anonymousDepartment": true, "pinned": false, "forumId": "4c6964fc-8b39-4480-a844-847f09e4e09d", "replyId": null, "createdAt": "2020-02-03T16:34:20.116Z", "updatedAt": "2020-02-03T16:34:20.116Z", "commentCount": 11, "likeCount": 38, "withNickname": false, "tags": [], "topics": ["天蠍", "星座"], "meta": {"layout": "classic"}, "forumName": "星座", "forumAlias": "horoscopes", "gender": "F", "replyTitle": null, "mediaMeta": [], "reactions": [{"id": "286f599c-f86a-4932-82f0-f5a06f1eca03", "count": 38}], "hidden": false, "customStyle": null, "isSuspiciousAccount": false, "layout": "classic", "withImages": false, "withVideos": false, "media": [], "reportReasonText": "", "postAvatar": ""}, {"id": 233007583, "title": "處女座", "excerpt": "處女座會選擇放棄一段感情，真的是已經感到絕望了，處女座不能接受另一半沒有目標的生活，希望彼此是一起成長，而不是只有一方在努力前進，我們願意陪你吃苦，陪你從頭開始奮鬥，但不要散漫漫無目的的，久了處女座的", "anonymousSchool": true, "anonymousDepartment": true, "pinned": false, "forumId": "4c6964fc-8b39-4480-a844-847f09e4e09d", "replyId": null, "createdAt": "2020-02-03T09:04:01.036Z", "updatedAt": "2020-02-03T09:04:01.036Z", "commentCount": 5, "likeCount": 32, "withNickname": false, "tags": ["HIDE_THUMBNAIL"], "topics": ["處女座", "愛情"], "meta": {"layout": "classic"}, "forumName": "星座", "forumAlias": "horoscopes", "gender": "F", "replyTitle": null, "mediaMeta": [], "reactions": [{"id": "286f599c-f86a-4932-82f0-f5a06f1eca03", "count": 31}, {"id": "514c2569-fd53-4d9d-a415-bf0f88e7329f", "count": 1}], "hidden": false, "customStyle": null, "isSuspiciousAccount": false, "layout": "classic", "withImages": false, "withVideos": false, "media": [], "reportReasonText": "", "postAvatar": ""}, {"id": 233006034, "title": "2/3-2/9 星座運勢", "excerpt": "《本週十二星座運勢週報2/3~2/9》本週星象大事是水星在4號從水瓶進入雙魚，接下來兩週後即將開始人人聞之色變的水星逆行啦！水星這次會來來回回穿梭在水瓶與雙魚兩個星座之間，有關於人道主義救援、公益活動", "anonymousSchool": true, "anonymousDepartment": true, "pinned": false, "forumId": "4c6964fc-8b39-4480-a844-847f09e4e09d", "replyId": null, "createdAt": "2020-02-03T04:13:55.735Z", "updatedAt": "2020-02-03T04:13:55.735Z", "commentCount": 0, "likeCount": 29, "withNickname": false, "tags": [], "topics": ["星座", "運勢"], "meta": {"layout": "classic"}, "forumName": "星座", "forumAlias": "horoscopes", "gender": "F", "replyTitle": null, "mediaMeta": [], "reactions": [{"id": "286f599c-f86a-4932-82f0-f5a06f1eca03", "count": 29}], "hidden": false, "customStyle": null, "isSuspiciousAccount": false, "layout": "classic", "withImages": false, "withVideos": false, "media": [], "reportReasonText": "", "postAvatar": ""}, {"id": 233005113, "title": "雙子很自戀", "excerpt": "如題，是雙子的人好像 都覺得當雙子很好很棒，就算被批評很爛 還會說 做這種統計很幼稚？是都看不到雙子的缺點，還是說 認為那些缺點很令人驕傲？難搞、情緒化、以自我為中心、自私、幼稚，想法都很不成熟 又很", "anonymousSchool": true, "anonymousDepartment": true, "pinned": false, "forumId": "4c6964fc-8b39-4480-a844-847f09e4e09d", "replyId": null, "createdAt": "2020-02-02T20:28:28.896Z", "updatedAt": "2020-02-03T02:01:23.961Z", "commentCount": 28, "likeCount": 26, "withNickname": false, "tags": ["HIDE_THUMBNAIL"], "topics": ["雙子"], "meta": {"layout": "classic"}, "forumName": "星座", "forumAlias": "horoscopes", "gender": "F", "replyTitle": null, "mediaMeta": [], "reactions": [{"id": "286f599c-f86a-4932-82f0-f5a06f1eca03", "count": 26}], "hidden": false, "customStyle": null, "isSuspiciousAccount": false, "layout": "classic", "withImages": false, "withVideos": false, "media": [], "reportReasonText": "", "postAvatar": ""}, {"id": 233010630, "title": "成功與失敗的追雙子案例", "excerpt": "身為來如風去如風的雙子座，來教教怎麼追雙子，雙子就是一個很傲嬌討人厭又愛自虐的那種，瘋狂獻殷勤我們不愛，欲擒故縱要理不理的時候我們真的會崩潰，然後學著讓雙子座崇拜你 通常就成功了，以下是個人案例分享x", "anonymousSchool": true, "anonymousDepartment": true, "pinned": false, "forumId": "4c6964fc-8b39-4480-a844-847f09e4e09d", "replyId": null, "createdAt": "2020-02-03T15:59:47.516Z", "updatedAt": "2020-02-03T16:14:29.859Z", "commentCount": 4, "likeCount": 24, "withNickname": false, "tags": ["HIDE_THUMBNAIL"], "topics": ["雙子", "愛情", "曖昧", "雙子女", "雙子男"], "meta": {"layout": "classic"}, "forumName": "星座", "forumAlias": "horoscopes", "gender": "F", "replyTitle": null, "mediaMeta": [], "reactions": [{"id": "286f599c-f86a-4932-82f0-f5a06f1eca03", "count": 24}], "hidden": false, "customStyle": null, "isSuspiciousAccount": false, "layout": "classic", "withImages": false, "withVideos": false, "media": [], "reportReasonText": "", "postAvatar": ""}, {"id": 233004383, "title": "摩羯和獅子", "excerpt": "我火象各種快狠準急急急，我要的東西我就要得到，我要趕快捕捉到這大摩羯，殊不知摩羯只能小火煮慢慢煮，煮了好幾個月我也被說服這樣的生活，也發現一件事，以前都跟火象星座打交道*愛就要說出來*，摩羯完全屬於*", "anonymousSchool": true, "anonymousDepartment": true, "pinned": false, "forumId": "4c6964fc-8b39-4480-a844-847f09e4e09d", "replyId": null, "createdAt": "2020-02-02T17:10:11.838Z", "updatedAt": "2020-02-02T17:10:11.838Z", "commentCount": 39, "likeCount": 23, "withNickname": false, "tags": ["HIDE_THUMBNAIL"], "topics": ["獅子", "摩羯"], "meta": {"layout": "classic"}, "forumName": "星座", "forumAlias": "horoscopes", "gender": "F", "replyTitle": null, "mediaMeta": [], "reactions": [{"id": "286f599c-f86a-4932-82f0-f5a06f1eca03", "count": 23}], "hidden": false, "customStyle": null, "isSuspiciousAccount": false, "layout": "classic", "withImages": false, "withVideos": false, "media": [], "reportReasonText": "", "postAvatar": ""}, {"id": 233009162, "title": "各星座大師一週運勢(2020/02/03~2020/02/09)", "excerpt": "一週的新開始，來看看這週各個星座大師怎麼分析吧！，幫大家整理好文章列表了！，如果發現各個大師的解說打架，以後就挑著自己覺得準的看就好囉！，另外附上之前貼的 2 月份星座運勢：蘇珊米勒：海百合：待補上，", "anonymousSchool": false, "anonymousDepartment": true, "pinned": false, "forumId": "4c6964fc-8b39-4480-a844-847f09e4e09d", "replyId": null, "createdAt": "2020-02-03T12:58:05.223Z", "updatedAt": "2020-02-03T12:58:05.223Z", "commentCount": 6, "likeCount": 20, "withNickname": true, "tags": [], "topics": ["星座運勢", "十二星座", "Alex是大叔", "星座農場", "星座版"], "meta": {"layout": "classic"}, "forumName": "星座", "forumAlias": "horoscopes", "gender": "M", "school": "星座農場", "department": "horoscopefarm", "replyTitle": null, "mediaMeta": [], "reactions": [{"id": "286f599c-f86a-4932-82f0-f5a06f1eca03", "count": 20}], "hidden": false, "customStyle": null, "isSuspiciousAccount": false, "layout": "classic", "withImages": false, "withVideos": false, "media": [], "reportReasonText": "", "postAvatar": ""}, {"id": 233007020, "title": "處女座會一直去關注前任動態是什麼意思？", "excerpt": "處女座會一直去關注前任動態是什麼意思？沒什麼意思啊，就只是想看看前任過的有多慘罷了，（好壞", "anonymousSchool": true, "anonymousDepartment": true, "pinned": false, "forumId": "4c6964fc-8b39-4480-a844-847f09e4e09d", "replyId": null, "createdAt": "2020-02-03T07:53:05.438Z", "updatedAt": "2020-02-03T07:53:05.438Z", "commentCount": 8, "likeCount": 20, "withNickname": false, "tags": ["HIDE_THUMBNAIL"], "topics": ["處女座"], "meta": {"layout": "classic"}, "forumName": "星座", "forumAlias": "horoscopes", "gender": "F", "replyTitle": null, "mediaMeta": [], "reactions": [{"id": "286f599c-f86a-4932-82f0-f5a06f1eca03", "count": 20}], "hidden": false, "customStyle": null, "isSuspiciousAccount": false, "layout": "classic", "withImages": false, "withVideos": false, "media": [], "reportReasonText": "", "postAvatar": ""}, {"id": 233010784, "title": "#手寫 人/蟹🦀", "excerpt": "不知道標題怎麼下..，這篇主要是發洩情緒，吐露心聲，順便練練字，就想到什麼寫什麼了_（：з」∠）_，中間穿插一些手寫照（我不會排版所以對不起QwQ，我是潛水許多時日的一隻普通的蟹，我常常在想，為什麼明", "anonymousSchool": true, "anonymousDepartment": true, "pinned": false, "forumId": "4c6964fc-8b39-4480-a844-847f09e4e09d", "replyId": null, "createdAt": "2020-02-03T16:16:01.867Z", "updatedAt": "2020-02-03T16:16:01.867Z", "commentCount": 5, "likeCount": 18, "withNickname": false, "tags": [], "topics": ["手寫", "巨蟹", "感情", "心情"], "meta": {"layout": "classic"}, "forumName": "星座", "forumAlias": "horoscopes", "gender": "M", "replyTitle": null, "mediaMeta": [{"id": "414e187e-0b40-49ec-923d-e2f3685a572f", "url": "https://i.imgur.com/s34CSHil.jpg", "normalizedUrl": "https://i.imgur.com/s34CSHil.jpg", "thumbnail": "https://i.imgur.com/s34CSHil.jpg", "type": "image/thumbnail", "tags": ["ANNOTATED"], "createdAt": "2020-02-03T16:16:01.867Z", "updatedAt": "2020-02-03T16:16:01.867Z"}, {"id": "414e187e-0b40-49ec-923d-e2f3685a572f", "url": "https://i.imgur.com/s34CSHi.jpg", "normalizedUrl": "https://imgur.com/s34CSHi", "thumbnail": "https://i.imgur.com/s34CSHil.jpg", "type": "image/imgur", "tags": ["ANNOTATED"], "createdAt": "2020-02-03T16:16:01.867Z", "updatedAt": "2020-02-03T16:16:01.867Z"}, {"id": "25860767-cb0a-47c2-b44a-9bfa1f4ea09c", "url": "https://i.imgur.com/wcq7JJu.jpg", "normalizedUrl": "https://imgur.com/wcq7JJu", "thumbnail": "https://i.imgur.com/wcq7JJul.jpg", "type": "image/imgur", "tags": ["ANNOTATED"], "createdAt": "2020-02-03T16:16:01.867Z", "updatedAt": "2020-02-03T16:16:01.867Z"}, {"id": "b919abe3-07c7-437c-a868-279072572444", "url": "https://i.imgur.com/ClJ0atV.jpg", "normalizedUrl": "https://imgur.com/ClJ0atV", "thumbnail": "https://i.imgur.com/ClJ0atVl.jpg", "type": "image/imgur", "tags": ["ANNOTATED"], "createdAt": "2020-02-03T16:16:01.867Z", "updatedAt": "2020-02-03T16:16:01.867Z"}], "reactions": [{"id": "286f599c-f86a-4932-82f0-f5a06f1eca03", "count": 18}], "hidden": false, "customStyle": null, "isSuspiciousAccount": false, "layout": "classic", "withImages": true, "withVideos": false, "media": [{"url": "https://i.imgur.com/s34CSHi.jpg"}, {"url": "https://i.imgur.com/wcq7JJu.jpg"}, {"url": "https://i.imgur.com/ClJ0atV.jpg"}], "reportReasonText": "", "postAvatar": ""}, {"id": 233011605, "title": "天蠍男真的好暖", "excerpt": "天蠍男真的好暖啊！！！，上禮拜因為壓力大覺得很煩，他安慰我之後還跟我說，如果有什麼煩惱都能找他說，之前心情不好發了限時，大半夜的也是陪我聊，甚至陪我講電話，即使他很累了，跟他出門也是處處體貼，拿東西 ", "anonymousSchool": true, "anonymousDepartment": true, "pinned": false, "forumId": "4c6964fc-8b39-4480-a844-847f09e4e09d", "replyId": null, "createdAt": "2020-02-03T18:21:30.409Z", "updatedAt": "2020-02-03T18:21:30.409Z", "commentCount": 3, "likeCount": 17, "withNickname": false, "tags": [], "topics": ["天蠍"], "meta": {"layout": "classic"}, "forumName": "星座", "forumAlias": "horoscopes", "gender": "F", "replyTitle": null, "mediaMeta": [], "reactions": [{"id": "286f599c-f86a-4932-82f0-f5a06f1eca03", "count": 16}, {"id": "e8e6bc5d-41b0-4129-b134-97507523d7ff", "count": 1}], "hidden": false, "customStyle": null, "isSuspiciousAccount": false, "layout": "classic", "withImages": false, "withVideos": false, "media": [], "reportReasonText": "", "postAvatar": ""}, {"id": 233004737, "title": "天蠍男愛惹另一半生氣？", "excerpt": "交了兩任天蠍，發現天蠍男是不是都很愛惹另一半生氣啊，兩任都有這種情況，我跟現任常常講電話就是氣到不行，他也承認他就是愛看我生氣，越氣pupu他越開心喔，老是講一些反話或是看妳吃醋他越爽，再說一些甜言蜜", "anonymousSchool": true, "anonymousDepartment": true, "pinned": false, "forumId": "4c6964fc-8b39-4480-a844-847f09e4e09d", "replyId": null, "createdAt": "2020-02-02T18:13:49.559Z", "updatedAt": "2020-02-02T18:17:43.845Z", "commentCount": 7, "likeCount": 17, "withNickname": false, "tags": ["HIDE_THUMBNAIL"], "topics": ["天蠍", "星座", "愛情", "男友", "水象星座"], "meta": {"layout": "classic"}, "forumName": "星座", "forumAlias": "horoscopes", "gender": "F", "replyTitle": null, "mediaMeta": [], "reactions": [{"id": "286f599c-f86a-4932-82f0-f5a06f1eca03", "count": 17}], "hidden": false, "customStyle": null, "isSuspiciousAccount": false, "layout": "classic", "withImages": false, "withVideos": false, "media": [], "reportReasonText": "", "postAvatar": ""}, {"id": 233003858, "title": "這樣是快get處女男了嗎🥺", "excerpt": "他會關心我有沒有穿夠衣服，出門有沒有戴口罩～～之類的（照三餐關心，會報備自己的行程 也很常問我在幹嘛，蠻愛鬧脾氣 ：） 常常會因為我慢回就生氣不回我，很常說很想我 會打愛心符號 傳愛心貼圖，也有說過我", "anonymousSchool": true, "anonymousDepartment": true, "pinned": false, "forumId": "4c6964fc-8b39-4480-a844-847f09e4e09d", "replyId": null, "createdAt": "2020-02-02T15:58:04.711Z", "updatedAt": "2020-02-02T15:59:37.522Z", "commentCount": 5, "likeCount": 17, "withNickname": false, "tags": ["HIDE_THUMBNAIL"], "topics": ["處女", "處女男"], "meta": {"layout": "classic"}, "forumName": "星座", "forumAlias": "horoscopes", "gender": "F", "replyTitle": null, "mediaMeta": [], "reactions": [{"id": "286f599c-f86a-4932-82f0-f5a06f1eca03", "count": 17}], "hidden": false, "customStyle": null, "isSuspiciousAccount": false, "layout": "classic", "withImages": false, "withVideos": false, "media": [], "reportReasonText": "", "postAvatar": ""}, {"id": 233008833, "title": "心測-你為什麼沒有桃花運", "excerpt": "你為什麼會難遇到正桃花？問題出在哪兒？是自己方向不對還是眼神出了問題？來測測吧。此測試題為計分式，答案是根據每道題選項的分數值累加得到的，請大家統計好自己的分數。1、如果讓你當童話故事中的角色，你希望", "anonymousSchool": true, "anonymousDepartment": true, "pinned": false, "forumId": "4c6964fc-8b39-4480-a844-847f09e4e09d", "replyId": null, "createdAt": "2020-02-03T12:03:20.553Z", "updatedAt": "2020-02-03T12:03:20.553Z", "commentCount": 2, "likeCount": 16, "withNickname": false, "tags": [], "topics": ["心理測驗", "桃花", "戀愛", "愛情", "感情"], "meta": {"layout": "classic"}, "forumName": "星座", "forumAlias": "horoscopes", "gender": "F", "replyTitle": null, "mediaMeta": [], "reactions": [{"id": "286f599c-f86a-4932-82f0-f5a06f1eca03", "count": 16}], "hidden": false, "customStyle": null, "isSuspiciousAccount": false, "layout": "classic", "withImages": false, "withVideos": false, "media": [], "reportReasonText": "", "postAvatar": ""}, {"id": 233011002, "title": "摩羯啊摩羯", "excerpt": "摩羯啊 到底喜歡上一個人會是怎麼樣的呢？是會主動跟你有肢體上的互動？但是私底下完全不會主動訊息你必須要我主動才會有反應，還是怎樣的............我真的心蠻累的，暗戀的人是同事 每天都會見面的", "anonymousSchool": true, "anonymousDepartment": true, "pinned": false, "forumId": "4c6964fc-8b39-4480-a844-847f09e4e09d", "replyId": null, "createdAt": "2020-02-03T16:42:43.236Z", "updatedAt": "2020-02-03T16:42:43.236Z", "commentCount": 12, "likeCount": 12, "withNickname": false, "tags": ["HIDE_THUMBNAIL"], "topics": ["摩羯"], "meta": {"layout": "classic"}, "forumName": "星座", "forumAlias": "horoscopes", "gender": "F", "replyTitle": null, "mediaMeta": [], "reactions": [{"id": "286f599c-f86a-4932-82f0-f5a06f1eca03", "count": 12}], "hidden": false, "customStyle": null, "isSuspiciousAccount": false, "layout": "classic", "withImages": false, "withVideos": false, "media": [], "reportReasonText": "", "postAvatar": ""}, {"id": 233008618, "title": "射手男的突然復合", "excerpt": "曖昧了一陣子的射手男突然在今天跟我說，：我跟前女友復合了，：好 祝福你，雖然祝福，但是還是傻爆我的眼了...，男人嘴 騙人的鬼，長見識了...", "anonymousSchool": true, "anonymousDepartment": true, "pinned": false, "forumId": "4c6964fc-8b39-4480-a844-847f09e4e09d", "replyId": null, "createdAt": "2020-02-03T11:28:20.237Z", "updatedAt": "2020-02-03T12:38:31.319Z", "commentCount": 44, "likeCount": 12, "withNickname": false, "tags": ["HIDE_THUMBNAIL"], "topics": ["射手", "女友", "突然"], "meta": {"layout": "classic"}, "forumName": "星座", "forumAlias": "horoscopes", "gender": "F", "replyTitle": null, "mediaMeta": [], "reactions": [{"id": "286f599c-f86a-4932-82f0-f5a06f1eca03", "count": 12}], "hidden": false, "customStyle": null, "isSuspiciousAccount": false, "layout": "classic", "withImages": false, "withVideos": false, "media": [], "reportReasonText": "", "postAvatar": ""}, {"id": 233005229, "title": "處女男被我嚇跑了😭", "excerpt": "我是天秤女，最近認識了處女男，一開始都是他一直丟球給我，不斷問我問題想了解我、接我下班、電話，會吃醋我跟異性，甚至已經有肢體接觸了，才短短兩個禮拜我就決定要在一起，但他卻說希望我們多相處一下，說我給他", "anonymousSchool": true, "anonymousDepartment": true, "pinned": false, "forumId": "4c6964fc-8b39-4480-a844-847f09e4e09d", "replyId": null, "createdAt": "2020-02-02T22:16:15.879Z", "updatedAt": "2020-02-02T22:29:35.449Z", "commentCount": 9, "likeCount": 12, "withNickname": false, "tags": ["HIDE_THUMBNAIL"], "topics": ["處女"], "meta": {"layout": "classic"}, "forumName": "星座", "forumAlias": "horoscopes", "gender": "F", "replyTitle": null, "mediaMeta": [], "reactions": [{"id": "286f599c-f86a-4932-82f0-f5a06f1eca03", "count": 12}], "hidden": false, "customStyle": null, "isSuspiciousAccount": false, "layout": "classic", "withImages": false, "withVideos": false, "media": [], "reportReasonText": "", "postAvatar": ""}, {"id": 233010327, "title": "我只是想要你認真的告白", "excerpt": "曖昧了好幾個月，知道彼此有好感，你真的很不會說話，每次都會讓我誤會你不夠認真，主動暗示你你也不敢正面回答，勇敢一點好嗎，我想跟你一起過情人節！，你認真告白一次，我就是你的了，有那麼難嗎？傻肥宅", "anonymousSchool": true, "anonymousDepartment": true, "pinned": false, "forumId": "4c6964fc-8b39-4480-a844-847f09e4e09d", "replyId": null, "createdAt": "2020-02-03T15:25:49.601Z", "updatedAt": "2020-02-03T15:25:49.601Z", "commentCount": 5, "likeCount": 11, "withNickname": false, "tags": [], "topics": ["告白", "感情", "愛情", "曖昧"], "meta": {"layout": "classic"}, "forumName": "星座", "forumAlias": "horoscopes", "gender": "F", "replyTitle": null, "mediaMeta": [], "reactions": [{"id": "286f599c-f86a-4932-82f0-f5a06f1eca03", "count": 11}], "hidden": false, "customStyle": null, "isSuspiciousAccount": false, "layout": "classic", "withImages": false, "withVideos": false, "media": [], "reportReasonText": "", "postAvatar": ""}, {"id": 233010344, "title": "獅子遇上渣蠍 我去你的", "excerpt": "先說我沒有要開地圖炮，我相信成熟專情的天蠍大有人在，只是我現在 太 生 氣 了，如不理智敬請寬恕🤗，抽卡認識你，本來不把你的油腔滑調當一回事，左一句我很認真右一句我對妳是認真的，嗯，我就是一個容易被", "anonymousSchool": true, "anonymousDepartment": true, "pinned": false, "forumId": "4c6964fc-8b39-4480-a844-847f09e4e09d", "replyId": null, "createdAt": "2020-02-03T15:27:01.173Z", "updatedAt": "2020-02-03T16:59:58.166Z", "commentCount": 5, "likeCount": 10, "withNickname": false, "tags": ["HIDE_THUMBNAIL"], "topics": ["天蠍", "獅子", "渣男"], "meta": {"layout": "classic"}, "forumName": "星座", "forumAlias": "horoscopes", "gender": "F", "replyTitle": null, "mediaMeta": [], "reactions": [{"id": "286f599c-f86a-4932-82f0-f5a06f1eca03", "count": 8}, {"id": "4b018f48-e184-445f-adf1-fc8e04ba09b9", "count": 1}, {"id": "514c2569-fd53-4d9d-a415-bf0f88e7329f", "count": 1}], "hidden": false, "customStyle": null, "isSuspiciousAccount": false, "layout": "classic", "withImages": false, "withVideos": false, "media": [], "reportReasonText": "", "postAvatar": ""}, {"id": 233006961, "title": "巨蟹女 處女男 秒讀秒回", "excerpt": "我是巨蟹女🦀️，身為巨蟹女的各位遇到曖昧（喜歡）的對象，基本上都會秒讀秒回對吧？！，但我怕我的秒讀秒回會嚇到對方⋯⋯，（對方是處女男），應該是說怕會給對方太大壓力，所以我都會故意克制一點不要太快回，", "anonymousSchool": true, "anonymousDepartment": true, "pinned": false, "forumId": "4c6964fc-8b39-4480-a844-847f09e4e09d", "replyId": null, "createdAt": "2020-02-03T07:40:48.692Z", "updatedAt": "2020-02-03T07:40:48.692Z", "commentCount": 14, "likeCount": 10, "withNickname": false, "tags": ["HIDE_THUMBNAIL"], "topics": ["巨蟹", "處女", "巨蟹女", "處女男"], "meta": {"layout": "classic"}, "forumName": "星座", "forumAlias": "horoscopes", "gender": "F", "replyTitle": null, "mediaMeta": [], "reactions": [{"id": "286f599c-f86a-4932-82f0-f5a06f1eca03", "count": 10}], "hidden": false, "customStyle": null, "isSuspiciousAccount": false, "layout": "classic", "withImages": false, "withVideos": false, "media": [], "reportReasonText": "", "postAvatar": ""}, {"id": 233008859, "title": "請問摩羯男...", "excerpt": "我想詢問...，我身邊這個摩羯男，剛認識沒有很久，聊天的同時發現我們兩個興趣都相同，他也很常撩我，在訊息上他有時會句點我，他也會說我已讀不回，我找話題，他回話又非常簡短，上班下班睡覺都會跟我說，就連出", "anonymousSchool": true, "anonymousDepartment": true, "pinned": false, "forumId": "4c6964fc-8b39-4480-a844-847f09e4e09d", "replyId": null, "createdAt": "2020-02-03T12:07:58.650Z", "updatedAt": "2020-02-03T12:12:11.087Z", "commentCount": 0, "likeCount": 9, "withNickname": false, "tags": ["HIDE_THUMBNAIL"], "topics": ["摩羯"], "meta": {"layout": "classic"}, "forumName": "星座", "forumAlias": "horoscopes", "gender": "F", "replyTitle": null, "mediaMeta": [], "reactions": [{"id": "286f599c-f86a-4932-82f0-f5a06f1eca03", "count": 9}], "hidden": false, "customStyle": null, "isSuspiciousAccount": false, "layout": "classic", "withImages": false, "withVideos": false, "media": [], "reportReasonText": "", "postAvatar": ""}, {"id": 233005487, "title": "#求解牡羊男 遲遲不告白", "excerpt": "求解各位牡羊男，小女子是1128射手女，對方0327牡羊男，我們是交友軟體認識的，剛開始網路上聊天都是講講幹話偶爾互相關心，但是雙方感覺都還不錯，我們第一次見面他就提議：「要不要來當一日情侶？」我還開", "anonymousSchool": true, "anonymousDepartment": true, "pinned": false, "forumId": "4c6964fc-8b39-4480-a844-847f09e4e09d", "replyId": null, "createdAt": "2020-02-03T01:50:04.582Z", "updatedAt": "2020-02-03T01:50:59.177Z", "commentCount": 6, "likeCount": 9, "withNickname": false, "tags": [], "topics": ["牡羊", "射手", "曖昧"], "meta": {"layout": "classic"}, "forumName": "星座", "forumAlias": "horoscopes", "gender": "F", "replyTitle": null, "mediaMeta": [], "reactions": [{"id": "286f599c-f86a-4932-82f0-f5a06f1eca03", "count": 9}], "hidden": false, "customStyle": null, "isSuspiciousAccount": false, "layout": "classic", "withImages": false, "withVideos": false, "media": [], "reportReasonText": "", "postAvatar": ""}, {"id": 233004065, "title": "最近非常喜歡天秤女", "excerpt": "到底要怎樣才能讓妳心動，我也知道妳可能看不上我，畢竟我們有很大的差距，但我還是不自覺去找妳 對妳好，當別人問妳是不是喜歡她，當下多想大聲說 對！！！", "anonymousSchool": true, "anonymousDepartment": true, "pinned": false, "forumId": "4c6964fc-8b39-4480-a844-847f09e4e09d", "replyId": null, "createdAt": "2020-02-02T16:23:46.216Z", "updatedAt": "2020-02-02T16:24:01.395Z", "commentCount": 22, "likeCount": 9, "withNickname": false, "tags": ["HIDE_THUMBNAIL"], "topics": ["暗戀", "天秤"], "meta": {"layout": "classic"}, "forumName": "星座", "forumAlias": "horoscopes", "gender": "F", "replyTitle": null, "mediaMeta": [], "reactions": [{"id": "286f599c-f86a-4932-82f0-f5a06f1eca03", "count": 9}], "hidden": false, "customStyle": null, "isSuspiciousAccount": false, "layout": "classic", "withImages": false, "withVideos": false, "media": [], "reportReasonText": "", "postAvatar": ""}, {"id": 233012027, "title": "生日快樂", "excerpt": "祝福2月4號出生的水瓶寶寶生日快樂", "anonymousSchool": false, "anonymousDepartment": true, "pinned": false, "forumId": "4c6964fc-8b39-4480-a844-847f09e4e09d", "replyId": null, "createdAt": "2020-02-03T22:18:41.892Z", "updatedAt": "2020-02-03T22:18:41.892Z", "commentCount": 0, "likeCount": 8, "withNickname": false, "tags": [], "topics": ["生日快樂", "水瓶"], "meta": {"layout": "classic"}, "forumName": "星座", "forumAlias": "horoscopes", "gender": "F", "school": "輔英科技大學", "replyTitle": null, "mediaMeta": [], "reactions": [{"id": "286f599c-f86a-4932-82f0-f5a06f1eca03", "count": 8}], "hidden": false, "customStyle": null, "isSuspiciousAccount": false, "layout": "classic", "withImages": false, "withVideos": false, "media": [], "reportReasonText": "", "postAvatar": ""}, {"id": 233010581, "title": "求解個巨蟹女啊啊啊啊啊啊啊", "excerpt": "跟巨蟹女認識大概一個禮拜，大部分都是秒讀秒回，But 就是這個 But，我太快表明我的心意 她只回了可能比較適合當朋友，後續我一連串的失誤問了一些奇怪的問題，像是是不是還困在前男友的狀態，慢慢地，變成", "anonymousSchool": true, "anonymousDepartment": true, "pinned": false, "forumId": "4c6964fc-8b39-4480-a844-847f09e4e09d", "replyId": null, "createdAt": "2020-02-03T15:54:59.524Z", "updatedAt": "2020-02-03T15:54:59.524Z", "commentCount": 5, "likeCount": 8, "withNickname": false, "tags": ["HIDE_THUMBNAIL"], "topics": ["巨蟹", "水瓶", "十二星座", "曖昧", "心情"], "meta": {"layout": "classic"}, "forumName": "星座", "forumAlias": "horoscopes", "gender": "M", "replyTitle": null, "mediaMeta": [], "reactions": [{"id": "286f599c-f86a-4932-82f0-f5a06f1eca03", "count": 7}, {"id": "e8e6bc5d-41b0-4129-b134-97507523d7ff", "count": 1}], "hidden": false, "customStyle": null, "isSuspiciousAccount": false, "layout": "classic", "withImages": false, "withVideos": false, "media": [], "reportReasonText": "", "postAvatar": ""}, {"id": 233009710, "title": "射手男這樣是怎樣", "excerpt": "射手男對一個人有好感到底是怎樣？會故意講一些讓人吃醋的話嗎？像他前陣子就提到有女生搭訕他（但他沒給聯絡方式）還說覺得對方不錯，真的不知道他是木頭還是故意要讓我吃醋，而且我們每天都會聊天，也會互相早安晚", "anonymousSchool": true, "anonymousDepartment": true, "pinned": false, "forumId": "4c6964fc-8b39-4480-a844-847f09e4e09d", "replyId": null, "createdAt": "2020-02-03T14:09:55.423Z", "updatedAt": "2020-02-03T14:09:55.423Z", "commentCount": 13, "likeCount": 8, "withNickname": false, "tags": [], "topics": ["射手", "感情"], "meta": {"layout": "classic"}, "forumName": "星座", "forumAlias": "horoscopes", "gender": "F", "replyTitle": null, "mediaMeta": [], "reactions": [{"id": "286f599c-f86a-4932-82f0-f5a06f1eca03", "count": 8}], "hidden": false, "customStyle": null, "isSuspiciousAccount": false, "layout": "classic", "withImages": false, "withVideos": false, "media": [], "reportReasonText": "", "postAvatar": ""}]