[{"id": 233004453, "title": "What’s in my room", "excerpt": "先奉上一覽無遺的房間，沒錯 就這四樣傢俱而已🤑，廢話不多說直接上圖，先從書桌開始，平時會用到的保養品、化妝品都層層站好，（小夜燈是大學時做的，順便拿以前做的陶瓷來放棉花棒），點完的蠟燭杯適合收納一些", "anonymousSchool": false, "anonymousDepartment": true, "pinned": false, "forumId": "5b964198-2e59-419d-b44c-0276d0fea7e8", "replyId": null, "createdAt": "2020-02-02T17:18:39.893Z", "updatedAt": "2020-02-02T17:40:16.037Z", "commentCount": 35, "likeCount": 1043, "withNickname": false, "tags": [], "topics": ["WhatsInMyRoom", "房間", "佈置", "家具", "圖"], "meta": {"layout": "classic"}, "forumName": "居家生活", "forumAlias": "house", "gender": "F", "school": "國立臺灣藝術大學", "replyTitle": null, "mediaMeta": [{"id": "54d377dd-2192-45b2-911f-9b26bc2dfd8e", "url": "https://megapx-assets.dcard.tw/images/c2dd7787-8042-4e52-922b-2ebae5278847/640.jpeg", "normalizedUrl": "https://megapx-assets.dcard.tw/images/c2dd7787-8042-4e52-922b-2ebae5278847/640.jpeg", "thumbnail": "https://megapx-assets.dcard.tw/images/c2dd7787-8042-4e52-922b-2ebae5278847/640.jpeg", "type": "image/thumbnail", "tags": ["ANNOTATED"], "createdAt": "2020-02-02T17:18:39.893Z", "updatedAt": "2020-02-02T17:40:16.037Z", "width": 480, "height": 640}, {"id": "54d377dd-2192-45b2-911f-9b26bc2dfd8e", "url": "https://megapx-assets.dcard.tw/images/c2dd7787-8042-4e52-922b-2ebae5278847/1280.jpeg", "normalizedUrl": "https://megapx.dcard.tw/v1/images/c2dd7787-8042-4e52-922b-2ebae5278847", "thumbnail": "https://megapx-assets.dcard.tw/images/c2dd7787-8042-4e52-922b-2ebae5278847/640.jpeg", "type": "image/megapx", "tags": ["ANNOTATED"], "createdAt": "2020-02-02T17:18:39.893Z", "updatedAt": "2020-02-02T17:40:16.037Z", "width": 1500, "height": 2000}, {"id": "1ba6c387-9e47-47b8-ab13-efda5f2eca0c", "url": "https://megapx-assets.dcard.tw/images/6ff90f59-3f16-4e38-b108-6a7cc9f6a81a/1280.jpeg", "normalizedUrl": "https://megapx.dcard.tw/v1/images/6ff90f59-3f16-4e38-b108-6a7cc9f6a81a", "thumbnail": "https://megapx-assets.dcard.tw/images/6ff90f59-3f16-4e38-b108-6a7cc9f6a81a/640.jpeg", "type": "image/megapx", "tags": ["ANNOTATED"], "createdAt": "2020-02-02T17:18:39.893Z", "updatedAt": "2020-02-02T17:40:16.037Z", "width": 2000, "height": 1500}, {"id": "2a696f93-965a-4b1e-93dc-08aaf7e98827", "url": "https://megapx-assets.dcard.tw/images/924fb4ab-ed4a-4adb-8e72-f7cd6ea3b30c/1280.jpeg", "normalizedUrl": "https://megapx.dcard.tw/v1/images/924fb4ab-ed4a-4adb-8e72-f7cd6ea3b30c", "thumbnail": "https://megapx-assets.dcard.tw/images/924fb4ab-ed4a-4adb-8e72-f7cd6ea3b30c/640.jpeg", "type": "image/megapx", "tags": ["ANNOTATED"], "createdAt": "2020-02-02T17:18:39.893Z", "updatedAt": "2020-02-02T17:40:16.037Z", "width": 1501, "height": 2000}, {"id": "7276dba3-2942-49d4-a45f-e064bb802552", "url": "https://megapx-assets.dcard.tw/images/4f2f249e-23c1-43d3-aee9-77b136aed99f/1280.jpeg", "normalizedUrl": "https://megapx.dcard.tw/v1/images/4f2f249e-23c1-43d3-aee9-77b136aed99f", "thumbnail": "https://megapx-assets.dcard.tw/images/4f2f249e-23c1-43d3-aee9-77b136aed99f/640.jpeg", "type": "image/megapx", "tags": ["ANNOTATED"], "createdAt": "2020-02-02T17:18:39.893Z", "updatedAt": "2020-02-02T17:40:16.037Z", "width": 1500, "height": 2001}, {"id": "502d2e83-0374-4e5f-806f-6e888f639e2e", "url": "https://megapx-assets.dcard.tw/images/7673305c-2c80-43a2-ad93-322d633765f9/1280.jpeg", "normalizedUrl": "https://megapx.dcard.tw/v1/images/7673305c-2c80-43a2-ad93-322d633765f9", "thumbnail": "https://megapx-assets.dcard.tw/images/7673305c-2c80-43a2-ad93-322d633765f9/640.jpeg", "type": "image/megapx", "tags": ["ANNOTATED"], "createdAt": "2020-02-02T17:18:39.893Z", "updatedAt": "2020-02-02T17:40:16.037Z", "width": 2000, "height": 1500}, {"id": "e3c0b31b-e6a8-4667-af08-c27ffcb5dcf3", "url": "https://megapx-assets.dcard.tw/images/f45880ec-b162-41d4-98ad-c31b1ecd6849/1280.jpeg", "normalizedUrl": "https://megapx.dcard.tw/v1/images/f45880ec-b162-41d4-98ad-c31b1ecd6849", "thumbnail": "https://megapx-assets.dcard.tw/images/f45880ec-b162-41d4-98ad-c31b1ecd6849/640.jpeg", "type": "image/megapx", "tags": ["ANNOTATED"], "createdAt": "2020-02-02T17:18:39.893Z", "updatedAt": "2020-02-02T17:40:16.037Z", "width": 1500, "height": 2000}, {"id": "5b08542c-c64a-49fe-934f-3c18f21407fd", "url": "https://megapx-assets.dcard.tw/images/85d23544-08e5-462c-8795-6ef4ad7d2478/1280.jpeg", "normalizedUrl": "https://megapx.dcard.tw/v1/images/85d23544-08e5-462c-8795-6ef4ad7d2478", "thumbnail": "https://megapx-assets.dcard.tw/images/85d23544-08e5-462c-8795-6ef4ad7d2478/640.jpeg", "type": "image/megapx", "tags": ["ANNOTATED"], "createdAt": "2020-02-02T17:18:39.893Z", "updatedAt": "2020-02-02T17:40:16.037Z", "width": 2000, "height": 1500}, {"id": "ca04b70e-7ab5-488b-b0ca-68fdf2075e36", "url": "https://megapx-assets.dcard.tw/images/6491da8a-43c4-4898-bf9a-96c88233f764/1280.jpeg", "normalizedUrl": "https://megapx.dcard.tw/v1/images/6491da8a-43c4-4898-bf9a-96c88233f764", "thumbnail": "https://megapx-assets.dcard.tw/images/6491da8a-43c4-4898-bf9a-96c88233f764/640.jpeg", "type": "image/megapx", "tags": ["ANNOTATED"], "createdAt": "2020-02-02T17:18:39.893Z", "updatedAt": "2020-02-02T17:40:16.037Z", "width": 1500, "height": 2000}, {"id": "699f794b-ba2a-4d4b-8b31-37543f1001df", "url": "https://megapx-assets.dcard.tw/images/8ee3b5e7-e7aa-4cf2-a313-c428f4cf65a4/1280.jpeg", "normalizedUrl": "https://megapx.dcard.tw/v1/images/8ee3b5e7-e7aa-4cf2-a313-c428f4cf65a4", "thumbnail": "https://megapx-assets.dcard.tw/images/8ee3b5e7-e7aa-4cf2-a313-c428f4cf65a4/640.jpeg", "type": "image/megapx", "tags": ["ANNOTATED"], "createdAt": "2020-02-02T17:18:39.893Z", "updatedAt": "2020-02-02T17:40:16.037Z", "width": 1500, "height": 2000}, {"id": "d147f4a7-16c8-4b22-8550-1207cfe90374", "url": "https://megapx-assets.dcard.tw/images/1adf93d8-2e34-43f2-9a9b-362401d25103/1280.jpeg", "normalizedUrl": "https://megapx.dcard.tw/v1/images/1adf93d8-2e34-43f2-9a9b-362401d25103", "thumbnail": "https://megapx-assets.dcard.tw/images/1adf93d8-2e34-43f2-9a9b-362401d25103/640.jpeg", "type": "image/megapx", "tags": ["ANNOTATED"], "createdAt": "2020-02-02T17:18:39.893Z", "updatedAt": "2020-02-02T17:40:16.037Z", "width": 1500, "height": 2000}, {"id": "f6d07ccf-7319-4421-a9b9-135ceeb16ccf", "url": "https://megapx-assets.dcard.tw/images/f46a624b-ce81-4376-adef-efb77b6ef186/1280.jpeg", "normalizedUrl": "https://megapx.dcard.tw/v1/images/f46a624b-ce81-4376-adef-efb77b6ef186", "thumbnail": "https://megapx-assets.dcard.tw/images/f46a624b-ce81-4376-adef-efb77b6ef186/640.jpeg", "type": "image/megapx", "tags": ["ANNOTATED"], "createdAt": "2020-02-02T17:18:39.893Z", "updatedAt": "2020-02-02T17:40:16.037Z", "width": 1500, "height": 2000}, {"id": "aff0bf61-0a2d-4e41-926a-be67afa6f12d", "url": "https://megapx-assets.dcard.tw/images/9e711f39-97d3-4010-9bb6-6a966a6c43fe/1280.jpeg", "normalizedUrl": "https://megapx.dcard.tw/v1/images/9e711f39-97d3-4010-9bb6-6a966a6c43fe", "thumbnail": "https://megapx-assets.dcard.tw/images/9e711f39-97d3-4010-9bb6-6a966a6c43fe/640.jpeg", "type": "image/megapx", "tags": ["ANNOTATED"], "createdAt": "2020-02-02T17:18:39.893Z", "updatedAt": "2020-02-02T17:40:16.037Z", "width": 1570, "height": 2000}, {"id": "274e00f0-2c68-430b-96de-35dc8d8c4012", "url": "https://megapx-assets.dcard.tw/images/165ecd94-4512-4e2c-b331-7a33d8ee3a0b/1280.jpeg", "normalizedUrl": "https://megapx.dcard.tw/v1/images/165ecd94-4512-4e2c-b331-7a33d8ee3a0b", "thumbnail": "https://megapx-assets.dcard.tw/images/165ecd94-4512-4e2c-b331-7a33d8ee3a0b/640.jpeg", "type": "image/megapx", "tags": ["ANNOTATED"], "createdAt": "2020-02-02T17:18:39.893Z", "updatedAt": "2020-02-02T17:40:16.037Z", "width": 1500, "height": 2000}], "reactions": [{"id": "286f599c-f86a-4932-82f0-f5a06f1eca03", "count": 1042}, {"id": "4b018f48-e184-445f-adf1-fc8e04ba09b9", "count": 1}], "hidden": false, "customStyle": null, "isSuspiciousAccount": false, "layout": "classic", "withImages": true, "withVideos": false, "media": [{"url": "https://megapx-assets.dcard.tw/images/c2dd7787-8042-4e52-922b-2ebae5278847/1280.jpeg"}, {"url": "https://megapx-assets.dcard.tw/images/6ff90f59-3f16-4e38-b108-6a7cc9f6a81a/1280.jpeg"}, {"url": "https://megapx-assets.dcard.tw/images/924fb4ab-ed4a-4adb-8e72-f7cd6ea3b30c/1280.jpeg"}, {"url": "https://megapx-assets.dcard.tw/images/4f2f249e-23c1-43d3-aee9-77b136aed99f/1280.jpeg"}, {"url": "https://megapx-assets.dcard.tw/images/7673305c-2c80-43a2-ad93-322d633765f9/1280.jpeg"}, {"url": "https://megapx-assets.dcard.tw/images/f45880ec-b162-41d4-98ad-c31b1ecd6849/1280.jpeg"}, {"url": "https://megapx-assets.dcard.tw/images/85d23544-08e5-462c-8795-6ef4ad7d2478/1280.jpeg"}, {"url": "https://megapx-assets.dcard.tw/images/6491da8a-43c4-4898-bf9a-96c88233f764/1280.jpeg"}, {"url": "https://megapx-assets.dcard.tw/images/8ee3b5e7-e7aa-4cf2-a313-c428f4cf65a4/1280.jpeg"}, {"url": "https://megapx-assets.dcard.tw/images/1adf93d8-2e34-43f2-9a9b-362401d25103/1280.jpeg"}, {"url": "https://megapx-assets.dcard.tw/images/f46a624b-ce81-4376-adef-efb77b6ef186/1280.jpeg"}, {"url": "https://megapx-assets.dcard.tw/images/9e711f39-97d3-4010-9bb6-6a966a6c43fe/1280.jpeg"}, {"url": "https://megapx-assets.dcard.tw/images/165ecd94-4512-4e2c-b331-7a33d8ee3a0b/1280.jpeg"}], "reportReasonText": "", "postAvatar": ""}, {"id": 233006813, "title": "回歸成為你的大蜜糖🇳🇿紐西蘭來的蜂蜜滋潤煥膚組🍯冬季最頂級的純淨保養體驗❤️", "excerpt": "工作日天天出貨，火種價：麥蘆卡蜂蜜滋潤身體乳液＋麥蘆卡蜂蜜 SPA 身體磨砂膏＋麥蘆卡蜂蜜蜂膠防護皂＋麥蘆卡蜂蜜滋潤護唇膏 NTD $ 1330元，麥蘆卡蜂蜜滋潤身體乳液+麥蘆卡蜂蜜SPA身體磨砂膏+", "anonymousSchool": false, "anonymousDepartment": false, "pinned": false, "forumId": "5b964198-2e59-419d-b44c-0276d0fea7e8", "replyId": null, "createdAt": "2020-02-03T07:11:56.361Z", "updatedAt": "2020-02-03T07:11:56.361Z", "commentCount": 7, "likeCount": 203, "withNickname": true, "tags": [], "topics": ["不是好物不推薦", "乳液", "保養", "保濕", "蜂蜜"], "meta": {"layout": "classic"}, "forumName": "居家生活", "forumAlias": "house", "gender": "D", "school": "好物研究員", "department": "dcardecangel", "replyTitle": null, "mediaMeta": [{"id": "1d27691b-aad3-4a23-8d5c-d9f46b844b36", "url": "https://i.imgur.com/YF5K1OLl.jpg", "normalizedUrl": "https://i.imgur.com/YF5K1OLl.jpg", "thumbnail": "https://i.imgur.com/YF5K1OLl.jpg", "type": "image/thumbnail", "tags": ["ANNOTATED"], "createdAt": "2020-02-03T07:11:56.361Z", "updatedAt": "2020-02-03T07:11:56.361Z"}, {"id": "1d27691b-aad3-4a23-8d5c-d9f46b844b36", "url": "https://i.imgur.com/YF5K1OL.jpg", "normalizedUrl": "https://imgur.com/YF5K1OL", "thumbnail": "https://i.imgur.com/YF5K1OLl.jpg", "type": "image/imgur", "tags": ["ANNOTATED"], "createdAt": "2020-02-03T07:11:56.361Z", "updatedAt": "2020-02-03T07:11:56.361Z"}, {"id": "3f0c5150-5253-4fdd-af2d-027181adfa6c", "url": "https://i.imgur.com/nFGjF3X.jpg", "normalizedUrl": "https://imgur.com/nFGjF3X", "thumbnail": "https://i.imgur.com/nFGjF3Xl.jpg", "type": "image/imgur", "tags": ["ANNOTATED"], "createdAt": "2020-02-03T07:11:56.361Z", "updatedAt": "2020-02-03T07:11:56.361Z"}, {"id": "b19fc4aa-f9e1-42c1-a25b-5f731f5e372a", "url": "https://i.imgur.com/OTmx7BV.jpg", "normalizedUrl": "https://imgur.com/OTmx7BV", "thumbnail": "https://i.imgur.com/OTmx7BVl.jpg", "type": "image/imgur", "tags": ["ANNOTATED"], "createdAt": "2020-02-03T07:11:56.361Z", "updatedAt": "2020-02-03T07:11:56.361Z"}, {"id": "bbd03cb0-2b6b-4e20-bd39-17f2d6c5654b", "url": "https://i.imgur.com/q3fBQ6M.jpg", "normalizedUrl": "https://imgur.com/q3fBQ6M", "thumbnail": "https://i.imgur.com/q3fBQ6Ml.jpg", "type": "image/imgur", "tags": ["ANNOTATED"], "createdAt": "2020-02-03T07:11:56.361Z", "updatedAt": "2020-02-03T07:11:56.361Z"}, {"id": "01fd9695-7313-47f3-85da-ec2f7520020b", "url": "https://i.imgur.com/U7uGoIQ.jpg", "normalizedUrl": "https://imgur.com/U7uGoIQ", "thumbnail": "https://i.imgur.com/U7uGoIQl.jpg", "type": "image/imgur", "tags": ["ANNOTATED"], "createdAt": "2020-02-03T07:11:56.361Z", "updatedAt": "2020-02-03T07:11:56.361Z"}, {"id": "72b6cc2b-5683-46c8-a419-cd741126a789", "url": "https://i.imgur.com/RvbCakq.jpg", "normalizedUrl": "https://imgur.com/RvbCakq", "thumbnail": "https://i.imgur.com/RvbCakql.jpg", "type": "image/imgur", "tags": ["ANNOTATED"], "createdAt": "2020-02-03T07:11:56.361Z", "updatedAt": "2020-02-03T07:11:56.361Z"}, {"id": "5fbd9d49-58a2-4818-91ac-8d245f070905", "url": "https://i.imgur.com/XVJielD.jpg", "normalizedUrl": "https://imgur.com/XVJielD", "thumbnail": "https://i.imgur.com/XVJielDl.jpg", "type": "image/imgur", "tags": ["ANNOTATED"], "createdAt": "2020-02-03T07:11:56.361Z", "updatedAt": "2020-02-03T07:11:56.361Z"}, {"id": "1e812834-6330-4f0e-8b07-1a8734102a3b", "url": "https://i.imgur.com/KYjHZn5.jpg", "normalizedUrl": "https://imgur.com/KYjHZn5", "thumbnail": "https://i.imgur.com/KYjHZn5l.jpg", "type": "image/imgur", "tags": ["ANNOTATED"], "createdAt": "2020-02-03T07:11:56.361Z", "updatedAt": "2020-02-03T07:11:56.361Z"}, {"id": "9dafed9b-6f90-46b8-9272-6cf224e78fbb", "url": "https://i.imgur.com/vXrcstP.jpg", "normalizedUrl": "https://imgur.com/vXrcstP", "thumbnail": "https://i.imgur.com/vXrcstPl.jpg", "type": "image/imgur", "tags": ["ANNOTATED"], "createdAt": "2020-02-03T07:11:56.361Z", "updatedAt": "2020-02-03T07:11:56.361Z"}, {"id": "3954f506-6021-468f-ac83-3a527fd1d06e", "url": "https://i.imgur.com/jF9Jnfc.jpg", "normalizedUrl": "https://imgur.com/jF9Jnfc", "thumbnail": "https://i.imgur.com/jF9Jnfcl.jpg", "type": "image/imgur", "tags": ["ANNOTATED"], "createdAt": "2020-02-03T07:11:56.361Z", "updatedAt": "2020-02-03T07:11:56.361Z"}], "reactions": [{"id": "286f599c-f86a-4932-82f0-f5a06f1eca03", "count": 203}], "hidden": false, "customStyle": {"label": {"text": "好物研究室", "bgColor": "#edad1d"}, "headerColor": "#edad1d", "enableSupportCampaign": true}, "isSuspiciousAccount": false, "layout": "classic", "withImages": true, "withVideos": false, "media": [{"url": "https://i.imgur.com/YF5K1OL.jpg"}, {"url": "https://i.imgur.com/nFGjF3X.jpg"}, {"url": "https://i.imgur.com/OTmx7BV.jpg"}, {"url": "https://i.imgur.com/q3fBQ6M.jpg"}, {"url": "https://i.imgur.com/U7uGoIQ.jpg"}, {"url": "https://i.imgur.com/RvbCakq.jpg"}, {"url": "https://i.imgur.com/XVJielD.jpg"}, {"url": "https://i.imgur.com/KYjHZn5.jpg"}, {"url": "https://i.imgur.com/vXrcstP.jpg"}, {"url": "https://i.imgur.com/jF9Jnfc.jpg"}], "reportReasonText": "", "postAvatar": ""}, {"id": 233006912, "title": "美廉社即期品", "excerpt": "如果是要當天吃的或喝的，可以去美廉社尋寶喔 即期品都滿便宜的，但水果類不太推薦 有些有點爛掉", "anonymousSchool": false, "anonymousDepartment": true, "pinned": false, "forumId": "5b964198-2e59-419d-b44c-0276d0fea7e8", "replyId": null, "createdAt": "2020-02-03T07:31:24.176Z", "updatedAt": "2020-02-03T07:31:24.176Z", "commentCount": 1, "likeCount": 15, "withNickname": false, "tags": [], "topics": ["美廉社", "即期品", "特價品", "特價", "便宜"], "meta": {"layout": "classic"}, "forumName": "居家生活", "forumAlias": "house", "gender": "M", "school": "國立中山大學", "replyTitle": null, "mediaMeta": [{"id": "67191ad0-6893-4ea0-a772-d6fe20a4e647", "url": "https://megapx-assets.dcard.tw/images/867d36df-8992-46fd-aeab-6ca19f5c048c/640.jpeg", "normalizedUrl": "https://megapx-assets.dcard.tw/images/867d36df-8992-46fd-aeab-6ca19f5c048c/640.jpeg", "thumbnail": "https://megapx-assets.dcard.tw/images/867d36df-8992-46fd-aeab-6ca19f5c048c/640.jpeg", "type": "image/thumbnail", "tags": ["ANNOTATED"], "createdAt": "2020-02-03T07:31:24.176Z", "updatedAt": "2020-02-03T07:31:24.176Z", "width": 640, "height": 629}, {"id": "67191ad0-6893-4ea0-a772-d6fe20a4e647", "url": "https://megapx-assets.dcard.tw/images/867d36df-8992-46fd-aeab-6ca19f5c048c/full.jpeg", "normalizedUrl": "https://megapx.dcard.tw/v1/images/867d36df-8992-46fd-aeab-6ca19f5c048c", "thumbnail": "https://megapx-assets.dcard.tw/images/867d36df-8992-46fd-aeab-6ca19f5c048c/640.jpeg", "type": "image/megapx", "tags": ["ANNOTATED"], "createdAt": "2020-02-03T07:31:24.176Z", "updatedAt": "2020-02-03T07:31:24.176Z", "width": 684, "height": 672}], "reactions": [{"id": "286f599c-f86a-4932-82f0-f5a06f1eca03", "count": 15}], "hidden": false, "customStyle": null, "isSuspiciousAccount": false, "layout": "classic", "withImages": true, "withVideos": false, "media": [{"url": "https://megapx-assets.dcard.tw/images/867d36df-8992-46fd-aeab-6ca19f5c048c/full.jpeg"}], "reportReasonText": "", "postAvatar": ""}, {"id": 233009002, "title": "如何解決擾人的冷氣異味？｜力利小教室1", "excerpt": "▎為何冷氣會有異味？ 🤔，有異味正常嗎？就讓力利老鄭為您說明冷氣為何有異味，快分享給您被冷氣異味困擾已久的朋友，所以冷氣異味是不分品牌都會有的問題！ ️，環境味道也是異味來源！，細菌表示：冷氣給我吃", "anonymousSchool": false, "anonymousDepartment": true, "pinned": false, "forumId": "5b964198-2e59-419d-b44c-0276d0fea7e8", "replyId": null, "createdAt": "2020-02-03T12:29:55.687Z", "updatedAt": "2020-02-03T12:29:55.687Z", "commentCount": 0, "likeCount": 6, "withNickname": false, "tags": [], "topics": ["力利小教室", "力利冷氣", "冷氣", "異味", "小技巧"], "meta": {"layout": "classic"}, "forumName": "居家生活", "forumAlias": "house", "gender": "M", "school": "國立中山大學", "replyTitle": null, "mediaMeta": [{"id": "287b3209-cbb7-488b-8f91-35c709fd7e3f", "url": "https://i.imgur.com/kPjhvd1l.jpg", "normalizedUrl": "https://i.imgur.com/kPjhvd1l.jpg", "thumbnail": "https://i.imgur.com/kPjhvd1l.jpg", "type": "image/thumbnail", "tags": ["ANNOTATED"], "createdAt": "2020-02-03T12:29:55.687Z", "updatedAt": "2020-02-03T12:29:55.687Z"}, {"id": "287b3209-cbb7-488b-8f91-35c709fd7e3f", "url": "http://i.imgur.com/kPjhvd1.jpg", "normalizedUrl": "https://imgur.com/kPjhvd1", "thumbnail": "https://i.imgur.com/kPjhvd1l.jpg", "type": "image/imgur", "tags": ["ANNOTATED"], "createdAt": "2020-02-03T12:29:55.687Z", "updatedAt": "2020-02-03T12:29:55.687Z"}, {"id": "530ae1fc-c3ff-40cb-99bb-2e23edf8a2a9", "url": "http://i.imgur.com/qrXBF9Q.jpg", "normalizedUrl": "https://imgur.com/qrXBF9Q", "thumbnail": "https://i.imgur.com/qrXBF9Ql.jpg", "type": "image/imgur", "tags": ["ANNOTATED"], "createdAt": "2020-02-03T12:29:55.687Z", "updatedAt": "2020-02-03T12:29:55.687Z"}, {"id": "fd179bbd-a9f8-40cc-a005-b2438878bc6b", "url": "http://i.imgur.com/VEGB8WT.jpg", "normalizedUrl": "https://imgur.com/VEGB8WT", "thumbnail": "https://i.imgur.com/VEGB8WTl.jpg", "type": "image/imgur", "tags": ["ANNOTATED"], "createdAt": "2020-02-03T12:29:55.687Z", "updatedAt": "2020-02-03T12:29:55.687Z"}, {"id": "b5a6c7be-cc23-47c7-a057-82ec6eeb7e33", "url": "http://i.imgur.com/Zz3yihw.jpg", "normalizedUrl": "https://imgur.com/Zz3yihw", "thumbnail": "https://i.imgur.com/Zz3yihwl.jpg", "type": "image/imgur", "tags": ["ANNOTATED"], "createdAt": "2020-02-03T12:29:55.687Z", "updatedAt": "2020-02-03T12:29:55.687Z"}, {"id": "03602b06-9db0-46a3-ba7b-aad0b8a48df5", "url": "http://i.imgur.com/DIh2ddM.jpg", "normalizedUrl": "https://imgur.com/DIh2ddM", "thumbnail": "https://i.imgur.com/DIh2ddMl.jpg", "type": "image/imgur", "tags": ["ANNOTATED"], "createdAt": "2020-02-03T12:29:55.687Z", "updatedAt": "2020-02-03T12:29:55.687Z"}, {"id": "e322e598-bdf4-4919-87b3-d2b5e4c2be01", "url": "http://i.imgur.com/KYtSfZc.jpg", "normalizedUrl": "https://imgur.com/KYtSfZc", "thumbnail": "https://i.imgur.com/KYtSfZcl.jpg", "type": "image/imgur", "tags": ["ANNOTATED"], "createdAt": "2020-02-03T12:29:55.687Z", "updatedAt": "2020-02-03T12:29:55.687Z"}, {"id": "19213390-f81a-4cd8-9909-915011d7cf3f", "url": "http://i.imgur.com/rPFEroh.jpg", "normalizedUrl": "https://imgur.com/rPFEroh", "thumbnail": "https://i.imgur.com/rPFErohl.jpg", "type": "image/imgur", "tags": ["ANNOTATED"], "createdAt": "2020-02-03T12:29:55.687Z", "updatedAt": "2020-02-03T12:29:55.687Z"}, {"id": "ef850bfa-4cad-4aec-9c65-df0d64c0f062", "url": "http://i.imgur.com/MD4hUNK.jpg", "normalizedUrl": "https://imgur.com/MD4hUNK", "thumbnail": "https://i.imgur.com/MD4hUNKl.jpg", "type": "image/imgur", "tags": ["ANNOTATED"], "createdAt": "2020-02-03T12:29:55.687Z", "updatedAt": "2020-02-03T12:29:55.687Z"}, {"id": "839f2bfc-29f9-4a8c-b27e-abc193f3fc53", "url": "http://i.imgur.com/J7hth4F.jpg", "normalizedUrl": "https://imgur.com/J7hth4F", "thumbnail": "https://i.imgur.com/J7hth4Fl.jpg", "type": "image/imgur", "tags": ["ANNOTATED"], "createdAt": "2020-02-03T12:29:55.687Z", "updatedAt": "2020-02-03T12:29:55.687Z"}, {"id": "410c671a-78be-4b17-b9c5-b770714d074f", "url": "http://i.imgur.com/68ocp60.jpg", "normalizedUrl": "https://imgur.com/68ocp60", "thumbnail": "https://i.imgur.com/68ocp60l.jpg", "type": "image/imgur", "tags": ["ANNOTATED"], "createdAt": "2020-02-03T12:29:55.687Z", "updatedAt": "2020-02-03T12:29:55.687Z"}, {"id": "1ee3b33c-0684-417b-acf7-95e24b981525", "url": "http://i.imgur.com/NLcvjLz.jpg", "normalizedUrl": "https://imgur.com/NLcvjLz", "thumbnail": "https://i.imgur.com/NLcvjLzl.jpg", "type": "image/imgur", "tags": ["ANNOTATED"], "createdAt": "2020-02-03T12:29:55.687Z", "updatedAt": "2020-02-03T12:29:55.687Z"}, {"id": "85669e49-958d-44d5-9665-bc133c57090a", "url": "http://i.imgur.com/2JSbyg4.jpg", "normalizedUrl": "https://imgur.com/2JSbyg4", "thumbnail": "https://i.imgur.com/2JSbyg4l.jpg", "type": "image/imgur", "tags": ["ANNOTATED"], "createdAt": "2020-02-03T12:29:55.687Z", "updatedAt": "2020-02-03T12:29:55.687Z"}], "reactions": [{"id": "286f599c-f86a-4932-82f0-f5a06f1eca03", "count": 6}], "hidden": false, "customStyle": null, "isSuspiciousAccount": false, "layout": "classic", "withImages": true, "withVideos": false, "media": [{"url": "http://i.imgur.com/kPjhvd1.jpg"}, {"url": "http://i.imgur.com/qrXBF9Q.jpg"}, {"url": "http://i.imgur.com/VEGB8WT.jpg"}, {"url": "http://i.imgur.com/Zz3yihw.jpg"}, {"url": "http://i.imgur.com/DIh2ddM.jpg"}, {"url": "http://i.imgur.com/KYtSfZc.jpg"}, {"url": "http://i.imgur.com/rPFEroh.jpg"}, {"url": "http://i.imgur.com/MD4hUNK.jpg"}, {"url": "http://i.imgur.com/J7hth4F.jpg"}, {"url": "http://i.imgur.com/68ocp60.jpg"}, {"url": "http://i.imgur.com/NLcvjLz.jpg"}, {"url": "http://i.imgur.com/2JSbyg4.jpg"}], "reportReasonText": "", "postAvatar": ""}, {"id": 233003866, "title": "#求救 這種牆壁怎麼改善才好呢", "excerpt": "給大家看看圖片，我房間的牆壁是木頭那種，看了好多年了好想重新裝潢一下房間，但查了一下資訊都找不到我房間這種木頭牆壁叫做什麼所以也就找不到能夠改善它的方法～本來想說貼壁紙，但查了一下資訊說壁紙沒辦法貼這", "anonymousSchool": false, "anonymousDepartment": true, "pinned": false, "forumId": "5b964198-2e59-419d-b44c-0276d0fea7e8", "replyId": null, "createdAt": "2020-02-02T15:59:00.615Z", "updatedAt": "2020-02-02T15:59:00.615Z", "commentCount": 4, "likeCount": 5, "withNickname": false, "tags": [], "topics": ["改造", "佈置", "房間"], "meta": {"layout": "classic"}, "forumName": "居家生活", "forumAlias": "house", "gender": "F", "school": "國立東華大學", "replyTitle": null, "mediaMeta": [{"id": "9ff1aa40-d608-451e-98eb-4aa5b4f37d72", "url": "https://i.imgur.com/x5JAFYDl.jpg", "normalizedUrl": "https://i.imgur.com/x5JAFYDl.jpg", "thumbnail": "https://i.imgur.com/x5JAFYDl.jpg", "type": "image/thumbnail", "tags": [], "createdAt": "2020-02-02T15:59:00.615Z", "updatedAt": "2020-02-02T15:59:00.615Z"}, {"id": "9ff1aa40-d608-451e-98eb-4aa5b4f37d72", "url": "https://i.imgur.com/x5JAFYD.jpg", "normalizedUrl": "https://imgur.com/x5JAFYD", "thumbnail": "https://i.imgur.com/x5JAFYDl.jpg", "type": "image/imgur", "tags": [], "createdAt": "2020-02-02T15:59:00.615Z", "updatedAt": "2020-02-02T15:59:00.615Z"}, {"id": "821664a5-4aef-4c74-8279-a1de8e432afb", "url": "https://i.imgur.com/k0YPRBz.jpg", "normalizedUrl": "https://imgur.com/k0YPRBz", "thumbnail": "https://i.imgur.com/k0YPRBzl.jpg", "type": "image/imgur", "tags": [], "createdAt": "2020-02-02T15:59:00.615Z", "updatedAt": "2020-02-02T15:59:00.615Z"}], "reactions": [{"id": "286f599c-f86a-4932-82f0-f5a06f1eca03", "count": 5}], "hidden": false, "customStyle": null, "isSuspiciousAccount": false, "layout": "classic", "withImages": true, "withVideos": false, "media": [{"url": "https://i.imgur.com/x5JAFYD.jpg"}, {"url": "https://i.imgur.com/k0YPRBz.jpg"}], "reportReasonText": "", "postAvatar": ""}, {"id": 233011970, "title": "請問這樣的肉是否有變質？", "excerpt": "之前在過年的時候買的肉片，然後就一直放在冷凍庫忘記了，放了約兩個禮拜，到今天才想起來，打開看發現肉的顏色有點不同，稍微有點橘色的感覺？不曉得這樣是否有變質？還能不能拿來料理？再麻煩各位前輩幫忙解答謝謝", "anonymousSchool": false, "anonymousDepartment": false, "pinned": false, "forumId": "5b964198-2e59-419d-b44c-0276d0fea7e8", "replyId": null, "createdAt": "2020-02-03T21:08:44.752Z", "updatedAt": "2020-02-03T21:08:44.752Z", "commentCount": 5, "likeCount": 1, "withNickname": true, "tags": [], "topics": ["變質"], "meta": {"layout": "classic"}, "forumName": "居家生活", "forumAlias": "house", "gender": "M", "school": "阿倫仔", "department": "happy1221", "replyTitle": null, "mediaMeta": [{"id": "7af32972-d8af-4806-9cd1-8487e0d796c2", "url": "https://megapx-assets.dcard.tw/images/ccff1233-ed0c-4c0b-a597-28e26830da13/640.jpeg", "normalizedUrl": "https://megapx-assets.dcard.tw/images/ccff1233-ed0c-4c0b-a597-28e26830da13/640.jpeg", "thumbnail": "https://megapx-assets.dcard.tw/images/ccff1233-ed0c-4c0b-a597-28e26830da13/640.jpeg", "type": "image/thumbnail", "tags": [], "createdAt": "2020-02-03T21:08:44.752Z", "updatedAt": "2020-02-03T21:08:44.752Z", "width": 480, "height": 640}, {"id": "7af32972-d8af-4806-9cd1-8487e0d796c2", "url": "https://megapx-assets.dcard.tw/images/ccff1233-ed0c-4c0b-a597-28e26830da13/1280.jpeg", "normalizedUrl": "https://megapx.dcard.tw/v1/images/ccff1233-ed0c-4c0b-a597-28e26830da13", "thumbnail": "https://megapx-assets.dcard.tw/images/ccff1233-ed0c-4c0b-a597-28e26830da13/640.jpeg", "type": "image/megapx", "tags": [], "createdAt": "2020-02-03T21:08:44.752Z", "updatedAt": "2020-02-03T21:08:44.752Z", "width": 1500, "height": 2000}], "reactions": [{"id": "286f599c-f86a-4932-82f0-f5a06f1eca03", "count": 1}], "hidden": false, "customStyle": null, "isSuspiciousAccount": false, "layout": "classic", "withImages": true, "withVideos": false, "media": [{"url": "https://megapx-assets.dcard.tw/images/ccff1233-ed0c-4c0b-a597-28e26830da13/1280.jpeg"}], "reportReasonText": "", "postAvatar": ""}, {"id": 233007693, "title": "冰箱最下層一推果蠅屍體?", "excerpt": "（照片來源：  ），這台冰箱是我人生第一台屬於我自己的冰箱，冰箱才買不到一年（型號-Panasonic-AG鋼板系列 NR-B139TV），冰箱使用量率算是很低了（幾乎可以說是空城了），平常只冰罐裝飲", "anonymousSchool": false, "anonymousDepartment": true, "pinned": false, "forumId": "5b964198-2e59-419d-b44c-0276d0fea7e8", "replyId": null, "createdAt": "2020-02-03T09:18:18.235Z", "updatedAt": "2020-02-03T09:18:18.235Z", "commentCount": 3, "likeCount": 1, "withNickname": false, "tags": [], "topics": ["冰箱", "果蠅", "蟲蟲", "蟲蟲危機"], "meta": {"layout": "classic"}, "forumName": "居家生活", "forumAlias": "house", "gender": "F", "school": "嘉南藥理大學", "replyTitle": null, "mediaMeta": [{"id": "b4e0d8c7-4c01-4428-bb86-65dcaba6570d", "url": "https://i.imgur.com/SPNRrNvl.jpg", "normalizedUrl": "https://i.imgur.com/SPNRrNvl.jpg", "thumbnail": "https://i.imgur.com/SPNRrNvl.jpg", "type": "image/thumbnail", "tags": ["ANNOTATED"], "createdAt": "2020-02-03T09:18:18.235Z", "updatedAt": "2020-02-03T09:18:18.235Z"}, {"id": "b4e0d8c7-4c01-4428-bb86-65dcaba6570d", "url": "http://i.imgur.com/SPNRrNv.jpg", "normalizedUrl": "https://imgur.com/SPNRrNv", "thumbnail": "https://i.imgur.com/SPNRrNvl.jpg", "type": "image/imgur", "tags": ["ANNOTATED"], "createdAt": "2020-02-03T09:18:18.235Z", "updatedAt": "2020-02-03T09:18:18.235Z"}, {"id": "c3b14857-1424-4274-a984-dca5a8e5a67c", "url": "https://www.youtube.com/watch?v=uUxDxFuGfcE", "normalizedUrl": "https://www.youtube.com/watch?v=uUxDxFuGfcE", "thumbnail": "https://img.youtube.com/vi/uUxDxFuGfcE/hqdefault.jpg", "type": "video/youtube", "tags": ["ANNOTATED"], "createdAt": "2020-02-03T09:18:18.235Z", "updatedAt": "2020-02-03T09:18:18.235Z"}], "reactions": [{"id": "286f599c-f86a-4932-82f0-f5a06f1eca03", "count": 1}], "hidden": false, "customStyle": null, "isSuspiciousAccount": false, "layout": "classic", "withImages": true, "withVideos": false, "media": [{"url": "http://i.imgur.com/SPNRrNv.jpg"}], "reportReasonText": "", "postAvatar": ""}, {"id": 233009234, "title": "#問 YangZ 揚子 除濕機", "excerpt": "已爬過文，但真的找不太到評價，不知道有沒有人用過？覺得好不好用？品牌：YangZ 揚子，型號：CS10E，功率：90W，容量：2.2L，房間大小：8～10坪左右，沒仔細算過，開窗戶的話風蠻大的，但冬天", "anonymousSchool": false, "anonymousDepartment": true, "pinned": false, "forumId": "5b964198-2e59-419d-b44c-0276d0fea7e8", "replyId": null, "createdAt": "2020-02-03T13:08:52.128Z", "updatedAt": "2020-02-03T13:08:52.128Z", "commentCount": 0, "likeCount": 0, "withNickname": false, "tags": [], "topics": ["揚子", "除濕機"], "meta": {"layout": "classic"}, "forumName": "居家生活", "forumAlias": "house", "gender": "F", "school": "東海大學", "replyTitle": null, "mediaMeta": [{"id": "d74d42a5-06a8-49c2-aa78-b99abbfe378e", "url": "https://i.imgur.com/mX0MW5ol.jpg", "normalizedUrl": "https://i.imgur.com/mX0MW5ol.jpg", "thumbnail": "https://i.imgur.com/mX0MW5ol.jpg", "type": "image/thumbnail", "tags": ["ANNOTATED"], "createdAt": "2020-02-03T13:08:52.128Z", "updatedAt": "2020-02-03T13:08:52.128Z"}, {"id": "d74d42a5-06a8-49c2-aa78-b99abbfe378e", "url": "https://i.imgur.com/mX0MW5o.jpg", "normalizedUrl": "https://imgur.com/mX0MW5o", "thumbnail": "https://i.imgur.com/mX0MW5ol.jpg", "type": "image/imgur", "tags": ["ANNOTATED"], "createdAt": "2020-02-03T13:08:52.128Z", "updatedAt": "2020-02-03T13:08:52.128Z"}], "reactions": [], "hidden": false, "customStyle": null, "isSuspiciousAccount": false, "layout": "classic", "withImages": true, "withVideos": false, "media": [{"url": "https://i.imgur.com/mX0MW5o.jpg"}], "reportReasonText": "", "postAvatar": ""}]