[{"id": 233010889, "title": "#分享 楊士弘-明天你不用來了", "excerpt": "這首明天你不用來了是整張專輯下來我最想推薦給大家知道的歌，這首歌的製作人是陳建騏老師，是不是很厲害而且歌曲中的大提琴編曲更是把情緒帶到一個高點，讓人不哭都難，當然這張專輯還有很多很棒的歌曲像是跟屁孩一", "anonymousSchool": false, "anonymousDepartment": true, "pinned": false, "forumId": "97eb486d-2f9d-4912-8b5d-b8f539e449d4", "replyId": null, "createdAt": "2020-02-03T16:27:16.097Z", "updatedAt": "2020-02-03T17:27:51.007Z", "commentCount": 0, "likeCount": 2, "withNickname": false, "tags": ["HIDE_THUMBNAIL"], "topics": ["音樂", "獨立音樂", "分享"], "meta": {"layout": "classic"}, "forumName": "獨立音樂", "forumAlias": "indiemusic", "gender": "M", "school": "亞洲大學", "replyTitle": null, "mediaMeta": [{"id": "0f99cbf8-b370-413a-8b09-a828346e5036", "url": "https://youtu.be/kqjtxbLRlnE", "normalizedUrl": "https://www.youtube.com/watch?v=kqjtxbLRlnE", "thumbnail": "https://img.youtube.com/vi/kqjtxbLRlnE/hqdefault.jpg", "type": "video/youtube", "tags": ["ANNOTATED"], "createdAt": "2020-02-03T16:27:16.097Z", "updatedAt": "2020-02-03T17:27:51.007Z"}, {"id": "771f884a-f086-4e81-adce-8730fef7c8cb", "url": "https://youtu.be/rk4zGzQ9_ig", "normalizedUrl": "https://www.youtube.com/watch?v=rk4zGzQ9_ig", "thumbnail": "https://img.youtube.com/vi/rk4zGzQ9_ig/hqdefault.jpg", "type": "video/youtube", "tags": ["ANNOTATED"], "createdAt": "2020-02-03T16:27:16.097Z", "updatedAt": "2020-02-03T17:27:51.007Z"}], "reactions": [{"id": "286f599c-f86a-4932-82f0-f5a06f1eca03", "count": 2}], "hidden": false, "customStyle": null, "isSuspiciousAccount": false, "layout": "classic", "withImages": false, "withVideos": false, "media": [], "reportReasonText": "", "postAvatar": ""}, {"id": 233009406, "title": "#分享 SEVER - Sandcastles", "excerpt": "來自歐洲 拉脫維亞的另類搖滾樂團 SEVER，於去年12月發行的最新單曲 《Sandcastles》主唱超高音嘶吼配上流暢的清吼腔轉換搭配 真心推薦～中文翻譯於此，自製 Spotify 另類搖滾歌單", "anonymousSchool": false, "anonymousDepartment": false, "pinned": false, "forumId": "97eb486d-2f9d-4912-8b5d-b8f539e449d4", "replyId": null, "createdAt": "2020-02-03T13:31:33.994Z", "updatedAt": "2020-02-03T13:33:37.036Z", "commentCount": 0, "likeCount": 2, "withNickname": true, "tags": [], "topics": ["搖滾", "樂團", "獨立音樂"], "meta": {"layout": "classic"}, "forumName": "獨立音樂", "forumAlias": "indiemusic", "gender": "M", "school": "類金屬邊緣人", "department": "sunpatrick_j831", "replyTitle": null, "mediaMeta": [{"id": "278f4960-4041-450f-9ef9-14ce6d379c74", "url": "https://img.youtube.com/vi/stpBC1HoHsc/hqdefault.jpg", "normalizedUrl": "https://img.youtube.com/vi/stpBC1HoHsc/hqdefault.jpg", "thumbnail": "https://img.youtube.com/vi/stpBC1HoHsc/hqdefault.jpg", "type": "image/thumbnail", "tags": ["ANNOTATED"], "createdAt": "2020-02-03T13:31:33.994Z", "updatedAt": "2020-02-03T13:33:37.036Z"}, {"id": "278f4960-4041-450f-9ef9-14ce6d379c74", "url": "https://www.youtube.com/watch?v=stpBC1HoHsc", "normalizedUrl": "https://www.youtube.com/watch?v=stpBC1HoHsc", "thumbnail": "https://img.youtube.com/vi/stpBC1HoHsc/hqdefault.jpg", "type": "video/youtube", "tags": ["ANNOTATED"], "createdAt": "2020-02-03T13:31:33.994Z", "updatedAt": "2020-02-03T13:33:37.036Z"}], "reactions": [{"id": "286f599c-f86a-4932-82f0-f5a06f1eca03", "count": 2}], "hidden": false, "customStyle": null, "isSuspiciousAccount": false, "layout": "classic", "withImages": false, "withVideos": false, "media": [], "reportReasonText": "", "postAvatar": ""}, {"id": 233008132, "title": "大家有推薦錄歌的cover錄音室嗎（台北）", "excerpt": "大家有去台北的錄音室錄歌過嗎，有沒有推薦的，近期要去錄歌", "anonymousSchool": false, "anonymousDepartment": false, "pinned": false, "forumId": "97eb486d-2f9d-4912-8b5d-b8f539e449d4", "replyId": null, "createdAt": "2020-02-03T10:19:10.306Z", "updatedAt": "2020-02-03T10:19:10.306Z", "commentCount": 1, "likeCount": 1, "withNickname": true, "tags": [], "topics": ["錄歌", "台北", "錄音室", "音樂", "獨立音樂"], "meta": {"layout": "classic"}, "forumName": "獨立音樂", "forumAlias": "indiemusic", "gender": "M", "school": "燦啊", "department": "ljh_han", "replyTitle": null, "mediaMeta": [], "reactions": [{"id": "286f599c-f86a-4932-82f0-f5a06f1eca03", "count": 1}], "hidden": false, "customStyle": null, "isSuspiciousAccount": false, "layout": "classic", "withImages": false, "withVideos": false, "media": [], "reportReasonText": "", "postAvatar": ""}, {"id": 233012057, "title": "#詢問 有沒有人會去南西肯恩高雄場的", "excerpt": "好不容易買到南西肯恩的巡迴高雄票，但只有我一個人去啊，想問一下版上有沒有人也是一個人去的，或是想一起遊一下高雄的", "anonymousSchool": false, "anonymousDepartment": true, "pinned": false, "forumId": "97eb486d-2f9d-4912-8b5d-b8f539e449d4", "replyId": null, "createdAt": "2020-02-03T22:56:38.614Z", "updatedAt": "2020-02-03T22:56:38.614Z", "commentCount": 0, "likeCount": 0, "withNickname": false, "tags": [], "topics": ["南西肯恩", "高雄", "樂團"], "meta": {"layout": "classic"}, "forumName": "獨立音樂", "forumAlias": "indiemusic", "gender": "M", "school": "南臺科技大學", "replyTitle": null, "mediaMeta": [], "reactions": [], "hidden": false, "customStyle": null, "isSuspiciousAccount": false, "layout": "classic", "withImages": false, "withVideos": false, "media": [], "reportReasonText": "", "postAvatar": ""}]