[{"id": 228534113, "title": "歡迎來到實習職缺板", "excerpt": "小天使祝大家能找到理想的工作ଘ（੭ˊ꒳​ˋ）੭，Dcard 提供各企業於實習職缺板張貼相關工作資訊，請務必依照發文標題、內文格式填寫表單，經小天使審核後會張貼在看板上。表單連結：提醒您職缺張貼請遵守勞", "anonymousSchool": false, "anonymousDepartment": false, "pinned": true, "forumId": "45a2cade-341a-4d5d-a1d8-b1cf82f77277", "replyId": null, "createdAt": "2018-03-21T09:57:18.078Z", "updatedAt": "2019-10-01T09:12:51.478Z", "commentCount": 0, "likeCount": 452, "withNickname": true, "tags": [], "topics": ["實習職缺"], "meta": {}, "forumName": "實習職缺", "forumAlias": "intern", "gender": "D", "school": "實習小天使", "department": "dcardintern", "replyTitle": null, "mediaMeta": [{"id": "0a189d39-95c3-4d25-9195-c4c5bd290fde", "url": "https://i.imgur.com/o0TP2atl.jpg", "normalizedUrl": "https://i.imgur.com/o0TP2atl.jpg", "thumbnail": "https://i.imgur.com/o0TP2atl.jpg", "type": "image/thumbnail", "tags": ["ANNOTATED"], "createdAt": "2019-09-29T05:32:30.901Z", "updatedAt": "2019-10-01T09:12:51.478Z"}, {"id": "0a189d39-95c3-4d25-9195-c4c5bd290fde", "url": "http://i.imgur.com/o0TP2at.gif", "normalizedUrl": "https://imgur.com/o0TP2at", "thumbnail": "https://i.imgur.com/o0TP2atl.jpg", "type": "image/imgur", "tags": ["ANNOTATED"], "createdAt": "2019-09-29T05:32:30.901Z", "updatedAt": "2019-10-01T09:12:51.478Z"}], "reactions": [{"id": "286f599c-f86a-4932-82f0-f5a06f1eca03", "count": 452}], "hidden": false, "customStyle": null, "isSuspiciousAccount": false, "layout": "classic", "withImages": false, "withVideos": false, "media": [], "reportReasonText": "", "postAvatar": ""}, {"id": 232499275, "title": "台北／Dcard／藍圍巾社群行銷實習生", "excerpt": "【公司名稱／工作職缺】Dcard／社群行銷實習生，【工作內容】・社群內容經營，・社群活動企劃發想、執行，・分析執行成效與提出優化策略，・簡易影片剪輯，【報名資格】．一週進公司四天以上（包含四天），假日", "anonymousSchool": false, "anonymousDepartment": false, "pinned": true, "forumId": "45a2cade-341a-4d5d-a1d8-b1cf82f77277", "replyId": null, "createdAt": "2019-11-14T04:21:59.827Z", "updatedAt": "2019-11-14T04:26:12.771Z", "commentCount": 0, "likeCount": 121, "withNickname": true, "tags": [], "topics": ["實習職缺", "藍圍巾實習", "Dcard", "社群行銷", "小編"], "meta": {"layout": "classic"}, "forumName": "實習職缺", "forumAlias": "intern", "gender": "D", "school": "實習小天使", "department": "dcardintern", "replyTitle": null, "mediaMeta": [], "reactions": [{"id": "286f599c-f86a-4932-82f0-f5a06f1eca03", "count": 121}], "hidden": false, "customStyle": null, "isSuspiciousAccount": false, "layout": "classic", "withImages": false, "withVideos": false, "media": [], "reportReasonText": "", "postAvatar": ""}]