[{"id": 233006546, "title": "就勞工作簽可以打工嗎", "excerpt": "大家！，我拿到的工作簽證是屬於人文知識、國際業務的工作簽證，像那種アルバイト或パートナー的工作我能做嗎？還是一定要選契約社員或正社員的才符合簽證呢？", "anonymousSchool": false, "anonymousDepartment": true, "pinned": false, "forumId": "ee51d6cd-ad7e-4d73-b79a-3ce32ea7798b", "replyId": null, "createdAt": "2020-02-03T06:10:37.047Z", "updatedAt": "2020-02-03T06:10:37.047Z", "commentCount": 3, "likeCount": 2, "withNickname": false, "tags": ["HIDE_THUMBNAIL"], "topics": ["日本", "日本生活", "日本工作", "日本生活板"], "meta": {"layout": "classic"}, "forumName": "日本生活", "forumAlias": "japan_life", "gender": "F", "school": "大葉大學", "replyTitle": null, "mediaMeta": [], "reactions": [{"id": "286f599c-f86a-4932-82f0-f5a06f1eca03", "count": 2}], "hidden": false, "customStyle": null, "isSuspiciousAccount": false, "layout": "classic", "withImages": false, "withVideos": false, "media": [], "reportReasonText": "", "postAvatar": ""}, {"id": 233012069, "title": "口罩😷都哪裡買rrrr？", "excerpt": "小弟住在千葉稻毛這裡，三天前AEON還買得到口罩，現在全都沒了！？-，然後網路買AEON自有品牌的口罩，天價！！！？？-，基本上路上的日本人都沒什麼戴口罩的，那為什麼口罩會買不到呢？（不負責任推測：中", "anonymousSchool": false, "anonymousDepartment": false, "pinned": false, "forumId": "ee51d6cd-ad7e-4d73-b79a-3ce32ea7798b", "replyId": null, "createdAt": "2020-02-03T23:17:36.334Z", "updatedAt": "2020-02-03T23:17:50.892Z", "commentCount": 3, "likeCount": 1, "withNickname": true, "tags": [], "topics": ["口罩", "留學生活", "交換學生", "留學", "日本留學"], "meta": {"layout": "classic"}, "forumName": "日本生活", "forumAlias": "japan_life", "gender": "M", "school": "墨綠", "department": "kakukangen", "replyTitle": null, "mediaMeta": [{"id": "22c78501-a8de-4ee1-99ad-93aa73a4c3c9", "url": "https://megapx-assets.dcard.tw/images/37c49c71-207d-442e-a63d-361578b9475d/640.jpeg", "normalizedUrl": "https://megapx-assets.dcard.tw/images/37c49c71-207d-442e-a63d-361578b9475d/640.jpeg", "thumbnail": "https://megapx-assets.dcard.tw/images/37c49c71-207d-442e-a63d-361578b9475d/640.jpeg", "type": "image/thumbnail", "tags": ["ANNOTATED"], "createdAt": "2020-02-03T23:17:36.334Z", "updatedAt": "2020-02-03T23:17:50.892Z", "width": 640, "height": 480}, {"id": "22c78501-a8de-4ee1-99ad-93aa73a4c3c9", "url": "https://megapx-assets.dcard.tw/images/37c49c71-207d-442e-a63d-361578b9475d/1280.jpeg", "normalizedUrl": "https://megapx.dcard.tw/v1/images/37c49c71-207d-442e-a63d-361578b9475d", "thumbnail": "https://megapx-assets.dcard.tw/images/37c49c71-207d-442e-a63d-361578b9475d/640.jpeg", "type": "image/megapx", "tags": ["ANNOTATED"], "createdAt": "2020-02-03T23:17:36.334Z", "updatedAt": "2020-02-03T23:17:50.892Z", "width": 2000, "height": 1500}, {"id": "ff771810-6669-4caf-8f2c-762f4b537b18", "url": "https://megapx-assets.dcard.tw/images/1b69362f-09ef-4d9a-b6f0-32522244ff3d/1280.jpeg", "normalizedUrl": "https://megapx.dcard.tw/v1/images/1b69362f-09ef-4d9a-b6f0-32522244ff3d", "thumbnail": "https://megapx-assets.dcard.tw/images/1b69362f-09ef-4d9a-b6f0-32522244ff3d/640.jpeg", "type": "image/megapx", "tags": ["ANNOTATED"], "createdAt": "2020-02-03T23:17:36.334Z", "updatedAt": "2020-02-03T23:17:50.892Z", "width": 2000, "height": 1500}, {"id": "697cafe0-d507-4b85-afab-66d2ddc7600f", "url": "https://megapx-assets.dcard.tw/images/bae6047e-07d5-4bd4-918e-4eef819f55a9/1280.jpeg", "normalizedUrl": "https://megapx.dcard.tw/v1/images/bae6047e-07d5-4bd4-918e-4eef819f55a9", "thumbnail": "https://megapx-assets.dcard.tw/images/bae6047e-07d5-4bd4-918e-4eef819f55a9/640.jpeg", "type": "image/megapx", "tags": ["ANNOTATED"], "createdAt": "2020-02-03T23:17:36.334Z", "updatedAt": "2020-02-03T23:17:50.892Z", "width": 2000, "height": 1250}, {"id": "7410070e-abec-4ae0-bffb-3dc35280e69c", "url": "https://megapx-assets.dcard.tw/images/e4e6dd64-bc79-4d6c-bc04-7b1268732c44/1280.jpeg", "normalizedUrl": "https://megapx.dcard.tw/v1/images/e4e6dd64-bc79-4d6c-bc04-7b1268732c44", "thumbnail": "https://megapx-assets.dcard.tw/images/e4e6dd64-bc79-4d6c-bc04-7b1268732c44/640.jpeg", "type": "image/megapx", "tags": ["ANNOTATED"], "createdAt": "2020-02-03T23:17:36.334Z", "updatedAt": "2020-02-03T23:17:50.892Z", "width": 2000, "height": 1250}], "reactions": [{"id": "286f599c-f86a-4932-82f0-f5a06f1eca03", "count": 1}], "hidden": false, "customStyle": null, "isSuspiciousAccount": false, "layout": "classic", "withImages": true, "withVideos": false, "media": [{"url": "https://megapx-assets.dcard.tw/images/37c49c71-207d-442e-a63d-361578b9475d/1280.jpeg"}, {"url": "https://megapx-assets.dcard.tw/images/1b69362f-09ef-4d9a-b6f0-32522244ff3d/1280.jpeg"}, {"url": "https://megapx-assets.dcard.tw/images/bae6047e-07d5-4bd4-918e-4eef819f55a9/1280.jpeg"}, {"url": "https://megapx-assets.dcard.tw/images/e4e6dd64-bc79-4d6c-bc04-7b1268732c44/1280.jpeg"}], "reportReasonText": "", "postAvatar": ""}]