[{"id": 225578807, "title": "<請先點我> 工作板＆實習、打工職缺刊登說明", "excerpt": "工作板主要供分享職場工作心得、面試、正職、招考過程分享、各類型工作內容介紹、勞工工作權益與相關法案議題討論相關文章。文章發文後請加上話題，如：經驗分享、職業介紹、勞工權益、徵才等....，「實習職缺/刊登」請點：", "anonymousSchool": false, "anonymousDepartment": true, "pinned": true, "forumId": "6eeeafb2-9dac-4d81-ae4b-ffecf0ad4444", "replyId": null, "createdAt": "2017-01-01T06:27:39.650Z", "updatedAt": "2018-07-27T00:18:35.980Z", "commentCount": 34, "likeCount": 670, "withNickname": true, "tags": [], "topics": ["工作板", "Dcard公告", "實習職缺", "打工職缺"], "meta": {}, "forumName": "工作", "forumAlias": "job", "gender": "D", "school": "客服小天使", "department": "dcard_support_2", "replyTitle": null, "mediaMeta": [], "reactions": [{"id": "286f599c-f86a-4932-82f0-f5a06f1eca03", "count": 667}, {"id": "e8e6bc5d-41b0-4129-b134-97507523d7ff", "count": 2}, {"id": "aa0d425f-d530-4478-9a77-fe3aedc79eea", "count": 1}], "hidden": false, "customStyle": null, "isSuspiciousAccount": false, "layout": "classic", "withImages": false, "withVideos": false, "media": [], "reportReasonText": "", "postAvatar": ""}, {"id": 233003699, "title": "全x店長要求口罩不要上架", "excerpt": "大家應該都有看到2/1晚上口罩會進貨的消息，此時我們的店長貼出一張進貨的明細，會進什麼品項、幾包等等······，但是後來他緊接著說，：兒童口罩「全都」不要上架，我要買的，，進貨直接收進去放店長桌，請", "anonymousSchool": true, "anonymousDepartment": true, "pinned": false, "forumId": "6eeeafb2-9dac-4d81-ae4b-ffecf0ad4444", "replyId": null, "createdAt": "2020-02-02T15:35:43.006Z", "updatedAt": "2020-02-02T15:35:43.006Z", "commentCount": 36, "likeCount": 618, "withNickname": false, "tags": ["HIDE_THUMBNAIL"], "topics": ["口罩", "店長"], "meta": {"layout": "classic"}, "forumName": "工作", "forumAlias": "job", "gender": "F", "replyTitle": null, "mediaMeta": [], "reactions": [{"id": "286f599c-f86a-4932-82f0-f5a06f1eca03", "count": 559}, {"id": "aa0d425f-d530-4478-9a77-fe3aedc79eea", "count": 54}, {"id": "514c2569-fd53-4d9d-a415-bf0f88e7329f", "count": 3}, {"id": "4b018f48-e184-445f-adf1-fc8e04ba09b9", "count": 1}, {"id": "e8e6bc5d-41b0-4129-b134-97507523d7ff", "count": 1}], "hidden": false, "customStyle": null, "isSuspiciousAccount": false, "layout": "classic", "withImages": false, "withVideos": false, "media": [], "reportReasonText": "", "postAvatar": ""}, {"id": 233009049, "title": "月薪13萬與9萬的工作選擇", "excerpt": "小弟我最近碩士畢業剛服完兵役的新鮮人，準備要投入職場中，前前後後面試了十幾間公司，從小公司到大公司，目前有興趣的是兩間在台的外商公司，在業界都是有名的大公司，且都已經確定拿到offer了，待遇跟休假都", "anonymousSchool": false, "anonymousDepartment": true, "pinned": false, "forumId": "6eeeafb2-9dac-4d81-ae4b-ffecf0ad4444", "replyId": null, "createdAt": "2020-02-03T12:40:16.837Z", "updatedAt": "2020-02-03T12:42:48.896Z", "commentCount": 26, "likeCount": 65, "withNickname": false, "tags": [], "topics": ["工作", "求職", "薪資"], "meta": {"layout": "classic"}, "forumName": "工作", "forumAlias": "job", "gender": "M", "school": "逢甲大學", "replyTitle": null, "mediaMeta": [], "reactions": [{"id": "286f599c-f86a-4932-82f0-f5a06f1eca03", "count": 63}, {"id": "4b018f48-e184-445f-adf1-fc8e04ba09b9", "count": 2}], "hidden": false, "customStyle": null, "isSuspiciousAccount": false, "layout": "classic", "withImages": false, "withVideos": false, "media": [], "reportReasonText": "", "postAvatar": ""}, {"id": 233005266, "title": "只要是學商的都一定會接觸到的的幾件事(一) 商業模式", "excerpt": "古有天橋下說書的，現在就有我在D卡上談商的，跟幾個來自不同產業的人成為同事之後，發現不管是在哪個行業中，我們常常都缺乏很多幫助或是資源，所以開始試著分享在工作/生活上/教室中 學到的知識，並且試著用跟", "anonymousSchool": true, "anonymousDepartment": true, "pinned": false, "forumId": "6eeeafb2-9dac-4d81-ae4b-ffecf0ad4444", "replyId": null, "createdAt": "2020-02-02T23:22:56.691Z", "updatedAt": "2020-02-02T23:22:56.691Z", "commentCount": 1, "likeCount": 27, "withNickname": false, "tags": [], "topics": ["商業模式", "工作", "創業", "聚會"], "meta": {"layout": "classic"}, "forumName": "工作", "forumAlias": "job", "gender": "M", "replyTitle": null, "mediaMeta": [{"id": "75668a60-32db-47d6-88af-443e196e3c69", "url": "https://i.imgur.com/YobY2wNl.jpg", "normalizedUrl": "https://i.imgur.com/YobY2wNl.jpg", "thumbnail": "https://i.imgur.com/YobY2wNl.jpg", "type": "image/thumbnail", "tags": ["ANNOTATED"], "createdAt": "2020-02-02T23:22:56.691Z", "updatedAt": "2020-02-02T23:22:56.691Z"}, {"id": "75668a60-32db-47d6-88af-443e196e3c69", "url": "http://i.imgur.com/YobY2wN.jpg", "normalizedUrl": "https://imgur.com/YobY2wN", "thumbnail": "https://i.imgur.com/YobY2wNl.jpg", "type": "image/imgur", "tags": ["ANNOTATED"], "createdAt": "2020-02-02T23:22:56.691Z", "updatedAt": "2020-02-02T23:22:56.691Z"}, {"id": "112d5797-912f-47fd-864b-2c37daadba72", "url": "http://i.imgur.com/bnVV7YS.jpg", "normalizedUrl": "https://imgur.com/bnVV7YS", "thumbnail": "https://i.imgur.com/bnVV7YSl.jpg", "type": "image/imgur", "tags": ["ANNOTATED"], "createdAt": "2020-02-02T23:22:56.691Z", "updatedAt": "2020-02-02T23:22:56.691Z"}], "reactions": [{"id": "286f599c-f86a-4932-82f0-f5a06f1eca03", "count": 27}], "hidden": false, "customStyle": null, "isSuspiciousAccount": false, "layout": "classic", "withImages": true, "withVideos": false, "media": [{"url": "http://i.imgur.com/YobY2wN.jpg"}, {"url": "http://i.imgur.com/bnVV7YS.jpg"}], "reportReasonText": "", "postAvatar": ""}, {"id": 233006342, "title": "高鐵站務 缺🚅", "excerpt": "如標題！，這次很快今年初又開缺額出來，繼上次開缺是去年11月，12月初複試，今年1月報到受訓！，今年01/30晚上又釋放職缺到現在還沒關。想問大家往年有收到筆試通知的學長姐104的履歷除了自傳以外，其", "anonymousSchool": false, "anonymousDepartment": true, "pinned": false, "forumId": "6eeeafb2-9dac-4d81-ae4b-ffecf0ad4444", "replyId": null, "createdAt": "2020-02-03T05:25:53.443Z", "updatedAt": "2020-02-03T07:06:36.257Z", "commentCount": 14, "likeCount": 21, "withNickname": false, "tags": ["HIDE_THUMBNAIL"], "topics": ["高鐵站", "工作", "工作經驗", "面試", "面試心得"], "meta": {"layout": "classic"}, "forumName": "工作", "forumAlias": "job", "gender": "M", "school": "國立高雄餐旅大學", "replyTitle": null, "mediaMeta": [], "reactions": [{"id": "286f599c-f86a-4932-82f0-f5a06f1eca03", "count": 20}, {"id": "e8e6bc5d-41b0-4129-b134-97507523d7ff", "count": 1}], "hidden": false, "customStyle": null, "isSuspiciousAccount": false, "layout": "classic", "withImages": false, "withVideos": false, "media": [], "reportReasonText": "", "postAvatar": ""}, {"id": 233006899, "title": "#問 航空地勤與高鐵站務選擇", "excerpt": "小妹目前任職於國籍航空地勤，最近台灣高鐵開了站務員的職缺，已經先投遞了履歷 等待回覆中，有稍微了解一下高鐵站務的薪資，確實不比地勤 但也是過得去的，想轉換工作有以下兩點考量：1. 雖然高鐵站務也有輪班", "anonymousSchool": true, "anonymousDepartment": true, "pinned": false, "forumId": "6eeeafb2-9dac-4d81-ae4b-ffecf0ad4444", "replyId": null, "createdAt": "2020-02-03T07:30:18.052Z", "updatedAt": "2020-02-03T07:30:18.052Z", "commentCount": 8, "likeCount": 16, "withNickname": false, "tags": ["HIDE_THUMBNAIL"], "topics": ["航空", "航空業", "高鐵站務", "高鐵面試", "地勤"], "meta": {"layout": "classic"}, "forumName": "工作", "forumAlias": "job", "gender": "F", "replyTitle": null, "mediaMeta": [], "reactions": [{"id": "286f599c-f86a-4932-82f0-f5a06f1eca03", "count": 15}, {"id": "4b018f48-e184-445f-adf1-fc8e04ba09b9", "count": 1}], "hidden": false, "customStyle": null, "isSuspiciousAccount": false, "layout": "classic", "withImages": false, "withVideos": false, "media": [], "reportReasonText": "", "postAvatar": ""}, {"id": 233004261, "title": "火大！人資很喜歡問一些笨問題", "excerpt": "最近面試遇到人資小姐硬要我回答的笨問題，1.高中那所學校？〈心想：有大學畢業學歷了，高中那所學校不重要吧〉2.兵役做甚麼？〈心想：我兵役做的事又不可能和應徵的工作有關〉3.要有2年相關經驗，給薪260", "anonymousSchool": false, "anonymousDepartment": true, "pinned": false, "forumId": "6eeeafb2-9dac-4d81-ae4b-ffecf0ad4444", "replyId": null, "createdAt": "2020-02-02T16:52:47.910Z", "updatedAt": "2020-02-02T16:52:47.910Z", "commentCount": 12, "likeCount": 12, "withNickname": false, "tags": [], "topics": ["工作", "求職", "面試", "人資"], "meta": {"layout": "classic"}, "forumName": "工作", "forumAlias": "job", "gender": "M", "school": "國立宜蘭大學", "replyTitle": null, "mediaMeta": [], "reactions": [{"id": "286f599c-f86a-4932-82f0-f5a06f1eca03", "count": 12}], "hidden": false, "customStyle": null, "isSuspiciousAccount": false, "layout": "classic", "withImages": false, "withVideos": false, "media": [], "reportReasonText": "", "postAvatar": ""}, {"id": 233008572, "title": "半年補習班老師辛酸史", "excerpt": "第一次發文，有任何需要改進的地方可以跟我說🥺，也踏入職場半年了，剛畢業時因為自己不會騎車或開車，所以只能捨棄自己的專業，投入一個可以在定點工作，並且「期望」準時上下班。誤打誤撞就進了某海線的補習班（", "anonymousSchool": true, "anonymousDepartment": true, "pinned": false, "forumId": "6eeeafb2-9dac-4d81-ae4b-ffecf0ad4444", "replyId": null, "createdAt": "2020-02-03T11:19:43.232Z", "updatedAt": "2020-02-03T11:24:44.259Z", "commentCount": 3, "likeCount": 7, "withNickname": false, "tags": [], "topics": ["老師", "辛酸", "補習班", "工作", "求職"], "meta": {"layout": "classic"}, "forumName": "工作", "forumAlias": "job", "gender": "F", "replyTitle": null, "mediaMeta": [{"id": "39fe8ee5-53b9-499a-a87d-883558b3a3d3", "url": "https://i.imgur.com/ig7ypbsl.jpg", "normalizedUrl": "https://i.imgur.com/ig7ypbsl.jpg", "thumbnail": "https://i.imgur.com/ig7ypbsl.jpg", "type": "image/thumbnail", "tags": ["ANNOTATED"], "createdAt": "2020-02-03T11:19:43.232Z", "updatedAt": "2020-02-03T11:24:44.259Z"}, {"id": "39fe8ee5-53b9-499a-a87d-883558b3a3d3", "url": "https://i.imgur.com/ig7ypbs.jpg", "normalizedUrl": "https://imgur.com/ig7ypbs", "thumbnail": "https://i.imgur.com/ig7ypbsl.jpg", "type": "image/imgur", "tags": ["ANNOTATED"], "createdAt": "2020-02-03T11:19:43.232Z", "updatedAt": "2020-02-03T11:24:44.259Z"}], "reactions": [{"id": "286f599c-f86a-4932-82f0-f5a06f1eca03", "count": 7}], "hidden": false, "customStyle": null, "isSuspiciousAccount": false, "layout": "classic", "withImages": true, "withVideos": false, "media": [{"url": "https://i.imgur.com/ig7ypbs.jpg"}], "reportReasonText": "", "postAvatar": ""}, {"id": 233007757, "title": "波波黛莉工讀生？", "excerpt": "不好意思大家～因為看到波波黛莉好像在工作版上蠻黑的，所以想問問有沒有人可以給我意見QQ，我一個月以前投工讀生履歷，因為過了很久想說要放棄，結果剛剛突然打給我邀我去面試⋯⋯，但很奇怪的是他們的工讀生從半", "anonymousSchool": true, "anonymousDepartment": true, "pinned": false, "forumId": "6eeeafb2-9dac-4d81-ae4b-ffecf0ad4444", "replyId": null, "createdAt": "2020-02-03T09:28:40.231Z", "updatedAt": "2020-02-03T16:54:18.284Z", "commentCount": 1, "likeCount": 6, "withNickname": false, "tags": ["HIDE_THUMBNAIL"], "topics": ["工讀生", "波波", "黛莉", "招募", "工作"], "meta": {"layout": "classic"}, "forumName": "工作", "forumAlias": "job", "gender": "F", "replyTitle": null, "mediaMeta": [], "reactions": [{"id": "286f599c-f86a-4932-82f0-f5a06f1eca03", "count": 6}], "hidden": false, "customStyle": null, "isSuspiciousAccount": false, "layout": "classic", "withImages": false, "withVideos": false, "media": [], "reportReasonText": "", "postAvatar": ""}, {"id": 233006694, "title": "#問 錄取了卻被放鳥", "excerpt": "如題，我在過年前面試了一間連鎖服飾店，也很順利的在三天後接到錄取電話，他告訴我要先辭掉我本來的假日工讀才能幫我排班，於是我立馬辭掉我本來的工作，半小時內回覆他電話，後來他跟我說我應徵的門市已經招滿人了", "anonymousSchool": true, "anonymousDepartment": true, "pinned": false, "forumId": "6eeeafb2-9dac-4d81-ae4b-ffecf0ad4444", "replyId": null, "createdAt": "2020-02-03T06:43:46.482Z", "updatedAt": "2020-02-03T07:20:00.521Z", "commentCount": 1, "likeCount": 6, "withNickname": false, "tags": [], "topics": ["工作", "求職", "面試", "工作經驗", "面試經驗"], "meta": {"layout": "classic"}, "forumName": "工作", "forumAlias": "job", "gender": "F", "replyTitle": null, "mediaMeta": [], "reactions": [{"id": "286f599c-f86a-4932-82f0-f5a06f1eca03", "count": 6}], "hidden": false, "customStyle": null, "isSuspiciousAccount": false, "layout": "classic", "withImages": false, "withVideos": false, "media": [], "reportReasonText": "", "postAvatar": ""}, {"id": 233003895, "title": "林皇宮面試", "excerpt": "求各位帥哥美女分享，面試需要注意或準備什麼嗎！，服裝有規定嗎！，履歷表準備簡易的履歷就可以嗎！，從沒在餐飲業生存過的女子需幫助", "anonymousSchool": true, "anonymousDepartment": true, "pinned": false, "forumId": "6eeeafb2-9dac-4d81-ae4b-ffecf0ad4444", "replyId": null, "createdAt": "2020-02-02T16:03:36.869Z", "updatedAt": "2020-02-02T16:04:47.706Z", "commentCount": 19, "likeCount": 6, "withNickname": false, "tags": ["HIDE_THUMBNAIL"], "topics": ["面試", "工作", "求職"], "meta": {"layout": "classic"}, "forumName": "工作", "forumAlias": "job", "gender": "F", "replyTitle": null, "mediaMeta": [], "reactions": [{"id": "286f599c-f86a-4932-82f0-f5a06f1eca03", "count": 6}], "hidden": false, "customStyle": null, "isSuspiciousAccount": false, "layout": "classic", "withImages": false, "withVideos": false, "media": [], "reportReasonText": "", "postAvatar": ""}, {"id": 233009800, "title": "銀行客服轉職的問題", "excerpt": "一月剛服完役，就拿到某銀行客服的offer，也答應要去了，由於非財經系，證照來不及考，所以只能被分配到客服（新鮮人培訓），目前有在準備證照跟金融基測，公股銀行考試，目前期限是給自己一年時間，希望能一邊", "anonymousSchool": false, "anonymousDepartment": true, "pinned": false, "forumId": "6eeeafb2-9dac-4d81-ae4b-ffecf0ad4444", "replyId": null, "createdAt": "2020-02-03T14:22:14.059Z", "updatedAt": "2020-02-03T14:59:40.444Z", "commentCount": 5, "likeCount": 5, "withNickname": false, "tags": [], "topics": ["工作", "求職"], "meta": {"layout": "classic"}, "forumName": "工作", "forumAlias": "job", "gender": "M", "school": "國立東華大學", "replyTitle": null, "mediaMeta": [], "reactions": [{"id": "286f599c-f86a-4932-82f0-f5a06f1eca03", "count": 5}], "hidden": false, "customStyle": null, "isSuspiciousAccount": false, "layout": "classic", "withImages": false, "withVideos": false, "media": [], "reportReasonText": "", "postAvatar": ""}, {"id": 233006663, "title": "#徵才 Yogibo懶骨頭 門市儲備幹部(北/中)", "excerpt": "Yogibo是來自美國的懶骨頭專家，是全新的居家生活體驗！，目前正在全台積極設櫃當中！，真心期待最熱情的你加入團隊！，【徵求條件】大學畢業者，對懶骨頭非常喜愛、熱情有親和力佳優先錄取，【薪資待遇】28", "anonymousSchool": false, "anonymousDepartment": true, "pinned": false, "forumId": "6eeeafb2-9dac-4d81-ae4b-ffecf0ad4444", "replyId": null, "createdAt": "2020-02-03T06:37:43.031Z", "updatedAt": "2020-02-03T06:37:43.031Z", "commentCount": 0, "likeCount": 5, "withNickname": true, "tags": [], "topics": ["工作", "徵才", "求職", "面試", "工作經驗"], "meta": {"layout": "classic"}, "forumName": "工作", "forumAlias": "job", "gender": "F", "school": "Yogibo懶骨頭👍", "department": "yogibo", "replyTitle": null, "mediaMeta": [{"id": "d832ace4-54ff-46ba-81dc-158e73c31adc", "url": "https://i.imgur.com/iRlU4nsl.jpg", "normalizedUrl": "https://i.imgur.com/iRlU4nsl.jpg", "thumbnail": "https://i.imgur.com/iRlU4nsl.jpg", "type": "image/thumbnail", "tags": ["ANNOTATED"], "createdAt": "2020-02-03T06:37:43.031Z", "updatedAt": "2020-02-03T06:37:43.031Z"}, {"id": "d832ace4-54ff-46ba-81dc-158e73c31adc", "url": "http://i.imgur.com/iRlU4ns.jpg", "normalizedUrl": "https://imgur.com/iRlU4ns", "thumbnail": "https://i.imgur.com/iRlU4nsl.jpg", "type": "image/imgur", "tags": ["ANNOTATED"], "createdAt": "2020-02-03T06:37:43.031Z", "updatedAt": "2020-02-03T06:37:43.031Z"}, {"id": "9618ef5f-735b-4a95-ab0b-2269bb1c7106", "url": "http://i.imgur.com/LQ0MiXM.jpg", "normalizedUrl": "https://imgur.com/LQ0MiXM", "thumbnail": "https://i.imgur.com/LQ0MiXMl.jpg", "type": "image/imgur", "tags": ["ANNOTATED"], "createdAt": "2020-02-03T06:37:43.031Z", "updatedAt": "2020-02-03T06:37:43.031Z"}, {"id": "5b2b06e0-05d1-442b-a8fd-ed3d472429e8", "url": "http://i.imgur.com/rzxPYBW.jpg", "normalizedUrl": "https://imgur.com/rzxPYBW", "thumbnail": "https://i.imgur.com/rzxPYBWl.jpg", "type": "image/imgur", "tags": ["ANNOTATED"], "createdAt": "2020-02-03T06:37:43.031Z", "updatedAt": "2020-02-03T06:37:43.031Z"}], "reactions": [{"id": "286f599c-f86a-4932-82f0-f5a06f1eca03", "count": 5}], "hidden": false, "customStyle": null, "isSuspiciousAccount": false, "layout": "classic", "withImages": true, "withVideos": false, "media": [{"url": "http://i.imgur.com/iRlU4ns.jpg"}, {"url": "http://i.imgur.com/LQ0MiXM.jpg"}, {"url": "http://i.imgur.com/rzxPYBW.jpg"}], "reportReasonText": "", "postAvatar": ""}, {"id": 233006467, "title": "工作心態如何調適?", "excerpt": "認真覺得自己是一個很矛盾的人，套句之前被別人說的 眼高手低，一開始我不這麼認為 但後來慢慢覺得是不是真的是自己的問題，我原本待的舊公司 月薪大約三字頭，工作內容基本上就是今日事今日畢（極限大概隔天要處", "anonymousSchool": true, "anonymousDepartment": true, "pinned": false, "forumId": "6eeeafb2-9dac-4d81-ae4b-ffecf0ad4444", "replyId": null, "createdAt": "2020-02-03T05:53:09.847Z", "updatedAt": "2020-02-03T05:53:09.847Z", "commentCount": 5, "likeCount": 5, "withNickname": false, "tags": [], "topics": ["工作", "心態"], "meta": {"layout": "classic"}, "forumName": "工作", "forumAlias": "job", "gender": "M", "replyTitle": null, "mediaMeta": [], "reactions": [{"id": "286f599c-f86a-4932-82f0-f5a06f1eca03", "count": 5}], "hidden": false, "customStyle": null, "isSuspiciousAccount": false, "layout": "classic", "withImages": false, "withVideos": false, "media": [], "reportReasonText": "", "postAvatar": ""}, {"id": 233004983, "title": "台積電設備新鮮人", "excerpt": "各位前輩好，小弟最近錄取台積EE，但深怕自己入職後會跟不上，想利用畢業前的時間補足，想請問GG設備著重哪些先備知識呢？（ex. 電子學、電路學、半導體製程等），小弟最主要擔心是否會用到很多電子學，雖然", "anonymousSchool": false, "anonymousDepartment": true, "pinned": false, "forumId": "6eeeafb2-9dac-4d81-ae4b-ffecf0ad4444", "replyId": null, "createdAt": "2020-02-02T19:18:12.770Z", "updatedAt": "2020-02-02T19:22:22.785Z", "commentCount": 20, "likeCount": 5, "withNickname": false, "tags": [], "topics": ["台積", "設備", "新鮮人", "工作能力"], "meta": {"layout": "classic"}, "forumName": "工作", "forumAlias": "job", "gender": "M", "school": "國立臺灣海洋大學", "replyTitle": null, "mediaMeta": [], "reactions": [{"id": "286f599c-f86a-4932-82f0-f5a06f1eca03", "count": 5}], "hidden": false, "customStyle": null, "isSuspiciousAccount": false, "layout": "classic", "withImages": false, "withVideos": false, "media": [], "reportReasonText": "", "postAvatar": ""}, {"id": 233003741, "title": "補習班電訪工讀生#純心得分享", "excerpt": "小弟這份打工做了大概一個禮拜，果斷離職...，以下是自己的心得分享~也沒其他意思單純分享經驗，寒假的時候應徵了 某X 補習班工讀人員（當初沒特別標是電訪工讀，去了才知道。雖然早有意識...沒打過電話，", "anonymousSchool": false, "anonymousDepartment": true, "pinned": false, "forumId": "6eeeafb2-9dac-4d81-ae4b-ffecf0ad4444", "replyId": null, "createdAt": "2020-02-02T15:42:41.896Z", "updatedAt": "2020-02-02T15:42:41.896Z", "commentCount": 7, "likeCount": 5, "withNickname": true, "tags": [], "topics": ["工讀生", "電訪", "補習班", "離職", "工作經驗"], "meta": {"layout": "classic"}, "forumName": "工作", "forumAlias": "job", "gender": "M", "school": "YoYo", "department": "yoyoman_945", "replyTitle": null, "mediaMeta": [], "reactions": [{"id": "286f599c-f86a-4932-82f0-f5a06f1eca03", "count": 5}], "hidden": false, "customStyle": null, "isSuspiciousAccount": false, "layout": "classic", "withImages": false, "withVideos": false, "media": [], "reportReasonText": "", "postAvatar": ""}, {"id": 233006922, "title": "盟創offer", "excerpt": "小弟直升研所畢業，剛剛拿到盟創offer，職務是軟韌體工程師，底薪N+1，保14，請問我該直接答應嗎？還是要再找？第一次拿到offer有點興奮~，再請各位前輩給建議~，感謝~~~~", "anonymousSchool": false, "anonymousDepartment": true, "pinned": false, "forumId": "6eeeafb2-9dac-4d81-ae4b-ffecf0ad4444", "replyId": null, "createdAt": "2020-02-03T07:33:13.157Z", "updatedAt": "2020-02-03T07:34:02.495Z", "commentCount": 2, "likeCount": 4, "withNickname": false, "tags": [], "topics": ["竹科", "Offer請益", "工作"], "meta": {"layout": "classic"}, "forumName": "工作", "forumAlias": "job", "gender": "M", "school": "國立雲林科技大學", "replyTitle": null, "mediaMeta": [], "reactions": [{"id": "286f599c-f86a-4932-82f0-f5a06f1eca03", "count": 4}], "hidden": false, "customStyle": null, "isSuspiciousAccount": false, "layout": "classic", "withImages": false, "withVideos": false, "media": [], "reportReasonText": "", "postAvatar": ""}, {"id": 233005803, "title": "請問失業者都去哪?", "excerpt": "從事的工作是協助失業者參加政府的補助的培訓課，公告後都找不到對的人．也有主動出擊，像去年不是有公司裁員1500人，打給總機卻要我發信過去再轉給相關人員，二週後石沉大海．再度打去好不容易聯繫人資，卻回覆", "anonymousSchool": true, "anonymousDepartment": true, "pinned": false, "forumId": "6eeeafb2-9dac-4d81-ae4b-ffecf0ad4444", "replyId": null, "createdAt": "2020-02-03T03:19:38.192Z", "updatedAt": "2020-02-03T03:19:38.192Z", "commentCount": 5, "likeCount": 4, "withNickname": false, "tags": [], "topics": ["失業", "人工智慧", "職訓", "AI", "離職"], "meta": {"layout": "classic"}, "forumName": "工作", "forumAlias": "job", "gender": "M", "replyTitle": null, "mediaMeta": [{"id": "529ef9c7-bd41-401e-9874-14cdfbb67b39", "url": "https://i.imgur.com/wLMOEaql.jpg", "normalizedUrl": "https://i.imgur.com/wLMOEaql.jpg", "thumbnail": "https://i.imgur.com/wLMOEaql.jpg", "type": "image/thumbnail", "tags": ["ANNOTATED"], "createdAt": "2020-02-03T03:19:38.192Z", "updatedAt": "2020-02-03T03:19:38.192Z"}, {"id": "529ef9c7-bd41-401e-9874-14cdfbb67b39", "url": "http://i.imgur.com/wLMOEaq.jpg", "normalizedUrl": "https://imgur.com/wLMOEaq", "thumbnail": "https://i.imgur.com/wLMOEaql.jpg", "type": "image/imgur", "tags": ["ANNOTATED"], "createdAt": "2020-02-03T03:19:38.192Z", "updatedAt": "2020-02-03T03:19:38.192Z"}], "reactions": [{"id": "286f599c-f86a-4932-82f0-f5a06f1eca03", "count": 4}], "hidden": false, "customStyle": null, "isSuspiciousAccount": false, "layout": "classic", "withImages": true, "withVideos": false, "media": [{"url": "http://i.imgur.com/wLMOEaq.jpg"}], "reportReasonText": "", "postAvatar": ""}, {"id": 233005570, "title": "#問 2020/02/01 鼎泰豐市政府擴大徵才", "excerpt": "想知道大家接到電話通知了沒？好緊張啊..感覺競爭很激烈...", "anonymousSchool": true, "anonymousDepartment": true, "pinned": false, "forumId": "6eeeafb2-9dac-4d81-ae4b-ffecf0ad4444", "replyId": null, "createdAt": "2020-02-03T02:17:49.046Z", "updatedAt": "2020-02-04T01:53:51.629Z", "commentCount": 14, "likeCount": 4, "withNickname": false, "tags": [], "topics": ["鼎泰豐", "求職", "徵才", "面試", "招募"], "meta": {"layout": "classic"}, "forumName": "工作", "forumAlias": "job", "gender": "F", "replyTitle": null, "mediaMeta": [], "reactions": [{"id": "286f599c-f86a-4932-82f0-f5a06f1eca03", "count": 4}], "hidden": false, "customStyle": null, "isSuspiciousAccount": false, "layout": "classic", "withImages": false, "withVideos": false, "media": [], "reportReasonText": "", "postAvatar": ""}, {"id": 233011324, "title": "#米X集團 #三節禮", "excerpt": "目前在米X集團下的義式餐廳當外場PT～從中秋後入職大概也半年那麼久了，想問一下有沒有人拿過三節禮金（券），聽店長說三節是春節 端午 中秋和外加的生日禮，但我中秋進來到現在只遇到春節，（入職滿三個月才有", "anonymousSchool": true, "anonymousDepartment": true, "pinned": false, "forumId": "6eeeafb2-9dac-4d81-ae4b-ffecf0ad4444", "replyId": null, "createdAt": "2020-02-03T17:24:39.873Z", "updatedAt": "2020-02-03T17:24:39.873Z", "commentCount": 1, "likeCount": 3, "withNickname": false, "tags": ["HIDE_THUMBNAIL"], "topics": ["工作", "餐飲業", "兼職", "福利"], "meta": {"layout": "classic"}, "forumName": "工作", "forumAlias": "job", "gender": "F", "replyTitle": null, "mediaMeta": [], "reactions": [{"id": "286f599c-f86a-4932-82f0-f5a06f1eca03", "count": 3}], "hidden": false, "customStyle": null, "isSuspiciousAccount": false, "layout": "classic", "withImages": false, "withVideos": false, "media": [], "reportReasonText": "", "postAvatar": ""}, {"id": 233008782, "title": "旅行業求職台中", "excerpt": "請問一下小弟前兩天在各大求職網上，投遞各大旅行社業務的職位，都已讀但都沒回訊？是因為這次病毒影響旅行業的關係嗎？想請在旅行社上班的哥哥姊姊們，幫小弟解惑。謝謝", "anonymousSchool": true, "anonymousDepartment": true, "pinned": false, "forumId": "6eeeafb2-9dac-4d81-ae4b-ffecf0ad4444", "replyId": null, "createdAt": "2020-02-03T11:56:28.402Z", "updatedAt": "2020-02-03T11:57:57.958Z", "commentCount": 1, "likeCount": 3, "withNickname": false, "tags": ["HIDE_THUMBNAIL"], "topics": ["旅行", "求職", "工作"], "meta": {"layout": "classic"}, "forumName": "工作", "forumAlias": "job", "gender": "M", "replyTitle": null, "mediaMeta": [], "reactions": [{"id": "286f599c-f86a-4932-82f0-f5a06f1eca03", "count": 3}], "hidden": false, "customStyle": null, "isSuspiciousAccount": false, "layout": "classic", "withImages": false, "withVideos": false, "media": [], "reportReasonText": "", "postAvatar": ""}, {"id": 233008662, "title": "#問 7-11收銀操作", "excerpt": "這次寒假在7-11做短期工讀，原本只做打雜的（拉排面、補貨、自助區等等），然後現在老闆娘要求我站櫃檯，雖然他們會教我 但我還是記不太起來，宅配、禮券、加值等等 這種的我不熟，如果純粹做筆記 也來不及寫", "anonymousSchool": true, "anonymousDepartment": true, "pinned": false, "forumId": "6eeeafb2-9dac-4d81-ae4b-ffecf0ad4444", "replyId": null, "createdAt": "2020-02-03T11:36:18.633Z", "updatedAt": "2020-02-03T11:36:18.633Z", "commentCount": 4, "likeCount": 3, "withNickname": false, "tags": ["HIDE_THUMBNAIL"], "topics": ["超商", "收銀", "工作"], "meta": {"layout": "classic"}, "forumName": "工作", "forumAlias": "job", "gender": "F", "replyTitle": null, "mediaMeta": [], "reactions": [{"id": "286f599c-f86a-4932-82f0-f5a06f1eca03", "count": 3}], "hidden": false, "customStyle": null, "isSuspiciousAccount": false, "layout": "classic", "withImages": false, "withVideos": false, "media": [], "reportReasonText": "", "postAvatar": ""}, {"id": 233003793, "title": "MOMO paradise壽喜燒", "excerpt": "小弟最近在找工作 （外場正職），看到momo 的職缺好像不錯，想請問有人有在那邊工作過的嗎？心得如何？升遷制度？以下歡迎分享", "anonymousSchool": false, "anonymousDepartment": true, "pinned": false, "forumId": "6eeeafb2-9dac-4d81-ae4b-ffecf0ad4444", "replyId": null, "createdAt": "2020-02-02T15:48:24.055Z", "updatedAt": "2020-02-02T15:48:24.055Z", "commentCount": 0, "likeCount": 3, "withNickname": true, "tags": [], "topics": ["工作經驗", "求職", "工作", "薪資", "餐飲業"], "meta": {"layout": "classic"}, "forumName": "工作", "forumAlias": "job", "gender": "M", "school": "匿名", "department": "yu0215", "replyTitle": null, "mediaMeta": [], "reactions": [{"id": "286f599c-f86a-4932-82f0-f5a06f1eca03", "count": 3}], "hidden": false, "customStyle": null, "isSuspiciousAccount": false, "layout": "classic", "withImages": false, "withVideos": false, "media": [], "reportReasonText": "", "postAvatar": ""}, {"id": 233012658, "title": "當業助當到懷疑自己智商", "excerpt": "畢業前原本躊躇滿志的想說可以找個銀行磨磨自己的能力，更精進自己的專業。但自己能力實在不夠，進不去最想去的交易室，只好找了一個業助的位子先做。工作的每天都覺得自己在浪費時間。做的事情是完全不用思考能力只", "anonymousSchool": true, "anonymousDepartment": true, "pinned": false, "forumId": "6eeeafb2-9dac-4d81-ae4b-ffecf0ad4444", "replyId": null, "createdAt": "2020-02-04T03:08:20.184Z", "updatedAt": "2020-02-04T03:08:20.184Z", "commentCount": 0, "likeCount": 2, "withNickname": false, "tags": ["HIDE_THUMBNAIL"], "topics": ["工作", "求職", "智商"], "meta": {"layout": "classic"}, "forumName": "工作", "forumAlias": "job", "gender": "F", "replyTitle": null, "mediaMeta": [], "reactions": [{"id": "286f599c-f86a-4932-82f0-f5a06f1eca03", "count": 2}], "hidden": false, "customStyle": null, "isSuspiciousAccount": false, "layout": "classic", "withImages": false, "withVideos": false, "media": [], "reportReasonText": "", "postAvatar": ""}, {"id": 233012565, "title": "遇到以前霸凌我的同學", "excerpt": "在工作時遇到以前的高中同學，她沒有認出我，但我卻一直很在意，腦海中都是高中時的記憶，她雖然不是主要霸凌的人，當我被欺負時，她沒有出聲，但是我找她幫忙時，她卻拉著另一位同學走，對我視而不見，在工作時一直", "anonymousSchool": true, "anonymousDepartment": true, "pinned": false, "forumId": "6eeeafb2-9dac-4d81-ae4b-ffecf0ad4444", "replyId": null, "createdAt": "2020-02-04T02:51:09.143Z", "updatedAt": "2020-02-04T02:51:09.143Z", "commentCount": 1, "likeCount": 2, "withNickname": false, "tags": [], "topics": ["霸凌", "工作"], "meta": {"layout": "classic"}, "forumName": "工作", "forumAlias": "job", "gender": "F", "replyTitle": null, "mediaMeta": [{"id": "dcb0b561-d1ea-4329-8801-d7f42660292e", "url": "https://megapx-assets.dcard.tw/images/85434335-3439-4be8-9601-0821f4bbfabc/640.jpeg", "normalizedUrl": "https://megapx-assets.dcard.tw/images/85434335-3439-4be8-9601-0821f4bbfabc/640.jpeg", "thumbnail": "https://megapx-assets.dcard.tw/images/85434335-3439-4be8-9601-0821f4bbfabc/640.jpeg", "type": "image/thumbnail", "tags": [], "createdAt": "2020-02-04T02:51:09.143Z", "updatedAt": "2020-02-04T02:51:09.143Z", "width": 480, "height": 640}, {"id": "dcb0b561-d1ea-4329-8801-d7f42660292e", "url": "https://megapx-assets.dcard.tw/images/85434335-3439-4be8-9601-0821f4bbfabc/1280.jpeg", "normalizedUrl": "https://megapx.dcard.tw/v1/images/85434335-3439-4be8-9601-0821f4bbfabc", "thumbnail": "https://megapx-assets.dcard.tw/images/85434335-3439-4be8-9601-0821f4bbfabc/640.jpeg", "type": "image/megapx", "tags": [], "createdAt": "2020-02-04T02:51:09.143Z", "updatedAt": "2020-02-04T02:51:09.143Z", "width": 1500, "height": 2000}], "reactions": [{"id": "286f599c-f86a-4932-82f0-f5a06f1eca03", "count": 2}], "hidden": false, "customStyle": null, "isSuspiciousAccount": false, "layout": "classic", "withImages": true, "withVideos": false, "media": [{"url": "https://megapx-assets.dcard.tw/images/85434335-3439-4be8-9601-0821f4bbfabc/1280.jpeg"}], "reportReasonText": "", "postAvatar": ""}, {"id": 233012500, "title": "問#2/15補班", "excerpt": "2月才剛入職，這樣2/15一樣上班會算加班嗎？不知道有沒有人有一樣的問題，身為超級菜鳥也不敢問主管", "anonymousSchool": true, "anonymousDepartment": true, "pinned": false, "forumId": "6eeeafb2-9dac-4d81-ae4b-ffecf0ad4444", "replyId": null, "createdAt": "2020-02-04T02:37:00.625Z", "updatedAt": "2020-02-04T02:37:00.625Z", "commentCount": 3, "likeCount": 2, "withNickname": false, "tags": ["HIDE_THUMBNAIL"], "topics": ["工作", "補班日"], "meta": {"layout": "classic"}, "forumName": "工作", "forumAlias": "job", "gender": "F", "replyTitle": null, "mediaMeta": [], "reactions": [{"id": "286f599c-f86a-4932-82f0-f5a06f1eca03", "count": 2}], "hidden": false, "customStyle": null, "isSuspiciousAccount": false, "layout": "classic", "withImages": false, "withVideos": false, "media": [], "reportReasonText": "", "postAvatar": ""}, {"id": 233010293, "title": "還需要回撥電話嗎？", "excerpt": "最近在找工作，上週五有通面試的電話但是漏接了，因為那間公司是在接近下班的時間打的，等我看到的時候差不多過了下班時間，所以想說等這週再回撥電話，但我不知道是在想什麼，又幹了一件智障事，就是我把同樣職務的", "anonymousSchool": true, "anonymousDepartment": true, "pinned": false, "forumId": "6eeeafb2-9dac-4d81-ae4b-ffecf0ad4444", "replyId": null, "createdAt": "2020-02-03T15:22:48.195Z", "updatedAt": "2020-02-03T15:24:45.405Z", "commentCount": 3, "likeCount": 2, "withNickname": false, "tags": ["HIDE_THUMBNAIL"], "topics": ["工作", "面試"], "meta": {"layout": "classic"}, "forumName": "工作", "forumAlias": "job", "gender": "F", "replyTitle": null, "mediaMeta": [], "reactions": [{"id": "286f599c-f86a-4932-82f0-f5a06f1eca03", "count": 2}], "hidden": false, "customStyle": null, "isSuspiciousAccount": false, "layout": "classic", "withImages": false, "withVideos": false, "media": [], "reportReasonText": "", "postAvatar": ""}, {"id": 233010093, "title": "台積電幼兒園職缺", "excerpt": "最近看到台積電幼兒園中南部有釋出職缺，因為在網路上找不太到心得文，所以想要請問板上有沒有人在那裡上班或是有面試過，可以分享一下～感謝", "anonymousSchool": true, "anonymousDepartment": true, "pinned": false, "forumId": "6eeeafb2-9dac-4d81-ae4b-ffecf0ad4444", "replyId": null, "createdAt": "2020-02-03T14:59:19.099Z", "updatedAt": "2020-02-03T14:59:19.099Z", "commentCount": 0, "likeCount": 2, "withNickname": false, "tags": ["HIDE_THUMBNAIL"], "topics": ["台積電", "幼兒園", "面試", "工作經驗"], "meta": {"layout": "classic"}, "forumName": "工作", "forumAlias": "job", "gender": "F", "replyTitle": null, "mediaMeta": [], "reactions": [{"id": "286f599c-f86a-4932-82f0-f5a06f1eca03", "count": 2}], "hidden": false, "customStyle": null, "isSuspiciousAccount": false, "layout": "classic", "withImages": false, "withVideos": false, "media": [], "reportReasonText": "", "postAvatar": ""}, {"id": 233009759, "title": "一句話惹惱超商店員", "excerpt": "一句話惹惱超商店員真的很簡單，只要你說…，口罩還有嗎，……，這次口罩之亂買到的一肚子氣 買不到的更生氣，太多人為了限量的口罩失去理智，衝著店員飆罵 不然就是質問 ：什麼時候進貨？為什麼沒進？啊早上沒有", "anonymousSchool": false, "anonymousDepartment": true, "pinned": false, "forumId": "6eeeafb2-9dac-4d81-ae4b-ffecf0ad4444", "replyId": null, "createdAt": "2020-02-03T14:16:26.929Z", "updatedAt": "2020-02-03T14:24:01.395Z", "commentCount": 0, "likeCount": 2, "withNickname": false, "tags": [], "topics": ["店員", "超商", "口罩事件", "口罩", "武漢肺炎"], "meta": {"layout": "classic"}, "forumName": "工作", "forumAlias": "job", "gender": "F", "school": "臺北市立大學", "replyTitle": null, "mediaMeta": [], "reactions": [{"id": "286f599c-f86a-4932-82f0-f5a06f1eca03", "count": 2}], "hidden": false, "customStyle": null, "isSuspiciousAccount": false, "layout": "classic", "withImages": false, "withVideos": false, "media": [], "reportReasonText": "", "postAvatar": ""}, {"id": 233009422, "title": "某山銀行理財經辦", "excerpt": "想請教各位學長姐，此職務真的如104介紹的是純內勤嗎？會需要背業績諸如此類的嗎，謝謝分享", "anonymousSchool": true, "anonymousDepartment": true, "pinned": false, "forumId": "6eeeafb2-9dac-4d81-ae4b-ffecf0ad4444", "replyId": null, "createdAt": "2020-02-03T13:33:01.390Z", "updatedAt": "2020-02-03T13:33:01.390Z", "commentCount": 2, "likeCount": 2, "withNickname": false, "tags": ["HIDE_THUMBNAIL"], "topics": ["銀行", "工作"], "meta": {"layout": "classic"}, "forumName": "工作", "forumAlias": "job", "gender": "F", "replyTitle": null, "mediaMeta": [], "reactions": [{"id": "286f599c-f86a-4932-82f0-f5a06f1eca03", "count": 2}], "hidden": false, "customStyle": null, "isSuspiciousAccount": false, "layout": "classic", "withImages": false, "withVideos": false, "media": [], "reportReasonText": "", "postAvatar": ""}]