[{"id": 233005061, "title": "自己喜歡的日劇無雷排行", "excerpt": "入坑一陣子想記錄一下喜歡的劇~，個人比較偏好推理跟醫療劇，另外可能會有點演員偏好的關係，名單可能會有一點點主觀，也歡迎專業日劇控推薦好劇，放張防雷圖，----------------------以下正", "anonymousSchool": false, "anonymousDepartment": true, "pinned": false, "forumId": "019a92bb-1305-4471-88dd-872c6ee60ce7", "replyId": null, "createdAt": "2020-02-02T19:49:40.812Z", "updatedAt": "2020-02-02T20:09:04.664Z", "commentCount": 11, "likeCount": 61, "withNickname": false, "tags": [], "topics": [], "meta": {"layout": "classic"}, "forumName": "日劇", "forumAlias": "jp_drama", "gender": "F", "school": "國立屏東科技大學", "replyTitle": null, "mediaMeta": [{"id": "92155d93-9726-4c0c-97ce-6a2540b67e93", "url": "https://i.imgur.com/8ENtJiZl.jpg", "normalizedUrl": "https://i.imgur.com/8ENtJiZl.jpg", "thumbnail": "https://i.imgur.com/8ENtJiZl.jpg", "type": "image/thumbnail", "tags": ["ANNOTATED"], "createdAt": "2020-02-02T20:03:29.564Z", "updatedAt": "2020-02-02T20:09:04.664Z"}, {"id": "92155d93-9726-4c0c-97ce-6a2540b67e93", "url": "http://i.imgur.com/8ENtJiZ.jpg", "normalizedUrl": "https://imgur.com/8ENtJiZ", "thumbnail": "https://i.imgur.com/8ENtJiZl.jpg", "type": "image/imgur", "tags": ["ANNOTATED"], "createdAt": "2020-02-02T20:03:29.564Z", "updatedAt": "2020-02-02T20:09:04.664Z"}, {"id": "23d13827-9ac4-4d5b-9efd-b622d52314ac", "url": "http://i.imgur.com/E9unHvB.jpg", "normalizedUrl": "https://imgur.com/E9unHvB", "thumbnail": "https://i.imgur.com/E9unHvBl.jpg", "type": "image/imgur", "tags": ["ANNOTATED"], "createdAt": "2020-02-02T19:49:40.812Z", "updatedAt": "2020-02-02T20:09:04.664Z"}, {"id": "648d2f05-b01c-4499-9c91-33e74a8c0d7e", "url": "http://i.imgur.com/isdkrsx.jpg", "normalizedUrl": "https://imgur.com/isdkrsx", "thumbnail": "https://i.imgur.com/isdkrsxl.jpg", "type": "image/imgur", "tags": ["ANNOTATED"], "createdAt": "2020-02-02T19:49:40.812Z", "updatedAt": "2020-02-02T20:09:04.664Z"}, {"id": "488a2228-d442-4b1e-bdc2-c05ef452bdda", "url": "http://i.imgur.com/SLz6wJd.jpg", "normalizedUrl": "https://imgur.com/SLz6wJd", "thumbnail": "https://i.imgur.com/SLz6wJdl.jpg", "type": "image/imgur", "tags": ["ANNOTATED"], "createdAt": "2020-02-02T19:49:40.812Z", "updatedAt": "2020-02-02T20:09:04.664Z"}, {"id": "79626568-2b27-45c8-ab7b-b7f164d1a704", "url": "http://i.imgur.com/bsA8XiA.jpg", "normalizedUrl": "https://imgur.com/bsA8XiA", "thumbnail": "https://i.imgur.com/bsA8XiAl.jpg", "type": "image/imgur", "tags": ["ANNOTATED"], "createdAt": "2020-02-02T19:49:40.812Z", "updatedAt": "2020-02-02T20:09:04.664Z"}, {"id": "fb3a5230-c2ee-4875-805a-bc459b86bf72", "url": "http://i.imgur.com/8qtuhY2.jpg", "normalizedUrl": "https://imgur.com/8qtuhY2", "thumbnail": "https://i.imgur.com/8qtuhY2l.jpg", "type": "image/imgur", "tags": ["ANNOTATED"], "createdAt": "2020-02-02T19:49:40.812Z", "updatedAt": "2020-02-02T20:09:04.664Z"}, {"id": "9376dc25-b69f-446f-a67f-17be8790fd3e", "url": "http://i.imgur.com/yLwtFuO.png", "normalizedUrl": "https://imgur.com/yLwtFuO", "thumbnail": "https://i.imgur.com/yLwtFuOl.jpg", "type": "image/imgur", "tags": ["ANNOTATED"], "createdAt": "2020-02-02T19:49:40.812Z", "updatedAt": "2020-02-02T20:09:04.664Z"}, {"id": "1a148fcb-ec39-4edd-8881-1f5d83de7bae", "url": "http://i.imgur.com/GHVdeKJ.jpg", "normalizedUrl": "https://imgur.com/GHVdeKJ", "thumbnail": "https://i.imgur.com/GHVdeKJl.jpg", "type": "image/imgur", "tags": ["ANNOTATED"], "createdAt": "2020-02-02T19:49:40.812Z", "updatedAt": "2020-02-02T20:09:04.664Z"}, {"id": "8a6a6d0b-989c-47c5-8d51-91df235218f7", "url": "http://i.imgur.com/tWq8JB7.png", "normalizedUrl": "https://imgur.com/tWq8JB7", "thumbnail": "https://i.imgur.com/tWq8JB7l.jpg", "type": "image/imgur", "tags": ["ANNOTATED"], "createdAt": "2020-02-02T19:49:40.812Z", "updatedAt": "2020-02-02T20:09:04.664Z"}, {"id": "37572427-adf8-4046-b9d2-5deb19d18cf2", "url": "http://i.imgur.com/RDPhW7K.jpg", "normalizedUrl": "https://imgur.com/RDPhW7K", "thumbnail": "https://i.imgur.com/RDPhW7Kl.jpg", "type": "image/imgur", "tags": ["ANNOTATED"], "createdAt": "2020-02-02T19:49:40.812Z", "updatedAt": "2020-02-02T20:09:04.664Z"}, {"id": "2249fa27-cf21-4735-b0eb-0ab51ffca65e", "url": "http://i.imgur.com/TIgw6su.jpg", "normalizedUrl": "https://imgur.com/TIgw6su", "thumbnail": "https://i.imgur.com/TIgw6sul.jpg", "type": "image/imgur", "tags": ["ANNOTATED"], "createdAt": "2020-02-02T19:49:40.812Z", "updatedAt": "2020-02-02T20:09:04.664Z"}], "reactions": [{"id": "286f599c-f86a-4932-82f0-f5a06f1eca03", "count": 61}], "hidden": false, "customStyle": null, "isSuspiciousAccount": false, "layout": "classic", "withImages": true, "withVideos": false, "media": [{"url": "http://i.imgur.com/8ENtJiZ.jpg"}, {"url": "http://i.imgur.com/E9unHvB.jpg"}, {"url": "http://i.imgur.com/isdkrsx.jpg"}, {"url": "http://i.imgur.com/SLz6wJd.jpg"}, {"url": "http://i.imgur.com/bsA8XiA.jpg"}, {"url": "http://i.imgur.com/8qtuhY2.jpg"}, {"url": "http://i.imgur.com/yLwtFuO.png"}, {"url": "http://i.imgur.com/GHVdeKJ.jpg"}, {"url": "http://i.imgur.com/tWq8JB7.png"}, {"url": "http://i.imgur.com/RDPhW7K.jpg"}, {"url": "http://i.imgur.com/TIgw6su.jpg"}], "reportReasonText": "", "postAvatar": ""}]