[{"id": 233011611, "title": "Gfriend 回歸♥️", "excerpt": "等了好久終於等到她們再度回歸啦！，唯一小可惜的地方就是回歸舞台沒有粉絲，她們真的很愛護buddy，大家快去幫她們應援吧～很喜歡小女友的曲風，我覺得跟時下的許多韓團不一樣，很耐聽，這首Crossroad", "anonymousSchool": false, "anonymousDepartment": true, "pinned": false, "forumId": "6cf320df-3f3a-495f-9764-3dfbef767c49", "replyId": null, "createdAt": "2020-02-03T18:22:58.266Z", "updatedAt": "2020-02-03T21:23:06.450Z", "commentCount": 1, "likeCount": 13, "withNickname": false, "tags": [], "topics": ["韓星", "KPOP", "追星", "GFRIEND", "新歌"], "meta": {"layout": "classic"}, "forumName": "韓星", "forumAlias": "korea_star", "gender": "F", "school": "東海大學", "replyTitle": null, "mediaMeta": [{"id": "85afd85f-1632-410b-b991-b376bb800b76", "url": "https://img.youtube.com/vi/kx5TWKPE5sU/hqdefault.jpg", "normalizedUrl": "https://img.youtube.com/vi/kx5TWKPE5sU/hqdefault.jpg", "thumbnail": "https://img.youtube.com/vi/kx5TWKPE5sU/hqdefault.jpg", "type": "image/thumbnail", "tags": ["ANNOTATED"], "createdAt": "2020-02-03T18:22:58.266Z", "updatedAt": "2020-02-03T21:23:06.450Z"}, {"id": "85afd85f-1632-410b-b991-b376bb800b76", "url": "https://youtu.be/kx5TWKPE5sU", "normalizedUrl": "https://www.youtube.com/watch?v=kx5TWKPE5sU", "thumbnail": "https://img.youtube.com/vi/kx5TWKPE5sU/hqdefault.jpg", "type": "video/youtube", "tags": ["ANNOTATED"], "createdAt": "2020-02-03T18:22:58.266Z", "updatedAt": "2020-02-03T21:23:06.450Z"}], "reactions": [{"id": "286f599c-f86a-4932-82f0-f5a06f1eca03", "count": 13}], "hidden": false, "customStyle": null, "isSuspiciousAccount": false, "layout": "classic", "withImages": false, "withVideos": false, "media": [], "reportReasonText": "", "postAvatar": ""}, {"id": 233006659, "title": "Gary 回來啦！！！", "excerpt": "時隔三年的gary帶著兒子回來啦！（兒子真可愛），希望可以看到Gary回歸running man 做嘉賓", "anonymousSchool": false, "anonymousDepartment": true, "pinned": false, "forumId": "6cf320df-3f3a-495f-9764-3dfbef767c49", "replyId": null, "createdAt": "2020-02-03T06:36:59.546Z", "updatedAt": "2020-02-03T06:36:59.546Z", "commentCount": 2, "likeCount": 9, "withNickname": false, "tags": ["HIDE_THUMBNAIL"], "topics": ["韓星"], "meta": {"layout": "classic"}, "forumName": "韓星", "forumAlias": "korea_star", "gender": "M", "school": "大葉大學", "replyTitle": null, "mediaMeta": [{"id": "f336b382-ba9c-44d6-9100-0195a0647c1f", "url": "https://megapx-assets.dcard.tw/images/0364fdcc-0c01-4662-a44b-88da9f44eddb/1280.jpeg", "normalizedUrl": "https://megapx.dcard.tw/v1/images/0364fdcc-0c01-4662-a44b-88da9f44eddb", "thumbnail": "https://megapx-assets.dcard.tw/images/0364fdcc-0c01-4662-a44b-88da9f44eddb/640.jpeg", "type": "image/megapx", "tags": [], "createdAt": "2020-02-03T06:36:59.546Z", "updatedAt": "2020-02-03T06:36:59.546Z", "width": 2000, "height": 1125}], "reactions": [{"id": "286f599c-f86a-4932-82f0-f5a06f1eca03", "count": 9}], "hidden": false, "customStyle": null, "isSuspiciousAccount": false, "layout": "classic", "withImages": true, "withVideos": false, "media": [], "reportReasonText": "", "postAvatar": ""}, {"id": 233006790, "title": "請問有人知道這部劇叫什麼嗎？_？", "excerpt": "拜託請各位知道的告訴我，好像很好看ლ（´ڡ`ლ）", "anonymousSchool": false, "anonymousDepartment": true, "pinned": false, "forumId": "6cf320df-3f3a-495f-9764-3dfbef767c49", "replyId": null, "createdAt": "2020-02-03T07:04:23.608Z", "updatedAt": "2020-02-03T07:04:23.608Z", "commentCount": 4, "likeCount": 3, "withNickname": false, "tags": [], "topics": ["找劇"], "meta": {"layout": "classic"}, "forumName": "韓星", "forumAlias": "korea_star", "gender": "F", "school": "耕莘健康管理專科學校", "replyTitle": null, "mediaMeta": [{"id": "3a17e492-a9d0-40e5-85d2-b9f84356aa4f", "url": "https://vivid.dcard.tw/Public/e3bead49-aa9c-4a56-a63e-46f08d86cbf4/thumbnail.jpg", "normalizedUrl": "https://vivid.dcard.tw/Public/e3bead49-aa9c-4a56-a63e-46f08d86cbf4/thumbnail.jpg", "thumbnail": "https://vivid.dcard.tw/Public/e3bead49-aa9c-4a56-a63e-46f08d86cbf4/thumbnail.jpg", "type": "image/thumbnail", "tags": ["ANNOTATED_FAILED"], "createdAt": "2020-02-03T07:04:23.608Z", "updatedAt": "2020-02-03T07:04:23.608Z"}, {"id": "3a17e492-a9d0-40e5-85d2-b9f84356aa4f", "url": "https://www.dcard.tw/v2/vivid/videos/e3bead49-aa9c-4a56-a63e-46f08d86cbf4?r=1.975", "normalizedUrl": "", "thumbnail": "https://vivid.dcard.tw/Public/e3bead49-aa9c-4a56-a63e-46f08d86cbf4/thumbnail.jpg", "type": "video/vivid", "tags": ["ANNOTATED_FAILED"], "createdAt": "2020-02-03T07:04:23.608Z", "updatedAt": "2020-02-03T07:04:23.608Z"}, {"id": "8805ee49-04ea-4d54-88f9-123e23be7f66", "url": "https://www.dcard.tw/v2/vivid/videos/c5531455-d04b-4dad-81f2-aedc699ca4d3?r=1.975", "normalizedUrl": "", "thumbnail": "https://vivid.dcard.tw/Public/c5531455-d04b-4dad-81f2-aedc699ca4d3/thumbnail.jpg", "type": "video/vivid", "tags": ["ANNOTATED_FAILED"], "createdAt": "2020-02-03T07:04:23.608Z", "updatedAt": "2020-02-03T07:04:23.608Z"}], "reactions": [{"id": "286f599c-f86a-4932-82f0-f5a06f1eca03", "count": 3}], "hidden": false, "customStyle": null, "isSuspiciousAccount": false, "layout": "classic", "withImages": true, "withVideos": true, "media": [{"url": "https://vivid.dcard.tw/Public/e3bead49-aa9c-4a56-a63e-46f08d86cbf4/thumbnail.jpg"}, {"url": "https://vivid.dcard.tw/Public/c5531455-d04b-4dad-81f2-aedc699ca4d3/thumbnail.jpg"}], "reportReasonText": "", "postAvatar": ""}, {"id": 233010713, "title": "#問 宋旻浩貼文", "excerpt": "想問有人知道土豆這是用什麼特效拍出來的影片嗎", "anonymousSchool": false, "anonymousDepartment": false, "pinned": false, "forumId": "6cf320df-3f3a-495f-9764-3dfbef767c49", "replyId": null, "createdAt": "2020-02-03T16:07:34.830Z", "updatedAt": "2020-02-03T16:07:34.830Z", "commentCount": 0, "likeCount": 1, "withNickname": false, "tags": [], "topics": ["宋旻浩", "問題", "特效", "相機"], "meta": {"layout": "classic"}, "forumName": "韓星", "forumAlias": "korea_star", "gender": "F", "school": "中國醫藥大學", "department": "護理學系", "replyTitle": null, "mediaMeta": [{"id": "5e4780da-11d6-4cf3-a522-8141271482ea", "url": "https://i.imgur.com/dkEWOJXl.jpg", "normalizedUrl": "https://i.imgur.com/dkEWOJXl.jpg", "thumbnail": "https://i.imgur.com/dkEWOJXl.jpg", "type": "image/thumbnail", "tags": ["ANNOTATED"], "createdAt": "2020-02-03T16:07:34.830Z", "updatedAt": "2020-02-03T16:07:34.830Z"}, {"id": "5e4780da-11d6-4cf3-a522-8141271482ea", "url": "https://i.imgur.com/dkEWOJX.jpg", "normalizedUrl": "https://imgur.com/dkEWOJX", "thumbnail": "https://i.imgur.com/dkEWOJXl.jpg", "type": "image/imgur", "tags": ["ANNOTATED"], "createdAt": "2020-02-03T16:07:34.830Z", "updatedAt": "2020-02-03T16:07:34.830Z"}], "reactions": [{"id": "286f599c-f86a-4932-82f0-f5a06f1eca03", "count": 1}], "hidden": false, "customStyle": null, "isSuspiciousAccount": false, "layout": "classic", "withImages": true, "withVideos": false, "media": [{"url": "https://i.imgur.com/dkEWOJX.jpg"}], "reportReasonText": "", "postAvatar": ""}, {"id": 233009225, "title": "問！Melon有改版過嗎？", "excerpt": "剛才看到女友今天回歸，想說來melon刷一下，不過每日新歌那欄怎麼不見了呀？重開機過了所以應該不是手機問題，是bug嗎還是真的拿掉了，感謝大家回覆", "anonymousSchool": false, "anonymousDepartment": true, "pinned": false, "forumId": "6cf320df-3f3a-495f-9764-3dfbef767c49", "replyId": null, "createdAt": "2020-02-03T13:07:07.154Z", "updatedAt": "2020-02-03T13:07:07.154Z", "commentCount": 1, "likeCount": 1, "withNickname": false, "tags": [], "topics": ["韓星", "KPOP", "melon"], "meta": {"layout": "classic"}, "forumName": "韓星", "forumAlias": "korea_star", "gender": "F", "school": "東吳大學", "replyTitle": null, "mediaMeta": [{"id": "40cb6f5b-fe5e-4f9c-974a-9d0bd76d7b0a", "url": "https://megapx-assets.dcard.tw/images/5fb33890-e9a8-4eff-b3ce-104ff1524038/640.jpeg", "normalizedUrl": "https://megapx-assets.dcard.tw/images/5fb33890-e9a8-4eff-b3ce-104ff1524038/640.jpeg", "thumbnail": "https://megapx-assets.dcard.tw/images/5fb33890-e9a8-4eff-b3ce-104ff1524038/640.jpeg", "type": "image/thumbnail", "tags": [], "createdAt": "2020-02-03T13:07:07.154Z", "updatedAt": "2020-02-03T13:07:07.154Z", "width": 360, "height": 640}, {"id": "40cb6f5b-fe5e-4f9c-974a-9d0bd76d7b0a", "url": "https://megapx-assets.dcard.tw/images/5fb33890-e9a8-4eff-b3ce-104ff1524038/1280.jpeg", "normalizedUrl": "https://megapx.dcard.tw/v1/images/5fb33890-e9a8-4eff-b3ce-104ff1524038", "thumbnail": "https://megapx-assets.dcard.tw/images/5fb33890-e9a8-4eff-b3ce-104ff1524038/640.jpeg", "type": "image/megapx", "tags": [], "createdAt": "2020-02-03T13:07:07.154Z", "updatedAt": "2020-02-03T13:07:07.154Z", "width": 750, "height": 1334}], "reactions": [{"id": "286f599c-f86a-4932-82f0-f5a06f1eca03", "count": 1}], "hidden": false, "customStyle": null, "isSuspiciousAccount": false, "layout": "classic", "withImages": true, "withVideos": false, "media": [{"url": "https://megapx-assets.dcard.tw/images/5fb33890-e9a8-4eff-b3ce-104ff1524038/1280.jpeg"}], "reportReasonText": "", "postAvatar": ""}, {"id": 233010724, "title": "太妍演唱會👍", "excerpt": "有沒有人要一起去看太妍的演唱會？本人剛回國有點邊緣", "anonymousSchool": false, "anonymousDepartment": false, "pinned": false, "forumId": "6cf320df-3f3a-495f-9764-3dfbef767c49", "replyId": null, "createdAt": "2020-02-03T16:09:42.744Z", "updatedAt": "2020-02-03T16:09:42.744Z", "commentCount": 1, "likeCount": 0, "withNickname": true, "tags": [], "topics": ["太妍", "演唱會", "韓星", "KPOP", "韓國"], "meta": {"layout": "classic"}, "forumName": "韓星", "forumAlias": "korea_star", "gender": "M", "school": "Jkstewie2k", "department": "andychen_0119", "replyTitle": null, "mediaMeta": [{"id": "85b909c2-9acf-494e-9796-08bc6179ed9f", "url": "https://megapx-assets.dcard.tw/images/0cfef600-7023-406a-b52e-6a6456f298f7/640.jpeg", "normalizedUrl": "https://megapx-assets.dcard.tw/images/0cfef600-7023-406a-b52e-6a6456f298f7/640.jpeg", "thumbnail": "https://megapx-assets.dcard.tw/images/0cfef600-7023-406a-b52e-6a6456f298f7/640.jpeg", "type": "image/thumbnail", "tags": ["ANNOTATED"], "createdAt": "2020-02-03T16:09:42.744Z", "updatedAt": "2020-02-03T16:09:42.744Z", "width": 437, "height": 640}, {"id": "85b909c2-9acf-494e-9796-08bc6179ed9f", "url": "https://megapx-assets.dcard.tw/images/0cfef600-7023-406a-b52e-6a6456f298f7/1280.jpeg", "normalizedUrl": "https://megapx.dcard.tw/v1/images/0cfef600-7023-406a-b52e-6a6456f298f7", "thumbnail": "https://megapx-assets.dcard.tw/images/0cfef600-7023-406a-b52e-6a6456f298f7/640.jpeg", "type": "image/megapx", "tags": ["ANNOTATED"], "createdAt": "2020-02-03T16:09:42.744Z", "updatedAt": "2020-02-03T16:09:42.744Z", "width": 1125, "height": 1646}], "reactions": [], "hidden": false, "customStyle": null, "isSuspiciousAccount": false, "layout": "classic", "withImages": true, "withVideos": false, "media": [{"url": "https://megapx-assets.dcard.tw/images/0cfef600-7023-406a-b52e-6a6456f298f7/1280.jpeg"}], "reportReasonText": "", "postAvatar": ""}]