[{"id": 233007785, "title": "#問 綜藝推薦", "excerpt": "請問大家有推薦的韓綜嗎？每個禮拜固定看Running man ~，至於明星來解謎、美秋里、姜食堂、傻瓜們的監獄生活、大逃脫等板上很多人推薦的我都看過了（btw 超期待大逃脫第三季！），喜歡的類型是推理", "anonymousSchool": false, "anonymousDepartment": true, "pinned": false, "forumId": "2e57a052-affa-4b32-a68d-98d7d6020c12", "replyId": null, "createdAt": "2020-02-03T09:32:13.135Z", "updatedAt": "2020-02-03T09:39:53.726Z", "commentCount": 4, "likeCount": 2, "withNickname": false, "tags": [], "topics": ["綜藝", "韓綜"], "meta": {"layout": "classic"}, "forumName": "韓綜", "forumAlias": "kr_tvshow", "gender": "F", "school": "國立勤益科技大學", "replyTitle": null, "mediaMeta": [], "reactions": [{"id": "286f599c-f86a-4932-82f0-f5a06f1eca03", "count": 2}], "hidden": false, "customStyle": null, "isSuspiciousAccount": false, "layout": "classic", "withImages": false, "withVideos": false, "media": [], "reportReasonText": "", "postAvatar": ""}, {"id": 233009809, "title": "#問 這是哪一部韓綜", "excerpt": "無意間在YouTube 看到片段，想請問這是哪一個韓國節目？", "anonymousSchool": false, "anonymousDepartment": false, "pinned": false, "forumId": "2e57a052-affa-4b32-a68d-98d7d6020c12", "replyId": null, "createdAt": "2020-02-03T14:23:05.400Z", "updatedAt": "2020-02-03T14:23:05.400Z", "commentCount": 1, "likeCount": 0, "withNickname": true, "tags": ["HIDE_THUMBNAIL"], "topics": ["韓綜", "韓國"], "meta": {"layout": "classic"}, "forumName": "韓綜", "forumAlias": "kr_tvshow", "gender": "F", "school": "匿名", "department": "hsiaochi0330", "replyTitle": null, "mediaMeta": [{"id": "b129e538-7a4c-4154-95db-c4c0ccf62ee3", "url": "https://youtu.be/M2PWrTJYk8c", "normalizedUrl": "https://www.youtube.com/watch?v=M2PWrTJYk8c", "thumbnail": "https://img.youtube.com/vi/M2PWrTJYk8c/hqdefault.jpg", "type": "video/youtube", "tags": ["ANNOTATED"], "createdAt": "2020-02-03T14:23:05.400Z", "updatedAt": "2020-02-03T14:23:05.400Z"}], "reactions": [], "hidden": false, "customStyle": null, "isSuspiciousAccount": false, "layout": "classic", "withImages": false, "withVideos": false, "media": [], "reportReasonText": "", "postAvatar": ""}, {"id": 233005875, "title": "#問#音樂 韓劇內歌曲", "excerpt": "愛的迫降，這部韓劇的第12集裡面，片尾出現一首歌，好好聽><，大概在1：34：19的地方，請問有人知道是什麼歌嗎？", "anonymousSchool": false, "anonymousDepartment": true, "pinned": false, "forumId": "2e57a052-affa-4b32-a68d-98d7d6020c12", "replyId": null, "createdAt": "2020-02-03T03:32:44.045Z", "updatedAt": "2020-02-03T03:32:44.045Z", "commentCount": 3, "likeCount": 0, "withNickname": false, "tags": [], "topics": ["韓劇", "音樂"], "meta": {"layout": "classic"}, "forumName": "韓綜", "forumAlias": "kr_tvshow", "gender": "F", "school": "中原大學", "replyTitle": null, "mediaMeta": [], "reactions": [], "hidden": false, "customStyle": null, "isSuspiciousAccount": false, "layout": "classic", "withImages": false, "withVideos": false, "media": [], "reportReasonText": "", "postAvatar": ""}]