[{"id": 233010300, "title": "醉翁之意", "excerpt": "出了名愛喝，他們叫我酒鬼。今天專程向妳，點了一杯愛情。妳自信的調製，卻失手加進過多的情，情湯下肚，我忘了要慢慢地喝，我感到越來越不對勁，於是在愛情之後，我醉了。妳看到後，急忙將我攙扶，問：怎麼了？我答", "anonymousSchool": false, "anonymousDepartment": false, "pinned": false, "forumId": "f8acd3e6-17e9-4d9d-bc7c-bf24d94c2ad1", "replyId": null, "createdAt": "2020-02-03T15:23:31.843Z", "updatedAt": "2020-02-03T15:23:31.843Z", "commentCount": 2, "likeCount": 3, "withNickname": true, "tags": [], "topics": ["創作", "心情"], "meta": {"layout": "classic"}, "forumName": "詩文", "forumAlias": "literature", "gender": "M", "school": "喝吻欸郎", "department": "wayentingla", "replyTitle": null, "mediaMeta": [], "reactions": [{"id": "286f599c-f86a-4932-82f0-f5a06f1eca03", "count": 3}], "hidden": false, "customStyle": null, "isSuspiciousAccount": false, "layout": "classic", "withImages": false, "withVideos": false, "media": [], "reportReasonText": "", "postAvatar": ""}, {"id": 233009185, "title": "無名", "excerpt": "雪落聲悄悄，房內燈火微微，搖曳的影  拉扯出自身的惡，伸展的臂  勾勒出自身的想，音樂盒內，響著練習曲十之三，同我們倆的誕生，又如我們倆的緣，回憶不斷湧現，相遇到離別，每每想起，心中的結，打開了又纏上", "anonymousSchool": false, "anonymousDepartment": false, "pinned": false, "forumId": "f8acd3e6-17e9-4d9d-bc7c-bf24d94c2ad1", "replyId": null, "createdAt": "2020-02-03T13:01:02.758Z", "updatedAt": "2020-02-03T13:01:02.758Z", "commentCount": 0, "likeCount": 2, "withNickname": true, "tags": [], "topics": ["創作", "隨筆", "心情"], "meta": {"layout": "classic"}, "forumName": "詩文", "forumAlias": "literature", "gender": "M", "school": "思爾天想", "department": "m.e3952", "replyTitle": null, "mediaMeta": [], "reactions": [{"id": "286f599c-f86a-4932-82f0-f5a06f1eca03", "count": 2}], "hidden": false, "customStyle": null, "isSuspiciousAccount": false, "layout": "classic", "withImages": false, "withVideos": false, "media": [], "reportReasonText": "", "postAvatar": ""}, {"id": 233006753, "title": "20200203，予妳", "excerpt": "雲裂，長長思念透了去，以為傳得到，卻不再回應，只知妳難受，卻不見妳已讀回應，我漫步在以前，一起走過的路上，少了妳的溫柔，多了我的不捨，那木椅上，曾緊擁深吻的影像，已不復見，那櫻樹下，曾約定紀念的照片，", "anonymousSchool": false, "anonymousDepartment": false, "pinned": false, "forumId": "f8acd3e6-17e9-4d9d-bc7c-bf24d94c2ad1", "replyId": null, "createdAt": "2020-02-03T06:55:04.752Z", "updatedAt": "2020-02-03T06:55:04.752Z", "commentCount": 0, "likeCount": 2, "withNickname": true, "tags": [], "topics": ["心情", "隨筆", "文字"], "meta": {"layout": "classic"}, "forumName": "詩文", "forumAlias": "literature", "gender": "M", "school": "思爾天想", "department": "m.e3952", "replyTitle": null, "mediaMeta": [{"id": "3fbaac41-55af-47c5-80b7-d524efdbea9d", "url": "https://i.imgur.com/4pL0v0Ml.jpg", "normalizedUrl": "https://i.imgur.com/4pL0v0Ml.jpg", "thumbnail": "https://i.imgur.com/4pL0v0Ml.jpg", "type": "image/thumbnail", "tags": ["ANNOTATED"], "createdAt": "2020-02-03T06:55:04.752Z", "updatedAt": "2020-02-03T06:55:04.752Z"}, {"id": "3fbaac41-55af-47c5-80b7-d524efdbea9d", "url": "https://i.imgur.com/4pL0v0M.jpg", "normalizedUrl": "https://imgur.com/4pL0v0M", "thumbnail": "https://i.imgur.com/4pL0v0Ml.jpg", "type": "image/imgur", "tags": ["ANNOTATED"], "createdAt": "2020-02-03T06:55:04.752Z", "updatedAt": "2020-02-03T06:55:04.752Z"}], "reactions": [{"id": "286f599c-f86a-4932-82f0-f5a06f1eca03", "count": 2}], "hidden": false, "customStyle": null, "isSuspiciousAccount": false, "layout": "classic", "withImages": true, "withVideos": false, "media": [{"url": "https://i.imgur.com/4pL0v0M.jpg"}], "reportReasonText": "", "postAvatar": ""}, {"id": 233010496, "title": "Beloved", "excerpt": "給親愛的，我不是詩人，卻想寫詩送你，就像是雕刻家，以筆為刀，字字琢磨，直到它們都，雕塑成，你的樣子", "anonymousSchool": false, "anonymousDepartment": false, "pinned": false, "forumId": "f8acd3e6-17e9-4d9d-bc7c-bf24d94c2ad1", "replyId": null, "createdAt": "2020-02-03T15:44:41.548Z", "updatedAt": "2020-02-03T15:44:41.548Z", "commentCount": 0, "likeCount": 1, "withNickname": true, "tags": [], "topics": ["新詩", "心情", "隨筆"], "meta": {"layout": "classic"}, "forumName": "詩文", "forumAlias": "literature", "gender": "F", "school": "- 甯暄", "department": "ning_shuan", "replyTitle": null, "mediaMeta": [{"id": "cfc9a10b-e060-4928-8b71-b660dc98c6af", "url": "https://i.imgur.com/yVRyyl0l.jpg", "normalizedUrl": "https://i.imgur.com/yVRyyl0l.jpg", "thumbnail": "https://i.imgur.com/yVRyyl0l.jpg", "type": "image/thumbnail", "tags": ["ANNOTATED"], "createdAt": "2020-02-03T15:44:41.548Z", "updatedAt": "2020-02-03T15:44:41.548Z"}, {"id": "cfc9a10b-e060-4928-8b71-b660dc98c6af", "url": "https://i.imgur.com/yVRyyl0.jpg", "normalizedUrl": "https://imgur.com/yVRyyl0", "thumbnail": "https://i.imgur.com/yVRyyl0l.jpg", "type": "image/imgur", "tags": ["ANNOTATED"], "createdAt": "2020-02-03T15:44:41.548Z", "updatedAt": "2020-02-03T15:44:41.548Z"}], "reactions": [{"id": "286f599c-f86a-4932-82f0-f5a06f1eca03", "count": 1}], "hidden": false, "customStyle": null, "isSuspiciousAccount": false, "layout": "classic", "withImages": true, "withVideos": false, "media": [{"url": "https://i.imgur.com/yVRyyl0.jpg"}], "reportReasonText": "", "postAvatar": ""}, {"id": 233006389, "title": "隨筆", "excerpt": "輕輕的品嘗著最後一口空氣，然後悠然的停住呼吸，再慢慢的把靈魂抽離，渾噩的人生也談不上艱辛，既然甚麼都無法掌握，不如就聽天由命，空無一人的漆黑裏，或許是習慣跟孤獨唇齒相依，寂靜卻有種說不出口的安心，彷彿", "anonymousSchool": false, "anonymousDepartment": false, "pinned": false, "forumId": "f8acd3e6-17e9-4d9d-bc7c-bf24d94c2ad1", "replyId": null, "createdAt": "2020-02-03T05:35:01.525Z", "updatedAt": "2020-02-03T05:35:01.525Z", "commentCount": 0, "likeCount": 1, "withNickname": true, "tags": ["HIDE_THUMBNAIL"], "topics": ["隨筆"], "meta": {"layout": "classic"}, "forumName": "詩文", "forumAlias": "literature", "gender": "M", "school": "🏳️", "department": "uncle5thfloor", "replyTitle": null, "mediaMeta": [], "reactions": [{"id": "286f599c-f86a-4932-82f0-f5a06f1eca03", "count": 1}], "hidden": false, "customStyle": null, "isSuspiciousAccount": false, "layout": "classic", "withImages": false, "withVideos": false, "media": [], "reportReasonText": "", "postAvatar": ""}, {"id": 233009841, "title": "以為。", "excerpt": "傾聽你的傷悲，你的笑聲帶來了怦然，沒有情緒的喃喃。那以為會永遠的星空，逐漸黯淡。沒有以為會有的糜爛。只是會在每個夜晚，勉強笑著和自己說聲晚安。", "anonymousSchool": false, "anonymousDepartment": false, "pinned": false, "forumId": "f8acd3e6-17e9-4d9d-bc7c-bf24d94c2ad1", "replyId": null, "createdAt": "2020-02-03T14:27:49.702Z", "updatedAt": "2020-02-03T14:27:49.702Z", "commentCount": 0, "likeCount": 0, "withNickname": true, "tags": [], "topics": ["心情"], "meta": {"layout": "classic"}, "forumName": "詩文", "forumAlias": "literature", "gender": "F", "school": "你向右，我向左。", "department": "stonegarlic.20", "replyTitle": null, "mediaMeta": [], "reactions": [], "hidden": false, "customStyle": null, "isSuspiciousAccount": false, "layout": "classic", "withImages": false, "withVideos": false, "media": [], "reportReasonText": "", "postAvatar": ""}, {"id": 233005225, "title": "不對勁", "excerpt": "那根名為不安的羽毛在心中不斷搔擾，其實妳很清楚 沒什麼好不安的，因為如何發生是可以預見的，也許不安只是自己的沒辦法決斷，當所有事些微偏移了一微米，妳都能很清楚 因為這些事儼然是妳的一部分", "anonymousSchool": false, "anonymousDepartment": true, "pinned": false, "forumId": "f8acd3e6-17e9-4d9d-bc7c-bf24d94c2ad1", "replyId": null, "createdAt": "2020-02-02T22:10:57.164Z", "updatedAt": "2020-02-02T22:10:57.164Z", "commentCount": 0, "likeCount": 0, "withNickname": false, "tags": ["HIDE_THUMBNAIL"], "topics": ["一部分", "心中的一點"], "meta": {"layout": "classic"}, "forumName": "詩文", "forumAlias": "literature", "gender": "F", "school": "國立臺北科技大學", "replyTitle": null, "mediaMeta": [], "reactions": [], "hidden": false, "customStyle": null, "isSuspiciousAccount": false, "layout": "classic", "withImages": false, "withVideos": false, "media": [], "reportReasonText": "", "postAvatar": ""}]