[{"id": 231790167, "title": "#更 美甲版店家分享示範說明", "excerpt": "#更新，因留言有同學反應需碼底線前後太過嚴苛，所以我改為不強制，但仍希望大家不要刻意只去碼底線後的字，（例：nail、art、design、studio...等），通常我看到留言店家的部份都會去做搜尋", "anonymousSchool": false, "anonymousDepartment": false, "pinned": true, "forumId": "16b1b561-788e-4214-b4b7-e3102a35fa0d", "replyId": null, "createdAt": "2019-08-04T00:18:58.442Z", "updatedAt": "2019-11-06T09:20:30.214Z", "commentCount": 16, "likeCount": 127, "withNickname": true, "tags": [], "topics": ["美甲板"], "meta": {"layout": "classic"}, "forumName": "美甲", "forumAlias": "manicure", "gender": "F", "school": "美甲版版主-R", "department": "anastasia.", "replyTitle": null, "mediaMeta": [{"id": "ecf4c921-07e8-42c3-8317-c99c7fc6200b", "url": "https://i.imgur.com/aFL6aTq.jpg", "normalizedUrl": "https://i.imgur.com/aFL6aTq.jpg", "thumbnail": "https://i.imgur.com/aFL6aTq.jpg", "type": "image/thumbnail", "tags": ["ANNOTATED"], "createdAt": "2019-08-04T02:13:26.237Z", "updatedAt": "2019-11-06T09:20:30.214Z"}, {"id": "ecf4c921-07e8-42c3-8317-c99c7fc6200b", "url": "https://i.imgur.com/aFL6aTq.jpg", "normalizedUrl": "https://i.imgur.com/aFL6aTq.jpg", "thumbnail": "https://i.imgur.com/aFL6aTq.jpg", "type": "image/imgur", "tags": ["ANNOTATED"], "createdAt": "2019-08-04T02:13:26.237Z", "updatedAt": "2019-11-06T09:20:30.214Z"}, {"id": "d35df733-ee4c-4638-a537-1c7a1e7d9a9f", "url": "https://i.imgur.com/07pkEVX.jpg", "normalizedUrl": "https://imgur.com/07pkEVX", "thumbnail": "https://i.imgur.com/07pkEVXl.jpg", "type": "image/imgur", "tags": ["ANNOTATED"], "createdAt": "2019-08-21T00:11:01.872Z", "updatedAt": "2019-11-06T09:20:30.214Z"}, {"id": "bffcb896-f55c-4617-ab03-27201ad90efb", "url": "https://i.imgur.com/g65kAsp.jpg", "normalizedUrl": "https://i.imgur.com/g65kAsp.jpg", "thumbnail": "https://i.imgur.com/g65kAsp.jpg", "type": "image/imgur", "tags": ["ANNOTATED"], "createdAt": "2019-08-04T00:18:58.442Z", "updatedAt": "2019-11-06T09:20:30.214Z"}], "reactions": [{"id": "286f599c-f86a-4932-82f0-f5a06f1eca03", "count": 121}, {"id": "aa0d425f-d530-4478-9a77-fe3aedc79eea", "count": 4}, {"id": "e8e6bc5d-41b0-4129-b134-97507523d7ff", "count": 2}], "hidden": false, "customStyle": null, "isSuspiciousAccount": false, "layout": "classic", "withImages": true, "withVideos": false, "media": [{"url": "https://i.imgur.com/aFL6aTq.jpg"}, {"url": "https://i.imgur.com/07pkEVX.jpg"}, {"url": "https://i.imgur.com/g65kAsp.jpg"}], "reportReasonText": "", "postAvatar": ""}, {"id": 233005177, "title": "#黑特 #圖 不會讓真甲更穩固的店家", "excerpt": "️我語文造詣不好 冗詞贅字語意不通 請包涵，以下正文，我不知道到底是不是我誤解了光療存在的意義，不是會讓指甲比較不會那麼容易斷掉嗎？？？我目前搬來台南三個月左右，在第二個禮拜左右剛好指甲要換衣服了‍️", "anonymousSchool": false, "anonymousDepartment": false, "pinned": false, "forumId": "16b1b561-788e-4214-b4b7-e3102a35fa0d", "replyId": null, "createdAt": "2020-02-02T21:17:53.404Z", "updatedAt": "2020-02-02T21:41:30.161Z", "commentCount": 20, "likeCount": 34, "withNickname": true, "tags": [], "topics": ["黑特", "店家", "文長", "圖"], "meta": {"layout": "classic"}, "forumName": "美甲", "forumAlias": "manicure", "gender": "F", "school": "Chili___🌶️", "department": "chili_0627", "replyTitle": null, "mediaMeta": [{"id": "bdd1a19b-8bd7-4ebf-a0bd-86aa12c72571", "url": "https://megapx-assets.dcard.tw/images/c63a70fa-d6ef-4773-b2df-5e44eeaf2875/640.jpeg", "normalizedUrl": "https://megapx-assets.dcard.tw/images/c63a70fa-d6ef-4773-b2df-5e44eeaf2875/640.jpeg", "thumbnail": "https://megapx-assets.dcard.tw/images/c63a70fa-d6ef-4773-b2df-5e44eeaf2875/640.jpeg", "type": "image/thumbnail", "tags": ["ANNOTATED"], "createdAt": "2020-02-02T21:17:53.404Z", "updatedAt": "2020-02-02T21:41:30.161Z", "width": 556, "height": 640}, {"id": "bdd1a19b-8bd7-4ebf-a0bd-86aa12c72571", "url": "https://megapx-assets.dcard.tw/images/c63a70fa-d6ef-4773-b2df-5e44eeaf2875/full.jpeg", "normalizedUrl": "https://megapx.dcard.tw/v1/images/c63a70fa-d6ef-4773-b2df-5e44eeaf2875", "thumbnail": "https://megapx-assets.dcard.tw/images/c63a70fa-d6ef-4773-b2df-5e44eeaf2875/640.jpeg", "type": "image/megapx", "tags": ["ANNOTATED"], "createdAt": "2020-02-02T21:17:53.404Z", "updatedAt": "2020-02-02T21:41:30.161Z", "width": 834, "height": 960}, {"id": "9c6d508c-689f-433e-aab4-ec12663d28ea", "url": "https://megapx-assets.dcard.tw/images/cd330bf6-f53b-4e95-a393-b8834a750c03/1280.jpeg", "normalizedUrl": "https://megapx.dcard.tw/v1/images/cd330bf6-f53b-4e95-a393-b8834a750c03", "thumbnail": "https://megapx-assets.dcard.tw/images/cd330bf6-f53b-4e95-a393-b8834a750c03/640.jpeg", "type": "image/megapx", "tags": ["ANNOTATED"], "createdAt": "2020-02-02T21:17:53.404Z", "updatedAt": "2020-02-02T21:41:30.161Z", "width": 1500, "height": 2000}, {"id": "f14e2953-dc3e-4292-9f19-652c32357338", "url": "https://megapx-assets.dcard.tw/images/09492448-513f-46d0-83a8-d052fb7e82fd/1280.jpeg", "normalizedUrl": "https://megapx.dcard.tw/v1/images/09492448-513f-46d0-83a8-d052fb7e82fd", "thumbnail": "https://megapx-assets.dcard.tw/images/09492448-513f-46d0-83a8-d052fb7e82fd/640.jpeg", "type": "image/megapx", "tags": ["ANNOTATED"], "createdAt": "2020-02-02T21:17:53.404Z", "updatedAt": "2020-02-02T21:41:30.161Z", "width": 1500, "height": 2000}, {"id": "1c626aeb-5f01-4630-a178-5e4920f2625a", "url": "https://megapx-assets.dcard.tw/images/883f8892-3967-47f0-919d-09fc436767c1/1280.jpeg", "normalizedUrl": "https://megapx.dcard.tw/v1/images/883f8892-3967-47f0-919d-09fc436767c1", "thumbnail": "https://megapx-assets.dcard.tw/images/883f8892-3967-47f0-919d-09fc436767c1/640.jpeg", "type": "image/megapx", "tags": ["ANNOTATED"], "createdAt": "2020-02-02T21:17:53.404Z", "updatedAt": "2020-02-02T21:41:30.161Z", "width": 1500, "height": 2000}, {"id": "1f93515c-cff3-43b7-891b-d4713abf791a", "url": "https://megapx-assets.dcard.tw/images/43a9b42b-827c-4641-be11-8c8eed0cb10b/1280.jpeg", "normalizedUrl": "https://megapx.dcard.tw/v1/images/43a9b42b-827c-4641-be11-8c8eed0cb10b", "thumbnail": "https://megapx-assets.dcard.tw/images/43a9b42b-827c-4641-be11-8c8eed0cb10b/640.jpeg", "type": "image/megapx", "tags": ["ANNOTATED"], "createdAt": "2020-02-02T21:17:53.404Z", "updatedAt": "2020-02-02T21:41:30.161Z", "width": 1125, "height": 2000}, {"id": "428cff47-16f2-4605-b0e6-a18d0ff3d2ae", "url": "https://megapx-assets.dcard.tw/images/ab06917f-a3ac-4c82-9da9-84d4f027f744/1280.jpeg", "normalizedUrl": "https://megapx.dcard.tw/v1/images/ab06917f-a3ac-4c82-9da9-84d4f027f744", "thumbnail": "https://megapx-assets.dcard.tw/images/ab06917f-a3ac-4c82-9da9-84d4f027f744/640.jpeg", "type": "image/megapx", "tags": ["ANNOTATED"], "createdAt": "2020-02-02T21:17:53.404Z", "updatedAt": "2020-02-02T21:41:30.161Z", "width": 1500, "height": 2000}, {"id": "891b0ef6-6d97-494a-938c-cc79841d84bc", "url": "https://megapx-assets.dcard.tw/images/6cd51641-2597-45e5-8ca8-78b0b93ad31b/1280.jpeg", "normalizedUrl": "https://megapx.dcard.tw/v1/images/6cd51641-2597-45e5-8ca8-78b0b93ad31b", "thumbnail": "https://megapx-assets.dcard.tw/images/6cd51641-2597-45e5-8ca8-78b0b93ad31b/640.jpeg", "type": "image/megapx", "tags": ["ANNOTATED"], "createdAt": "2020-02-02T21:17:53.404Z", "updatedAt": "2020-02-02T21:41:30.161Z", "width": 1080, "height": 1920}, {"id": "d70a3066-ca37-4655-ab64-5459450f05e4", "url": "https://megapx-assets.dcard.tw/images/8a71d862-0d6d-4023-9b1e-f9130913110e/1280.jpeg", "normalizedUrl": "https://megapx.dcard.tw/v1/images/8a71d862-0d6d-4023-9b1e-f9130913110e", "thumbnail": "https://megapx-assets.dcard.tw/images/8a71d862-0d6d-4023-9b1e-f9130913110e/640.jpeg", "type": "image/megapx", "tags": ["ANNOTATED"], "createdAt": "2020-02-02T21:17:53.404Z", "updatedAt": "2020-02-02T21:41:30.161Z", "width": 1500, "height": 2000}, {"id": "3bf1b922-7bad-4de7-87af-15291aedd6d7", "url": "https://megapx-assets.dcard.tw/images/71cac9ca-74bf-4526-94b9-1dc1568bcaff/1280.jpeg", "normalizedUrl": "https://megapx.dcard.tw/v1/images/71cac9ca-74bf-4526-94b9-1dc1568bcaff", "thumbnail": "https://megapx-assets.dcard.tw/images/71cac9ca-74bf-4526-94b9-1dc1568bcaff/640.jpeg", "type": "image/megapx", "tags": ["ANNOTATED"], "createdAt": "2020-02-02T21:17:53.404Z", "updatedAt": "2020-02-02T21:41:30.161Z", "width": 924, "height": 2000}, {"id": "a35a517b-36bb-4f5f-aa76-9863a60bc63a", "url": "https://megapx-assets.dcard.tw/images/972d03f4-8da8-4335-9d30-3edea520d352/1280.jpeg", "normalizedUrl": "https://megapx.dcard.tw/v1/images/972d03f4-8da8-4335-9d30-3edea520d352", "thumbnail": "https://megapx-assets.dcard.tw/images/972d03f4-8da8-4335-9d30-3edea520d352/640.jpeg", "type": "image/megapx", "tags": ["ANNOTATED"], "createdAt": "2020-02-02T21:17:53.404Z", "updatedAt": "2020-02-02T21:41:30.161Z", "width": 1500, "height": 2000}], "reactions": [{"id": "286f599c-f86a-4932-82f0-f5a06f1eca03", "count": 32}, {"id": "4b018f48-e184-445f-adf1-fc8e04ba09b9", "count": 2}], "hidden": false, "customStyle": null, "isSuspiciousAccount": false, "layout": "classic", "withImages": true, "withVideos": false, "media": [{"url": "https://megapx-assets.dcard.tw/images/c63a70fa-d6ef-4773-b2df-5e44eeaf2875/full.jpeg"}, {"url": "https://megapx-assets.dcard.tw/images/cd330bf6-f53b-4e95-a393-b8834a750c03/1280.jpeg"}, {"url": "https://megapx-assets.dcard.tw/images/09492448-513f-46d0-83a8-d052fb7e82fd/1280.jpeg"}, {"url": "https://megapx-assets.dcard.tw/images/883f8892-3967-47f0-919d-09fc436767c1/1280.jpeg"}, {"url": "https://megapx-assets.dcard.tw/images/43a9b42b-827c-4641-be11-8c8eed0cb10b/1280.jpeg"}, {"url": "https://megapx-assets.dcard.tw/images/ab06917f-a3ac-4c82-9da9-84d4f027f744/1280.jpeg"}, {"url": "https://megapx-assets.dcard.tw/images/6cd51641-2597-45e5-8ca8-78b0b93ad31b/1280.jpeg"}, {"url": "https://megapx-assets.dcard.tw/images/8a71d862-0d6d-4023-9b1e-f9130913110e/1280.jpeg"}, {"url": "https://megapx-assets.dcard.tw/images/71cac9ca-74bf-4526-94b9-1dc1568bcaff/1280.jpeg"}, {"url": "https://megapx-assets.dcard.tw/images/972d03f4-8da8-4335-9d30-3edea520d352/1280.jpeg"}], "reportReasonText": "", "postAvatar": ""}, {"id": 233005908, "title": "自己設計的演唱會指甲", "excerpt": "距離演唱會已經過了兩個月，最近突然翻到自己的設計圖，所以打算寫一篇文紀念一下～-，️先說一下這篇文主要是用來分享自己設計指甲以及看到成品的喜悅，所以不要來戰愛豆或是某些政治問題⋯（真的怕爆），-，演唱", "anonymousSchool": false, "anonymousDepartment": true, "pinned": false, "forumId": "16b1b561-788e-4214-b4b7-e3102a35fa0d", "replyId": null, "createdAt": "2020-02-03T03:44:14.857Z", "updatedAt": "2020-02-03T03:46:14.484Z", "commentCount": 4, "likeCount": 22, "withNickname": false, "tags": [], "topics": ["美甲", "光療", "光療指甲"], "meta": {"layout": "classic"}, "forumName": "美甲", "forumAlias": "manicure", "gender": "F", "school": "銘傳大學", "replyTitle": null, "mediaMeta": [{"id": "796c103a-584b-4be0-9ba4-2ea924157c4f", "url": "https://megapx-assets.dcard.tw/images/2ae3d377-9e42-49c9-990d-d02bf3aeb9de/640.jpeg", "normalizedUrl": "https://megapx-assets.dcard.tw/images/2ae3d377-9e42-49c9-990d-d02bf3aeb9de/640.jpeg", "thumbnail": "https://megapx-assets.dcard.tw/images/2ae3d377-9e42-49c9-990d-d02bf3aeb9de/640.jpeg", "type": "image/thumbnail", "tags": ["ANNOTATED"], "createdAt": "2020-02-03T03:44:14.857Z", "updatedAt": "2020-02-03T03:46:14.484Z", "width": 640, "height": 426}, {"id": "796c103a-584b-4be0-9ba4-2ea924157c4f", "url": "https://megapx-assets.dcard.tw/images/2ae3d377-9e42-49c9-990d-d02bf3aeb9de/full.jpeg", "normalizedUrl": "https://megapx.dcard.tw/v1/images/2ae3d377-9e42-49c9-990d-d02bf3aeb9de", "thumbnail": "https://megapx-assets.dcard.tw/images/2ae3d377-9e42-49c9-990d-d02bf3aeb9de/640.jpeg", "type": "image/megapx", "tags": ["ANNOTATED"], "createdAt": "2020-02-03T03:44:14.857Z", "updatedAt": "2020-02-03T03:46:14.484Z", "width": 709, "height": 472}, {"id": "cd7227ff-e98a-4d3d-8550-85fce054da32", "url": "https://megapx-assets.dcard.tw/images/bbbfbb46-a479-43dd-8c39-0c9bf25283e9/full.jpeg", "normalizedUrl": "https://megapx.dcard.tw/v1/images/bbbfbb46-a479-43dd-8c39-0c9bf25283e9", "thumbnail": "https://megapx-assets.dcard.tw/images/bbbfbb46-a479-43dd-8c39-0c9bf25283e9/640.jpeg", "type": "image/megapx", "tags": ["ANNOTATED"], "createdAt": "2020-02-03T03:44:14.857Z", "updatedAt": "2020-02-03T03:46:14.484Z", "width": 1080, "height": 810}, {"id": "9dd0c936-d904-440f-b030-b9d94fd529e9", "url": "https://megapx-assets.dcard.tw/images/a1103913-d1e6-4778-86fd-09a51efb6006/1280.jpeg", "normalizedUrl": "https://megapx.dcard.tw/v1/images/a1103913-d1e6-4778-86fd-09a51efb6006", "thumbnail": "https://megapx-assets.dcard.tw/images/a1103913-d1e6-4778-86fd-09a51efb6006/640.jpeg", "type": "image/megapx", "tags": ["ANNOTATED_FAILED"], "createdAt": "2020-02-03T03:44:14.857Z", "updatedAt": "2020-02-03T03:46:14.484Z", "width": 1080, "height": 1440}, {"id": "d53b90a0-0b78-4ae8-9fee-798162e4a867", "url": "https://megapx-assets.dcard.tw/images/9cc43f76-d48d-450f-9749-b6f417a98df7/full.jpeg", "normalizedUrl": "https://megapx.dcard.tw/v1/images/9cc43f76-d48d-450f-9749-b6f417a98df7", "thumbnail": "https://megapx-assets.dcard.tw/images/9cc43f76-d48d-450f-9749-b6f417a98df7/640.jpeg", "type": "image/megapx", "tags": ["ANNOTATED"], "createdAt": "2020-02-03T03:44:14.857Z", "updatedAt": "2020-02-03T03:46:14.484Z", "width": 1080, "height": 810}], "reactions": [{"id": "286f599c-f86a-4932-82f0-f5a06f1eca03", "count": 22}], "hidden": false, "customStyle": null, "isSuspiciousAccount": false, "layout": "classic", "withImages": true, "withVideos": false, "media": [{"url": "https://megapx-assets.dcard.tw/images/2ae3d377-9e42-49c9-990d-d02bf3aeb9de/full.jpeg"}, {"url": "https://megapx-assets.dcard.tw/images/bbbfbb46-a479-43dd-8c39-0c9bf25283e9/full.jpeg"}, {"url": "https://megapx-assets.dcard.tw/images/a1103913-d1e6-4778-86fd-09a51efb6006/1280.jpeg"}, {"url": "https://megapx-assets.dcard.tw/images/9cc43f76-d48d-450f-9749-b6f417a98df7/full.jpeg"}], "reportReasonText": "", "postAvatar": ""}, {"id": 233008330, "title": "光療の初心者", "excerpt": "我以前是一個很不喜歡在指甲上塗東西的人，因為經常需要做一些家（雜）事，覺得留指甲和塗指甲油這種事不適合我ಠ_ಠ，但自從和現任男友在一起之後，他是個對做指甲和塗指甲油有特殊癖好的人（甚至到有點嚴重的程度", "anonymousSchool": false, "anonymousDepartment": false, "pinned": false, "forumId": "16b1b561-788e-4214-b4b7-e3102a35fa0d", "replyId": null, "createdAt": "2020-02-03T10:43:27.909Z", "updatedAt": "2020-02-03T10:43:27.909Z", "commentCount": 0, "likeCount": 19, "withNickname": true, "tags": [], "topics": ["光療", "DIY光療"], "meta": {"layout": "classic"}, "forumName": "美甲", "forumAlias": "manicure", "gender": "F", "school": "居住於丘陵間的黛兒", "department": "daijing", "replyTitle": null, "mediaMeta": [{"id": "0df01bb3-dc42-4ce1-8140-ef0389a9c0d5", "url": "https://megapx-assets.dcard.tw/images/fa43bc6f-ba8b-42e5-95c6-8c96ef22f3fb/640.jpeg", "normalizedUrl": "https://megapx-assets.dcard.tw/images/fa43bc6f-ba8b-42e5-95c6-8c96ef22f3fb/640.jpeg", "thumbnail": "https://megapx-assets.dcard.tw/images/fa43bc6f-ba8b-42e5-95c6-8c96ef22f3fb/640.jpeg", "type": "image/thumbnail", "tags": [], "createdAt": "2020-02-03T10:43:27.909Z", "updatedAt": "2020-02-03T10:43:27.909Z", "width": 640, "height": 640}, {"id": "0df01bb3-dc42-4ce1-8140-ef0389a9c0d5", "url": "https://megapx-assets.dcard.tw/images/fa43bc6f-ba8b-42e5-95c6-8c96ef22f3fb/1280.jpeg", "normalizedUrl": "https://megapx.dcard.tw/v1/images/fa43bc6f-ba8b-42e5-95c6-8c96ef22f3fb", "thumbnail": "https://megapx-assets.dcard.tw/images/fa43bc6f-ba8b-42e5-95c6-8c96ef22f3fb/640.jpeg", "type": "image/megapx", "tags": [], "createdAt": "2020-02-03T10:43:27.909Z", "updatedAt": "2020-02-03T10:43:27.909Z", "width": 1836, "height": 1836}, {"id": "6a487c25-f829-47e2-8f3e-f5b549fc5e06", "url": "https://megapx-assets.dcard.tw/images/f03e9ea3-d815-49f6-b81f-59c0a4a82e9f/1280.jpeg", "normalizedUrl": "https://megapx.dcard.tw/v1/images/f03e9ea3-d815-49f6-b81f-59c0a4a82e9f", "thumbnail": "https://megapx-assets.dcard.tw/images/f03e9ea3-d815-49f6-b81f-59c0a4a82e9f/640.jpeg", "type": "image/megapx", "tags": [], "createdAt": "2020-02-03T10:43:27.909Z", "updatedAt": "2020-02-03T10:43:27.909Z", "width": 1500, "height": 2000}], "reactions": [{"id": "286f599c-f86a-4932-82f0-f5a06f1eca03", "count": 19}], "hidden": false, "customStyle": null, "isSuspiciousAccount": false, "layout": "classic", "withImages": true, "withVideos": false, "media": [{"url": "https://megapx-assets.dcard.tw/images/fa43bc6f-ba8b-42e5-95c6-8c96ef22f3fb/1280.jpeg"}, {"url": "https://megapx-assets.dcard.tw/images/f03e9ea3-d815-49f6-b81f-59c0a4a82e9f/1280.jpeg"}], "reportReasonText": "", "postAvatar": ""}, {"id": 233007051, "title": "#分享 第一次做光療", "excerpt": "原本是看上淺色的霧面款式，*圖片來自ig若有不妥會刪除，但美甲師表示淺色的霧面款很容易髒，建議我做深色系的，於是選了深一點的玫瑰粉色，原本想說做單一顏色就好，後來覺得可以做跳色比較不會這麼單調，於是就", "anonymousSchool": false, "anonymousDepartment": true, "pinned": false, "forumId": "16b1b561-788e-4214-b4b7-e3102a35fa0d", "replyId": null, "createdAt": "2020-02-03T07:58:06.482Z", "updatedAt": "2020-02-03T07:58:06.482Z", "commentCount": 1, "likeCount": 17, "withNickname": false, "tags": [], "topics": ["光療", "美甲", "光療指甲", "美甲板", "台中美甲"], "meta": {"layout": "classic"}, "forumName": "美甲", "forumAlias": "manicure", "gender": "F", "school": "國立聯合大學", "replyTitle": null, "mediaMeta": [{"id": "bfb32897-3f48-4fdd-b0dc-69a452d5c0b0", "url": "https://megapx-assets.dcard.tw/images/78e99735-7c9d-4418-8615-99291f86cda9/640.jpeg", "normalizedUrl": "https://megapx-assets.dcard.tw/images/78e99735-7c9d-4418-8615-99291f86cda9/640.jpeg", "thumbnail": "https://megapx-assets.dcard.tw/images/78e99735-7c9d-4418-8615-99291f86cda9/640.jpeg", "type": "image/thumbnail", "tags": ["ANNOTATED"], "createdAt": "2020-02-03T07:58:06.482Z", "updatedAt": "2020-02-03T07:58:06.482Z", "width": 360, "height": 640}, {"id": "bfb32897-3f48-4fdd-b0dc-69a452d5c0b0", "url": "https://megapx-assets.dcard.tw/images/78e99735-7c9d-4418-8615-99291f86cda9/1280.jpeg", "normalizedUrl": "https://megapx.dcard.tw/v1/images/78e99735-7c9d-4418-8615-99291f86cda9", "thumbnail": "https://megapx-assets.dcard.tw/images/78e99735-7c9d-4418-8615-99291f86cda9/640.jpeg", "type": "image/megapx", "tags": ["ANNOTATED"], "createdAt": "2020-02-03T07:58:06.482Z", "updatedAt": "2020-02-03T07:58:06.482Z", "width": 750, "height": 1334}, {"id": "0a581f31-5374-4187-90e1-1a14b1004388", "url": "https://megapx-assets.dcard.tw/images/7afdc629-529b-4210-905b-4bdc56c46ac4/1280.jpeg", "normalizedUrl": "https://megapx.dcard.tw/v1/images/7afdc629-529b-4210-905b-4bdc56c46ac4", "thumbnail": "https://megapx-assets.dcard.tw/images/7afdc629-529b-4210-905b-4bdc56c46ac4/640.jpeg", "type": "image/megapx", "tags": ["ANNOTATED", "GOOGLE_VISION_ADULT_LIKELY", "SAFE"], "createdAt": "2020-02-03T07:58:06.482Z", "updatedAt": "2020-02-03T07:58:06.482Z", "width": 2000, "height": 2000}], "reactions": [{"id": "286f599c-f86a-4932-82f0-f5a06f1eca03", "count": 17}], "hidden": false, "customStyle": null, "isSuspiciousAccount": false, "layout": "classic", "withImages": true, "withVideos": false, "media": [{"url": "https://megapx-assets.dcard.tw/images/78e99735-7c9d-4418-8615-99291f86cda9/1280.jpeg"}, {"url": "https://megapx-assets.dcard.tw/images/7afdc629-529b-4210-905b-4bdc56c46ac4/1280.jpeg"}], "reportReasonText": "", "postAvatar": ""}, {"id": 233007702, "title": "沒事真的不要亂換店家😢", "excerpt": "雖然顏色好看 但 做完凹凸不平還傷到真甲，重點是美甲師還超自信很喜歡她做的成品，不知道你們看不看的出來，但 中指無名指超......不平，才做了兩個禮拜就卸掉了，跑回去原本的工作室改做單色🥺，不管澎", "anonymousSchool": false, "anonymousDepartment": false, "pinned": false, "forumId": "16b1b561-788e-4214-b4b7-e3102a35fa0d", "replyId": null, "createdAt": "2020-02-03T09:19:35.742Z", "updatedAt": "2020-02-03T09:19:35.742Z", "commentCount": 6, "likeCount": 16, "withNickname": true, "tags": [], "topics": ["美甲", "光療", "光療指甲", "台中美甲"], "meta": {"layout": "classic"}, "forumName": "美甲", "forumAlias": "manicure", "gender": "F", "school": "Helen", "department": "kiki_11", "replyTitle": null, "mediaMeta": [{"id": "adf8f3c0-cfc8-4662-86f2-d6f58cbf47e4", "url": "https://megapx-assets.dcard.tw/images/9e9bc57b-7efe-4fd1-b2ff-de73315d761c/640.jpeg", "normalizedUrl": "https://megapx-assets.dcard.tw/images/9e9bc57b-7efe-4fd1-b2ff-de73315d761c/640.jpeg", "thumbnail": "https://megapx-assets.dcard.tw/images/9e9bc57b-7efe-4fd1-b2ff-de73315d761c/640.jpeg", "type": "image/thumbnail", "tags": [], "createdAt": "2020-02-03T09:19:35.742Z", "updatedAt": "2020-02-03T09:19:35.742Z", "width": 480, "height": 640}, {"id": "adf8f3c0-cfc8-4662-86f2-d6f58cbf47e4", "url": "https://megapx-assets.dcard.tw/images/9e9bc57b-7efe-4fd1-b2ff-de73315d761c/1280.jpeg", "normalizedUrl": "https://megapx.dcard.tw/v1/images/9e9bc57b-7efe-4fd1-b2ff-de73315d761c", "thumbnail": "https://megapx-assets.dcard.tw/images/9e9bc57b-7efe-4fd1-b2ff-de73315d761c/640.jpeg", "type": "image/megapx", "tags": [], "createdAt": "2020-02-03T09:19:35.742Z", "updatedAt": "2020-02-03T09:19:35.742Z", "width": 1500, "height": 2000}, {"id": "591c1125-e619-4b46-987f-84f0264e1f7f", "url": "https://megapx-assets.dcard.tw/images/23b88a09-93b3-4c3f-b72c-59fba5aca1c9/1280.jpeg", "normalizedUrl": "https://megapx.dcard.tw/v1/images/23b88a09-93b3-4c3f-b72c-59fba5aca1c9", "thumbnail": "https://megapx-assets.dcard.tw/images/23b88a09-93b3-4c3f-b72c-59fba5aca1c9/640.jpeg", "type": "image/megapx", "tags": [], "createdAt": "2020-02-03T09:19:35.742Z", "updatedAt": "2020-02-03T09:19:35.742Z", "width": 2000, "height": 1500}], "reactions": [{"id": "286f599c-f86a-4932-82f0-f5a06f1eca03", "count": 16}], "hidden": false, "customStyle": null, "isSuspiciousAccount": false, "layout": "classic", "withImages": true, "withVideos": false, "media": [{"url": "https://megapx-assets.dcard.tw/images/9e9bc57b-7efe-4fd1-b2ff-de73315d761c/1280.jpeg"}, {"url": "https://megapx-assets.dcard.tw/images/23b88a09-93b3-4c3f-b72c-59fba5aca1c9/1280.jpeg"}], "reportReasonText": "", "postAvatar": ""}, {"id": 233004906, "title": "終於找到一間心頭愛的美甲啦❤️", "excerpt": "半夜睡不著來分享一下我的美甲史，先說說我是比較三八的女人，所以喜歡的款式都偏向浮誇華麗，但偶爾還是會稍微素一點，我做的都是純水晶或是水晶光療，指甲延好延滿飾品大顆啵亮，以下照片上皆有馬賽克，是擋住店家", "anonymousSchool": false, "anonymousDepartment": false, "pinned": false, "forumId": "16b1b561-788e-4214-b4b7-e3102a35fa0d", "replyId": null, "createdAt": "2020-02-02T18:57:36.700Z", "updatedAt": "2020-02-02T18:57:36.700Z", "commentCount": 2, "likeCount": 16, "withNickname": true, "tags": [], "topics": ["美甲", "台北美甲"], "meta": {"layout": "classic"}, "forumName": "美甲", "forumAlias": "manicure", "gender": "F", "school": "🌸花仔🌸", "department": "ym080126", "replyTitle": null, "mediaMeta": [{"id": "1a8b107f-e848-447d-856a-e06b89fdb9ca", "url": "https://megapx-assets.dcard.tw/images/701b7f7d-a14a-42ee-824c-23c6a7dc2caf/640.jpeg", "normalizedUrl": "https://megapx-assets.dcard.tw/images/701b7f7d-a14a-42ee-824c-23c6a7dc2caf/640.jpeg", "thumbnail": "https://megapx-assets.dcard.tw/images/701b7f7d-a14a-42ee-824c-23c6a7dc2caf/640.jpeg", "type": "image/thumbnail", "tags": [], "createdAt": "2020-02-02T18:57:36.700Z", "updatedAt": "2020-02-02T18:57:36.700Z", "width": 640, "height": 480}, {"id": "1a8b107f-e848-447d-856a-e06b89fdb9ca", "url": "https://megapx-assets.dcard.tw/images/701b7f7d-a14a-42ee-824c-23c6a7dc2caf/1280.jpeg", "normalizedUrl": "https://megapx.dcard.tw/v1/images/701b7f7d-a14a-42ee-824c-23c6a7dc2caf", "thumbnail": "https://megapx-assets.dcard.tw/images/701b7f7d-a14a-42ee-824c-23c6a7dc2caf/640.jpeg", "type": "image/megapx", "tags": [], "createdAt": "2020-02-02T18:57:36.700Z", "updatedAt": "2020-02-02T18:57:36.700Z", "width": 1477, "height": 1108}, {"id": "60da5cd0-5c2f-4c2e-a463-4c78be44d8f7", "url": "https://megapx-assets.dcard.tw/images/07ddf176-fbfd-4b37-a024-1b71b03f5ad5/1280.jpeg", "normalizedUrl": "https://megapx.dcard.tw/v1/images/07ddf176-fbfd-4b37-a024-1b71b03f5ad5", "thumbnail": "https://megapx-assets.dcard.tw/images/07ddf176-fbfd-4b37-a024-1b71b03f5ad5/640.jpeg", "type": "image/megapx", "tags": [], "createdAt": "2020-02-02T18:57:36.700Z", "updatedAt": "2020-02-02T18:57:36.700Z", "width": 1080, "height": 1440}, {"id": "ec03b6a2-c045-4f97-8bc0-a42c56548c24", "url": "https://megapx-assets.dcard.tw/images/ec78b2fb-5853-431c-997b-09f6c3705490/full.jpeg", "normalizedUrl": "https://megapx.dcard.tw/v1/images/ec78b2fb-5853-431c-997b-09f6c3705490", "thumbnail": "https://megapx-assets.dcard.tw/images/ec78b2fb-5853-431c-997b-09f6c3705490/640.jpeg", "type": "image/megapx", "tags": [], "createdAt": "2020-02-02T18:57:36.700Z", "updatedAt": "2020-02-02T18:57:36.700Z", "width": 1108, "height": 1108}, {"id": "3003b0b5-f436-412c-ab43-587f08886873", "url": "https://megapx-assets.dcard.tw/images/20a1b686-21f5-40aa-ab49-d883bb365d72/1280.jpeg", "normalizedUrl": "https://megapx.dcard.tw/v1/images/20a1b686-21f5-40aa-ab49-d883bb365d72", "thumbnail": "https://megapx-assets.dcard.tw/images/20a1b686-21f5-40aa-ab49-d883bb365d72/640.jpeg", "type": "image/megapx", "tags": [], "createdAt": "2020-02-02T18:57:36.700Z", "updatedAt": "2020-02-02T18:57:36.700Z", "width": 1477, "height": 1108}, {"id": "0cfee488-60da-4974-a99e-ec994f29070b", "url": "https://megapx-assets.dcard.tw/images/9a27523f-6b26-40d8-a4d8-9d744be57a2a/1280.jpeg", "normalizedUrl": "https://megapx.dcard.tw/v1/images/9a27523f-6b26-40d8-a4d8-9d744be57a2a", "thumbnail": "https://megapx-assets.dcard.tw/images/9a27523f-6b26-40d8-a4d8-9d744be57a2a/640.jpeg", "type": "image/megapx", "tags": [], "createdAt": "2020-02-02T18:57:36.700Z", "updatedAt": "2020-02-02T18:57:36.700Z", "width": 1254, "height": 1305}, {"id": "4cd260e9-8a68-4df6-9be7-252242ac128c", "url": "https://megapx-assets.dcard.tw/images/02ebc076-6e69-4b72-b389-0ae9cbbca564/1280.jpeg", "normalizedUrl": "https://megapx.dcard.tw/v1/images/02ebc076-6e69-4b72-b389-0ae9cbbca564", "thumbnail": "https://megapx-assets.dcard.tw/images/02ebc076-6e69-4b72-b389-0ae9cbbca564/640.jpeg", "type": "image/megapx", "tags": [], "createdAt": "2020-02-02T18:57:36.700Z", "updatedAt": "2020-02-02T18:57:36.700Z", "width": 1108, "height": 1477}], "reactions": [{"id": "286f599c-f86a-4932-82f0-f5a06f1eca03", "count": 16}], "hidden": false, "customStyle": null, "isSuspiciousAccount": false, "layout": "classic", "withImages": true, "withVideos": false, "media": [{"url": "https://megapx-assets.dcard.tw/images/701b7f7d-a14a-42ee-824c-23c6a7dc2caf/1280.jpeg"}, {"url": "https://megapx-assets.dcard.tw/images/07ddf176-fbfd-4b37-a024-1b71b03f5ad5/1280.jpeg"}, {"url": "https://megapx-assets.dcard.tw/images/ec78b2fb-5853-431c-997b-09f6c3705490/full.jpeg"}, {"url": "https://megapx-assets.dcard.tw/images/20a1b686-21f5-40aa-ab49-d883bb365d72/1280.jpeg"}, {"url": "https://megapx-assets.dcard.tw/images/9a27523f-6b26-40d8-a4d8-9d744be57a2a/1280.jpeg"}, {"url": "https://megapx-assets.dcard.tw/images/02ebc076-6e69-4b72-b389-0ae9cbbca564/1280.jpeg"}], "reportReasonText": "", "postAvatar": ""}, {"id": 233004380, "title": "分享無工具懶人卸光療", "excerpt": "最近因為出國做了光療，但其實平常沒有做的習慣，覺得回去卸甲好麻煩⋯⋯，突發奇想！，先剪指甲～再拿一個小盆子，裝熱水+一點點沐浴乳，讓手指泡在裡面好久，不知不覺光療居然脫落了，後來其他沒掉的輕輕撥邊緣也", "anonymousSchool": false, "anonymousDepartment": true, "pinned": false, "forumId": "16b1b561-788e-4214-b4b7-e3102a35fa0d", "replyId": null, "createdAt": "2020-02-02T17:09:59.259Z", "updatedAt": "2020-02-02T17:38:10.602Z", "commentCount": 8, "likeCount": 13, "withNickname": false, "tags": [], "topics": ["懶人", "光療", "美甲", "卸甲", "分享"], "meta": {"layout": "classic"}, "forumName": "美甲", "forumAlias": "manicure", "gender": "F", "school": "德明財經科技大學", "replyTitle": null, "mediaMeta": [{"id": "6850319e-30e5-444a-ad13-6df7e0384169", "url": "https://megapx-assets.dcard.tw/images/e40faefe-5b10-4bdb-8dab-fb6b9b2f3b19/640.jpeg", "normalizedUrl": "https://megapx-assets.dcard.tw/images/e40faefe-5b10-4bdb-8dab-fb6b9b2f3b19/640.jpeg", "thumbnail": "https://megapx-assets.dcard.tw/images/e40faefe-5b10-4bdb-8dab-fb6b9b2f3b19/640.jpeg", "type": "image/thumbnail", "tags": ["ANNOTATED"], "createdAt": "2020-02-02T17:09:59.259Z", "updatedAt": "2020-02-02T17:38:10.602Z", "width": 360, "height": 640}, {"id": "6850319e-30e5-444a-ad13-6df7e0384169", "url": "https://megapx-assets.dcard.tw/images/e40faefe-5b10-4bdb-8dab-fb6b9b2f3b19/1280.jpeg", "normalizedUrl": "https://megapx.dcard.tw/v1/images/e40faefe-5b10-4bdb-8dab-fb6b9b2f3b19", "thumbnail": "https://megapx-assets.dcard.tw/images/e40faefe-5b10-4bdb-8dab-fb6b9b2f3b19/640.jpeg", "type": "image/megapx", "tags": ["ANNOTATED"], "createdAt": "2020-02-02T17:09:59.259Z", "updatedAt": "2020-02-02T17:38:10.602Z", "width": 1126, "height": 2000}], "reactions": [{"id": "286f599c-f86a-4932-82f0-f5a06f1eca03", "count": 13}], "hidden": false, "customStyle": null, "isSuspiciousAccount": false, "layout": "classic", "withImages": true, "withVideos": false, "media": [{"url": "https://megapx-assets.dcard.tw/images/e40faefe-5b10-4bdb-8dab-fb6b9b2f3b19/1280.jpeg"}], "reportReasonText": "", "postAvatar": ""}, {"id": 233010561, "title": "光療美甲新手Nail Daily #2 💘", "excerpt": "《光療美甲新手Nail Daily #1   》-｛ 正 文 ｝-，沒想到這麼快來到第二篇，上次大家給了我很多鼓勵，太感謝大家了🤣，這次也希望大家會喜歡，1.之前就一直想嘗試畫個花的，這次試了一下～", "anonymousSchool": false, "anonymousDepartment": true, "pinned": false, "forumId": "16b1b561-788e-4214-b4b7-e3102a35fa0d", "replyId": null, "createdAt": "2020-02-03T15:52:32.568Z", "updatedAt": "2020-02-03T15:53:07.087Z", "commentCount": 1, "likeCount": 12, "withNickname": false, "tags": [], "topics": ["美甲", "新手", "光療", "光療指甲", "美甲板"], "meta": {"layout": "classic"}, "forumName": "美甲", "forumAlias": "manicure", "gender": "F", "school": "長庚科技大學", "replyTitle": null, "mediaMeta": [{"id": "bf93e444-a554-4a74-8d75-ea5cb9a9f5ee", "url": "https://megapx-assets.dcard.tw/images/7d8d5ac6-8c75-4c0d-bf17-4dd0faa85728/640.jpeg", "normalizedUrl": "https://megapx-assets.dcard.tw/images/7d8d5ac6-8c75-4c0d-bf17-4dd0faa85728/640.jpeg", "thumbnail": "https://megapx-assets.dcard.tw/images/7d8d5ac6-8c75-4c0d-bf17-4dd0faa85728/640.jpeg", "type": "image/thumbnail", "tags": ["ANNOTATED"], "createdAt": "2020-02-03T15:52:32.568Z", "updatedAt": "2020-02-03T15:53:07.087Z", "width": 640, "height": 640}, {"id": "bf93e444-a554-4a74-8d75-ea5cb9a9f5ee", "url": "https://megapx-assets.dcard.tw/images/7d8d5ac6-8c75-4c0d-bf17-4dd0faa85728/full.jpeg", "normalizedUrl": "https://megapx.dcard.tw/v1/images/7d8d5ac6-8c75-4c0d-bf17-4dd0faa85728", "thumbnail": "https://megapx-assets.dcard.tw/images/7d8d5ac6-8c75-4c0d-bf17-4dd0faa85728/640.jpeg", "type": "image/megapx", "tags": ["ANNOTATED"], "createdAt": "2020-02-03T15:52:32.568Z", "updatedAt": "2020-02-03T15:53:07.087Z", "width": 1080, "height": 1080}, {"id": "794d49dc-9793-44b3-9372-65094513a9fd", "url": "https://megapx-assets.dcard.tw/images/71b75d01-a7ff-49be-852a-e82374572a03/1280.jpeg", "normalizedUrl": "https://megapx.dcard.tw/v1/images/71b75d01-a7ff-49be-852a-e82374572a03", "thumbnail": "https://megapx-assets.dcard.tw/images/71b75d01-a7ff-49be-852a-e82374572a03/640.jpeg", "type": "image/megapx", "tags": ["ANNOTATED"], "createdAt": "2020-02-03T15:52:32.568Z", "updatedAt": "2020-02-03T15:53:07.087Z", "width": 1122, "height": 2000}, {"id": "3a1d9d30-2f12-4622-b5d6-7198e208c6bd", "url": "https://megapx-assets.dcard.tw/images/c4b55c1a-95b9-48e2-ac32-71355b65c0ae/full.jpeg", "normalizedUrl": "https://megapx.dcard.tw/v1/images/c4b55c1a-95b9-48e2-ac32-71355b65c0ae", "thumbnail": "https://megapx-assets.dcard.tw/images/c4b55c1a-95b9-48e2-ac32-71355b65c0ae/640.jpeg", "type": "image/megapx", "tags": ["ANNOTATED"], "createdAt": "2020-02-03T15:52:32.568Z", "updatedAt": "2020-02-03T15:53:07.087Z", "width": 1080, "height": 1080}, {"id": "37098363-40f3-4d84-bf57-8e86d53de6ab", "url": "https://megapx-assets.dcard.tw/images/d695b6f0-232f-4f74-b383-17e0520d0008/full.jpeg", "normalizedUrl": "https://megapx.dcard.tw/v1/images/d695b6f0-232f-4f74-b383-17e0520d0008", "thumbnail": "https://megapx-assets.dcard.tw/images/d695b6f0-232f-4f74-b383-17e0520d0008/640.jpeg", "type": "image/megapx", "tags": ["ANNOTATED"], "createdAt": "2020-02-03T15:52:32.568Z", "updatedAt": "2020-02-03T15:53:07.087Z", "width": 1080, "height": 1080}, {"id": "53973a23-cc97-4195-b66f-7e660437d5ba", "url": "https://megapx-assets.dcard.tw/images/01a29643-ad60-4ef7-a6af-1be8ac4c4f26/1280.jpeg", "normalizedUrl": "https://megapx.dcard.tw/v1/images/01a29643-ad60-4ef7-a6af-1be8ac4c4f26", "thumbnail": "https://megapx-assets.dcard.tw/images/01a29643-ad60-4ef7-a6af-1be8ac4c4f26/640.jpeg", "type": "image/megapx", "tags": ["ANNOTATED"], "createdAt": "2020-02-03T15:52:32.568Z", "updatedAt": "2020-02-03T15:53:07.087Z", "width": 1122, "height": 2000}, {"id": "5470275f-9b3d-45ff-b249-91a42faf0053", "url": "https://megapx-assets.dcard.tw/images/0c002c79-09f9-4824-9796-e7f69b95955b/1280.jpeg", "normalizedUrl": "https://megapx.dcard.tw/v1/images/0c002c79-09f9-4824-9796-e7f69b95955b", "thumbnail": "https://megapx-assets.dcard.tw/images/0c002c79-09f9-4824-9796-e7f69b95955b/640.jpeg", "type": "image/megapx", "tags": ["ANNOTATED"], "createdAt": "2020-02-03T15:52:32.568Z", "updatedAt": "2020-02-03T15:53:07.087Z", "width": 1122, "height": 2000}, {"id": "c8e93e65-202b-4b95-a3bd-3f78693f62c7", "url": "https://megapx-assets.dcard.tw/images/abef3ea7-74ec-4c5c-abc6-371f258a65b0/1280.jpeg", "normalizedUrl": "https://megapx.dcard.tw/v1/images/abef3ea7-74ec-4c5c-abc6-371f258a65b0", "thumbnail": "https://megapx-assets.dcard.tw/images/abef3ea7-74ec-4c5c-abc6-371f258a65b0/640.jpeg", "type": "image/megapx", "tags": ["ANNOTATED"], "createdAt": "2020-02-03T15:52:32.568Z", "updatedAt": "2020-02-03T15:53:07.087Z", "width": 1122, "height": 2000}, {"id": "3eee5645-227e-4c9f-be91-4833da88c1c4", "url": "https://megapx-assets.dcard.tw/images/427aa0f9-6813-42a8-9927-71ca5d8e71ae/1280.jpeg", "normalizedUrl": "https://megapx.dcard.tw/v1/images/427aa0f9-6813-42a8-9927-71ca5d8e71ae", "thumbnail": "https://megapx-assets.dcard.tw/images/427aa0f9-6813-42a8-9927-71ca5d8e71ae/640.jpeg", "type": "image/megapx", "tags": ["ANNOTATED"], "createdAt": "2020-02-03T15:52:32.568Z", "updatedAt": "2020-02-03T15:53:07.087Z", "width": 1122, "height": 2000}], "reactions": [{"id": "286f599c-f86a-4932-82f0-f5a06f1eca03", "count": 12}], "hidden": false, "customStyle": null, "isSuspiciousAccount": false, "layout": "classic", "withImages": true, "withVideos": false, "media": [{"url": "https://megapx-assets.dcard.tw/images/7d8d5ac6-8c75-4c0d-bf17-4dd0faa85728/full.jpeg"}, {"url": "https://megapx-assets.dcard.tw/images/71b75d01-a7ff-49be-852a-e82374572a03/1280.jpeg"}, {"url": "https://megapx-assets.dcard.tw/images/c4b55c1a-95b9-48e2-ac32-71355b65c0ae/full.jpeg"}, {"url": "https://megapx-assets.dcard.tw/images/d695b6f0-232f-4f74-b383-17e0520d0008/full.jpeg"}, {"url": "https://megapx-assets.dcard.tw/images/01a29643-ad60-4ef7-a6af-1be8ac4c4f26/1280.jpeg"}, {"url": "https://megapx-assets.dcard.tw/images/0c002c79-09f9-4824-9796-e7f69b95955b/1280.jpeg"}, {"url": "https://megapx-assets.dcard.tw/images/abef3ea7-74ec-4c5c-abc6-371f258a65b0/1280.jpeg"}, {"url": "https://megapx-assets.dcard.tw/images/427aa0f9-6813-42a8-9927-71ca5d8e71ae/1280.jpeg"}], "reportReasonText": "", "postAvatar": ""}, {"id": 233010545, "title": "DIY 光療 紫色貓眼🌟", "excerpt": "- 紫色貓眼，·黑色打底+紫色貓眼，·小鑽飾，-", "anonymousSchool": false, "anonymousDepartment": false, "pinned": false, "forumId": "16b1b561-788e-4214-b4b7-e3102a35fa0d", "replyId": null, "createdAt": "2020-02-03T15:50:53.211Z", "updatedAt": "2020-02-03T15:52:28.739Z", "commentCount": 0, "likeCount": 10, "withNickname": true, "tags": [], "topics": ["光療", "美甲", "光療指甲", "DIY光療", "貓眼"], "meta": {"layout": "classic"}, "forumName": "美甲", "forumAlias": "manicure", "gender": "F", "school": "乸", "department": "nanazzz_", "replyTitle": null, "mediaMeta": [{"id": "5e3da6f7-43ae-4a8b-a99f-6da1fd3b5264", "url": "https://i.imgur.com/YIdolBWl.jpg", "normalizedUrl": "https://i.imgur.com/YIdolBWl.jpg", "thumbnail": "https://i.imgur.com/YIdolBWl.jpg", "type": "image/thumbnail", "tags": ["ANNOTATED"], "createdAt": "2020-02-03T15:50:53.211Z", "updatedAt": "2020-02-03T15:52:28.739Z"}, {"id": "5e3da6f7-43ae-4a8b-a99f-6da1fd3b5264", "url": "https://i.imgur.com/YIdolBW.jpg", "normalizedUrl": "https://imgur.com/YIdolBW", "thumbnail": "https://i.imgur.com/YIdolBWl.jpg", "type": "image/imgur", "tags": ["ANNOTATED"], "createdAt": "2020-02-03T15:50:53.211Z", "updatedAt": "2020-02-03T15:52:28.739Z"}, {"id": "5a64bb21-06a7-4148-92df-f2e7a5935f45", "url": "https://i.imgur.com/hPs6OFU.jpg", "normalizedUrl": "https://imgur.com/hPs6OFU", "thumbnail": "https://i.imgur.com/hPs6OFUl.jpg", "type": "image/imgur", "tags": ["ANNOTATED"], "createdAt": "2020-02-03T15:50:53.211Z", "updatedAt": "2020-02-03T15:52:28.739Z"}], "reactions": [{"id": "286f599c-f86a-4932-82f0-f5a06f1eca03", "count": 10}], "hidden": false, "customStyle": null, "isSuspiciousAccount": false, "layout": "classic", "withImages": true, "withVideos": false, "media": [{"url": "https://i.imgur.com/YIdolBW.jpg"}, {"url": "https://i.imgur.com/hPs6OFU.jpg"}], "reportReasonText": "", "postAvatar": ""}, {"id": 233004563, "title": "指甲上有白點", "excerpt": "如上圖，前陣子做海底撈的單色美甲，後來回去給他們卸甲，才知道是有點直接用工具摳下來的卸甲方式⋯，卸完發現指甲上有這樣的白點（食指），想請問這是什麼情況呢？第一次遇到這樣的狀況，求助下各位水水～謝謝", "anonymousSchool": false, "anonymousDepartment": true, "pinned": false, "forumId": "16b1b561-788e-4214-b4b7-e3102a35fa0d", "replyId": null, "createdAt": "2020-02-02T17:37:04.591Z", "updatedAt": "2020-02-02T17:37:04.591Z", "commentCount": 3, "likeCount": 5, "withNickname": false, "tags": [], "topics": ["白點"], "meta": {"layout": "classic"}, "forumName": "美甲", "forumAlias": "manicure", "gender": "F", "school": "朝陽科技大學", "replyTitle": null, "mediaMeta": [{"id": "cf329af1-bd02-4c14-b3da-285cd1ab9963", "url": "https://i.imgur.com/0UpitKll.jpg", "normalizedUrl": "https://i.imgur.com/0UpitKll.jpg", "thumbnail": "https://i.imgur.com/0UpitKll.jpg", "type": "image/thumbnail", "tags": ["ANNOTATED"], "createdAt": "2020-02-02T17:37:04.591Z", "updatedAt": "2020-02-02T17:37:04.591Z"}, {"id": "cf329af1-bd02-4c14-b3da-285cd1ab9963", "url": "https://i.imgur.com/0UpitKl.jpg", "normalizedUrl": "https://imgur.com/0UpitKl", "thumbnail": "https://i.imgur.com/0UpitKll.jpg", "type": "image/imgur", "tags": ["ANNOTATED"], "createdAt": "2020-02-02T17:37:04.591Z", "updatedAt": "2020-02-02T17:37:04.591Z"}], "reactions": [{"id": "286f599c-f86a-4932-82f0-f5a06f1eca03", "count": 5}], "hidden": false, "customStyle": null, "isSuspiciousAccount": false, "layout": "classic", "withImages": true, "withVideos": false, "media": [{"url": "https://i.imgur.com/0UpitKl.jpg"}], "reportReasonText": "", "postAvatar": ""}, {"id": 233003975, "title": "（中壢）徵　　　手足保養手模", "excerpt": "徵　　　手足保養手模，地點：中壢區，手足保養護理，改善手　足底死皮硬皮🤩，🈲️🈲️🈲️趕時間，不耐久坐　完美主義要求一堆　放鳥　沒禮貌，🈲️🈲️🈲️禁　貪小便宜，⭐️⭐️⭐️需要幫忙按追", "anonymousSchool": false, "anonymousDepartment": false, "pinned": false, "forumId": "16b1b561-788e-4214-b4b7-e3102a35fa0d", "replyId": null, "createdAt": "2020-02-02T16:12:57.211Z", "updatedAt": "2020-02-02T16:16:19.131Z", "commentCount": 21, "likeCount": 5, "withNickname": true, "tags": [], "topics": ["手模", "美甲", "光療", "光療指甲", "美甲板"], "meta": {"layout": "classic"}, "forumName": "美甲", "forumAlias": "manicure", "gender": "F", "school": "珍珠奶茶", "department": "wwww.wwww", "replyTitle": null, "mediaMeta": [], "reactions": [{"id": "286f599c-f86a-4932-82f0-f5a06f1eca03", "count": 5}], "hidden": false, "customStyle": null, "isSuspiciousAccount": false, "layout": "classic", "withImages": false, "withVideos": false, "media": [], "reportReasonText": "", "postAvatar": ""}, {"id": 233010685, "title": "首次光療分享✨", "excerpt": "觀望了很久終於在這次寒假約了第一次ㄉ光療！，在本來想約的一家台北東區美甲回訊很慢，又排不到想要的時間o（╯□╰）o，剛好那時候人在捷運中山站附近，就用ig的tag搜尋了中山站美甲XD，意外發現了一家剛", "anonymousSchool": false, "anonymousDepartment": true, "pinned": false, "forumId": "16b1b561-788e-4214-b4b7-e3102a35fa0d", "replyId": null, "createdAt": "2020-02-03T16:04:57.989Z", "updatedAt": "2020-02-03T16:04:57.989Z", "commentCount": 2, "likeCount": 4, "withNickname": false, "tags": [], "topics": ["光療", "美甲板", "台北美甲", "光療指甲", "分享"], "meta": {"layout": "classic"}, "forumName": "美甲", "forumAlias": "manicure", "gender": "F", "school": "國立臺灣大學", "replyTitle": null, "mediaMeta": [{"id": "8db10831-a73b-4565-9f07-9ce3cd6121c8", "url": "https://i.imgur.com/1Da6Qsyl.jpg", "normalizedUrl": "https://i.imgur.com/1Da6Qsyl.jpg", "thumbnail": "https://i.imgur.com/1Da6Qsyl.jpg", "type": "image/thumbnail", "tags": [], "createdAt": "2020-02-03T16:04:57.989Z", "updatedAt": "2020-02-03T16:04:57.989Z"}, {"id": "8db10831-a73b-4565-9f07-9ce3cd6121c8", "url": "https://i.imgur.com/1Da6Qsy.jpg", "normalizedUrl": "https://imgur.com/1Da6Qsy", "thumbnail": "https://i.imgur.com/1Da6Qsyl.jpg", "type": "image/imgur", "tags": [], "createdAt": "2020-02-03T16:04:57.989Z", "updatedAt": "2020-02-03T16:04:57.989Z"}, {"id": "c689062c-9677-4bff-974a-45da0c420db7", "url": "https://i.imgur.com/eSqsojq.jpg", "normalizedUrl": "https://imgur.com/eSqsojq", "thumbnail": "https://i.imgur.com/eSqsojql.jpg", "type": "image/imgur", "tags": [], "createdAt": "2020-02-03T16:04:57.989Z", "updatedAt": "2020-02-03T16:04:57.989Z"}], "reactions": [{"id": "286f599c-f86a-4932-82f0-f5a06f1eca03", "count": 4}], "hidden": false, "customStyle": null, "isSuspiciousAccount": false, "layout": "classic", "withImages": true, "withVideos": false, "media": [{"url": "https://i.imgur.com/1Da6Qsy.jpg"}, {"url": "https://i.imgur.com/eSqsojq.jpg"}], "reportReasonText": "", "postAvatar": ""}, {"id": 233009697, "title": "桃園區誠徵手摸", "excerpt": "不像新手的新手誠徵手摸，完全免費🆓，純粹只是想要累積大量作品照片，有興趣的下面+1（人數有到會開表單），謝謝大家", "anonymousSchool": false, "anonymousDepartment": false, "pinned": false, "forumId": "16b1b561-788e-4214-b4b7-e3102a35fa0d", "replyId": null, "createdAt": "2020-02-03T14:08:54.510Z", "updatedAt": "2020-02-03T14:08:54.510Z", "commentCount": 27, "likeCount": 4, "withNickname": true, "tags": ["HIDE_THUMBNAIL"], "topics": ["美甲", "光療", "桃園區", "光療指甲", "美甲板"], "meta": {"layout": "classic"}, "forumName": "美甲", "forumAlias": "manicure", "gender": "F", "school": "莓甲師", "department": "bear0616", "replyTitle": null, "mediaMeta": [], "reactions": [{"id": "286f599c-f86a-4932-82f0-f5a06f1eca03", "count": 4}], "hidden": false, "customStyle": null, "isSuspiciousAccount": false, "layout": "classic", "withImages": false, "withVideos": false, "media": [], "reportReasonText": "", "postAvatar": ""}, {"id": 233012364, "title": "為什麼(;´༎ຶД༎ຶ`)！！", "excerpt": "為什麼人家塗起來都是溫柔的大地色&奶茶色，我塗起來就變成有點紫紫的粉色啊！！！，我有調色讓他看起來比較接近我肉眼看到的，但指甲本人更紫啊 為什麼（；´༎ຶД༎ຶ`）～～～～順帶一提！，Innisfre", "anonymousSchool": false, "anonymousDepartment": false, "pinned": false, "forumId": "16b1b561-788e-4214-b4b7-e3102a35fa0d", "replyId": 231223763, "createdAt": "2020-02-04T01:57:56.996Z", "updatedAt": "2020-02-04T01:58:41.018Z", "commentCount": 3, "likeCount": 3, "withNickname": true, "tags": [], "topics": ["問題"], "meta": {"layout": "classic"}, "forumName": "美甲", "forumAlias": "manicure", "gender": "F", "school": "校園嬌娃", "department": "by90108", "replyTitle": "溫柔大地色 innisfree指甲油44號(⁎⁍̴̛ᴗ⁍̴̛⁎)", "mediaMeta": [{"id": "26984865-2d7e-4ce8-a107-fffb394ca3ba", "url": "https://megapx-assets.dcard.tw/images/ab77765b-c774-4b61-ad4a-6017e6cd7604/640.jpeg", "normalizedUrl": "https://megapx-assets.dcard.tw/images/ab77765b-c774-4b61-ad4a-6017e6cd7604/640.jpeg", "thumbnail": "https://megapx-assets.dcard.tw/images/ab77765b-c774-4b61-ad4a-6017e6cd7604/640.jpeg", "type": "image/thumbnail", "tags": ["ANNOTATED"], "createdAt": "2020-02-04T01:57:56.996Z", "updatedAt": "2020-02-04T01:58:41.018Z", "width": 480, "height": 640}, {"id": "26984865-2d7e-4ce8-a107-fffb394ca3ba", "url": "https://megapx-assets.dcard.tw/images/ab77765b-c774-4b61-ad4a-6017e6cd7604/1280.jpeg", "normalizedUrl": "https://megapx.dcard.tw/v1/images/ab77765b-c774-4b61-ad4a-6017e6cd7604", "thumbnail": "https://megapx-assets.dcard.tw/images/ab77765b-c774-4b61-ad4a-6017e6cd7604/640.jpeg", "type": "image/megapx", "tags": ["ANNOTATED"], "createdAt": "2020-02-04T01:57:56.996Z", "updatedAt": "2020-02-04T01:58:41.018Z", "width": 1500, "height": 2000}], "reactions": [{"id": "286f599c-f86a-4932-82f0-f5a06f1eca03", "count": 3}], "hidden": false, "customStyle": null, "isSuspiciousAccount": false, "layout": "classic", "withImages": true, "withVideos": false, "media": [{"url": "https://megapx-assets.dcard.tw/images/ab77765b-c774-4b61-ad4a-6017e6cd7604/1280.jpeg"}], "reportReasonText": "", "postAvatar": ""}, {"id": 233010362, "title": "光療。新歡與舊愛(˶‾᷄ ⁻̫ ‾᷅˵)", "excerpt": "自從實習結束後開始光療不歸路，以下上圖：1.粉紅光毛呢系，個人喜歡指甲長長之後的感覺，每次做完光療之後每天大概要看個7749遍吧（笑，2.金粉與玻璃紙組合，這組圖比較不明顯 因為光線有點不足 將就拍一", "anonymousSchool": false, "anonymousDepartment": false, "pinned": false, "forumId": "16b1b561-788e-4214-b4b7-e3102a35fa0d", "replyId": null, "createdAt": "2020-02-03T15:28:59.792Z", "updatedAt": "2020-02-03T15:28:59.792Z", "commentCount": 0, "likeCount": 3, "withNickname": true, "tags": [], "topics": ["光療"], "meta": {"layout": "classic"}, "forumName": "美甲", "forumAlias": "manicure", "gender": "F", "school": "邁向偉大的航道👣", "department": "pink1202", "replyTitle": null, "mediaMeta": [{"id": "da7b2eaf-bf4b-4241-80df-8b4a25499d2d", "url": "https://megapx-assets.dcard.tw/images/2bd53cb7-a49b-4b23-b000-e4f2e749174c/640.jpeg", "normalizedUrl": "https://megapx-assets.dcard.tw/images/2bd53cb7-a49b-4b23-b000-e4f2e749174c/640.jpeg", "thumbnail": "https://megapx-assets.dcard.tw/images/2bd53cb7-a49b-4b23-b000-e4f2e749174c/640.jpeg", "type": "image/thumbnail", "tags": [], "createdAt": "2020-02-03T15:28:59.792Z", "updatedAt": "2020-02-03T15:28:59.792Z", "width": 480, "height": 640}, {"id": "da7b2eaf-bf4b-4241-80df-8b4a25499d2d", "url": "https://megapx-assets.dcard.tw/images/2bd53cb7-a49b-4b23-b000-e4f2e749174c/1280.jpeg", "normalizedUrl": "https://megapx.dcard.tw/v1/images/2bd53cb7-a49b-4b23-b000-e4f2e749174c", "thumbnail": "https://megapx-assets.dcard.tw/images/2bd53cb7-a49b-4b23-b000-e4f2e749174c/640.jpeg", "type": "image/megapx", "tags": [], "createdAt": "2020-02-03T15:28:59.792Z", "updatedAt": "2020-02-03T15:28:59.792Z", "width": 1500, "height": 2000}, {"id": "7e27e45f-bfeb-4c7a-a5b9-57c9fa2c9106", "url": "https://megapx-assets.dcard.tw/images/e73fcc80-831a-4054-9613-f685cf0ffdb9/1280.jpeg", "normalizedUrl": "https://megapx.dcard.tw/v1/images/e73fcc80-831a-4054-9613-f685cf0ffdb9", "thumbnail": "https://megapx-assets.dcard.tw/images/e73fcc80-831a-4054-9613-f685cf0ffdb9/640.jpeg", "type": "image/megapx", "tags": [], "createdAt": "2020-02-03T15:28:59.792Z", "updatedAt": "2020-02-03T15:28:59.792Z", "width": 1500, "height": 2000}, {"id": "31ed2c18-23c9-44cb-93e3-d6be942fd427", "url": "https://megapx-assets.dcard.tw/images/3a4f859d-3a95-47e0-aed8-e0807eaf1982/1280.jpeg", "normalizedUrl": "https://megapx.dcard.tw/v1/images/3a4f859d-3a95-47e0-aed8-e0807eaf1982", "thumbnail": "https://megapx-assets.dcard.tw/images/3a4f859d-3a95-47e0-aed8-e0807eaf1982/640.jpeg", "type": "image/megapx", "tags": [], "createdAt": "2020-02-03T15:28:59.792Z", "updatedAt": "2020-02-03T15:28:59.792Z", "width": 1500, "height": 2000}, {"id": "dfa62906-6cd7-41c2-89fb-14f3ee37ab05", "url": "https://megapx-assets.dcard.tw/images/3060c907-f43b-44e7-8b79-a633132e081a/1280.jpeg", "normalizedUrl": "https://megapx.dcard.tw/v1/images/3060c907-f43b-44e7-8b79-a633132e081a", "thumbnail": "https://megapx-assets.dcard.tw/images/3060c907-f43b-44e7-8b79-a633132e081a/640.jpeg", "type": "image/megapx", "tags": [], "createdAt": "2020-02-03T15:28:59.792Z", "updatedAt": "2020-02-03T15:28:59.792Z", "width": 2000, "height": 2000}, {"id": "06ded3af-4c71-43f5-89d7-f845f05ce7d7", "url": "https://megapx-assets.dcard.tw/images/bda29aa4-74b5-4de2-bf4e-0ca85b0e4354/1280.jpeg", "normalizedUrl": "https://megapx.dcard.tw/v1/images/bda29aa4-74b5-4de2-bf4e-0ca85b0e4354", "thumbnail": "https://megapx-assets.dcard.tw/images/bda29aa4-74b5-4de2-bf4e-0ca85b0e4354/640.jpeg", "type": "image/megapx", "tags": [], "createdAt": "2020-02-03T15:28:59.792Z", "updatedAt": "2020-02-03T15:28:59.792Z", "width": 2000, "height": 2000}], "reactions": [{"id": "286f599c-f86a-4932-82f0-f5a06f1eca03", "count": 3}], "hidden": false, "customStyle": null, "isSuspiciousAccount": false, "layout": "classic", "withImages": true, "withVideos": false, "media": [{"url": "https://megapx-assets.dcard.tw/images/2bd53cb7-a49b-4b23-b000-e4f2e749174c/1280.jpeg"}, {"url": "https://megapx-assets.dcard.tw/images/e73fcc80-831a-4054-9613-f685cf0ffdb9/1280.jpeg"}, {"url": "https://megapx-assets.dcard.tw/images/3a4f859d-3a95-47e0-aed8-e0807eaf1982/1280.jpeg"}, {"url": "https://megapx-assets.dcard.tw/images/3060c907-f43b-44e7-8b79-a633132e081a/1280.jpeg"}, {"url": "https://megapx-assets.dcard.tw/images/bda29aa4-74b5-4de2-bf4e-0ca85b0e4354/1280.jpeg"}], "reportReasonText": "", "postAvatar": ""}, {"id": 233011030, "title": "高雄徵手模", "excerpt": "過程完全免費，需素甲，指甲長度不可完全貼肉，項目為鏡面.延甲（可自己挑色），人數到了就開車", "anonymousSchool": false, "anonymousDepartment": true, "pinned": false, "forumId": "16b1b561-788e-4214-b4b7-e3102a35fa0d", "replyId": null, "createdAt": "2020-02-03T16:46:28.874Z", "updatedAt": "2020-02-03T16:46:28.874Z", "commentCount": 16, "likeCount": 2, "withNickname": false, "tags": ["HIDE_THUMBNAIL"], "topics": ["手模", "美甲", "高雄"], "meta": {"layout": "classic"}, "forumName": "美甲", "forumAlias": "manicure", "gender": "F", "school": "台南應用科技大學", "replyTitle": null, "mediaMeta": [], "reactions": [{"id": "286f599c-f86a-4932-82f0-f5a06f1eca03", "count": 2}], "hidden": false, "customStyle": null, "isSuspiciousAccount": false, "layout": "classic", "withImages": false, "withVideos": false, "media": [], "reportReasonText": "", "postAvatar": ""}]