[{"id": 233005054, "title": "結婚真的很累，好想公證就好，岳母你是在哈囉？", "excerpt": "我們交往了十年，在今年也被催婚了，不是家人覺得久，是因為想讓老婆生病的家人「可以」看到婚宴，原本是八個月可以籌備，後來因病情不樂觀一口氣變成四個月，好那就趕緊籌備吧！，我們是訂結一起的，籌備就是雙方看", "anonymousSchool": true, "anonymousDepartment": true, "pinned": false, "forumId": "f11e8d02-6756-4376-9db3-e1cca4d2a66c", "replyId": null, "createdAt": "2020-02-02T19:46:05.626Z", "updatedAt": "2020-02-02T19:46:05.626Z", "commentCount": 33, "likeCount": 325, "withNickname": false, "tags": ["HIDE_THUMBNAIL"], "topics": ["岳母", "結婚", "價值觀", "家庭", "婚禮"], "meta": {"layout": "classic"}, "forumName": "結婚", "forumAlias": "marriage", "gender": "M", "replyTitle": null, "mediaMeta": [], "reactions": [{"id": "286f599c-f86a-4932-82f0-f5a06f1eca03", "count": 308}, {"id": "011ead16-9b83-4729-9fde-c588920c6c2d", "count": 7}, {"id": "4b018f48-e184-445f-adf1-fc8e04ba09b9", "count": 7}, {"id": "aa0d425f-d530-4478-9a77-fe3aedc79eea", "count": 2}, {"id": "514c2569-fd53-4d9d-a415-bf0f88e7329f", "count": 1}], "hidden": false, "customStyle": null, "isSuspiciousAccount": false, "layout": "classic", "withImages": false, "withVideos": false, "media": [], "reportReasonText": "", "postAvatar": ""}, {"id": 233007096, "title": "提親，才知道你們的愛。", "excerpt": "-光明正大再放一次，我是原po，從求婚到現在，昨天男友家人正式來跟我們提親了！，呼～雖然短短時間但直到提親結束後才有種，：真的要結婚了啊！，因為在提親結束前中間發生了很多的事情，讓我有一度覺得好累好疲", "anonymousSchool": true, "anonymousDepartment": true, "pinned": false, "forumId": "f11e8d02-6756-4376-9db3-e1cca4d2a66c", "replyId": null, "createdAt": "2020-02-03T08:04:59.287Z", "updatedAt": "2020-02-03T14:45:28.265Z", "commentCount": 7, "likeCount": 153, "withNickname": false, "tags": [], "topics": ["結婚", "家庭", "婚禮", "家人", "提親"], "meta": {"layout": "classic"}, "forumName": "結婚", "forumAlias": "marriage", "gender": "F", "replyTitle": null, "mediaMeta": [{"id": "5ff82e55-7d14-4551-bdf4-b103d5132e05", "url": "https://megapx-assets.dcard.tw/images/aaf496a4-1068-4416-996c-4baaf330c0ba/640.jpeg", "normalizedUrl": "https://megapx-assets.dcard.tw/images/aaf496a4-1068-4416-996c-4baaf330c0ba/640.jpeg", "thumbnail": "https://megapx-assets.dcard.tw/images/aaf496a4-1068-4416-996c-4baaf330c0ba/640.jpeg", "type": "image/thumbnail", "tags": ["ANNOTATED"], "createdAt": "2020-02-03T08:07:55.829Z", "updatedAt": "2020-02-03T14:45:28.265Z", "width": 360, "height": 640}, {"id": "5ff82e55-7d14-4551-bdf4-b103d5132e05", "url": "https://megapx-assets.dcard.tw/images/aaf496a4-1068-4416-996c-4baaf330c0ba/1280.jpeg", "normalizedUrl": "https://megapx.dcard.tw/v1/images/aaf496a4-1068-4416-996c-4baaf330c0ba", "thumbnail": "https://megapx-assets.dcard.tw/images/aaf496a4-1068-4416-996c-4baaf330c0ba/640.jpeg", "type": "image/megapx", "tags": ["ANNOTATED"], "createdAt": "2020-02-03T08:07:55.829Z", "updatedAt": "2020-02-03T14:45:28.265Z", "width": 828, "height": 1472}], "reactions": [{"id": "286f599c-f86a-4932-82f0-f5a06f1eca03", "count": 152}, {"id": "4b018f48-e184-445f-adf1-fc8e04ba09b9", "count": 1}], "hidden": false, "customStyle": null, "isSuspiciousAccount": false, "layout": "classic", "withImages": true, "withVideos": false, "media": [{"url": "https://megapx-assets.dcard.tw/images/aaf496a4-1068-4416-996c-4baaf330c0ba/1280.jpeg"}], "reportReasonText": "", "postAvatar": ""}, {"id": 233009764, "title": "自主輕婚紗 #心得分享", "excerpt": "我是之前有在結婚版徵過人免費拍攝婚紗的Rex，這陣子終於快要拍攝完當初有填單的各位了，想說來分享一下之前拍攝讓我印象比較深刻的一組，這是我第一次跑到北北基之外去拍攝婚紗，也是我第一次拍攝澳洲人，英文不", "anonymousSchool": false, "anonymousDepartment": true, "pinned": false, "forumId": "f11e8d02-6756-4376-9db3-e1cca4d2a66c", "replyId": null, "createdAt": "2020-02-03T14:16:45.890Z", "updatedAt": "2020-02-03T14:16:45.890Z", "commentCount": 1, "likeCount": 20, "withNickname": true, "tags": [], "topics": ["婚紗", "自主", "婚禮", "愛情", "結婚"], "meta": {"layout": "classic"}, "forumName": "結婚", "forumAlias": "marriage", "gender": "M", "school": "Rex_Chang", "department": "rex_chang_image", "replyTitle": null, "mediaMeta": [{"id": "e4f2efc2-77f2-45b6-94a6-4685648264d1", "url": "https://i.imgur.com/j6XRyh4l.jpg", "normalizedUrl": "https://i.imgur.com/j6XRyh4l.jpg", "thumbnail": "https://i.imgur.com/j6XRyh4l.jpg", "type": "image/thumbnail", "tags": ["ANNOTATED"], "createdAt": "2020-02-03T14:16:45.890Z", "updatedAt": "2020-02-03T14:16:45.890Z"}, {"id": "e4f2efc2-77f2-45b6-94a6-4685648264d1", "url": "http://i.imgur.com/j6XRyh4.jpg", "normalizedUrl": "https://imgur.com/j6XRyh4", "thumbnail": "https://i.imgur.com/j6XRyh4l.jpg", "type": "image/imgur", "tags": ["ANNOTATED"], "createdAt": "2020-02-03T14:16:45.890Z", "updatedAt": "2020-02-03T14:16:45.890Z"}, {"id": "5362016a-1e42-4b5f-bbdf-01c69bc19988", "url": "http://i.imgur.com/akVyGI9.jpg", "normalizedUrl": "https://imgur.com/akVyGI9", "thumbnail": "https://i.imgur.com/akVyGI9l.jpg", "type": "image/imgur", "tags": ["ANNOTATED"], "createdAt": "2020-02-03T14:16:45.890Z", "updatedAt": "2020-02-03T14:16:45.890Z"}, {"id": "58f8bb9e-ac58-4d6d-a878-b12cd033355e", "url": "http://i.imgur.com/qEiA8jA.jpg", "normalizedUrl": "https://imgur.com/qEiA8jA", "thumbnail": "https://i.imgur.com/qEiA8jAl.jpg", "type": "image/imgur", "tags": ["ANNOTATED"], "createdAt": "2020-02-03T14:16:45.890Z", "updatedAt": "2020-02-03T14:16:45.890Z"}, {"id": "250fdfa0-c524-47fb-b7f3-5323001e83eb", "url": "http://i.imgur.com/hQoj1aH.jpg", "normalizedUrl": "https://imgur.com/hQoj1aH", "thumbnail": "https://i.imgur.com/hQoj1aHl.jpg", "type": "image/imgur", "tags": ["ANNOTATED"], "createdAt": "2020-02-03T14:16:45.890Z", "updatedAt": "2020-02-03T14:16:45.890Z"}, {"id": "14c9d306-ce8f-4c28-b443-d30c353174c2", "url": "http://i.imgur.com/qFxfRIm.jpg", "normalizedUrl": "https://imgur.com/qFxfRIm", "thumbnail": "https://i.imgur.com/qFxfRIml.jpg", "type": "image/imgur", "tags": ["ANNOTATED"], "createdAt": "2020-02-03T14:16:45.890Z", "updatedAt": "2020-02-03T14:16:45.890Z"}, {"id": "a7c930f3-65b4-4d2e-83b4-53aabdfd88d9", "url": "http://i.imgur.com/CpyScQn.jpg", "normalizedUrl": "https://imgur.com/CpyScQn", "thumbnail": "https://i.imgur.com/CpyScQnl.jpg", "type": "image/imgur", "tags": ["ANNOTATED"], "createdAt": "2020-02-03T14:16:45.890Z", "updatedAt": "2020-02-03T14:16:45.890Z"}, {"id": "b3863367-f4d0-49bb-bfab-44621c2ea495", "url": "http://i.imgur.com/anqPgXs.jpg", "normalizedUrl": "https://imgur.com/anqPgXs", "thumbnail": "https://i.imgur.com/anqPgXsl.jpg", "type": "image/imgur", "tags": ["ANNOTATED"], "createdAt": "2020-02-03T14:16:45.890Z", "updatedAt": "2020-02-03T14:16:45.890Z"}, {"id": "ba781879-dc98-4750-b672-4bb31c895e9b", "url": "http://i.imgur.com/QinX4Lc.jpg", "normalizedUrl": "https://imgur.com/QinX4Lc", "thumbnail": "https://i.imgur.com/QinX4Lcl.jpg", "type": "image/imgur", "tags": ["ANNOTATED"], "createdAt": "2020-02-03T14:16:45.890Z", "updatedAt": "2020-02-03T14:16:45.890Z"}], "reactions": [{"id": "286f599c-f86a-4932-82f0-f5a06f1eca03", "count": 20}], "hidden": false, "customStyle": null, "isSuspiciousAccount": false, "layout": "classic", "withImages": true, "withVideos": false, "media": [{"url": "http://i.imgur.com/j6XRyh4.jpg"}, {"url": "http://i.imgur.com/akVyGI9.jpg"}, {"url": "http://i.imgur.com/qEiA8jA.jpg"}, {"url": "http://i.imgur.com/hQoj1aH.jpg"}, {"url": "http://i.imgur.com/qFxfRIm.jpg"}, {"url": "http://i.imgur.com/CpyScQn.jpg"}, {"url": "http://i.imgur.com/anqPgXs.jpg"}, {"url": "http://i.imgur.com/QinX4Lc.jpg"}], "reportReasonText": "", "postAvatar": ""}, {"id": 233006127, "title": "越靠近婚期越不想結婚", "excerpt": "5月中辦婚禮，但未來婆家一直無上限的增加一些奇怪的要求，禁止買房，不能買婚戒，小孩生了要給婆家 不能自己帶，強迫我老公要換工作去北部，每天都打來吵，在忙沒接到電話就打公司的電話，一有不順從就說不然不要", "anonymousSchool": true, "anonymousDepartment": true, "pinned": false, "forumId": "f11e8d02-6756-4376-9db3-e1cca4d2a66c", "replyId": null, "createdAt": "2020-02-03T04:39:11.059Z", "updatedAt": "2020-02-03T04:39:11.059Z", "commentCount": 31, "likeCount": 20, "withNickname": false, "tags": ["HIDE_THUMBNAIL"], "topics": ["結婚", "價值觀", "家庭"], "meta": {"layout": "classic"}, "forumName": "結婚", "forumAlias": "marriage", "gender": "F", "replyTitle": null, "mediaMeta": [], "reactions": [{"id": "286f599c-f86a-4932-82f0-f5a06f1eca03", "count": 20}], "hidden": false, "customStyle": null, "isSuspiciousAccount": false, "layout": "classic", "withImages": false, "withVideos": false, "media": [], "reportReasonText": "", "postAvatar": ""}, {"id": 233008714, "title": "請問該給老婆多少錢?", "excerpt": "想請問各位太太先生，請問對於家庭主婦，先生應該要給多少錢才合理？在下是某交通工具駕駛員。我老婆是全職家庭煮婦，我是每個月都會給老婆 10 W 元，其他薪水部分我也都是存起來，或是投資，當作我們倆老的退", "anonymousSchool": true, "anonymousDepartment": true, "pinned": false, "forumId": "f11e8d02-6756-4376-9db3-e1cca4d2a66c", "replyId": null, "createdAt": "2020-02-03T11:43:48.628Z", "updatedAt": "2020-02-03T11:43:48.628Z", "commentCount": 29, "likeCount": 12, "withNickname": false, "tags": [], "topics": [], "meta": {"layout": "classic"}, "forumName": "結婚", "forumAlias": "marriage", "gender": "M", "replyTitle": null, "mediaMeta": [], "reactions": [{"id": "286f599c-f86a-4932-82f0-f5a06f1eca03", "count": 12}], "hidden": false, "customStyle": null, "isSuspiciousAccount": false, "layout": "classic", "withImages": false, "withVideos": false, "media": [], "reportReasonText": "", "postAvatar": ""}, {"id": 233007631, "title": "怎麼跟家人溝通結婚這件事", "excerpt": "我23男友25，其實跟男友已經在一起快兩年了，一直一直都有打算要結婚（我傾向早婚），倆人也都達到結婚共識，想在年底或明年初辦婚禮，計劃婚紗、婚戒、喜帖等等這些我們都一直有在討論而且幾乎已經快要拍版定案", "anonymousSchool": true, "anonymousDepartment": true, "pinned": false, "forumId": "f11e8d02-6756-4376-9db3-e1cca4d2a66c", "replyId": null, "createdAt": "2020-02-03T09:11:48.370Z", "updatedAt": "2020-02-03T09:11:48.370Z", "commentCount": 8, "likeCount": 12, "withNickname": false, "tags": ["HIDE_THUMBNAIL"], "topics": ["結婚", "家人", "婚禮", "溝通"], "meta": {"layout": "classic"}, "forumName": "結婚", "forumAlias": "marriage", "gender": "F", "replyTitle": null, "mediaMeta": [], "reactions": [{"id": "286f599c-f86a-4932-82f0-f5a06f1eca03", "count": 12}], "hidden": false, "customStyle": null, "isSuspiciousAccount": false, "layout": "classic", "withImages": false, "withVideos": false, "media": [], "reportReasonText": "", "postAvatar": ""}, {"id": 233011583, "title": "跟老公性事不合的話...", "excerpt": "我們才結婚一年多，大概4～6個月才一次，很清楚他沒有在外面亂搞，我也沒有，然後他也不是同志我也不是，但就是怎樣也無法改進，婚前是因為我住家裡+遠距離，所以見面就會有，但很少見面，婚後也像遠距離一樣的頻", "anonymousSchool": true, "anonymousDepartment": true, "pinned": false, "forumId": "f11e8d02-6756-4376-9db3-e1cca4d2a66c", "replyId": null, "createdAt": "2020-02-03T18:17:55.048Z", "updatedAt": "2020-02-03T18:42:39.747Z", "commentCount": 19, "likeCount": 11, "withNickname": false, "tags": [], "topics": ["性事"], "meta": {"layout": "classic"}, "forumName": "結婚", "forumAlias": "marriage", "gender": "F", "replyTitle": null, "mediaMeta": [], "reactions": [{"id": "286f599c-f86a-4932-82f0-f5a06f1eca03", "count": 11}], "hidden": false, "customStyle": null, "isSuspiciousAccount": false, "layout": "classic", "withImages": false, "withVideos": false, "media": [], "reportReasonText": "", "postAvatar": ""}, {"id": 233008335, "title": "想請問懷孕休學的相關事情", "excerpt": "想請問一下有沒有類似經驗的人，上大學期間懷孕暫辦休學，有人告訴我懷孕生小孩可以請產檢，生完之後還可以休學三年育嬰假，三年後再復學回去學校上課，請問有人可以告訴我相關的事情嗎？問過學校的辦事處他們自己也", "anonymousSchool": true, "anonymousDepartment": true, "pinned": false, "forumId": "f11e8d02-6756-4376-9db3-e1cca4d2a66c", "replyId": null, "createdAt": "2020-02-03T10:43:51.989Z", "updatedAt": "2020-02-03T10:43:51.989Z", "commentCount": 6, "likeCount": 9, "withNickname": false, "tags": ["HIDE_THUMBNAIL"], "topics": [], "meta": {"layout": "classic"}, "forumName": "結婚", "forumAlias": "marriage", "gender": "F", "replyTitle": null, "mediaMeta": [], "reactions": [{"id": "286f599c-f86a-4932-82f0-f5a06f1eca03", "count": 9}], "hidden": false, "customStyle": null, "isSuspiciousAccount": false, "layout": "classic", "withImages": false, "withVideos": false, "media": [], "reportReasonText": "", "postAvatar": ""}, {"id": 233012178, "title": "結婚的好與壞?", "excerpt": "婚後要離開自己的家，和男方家人共同生活，適應不同的生活習慣，為什麼不兩個人搬出去住？現在房對我們而言實在太高，雖然男友說未來結婚我想搬出去的話可以買房，但我真的不忍心也不想讓男方背負壓力，（如果買房當", "anonymousSchool": true, "anonymousDepartment": true, "pinned": false, "forumId": "f11e8d02-6756-4376-9db3-e1cca4d2a66c", "replyId": null, "createdAt": "2020-02-04T00:46:00.039Z", "updatedAt": "2020-02-04T00:46:00.039Z", "commentCount": 6, "likeCount": 5, "withNickname": false, "tags": [], "topics": ["結婚", "家庭", "婚姻生活"], "meta": {"layout": "classic"}, "forumName": "結婚", "forumAlias": "marriage", "gender": "F", "replyTitle": null, "mediaMeta": [], "reactions": [{"id": "286f599c-f86a-4932-82f0-f5a06f1eca03", "count": 4}, {"id": "514c2569-fd53-4d9d-a415-bf0f88e7329f", "count": 1}], "hidden": false, "customStyle": null, "isSuspiciousAccount": false, "layout": "classic", "withImages": false, "withVideos": false, "media": [], "reportReasonText": "", "postAvatar": ""}, {"id": 233009720, "title": "投資你的人生", "excerpt": "家裡的事沒在做，純上下班、健身房運動，房裡的事也極少，整天要拿我幫小孩存的錢買股票說要撿便宜，一個家庭要兼顧很多方面，不要讓我覺得你腦子裡只有新台幣好嗎？投資沒有對錯，麻煩夫妻感情也投資一下好嗎，難道", "anonymousSchool": true, "anonymousDepartment": true, "pinned": false, "forumId": "f11e8d02-6756-4376-9db3-e1cca4d2a66c", "replyId": null, "createdAt": "2020-02-03T14:11:16.011Z", "updatedAt": "2020-02-03T14:11:16.011Z", "commentCount": 0, "likeCount": 5, "withNickname": false, "tags": ["HIDE_THUMBNAIL"], "topics": ["結婚"], "meta": {"layout": "classic"}, "forumName": "結婚", "forumAlias": "marriage", "gender": "F", "replyTitle": null, "mediaMeta": [], "reactions": [{"id": "286f599c-f86a-4932-82f0-f5a06f1eca03", "count": 4}, {"id": "e8e6bc5d-41b0-4129-b134-97507523d7ff", "count": 1}], "hidden": false, "customStyle": null, "isSuspiciousAccount": false, "layout": "classic", "withImages": false, "withVideos": false, "media": [], "reportReasonText": "", "postAvatar": ""}, {"id": 233003963, "title": "【發問】各位以下不參加婚禮的情形會包紅包嗎？", "excerpt": "想問一下大家，以下情形各自組合之後，扣除當天本人有親自去吃婚宴的情況下，會包紅包嗎？一、相同辦公室或同單位不同辦公室或不同辦公室，二、熟或不熟，三、他有發一人一張帖或者只有貼一張帖在公布欄，四、你或他", "anonymousSchool": true, "anonymousDepartment": true, "pinned": false, "forumId": "f11e8d02-6756-4376-9db3-e1cca4d2a66c", "replyId": null, "createdAt": "2020-02-02T16:11:31.363Z", "updatedAt": "2020-02-03T04:29:51.401Z", "commentCount": 7, "likeCount": 4, "withNickname": false, "tags": [], "topics": [], "meta": {"layout": "classic"}, "forumName": "結婚", "forumAlias": "marriage", "gender": "M", "replyTitle": null, "mediaMeta": [], "reactions": [{"id": "286f599c-f86a-4932-82f0-f5a06f1eca03", "count": 4}], "hidden": false, "customStyle": null, "isSuspiciousAccount": false, "layout": "classic", "withImages": false, "withVideos": false, "media": [], "reportReasonText": "", "postAvatar": ""}, {"id": 233012073, "title": "到底適不適合結婚？", "excerpt": "我們在一起7年半，同居7年，現在我27歲，他31歲，依感情層面要結婚我覺得沒問題，再來經濟狀況，我月薪就是很普通的26K，他則是55K，目前在還車貸中，預計再兩年還完，因為房子太貴了所以婚後我們還是會", "anonymousSchool": true, "anonymousDepartment": true, "pinned": false, "forumId": "f11e8d02-6756-4376-9db3-e1cca4d2a66c", "replyId": null, "createdAt": "2020-02-03T23:21:43.355Z", "updatedAt": "2020-02-03T23:21:43.355Z", "commentCount": 4, "likeCount": 2, "withNickname": false, "tags": ["HIDE_THUMBNAIL"], "topics": ["結婚", "家庭", "愛情", "婆媳問題"], "meta": {"layout": "classic"}, "forumName": "結婚", "forumAlias": "marriage", "gender": "F", "replyTitle": null, "mediaMeta": [], "reactions": [{"id": "286f599c-f86a-4932-82f0-f5a06f1eca03", "count": 2}], "hidden": false, "customStyle": null, "isSuspiciousAccount": false, "layout": "classic", "withImages": false, "withVideos": false, "media": [], "reportReasonText": "", "postAvatar": ""}, {"id": 233006818, "title": "婚紗店的包套這樣正常嗎？", "excerpt": "以婚紗店為前提而非工作室，工作室想要什麼自己加，一般外拍男生會提供西裝，而結婚的西裝要自備這樣正常？另外請問擺在六禮十二禮的西裝可以拿來婚宴穿嗎？", "anonymousSchool": true, "anonymousDepartment": true, "pinned": false, "forumId": "f11e8d02-6756-4376-9db3-e1cca4d2a66c", "replyId": null, "createdAt": "2020-02-03T07:12:54.699Z", "updatedAt": "2020-02-03T07:12:54.699Z", "commentCount": 6, "likeCount": 0, "withNickname": false, "tags": ["HIDE_THUMBNAIL"], "topics": ["婚紗", "婚禮", "OhMyWedding"], "meta": {"layout": "classic"}, "forumName": "結婚", "forumAlias": "marriage", "gender": "M", "replyTitle": null, "mediaMeta": [], "reactions": [], "hidden": false, "customStyle": null, "isSuspiciousAccount": false, "layout": "classic", "withImages": false, "withVideos": false, "media": [], "reportReasonText": "", "postAvatar": ""}]