[{"id": 233005343, "title": "她住在裡面", "excerpt": "這個故事感覺只是巧合而已我也不知道，當時剛開始畫這幅畫的時候當晚就夢到一個很奇怪的夢，夢境裡是夢到那幅畫裡面有人我知道但是我會怕非常怕的那種可以在夢裡感受到那股恐懼，之後完成這幅畫的時候又夢到同一個夢", "anonymousSchool": false, "anonymousDepartment": false, "pinned": false, "forumId": "37a78696-f6a6-48ec-a19f-688f799a2aed", "replyId": null, "createdAt": "2020-02-03T00:33:09.616Z", "updatedAt": "2020-02-03T00:33:09.616Z", "commentCount": 3, "likeCount": 27, "withNickname": true, "tags": [], "topics": ["夢境"], "meta": {"layout": "classic"}, "forumName": "靈異", "forumAlias": "marvel", "gender": "M", "school": "傻眼貓咪", "department": "q124270822", "replyTitle": null, "mediaMeta": [{"id": "bfe212a7-d24f-4287-b3db-ab8298d67746", "url": "https://megapx-assets.dcard.tw/images/a60d8a2f-c8c7-43ef-a281-622fa3e08120/640.jpeg", "normalizedUrl": "https://megapx-assets.dcard.tw/images/a60d8a2f-c8c7-43ef-a281-622fa3e08120/640.jpeg", "thumbnail": "https://megapx-assets.dcard.tw/images/a60d8a2f-c8c7-43ef-a281-622fa3e08120/640.jpeg", "type": "image/thumbnail", "tags": ["ANNOTATED"], "createdAt": "2020-02-03T00:33:09.616Z", "updatedAt": "2020-02-03T00:33:09.616Z", "width": 480, "height": 640}, {"id": "bfe212a7-d24f-4287-b3db-ab8298d67746", "url": "https://megapx-assets.dcard.tw/images/a60d8a2f-c8c7-43ef-a281-622fa3e08120/1280.jpeg", "normalizedUrl": "https://megapx.dcard.tw/v1/images/a60d8a2f-c8c7-43ef-a281-622fa3e08120", "thumbnail": "https://megapx-assets.dcard.tw/images/a60d8a2f-c8c7-43ef-a281-622fa3e08120/640.jpeg", "type": "image/megapx", "tags": ["ANNOTATED"], "createdAt": "2020-02-03T00:33:09.616Z", "updatedAt": "2020-02-03T00:33:09.616Z", "width": 1500, "height": 2000}], "reactions": [{"id": "286f599c-f86a-4932-82f0-f5a06f1eca03", "count": 27}], "hidden": false, "customStyle": null, "isSuspiciousAccount": false, "layout": "classic", "withImages": true, "withVideos": false, "media": [{"url": "https://megapx-assets.dcard.tw/images/a60d8a2f-c8c7-43ef-a281-622fa3e08120/1280.jpeg"}], "reportReasonText": "", "postAvatar": ""}, {"id": 233004580, "title": "車禍後，魂魄掉在路邊（上）", "excerpt": "這件事情發生於我朋友的媽媽身上，她媽媽有一次因車禍住院，以下是我跟我朋友的對話：但他媽媽從醫院回來後（大概一個月），精神一直不太好，有時候講話會恍神，剛說過的事情，過沒多久就忘記，而且他媽媽也忘記自己", "anonymousSchool": false, "anonymousDepartment": true, "pinned": false, "forumId": "37a78696-f6a6-48ec-a19f-688f799a2aed", "replyId": 232864965, "createdAt": "2020-02-02T17:40:29.420Z", "updatedAt": "2020-02-02T17:42:23.550Z", "commentCount": 4, "likeCount": 24, "withNickname": false, "tags": [], "topics": ["宗教", "真實故事", "親身經歷", "車禍", "神明"], "meta": {"layout": "classic"}, "forumName": "靈異", "forumAlias": "marvel", "gender": "F", "school": "文藻外語大學", "replyTitle": "衝鬼嘟校兩三事", "mediaMeta": [{"id": "17331f4e-7bcc-463e-9ec0-80b174372f27", "url": "https://megapx-assets.dcard.tw/images/edf32099-30f2-490f-a674-465bec63f880/640.jpeg", "normalizedUrl": "https://megapx-assets.dcard.tw/images/edf32099-30f2-490f-a674-465bec63f880/640.jpeg", "thumbnail": "https://megapx-assets.dcard.tw/images/edf32099-30f2-490f-a674-465bec63f880/640.jpeg", "type": "image/thumbnail", "tags": ["ANNOTATED"], "createdAt": "2020-02-02T17:42:23.550Z", "updatedAt": "2020-02-02T17:42:23.550Z", "width": 398, "height": 640}, {"id": "17331f4e-7bcc-463e-9ec0-80b174372f27", "url": "https://megapx-assets.dcard.tw/images/edf32099-30f2-490f-a674-465bec63f880/1280.jpeg", "normalizedUrl": "https://megapx.dcard.tw/v1/images/edf32099-30f2-490f-a674-465bec63f880", "thumbnail": "https://megapx-assets.dcard.tw/images/edf32099-30f2-490f-a674-465bec63f880/640.jpeg", "type": "image/megapx", "tags": ["ANNOTATED"], "createdAt": "2020-02-02T17:42:23.550Z", "updatedAt": "2020-02-02T17:42:23.550Z", "width": 1114, "height": 1793}, {"id": "3d15d203-dffc-48bf-8d4b-665b1b953826", "url": "https://megapx-assets.dcard.tw/images/8884fb8f-9514-4550-b0d6-7ead511ca46b/1280.jpeg", "normalizedUrl": "https://megapx.dcard.tw/v1/images/8884fb8f-9514-4550-b0d6-7ead511ca46b", "thumbnail": "https://megapx-assets.dcard.tw/images/8884fb8f-9514-4550-b0d6-7ead511ca46b/640.jpeg", "type": "image/megapx", "tags": ["ANNOTATED"], "createdAt": "2020-02-02T17:40:29.420Z", "updatedAt": "2020-02-02T17:42:23.550Z", "width": 1109, "height": 1885}, {"id": "ba3f39a4-ff36-4b00-87e2-b043d09aeb63", "url": "https://megapx-assets.dcard.tw/images/f53326cf-9505-489b-bf8c-a2eccbec54dd/full.jpeg", "normalizedUrl": "https://megapx.dcard.tw/v1/images/f53326cf-9505-489b-bf8c-a2eccbec54dd", "thumbnail": "https://megapx-assets.dcard.tw/images/f53326cf-9505-489b-bf8c-a2eccbec54dd/640.jpeg", "type": "image/megapx", "tags": ["ANNOTATED"], "createdAt": "2020-02-02T17:40:29.420Z", "updatedAt": "2020-02-02T17:42:23.550Z", "width": 1242, "height": 782}, {"id": "c7c93254-44b5-48f5-bd54-12ba6b94ae0a", "url": "https://megapx-assets.dcard.tw/images/3c28e093-4fec-4836-b587-35345ee64917/1280.jpeg", "normalizedUrl": "https://megapx.dcard.tw/v1/images/3c28e093-4fec-4836-b587-35345ee64917", "thumbnail": "https://megapx-assets.dcard.tw/images/3c28e093-4fec-4836-b587-35345ee64917/640.jpeg", "type": "image/megapx", "tags": ["ANNOTATED"], "createdAt": "2020-02-02T17:40:29.420Z", "updatedAt": "2020-02-02T17:42:23.550Z", "width": 1111, "height": 1682}, {"id": "dee2bf41-c25e-499c-8879-b53ed3e16ede", "url": "https://megapx-assets.dcard.tw/images/fd933cbd-164c-4eed-a369-6813b6a51478/full.jpeg", "normalizedUrl": "https://megapx.dcard.tw/v1/images/fd933cbd-164c-4eed-a369-6813b6a51478", "thumbnail": "https://megapx-assets.dcard.tw/images/fd933cbd-164c-4eed-a369-6813b6a51478/640.jpeg", "type": "image/megapx", "tags": ["ANNOTATED"], "createdAt": "2020-02-02T17:40:29.420Z", "updatedAt": "2020-02-02T17:42:23.550Z", "width": 1242, "height": 860}, {"id": "b910aba9-2ae7-4ac5-bd6a-1a8c7679274a", "url": "https://megapx-assets.dcard.tw/images/f07d2863-3b0b-4ee6-9f01-6175733ff421/full.jpeg", "normalizedUrl": "https://megapx.dcard.tw/v1/images/f07d2863-3b0b-4ee6-9f01-6175733ff421", "thumbnail": "https://megapx-assets.dcard.tw/images/f07d2863-3b0b-4ee6-9f01-6175733ff421/640.jpeg", "type": "image/megapx", "tags": ["ANNOTATED"], "createdAt": "2020-02-02T17:40:29.420Z", "updatedAt": "2020-02-02T17:42:23.550Z", "width": 1242, "height": 811}, {"id": "34a6f00d-5f74-448c-baa1-fa8748730854", "url": "https://megapx-assets.dcard.tw/images/59fed081-a31b-4925-96db-cffb2bf4f4bc/1280.jpeg", "normalizedUrl": "https://megapx.dcard.tw/v1/images/59fed081-a31b-4925-96db-cffb2bf4f4bc", "thumbnail": "https://megapx-assets.dcard.tw/images/59fed081-a31b-4925-96db-cffb2bf4f4bc/640.jpeg", "type": "image/megapx", "tags": ["ANNOTATED"], "createdAt": "2020-02-02T17:40:29.420Z", "updatedAt": "2020-02-02T17:42:23.550Z", "width": 1242, "height": 1747}, {"id": "75337192-f274-458b-8f4f-3a9ac9888ce4", "url": "https://megapx-assets.dcard.tw/images/9ee774b2-70f2-4330-ad4f-803297eccd0b/1280.jpeg", "normalizedUrl": "https://megapx.dcard.tw/v1/images/9ee774b2-70f2-4330-ad4f-803297eccd0b", "thumbnail": "https://megapx-assets.dcard.tw/images/9ee774b2-70f2-4330-ad4f-803297eccd0b/640.jpeg", "type": "image/megapx", "tags": ["ANNOTATED"], "createdAt": "2020-02-02T17:40:29.420Z", "updatedAt": "2020-02-02T17:42:23.550Z", "width": 1242, "height": 1817}, {"id": "db05b7da-eb76-4bfe-8b9a-c5ac04a27aa1", "url": "https://megapx-assets.dcard.tw/images/d70389eb-8470-4956-907d-9a9792ccc67b/1280.jpeg", "normalizedUrl": "https://megapx.dcard.tw/v1/images/d70389eb-8470-4956-907d-9a9792ccc67b", "thumbnail": "https://megapx-assets.dcard.tw/images/d70389eb-8470-4956-907d-9a9792ccc67b/640.jpeg", "type": "image/megapx", "tags": ["ANNOTATED"], "createdAt": "2020-02-02T17:40:29.420Z", "updatedAt": "2020-02-02T17:42:23.550Z", "width": 1222, "height": 1595}], "reactions": [{"id": "286f599c-f86a-4932-82f0-f5a06f1eca03", "count": 24}], "hidden": false, "customStyle": null, "isSuspiciousAccount": false, "layout": "classic", "withImages": true, "withVideos": false, "media": [{"url": "https://megapx-assets.dcard.tw/images/edf32099-30f2-490f-a674-465bec63f880/1280.jpeg"}, {"url": "https://megapx-assets.dcard.tw/images/8884fb8f-9514-4550-b0d6-7ead511ca46b/1280.jpeg"}, {"url": "https://megapx-assets.dcard.tw/images/f53326cf-9505-489b-bf8c-a2eccbec54dd/full.jpeg"}, {"url": "https://megapx-assets.dcard.tw/images/3c28e093-4fec-4836-b587-35345ee64917/1280.jpeg"}, {"url": "https://megapx-assets.dcard.tw/images/fd933cbd-164c-4eed-a369-6813b6a51478/full.jpeg"}, {"url": "https://megapx-assets.dcard.tw/images/f07d2863-3b0b-4ee6-9f01-6175733ff421/full.jpeg"}, {"url": "https://megapx-assets.dcard.tw/images/59fed081-a31b-4925-96db-cffb2bf4f4bc/1280.jpeg"}, {"url": "https://megapx-assets.dcard.tw/images/9ee774b2-70f2-4330-ad4f-803297eccd0b/1280.jpeg"}, {"url": "https://megapx-assets.dcard.tw/images/d70389eb-8470-4956-907d-9a9792ccc67b/1280.jpeg"}], "reportReasonText": "", "postAvatar": ""}, {"id": 233004967, "title": "夢", "excerpt": "每次都對自己做的夢感到莫名其妙。《前情提要》我以前有個室友P，但是後來因為其他室友的挑撥離間，致使我們在路上碰見也不再聯絡、交談。再次有P的消息時，是她在放學後騎車在校門口出車禍死亡的消息。《夢的內容", "anonymousSchool": false, "anonymousDepartment": false, "pinned": false, "forumId": "37a78696-f6a6-48ec-a19f-688f799a2aed", "replyId": null, "createdAt": "2020-02-02T19:13:35.137Z", "updatedAt": "2020-02-02T19:14:54.967Z", "commentCount": 0, "likeCount": 11, "withNickname": true, "tags": [], "topics": ["夢境"], "meta": {"layout": "classic"}, "forumName": "靈異", "forumAlias": "marvel", "gender": "F", "school": "霍格華茲黑魔法防禦術系", "department": "fengqi", "replyTitle": null, "mediaMeta": [{"id": "4a3f05d9-c653-4b4c-8544-84985ccef13b", "url": "https://i.imgur.com/hcpqJQtl.jpg", "normalizedUrl": "https://i.imgur.com/hcpqJQtl.jpg", "thumbnail": "https://i.imgur.com/hcpqJQtl.jpg", "type": "image/thumbnail", "tags": ["ANNOTATED"], "createdAt": "2020-02-02T19:13:35.137Z", "updatedAt": "2020-02-02T19:14:54.967Z"}, {"id": "4a3f05d9-c653-4b4c-8544-84985ccef13b", "url": "https://i.imgur.com/hcpqJQt.jpg", "normalizedUrl": "https://imgur.com/hcpqJQt", "thumbnail": "https://i.imgur.com/hcpqJQtl.jpg", "type": "image/imgur", "tags": ["ANNOTATED"], "createdAt": "2020-02-02T19:13:35.137Z", "updatedAt": "2020-02-02T19:14:54.967Z"}], "reactions": [{"id": "286f599c-f86a-4932-82f0-f5a06f1eca03", "count": 10}, {"id": "514c2569-fd53-4d9d-a415-bf0f88e7329f", "count": 1}], "hidden": false, "customStyle": null, "isSuspiciousAccount": false, "layout": "classic", "withImages": true, "withVideos": false, "media": [{"url": "https://i.imgur.com/hcpqJQt.jpg"}], "reportReasonText": "", "postAvatar": ""}, {"id": 233004828, "title": "那些年的鬼日子（三）", "excerpt": "『彼岸的花開了，那距離春天就不遠了。』或許你遇過，亦或者沒遇過。無論你能否看見，祂們一直都在。─，任憑十年過去，很多事我都已經記不起來了，但關於「影子鬼」的這段往事，我仍會在每天的夜半時分想起。『影子", "anonymousSchool": false, "anonymousDepartment": false, "pinned": false, "forumId": "37a78696-f6a6-48ec-a19f-688f799a2aed", "replyId": 232763261, "createdAt": "2020-02-02T18:37:39.487Z", "updatedAt": "2020-02-02T18:37:39.487Z", "commentCount": 4, "likeCount": 11, "withNickname": true, "tags": ["HIDE_THUMBNAIL"], "topics": ["那些年的鬼日子", "靈異板系列文", "連載", "恐怖"], "meta": {"layout": "classic"}, "forumName": "靈異", "forumAlias": "marvel", "gender": "F", "school": "薾", "department": "leeler1104", "replyTitle": "那些年的鬼日子（二）", "mediaMeta": [], "reactions": [{"id": "286f599c-f86a-4932-82f0-f5a06f1eca03", "count": 11}], "hidden": false, "customStyle": null, "isSuspiciousAccount": false, "layout": "classic", "withImages": false, "withVideos": false, "media": [], "reportReasonText": "", "postAvatar": ""}, {"id": 233005411, "title": "信箱有紅包袋", "excerpt": "雖然過年剛過完，紅包也拿了很多。今天早上在信箱赫然看見折起來的紅包...，完全不敢碰...，上來求解，問問各位卡友該如何是好。", "anonymousSchool": false, "anonymousDepartment": true, "pinned": false, "forumId": "37a78696-f6a6-48ec-a19f-688f799a2aed", "replyId": null, "createdAt": "2020-02-03T01:15:18.775Z", "updatedAt": "2020-02-03T01:15:57.157Z", "commentCount": 3, "likeCount": 10, "withNickname": false, "tags": [], "topics": ["紅包袋", "信箱", "親身經歷", "過年"], "meta": {"layout": "classic"}, "forumName": "靈異", "forumAlias": "marvel", "gender": "F", "school": "朝陽科技大學", "replyTitle": null, "mediaMeta": [{"id": "50a59b2b-469b-4c62-96c6-ccfab535ca25", "url": "https://i.imgur.com/BzTzHoEl.jpg", "normalizedUrl": "https://i.imgur.com/BzTzHoEl.jpg", "thumbnail": "https://i.imgur.com/BzTzHoEl.jpg", "type": "image/thumbnail", "tags": ["ANNOTATED"], "createdAt": "2020-02-03T01:15:18.775Z", "updatedAt": "2020-02-03T01:15:57.157Z"}, {"id": "50a59b2b-469b-4c62-96c6-ccfab535ca25", "url": "https://i.imgur.com/BzTzHoE.jpg", "normalizedUrl": "https://imgur.com/BzTzHoE", "thumbnail": "https://i.imgur.com/BzTzHoEl.jpg", "type": "image/imgur", "tags": ["ANNOTATED"], "createdAt": "2020-02-03T01:15:18.775Z", "updatedAt": "2020-02-03T01:15:57.157Z"}], "reactions": [{"id": "286f599c-f86a-4932-82f0-f5a06f1eca03", "count": 10}], "hidden": false, "customStyle": null, "isSuspiciousAccount": false, "layout": "classic", "withImages": true, "withVideos": false, "media": [{"url": "https://i.imgur.com/BzTzHoE.jpg"}], "reportReasonText": "", "postAvatar": ""}, {"id": 233011082, "title": "我媽把我東西毀了", "excerpt": "我目前是跟白沙屯媽祖走，我家人沒有非常同意我怎麼做，但我也少去宮裡，大概平均兩個月一次，有媽祖活動才會去幫忙的那種，昨天媽祖盛事剛結束，我帶了求的米回來，我媽又很生氣，叫我不要再去了裝神弄鬼，結果回家", "anonymousSchool": false, "anonymousDepartment": true, "pinned": false, "forumId": "37a78696-f6a6-48ec-a19f-688f799a2aed", "replyId": null, "createdAt": "2020-02-03T16:54:14.427Z", "updatedAt": "2020-02-03T16:54:14.427Z", "commentCount": 26, "likeCount": 8, "withNickname": false, "tags": [], "topics": ["親身經歷", "真實故事", "宗教", "靈異板系列文", "神明"], "meta": {"layout": "classic"}, "forumName": "靈異", "forumAlias": "marvel", "gender": "F", "school": "萬能科技大學", "replyTitle": null, "mediaMeta": [{"id": "babc1c42-5d0e-4c89-9eb8-3bb76b1b4dc7", "url": "https://megapx-assets.dcard.tw/images/7c80f58f-8026-4840-8afe-38f2ddbbd0ed/640.jpeg", "normalizedUrl": "https://megapx-assets.dcard.tw/images/7c80f58f-8026-4840-8afe-38f2ddbbd0ed/640.jpeg", "thumbnail": "https://megapx-assets.dcard.tw/images/7c80f58f-8026-4840-8afe-38f2ddbbd0ed/640.jpeg", "type": "image/thumbnail", "tags": ["ANNOTATED"], "createdAt": "2020-02-03T16:54:14.427Z", "updatedAt": "2020-02-03T16:54:14.427Z", "width": 360, "height": 640}, {"id": "babc1c42-5d0e-4c89-9eb8-3bb76b1b4dc7", "url": "https://megapx-assets.dcard.tw/images/7c80f58f-8026-4840-8afe-38f2ddbbd0ed/1280.jpeg", "normalizedUrl": "https://megapx.dcard.tw/v1/images/7c80f58f-8026-4840-8afe-38f2ddbbd0ed", "thumbnail": "https://megapx-assets.dcard.tw/images/7c80f58f-8026-4840-8afe-38f2ddbbd0ed/640.jpeg", "type": "image/megapx", "tags": ["ANNOTATED"], "createdAt": "2020-02-03T16:54:14.427Z", "updatedAt": "2020-02-03T16:54:14.427Z", "width": 1125, "height": 2000}, {"id": "420c67be-b620-486e-9b21-41dee2db63f1", "url": "https://megapx-assets.dcard.tw/images/2baa8d69-4f80-4a35-8179-806ff40ce52d/1280.jpeg", "normalizedUrl": "https://megapx.dcard.tw/v1/images/2baa8d69-4f80-4a35-8179-806ff40ce52d", "thumbnail": "https://megapx-assets.dcard.tw/images/2baa8d69-4f80-4a35-8179-806ff40ce52d/640.jpeg", "type": "image/megapx", "tags": ["ANNOTATED"], "createdAt": "2020-02-03T16:54:14.427Z", "updatedAt": "2020-02-03T16:54:14.427Z", "width": 1125, "height": 2000}], "reactions": [{"id": "286f599c-f86a-4932-82f0-f5a06f1eca03", "count": 8}], "hidden": false, "customStyle": null, "isSuspiciousAccount": false, "layout": "classic", "withImages": true, "withVideos": false, "media": [{"url": "https://megapx-assets.dcard.tw/images/7c80f58f-8026-4840-8afe-38f2ddbbd0ed/1280.jpeg"}, {"url": "https://megapx-assets.dcard.tw/images/2baa8d69-4f80-4a35-8179-806ff40ce52d/1280.jpeg"}], "reportReasonText": "", "postAvatar": ""}, {"id": 233012361, "title": "戴佛牌後的小小心得", "excerpt": "進入正文前，先來聽聽這首會讓我一直掉眼淚的歌吧。對於佛牌大家的瞭解是什麼呢？有鬼？有骨灰？有嬰屍？有屍油？在認識某雞歪牌商以前，我的認知也是這樣。在認識那個她以前，我曾經一個禮拜可以可以帶四個不同的女", "anonymousSchool": false, "anonymousDepartment": true, "pinned": false, "forumId": "37a78696-f6a6-48ec-a19f-688f799a2aed", "replyId": null, "createdAt": "2020-02-04T01:57:16.378Z", "updatedAt": "2020-02-04T01:57:16.378Z", "commentCount": 4, "likeCount": 4, "withNickname": false, "tags": [], "topics": ["佛牌", "親身經歷", "真實故事"], "meta": {"layout": "classic"}, "forumName": "靈異", "forumAlias": "marvel", "gender": "M", "school": "淡江大學", "replyTitle": null, "mediaMeta": [{"id": "51bafa88-6d52-486c-87da-7b2df039627d", "url": "https://img.youtube.com/vi/Hax4oTPZ3sA/hqdefault.jpg", "normalizedUrl": "https://img.youtube.com/vi/Hax4oTPZ3sA/hqdefault.jpg", "thumbnail": "https://img.youtube.com/vi/Hax4oTPZ3sA/hqdefault.jpg", "type": "image/thumbnail", "tags": [], "createdAt": "2020-02-04T01:57:16.378Z", "updatedAt": "2020-02-04T01:57:16.378Z"}, {"id": "51bafa88-6d52-486c-87da-7b2df039627d", "url": "https://youtu.be/Hax4oTPZ3sA", "normalizedUrl": "https://www.youtube.com/watch?v=Hax4oTPZ3sA", "thumbnail": "https://img.youtube.com/vi/Hax4oTPZ3sA/hqdefault.jpg", "type": "video/youtube", "tags": [], "createdAt": "2020-02-04T01:57:16.378Z", "updatedAt": "2020-02-04T01:57:16.378Z"}, {"id": "9bc93508-98cd-4f66-bc05-77b0fc314835", "url": "https://megapx-assets.dcard.tw/images/2099ebce-d7ba-4150-9ced-a0fef265d333/1280.jpeg", "normalizedUrl": "https://megapx.dcard.tw/v1/images/2099ebce-d7ba-4150-9ced-a0fef265d333", "thumbnail": "https://megapx-assets.dcard.tw/images/2099ebce-d7ba-4150-9ced-a0fef265d333/640.jpeg", "type": "image/megapx", "tags": [], "createdAt": "2020-02-04T01:57:16.378Z", "updatedAt": "2020-02-04T01:57:16.378Z", "width": 1125, "height": 2000}, {"id": "c6215fb7-91ef-42c3-999e-d4b5daaea92d", "url": "https://megapx-assets.dcard.tw/images/ebd93072-c8d0-405e-9e8b-0e4c6e0a3948/1280.jpeg", "normalizedUrl": "https://megapx.dcard.tw/v1/images/ebd93072-c8d0-405e-9e8b-0e4c6e0a3948", "thumbnail": "https://megapx-assets.dcard.tw/images/ebd93072-c8d0-405e-9e8b-0e4c6e0a3948/640.jpeg", "type": "image/megapx", "tags": [], "createdAt": "2020-02-04T01:57:16.378Z", "updatedAt": "2020-02-04T01:57:16.378Z", "width": 1125, "height": 2000}, {"id": "b192a853-eda2-4040-af21-3c0a0c84d3d7", "url": "https://megapx-assets.dcard.tw/images/581df7d2-69c3-40a8-a4bb-ec9649b506f0/full.jpeg", "normalizedUrl": "https://megapx.dcard.tw/v1/images/581df7d2-69c3-40a8-a4bb-ec9649b506f0", "thumbnail": "https://megapx-assets.dcard.tw/images/581df7d2-69c3-40a8-a4bb-ec9649b506f0/320.jpeg", "type": "image/megapx", "tags": [], "createdAt": "2020-02-04T01:57:16.378Z", "updatedAt": "2020-02-04T01:57:16.378Z", "width": 480, "height": 320}], "reactions": [{"id": "286f599c-f86a-4932-82f0-f5a06f1eca03", "count": 4}], "hidden": false, "customStyle": null, "isSuspiciousAccount": false, "layout": "classic", "withImages": true, "withVideos": false, "media": [{"url": "https://megapx-assets.dcard.tw/images/2099ebce-d7ba-4150-9ced-a0fef265d333/1280.jpeg"}, {"url": "https://megapx-assets.dcard.tw/images/ebd93072-c8d0-405e-9e8b-0e4c6e0a3948/1280.jpeg"}, {"url": "https://megapx-assets.dcard.tw/images/581df7d2-69c3-40a8-a4bb-ec9649b506f0/full.jpeg"}], "reportReasonText": "", "postAvatar": ""}, {"id": 233009564, "title": "色拉傑寺 藥師佛消災祈福超渡大法會 為武漢肺炎疫情減輕祈福~~免費線上牌位填寫截止至2020.02.05", "excerpt": "【為世界武漢肺炎、瘟疫流感消災祈福 色拉傑寺院啟建《藥師佛消災祈福超渡大法會》】為因應近來武漢肺炎、天災人禍致使人心惶惶不安，南印度·色拉傑寺院趕緊除已於1月29日晚間舉辦【馬頭明王火供祈福儀軌】，寺", "anonymousSchool": false, "anonymousDepartment": false, "pinned": false, "forumId": "37a78696-f6a6-48ec-a19f-688f799a2aed", "replyId": null, "createdAt": "2020-02-03T13:52:42.864Z", "updatedAt": "2020-02-03T15:13:28.924Z", "commentCount": 6, "likeCount": 4, "withNickname": true, "tags": [], "topics": ["超渡", "肺炎", "藥師佛", "法會", "佛教"], "meta": {"layout": "classic"}, "forumName": "靈異", "forumAlias": "marvel", "gender": "M", "school": "優婆塞•常法", "department": "youkaibanban", "replyTitle": null, "mediaMeta": [], "reactions": [{"id": "286f599c-f86a-4932-82f0-f5a06f1eca03", "count": 4}], "hidden": false, "customStyle": null, "isSuspiciousAccount": false, "layout": "classic", "withImages": false, "withVideos": false, "media": [], "reportReasonText": "", "postAvatar": ""}, {"id": 233007257, "title": "到底要不要從現在租屋處搬走", "excerpt": "我現在就讀亞洲大學的學生住在學校附近，之前一年級是讀文化，不知道是住宿舍的原因嗎，雖然本身很膽小，也有自己一個人待在宿舍過，但都不會害怕。後來轉學從去年9月開入住吧？待到現在寒假前，現在是在自己家，下", "anonymousSchool": false, "anonymousDepartment": false, "pinned": false, "forumId": "37a78696-f6a6-48ec-a19f-688f799a2aed", "replyId": null, "createdAt": "2020-02-03T08:30:38.969Z", "updatedAt": "2020-02-03T08:32:04.524Z", "commentCount": 6, "likeCount": 4, "withNickname": true, "tags": ["HIDE_THUMBNAIL"], "topics": ["租屋"], "meta": {"layout": "classic"}, "forumName": "靈異", "forumAlias": "marvel", "gender": "F", "school": "塞納河畔的春水", "department": "deborahzhang89", "replyTitle": null, "mediaMeta": [], "reactions": [{"id": "286f599c-f86a-4932-82f0-f5a06f1eca03", "count": 4}], "hidden": false, "customStyle": null, "isSuspiciousAccount": false, "layout": "classic", "withImages": false, "withVideos": false, "media": [], "reportReasonText": "", "postAvatar": ""}, {"id": 233009470, "title": "請走外靈，神鬼談條件 藉由擲筊你做過嗎？", "excerpt": "我去年三月多曾經到一個私人小廟問事情，不料宮廟住持跟我說我身上有個外靈，一直在影響我的做許多事情，他會讓我在各種工作上不管怎麼做都待不下去，甚至讓我一直心神不寧，甚至他講出的事情，我也一一發生，這讓我", "anonymousSchool": false, "anonymousDepartment": true, "pinned": false, "forumId": "37a78696-f6a6-48ec-a19f-688f799a2aed", "replyId": null, "createdAt": "2020-02-03T13:40:08.944Z", "updatedAt": "2020-02-03T13:40:08.944Z", "commentCount": 18, "likeCount": 2, "withNickname": false, "tags": ["HIDE_THUMBNAIL"], "topics": ["條件", "擲筊", "民俗", "神鬼", "宗教"], "meta": {"layout": "classic"}, "forumName": "靈異", "forumAlias": "marvel", "gender": "M", "school": "亞東技術學院", "replyTitle": null, "mediaMeta": [], "reactions": [{"id": "286f599c-f86a-4932-82f0-f5a06f1eca03", "count": 2}], "hidden": false, "customStyle": null, "isSuspiciousAccount": false, "layout": "classic", "withImages": false, "withVideos": false, "media": [], "reportReasonText": "", "postAvatar": ""}, {"id": 233006268, "title": "四面佛復合成功經驗分享", "excerpt": "請問去祈求四面佛有復合成功的人，你們是在祈求過程中，很順利的得到聖筊，所以才在期限內復合成功嗎？因為有聽說當你擲杯過程中很順利得到聖筊，復合成功機率就越大@@", "anonymousSchool": false, "anonymousDepartment": false, "pinned": false, "forumId": "37a78696-f6a6-48ec-a19f-688f799a2aed", "replyId": null, "createdAt": "2020-02-03T05:06:15.045Z", "updatedAt": "2020-02-03T05:06:15.045Z", "commentCount": 3, "likeCount": 2, "withNickname": true, "tags": [], "topics": ["四面佛", "復合", "親身經歷", "神明"], "meta": {"layout": "classic"}, "forumName": "靈異", "forumAlias": "marvel", "gender": "F", "school": "   ", "department": "o.0___0.o", "replyTitle": null, "mediaMeta": [], "reactions": [{"id": "286f599c-f86a-4932-82f0-f5a06f1eca03", "count": 2}], "hidden": false, "customStyle": null, "isSuspiciousAccount": false, "layout": "classic", "withImages": false, "withVideos": false, "media": [], "reportReasonText": "", "postAvatar": ""}, {"id": 233008734, "title": "創# 夢02廟前的小攤販", "excerpt": "從小特別會做夢的我，只要刻意去記，夢的內容就會牢牢記住，許多奇奇怪怪的夢哩，也有不少詭異的內容，決定用”創”的方式記錄下我的夢。*，生病感到不舒服的我前往診所看診，前往的路上看見一個裝扮跟「自殺突擊隊", "anonymousSchool": false, "anonymousDepartment": false, "pinned": false, "forumId": "37a78696-f6a6-48ec-a19f-688f799a2aed", "replyId": null, "createdAt": "2020-02-03T11:48:20.268Z", "updatedAt": "2020-02-03T11:48:57.565Z", "commentCount": 0, "likeCount": 1, "withNickname": true, "tags": [], "topics": [], "meta": {"layout": "classic"}, "forumName": "靈異", "forumAlias": "marvel", "gender": "F", "school": "貓星人", "department": "cat_19970217", "replyTitle": null, "mediaMeta": [{"id": "5ac5c56b-9f48-4310-8e87-a06d1f25ba6e", "url": "https://i.imgur.com/w30L2uml.jpg", "normalizedUrl": "https://i.imgur.com/w30L2uml.jpg", "thumbnail": "https://i.imgur.com/w30L2uml.jpg", "type": "image/thumbnail", "tags": ["ANNOTATED"], "createdAt": "2020-02-03T11:48:57.565Z", "updatedAt": "2020-02-03T11:48:57.565Z"}, {"id": "5ac5c56b-9f48-4310-8e87-a06d1f25ba6e", "url": "https://i.imgur.com/w30L2um.jpg", "normalizedUrl": "https://imgur.com/w30L2um", "thumbnail": "https://i.imgur.com/w30L2uml.jpg", "type": "image/imgur", "tags": ["ANNOTATED"], "createdAt": "2020-02-03T11:48:57.565Z", "updatedAt": "2020-02-03T11:48:57.565Z"}], "reactions": [{"id": "286f599c-f86a-4932-82f0-f5a06f1eca03", "count": 1}], "hidden": false, "customStyle": null, "isSuspiciousAccount": false, "layout": "classic", "withImages": true, "withVideos": false, "media": [{"url": "https://i.imgur.com/w30L2um.jpg"}], "reportReasonText": "", "postAvatar": ""}, {"id": 233008386, "title": "擲杯問題", "excerpt": "媽媽剛自己去土地公廟擲杯，只確定第一個得到聖杯，第二三個順序忘記 但一個是聖杯一個是蓋杯，我媽當下覺得有兩個聖杯穩了就回家，但我覺得有點不安心，請問得到蓋杯我還能再去問嗎？", "anonymousSchool": false, "anonymousDepartment": true, "pinned": false, "forumId": "37a78696-f6a6-48ec-a19f-688f799a2aed", "replyId": null, "createdAt": "2020-02-03T10:50:38.491Z", "updatedAt": "2020-02-03T10:50:38.491Z", "commentCount": 7, "likeCount": 1, "withNickname": false, "tags": ["HIDE_THUMBNAIL"], "topics": [], "meta": {"layout": "classic"}, "forumName": "靈異", "forumAlias": "marvel", "gender": "F", "school": "東吳大學", "replyTitle": null, "mediaMeta": [], "reactions": [{"id": "286f599c-f86a-4932-82f0-f5a06f1eca03", "count": 1}], "hidden": false, "customStyle": null, "isSuspiciousAccount": false, "layout": "classic", "withImages": false, "withVideos": false, "media": [], "reportReasonText": "", "postAvatar": ""}, {"id": 233007188, "title": "在夢中痛醒", "excerpt": "在去年的某一天我夢見我走進了一間廟，那間廟裡面非常非常多的電線然後有一尊神明大家都開著手機的內鏡也就是自拍鏡頭那邊放在那尊神明的下面在錄影 我當時只覺得很奇怪很詭異 不太懂那在幹嘛 但我也照做了 （那", "anonymousSchool": false, "anonymousDepartment": false, "pinned": false, "forumId": "37a78696-f6a6-48ec-a19f-688f799a2aed", "replyId": null, "createdAt": "2020-02-03T08:22:21.844Z", "updatedAt": "2020-02-03T08:22:21.844Z", "commentCount": 1, "likeCount": 1, "withNickname": false, "tags": [], "topics": ["親身經歷", "神明", "夢境"], "meta": {"layout": "classic"}, "forumName": "靈異", "forumAlias": "marvel", "gender": "F", "school": "國立高雄科技大學", "department": "觀光管理系", "replyTitle": null, "mediaMeta": [], "reactions": [{"id": "286f599c-f86a-4932-82f0-f5a06f1eca03", "count": 1}], "hidden": false, "customStyle": null, "isSuspiciousAccount": false, "layout": "classic", "withImages": false, "withVideos": false, "media": [], "reportReasonText": "", "postAvatar": ""}, {"id": 233005702, "title": "四面佛求復合成功案例", "excerpt": "請問各位，有沒有人拜四面佛求復合成功的？可以麻煩下面留言跟我分享一下嗎？", "anonymousSchool": false, "anonymousDepartment": true, "pinned": false, "forumId": "37a78696-f6a6-48ec-a19f-688f799a2aed", "replyId": null, "createdAt": "2020-02-03T02:53:19.358Z", "updatedAt": "2020-02-03T02:53:19.358Z", "commentCount": 6, "likeCount": 1, "withNickname": false, "tags": ["HIDE_THUMBNAIL"], "topics": ["四面佛", "復合"], "meta": {"layout": "classic"}, "forumName": "靈異", "forumAlias": "marvel", "gender": "F", "school": "開南大學", "replyTitle": null, "mediaMeta": [], "reactions": [{"id": "286f599c-f86a-4932-82f0-f5a06f1eca03", "count": 1}], "hidden": false, "customStyle": null, "isSuspiciousAccount": false, "layout": "classic", "withImages": false, "withVideos": false, "media": [], "reportReasonText": "", "postAvatar": ""}, {"id": 233010639, "title": "七仙女求桃花", "excerpt": "請問男生可以跟七仙女求桃花嗎，之前看電視江柏樂老師推薦女生拜，但不知道男生可不可以", "anonymousSchool": false, "anonymousDepartment": false, "pinned": false, "forumId": "37a78696-f6a6-48ec-a19f-688f799a2aed", "replyId": null, "createdAt": "2020-02-03T16:00:24.115Z", "updatedAt": "2020-02-03T16:00:24.115Z", "commentCount": 2, "likeCount": 0, "withNickname": true, "tags": ["HIDE_THUMBNAIL"], "topics": ["七仙女", "桃花", "神明", "愛情"], "meta": {"layout": "classic"}, "forumName": "靈異", "forumAlias": "marvel", "gender": "M", "school": "Mmoonneeyy", "department": "andy88555858", "replyTitle": null, "mediaMeta": [], "reactions": [], "hidden": false, "customStyle": null, "isSuspiciousAccount": false, "layout": "classic", "withImages": false, "withVideos": false, "media": [], "reportReasonText": "", "postAvatar": ""}]