[{"id": 233005219, "title": "放老子下去！", "excerpt": "", "anonymousSchool": false, "anonymousDepartment": true, "pinned": false, "forumId": "06e07db4-c8b5-4dae-851f-e8a8236e770c", "replyId": null, "createdAt": "2020-02-02T22:02:07.918Z", "updatedAt": "2020-02-02T22:02:07.918Z", "commentCount": 1, "likeCount": 211, "withNickname": false, "tags": [], "topics": [], "meta": {"layout": "image"}, "forumName": "梗圖", "forumAlias": "meme", "gender": "F", "school": "輔英科技大學", "replyTitle": null, "mediaMeta": [{"id": "48b3b172-f33e-4c4e-85cd-21f1b42a7de1", "url": "https://megapx-assets.dcard.tw/images/3b73d488-6f6e-4f15-8d97-8b0ee99d5845/640.jpeg", "normalizedUrl": "https://megapx-assets.dcard.tw/images/3b73d488-6f6e-4f15-8d97-8b0ee99d5845/640.jpeg", "thumbnail": "https://megapx-assets.dcard.tw/images/3b73d488-6f6e-4f15-8d97-8b0ee99d5845/640.jpeg", "type": "image/thumbnail", "tags": ["ANNOTATED"], "createdAt": "2020-02-02T22:02:07.918Z", "updatedAt": "2020-02-02T22:02:07.918Z", "width": 550, "height": 640}, {"id": "48b3b172-f33e-4c4e-85cd-21f1b42a7de1", "url": "https://megapx-assets.dcard.tw/images/3b73d488-6f6e-4f15-8d97-8b0ee99d5845/full.jpeg", "normalizedUrl": "https://megapx.dcard.tw/v1/images/3b73d488-6f6e-4f15-8d97-8b0ee99d5845", "thumbnail": "https://megapx-assets.dcard.tw/images/3b73d488-6f6e-4f15-8d97-8b0ee99d5845/640.jpeg", "type": "image/megapx", "tags": ["ANNOTATED"], "createdAt": "2020-02-02T22:02:07.918Z", "updatedAt": "2020-02-02T22:02:07.918Z", "width": 644, "height": 750}], "reactions": [{"id": "286f599c-f86a-4932-82f0-f5a06f1eca03", "count": 190}, {"id": "e8e6bc5d-41b0-4129-b134-97507523d7ff", "count": 21}], "hidden": false, "customStyle": null, "isSuspiciousAccount": false, "layout": "image", "withImages": true, "withVideos": false, "media": [{"url": "https://megapx-assets.dcard.tw/images/3b73d488-6f6e-4f15-8d97-8b0ee99d5845/full.jpeg"}], "reportReasonText": "", "postAvatar": ""}, {"id": 233005542, "title": "我難過", "excerpt": "", "anonymousSchool": false, "anonymousDepartment": true, "pinned": false, "forumId": "06e07db4-c8b5-4dae-851f-e8a8236e770c", "replyId": null, "createdAt": "2020-02-03T02:06:40.284Z", "updatedAt": "2020-02-03T02:06:40.284Z", "commentCount": 3, "likeCount": 172, "withNickname": false, "tags": [], "topics": ["梗圖", "我就爛", "你也是嗎"], "meta": {"layout": "image"}, "forumName": "梗圖", "forumAlias": "meme", "gender": "F", "school": "臺北醫學大學", "replyTitle": null, "mediaMeta": [{"id": "4123436e-d123-4dbd-81de-5d6fc5f19388", "url": "https://megapx-assets.dcard.tw/images/5a0447f2-f926-458b-991e-9a101bff60b8/640.jpeg", "normalizedUrl": "https://megapx-assets.dcard.tw/images/5a0447f2-f926-458b-991e-9a101bff60b8/640.jpeg", "thumbnail": "https://megapx-assets.dcard.tw/images/5a0447f2-f926-458b-991e-9a101bff60b8/640.jpeg", "type": "image/thumbnail", "tags": ["ANNOTATED"], "createdAt": "2020-02-03T02:06:40.284Z", "updatedAt": "2020-02-03T02:06:40.284Z", "width": 640, "height": 549}, {"id": "4123436e-d123-4dbd-81de-5d6fc5f19388", "url": "https://megapx-assets.dcard.tw/images/5a0447f2-f926-458b-991e-9a101bff60b8/full.jpeg", "normalizedUrl": "https://megapx.dcard.tw/v1/images/5a0447f2-f926-458b-991e-9a101bff60b8", "thumbnail": "https://megapx-assets.dcard.tw/images/5a0447f2-f926-458b-991e-9a101bff60b8/640.jpeg", "type": "image/megapx", "tags": ["ANNOTATED"], "createdAt": "2020-02-03T02:06:40.284Z", "updatedAt": "2020-02-03T02:06:40.284Z", "width": 720, "height": 618}], "reactions": [{"id": "286f599c-f86a-4932-82f0-f5a06f1eca03", "count": 150}, {"id": "514c2569-fd53-4d9d-a415-bf0f88e7329f", "count": 14}, {"id": "e8e6bc5d-41b0-4129-b134-97507523d7ff", "count": 8}], "hidden": false, "customStyle": null, "isSuspiciousAccount": false, "layout": "image", "withImages": true, "withVideos": false, "media": [{"url": "https://megapx-assets.dcard.tw/images/5a0447f2-f926-458b-991e-9a101bff60b8/full.jpeg"}], "reportReasonText": "", "postAvatar": ""}, {"id": 233006781, "title": "資源回收桶進化史", "excerpt": "", "anonymousSchool": false, "anonymousDepartment": true, "pinned": false, "forumId": "06e07db4-c8b5-4dae-851f-e8a8236e770c", "replyId": null, "createdAt": "2020-02-03T07:02:27.057Z", "updatedAt": "2020-02-03T07:02:27.057Z", "commentCount": 5, "likeCount": 167, "withNickname": false, "tags": [], "topics": ["梗圖"], "meta": {"layout": "image"}, "forumName": "梗圖", "forumAlias": "meme", "gender": "F", "school": "德明財經科技大學", "replyTitle": null, "mediaMeta": [{"id": "9402cae3-5f1d-4f87-a459-c76e69c17eff", "url": "https://megapx-assets.dcard.tw/images/19a7dd47-3d81-4b8f-ab31-bd8c267c2a9a/640.jpeg", "normalizedUrl": "https://megapx-assets.dcard.tw/images/19a7dd47-3d81-4b8f-ab31-bd8c267c2a9a/640.jpeg", "thumbnail": "https://megapx-assets.dcard.tw/images/19a7dd47-3d81-4b8f-ab31-bd8c267c2a9a/640.jpeg", "type": "image/thumbnail", "tags": [], "createdAt": "2020-02-03T07:02:27.057Z", "updatedAt": "2020-02-03T07:02:27.057Z", "width": 640, "height": 398}, {"id": "9402cae3-5f1d-4f87-a459-c76e69c17eff", "url": "https://megapx-assets.dcard.tw/images/19a7dd47-3d81-4b8f-ab31-bd8c267c2a9a/full.jpeg", "normalizedUrl": "https://megapx.dcard.tw/v1/images/19a7dd47-3d81-4b8f-ab31-bd8c267c2a9a", "thumbnail": "https://megapx-assets.dcard.tw/images/19a7dd47-3d81-4b8f-ab31-bd8c267c2a9a/640.jpeg", "type": "image/megapx", "tags": [], "createdAt": "2020-02-03T07:02:27.057Z", "updatedAt": "2020-02-03T07:02:27.057Z", "width": 1079, "height": 671}], "reactions": [{"id": "286f599c-f86a-4932-82f0-f5a06f1eca03", "count": 151}, {"id": "e8e6bc5d-41b0-4129-b134-97507523d7ff", "count": 15}, {"id": "011ead16-9b83-4729-9fde-c588920c6c2d", "count": 1}], "hidden": false, "customStyle": null, "isSuspiciousAccount": false, "layout": "image", "withImages": true, "withVideos": false, "media": [{"url": "https://megapx-assets.dcard.tw/images/19a7dd47-3d81-4b8f-ab31-bd8c267c2a9a/full.jpeg"}], "reportReasonText": "", "postAvatar": ""}, {"id": 233004889, "title": "超氣", "excerpt": "", "anonymousSchool": false, "anonymousDepartment": false, "pinned": false, "forumId": "06e07db4-c8b5-4dae-851f-e8a8236e770c", "replyId": null, "createdAt": "2020-02-02T18:53:23.198Z", "updatedAt": "2020-02-02T18:53:23.198Z", "commentCount": 0, "likeCount": 151, "withNickname": false, "tags": [], "topics": ["梗圖"], "meta": {"layout": "image"}, "forumName": "梗圖", "forumAlias": "meme", "gender": "F", "school": "國立臺灣大學", "department": "職能治療學系", "replyTitle": null, "mediaMeta": [{"id": "9e4f2265-02ca-43d1-a21b-286cf6bf1800", "url": "https://megapx-assets.dcard.tw/images/06fa64d7-3057-461e-872c-0bdf3176da66/640.jpeg", "normalizedUrl": "https://megapx-assets.dcard.tw/images/06fa64d7-3057-461e-872c-0bdf3176da66/640.jpeg", "thumbnail": "https://megapx-assets.dcard.tw/images/06fa64d7-3057-461e-872c-0bdf3176da66/640.jpeg", "type": "image/thumbnail", "tags": ["ANNOTATED"], "createdAt": "2020-02-02T18:53:23.198Z", "updatedAt": "2020-02-02T18:53:23.198Z", "width": 640, "height": 527}, {"id": "9e4f2265-02ca-43d1-a21b-286cf6bf1800", "url": "https://megapx-assets.dcard.tw/images/06fa64d7-3057-461e-872c-0bdf3176da66/full.jpeg", "normalizedUrl": "https://megapx.dcard.tw/v1/images/06fa64d7-3057-461e-872c-0bdf3176da66", "thumbnail": "https://megapx-assets.dcard.tw/images/06fa64d7-3057-461e-872c-0bdf3176da66/640.jpeg", "type": "image/megapx", "tags": ["ANNOTATED"], "createdAt": "2020-02-02T18:53:23.198Z", "updatedAt": "2020-02-02T18:53:23.198Z", "width": 750, "height": 617}], "reactions": [{"id": "286f599c-f86a-4932-82f0-f5a06f1eca03", "count": 142}, {"id": "e8e6bc5d-41b0-4129-b134-97507523d7ff", "count": 9}], "hidden": false, "customStyle": null, "isSuspiciousAccount": false, "layout": "image", "withImages": true, "withVideos": false, "media": [{"url": "https://megapx-assets.dcard.tw/images/06fa64d7-3057-461e-872c-0bdf3176da66/full.jpeg"}], "reportReasonText": "", "postAvatar": ""}, {"id": 233005937, "title": "脆脆的~", "excerpt": "", "anonymousSchool": false, "anonymousDepartment": false, "pinned": false, "forumId": "06e07db4-c8b5-4dae-851f-e8a8236e770c", "replyId": null, "createdAt": "2020-02-03T03:52:13.360Z", "updatedAt": "2020-02-03T03:52:13.360Z", "commentCount": 3, "likeCount": 150, "withNickname": true, "tags": [], "topics": [], "meta": {"layout": "image"}, "forumName": "梗圖", "forumAlias": "meme", "gender": "M", "school": "        ", "department": "only_in_you", "replyTitle": null, "mediaMeta": [{"id": "94cd4203-1e23-470c-87a6-f248327bc902", "url": "https://megapx-assets.dcard.tw/images/3a457dcf-427d-4f4c-ba9d-6c053a58a83e/640.jpeg", "normalizedUrl": "https://megapx-assets.dcard.tw/images/3a457dcf-427d-4f4c-ba9d-6c053a58a83e/640.jpeg", "thumbnail": "https://megapx-assets.dcard.tw/images/3a457dcf-427d-4f4c-ba9d-6c053a58a83e/640.jpeg", "type": "image/thumbnail", "tags": ["ANNOTATED"], "createdAt": "2020-02-03T03:52:13.360Z", "updatedAt": "2020-02-03T03:52:13.360Z", "width": 512, "height": 640}, {"id": "94cd4203-1e23-470c-87a6-f248327bc902", "url": "https://megapx-assets.dcard.tw/images/3a457dcf-427d-4f4c-ba9d-6c053a58a83e/full.jpeg", "normalizedUrl": "https://megapx.dcard.tw/v1/images/3a457dcf-427d-4f4c-ba9d-6c053a58a83e", "thumbnail": "https://megapx-assets.dcard.tw/images/3a457dcf-427d-4f4c-ba9d-6c053a58a83e/640.jpeg", "type": "image/megapx", "tags": ["ANNOTATED"], "createdAt": "2020-02-03T03:52:13.360Z", "updatedAt": "2020-02-03T03:52:13.360Z", "width": 600, "height": 750}], "reactions": [{"id": "286f599c-f86a-4932-82f0-f5a06f1eca03", "count": 135}, {"id": "e8e6bc5d-41b0-4129-b134-97507523d7ff", "count": 12}, {"id": "4b018f48-e184-445f-adf1-fc8e04ba09b9", "count": 3}], "hidden": false, "customStyle": null, "isSuspiciousAccount": false, "layout": "image", "withImages": true, "withVideos": false, "media": [{"url": "https://megapx-assets.dcard.tw/images/3a457dcf-427d-4f4c-ba9d-6c053a58a83e/full.jpeg"}], "reportReasonText": "", "postAvatar": ""}, {"id": 233007942, "title": "關於口罩", "excerpt": "", "anonymousSchool": false, "anonymousDepartment": true, "pinned": false, "forumId": "06e07db4-c8b5-4dae-851f-e8a8236e770c", "replyId": null, "createdAt": "2020-02-03T09:52:28.048Z", "updatedAt": "2020-02-03T09:52:28.048Z", "commentCount": 9, "likeCount": 149, "withNickname": false, "tags": [], "topics": [], "meta": {"layout": "image"}, "forumName": "梗圖", "forumAlias": "meme", "gender": "M", "school": "中原大學", "replyTitle": null, "mediaMeta": [{"id": "cb298dad-298a-4acc-a307-6e8af060d095", "url": "https://megapx-assets.dcard.tw/images/860ff0ec-ba78-4b60-9673-07c2a0bd5c72/640.jpeg", "normalizedUrl": "https://megapx-assets.dcard.tw/images/860ff0ec-ba78-4b60-9673-07c2a0bd5c72/640.jpeg", "thumbnail": "https://megapx-assets.dcard.tw/images/860ff0ec-ba78-4b60-9673-07c2a0bd5c72/640.jpeg", "type": "image/thumbnail", "tags": [], "createdAt": "2020-02-03T09:52:28.048Z", "updatedAt": "2020-02-03T09:52:28.048Z", "width": 640, "height": 640}, {"id": "cb298dad-298a-4acc-a307-6e8af060d095", "url": "https://megapx-assets.dcard.tw/images/860ff0ec-ba78-4b60-9673-07c2a0bd5c72/full.jpeg", "normalizedUrl": "https://megapx.dcard.tw/v1/images/860ff0ec-ba78-4b60-9673-07c2a0bd5c72", "thumbnail": "https://megapx-assets.dcard.tw/images/860ff0ec-ba78-4b60-9673-07c2a0bd5c72/640.jpeg", "type": "image/megapx", "tags": [], "createdAt": "2020-02-03T09:52:28.048Z", "updatedAt": "2020-02-03T09:52:28.048Z", "width": 960, "height": 960}], "reactions": [{"id": "286f599c-f86a-4932-82f0-f5a06f1eca03", "count": 129}, {"id": "e8e6bc5d-41b0-4129-b134-97507523d7ff", "count": 18}, {"id": "4b018f48-e184-445f-adf1-fc8e04ba09b9", "count": 1}, {"id": "aa0d425f-d530-4478-9a77-fe3aedc79eea", "count": 1}], "hidden": false, "customStyle": null, "isSuspiciousAccount": false, "layout": "image", "withImages": true, "withVideos": false, "media": [{"url": "https://megapx-assets.dcard.tw/images/860ff0ec-ba78-4b60-9673-07c2a0bd5c72/full.jpeg"}], "reportReasonText": "", "postAvatar": ""}, {"id": 233004391, "title": "咳嗽了一聲，旁邊的人閃得遠遠的", "excerpt": "", "anonymousSchool": false, "anonymousDepartment": false, "pinned": false, "forumId": "06e07db4-c8b5-4dae-851f-e8a8236e770c", "replyId": null, "createdAt": "2020-02-02T17:11:07.420Z", "updatedAt": "2020-02-02T17:11:07.420Z", "commentCount": 0, "likeCount": 147, "withNickname": true, "tags": [], "topics": ["梗圖", "廢文", "搞笑"], "meta": {"layout": "image"}, "forumName": "梗圖", "forumAlias": "meme", "gender": "F", "school": "霹靂啪啦", "department": "pkj009", "replyTitle": null, "mediaMeta": [{"id": "9433a4e3-eb0a-42c5-ada6-c51d82c320f0", "url": "https://megapx-assets.dcard.tw/images/223fe06e-ca84-4180-bdeb-21cf41e14b53/320.jpeg", "normalizedUrl": "https://megapx-assets.dcard.tw/images/223fe06e-ca84-4180-bdeb-21cf41e14b53/320.jpeg", "thumbnail": "https://megapx-assets.dcard.tw/images/223fe06e-ca84-4180-bdeb-21cf41e14b53/320.jpeg", "type": "image/thumbnail", "tags": ["ANNOTATED"], "createdAt": "2020-02-02T17:11:07.420Z", "updatedAt": "2020-02-02T17:11:07.420Z", "width": 298, "height": 320}, {"id": "9433a4e3-eb0a-42c5-ada6-c51d82c320f0", "url": "https://megapx-assets.dcard.tw/images/223fe06e-ca84-4180-bdeb-21cf41e14b53/full.jpeg", "normalizedUrl": "https://megapx.dcard.tw/v1/images/223fe06e-ca84-4180-bdeb-21cf41e14b53", "thumbnail": "https://megapx-assets.dcard.tw/images/223fe06e-ca84-4180-bdeb-21cf41e14b53/320.jpeg", "type": "image/megapx", "tags": ["ANNOTATED"], "createdAt": "2020-02-02T17:11:07.420Z", "updatedAt": "2020-02-02T17:11:07.420Z", "width": 426, "height": 458}], "reactions": [{"id": "286f599c-f86a-4932-82f0-f5a06f1eca03", "count": 129}, {"id": "e8e6bc5d-41b0-4129-b134-97507523d7ff", "count": 18}], "hidden": false, "customStyle": null, "isSuspiciousAccount": false, "layout": "image", "withImages": true, "withVideos": false, "media": [{"url": "https://megapx-assets.dcard.tw/images/223fe06e-ca84-4180-bdeb-21cf41e14b53/full.jpeg"}], "reportReasonText": "", "postAvatar": ""}, {"id": 233004341, "title": "歪", "excerpt": "", "anonymousSchool": false, "anonymousDepartment": false, "pinned": false, "forumId": "06e07db4-c8b5-4dae-851f-e8a8236e770c", "replyId": null, "createdAt": "2020-02-02T17:04:11.129Z", "updatedAt": "2020-02-02T17:04:11.129Z", "commentCount": 7, "likeCount": 146, "withNickname": true, "tags": [], "topics": [], "meta": {"layout": "image"}, "forumName": "梗圖", "forumAlias": "meme", "gender": "M", "school": "甲蟲王者", "department": "rayrain", "replyTitle": null, "mediaMeta": [{"id": "faedf729-11ff-4d5c-a1d2-c9431c380746", "url": "https://megapx-assets.dcard.tw/images/19766404-909a-40da-b65d-ff4325a2104f/640.jpeg", "normalizedUrl": "https://megapx-assets.dcard.tw/images/19766404-909a-40da-b65d-ff4325a2104f/640.jpeg", "thumbnail": "https://megapx-assets.dcard.tw/images/19766404-909a-40da-b65d-ff4325a2104f/640.jpeg", "type": "image/thumbnail", "tags": [], "createdAt": "2020-02-02T17:04:11.129Z", "updatedAt": "2020-02-02T17:04:11.129Z", "width": 636, "height": 640}, {"id": "faedf729-11ff-4d5c-a1d2-c9431c380746", "url": "https://megapx-assets.dcard.tw/images/19766404-909a-40da-b65d-ff4325a2104f/full.jpeg", "normalizedUrl": "https://megapx.dcard.tw/v1/images/19766404-909a-40da-b65d-ff4325a2104f", "thumbnail": "https://megapx-assets.dcard.tw/images/19766404-909a-40da-b65d-ff4325a2104f/640.jpeg", "type": "image/megapx", "tags": [], "createdAt": "2020-02-02T17:04:11.129Z", "updatedAt": "2020-02-02T17:04:11.129Z", "width": 708, "height": 712}], "reactions": [{"id": "286f599c-f86a-4932-82f0-f5a06f1eca03", "count": 126}, {"id": "e8e6bc5d-41b0-4129-b134-97507523d7ff", "count": 19}, {"id": "4b018f48-e184-445f-adf1-fc8e04ba09b9", "count": 1}], "hidden": false, "customStyle": null, "isSuspiciousAccount": false, "layout": "image", "withImages": true, "withVideos": false, "media": [{"url": "https://megapx-assets.dcard.tw/images/19766404-909a-40da-b65d-ff4325a2104f/full.jpeg"}], "reportReasonText": "", "postAvatar": ""}, {"id": 233004206, "title": "準備好了嗎？今年能不能發財就看這天了", "excerpt": "", "anonymousSchool": false, "anonymousDepartment": false, "pinned": false, "forumId": "06e07db4-c8b5-4dae-851f-e8a8236e770c", "replyId": null, "createdAt": "2020-02-02T16:44:17.859Z", "updatedAt": "2020-02-02T16:44:17.859Z", "commentCount": 1, "likeCount": 143, "withNickname": true, "tags": [], "topics": ["梗圖", "奇葩人的正經生活"], "meta": {"layout": "image"}, "forumName": "梗圖", "forumAlias": "meme", "gender": "M", "school": "奇葩人的正經生活", "department": "n30698", "replyTitle": null, "mediaMeta": [{"id": "232aa430-bd7d-473b-be8e-1d66b5ed2e74", "url": "https://megapx-assets.dcard.tw/images/09d3f294-7865-486d-bef0-2ba648dd823f/320.jpeg", "normalizedUrl": "https://megapx-assets.dcard.tw/images/09d3f294-7865-486d-bef0-2ba648dd823f/320.jpeg", "thumbnail": "https://megapx-assets.dcard.tw/images/09d3f294-7865-486d-bef0-2ba648dd823f/320.jpeg", "type": "image/thumbnail", "tags": ["ANNOTATED"], "createdAt": "2020-02-02T16:44:17.859Z", "updatedAt": "2020-02-02T16:44:17.859Z", "width": 320, "height": 315}, {"id": "232aa430-bd7d-473b-be8e-1d66b5ed2e74", "url": "https://megapx-assets.dcard.tw/images/09d3f294-7865-486d-bef0-2ba648dd823f/full.jpeg", "normalizedUrl": "https://megapx.dcard.tw/v1/images/09d3f294-7865-486d-bef0-2ba648dd823f", "thumbnail": "https://megapx-assets.dcard.tw/images/09d3f294-7865-486d-bef0-2ba648dd823f/320.jpeg", "type": "image/megapx", "tags": ["ANNOTATED"], "createdAt": "2020-02-02T16:44:17.859Z", "updatedAt": "2020-02-02T16:44:17.859Z", "width": 471, "height": 464}], "reactions": [{"id": "286f599c-f86a-4932-82f0-f5a06f1eca03", "count": 123}, {"id": "e8e6bc5d-41b0-4129-b134-97507523d7ff", "count": 20}], "hidden": false, "customStyle": null, "isSuspiciousAccount": false, "layout": "image", "withImages": true, "withVideos": false, "media": [{"url": "https://megapx-assets.dcard.tw/images/09d3f294-7865-486d-bef0-2ba648dd823f/full.jpeg"}], "reportReasonText": "", "postAvatar": ""}, {"id": 233007142, "title": "論病毒", "excerpt": "", "anonymousSchool": false, "anonymousDepartment": false, "pinned": false, "forumId": "06e07db4-c8b5-4dae-851f-e8a8236e770c", "replyId": null, "createdAt": "2020-02-03T08:12:45.378Z", "updatedAt": "2020-02-03T08:12:45.378Z", "commentCount": 11, "likeCount": 138, "withNickname": true, "tags": [], "topics": ["梗圖"], "meta": {"layout": "image"}, "forumName": "梗圖", "forumAlias": "meme", "gender": "M", "school": "ロナ", "department": "ronasan", "replyTitle": null, "mediaMeta": [{"id": "c0010174-d8f8-427d-8a9e-a7150bcda31f", "url": "https://megapx-assets.dcard.tw/images/6f8bec0e-242d-4e0e-a40b-d08145b75757/640.jpeg", "normalizedUrl": "https://megapx-assets.dcard.tw/images/6f8bec0e-242d-4e0e-a40b-d08145b75757/640.jpeg", "thumbnail": "https://megapx-assets.dcard.tw/images/6f8bec0e-242d-4e0e-a40b-d08145b75757/640.jpeg", "type": "image/thumbnail", "tags": ["ANNOTATED"], "createdAt": "2020-02-03T08:12:45.378Z", "updatedAt": "2020-02-03T08:12:45.378Z", "width": 609, "height": 640}, {"id": "c0010174-d8f8-427d-8a9e-a7150bcda31f", "url": "https://megapx-assets.dcard.tw/images/6f8bec0e-242d-4e0e-a40b-d08145b75757/full.jpeg", "normalizedUrl": "https://megapx.dcard.tw/v1/images/6f8bec0e-242d-4e0e-a40b-d08145b75757", "thumbnail": "https://megapx-assets.dcard.tw/images/6f8bec0e-242d-4e0e-a40b-d08145b75757/640.jpeg", "type": "image/megapx", "tags": ["ANNOTATED"], "createdAt": "2020-02-03T08:12:45.378Z", "updatedAt": "2020-02-03T08:12:45.378Z", "width": 720, "height": 757}], "reactions": [{"id": "286f599c-f86a-4932-82f0-f5a06f1eca03", "count": 121}, {"id": "e8e6bc5d-41b0-4129-b134-97507523d7ff", "count": 16}, {"id": "4b018f48-e184-445f-adf1-fc8e04ba09b9", "count": 1}], "hidden": false, "customStyle": null, "isSuspiciousAccount": false, "layout": "image", "withImages": true, "withVideos": false, "media": [{"url": "https://megapx-assets.dcard.tw/images/6f8bec0e-242d-4e0e-a40b-d08145b75757/full.jpeg"}], "reportReasonText": "", "postAvatar": ""}, {"id": 233006013, "title": "可惡想插", "excerpt": "", "anonymousSchool": false, "anonymousDepartment": false, "pinned": false, "forumId": "06e07db4-c8b5-4dae-851f-e8a8236e770c", "replyId": null, "createdAt": "2020-02-03T04:10:31.605Z", "updatedAt": "2020-02-03T04:10:31.605Z", "commentCount": 0, "likeCount": 123, "withNickname": true, "tags": [], "topics": ["梗圖"], "meta": {"layout": "image"}, "forumName": "梗圖", "forumAlias": "meme", "gender": "M", "school": "勸君莫讀國文系", "department": "funnypoint_wu", "replyTitle": null, "mediaMeta": [{"id": "519a8cf6-ec41-437f-bd6e-60ee23de82b3", "url": "https://megapx-assets.dcard.tw/images/9d827f36-05bf-43f5-97c8-bcb540e87c98/640.jpeg", "normalizedUrl": "https://megapx-assets.dcard.tw/images/9d827f36-05bf-43f5-97c8-bcb540e87c98/640.jpeg", "thumbnail": "https://megapx-assets.dcard.tw/images/9d827f36-05bf-43f5-97c8-bcb540e87c98/640.jpeg", "type": "image/thumbnail", "tags": [], "createdAt": "2020-02-03T04:10:31.605Z", "updatedAt": "2020-02-03T04:10:31.605Z", "width": 512, "height": 640}, {"id": "519a8cf6-ec41-437f-bd6e-60ee23de82b3", "url": "https://megapx-assets.dcard.tw/images/9d827f36-05bf-43f5-97c8-bcb540e87c98/full.jpeg", "normalizedUrl": "https://megapx.dcard.tw/v1/images/9d827f36-05bf-43f5-97c8-bcb540e87c98", "thumbnail": "https://megapx-assets.dcard.tw/images/9d827f36-05bf-43f5-97c8-bcb540e87c98/640.jpeg", "type": "image/megapx", "tags": [], "createdAt": "2020-02-03T04:10:31.605Z", "updatedAt": "2020-02-03T04:10:31.605Z", "width": 768, "height": 960}], "reactions": [{"id": "286f599c-f86a-4932-82f0-f5a06f1eca03", "count": 113}, {"id": "e8e6bc5d-41b0-4129-b134-97507523d7ff", "count": 10}], "hidden": false, "customStyle": null, "isSuspiciousAccount": false, "layout": "image", "withImages": true, "withVideos": false, "media": [{"url": "https://megapx-assets.dcard.tw/images/9d827f36-05bf-43f5-97c8-bcb540e87c98/full.jpeg"}], "reportReasonText": "", "postAvatar": ""}, {"id": 233006345, "title": "我就爛👍🏼", "excerpt": "", "anonymousSchool": false, "anonymousDepartment": true, "pinned": false, "forumId": "06e07db4-c8b5-4dae-851f-e8a8236e770c", "replyId": null, "createdAt": "2020-02-03T05:26:17.671Z", "updatedAt": "2020-02-03T05:26:17.671Z", "commentCount": 9, "likeCount": 119, "withNickname": false, "tags": [], "topics": ["梗圖"], "meta": {"layout": "image"}, "forumName": "梗圖", "forumAlias": "meme", "gender": "F", "school": "東海大學", "replyTitle": null, "mediaMeta": [{"id": "677d8ce2-4253-43b9-93b2-cc6dfc1d9a0c", "url": "https://megapx-assets.dcard.tw/images/7fe126cb-dc4b-449d-8000-8976f56153dc/640.jpeg", "normalizedUrl": "https://megapx-assets.dcard.tw/images/7fe126cb-dc4b-449d-8000-8976f56153dc/640.jpeg", "thumbnail": "https://megapx-assets.dcard.tw/images/7fe126cb-dc4b-449d-8000-8976f56153dc/640.jpeg", "type": "image/thumbnail", "tags": [], "createdAt": "2020-02-03T05:26:17.671Z", "updatedAt": "2020-02-03T05:26:17.671Z", "width": 533, "height": 640}, {"id": "677d8ce2-4253-43b9-93b2-cc6dfc1d9a0c", "url": "https://megapx-assets.dcard.tw/images/7fe126cb-dc4b-449d-8000-8976f56153dc/full.jpeg", "normalizedUrl": "https://megapx.dcard.tw/v1/images/7fe126cb-dc4b-449d-8000-8976f56153dc", "thumbnail": "https://megapx-assets.dcard.tw/images/7fe126cb-dc4b-449d-8000-8976f56153dc/640.jpeg", "type": "image/megapx", "tags": [], "createdAt": "2020-02-03T05:26:17.671Z", "updatedAt": "2020-02-03T05:26:17.671Z", "width": 700, "height": 840}], "reactions": [{"id": "286f599c-f86a-4932-82f0-f5a06f1eca03", "count": 104}, {"id": "e8e6bc5d-41b0-4129-b134-97507523d7ff", "count": 15}], "hidden": false, "customStyle": null, "isSuspiciousAccount": false, "layout": "image", "withImages": true, "withVideos": false, "media": [{"url": "https://megapx-assets.dcard.tw/images/7fe126cb-dc4b-449d-8000-8976f56153dc/full.jpeg"}], "reportReasonText": "", "postAvatar": ""}, {"id": 233005539, "title": "恨自己", "excerpt": "", "anonymousSchool": false, "anonymousDepartment": false, "pinned": false, "forumId": "06e07db4-c8b5-4dae-851f-e8a8236e770c", "replyId": null, "createdAt": "2020-02-03T02:05:51.713Z", "updatedAt": "2020-02-03T02:05:51.713Z", "commentCount": 0, "likeCount": 111, "withNickname": true, "tags": [], "topics": [], "meta": {"layout": "image"}, "forumName": "梗圖", "forumAlias": "meme", "gender": "M", "school": "梗王", "department": "jimmy.06", "replyTitle": null, "mediaMeta": [{"id": "717d12be-b928-4523-848d-db694625cfa2", "url": "https://megapx-assets.dcard.tw/images/92f77682-f993-4f28-aba2-f9e6765e2a60/320.jpeg", "normalizedUrl": "https://megapx-assets.dcard.tw/images/92f77682-f993-4f28-aba2-f9e6765e2a60/320.jpeg", "thumbnail": "https://megapx-assets.dcard.tw/images/92f77682-f993-4f28-aba2-f9e6765e2a60/320.jpeg", "type": "image/thumbnail", "tags": ["ANNOTATED"], "createdAt": "2020-02-03T02:05:51.713Z", "updatedAt": "2020-02-03T02:05:51.713Z", "width": 320, "height": 238}, {"id": "717d12be-b928-4523-848d-db694625cfa2", "url": "https://megapx-assets.dcard.tw/images/92f77682-f993-4f28-aba2-f9e6765e2a60/full.jpeg", "normalizedUrl": "https://megapx.dcard.tw/v1/images/92f77682-f993-4f28-aba2-f9e6765e2a60", "thumbnail": "https://megapx-assets.dcard.tw/images/92f77682-f993-4f28-aba2-f9e6765e2a60/320.jpeg", "type": "image/megapx", "tags": ["ANNOTATED"], "createdAt": "2020-02-03T02:05:51.713Z", "updatedAt": "2020-02-03T02:05:51.713Z", "width": 519, "height": 386}], "reactions": [{"id": "286f599c-f86a-4932-82f0-f5a06f1eca03", "count": 93}, {"id": "e8e6bc5d-41b0-4129-b134-97507523d7ff", "count": 13}, {"id": "514c2569-fd53-4d9d-a415-bf0f88e7329f", "count": 5}], "hidden": false, "customStyle": null, "isSuspiciousAccount": false, "layout": "image", "withImages": true, "withVideos": false, "media": [{"url": "https://megapx-assets.dcard.tw/images/92f77682-f993-4f28-aba2-f9e6765e2a60/full.jpeg"}], "reportReasonText": "", "postAvatar": ""}, {"id": 233003820, "title": "差點就去了", "excerpt": "", "anonymousSchool": false, "anonymousDepartment": false, "pinned": false, "forumId": "06e07db4-c8b5-4dae-851f-e8a8236e770c", "replyId": null, "createdAt": "2020-02-02T15:52:38.095Z", "updatedAt": "2020-02-02T15:52:38.095Z", "commentCount": 0, "likeCount": 91, "withNickname": true, "tags": [], "topics": ["梗圖"], "meta": {"layout": "image"}, "forumName": "梗圖", "forumAlias": "meme", "gender": "M", "school": "資工肥宅", "department": "yuai9111", "replyTitle": null, "mediaMeta": [{"id": "25efc4be-ac69-4711-86ac-bdeea7ecedf1", "url": "https://megapx-assets.dcard.tw/images/be776bc9-b412-4765-ba5f-f8bfeea0f6d6/320.png", "normalizedUrl": "https://megapx-assets.dcard.tw/images/be776bc9-b412-4765-ba5f-f8bfeea0f6d6/320.png", "thumbnail": "https://megapx-assets.dcard.tw/images/be776bc9-b412-4765-ba5f-f8bfeea0f6d6/320.png", "type": "image/thumbnail", "tags": [], "createdAt": "2020-02-02T15:52:38.095Z", "updatedAt": "2020-02-02T15:52:38.095Z", "width": 320, "height": 302}, {"id": "25efc4be-ac69-4711-86ac-bdeea7ecedf1", "url": "https://megapx-assets.dcard.tw/images/be776bc9-b412-4765-ba5f-f8bfeea0f6d6/full.png", "normalizedUrl": "https://megapx.dcard.tw/v1/images/be776bc9-b412-4765-ba5f-f8bfeea0f6d6", "thumbnail": "https://megapx-assets.dcard.tw/images/be776bc9-b412-4765-ba5f-f8bfeea0f6d6/320.png", "type": "image/megapx", "tags": [], "createdAt": "2020-02-02T15:52:38.095Z", "updatedAt": "2020-02-02T15:52:38.095Z", "width": 360, "height": 340}], "reactions": [{"id": "286f599c-f86a-4932-82f0-f5a06f1eca03", "count": 83}, {"id": "e8e6bc5d-41b0-4129-b134-97507523d7ff", "count": 7}, {"id": "4b018f48-e184-445f-adf1-fc8e04ba09b9", "count": 1}], "hidden": false, "customStyle": null, "isSuspiciousAccount": false, "layout": "image", "withImages": true, "withVideos": false, "media": [{"url": "https://megapx-assets.dcard.tw/images/be776bc9-b412-4765-ba5f-f8bfeea0f6d6/full.png"}], "reportReasonText": "", "postAvatar": ""}, {"id": 233005910, "title": "一定要戴口罩喔！", "excerpt": "", "anonymousSchool": false, "anonymousDepartment": false, "pinned": false, "forumId": "06e07db4-c8b5-4dae-851f-e8a8236e770c", "replyId": null, "createdAt": "2020-02-03T03:45:01.328Z", "updatedAt": "2020-02-03T03:45:01.328Z", "commentCount": 4, "likeCount": 88, "withNickname": true, "tags": [], "topics": ["梗圖"], "meta": {"layout": "image"}, "forumName": "梗圖", "forumAlias": "meme", "gender": "M", "school": "地獄列車長", "department": "howhowshow", "replyTitle": null, "mediaMeta": [{"id": "c38ad0c7-3a08-45fe-91fd-ad1ea60307a3", "url": "https://megapx-assets.dcard.tw/images/e2e77923-626d-4fe1-ba36-abf2b35d0288/640.jpeg", "normalizedUrl": "https://megapx-assets.dcard.tw/images/e2e77923-626d-4fe1-ba36-abf2b35d0288/640.jpeg", "thumbnail": "https://megapx-assets.dcard.tw/images/e2e77923-626d-4fe1-ba36-abf2b35d0288/640.jpeg", "type": "image/thumbnail", "tags": ["ANNOTATED"], "createdAt": "2020-02-03T03:45:01.328Z", "updatedAt": "2020-02-03T03:45:01.328Z", "width": 485, "height": 640}, {"id": "c38ad0c7-3a08-45fe-91fd-ad1ea60307a3", "url": "https://megapx-assets.dcard.tw/images/e2e77923-626d-4fe1-ba36-abf2b35d0288/full.jpeg", "normalizedUrl": "https://megapx.dcard.tw/v1/images/e2e77923-626d-4fe1-ba36-abf2b35d0288", "thumbnail": "https://megapx-assets.dcard.tw/images/e2e77923-626d-4fe1-ba36-abf2b35d0288/640.jpeg", "type": "image/megapx", "tags": ["ANNOTATED"], "createdAt": "2020-02-03T03:45:01.328Z", "updatedAt": "2020-02-03T03:45:01.328Z", "width": 750, "height": 990}], "reactions": [{"id": "286f599c-f86a-4932-82f0-f5a06f1eca03", "count": 68}, {"id": "e8e6bc5d-41b0-4129-b134-97507523d7ff", "count": 20}], "hidden": false, "customStyle": null, "isSuspiciousAccount": false, "layout": "image", "withImages": true, "withVideos": false, "media": [{"url": "https://megapx-assets.dcard.tw/images/e2e77923-626d-4fe1-ba36-abf2b35d0288/full.jpeg"}], "reportReasonText": "", "postAvatar": ""}, {"id": 233007839, "title": "哦嗚……", "excerpt": "", "anonymousSchool": false, "anonymousDepartment": false, "pinned": false, "forumId": "06e07db4-c8b5-4dae-851f-e8a8236e770c", "replyId": null, "createdAt": "2020-02-03T09:39:10.926Z", "updatedAt": "2020-02-03T09:39:10.926Z", "commentCount": 4, "likeCount": 87, "withNickname": false, "tags": [], "topics": ["搞笑"], "meta": {"layout": "image"}, "forumName": "梗圖", "forumAlias": "meme", "gender": "M", "school": "國立虎尾科技大學", "department": "機械設計工程系", "replyTitle": null, "mediaMeta": [{"id": "d865794e-428d-4c13-ba11-4bdc36fc3e4f", "url": "https://megapx-assets.dcard.tw/images/7c55e74a-bf1f-4006-a86e-e0bd180e9df0/640.jpeg", "normalizedUrl": "https://megapx-assets.dcard.tw/images/7c55e74a-bf1f-4006-a86e-e0bd180e9df0/640.jpeg", "thumbnail": "https://megapx-assets.dcard.tw/images/7c55e74a-bf1f-4006-a86e-e0bd180e9df0/640.jpeg", "type": "image/thumbnail", "tags": [], "createdAt": "2020-02-03T09:39:10.926Z", "updatedAt": "2020-02-03T09:39:10.926Z", "width": 640, "height": 530}, {"id": "d865794e-428d-4c13-ba11-4bdc36fc3e4f", "url": "https://megapx-assets.dcard.tw/images/7c55e74a-bf1f-4006-a86e-e0bd180e9df0/full.jpeg", "normalizedUrl": "https://megapx.dcard.tw/v1/images/7c55e74a-bf1f-4006-a86e-e0bd180e9df0", "thumbnail": "https://megapx-assets.dcard.tw/images/7c55e74a-bf1f-4006-a86e-e0bd180e9df0/640.jpeg", "type": "image/megapx", "tags": [], "createdAt": "2020-02-03T09:39:10.926Z", "updatedAt": "2020-02-03T09:39:10.926Z", "width": 720, "height": 596}], "reactions": [{"id": "286f599c-f86a-4932-82f0-f5a06f1eca03", "count": 77}, {"id": "e8e6bc5d-41b0-4129-b134-97507523d7ff", "count": 10}], "hidden": false, "customStyle": null, "isSuspiciousAccount": false, "layout": "image", "withImages": true, "withVideos": false, "media": [{"url": "https://megapx-assets.dcard.tw/images/7c55e74a-bf1f-4006-a86e-e0bd180e9df0/full.jpeg"}], "reportReasonText": "", "postAvatar": ""}, {"id": 233010697, "title": "我的原子筆彈簧(;´༎ຶД༎ຶ`)", "excerpt": "", "anonymousSchool": false, "anonymousDepartment": true, "pinned": false, "forumId": "06e07db4-c8b5-4dae-851f-e8a8236e770c", "replyId": null, "createdAt": "2020-02-03T16:06:14.142Z", "updatedAt": "2020-02-03T16:06:14.142Z", "commentCount": 4, "likeCount": 76, "withNickname": false, "tags": [], "topics": ["梗圖"], "meta": {"layout": "image"}, "forumName": "梗圖", "forumAlias": "meme", "gender": "M", "school": "義守大學", "replyTitle": null, "mediaMeta": [{"id": "01f55375-a74c-44bf-b356-8211c191c47a", "url": "https://megapx-assets.dcard.tw/images/83629e1a-beb2-4291-8d35-5dc00ee0bf5f/640.jpeg", "normalizedUrl": "https://megapx-assets.dcard.tw/images/83629e1a-beb2-4291-8d35-5dc00ee0bf5f/640.jpeg", "thumbnail": "https://megapx-assets.dcard.tw/images/83629e1a-beb2-4291-8d35-5dc00ee0bf5f/640.jpeg", "type": "image/thumbnail", "tags": ["ANNOTATED"], "createdAt": "2020-02-03T16:06:14.142Z", "updatedAt": "2020-02-03T16:06:14.142Z", "width": 640, "height": 389}, {"id": "01f55375-a74c-44bf-b356-8211c191c47a", "url": "https://megapx-assets.dcard.tw/images/83629e1a-beb2-4291-8d35-5dc00ee0bf5f/full.jpeg", "normalizedUrl": "https://megapx.dcard.tw/v1/images/83629e1a-beb2-4291-8d35-5dc00ee0bf5f", "thumbnail": "https://megapx-assets.dcard.tw/images/83629e1a-beb2-4291-8d35-5dc00ee0bf5f/640.jpeg", "type": "image/megapx", "tags": ["ANNOTATED"], "createdAt": "2020-02-03T16:06:14.142Z", "updatedAt": "2020-02-03T16:06:14.142Z", "width": 960, "height": 583}], "reactions": [{"id": "286f599c-f86a-4932-82f0-f5a06f1eca03", "count": 66}, {"id": "e8e6bc5d-41b0-4129-b134-97507523d7ff", "count": 10}], "hidden": false, "customStyle": null, "isSuspiciousAccount": false, "layout": "image", "withImages": true, "withVideos": false, "media": [{"url": "https://megapx-assets.dcard.tw/images/83629e1a-beb2-4291-8d35-5dc00ee0bf5f/full.jpeg"}], "reportReasonText": "", "postAvatar": ""}, {"id": 233009494, "title": "去吧，我把所有的口罩都放在那裡了", "excerpt": "", "anonymousSchool": false, "anonymousDepartment": true, "pinned": false, "forumId": "06e07db4-c8b5-4dae-851f-e8a8236e770c", "replyId": null, "createdAt": "2020-02-03T13:42:46.869Z", "updatedAt": "2020-02-03T13:42:46.869Z", "commentCount": 3, "likeCount": 74, "withNickname": false, "tags": [], "topics": ["廢文"], "meta": {"layout": "image"}, "forumName": "梗圖", "forumAlias": "meme", "gender": "M", "school": "國立東華大學", "replyTitle": null, "mediaMeta": [{"id": "3245e4a2-eb7d-4f38-b3b2-05b3b623014a", "url": "https://megapx-assets.dcard.tw/images/713eabea-b5c0-46e2-9ef9-445e0bd2aa44/640.jpeg", "normalizedUrl": "https://megapx-assets.dcard.tw/images/713eabea-b5c0-46e2-9ef9-445e0bd2aa44/640.jpeg", "thumbnail": "https://megapx-assets.dcard.tw/images/713eabea-b5c0-46e2-9ef9-445e0bd2aa44/640.jpeg", "type": "image/thumbnail", "tags": [], "createdAt": "2020-02-03T13:42:46.869Z", "updatedAt": "2020-02-03T13:42:46.869Z", "width": 640, "height": 480}, {"id": "3245e4a2-eb7d-4f38-b3b2-05b3b623014a", "url": "https://megapx-assets.dcard.tw/images/713eabea-b5c0-46e2-9ef9-445e0bd2aa44/full.jpeg", "normalizedUrl": "https://megapx.dcard.tw/v1/images/713eabea-b5c0-46e2-9ef9-445e0bd2aa44", "thumbnail": "https://megapx-assets.dcard.tw/images/713eabea-b5c0-46e2-9ef9-445e0bd2aa44/640.jpeg", "type": "image/megapx", "tags": [], "createdAt": "2020-02-03T13:42:46.869Z", "updatedAt": "2020-02-03T13:42:46.869Z", "width": 720, "height": 540}], "reactions": [{"id": "286f599c-f86a-4932-82f0-f5a06f1eca03", "count": 63}, {"id": "e8e6bc5d-41b0-4129-b134-97507523d7ff", "count": 10}, {"id": "514c2569-fd53-4d9d-a415-bf0f88e7329f", "count": 1}], "hidden": false, "customStyle": null, "isSuspiciousAccount": false, "layout": "image", "withImages": true, "withVideos": false, "media": [{"url": "https://megapx-assets.dcard.tw/images/713eabea-b5c0-46e2-9ef9-445e0bd2aa44/full.jpeg"}], "reportReasonText": "", "postAvatar": ""}, {"id": 233004455, "title": "講到ptt簽名檔絕對不能忘記這個", "excerpt": "", "anonymousSchool": false, "anonymousDepartment": false, "pinned": false, "forumId": "06e07db4-c8b5-4dae-851f-e8a8236e770c", "replyId": null, "createdAt": "2020-02-02T17:18:46.876Z", "updatedAt": "2020-02-02T17:18:46.876Z", "commentCount": 0, "likeCount": 72, "withNickname": true, "tags": [], "topics": ["ptt", "簽名檔"], "meta": {"layout": "image"}, "forumName": "梗圖", "forumAlias": "meme", "gender": "F", "school": "卡娜赫拉教授加博士小姐", "department": "kanahei_ne", "replyTitle": null, "mediaMeta": [{"id": "3c413216-f333-4546-bed7-59513ca32a2f", "url": "https://megapx-assets.dcard.tw/images/7e1ea7b3-59b8-418e-8795-b747e6832496/640.jpeg", "normalizedUrl": "https://megapx-assets.dcard.tw/images/7e1ea7b3-59b8-418e-8795-b747e6832496/640.jpeg", "thumbnail": "https://megapx-assets.dcard.tw/images/7e1ea7b3-59b8-418e-8795-b747e6832496/640.jpeg", "type": "image/thumbnail", "tags": [], "createdAt": "2020-02-02T17:18:46.876Z", "updatedAt": "2020-02-02T17:18:46.876Z", "width": 640, "height": 299}, {"id": "3c413216-f333-4546-bed7-59513ca32a2f", "url": "https://megapx-assets.dcard.tw/images/7e1ea7b3-59b8-418e-8795-b747e6832496/full.jpeg", "normalizedUrl": "https://megapx.dcard.tw/v1/images/7e1ea7b3-59b8-418e-8795-b747e6832496", "thumbnail": "https://megapx-assets.dcard.tw/images/7e1ea7b3-59b8-418e-8795-b747e6832496/640.jpeg", "type": "image/megapx", "tags": [], "createdAt": "2020-02-02T17:18:46.876Z", "updatedAt": "2020-02-02T17:18:46.876Z", "width": 1080, "height": 505}], "reactions": [{"id": "286f599c-f86a-4932-82f0-f5a06f1eca03", "count": 60}, {"id": "e8e6bc5d-41b0-4129-b134-97507523d7ff", "count": 12}], "hidden": false, "customStyle": null, "isSuspiciousAccount": false, "layout": "image", "withImages": true, "withVideos": false, "media": [{"url": "https://megapx-assets.dcard.tw/images/7e1ea7b3-59b8-418e-8795-b747e6832496/full.jpeg"}], "reportReasonText": "", "postAvatar": ""}, {"id": 233007692, "title": "李釗，別害人啊⋯", "excerpt": "", "anonymousSchool": false, "anonymousDepartment": true, "pinned": false, "forumId": "06e07db4-c8b5-4dae-851f-e8a8236e770c", "replyId": null, "createdAt": "2020-02-03T09:18:14.554Z", "updatedAt": "2020-02-03T09:18:14.554Z", "commentCount": 2, "likeCount": 71, "withNickname": false, "tags": [], "topics": ["梗圖"], "meta": {"layout": "image"}, "forumName": "梗圖", "forumAlias": "meme", "gender": "M", "school": "僑光科技大學", "replyTitle": null, "mediaMeta": [{"id": "4715196f-5969-4809-bb47-fd9fef53963f", "url": "https://megapx-assets.dcard.tw/images/a2816d6a-121a-44cb-979c-e916a7150494/640.jpeg", "normalizedUrl": "https://megapx-assets.dcard.tw/images/a2816d6a-121a-44cb-979c-e916a7150494/640.jpeg", "thumbnail": "https://megapx-assets.dcard.tw/images/a2816d6a-121a-44cb-979c-e916a7150494/640.jpeg", "type": "image/thumbnail", "tags": ["ANNOTATED"], "createdAt": "2020-02-03T09:18:14.554Z", "updatedAt": "2020-02-03T09:18:14.554Z", "width": 477, "height": 640}, {"id": "4715196f-5969-4809-bb47-fd9fef53963f", "url": "https://megapx-assets.dcard.tw/images/a2816d6a-121a-44cb-979c-e916a7150494/full.jpeg", "normalizedUrl": "https://megapx.dcard.tw/v1/images/a2816d6a-121a-44cb-979c-e916a7150494", "thumbnail": "https://megapx-assets.dcard.tw/images/a2816d6a-121a-44cb-979c-e916a7150494/640.jpeg", "type": "image/megapx", "tags": ["ANNOTATED"], "createdAt": "2020-02-03T09:18:14.554Z", "updatedAt": "2020-02-03T09:18:14.554Z", "width": 716, "height": 960}], "reactions": [{"id": "286f599c-f86a-4932-82f0-f5a06f1eca03", "count": 61}, {"id": "e8e6bc5d-41b0-4129-b134-97507523d7ff", "count": 10}], "hidden": false, "customStyle": null, "isSuspiciousAccount": false, "layout": "image", "withImages": true, "withVideos": false, "media": [{"url": "https://megapx-assets.dcard.tw/images/a2816d6a-121a-44cb-979c-e916a7150494/full.jpeg"}], "reportReasonText": "", "postAvatar": ""}, {"id": 233009714, "title": "無間道", "excerpt": "", "anonymousSchool": false, "anonymousDepartment": true, "pinned": false, "forumId": "06e07db4-c8b5-4dae-851f-e8a8236e770c", "replyId": null, "createdAt": "2020-02-03T14:10:12.592Z", "updatedAt": "2020-02-03T14:14:36.301Z", "commentCount": 2, "likeCount": 70, "withNickname": false, "tags": [], "topics": ["廢文", "梗圖"], "meta": {"layout": "image"}, "forumName": "梗圖", "forumAlias": "meme", "gender": "M", "school": "明道大學", "replyTitle": null, "mediaMeta": [{"id": "d25eab8c-0ca8-4848-aead-19c5a31948eb", "url": "https://megapx-assets.dcard.tw/images/b79e8881-4ff6-4efe-a06d-5db7e4225b5c/640.jpeg", "normalizedUrl": "https://megapx-assets.dcard.tw/images/b79e8881-4ff6-4efe-a06d-5db7e4225b5c/640.jpeg", "thumbnail": "https://megapx-assets.dcard.tw/images/b79e8881-4ff6-4efe-a06d-5db7e4225b5c/640.jpeg", "type": "image/thumbnail", "tags": ["ANNOTATED"], "createdAt": "2020-02-03T14:10:12.592Z", "updatedAt": "2020-02-03T14:14:36.301Z", "width": 480, "height": 640}, {"id": "d25eab8c-0ca8-4848-aead-19c5a31948eb", "url": "https://megapx-assets.dcard.tw/images/b79e8881-4ff6-4efe-a06d-5db7e4225b5c/full.jpeg", "normalizedUrl": "https://megapx.dcard.tw/v1/images/b79e8881-4ff6-4efe-a06d-5db7e4225b5c", "thumbnail": "https://megapx-assets.dcard.tw/images/b79e8881-4ff6-4efe-a06d-5db7e4225b5c/640.jpeg", "type": "image/megapx", "tags": ["ANNOTATED"], "createdAt": "2020-02-03T14:10:12.592Z", "updatedAt": "2020-02-03T14:14:36.301Z", "width": 1080, "height": 1440}], "reactions": [{"id": "286f599c-f86a-4932-82f0-f5a06f1eca03", "count": 59}, {"id": "e8e6bc5d-41b0-4129-b134-97507523d7ff", "count": 11}], "hidden": false, "customStyle": null, "isSuspiciousAccount": false, "layout": "image", "withImages": true, "withVideos": false, "media": [{"url": "https://megapx-assets.dcard.tw/images/b79e8881-4ff6-4efe-a06d-5db7e4225b5c/full.jpeg"}], "reportReasonText": "", "postAvatar": ""}, {"id": 233006357, "title": "口罩之亂", "excerpt": "", "anonymousSchool": false, "anonymousDepartment": false, "pinned": false, "forumId": "06e07db4-c8b5-4dae-851f-e8a8236e770c", "replyId": null, "createdAt": "2020-02-03T05:28:17.163Z", "updatedAt": "2020-02-03T05:28:17.163Z", "commentCount": 1, "likeCount": 65, "withNickname": false, "tags": [], "topics": ["梗圖", "搞笑", "武漢肺炎", "口罩"], "meta": {"layout": "image"}, "forumName": "梗圖", "forumAlias": "meme", "gender": "M", "school": "國立屏東大學", "department": "休閒事業經營學系", "replyTitle": null, "mediaMeta": [{"id": "5a9e1f9b-4aea-4c00-8eb5-9ec6d6623e69", "url": "https://megapx-assets.dcard.tw/images/04cd61d7-dfd2-4048-ae2a-a4d2406565a5/640.jpeg", "normalizedUrl": "https://megapx-assets.dcard.tw/images/04cd61d7-dfd2-4048-ae2a-a4d2406565a5/640.jpeg", "thumbnail": "https://megapx-assets.dcard.tw/images/04cd61d7-dfd2-4048-ae2a-a4d2406565a5/640.jpeg", "type": "image/thumbnail", "tags": [], "createdAt": "2020-02-03T05:28:17.163Z", "updatedAt": "2020-02-03T05:28:17.163Z", "width": 452, "height": 640}, {"id": "5a9e1f9b-4aea-4c00-8eb5-9ec6d6623e69", "url": "https://megapx-assets.dcard.tw/images/04cd61d7-dfd2-4048-ae2a-a4d2406565a5/full.jpeg", "normalizedUrl": "https://megapx.dcard.tw/v1/images/04cd61d7-dfd2-4048-ae2a-a4d2406565a5", "thumbnail": "https://megapx-assets.dcard.tw/images/04cd61d7-dfd2-4048-ae2a-a4d2406565a5/640.jpeg", "type": "image/megapx", "tags": [], "createdAt": "2020-02-03T05:28:17.163Z", "updatedAt": "2020-02-03T05:28:17.163Z", "width": 2480, "height": 3508}], "reactions": [{"id": "286f599c-f86a-4932-82f0-f5a06f1eca03", "count": 64}, {"id": "e8e6bc5d-41b0-4129-b134-97507523d7ff", "count": 1}], "hidden": false, "customStyle": null, "isSuspiciousAccount": false, "layout": "image", "withImages": true, "withVideos": false, "media": [{"url": "https://megapx-assets.dcard.tw/images/04cd61d7-dfd2-4048-ae2a-a4d2406565a5/full.jpeg"}], "reportReasonText": "", "postAvatar": ""}, {"id": 233011214, "title": "|(•)|皮老闆 |(•)| |(•)|蟹老闆", "excerpt": "", "anonymousSchool": false, "anonymousDepartment": true, "pinned": false, "forumId": "06e07db4-c8b5-4dae-851f-e8a8236e770c", "replyId": null, "createdAt": "2020-02-03T17:09:30.459Z", "updatedAt": "2020-02-03T17:09:30.459Z", "commentCount": 1, "likeCount": 64, "withNickname": false, "tags": [], "topics": ["梗圖", "哈哈哈哈哈哈哈哈哈哈哈哈哈哈哈", "有趣"], "meta": {"layout": "image"}, "forumName": "梗圖", "forumAlias": "meme", "gender": "M", "school": "東吳大學", "replyTitle": null, "mediaMeta": [{"id": "398ca442-cb0a-429e-babd-5a2bef10a990", "url": "https://megapx-assets.dcard.tw/images/f086f1c9-415d-4783-859f-b5aa3d197772/640.jpeg", "normalizedUrl": "https://megapx-assets.dcard.tw/images/f086f1c9-415d-4783-859f-b5aa3d197772/640.jpeg", "thumbnail": "https://megapx-assets.dcard.tw/images/f086f1c9-415d-4783-859f-b5aa3d197772/640.jpeg", "type": "image/thumbnail", "tags": [], "createdAt": "2020-02-03T17:09:30.459Z", "updatedAt": "2020-02-03T17:09:30.459Z", "width": 640, "height": 631}, {"id": "398ca442-cb0a-429e-babd-5a2bef10a990", "url": "https://megapx-assets.dcard.tw/images/f086f1c9-415d-4783-859f-b5aa3d197772/full.jpeg", "normalizedUrl": "https://megapx.dcard.tw/v1/images/f086f1c9-415d-4783-859f-b5aa3d197772", "thumbnail": "https://megapx-assets.dcard.tw/images/f086f1c9-415d-4783-859f-b5aa3d197772/640.jpeg", "type": "image/megapx", "tags": [], "createdAt": "2020-02-03T17:09:30.459Z", "updatedAt": "2020-02-03T17:09:30.459Z", "width": 750, "height": 739}], "reactions": [{"id": "286f599c-f86a-4932-82f0-f5a06f1eca03", "count": 57}, {"id": "e8e6bc5d-41b0-4129-b134-97507523d7ff", "count": 7}], "hidden": false, "customStyle": null, "isSuspiciousAccount": false, "layout": "image", "withImages": true, "withVideos": false, "media": [{"url": "https://megapx-assets.dcard.tw/images/f086f1c9-415d-4783-859f-b5aa3d197772/full.jpeg"}], "reportReasonText": "", "postAvatar": ""}, {"id": 233007559, "title": "情人節快到了呢~", "excerpt": "", "anonymousSchool": false, "anonymousDepartment": true, "pinned": false, "forumId": "06e07db4-c8b5-4dae-851f-e8a8236e770c", "replyId": null, "createdAt": "2020-02-03T09:02:20.015Z", "updatedAt": "2020-02-03T09:02:20.015Z", "commentCount": 2, "likeCount": 60, "withNickname": false, "tags": [], "topics": [], "meta": {"layout": "image"}, "forumName": "梗圖", "forumAlias": "meme", "gender": "F", "school": "元智大學", "replyTitle": null, "mediaMeta": [{"id": "7076bbb9-ceec-4370-978d-c1413247f57c", "url": "https://megapx-assets.dcard.tw/images/b72ad389-9f50-4c35-b693-5971d7207b89/640.jpeg", "normalizedUrl": "https://megapx-assets.dcard.tw/images/b72ad389-9f50-4c35-b693-5971d7207b89/640.jpeg", "thumbnail": "https://megapx-assets.dcard.tw/images/b72ad389-9f50-4c35-b693-5971d7207b89/640.jpeg", "type": "image/thumbnail", "tags": [], "createdAt": "2020-02-03T09:02:20.015Z", "updatedAt": "2020-02-03T09:02:20.015Z", "width": 610, "height": 640}, {"id": "7076bbb9-ceec-4370-978d-c1413247f57c", "url": "https://megapx-assets.dcard.tw/images/b72ad389-9f50-4c35-b693-5971d7207b89/full.jpeg", "normalizedUrl": "https://megapx.dcard.tw/v1/images/b72ad389-9f50-4c35-b693-5971d7207b89", "thumbnail": "https://megapx-assets.dcard.tw/images/b72ad389-9f50-4c35-b693-5971d7207b89/640.jpeg", "type": "image/megapx", "tags": [], "createdAt": "2020-02-03T09:02:20.015Z", "updatedAt": "2020-02-03T09:02:20.015Z", "width": 1080, "height": 1133}], "reactions": [{"id": "286f599c-f86a-4932-82f0-f5a06f1eca03", "count": 57}, {"id": "514c2569-fd53-4d9d-a415-bf0f88e7329f", "count": 2}, {"id": "e8e6bc5d-41b0-4129-b134-97507523d7ff", "count": 1}], "hidden": false, "customStyle": null, "isSuspiciousAccount": false, "layout": "image", "withImages": true, "withVideos": false, "media": [{"url": "https://megapx-assets.dcard.tw/images/b72ad389-9f50-4c35-b693-5971d7207b89/full.jpeg"}], "reportReasonText": "", "postAvatar": ""}, {"id": 233010534, "title": "網友", "excerpt": "", "anonymousSchool": false, "anonymousDepartment": true, "pinned": false, "forumId": "06e07db4-c8b5-4dae-851f-e8a8236e770c", "replyId": null, "createdAt": "2020-02-03T15:49:10.564Z", "updatedAt": "2020-02-03T15:49:10.564Z", "commentCount": 2, "likeCount": 59, "withNickname": false, "tags": [], "topics": ["哈哈哈哈哈哈哈哈哈哈哈哈哈哈哈"], "meta": {"layout": "image"}, "forumName": "梗圖", "forumAlias": "meme", "gender": "M", "school": "建國科技大學", "replyTitle": null, "mediaMeta": [{"id": "a57fec5c-9857-4279-8e25-39f84918b9c3", "url": "https://megapx-assets.dcard.tw/images/81b0ab08-6943-4311-b991-78aa929f8b39/320.jpeg", "normalizedUrl": "https://megapx-assets.dcard.tw/images/81b0ab08-6943-4311-b991-78aa929f8b39/320.jpeg", "thumbnail": "https://megapx-assets.dcard.tw/images/81b0ab08-6943-4311-b991-78aa929f8b39/320.jpeg", "type": "image/thumbnail", "tags": ["ANNOTATED"], "createdAt": "2020-02-03T15:49:10.564Z", "updatedAt": "2020-02-03T15:49:10.564Z", "width": 320, "height": 285}, {"id": "a57fec5c-9857-4279-8e25-39f84918b9c3", "url": "https://megapx-assets.dcard.tw/images/81b0ab08-6943-4311-b991-78aa929f8b39/full.jpeg", "normalizedUrl": "https://megapx.dcard.tw/v1/images/81b0ab08-6943-4311-b991-78aa929f8b39", "thumbnail": "https://megapx-assets.dcard.tw/images/81b0ab08-6943-4311-b991-78aa929f8b39/320.jpeg", "type": "image/megapx", "tags": ["ANNOTATED"], "createdAt": "2020-02-03T15:49:10.564Z", "updatedAt": "2020-02-03T15:49:10.564Z", "width": 600, "height": 535}], "reactions": [{"id": "286f599c-f86a-4932-82f0-f5a06f1eca03", "count": 54}, {"id": "e8e6bc5d-41b0-4129-b134-97507523d7ff", "count": 5}], "hidden": false, "customStyle": null, "isSuspiciousAccount": false, "layout": "image", "withImages": true, "withVideos": false, "media": [{"url": "https://megapx-assets.dcard.tw/images/81b0ab08-6943-4311-b991-78aa929f8b39/full.jpeg"}], "reportReasonText": "", "postAvatar": ""}, {"id": 233008986, "title": "漂漂瀏海", "excerpt": "", "anonymousSchool": false, "anonymousDepartment": false, "pinned": false, "forumId": "06e07db4-c8b5-4dae-851f-e8a8236e770c", "replyId": null, "createdAt": "2020-02-03T12:28:26.303Z", "updatedAt": "2020-02-03T12:28:26.303Z", "commentCount": 2, "likeCount": 58, "withNickname": true, "tags": [], "topics": ["梗圖", "廢文", "搞笑", "迷因", "哈哈哈哈哈哈哈哈哈哈哈哈哈哈哈"], "meta": {"layout": "image"}, "forumName": "梗圖", "forumAlias": "meme", "gender": "M", "school": "chinkaopei", "department": "wanye", "replyTitle": null, "mediaMeta": [{"id": "acd2ea54-69c3-40f3-8f99-03514f675d53", "url": "https://megapx-assets.dcard.tw/images/3110632d-7aa6-410f-9237-e6eb8cade285/640.jpeg", "normalizedUrl": "https://megapx-assets.dcard.tw/images/3110632d-7aa6-410f-9237-e6eb8cade285/640.jpeg", "thumbnail": "https://megapx-assets.dcard.tw/images/3110632d-7aa6-410f-9237-e6eb8cade285/640.jpeg", "type": "image/thumbnail", "tags": ["ANNOTATED"], "createdAt": "2020-02-03T12:28:26.303Z", "updatedAt": "2020-02-03T12:28:26.303Z", "width": 443, "height": 640}, {"id": "acd2ea54-69c3-40f3-8f99-03514f675d53", "url": "https://megapx-assets.dcard.tw/images/3110632d-7aa6-410f-9237-e6eb8cade285/full.jpeg", "normalizedUrl": "https://megapx.dcard.tw/v1/images/3110632d-7aa6-410f-9237-e6eb8cade285", "thumbnail": "https://megapx-assets.dcard.tw/images/3110632d-7aa6-410f-9237-e6eb8cade285/640.jpeg", "type": "image/megapx", "tags": ["ANNOTATED"], "createdAt": "2020-02-03T12:28:26.303Z", "updatedAt": "2020-02-03T12:28:26.303Z", "width": 575, "height": 830}], "reactions": [{"id": "286f599c-f86a-4932-82f0-f5a06f1eca03", "count": 52}, {"id": "e8e6bc5d-41b0-4129-b134-97507523d7ff", "count": 6}], "hidden": false, "customStyle": null, "isSuspiciousAccount": false, "layout": "image", "withImages": true, "withVideos": false, "media": [{"url": "https://megapx-assets.dcard.tw/images/3110632d-7aa6-410f-9237-e6eb8cade285/full.jpeg"}], "reportReasonText": "", "postAvatar": ""}, {"id": 233008977, "title": "知男而上", "excerpt": "", "anonymousSchool": false, "anonymousDepartment": false, "pinned": false, "forumId": "06e07db4-c8b5-4dae-851f-e8a8236e770c", "replyId": null, "createdAt": "2020-02-03T12:27:24.792Z", "updatedAt": "2020-02-03T12:27:24.792Z", "commentCount": 1, "likeCount": 57, "withNickname": true, "tags": [], "topics": ["梗圖", "廢文", "搞笑", "迷因", "哈哈哈哈哈哈哈哈哈哈哈哈哈哈哈"], "meta": {"layout": "image"}, "forumName": "梗圖", "forumAlias": "meme", "gender": "M", "school": "chinkaopei", "department": "wanye", "replyTitle": null, "mediaMeta": [{"id": "3153c2c5-de43-4322-b7b8-36d1e8b0c480", "url": "https://megapx-assets.dcard.tw/images/35a29595-bc89-4374-bc89-50665c19fa83/320.png", "normalizedUrl": "https://megapx-assets.dcard.tw/images/35a29595-bc89-4374-bc89-50665c19fa83/320.png", "thumbnail": "https://megapx-assets.dcard.tw/images/35a29595-bc89-4374-bc89-50665c19fa83/320.png", "type": "image/thumbnail", "tags": [], "createdAt": "2020-02-03T12:27:24.792Z", "updatedAt": "2020-02-03T12:27:24.792Z", "width": 320, "height": 254}, {"id": "3153c2c5-de43-4322-b7b8-36d1e8b0c480", "url": "https://megapx-assets.dcard.tw/images/35a29595-bc89-4374-bc89-50665c19fa83/full.png", "normalizedUrl": "https://megapx.dcard.tw/v1/images/35a29595-bc89-4374-bc89-50665c19fa83", "thumbnail": "https://megapx-assets.dcard.tw/images/35a29595-bc89-4374-bc89-50665c19fa83/320.png", "type": "image/megapx", "tags": [], "createdAt": "2020-02-03T12:27:24.792Z", "updatedAt": "2020-02-03T12:27:24.792Z", "width": 604, "height": 480}], "reactions": [{"id": "286f599c-f86a-4932-82f0-f5a06f1eca03", "count": 49}, {"id": "e8e6bc5d-41b0-4129-b134-97507523d7ff", "count": 7}, {"id": "4b018f48-e184-445f-adf1-fc8e04ba09b9", "count": 1}], "hidden": false, "customStyle": null, "isSuspiciousAccount": false, "layout": "image", "withImages": true, "withVideos": false, "media": [{"url": "https://megapx-assets.dcard.tw/images/35a29595-bc89-4374-bc89-50665c19fa83/full.png"}], "reportReasonText": "", "postAvatar": ""}, {"id": 233010487, "title": "一定要記得關友傷", "excerpt": "", "anonymousSchool": false, "anonymousDepartment": false, "pinned": false, "forumId": "06e07db4-c8b5-4dae-851f-e8a8236e770c", "replyId": null, "createdAt": "2020-02-03T15:43:32.006Z", "updatedAt": "2020-02-03T15:43:32.006Z", "commentCount": 2, "likeCount": 55, "withNickname": true, "tags": [], "topics": ["梗圖"], "meta": {"layout": "image"}, "forumName": "梗圖", "forumAlias": "meme", "gender": "M", "school": "賀牛旺旺", "department": "ck4mp4w94", "replyTitle": null, "mediaMeta": [{"id": "de33b59f-c357-4c55-a49a-83adae41180b", "url": "https://megapx-assets.dcard.tw/images/e48fb21e-04c7-4046-a03c-88c39ee14274/320.jpeg", "normalizedUrl": "https://megapx-assets.dcard.tw/images/e48fb21e-04c7-4046-a03c-88c39ee14274/320.jpeg", "thumbnail": "https://megapx-assets.dcard.tw/images/e48fb21e-04c7-4046-a03c-88c39ee14274/320.jpeg", "type": "image/thumbnail", "tags": ["ANNOTATED"], "createdAt": "2020-02-03T15:43:32.006Z", "updatedAt": "2020-02-03T15:43:32.006Z", "width": 320, "height": 300}, {"id": "de33b59f-c357-4c55-a49a-83adae41180b", "url": "https://megapx-assets.dcard.tw/images/e48fb21e-04c7-4046-a03c-88c39ee14274/full.jpeg", "normalizedUrl": "https://megapx.dcard.tw/v1/images/e48fb21e-04c7-4046-a03c-88c39ee14274", "thumbnail": "https://megapx-assets.dcard.tw/images/e48fb21e-04c7-4046-a03c-88c39ee14274/320.jpeg", "type": "image/megapx", "tags": ["ANNOTATED"], "createdAt": "2020-02-03T15:43:32.006Z", "updatedAt": "2020-02-03T15:43:32.006Z", "width": 589, "height": 552}], "reactions": [{"id": "286f599c-f86a-4932-82f0-f5a06f1eca03", "count": 49}, {"id": "e8e6bc5d-41b0-4129-b134-97507523d7ff", "count": 6}], "hidden": false, "customStyle": null, "isSuspiciousAccount": false, "layout": "image", "withImages": true, "withVideos": false, "media": [{"url": "https://megapx-assets.dcard.tw/images/e48fb21e-04c7-4046-a03c-88c39ee14274/full.jpeg"}], "reportReasonText": "", "postAvatar": ""}, {"id": 233009196, "title": "通通下去啦", "excerpt": "", "anonymousSchool": false, "anonymousDepartment": false, "pinned": false, "forumId": "06e07db4-c8b5-4dae-851f-e8a8236e770c", "replyId": null, "createdAt": "2020-02-03T13:03:15.812Z", "updatedAt": "2020-02-03T13:03:15.812Z", "commentCount": 3, "likeCount": 48, "withNickname": true, "tags": [], "topics": ["梗圖"], "meta": {"layout": "image"}, "forumName": "梗圖", "forumAlias": "meme", "gender": "M", "school": "且慢", "department": "s9977886611", "replyTitle": null, "mediaMeta": [{"id": "1028b77f-dde1-47b9-9019-f66eb58c84e6", "url": "https://megapx-assets.dcard.tw/images/f717ccd2-3a5d-4f34-baf4-93f19542e4fc/640.jpeg", "normalizedUrl": "https://megapx-assets.dcard.tw/images/f717ccd2-3a5d-4f34-baf4-93f19542e4fc/640.jpeg", "thumbnail": "https://megapx-assets.dcard.tw/images/f717ccd2-3a5d-4f34-baf4-93f19542e4fc/640.jpeg", "type": "image/thumbnail", "tags": [], "createdAt": "2020-02-03T13:03:15.812Z", "updatedAt": "2020-02-03T13:03:15.812Z", "width": 478, "height": 640}, {"id": "1028b77f-dde1-47b9-9019-f66eb58c84e6", "url": "https://megapx-assets.dcard.tw/images/f717ccd2-3a5d-4f34-baf4-93f19542e4fc/full.jpeg", "normalizedUrl": "https://megapx.dcard.tw/v1/images/f717ccd2-3a5d-4f34-baf4-93f19542e4fc", "thumbnail": "https://megapx-assets.dcard.tw/images/f717ccd2-3a5d-4f34-baf4-93f19542e4fc/640.jpeg", "type": "image/megapx", "tags": [], "createdAt": "2020-02-03T13:03:15.812Z", "updatedAt": "2020-02-03T13:03:15.812Z", "width": 600, "height": 803}], "reactions": [{"id": "286f599c-f86a-4932-82f0-f5a06f1eca03", "count": 48}], "hidden": false, "customStyle": null, "isSuspiciousAccount": false, "layout": "image", "withImages": true, "withVideos": false, "media": [{"url": "https://megapx-assets.dcard.tw/images/f717ccd2-3a5d-4f34-baf4-93f19542e4fc/full.jpeg"}], "reportReasonText": "", "postAvatar": ""}, {"id": 233008490, "title": "口罩庫存量-100000000", "excerpt": "", "anonymousSchool": false, "anonymousDepartment": true, "pinned": false, "forumId": "06e07db4-c8b5-4dae-851f-e8a8236e770c", "replyId": null, "createdAt": "2020-02-03T11:06:08.331Z", "updatedAt": "2020-02-03T11:06:08.331Z", "commentCount": 1, "likeCount": 48, "withNickname": false, "tags": [], "topics": [], "meta": {"layout": "image"}, "forumName": "梗圖", "forumAlias": "meme", "gender": "F", "school": "靜宜大學", "replyTitle": null, "mediaMeta": [{"id": "0ead23b8-f16f-4739-bea9-7b8a276199b2", "url": "https://megapx-assets.dcard.tw/images/3edd3128-df0b-4f7a-80ea-0bb8a67efd33/640.jpeg", "normalizedUrl": "https://megapx-assets.dcard.tw/images/3edd3128-df0b-4f7a-80ea-0bb8a67efd33/640.jpeg", "thumbnail": "https://megapx-assets.dcard.tw/images/3edd3128-df0b-4f7a-80ea-0bb8a67efd33/640.jpeg", "type": "image/thumbnail", "tags": ["ANNOTATED"], "createdAt": "2020-02-03T11:06:08.331Z", "updatedAt": "2020-02-03T11:06:08.331Z", "width": 296, "height": 640}, {"id": "0ead23b8-f16f-4739-bea9-7b8a276199b2", "url": "https://megapx-assets.dcard.tw/images/3edd3128-df0b-4f7a-80ea-0bb8a67efd33/full.jpeg", "normalizedUrl": "https://megapx.dcard.tw/v1/images/3edd3128-df0b-4f7a-80ea-0bb8a67efd33", "thumbnail": "https://megapx-assets.dcard.tw/images/3edd3128-df0b-4f7a-80ea-0bb8a67efd33/640.jpeg", "type": "image/megapx", "tags": ["ANNOTATED"], "createdAt": "2020-02-03T11:06:08.331Z", "updatedAt": "2020-02-03T11:06:08.331Z", "width": 828, "height": 1792}], "reactions": [{"id": "286f599c-f86a-4932-82f0-f5a06f1eca03", "count": 44}, {"id": "e8e6bc5d-41b0-4129-b134-97507523d7ff", "count": 4}], "hidden": false, "customStyle": null, "isSuspiciousAccount": false, "layout": "image", "withImages": true, "withVideos": false, "media": [{"url": "https://megapx-assets.dcard.tw/images/3edd3128-df0b-4f7a-80ea-0bb8a67efd33/full.jpeg"}], "reportReasonText": "", "postAvatar": ""}]