[{"id": 232943071, "title": "#新年快樂！研究員來拜年～感謝有你與我們一同見證好物宇宙的誕生🌏", "excerpt": "Hi我是好物研究員，新年快樂，今天是小年夜，無論國曆or農曆，新的一年都即將正式展開🦅，不知道小年夜還在看Dcard的你，對這裡的第一印象是什麼呢？很多人在Dcard上討論心情？很多人在Dcard上", "anonymousSchool": false, "anonymousDepartment": true, "pinned": true, "forumId": "75a726e6-d4e3-4902-a410-2430a39fffcb", "replyId": null, "createdAt": "2020-01-23T07:01:08.930Z", "updatedAt": "2020-01-23T07:01:08.930Z", "commentCount": 17, "likeCount": 340, "withNickname": true, "tags": [], "topics": ["好物研究室", "好物研究員", "不是好物不推薦", "新年快樂"], "meta": {"layout": "classic"}, "forumName": "心情", "forumAlias": "mood", "gender": "D", "school": "好物研究員", "department": "dcardecangel", "replyTitle": null, "mediaMeta": [{"id": "0b2553f9-571a-4751-93c6-2b9f522eb456", "url": "https://i.imgur.com/tBTqaTul.jpg", "normalizedUrl": "https://i.imgur.com/tBTqaTul.jpg", "thumbnail": "https://i.imgur.com/tBTqaTul.jpg", "type": "image/thumbnail", "tags": ["ANNOTATED"], "createdAt": "2020-01-23T07:01:08.930Z", "updatedAt": "2020-01-23T07:01:08.930Z"}, {"id": "0b2553f9-571a-4751-93c6-2b9f522eb456", "url": "https://i.imgur.com/tBTqaTu.png", "normalizedUrl": "https://imgur.com/tBTqaTu", "thumbnail": "https://i.imgur.com/tBTqaTul.jpg", "type": "image/imgur", "tags": ["ANNOTATED"], "createdAt": "2020-01-23T07:01:08.930Z", "updatedAt": "2020-01-23T07:01:08.930Z"}, {"id": "d0bfa832-9672-489b-b32b-ba139f1e632e", "url": "https://i.imgur.com/c9SmQLI.png", "normalizedUrl": "https://imgur.com/c9SmQLI", "thumbnail": "https://i.imgur.com/c9SmQLIl.jpg", "type": "image/imgur", "tags": ["ANNOTATED"], "createdAt": "2020-01-23T07:01:08.930Z", "updatedAt": "2020-01-23T07:01:08.930Z"}, {"id": "99c29e09-c086-4176-bb83-1e1f816025fa", "url": "https://i.imgur.com/1VQjdlm.png", "normalizedUrl": "https://imgur.com/1VQjdlm", "thumbnail": "https://i.imgur.com/1VQjdlml.jpg", "type": "image/imgur", "tags": ["ANNOTATED"], "createdAt": "2020-01-23T07:01:08.930Z", "updatedAt": "2020-01-23T07:01:08.930Z"}, {"id": "6cf4aaf1-7c12-460b-9126-41bd4ec56c0e", "url": "https://i.imgur.com/ER2YI1h.jpg", "normalizedUrl": "https://imgur.com/ER2YI1h", "thumbnail": "https://i.imgur.com/ER2YI1hl.jpg", "type": "image/imgur", "tags": ["ANNOTATED"], "createdAt": "2020-01-23T07:01:08.930Z", "updatedAt": "2020-01-23T07:01:08.930Z"}, {"id": "0edc31d4-c3f6-4f52-a4c9-5f571664b5b2", "url": "https://i.imgur.com/bsYZfVW.png", "normalizedUrl": "https://imgur.com/bsYZfVW", "thumbnail": "https://i.imgur.com/bsYZfVWl.jpg", "type": "image/imgur", "tags": ["ANNOTATED"], "createdAt": "2020-01-23T07:01:08.930Z", "updatedAt": "2020-01-23T07:01:08.930Z"}, {"id": "65336653-6298-465c-93b2-d536e56df391", "url": "https://i.imgur.com/9RmAFpR.jpg", "normalizedUrl": "https://imgur.com/9RmAFpR", "thumbnail": "https://i.imgur.com/9RmAFpRl.jpg", "type": "image/imgur", "tags": ["ANNOTATED"], "createdAt": "2020-01-23T07:01:08.930Z", "updatedAt": "2020-01-23T07:01:08.930Z"}, {"id": "c1bd5e46-cd6f-4b24-92b6-9e5e656ee788", "url": "https://i.imgur.com/1n5Ej6e.png", "normalizedUrl": "https://imgur.com/1n5Ej6e", "thumbnail": "https://i.imgur.com/1n5Ej6el.jpg", "type": "image/imgur", "tags": ["ANNOTATED"], "createdAt": "2020-01-23T07:01:08.930Z", "updatedAt": "2020-01-23T07:01:08.930Z"}, {"id": "0130d7a1-9d90-4f5d-a8ba-348d50265a45", "url": "https://i.imgur.com/bDdgyEI.png", "normalizedUrl": "https://imgur.com/bDdgyEI", "thumbnail": "https://i.imgur.com/bDdgyEIl.jpg", "type": "image/imgur", "tags": ["ANNOTATED"], "createdAt": "2020-01-23T07:01:08.930Z", "updatedAt": "2020-01-23T07:01:08.930Z"}], "reactions": [{"id": "286f599c-f86a-4932-82f0-f5a06f1eca03", "count": 339}, {"id": "011ead16-9b83-4729-9fde-c588920c6c2d", "count": 1}], "hidden": false, "customStyle": {"label": {"text": "好物研究室", "bgColor": "#edad1d"}, "headerColor": "#edad1d", "enableSupportCampaign": true}, "isSuspiciousAccount": false, "layout": "classic", "withImages": true, "withVideos": false, "media": [{"url": "https://i.imgur.com/tBTqaTu.png"}, {"url": "https://i.imgur.com/c9SmQLI.png"}, {"url": "https://i.imgur.com/1VQjdlm.png"}, {"url": "https://i.imgur.com/ER2YI1h.jpg"}, {"url": "https://i.imgur.com/bsYZfVW.png"}, {"url": "https://i.imgur.com/9RmAFpR.jpg"}, {"url": "https://i.imgur.com/1n5Ej6e.png"}, {"url": "https://i.imgur.com/bDdgyEI.png"}], "reportReasonText": "", "postAvatar": ""}, {"id": 233003956, "title": "轉)動漫季遭噁男噴精！", "excerpt": "幫推上熱門，譴責這種爛人，這邊是場次警惕文！！！，簡略：在FF花博場人多擁擠逛攤的時候被後方打手槍的人往我屁股上噴精液，---，事情原由是這樣的↓，我在FF場逛攤人多壅擠的時候，屁股突然感到一股熱熱的", "anonymousSchool": false, "anonymousDepartment": true, "pinned": false, "forumId": "75a726e6-d4e3-4902-a410-2430a39fffcb", "replyId": null, "createdAt": "2020-02-02T16:10:47.700Z", "updatedAt": "2020-02-02T16:10:47.700Z", "commentCount": 80, "likeCount": 1721, "withNickname": false, "tags": [], "topics": ["FF", "動漫", "噁男", "精液"], "meta": {"layout": "classic"}, "forumName": "心情", "forumAlias": "mood", "gender": "M", "school": "臺北醫學大學", "replyTitle": null, "mediaMeta": [{"id": "b1c8dc10-6cee-48d4-860e-bb105590ada6", "url": "https://i.imgur.com/UV8gN7jl.jpg", "normalizedUrl": "https://i.imgur.com/UV8gN7jl.jpg", "thumbnail": "https://i.imgur.com/UV8gN7jl.jpg", "type": "image/thumbnail", "tags": ["ANNOTATED"], "createdAt": "2020-02-02T16:10:47.700Z", "updatedAt": "2020-02-02T16:10:47.700Z"}, {"id": "b1c8dc10-6cee-48d4-860e-bb105590ada6", "url": "https://i.imgur.com/UV8gN7j.jpg", "normalizedUrl": "https://imgur.com/UV8gN7j", "thumbnail": "https://i.imgur.com/UV8gN7jl.jpg", "type": "image/imgur", "tags": ["ANNOTATED"], "createdAt": "2020-02-02T16:10:47.700Z", "updatedAt": "2020-02-02T16:10:47.700Z"}], "reactions": [{"id": "286f599c-f86a-4932-82f0-f5a06f1eca03", "count": 1532}, {"id": "aa0d425f-d530-4478-9a77-fe3aedc79eea", "count": 161}, {"id": "4b018f48-e184-445f-adf1-fc8e04ba09b9", "count": 11}, {"id": "514c2569-fd53-4d9d-a415-bf0f88e7329f", "count": 10}, {"id": "e8e6bc5d-41b0-4129-b134-97507523d7ff", "count": 6}, {"id": "011ead16-9b83-4729-9fde-c588920c6c2d", "count": 1}], "hidden": false, "customStyle": null, "isSuspiciousAccount": false, "layout": "classic", "withImages": true, "withVideos": false, "media": [{"url": "https://i.imgur.com/UV8gN7j.jpg"}], "reportReasonText": "", "postAvatar": ""}, {"id": 233004097, "title": "你的時間永遠停在2019/02/05", "excerpt": "一年前的過年是我永遠也沒辦法跨過的新年，那天晚上全家吃著除夕吃剩的火鍋，討論著明天下班之後要去哪邊吃飯看電影。要不要到南部的阿姨家去玩，吃完飯後你拿了一個從公司買回來的保溫瓶要我帶著上班，因為你知道我", "anonymousSchool": false, "anonymousDepartment": true, "pinned": false, "forumId": "75a726e6-d4e3-4902-a410-2430a39fffcb", "replyId": null, "createdAt": "2020-02-02T16:28:33.579Z", "updatedAt": "2020-02-03T19:40:18.458Z", "commentCount": 15, "likeCount": 1014, "withNickname": false, "tags": [], "topics": [], "meta": {"layout": "classic"}, "forumName": "心情", "forumAlias": "mood", "gender": "M", "school": "國立臺北商業大學", "replyTitle": null, "mediaMeta": [{"id": "47255e26-914c-4c42-baa7-802e26a3a8d2", "url": "https://i.imgur.com/4BZUxlVl.jpg", "normalizedUrl": "https://i.imgur.com/4BZUxlVl.jpg", "thumbnail": "https://i.imgur.com/4BZUxlVl.jpg", "type": "image/thumbnail", "tags": ["ANNOTATED"], "createdAt": "2020-02-02T16:28:33.579Z", "updatedAt": "2020-02-03T19:40:18.458Z"}, {"id": "47255e26-914c-4c42-baa7-802e26a3a8d2", "url": "http://i.imgur.com/4BZUxlV.jpg", "normalizedUrl": "https://imgur.com/4BZUxlV", "thumbnail": "https://i.imgur.com/4BZUxlVl.jpg", "type": "image/imgur", "tags": ["ANNOTATED"], "createdAt": "2020-02-02T16:28:33.579Z", "updatedAt": "2020-02-03T19:40:18.458Z"}, {"id": "837a6375-1a6c-41b8-a336-78e41b14bb69", "url": "http://i.imgur.com/gR4Hid0.jpg", "normalizedUrl": "https://imgur.com/gR4Hid0", "thumbnail": "https://i.imgur.com/gR4Hid0l.jpg", "type": "image/imgur", "tags": ["ANNOTATED"], "createdAt": "2020-02-02T16:28:33.579Z", "updatedAt": "2020-02-03T19:40:18.458Z"}, {"id": "b551b2a8-2b8b-4549-b47a-42778621eb2c", "url": "http://i.imgur.com/Qlwasbp.jpg", "normalizedUrl": "https://imgur.com/Qlwasbp", "thumbnail": "https://i.imgur.com/Qlwasbpl.jpg", "type": "image/imgur", "tags": ["ANNOTATED"], "createdAt": "2020-02-02T16:28:33.579Z", "updatedAt": "2020-02-03T19:40:18.458Z"}, {"id": "bc3d2481-73cb-4f8c-a8e0-8df46d42e805", "url": "http://i.imgur.com/SQOQliB.jpg", "normalizedUrl": "https://imgur.com/SQOQliB", "thumbnail": "https://i.imgur.com/SQOQliBl.jpg", "type": "image/imgur", "tags": ["ANNOTATED"], "createdAt": "2020-02-02T16:28:33.579Z", "updatedAt": "2020-02-03T19:40:18.458Z"}], "reactions": [{"id": "286f599c-f86a-4932-82f0-f5a06f1eca03", "count": 938}, {"id": "514c2569-fd53-4d9d-a415-bf0f88e7329f", "count": 74}, {"id": "e8e6bc5d-41b0-4129-b134-97507523d7ff", "count": 2}], "hidden": false, "customStyle": null, "isSuspiciousAccount": false, "layout": "classic", "withImages": true, "withVideos": false, "media": [{"url": "http://i.imgur.com/4BZUxlV.jpg"}, {"url": "http://i.imgur.com/gR4Hid0.jpg"}, {"url": "http://i.imgur.com/Qlwasbp.jpg"}, {"url": "http://i.imgur.com/SQOQliB.jpg"}], "reportReasonText": "", "postAvatar": ""}, {"id": 233008547, "title": "妳最漂亮了", "excerpt": "在產房任職不到一年，對於天天迎接即將臨盆的產婦和新生兒，早已見怪不怪，不過昨天在轉送一位生產完的媽媽到病房時，我推她進電梯 她看見自己素顏、頭髮有些凌亂的自己，「天吶我好醜喔！」邊撥弄著頭髮對鏡子擠眉", "anonymousSchool": true, "anonymousDepartment": true, "pinned": false, "forumId": "75a726e6-d4e3-4902-a410-2430a39fffcb", "replyId": null, "createdAt": "2020-02-03T11:13:53.841Z", "updatedAt": "2020-02-03T11:14:21.125Z", "commentCount": 6, "likeCount": 344, "withNickname": false, "tags": ["HIDE_THUMBNAIL"], "topics": [], "meta": {"layout": "classic"}, "forumName": "心情", "forumAlias": "mood", "gender": "F", "replyTitle": null, "mediaMeta": [], "reactions": [{"id": "286f599c-f86a-4932-82f0-f5a06f1eca03", "count": 342}, {"id": "011ead16-9b83-4729-9fde-c588920c6c2d", "count": 1}, {"id": "514c2569-fd53-4d9d-a415-bf0f88e7329f", "count": 1}], "hidden": false, "customStyle": null, "isSuspiciousAccount": false, "layout": "classic", "withImages": false, "withVideos": false, "media": [], "reportReasonText": "", "postAvatar": ""}, {"id": 233004891, "title": "學姐的膀胱好強大", "excerpt": "#DISALLOW深卡，#PRIVATE_CONTENT，早上11點碰面，出去玩一整天，她都沒尿尿之外，也幾乎沒流汗，她水壺1.5公升的水喝光，而且還喝完一杯星巴克的特大杯咖啡，晚上又喝了一杯大杯的手", "anonymousSchool": true, "anonymousDepartment": true, "pinned": false, "forumId": "75a726e6-d4e3-4902-a410-2430a39fffcb", "replyId": null, "createdAt": "2020-02-02T18:53:30.211Z", "updatedAt": "2020-02-02T18:53:30.211Z", "commentCount": 48, "likeCount": 329, "withNickname": false, "tags": [], "topics": [], "meta": {"layout": "classic"}, "forumName": "心情", "forumAlias": "mood", "gender": "M", "replyTitle": null, "mediaMeta": [{"id": "1a37d11a-0665-43aa-b026-6e9ceb48acb6", "url": "https://i.imgur.com/lAXeHCSl.jpg", "normalizedUrl": "https://i.imgur.com/lAXeHCSl.jpg", "thumbnail": "https://i.imgur.com/lAXeHCSl.jpg", "type": "image/thumbnail", "tags": ["ANNOTATED"], "createdAt": "2020-02-02T18:53:30.211Z", "updatedAt": "2020-02-02T18:53:30.211Z"}, {"id": "1a37d11a-0665-43aa-b026-6e9ceb48acb6", "url": "https://i.imgur.com/lAXeHCS.jpg", "normalizedUrl": "https://imgur.com/lAXeHCS", "thumbnail": "https://i.imgur.com/lAXeHCSl.jpg", "type": "image/imgur", "tags": ["ANNOTATED"], "createdAt": "2020-02-02T18:53:30.211Z", "updatedAt": "2020-02-02T18:53:30.211Z"}, {"id": "18e74ef9-ab1d-4d94-9c33-96c824df96fd", "url": "https://i.imgur.com/55fexNv.jpg", "normalizedUrl": "https://imgur.com/55fexNv", "thumbnail": "https://i.imgur.com/55fexNvl.jpg", "type": "image/imgur", "tags": ["ANNOTATED"], "createdAt": "2020-02-02T18:53:30.211Z", "updatedAt": "2020-02-02T18:53:30.211Z"}], "reactions": [{"id": "286f599c-f86a-4932-82f0-f5a06f1eca03", "count": 301}, {"id": "4b018f48-e184-445f-adf1-fc8e04ba09b9", "count": 24}, {"id": "e8e6bc5d-41b0-4129-b134-97507523d7ff", "count": 3}, {"id": "aa0d425f-d530-4478-9a77-fe3aedc79eea", "count": 1}], "hidden": false, "customStyle": null, "isSuspiciousAccount": false, "layout": "classic", "withImages": true, "withVideos": false, "media": [{"url": "https://i.imgur.com/lAXeHCS.jpg"}, {"url": "https://i.imgur.com/55fexNv.jpg"}], "reportReasonText": "", "postAvatar": ""}, {"id": 233009679, "title": "#刺青故事 其實我怕貓", "excerpt": "我在刺青店，不替客人刺青，只聽他們說故事。文學系畢業的我，因為畢業製作，成了刺青店裏的說故事女孩。（如果你們有興趣，可以點卡稱看看我的作品），前情提要就這些了，每週一晚上十點都會更新一則故事，歡迎你帶", "anonymousSchool": false, "anonymousDepartment": true, "pinned": false, "forumId": "75a726e6-d4e3-4902-a410-2430a39fffcb", "replyId": null, "createdAt": "2020-02-03T14:07:01.744Z", "updatedAt": "2020-02-03T14:07:01.744Z", "commentCount": 1, "likeCount": 75, "withNickname": true, "tags": [], "topics": ["貓", "刺青", "領養代替購買"], "meta": {"layout": "classic"}, "forumName": "心情", "forumAlias": "mood", "gender": "F", "school": "刺青店裏的說故事女孩", "department": "romantic.ani", "replyTitle": null, "mediaMeta": [{"id": "36361557-f796-4c40-b90a-01f09bf9a4bc", "url": "https://megapx-assets.dcard.tw/images/1de95ccc-d3ba-472a-8e6d-c765317c77fd/640.jpeg", "normalizedUrl": "https://megapx-assets.dcard.tw/images/1de95ccc-d3ba-472a-8e6d-c765317c77fd/640.jpeg", "thumbnail": "https://megapx-assets.dcard.tw/images/1de95ccc-d3ba-472a-8e6d-c765317c77fd/640.jpeg", "type": "image/thumbnail", "tags": ["ANNOTATED"], "createdAt": "2020-02-03T14:07:01.744Z", "updatedAt": "2020-02-03T14:07:01.744Z", "width": 640, "height": 427}, {"id": "36361557-f796-4c40-b90a-01f09bf9a4bc", "url": "https://megapx-assets.dcard.tw/images/1de95ccc-d3ba-472a-8e6d-c765317c77fd/1280.jpeg", "normalizedUrl": "https://megapx.dcard.tw/v1/images/1de95ccc-d3ba-472a-8e6d-c765317c77fd", "thumbnail": "https://megapx-assets.dcard.tw/images/1de95ccc-d3ba-472a-8e6d-c765317c77fd/640.jpeg", "type": "image/megapx", "tags": ["ANNOTATED"], "createdAt": "2020-02-03T14:07:01.744Z", "updatedAt": "2020-02-03T14:07:01.744Z", "width": 1452, "height": 969}, {"id": "fdc54c01-9562-4c37-be48-b92716297594", "url": "https://megapx-assets.dcard.tw/images/d5d97c38-fcc9-4a0f-8525-1b518b924028/1280.jpeg", "normalizedUrl": "https://megapx.dcard.tw/v1/images/d5d97c38-fcc9-4a0f-8525-1b518b924028", "thumbnail": "https://megapx-assets.dcard.tw/images/d5d97c38-fcc9-4a0f-8525-1b518b924028/640.jpeg", "type": "image/megapx", "tags": ["ANNOTATED"], "createdAt": "2020-02-03T14:07:01.744Z", "updatedAt": "2020-02-03T14:07:01.744Z", "width": 1616, "height": 1080}], "reactions": [{"id": "286f599c-f86a-4932-82f0-f5a06f1eca03", "count": 73}, {"id": "514c2569-fd53-4d9d-a415-bf0f88e7329f", "count": 1}, {"id": "e8e6bc5d-41b0-4129-b134-97507523d7ff", "count": 1}], "hidden": false, "customStyle": null, "isSuspiciousAccount": false, "layout": "classic", "withImages": true, "withVideos": false, "media": [{"url": "https://megapx-assets.dcard.tw/images/1de95ccc-d3ba-472a-8e6d-c765317c77fd/1280.jpeg"}, {"url": "https://megapx-assets.dcard.tw/images/d5d97c38-fcc9-4a0f-8525-1b518b924028/1280.jpeg"}], "reportReasonText": "", "postAvatar": ""}, {"id": 233004281, "title": "轉：68歲台中劉阿伯 賣糖養90歲母親", "excerpt": "", "anonymousSchool": false, "anonymousDepartment": true, "pinned": false, "forumId": "75a726e6-d4e3-4902-a410-2430a39fffcb", "replyId": 233002962, "createdAt": "2020-02-02T16:56:15.244Z", "updatedAt": "2020-02-02T16:56:15.244Z", "commentCount": 1, "likeCount": 57, "withNickname": false, "tags": [], "topics": ["母親", "小事公益", "做好事", "幫忙", "做愛心"], "meta": {"crossPostId": 233002962}, "forumName": "心情", "forumAlias": "mood", "gender": "F", "school": "國立臺南藝術大學", "replyTitle": "68歲台中劉阿伯 賣糖養90歲母親", "mediaMeta": [], "reactions": [{"id": "286f599c-f86a-4932-82f0-f5a06f1eca03", "count": 57}], "hidden": false, "customStyle": null, "isSuspiciousAccount": false, "layout": "classic", "withImages": false, "withVideos": false, "media": [], "reportReasonText": "", "postAvatar": ""}, {"id": 233007554, "title": "#問 大專院校開學延期影響到打工度假", "excerpt": "看到這個直接崩潰⋯⋯，有人是今年要去美國打工度假的嗎？機票都訂好不能退了", "anonymousSchool": true, "anonymousDepartment": true, "pinned": false, "forumId": "75a726e6-d4e3-4902-a410-2430a39fffcb", "replyId": null, "createdAt": "2020-02-03T09:01:50.392Z", "updatedAt": "2020-02-03T09:01:50.392Z", "commentCount": 20, "likeCount": 48, "withNickname": false, "tags": [], "topics": ["打工度假"], "meta": {"layout": "classic"}, "forumName": "心情", "forumAlias": "mood", "gender": "F", "replyTitle": null, "mediaMeta": [{"id": "9f79cf96-aaf7-48be-9fae-44d6228a4de7", "url": "https://megapx-assets.dcard.tw/images/d150359f-a7d7-4cbd-a5d0-e2d33391157f/640.jpeg", "normalizedUrl": "https://megapx-assets.dcard.tw/images/d150359f-a7d7-4cbd-a5d0-e2d33391157f/640.jpeg", "thumbnail": "https://megapx-assets.dcard.tw/images/d150359f-a7d7-4cbd-a5d0-e2d33391157f/640.jpeg", "type": "image/thumbnail", "tags": ["ANNOTATED"], "createdAt": "2020-02-03T09:01:50.392Z", "updatedAt": "2020-02-03T09:01:50.392Z", "width": 360, "height": 640}, {"id": "9f79cf96-aaf7-48be-9fae-44d6228a4de7", "url": "https://megapx-assets.dcard.tw/images/d150359f-a7d7-4cbd-a5d0-e2d33391157f/1280.jpeg", "normalizedUrl": "https://megapx.dcard.tw/v1/images/d150359f-a7d7-4cbd-a5d0-e2d33391157f", "thumbnail": "https://megapx-assets.dcard.tw/images/d150359f-a7d7-4cbd-a5d0-e2d33391157f/640.jpeg", "type": "image/megapx", "tags": ["ANNOTATED"], "createdAt": "2020-02-03T09:01:50.392Z", "updatedAt": "2020-02-03T09:01:50.392Z", "width": 750, "height": 1334}], "reactions": [{"id": "286f599c-f86a-4932-82f0-f5a06f1eca03", "count": 44}, {"id": "e8e6bc5d-41b0-4129-b134-97507523d7ff", "count": 2}, {"id": "514c2569-fd53-4d9d-a415-bf0f88e7329f", "count": 1}, {"id": "aa0d425f-d530-4478-9a77-fe3aedc79eea", "count": 1}], "hidden": false, "customStyle": null, "isSuspiciousAccount": false, "layout": "classic", "withImages": true, "withVideos": false, "media": [{"url": "https://megapx-assets.dcard.tw/images/d150359f-a7d7-4cbd-a5d0-e2d33391157f/1280.jpeg"}], "reportReasonText": "", "postAvatar": ""}, {"id": 233005977, "title": "因為娘砲被欺負 所以換我霸凌他🙂", "excerpt": "故事如下，我知道前半段很幼稚，但就是一個以寫實角度去寫的文章，算是我的成長階段，如果想看什麼世界充滿愛 充滿希望的價值觀，麻煩請點掉‍️，——————————，在我剛升上國中的時候，通常在7.8月份，", "anonymousSchool": true, "anonymousDepartment": true, "pinned": false, "forumId": "75a726e6-d4e3-4902-a410-2430a39fffcb", "replyId": null, "createdAt": "2020-02-03T04:01:13.072Z", "updatedAt": "2020-02-03T04:01:13.072Z", "commentCount": 5, "likeCount": 22, "withNickname": false, "tags": ["HIDE_THUMBNAIL"], "topics": [], "meta": {"layout": "classic"}, "forumName": "心情", "forumAlias": "mood", "gender": "M", "replyTitle": null, "mediaMeta": [], "reactions": [{"id": "286f599c-f86a-4932-82f0-f5a06f1eca03", "count": 21}, {"id": "aa0d425f-d530-4478-9a77-fe3aedc79eea", "count": 1}], "hidden": false, "customStyle": null, "isSuspiciousAccount": false, "layout": "classic", "withImages": false, "withVideos": false, "media": [], "reportReasonText": "", "postAvatar": ""}, {"id": 233007431, "title": "全國大專院校延期開學⋯", "excerpt": "延期開學到底是好還是不好呢，個人是覺得如果要延期的話還不如在校內進行消毒的作業  不然你延了也沒用  病毒在那邊還是在那邊，但還是要等各個校園公布資訊", "anonymousSchool": true, "anonymousDepartment": true, "pinned": false, "forumId": "75a726e6-d4e3-4902-a410-2430a39fffcb", "replyId": null, "createdAt": "2020-02-03T08:48:58.965Z", "updatedAt": "2020-02-03T08:48:58.965Z", "commentCount": 6, "likeCount": 20, "withNickname": false, "tags": [], "topics": ["開學", "消毒"], "meta": {"layout": "classic"}, "forumName": "心情", "forumAlias": "mood", "gender": "M", "replyTitle": null, "mediaMeta": [{"id": "d507a1a1-3352-40b0-9edf-f65c679e6171", "url": "https://megapx-assets.dcard.tw/images/c979dfdc-5bd2-4b11-bd28-94d7eab2541a/640.jpeg", "normalizedUrl": "https://megapx-assets.dcard.tw/images/c979dfdc-5bd2-4b11-bd28-94d7eab2541a/640.jpeg", "thumbnail": "https://megapx-assets.dcard.tw/images/c979dfdc-5bd2-4b11-bd28-94d7eab2541a/640.jpeg", "type": "image/thumbnail", "tags": ["ANNOTATED"], "createdAt": "2020-02-03T08:48:58.965Z", "updatedAt": "2020-02-03T08:48:58.965Z", "width": 436, "height": 640}, {"id": "d507a1a1-3352-40b0-9edf-f65c679e6171", "url": "https://megapx-assets.dcard.tw/images/c979dfdc-5bd2-4b11-bd28-94d7eab2541a/full.jpeg", "normalizedUrl": "https://megapx.dcard.tw/v1/images/c979dfdc-5bd2-4b11-bd28-94d7eab2541a", "thumbnail": "https://megapx-assets.dcard.tw/images/c979dfdc-5bd2-4b11-bd28-94d7eab2541a/640.jpeg", "type": "image/megapx", "tags": ["ANNOTATED"], "createdAt": "2020-02-03T08:48:58.965Z", "updatedAt": "2020-02-03T08:48:58.965Z", "width": 750, "height": 1100}], "reactions": [{"id": "286f599c-f86a-4932-82f0-f5a06f1eca03", "count": 20}], "hidden": false, "customStyle": null, "isSuspiciousAccount": false, "layout": "classic", "withImages": true, "withVideos": false, "media": [{"url": "https://megapx-assets.dcard.tw/images/c979dfdc-5bd2-4b11-bd28-94d7eab2541a/full.jpeg"}], "reportReasonText": "", "postAvatar": ""}, {"id": 233011414, "title": "拜託求轉發，真的很急！！！！！", "excerpt": "有在場或經過的話可以私，我記得現場有一個阿北跟一個女生還有幫忙指揮交通男生，如果是家人可以幫我詢問一下嗎？真的真心的拜託大家！！！  也請幫助分享真的很急的需要這些在場者拜託了。", "anonymousSchool": false, "anonymousDepartment": true, "pinned": false, "forumId": "75a726e6-d4e3-4902-a410-2430a39fffcb", "replyId": null, "createdAt": "2020-02-03T17:40:40.038Z", "updatedAt": "2020-02-03T17:40:40.038Z", "commentCount": 0, "likeCount": 19, "withNickname": false, "tags": [], "topics": [], "meta": {"layout": "classic"}, "forumName": "心情", "forumAlias": "mood", "gender": "F", "school": "醒吾科技大學", "replyTitle": null, "mediaMeta": [{"id": "6ed2f734-4463-4f5a-8a6b-d47e7026bb2c", "url": "https://i.imgur.com/AQjjKTrl.jpg", "normalizedUrl": "https://i.imgur.com/AQjjKTrl.jpg", "thumbnail": "https://i.imgur.com/AQjjKTrl.jpg", "type": "image/thumbnail", "tags": ["ANNOTATED"], "createdAt": "2020-02-03T17:40:40.038Z", "updatedAt": "2020-02-03T17:40:40.038Z"}, {"id": "6ed2f734-4463-4f5a-8a6b-d47e7026bb2c", "url": "https://i.imgur.com/AQjjKTr.png", "normalizedUrl": "https://imgur.com/AQjjKTr", "thumbnail": "https://i.imgur.com/AQjjKTrl.jpg", "type": "image/imgur", "tags": ["ANNOTATED"], "createdAt": "2020-02-03T17:40:40.038Z", "updatedAt": "2020-02-03T17:40:40.038Z"}, {"id": "9f57ae63-37e8-4d2a-b4f6-9a682bcd4e46", "url": "https://i.imgur.com/aBwrEJF.jpg", "normalizedUrl": "https://imgur.com/aBwrEJF", "thumbnail": "https://i.imgur.com/aBwrEJFl.jpg", "type": "image/imgur", "tags": ["ANNOTATED"], "createdAt": "2020-02-03T17:40:40.038Z", "updatedAt": "2020-02-03T17:40:40.038Z"}], "reactions": [{"id": "286f599c-f86a-4932-82f0-f5a06f1eca03", "count": 19}], "hidden": false, "customStyle": null, "isSuspiciousAccount": false, "layout": "classic", "withImages": true, "withVideos": false, "media": [{"url": "https://i.imgur.com/AQjjKTr.png"}, {"url": "https://i.imgur.com/aBwrEJF.jpg"}], "reportReasonText": "", "postAvatar": ""}, {"id": 233005545, "title": "憂鬱症患者的自白", "excerpt": "世界什麼時候失去了色彩，睜開眼擦了幾遍還是黑與白，就連聲音也不存在，擁有的只是一片空白，如果選擇離開，是不是能得個痛快，不再偽裝精彩 不再假裝愉快，如果留了下來，再也不能逃開 如影隨形的陰霾，只有絕望", "anonymousSchool": true, "anonymousDepartment": true, "pinned": false, "forumId": "75a726e6-d4e3-4902-a410-2430a39fffcb", "replyId": null, "createdAt": "2020-02-03T02:07:22.794Z", "updatedAt": "2020-02-03T02:07:22.794Z", "commentCount": 6, "likeCount": 18, "withNickname": false, "tags": [], "topics": ["憂鬱症"], "meta": {"layout": "classic"}, "forumName": "心情", "forumAlias": "mood", "gender": "M", "replyTitle": null, "mediaMeta": [], "reactions": [{"id": "286f599c-f86a-4932-82f0-f5a06f1eca03", "count": 18}], "hidden": false, "customStyle": null, "isSuspiciousAccount": false, "layout": "classic", "withImages": false, "withVideos": false, "media": [], "reportReasonText": "", "postAvatar": ""}, {"id": 233006384, "title": "連署讓WHO譚德塞下台", "excerpt": "到了病毒全球擴散的時候才在那邊亡羊補牢，可憐的中國人，死了就死了，卻不會因為你一次政策大轉彎而有辦法復活。政治依舊第一，金錢第二，最後才是人命，譚德塞懦弱迂腐的態度，讓他不適任這個重要職位，舔中舔到草", "anonymousSchool": false, "anonymousDepartment": true, "pinned": false, "forumId": "75a726e6-d4e3-4902-a410-2430a39fffcb", "replyId": null, "createdAt": "2020-02-03T05:34:08.747Z", "updatedAt": "2020-02-03T05:59:16.109Z", "commentCount": 3, "likeCount": 17, "withNickname": false, "tags": [], "topics": ["時事", "WHO", "武漢肺炎", "連署", "加油"], "meta": {"layout": "classic"}, "forumName": "心情", "forumAlias": "mood", "gender": "M", "school": "國立臺灣科技大學", "replyTitle": null, "mediaMeta": [], "reactions": [{"id": "286f599c-f86a-4932-82f0-f5a06f1eca03", "count": 17}], "hidden": false, "customStyle": null, "isSuspiciousAccount": false, "layout": "classic", "withImages": false, "withVideos": false, "media": [], "reportReasonText": "", "postAvatar": ""}, {"id": 233009935, "title": "好啦現在每人每週只能買兩片", "excerpt": "稍早朋友傳這張圖給我，其實我本來沒什麼差的人，反正原本就不太需要，就給有需要人的人用吧，那時大家都在排口罩時我是這麼想的，沒想到阿爸初三半夜心肌梗塞現在還在住院中，搞得我現在頻繁進出醫院缺無口罩可用，", "anonymousSchool": true, "anonymousDepartment": true, "pinned": false, "forumId": "75a726e6-d4e3-4902-a410-2430a39fffcb", "replyId": null, "createdAt": "2020-02-03T14:39:10.986Z", "updatedAt": "2020-02-03T14:40:25.716Z", "commentCount": 4, "likeCount": 16, "withNickname": false, "tags": [], "topics": [], "meta": {"layout": "classic"}, "forumName": "心情", "forumAlias": "mood", "gender": "M", "replyTitle": null, "mediaMeta": [{"id": "7130c92f-3cda-4cda-ad5e-1b3e906d65d7", "url": "https://megapx-assets.dcard.tw/images/7d3e5cbe-ee68-4287-b2a2-5b885da1610f/640.jpeg", "normalizedUrl": "https://megapx-assets.dcard.tw/images/7d3e5cbe-ee68-4287-b2a2-5b885da1610f/640.jpeg", "thumbnail": "https://megapx-assets.dcard.tw/images/7d3e5cbe-ee68-4287-b2a2-5b885da1610f/640.jpeg", "type": "image/thumbnail", "tags": ["ANNOTATED"], "createdAt": "2020-02-03T14:39:10.986Z", "updatedAt": "2020-02-03T14:40:25.716Z", "width": 459, "height": 640}, {"id": "7130c92f-3cda-4cda-ad5e-1b3e906d65d7", "url": "https://megapx-assets.dcard.tw/images/7d3e5cbe-ee68-4287-b2a2-5b885da1610f/1280.jpeg", "normalizedUrl": "https://megapx.dcard.tw/v1/images/7d3e5cbe-ee68-4287-b2a2-5b885da1610f", "thumbnail": "https://megapx-assets.dcard.tw/images/7d3e5cbe-ee68-4287-b2a2-5b885da1610f/640.jpeg", "type": "image/megapx", "tags": ["ANNOTATED"], "createdAt": "2020-02-03T14:39:10.986Z", "updatedAt": "2020-02-03T14:40:25.716Z", "width": 1084, "height": 1512}, {"id": "59f758b5-07b0-4e2e-811f-2bebb16e0b76", "url": "https://megapx-assets.dcard.tw/images/e898d1a0-6c31-4e66-88de-39c8cf1e8f80/1280.jpeg", "normalizedUrl": "https://megapx.dcard.tw/v1/images/e898d1a0-6c31-4e66-88de-39c8cf1e8f80", "thumbnail": "https://megapx-assets.dcard.tw/images/e898d1a0-6c31-4e66-88de-39c8cf1e8f80/640.jpeg", "type": "image/megapx", "tags": ["ANNOTATED"], "createdAt": "2020-02-03T14:39:10.986Z", "updatedAt": "2020-02-03T14:40:25.716Z", "width": 1500, "height": 2000}], "reactions": [{"id": "286f599c-f86a-4932-82f0-f5a06f1eca03", "count": 14}, {"id": "514c2569-fd53-4d9d-a415-bf0f88e7329f", "count": 2}], "hidden": false, "customStyle": null, "isSuspiciousAccount": false, "layout": "classic", "withImages": true, "withVideos": false, "media": [{"url": "https://megapx-assets.dcard.tw/images/7d3e5cbe-ee68-4287-b2a2-5b885da1610f/1280.jpeg"}, {"url": "https://megapx-assets.dcard.tw/images/e898d1a0-6c31-4e66-88de-39c8cf1e8f80/1280.jpeg"}], "reportReasonText": "", "postAvatar": ""}, {"id": 233011759, "title": "#武漢肺炎 我是全家店員", "excerpt": "一包口罩三片 每人限購一包，我是大夜人員 口罩通常都是大夜進大夜包，最近客人的問題，1.你們什麼時候會進口罩？2.不是說OO時間就有了嗎？3.不然你大概什麼時候有告訴我，4.為什麼不能買第二包？5.不", "anonymousSchool": true, "anonymousDepartment": true, "pinned": false, "forumId": "75a726e6-d4e3-4902-a410-2430a39fffcb", "replyId": null, "createdAt": "2020-02-03T19:09:11.687Z", "updatedAt": "2020-02-03T19:22:00.679Z", "commentCount": 7, "likeCount": 15, "withNickname": false, "tags": ["HIDE_THUMBNAIL"], "topics": ["口罩", "武漢肺炎"], "meta": {"layout": "classic"}, "forumName": "心情", "forumAlias": "mood", "gender": "F", "replyTitle": null, "mediaMeta": [], "reactions": [{"id": "286f599c-f86a-4932-82f0-f5a06f1eca03", "count": 15}], "hidden": false, "customStyle": null, "isSuspiciousAccount": false, "layout": "classic", "withImages": false, "withVideos": false, "media": [], "reportReasonText": "", "postAvatar": ""}, {"id": 233010575, "title": "口罩之亂下很感心的美容店家", "excerpt": "在大家陷入搶無口罩恐慌時，我常去的美容店家竟然提供口罩及酒精給顧客使用！，本來就是很有溫度的美容店，一進門就看到這個告示，又讓我更喜歡她們，真是非常感心！雖然一人只能拿一個，還是很謝謝她們️，另外很多", "anonymousSchool": true, "anonymousDepartment": true, "pinned": false, "forumId": "75a726e6-d4e3-4902-a410-2430a39fffcb", "replyId": null, "createdAt": "2020-02-03T15:54:34.268Z", "updatedAt": "2020-02-03T16:13:28.925Z", "commentCount": 6, "likeCount": 14, "withNickname": false, "tags": [], "topics": ["口罩", "酒精", "武漢肺炎", "實名制", "美容"], "meta": {"layout": "classic"}, "forumName": "心情", "forumAlias": "mood", "gender": "F", "replyTitle": null, "mediaMeta": [{"id": "d91edea4-b9ce-4e64-ba07-5a8e6eb3ea7a", "url": "https://megapx-assets.dcard.tw/images/0ae1db28-83a9-4a17-8937-4c4bfc9dd0a7/640.jpeg", "normalizedUrl": "https://megapx-assets.dcard.tw/images/0ae1db28-83a9-4a17-8937-4c4bfc9dd0a7/640.jpeg", "thumbnail": "https://megapx-assets.dcard.tw/images/0ae1db28-83a9-4a17-8937-4c4bfc9dd0a7/640.jpeg", "type": "image/thumbnail", "tags": ["ANNOTATED"], "createdAt": "2020-02-03T15:54:34.268Z", "updatedAt": "2020-02-03T16:13:28.925Z", "width": 640, "height": 360}, {"id": "d91edea4-b9ce-4e64-ba07-5a8e6eb3ea7a", "url": "https://megapx-assets.dcard.tw/images/0ae1db28-83a9-4a17-8937-4c4bfc9dd0a7/1280.jpeg", "normalizedUrl": "https://megapx.dcard.tw/v1/images/0ae1db28-83a9-4a17-8937-4c4bfc9dd0a7", "thumbnail": "https://megapx-assets.dcard.tw/images/0ae1db28-83a9-4a17-8937-4c4bfc9dd0a7/640.jpeg", "type": "image/megapx", "tags": ["ANNOTATED"], "createdAt": "2020-02-03T15:54:34.268Z", "updatedAt": "2020-02-03T16:13:28.925Z", "width": 1706, "height": 960}, {"id": "b570c3aa-624a-44c4-99bb-34bc716580ef", "url": "https://megapx-assets.dcard.tw/images/905ee4dd-c08c-4789-b7a6-65535b4673d3/full.jpeg", "normalizedUrl": "https://megapx.dcard.tw/v1/images/905ee4dd-c08c-4789-b7a6-65535b4673d3", "thumbnail": "https://megapx-assets.dcard.tw/images/905ee4dd-c08c-4789-b7a6-65535b4673d3/640.jpeg", "type": "image/megapx", "tags": ["ANNOTATED"], "createdAt": "2020-02-03T15:54:34.268Z", "updatedAt": "2020-02-03T16:13:28.925Z", "width": 960, "height": 960}, {"id": "4e665d2f-41e1-48f4-a9e0-e8a6acba0e06", "url": "https://megapx-assets.dcard.tw/images/e3bd0752-1a9a-471e-9ae4-d7db257826e5/full.jpeg", "normalizedUrl": "https://megapx.dcard.tw/v1/images/e3bd0752-1a9a-471e-9ae4-d7db257826e5", "thumbnail": "https://megapx-assets.dcard.tw/images/e3bd0752-1a9a-471e-9ae4-d7db257826e5/640.jpeg", "type": "image/megapx", "tags": ["ANNOTATED"], "createdAt": "2020-02-03T15:54:34.268Z", "updatedAt": "2020-02-03T16:13:28.925Z", "width": 960, "height": 960}, {"id": "b5ced470-25a9-46b3-afb2-28d80c50afe5", "url": "https://megapx-assets.dcard.tw/images/fca2288e-f261-4077-953b-c914fdbc1997/full.jpeg", "normalizedUrl": "https://megapx.dcard.tw/v1/images/fca2288e-f261-4077-953b-c914fdbc1997", "thumbnail": "https://megapx-assets.dcard.tw/images/fca2288e-f261-4077-953b-c914fdbc1997/640.jpeg", "type": "image/megapx", "tags": ["ANNOTATED"], "createdAt": "2020-02-03T15:54:34.268Z", "updatedAt": "2020-02-03T16:13:28.925Z", "width": 960, "height": 960}], "reactions": [{"id": "286f599c-f86a-4932-82f0-f5a06f1eca03", "count": 14}], "hidden": false, "customStyle": null, "isSuspiciousAccount": false, "layout": "classic", "withImages": true, "withVideos": false, "media": [{"url": "https://megapx-assets.dcard.tw/images/0ae1db28-83a9-4a17-8937-4c4bfc9dd0a7/1280.jpeg"}, {"url": "https://megapx-assets.dcard.tw/images/905ee4dd-c08c-4789-b7a6-65535b4673d3/full.jpeg"}, {"url": "https://megapx-assets.dcard.tw/images/e3bd0752-1a9a-471e-9ae4-d7db257826e5/full.jpeg"}, {"url": "https://megapx-assets.dcard.tw/images/fca2288e-f261-4077-953b-c914fdbc1997/full.jpeg"}], "reportReasonText": "", "postAvatar": ""}, {"id": 233009810, "title": "因為媽媽是名大陸人", "excerpt": "嗨大家好，我媽是大陸人，我今天想講這些只是因為這陣子我聽到了很多令我不快但又不能回嘴，因為沒有人在意，首先我爸是台灣人，我在我父親那的家庭是被打到大的，因為我母親是一名大陸人⋯⋯，前幾年我才跟我媽回大", "anonymousSchool": true, "anonymousDepartment": true, "pinned": false, "forumId": "75a726e6-d4e3-4902-a410-2430a39fffcb", "replyId": null, "createdAt": "2020-02-03T14:23:15.161Z", "updatedAt": "2020-02-03T14:23:15.161Z", "commentCount": 15, "likeCount": 14, "withNickname": false, "tags": ["HIDE_THUMBNAIL"], "topics": ["口罩事件"], "meta": {"layout": "classic"}, "forumName": "心情", "forumAlias": "mood", "gender": "F", "replyTitle": null, "mediaMeta": [], "reactions": [{"id": "286f599c-f86a-4932-82f0-f5a06f1eca03", "count": 14}], "hidden": false, "customStyle": null, "isSuspiciousAccount": false, "layout": "classic", "withImages": false, "withVideos": false, "media": [], "reportReasonText": "", "postAvatar": ""}, {"id": 233006737, "title": "醫護人員也缺口罩了", "excerpt": "我是急診護理師，第一線的醫護人員，在這個防疫的非常時期，不僅民眾缺口罩，連醫院也缺口罩了，現在被規定一天只能戴一個，我們上班是八小時喔，密切接觸來來往往的各種病患，抽血、抽痰等等醫療行為都可能會被病患", "anonymousSchool": true, "anonymousDepartment": true, "pinned": false, "forumId": "75a726e6-d4e3-4902-a410-2430a39fffcb", "replyId": null, "createdAt": "2020-02-03T06:52:53.737Z", "updatedAt": "2020-02-03T07:02:52.993Z", "commentCount": 6, "likeCount": 13, "withNickname": false, "tags": ["HIDE_THUMBNAIL"], "topics": ["口罩"], "meta": {"layout": "classic"}, "forumName": "心情", "forumAlias": "mood", "gender": "F", "replyTitle": null, "mediaMeta": [], "reactions": [{"id": "286f599c-f86a-4932-82f0-f5a06f1eca03", "count": 13}], "hidden": false, "customStyle": null, "isSuspiciousAccount": false, "layout": "classic", "withImages": false, "withVideos": false, "media": [], "reportReasonText": "", "postAvatar": ""}, {"id": 233005172, "title": "武漢肺炎 遇到這種學校要怎麼處理？", "excerpt": "", "anonymousSchool": false, "anonymousDepartment": false, "pinned": false, "forumId": "75a726e6-d4e3-4902-a410-2430a39fffcb", "replyId": 233004700, "createdAt": "2020-02-02T21:11:52.676Z", "updatedAt": "2020-02-02T21:11:52.676Z", "commentCount": 1, "likeCount": 13, "withNickname": false, "tags": [], "topics": ["僑光", "宿舍", "武漢肺炎", "很扯"], "meta": {"crossPostId": 233004700}, "forumName": "心情", "forumAlias": "mood", "gender": "F", "school": "僑光科技大學", "department": "行銷與流通管理學系", "replyTitle": "宿舍打來的電話讓我非常錯愕", "mediaMeta": [], "reactions": [{"id": "286f599c-f86a-4932-82f0-f5a06f1eca03", "count": 11}, {"id": "aa0d425f-d530-4478-9a77-fe3aedc79eea", "count": 2}], "hidden": false, "customStyle": null, "isSuspiciousAccount": false, "layout": "classic", "withImages": false, "withVideos": false, "media": [], "reportReasonText": "", "postAvatar": ""}, {"id": 233004558, "title": "最悲傷的故事", "excerpt": "有什麼比跟自己喜歡的人，講了2個多小時的電話，結果他全程都在講他喜歡的人的事情還悲傷。", "anonymousSchool": true, "anonymousDepartment": true, "pinned": false, "forumId": "75a726e6-d4e3-4902-a410-2430a39fffcb", "replyId": null, "createdAt": "2020-02-02T17:36:30.929Z", "updatedAt": "2020-02-02T17:36:30.929Z", "commentCount": 6, "likeCount": 13, "withNickname": false, "tags": ["HIDE_THUMBNAIL"], "topics": [], "meta": {"layout": "classic"}, "forumName": "心情", "forumAlias": "mood", "gender": "M", "replyTitle": null, "mediaMeta": [], "reactions": [{"id": "286f599c-f86a-4932-82f0-f5a06f1eca03", "count": 10}, {"id": "514c2569-fd53-4d9d-a415-bf0f88e7329f", "count": 3}], "hidden": false, "customStyle": null, "isSuspiciousAccount": false, "layout": "classic", "withImages": false, "withVideos": false, "media": [], "reportReasonText": "", "postAvatar": ""}, {"id": 233011874, "title": "只有我看這個看到一肚子火嗎⋯", "excerpt": "首先恭喜各位超商藥妝店的店員們終於解脫了！！，我們都知道一定會有老鼠屎做一些錯誤的行為，但是可以不要以偏概全嗎？下面已經有很多留言都開始懷疑自己去過的超商是不是也在做一樣的事情了，如果你們真的有看到，", "anonymousSchool": false, "anonymousDepartment": true, "pinned": false, "forumId": "75a726e6-d4e3-4902-a410-2430a39fffcb", "replyId": 233002732, "createdAt": "2020-02-03T20:00:01.630Z", "updatedAt": "2020-02-03T20:00:01.630Z", "commentCount": 9, "likeCount": 12, "withNickname": false, "tags": ["HIDE_THUMBNAIL"], "topics": ["口罩", "超商", "物流"], "meta": {"layout": "classic"}, "forumName": "心情", "forumAlias": "mood", "gender": "F", "school": "國立高雄海洋科技大學", "replyTitle": "【更新】重要｜為什麼你買不到口罩？", "mediaMeta": [], "reactions": [{"id": "286f599c-f86a-4932-82f0-f5a06f1eca03", "count": 12}], "hidden": false, "customStyle": null, "isSuspiciousAccount": false, "layout": "classic", "withImages": false, "withVideos": false, "media": [], "reportReasonText": "", "postAvatar": ""}, {"id": 233010120, "title": "肺炎看清朋友", "excerpt": "最近肺炎搞的大家都很緊張，我自己也有點怕，但都約好行程了，結果，朋友1，：我最近都不打算出門了 有點怕肺炎，：哦哦好吧 那下次再約吧，然後在原本約好這天，看到她跟別的朋友一起去咖啡廳，🦔朋友2，🦔", "anonymousSchool": true, "anonymousDepartment": true, "pinned": false, "forumId": "75a726e6-d4e3-4902-a410-2430a39fffcb", "replyId": null, "createdAt": "2020-02-03T15:02:49.066Z", "updatedAt": "2020-02-03T15:02:49.066Z", "commentCount": 4, "likeCount": 12, "withNickname": false, "tags": [], "topics": ["武漢肺炎", "朋友", "可以不要這樣嗎"], "meta": {"layout": "classic"}, "forumName": "心情", "forumAlias": "mood", "gender": "F", "replyTitle": null, "mediaMeta": [{"id": "578ec1c1-4f46-4a85-aac5-b7c45824073e", "url": "https://megapx-assets.dcard.tw/images/2d259c4b-a828-4449-96f9-b890d54c261b/320.jpeg", "normalizedUrl": "https://megapx-assets.dcard.tw/images/2d259c4b-a828-4449-96f9-b890d54c261b/320.jpeg", "thumbnail": "https://megapx-assets.dcard.tw/images/2d259c4b-a828-4449-96f9-b890d54c261b/320.jpeg", "type": "image/thumbnail", "tags": [], "createdAt": "2020-02-03T15:02:49.066Z", "updatedAt": "2020-02-03T15:02:49.066Z", "width": 320, "height": 197}, {"id": "578ec1c1-4f46-4a85-aac5-b7c45824073e", "url": "https://megapx-assets.dcard.tw/images/2d259c4b-a828-4449-96f9-b890d54c261b/full.jpeg", "normalizedUrl": "https://megapx.dcard.tw/v1/images/2d259c4b-a828-4449-96f9-b890d54c261b", "thumbnail": "https://megapx-assets.dcard.tw/images/2d259c4b-a828-4449-96f9-b890d54c261b/320.jpeg", "type": "image/megapx", "tags": [], "createdAt": "2020-02-03T15:02:49.066Z", "updatedAt": "2020-02-03T15:02:49.066Z", "width": 412, "height": 253}, {"id": "c02d8c36-6f32-4549-b416-d458bf831b5c", "url": "https://megapx-assets.dcard.tw/images/dae2ac7d-867d-4896-b43a-2af2f4d10bb5/full.jpeg", "normalizedUrl": "https://megapx.dcard.tw/v1/images/dae2ac7d-867d-4896-b43a-2af2f4d10bb5", "thumbnail": "https://megapx-assets.dcard.tw/images/dae2ac7d-867d-4896-b43a-2af2f4d10bb5/320.jpeg", "type": "image/megapx", "tags": [], "createdAt": "2020-02-03T15:02:49.066Z", "updatedAt": "2020-02-03T15:02:49.066Z", "width": 360, "height": 260}], "reactions": [{"id": "286f599c-f86a-4932-82f0-f5a06f1eca03", "count": 12}], "hidden": false, "customStyle": null, "isSuspiciousAccount": false, "layout": "classic", "withImages": true, "withVideos": false, "media": [{"url": "https://megapx-assets.dcard.tw/images/2d259c4b-a828-4449-96f9-b890d54c261b/full.jpeg"}, {"url": "https://megapx-assets.dcard.tw/images/dae2ac7d-867d-4896-b43a-2af2f4d10bb5/full.jpeg"}], "reportReasonText": "", "postAvatar": ""}, {"id": 233008856, "title": "男友的洨味無所不在", "excerpt": "自從吃過男朋友的洨後吃東西常常會覺得，奇怪⋯感覺好像在哪吃過，⋯，原來是洨：）⋯，就在剛剛吃滷肉飯配綠茶的時候也覺得，為什麼吃起來那麼像洨的味道⋯⋯，之後就吃不下了。不知道有沒有人也這樣（ಥ_ಥ）", "anonymousSchool": true, "anonymousDepartment": true, "pinned": false, "forumId": "75a726e6-d4e3-4902-a410-2430a39fffcb", "replyId": null, "createdAt": "2020-02-03T12:07:20.191Z", "updatedAt": "2020-02-03T12:07:20.191Z", "commentCount": 13, "likeCount": 12, "withNickname": false, "tags": [], "topics": ["男友", "洨味"], "meta": {"layout": "classic"}, "forumName": "心情", "forumAlias": "mood", "gender": "F", "replyTitle": null, "mediaMeta": [{"id": "16120264-7560-4d9a-81cd-00f5419eccdc", "url": "https://megapx-assets.dcard.tw/images/6642ad4d-1649-4591-b639-19afb419555d/320.jpeg", "normalizedUrl": "https://megapx-assets.dcard.tw/images/6642ad4d-1649-4591-b639-19afb419555d/320.jpeg", "thumbnail": "https://megapx-assets.dcard.tw/images/6642ad4d-1649-4591-b639-19afb419555d/320.jpeg", "type": "image/thumbnail", "tags": [], "createdAt": "2020-02-03T12:07:20.191Z", "updatedAt": "2020-02-03T12:07:20.191Z", "width": 320, "height": 320}, {"id": "16120264-7560-4d9a-81cd-00f5419eccdc", "url": "https://megapx-assets.dcard.tw/images/6642ad4d-1649-4591-b639-19afb419555d/full.jpeg", "normalizedUrl": "https://megapx.dcard.tw/v1/images/6642ad4d-1649-4591-b639-19afb419555d", "thumbnail": "https://megapx-assets.dcard.tw/images/6642ad4d-1649-4591-b639-19afb419555d/320.jpeg", "type": "image/megapx", "tags": [], "createdAt": "2020-02-03T12:07:20.191Z", "updatedAt": "2020-02-03T12:07:20.191Z", "width": 408, "height": 408}], "reactions": [{"id": "286f599c-f86a-4932-82f0-f5a06f1eca03", "count": 12}], "hidden": false, "customStyle": null, "isSuspiciousAccount": false, "layout": "classic", "withImages": true, "withVideos": false, "media": [{"url": "https://megapx-assets.dcard.tw/images/6642ad4d-1649-4591-b639-19afb419555d/full.jpeg"}], "reportReasonText": "", "postAvatar": ""}, {"id": 233006593, "title": "低收入戶都這麼有錢嗎？", "excerpt": "我有一個同學是低收入戶，可是他的生活卻過的十分優渥（甚至是讓人羨慕），每逢寒暑假必出國一次，最近又剛換2萬多的新手機，寒暑假我每天都在打工賺零用錢但他都在到處吃喝玩樂，ig限動上都是他今天去哪玩，穿什", "anonymousSchool": true, "anonymousDepartment": true, "pinned": false, "forumId": "75a726e6-d4e3-4902-a410-2430a39fffcb", "replyId": null, "createdAt": "2020-02-03T06:22:18.511Z", "updatedAt": "2020-02-03T06:22:18.511Z", "commentCount": 16, "likeCount": 12, "withNickname": false, "tags": ["HIDE_THUMBNAIL"], "topics": ["低收入戶", "有錢"], "meta": {"layout": "classic"}, "forumName": "心情", "forumAlias": "mood", "gender": "M", "replyTitle": null, "mediaMeta": [], "reactions": [{"id": "286f599c-f86a-4932-82f0-f5a06f1eca03", "count": 12}], "hidden": false, "customStyle": null, "isSuspiciousAccount": false, "layout": "classic", "withImages": false, "withVideos": false, "media": [], "reportReasonText": "", "postAvatar": ""}, {"id": 233006509, "title": "真的完了", "excerpt": "我到底該怎麼辦，我真的完了，缺的那九萬根本不知道怎麼處理，真的完了⋯", "anonymousSchool": true, "anonymousDepartment": true, "pinned": false, "forumId": "75a726e6-d4e3-4902-a410-2430a39fffcb", "replyId": null, "createdAt": "2020-02-03T06:02:43.683Z", "updatedAt": "2020-02-03T06:02:43.683Z", "commentCount": 30, "likeCount": 12, "withNickname": false, "tags": ["HIDE_THUMBNAIL"], "topics": [], "meta": {"layout": "classic"}, "forumName": "心情", "forumAlias": "mood", "gender": "F", "replyTitle": null, "mediaMeta": [], "reactions": [{"id": "286f599c-f86a-4932-82f0-f5a06f1eca03", "count": 8}, {"id": "4b018f48-e184-445f-adf1-fc8e04ba09b9", "count": 2}, {"id": "aa0d425f-d530-4478-9a77-fe3aedc79eea", "count": 1}, {"id": "e8e6bc5d-41b0-4129-b134-97507523d7ff", "count": 1}], "hidden": false, "customStyle": null, "isSuspiciousAccount": false, "layout": "classic", "withImages": false, "withVideos": false, "media": [], "reportReasonText": "", "postAvatar": ""}, {"id": 233004265, "title": "7年級的年代 這算家暴嗎", "excerpt": "最近看了好幾篇   家庭不和的   自己也好想抱怨一下，有點長阿   而且又是負面情緒   我盡量寫的愉快點唄，我來自一個普通的家庭，應該說原本可以是一個普通的家庭  但是我不小心長歪了，讓我的人生非", "anonymousSchool": true, "anonymousDepartment": true, "pinned": false, "forumId": "75a726e6-d4e3-4902-a410-2430a39fffcb", "replyId": null, "createdAt": "2020-02-02T16:53:30.063Z", "updatedAt": "2020-02-02T16:53:30.063Z", "commentCount": 4, "likeCount": 12, "withNickname": false, "tags": [], "topics": ["抱怨文"], "meta": {"layout": "classic"}, "forumName": "心情", "forumAlias": "mood", "gender": "M", "replyTitle": null, "mediaMeta": [], "reactions": [{"id": "286f599c-f86a-4932-82f0-f5a06f1eca03", "count": 9}, {"id": "aa0d425f-d530-4478-9a77-fe3aedc79eea", "count": 2}, {"id": "514c2569-fd53-4d9d-a415-bf0f88e7329f", "count": 1}], "hidden": false, "customStyle": null, "isSuspiciousAccount": false, "layout": "classic", "withImages": false, "withVideos": false, "media": [], "reportReasonText": "", "postAvatar": ""}, {"id": 233010292, "title": "台灣真的需要加入WHO嗎?", "excerpt": "台灣還不是WHO的會員，但是以目前台灣的疫情來看~，控制得還不錯，病毒株好像也分離出來了，以台灣的醫療水平有沒有加入真的有差嗎？特別是在武漢肺炎爆發之後，總覺得 ~~，台灣有點像是世界醫療工具人的感覺", "anonymousSchool": true, "anonymousDepartment": true, "pinned": false, "forumId": "75a726e6-d4e3-4902-a410-2430a39fffcb", "replyId": null, "createdAt": "2020-02-03T15:22:47.618Z", "updatedAt": "2020-02-03T15:22:47.618Z", "commentCount": 2, "likeCount": 11, "withNickname": false, "tags": [], "topics": ["WHO", "武漢肺炎"], "meta": {"layout": "classic"}, "forumName": "心情", "forumAlias": "mood", "gender": "M", "replyTitle": null, "mediaMeta": [], "reactions": [{"id": "286f599c-f86a-4932-82f0-f5a06f1eca03", "count": 11}], "hidden": false, "customStyle": null, "isSuspiciousAccount": false, "layout": "classic", "withImages": false, "withVideos": false, "media": [], "reportReasonText": "", "postAvatar": ""}, {"id": 233003973, "title": "不再是朋友的 變成網美的朋友", "excerpt": "以前的朋友變成小網美，都不回訊了 只回粉絲訊息，然後每篇限動貼文都變成自拍外拍，加上，「怎麼還沒死掉」「好想不小心死掉」「瘦到xx公斤了，天要亡我」或是一直把憂鬱症拿出來講，自己吃安眠藥，但是發提問這", "anonymousSchool": true, "anonymousDepartment": true, "pinned": false, "forumId": "75a726e6-d4e3-4902-a410-2430a39fffcb", "replyId": null, "createdAt": "2020-02-02T16:12:48.138Z", "updatedAt": "2020-02-02T16:12:48.138Z", "commentCount": 5, "likeCount": 11, "withNickname": false, "tags": [], "topics": ["網美", "朋友"], "meta": {"layout": "classic"}, "forumName": "心情", "forumAlias": "mood", "gender": "F", "replyTitle": null, "mediaMeta": [{"id": "ee2b8d21-32f7-461d-8918-41d14c06db3a", "url": "https://i.imgur.com/qLosmMGl.jpg", "normalizedUrl": "https://i.imgur.com/qLosmMGl.jpg", "thumbnail": "https://i.imgur.com/qLosmMGl.jpg", "type": "image/thumbnail", "tags": ["ANNOTATED"], "createdAt": "2020-02-02T16:12:48.138Z", "updatedAt": "2020-02-02T16:12:48.138Z"}, {"id": "ee2b8d21-32f7-461d-8918-41d14c06db3a", "url": "https://i.imgur.com/qLosmMG.jpg", "normalizedUrl": "https://imgur.com/qLosmMG", "thumbnail": "https://i.imgur.com/qLosmMGl.jpg", "type": "image/imgur", "tags": ["ANNOTATED"], "createdAt": "2020-02-02T16:12:48.138Z", "updatedAt": "2020-02-02T16:12:48.138Z"}, {"id": "3dedc1b5-1db0-4af0-8308-b47d7a4265e1", "url": "https://i.imgur.com/HQzpvLZ.jpg", "normalizedUrl": "https://imgur.com/HQzpvLZ", "thumbnail": "https://i.imgur.com/HQzpvLZl.jpg", "type": "image/imgur", "tags": ["ANNOTATED"], "createdAt": "2020-02-02T16:12:48.138Z", "updatedAt": "2020-02-02T16:12:48.138Z"}], "reactions": [{"id": "286f599c-f86a-4932-82f0-f5a06f1eca03", "count": 11}], "hidden": false, "customStyle": null, "isSuspiciousAccount": false, "layout": "classic", "withImages": true, "withVideos": false, "media": [{"url": "https://i.imgur.com/qLosmMG.jpg"}, {"url": "https://i.imgur.com/HQzpvLZ.jpg"}], "reportReasonText": "", "postAvatar": ""}, {"id": 233010135, "title": "看看我在B站上看到了什麼啊", "excerpt": "我不針對口罩出口發表評論，但真的忍不住想抱怨幾句，為什麼每次基於人道立場或什麼之類的東西進行的社會援助總是會扯到同胞統一？？？捐了說同胞，不捐說冷血，真是⋯⋯，語言組織有點亂，不多說了，不知道該說什麼", "anonymousSchool": true, "anonymousDepartment": true, "pinned": false, "forumId": "75a726e6-d4e3-4902-a410-2430a39fffcb", "replyId": null, "createdAt": "2020-02-03T15:04:00.484Z", "updatedAt": "2020-02-03T15:04:00.484Z", "commentCount": 1, "likeCount": 10, "withNickname": false, "tags": [], "topics": [], "meta": {"layout": "classic"}, "forumName": "心情", "forumAlias": "mood", "gender": "F", "replyTitle": null, "mediaMeta": [{"id": "bf60d84a-494f-44c2-947c-611ac8bedace", "url": "https://megapx-assets.dcard.tw/images/92e3c54d-d918-44cd-8044-32e7d7bb749c/640.jpeg", "normalizedUrl": "https://megapx-assets.dcard.tw/images/92e3c54d-d918-44cd-8044-32e7d7bb749c/640.jpeg", "thumbnail": "https://megapx-assets.dcard.tw/images/92e3c54d-d918-44cd-8044-32e7d7bb749c/640.jpeg", "type": "image/thumbnail", "tags": [], "createdAt": "2020-02-03T15:04:00.484Z", "updatedAt": "2020-02-03T15:04:00.484Z", "width": 360, "height": 640}, {"id": "bf60d84a-494f-44c2-947c-611ac8bedace", "url": "https://megapx-assets.dcard.tw/images/92e3c54d-d918-44cd-8044-32e7d7bb749c/1280.jpeg", "normalizedUrl": "https://megapx.dcard.tw/v1/images/92e3c54d-d918-44cd-8044-32e7d7bb749c", "thumbnail": "https://megapx-assets.dcard.tw/images/92e3c54d-d918-44cd-8044-32e7d7bb749c/640.jpeg", "type": "image/megapx", "tags": [], "createdAt": "2020-02-03T15:04:00.484Z", "updatedAt": "2020-02-03T15:04:00.484Z", "width": 1125, "height": 2000}, {"id": "f30e4bdc-dd02-44b2-a686-84aadd7262b2", "url": "https://megapx-assets.dcard.tw/images/7c2051d8-db4a-400e-9b32-f22620a3b3cc/orig.jpeg", "normalizedUrl": "https://megapx.dcard.tw/v1/images/7c2051d8-db4a-400e-9b32-f22620a3b3cc", "thumbnail": "https://megapx-assets.dcard.tw/images/7c2051d8-db4a-400e-9b32-f22620a3b3cc/640.jpeg", "type": "image/megapx", "tags": [], "createdAt": "2020-02-03T15:04:00.484Z", "updatedAt": "2020-02-03T15:04:00.484Z", "width": 1125, "height": 2000}, {"id": "9a7322a7-3bdc-4d33-938e-33aecf456706", "url": "https://megapx-assets.dcard.tw/images/9bc7cab5-7b0c-4b93-b52c-ba6be8840954/1280.jpeg", "normalizedUrl": "https://megapx.dcard.tw/v1/images/9bc7cab5-7b0c-4b93-b52c-ba6be8840954", "thumbnail": "https://megapx-assets.dcard.tw/images/9bc7cab5-7b0c-4b93-b52c-ba6be8840954/640.jpeg", "type": "image/megapx", "tags": [], "createdAt": "2020-02-03T15:04:00.484Z", "updatedAt": "2020-02-03T15:04:00.484Z", "width": 1125, "height": 2000}, {"id": "cf060f62-0a15-4bcf-b202-24d6caf06cc7", "url": "https://megapx-assets.dcard.tw/images/2315b703-ec66-4825-b85f-50bd91f5636a/1280.jpeg", "normalizedUrl": "https://megapx.dcard.tw/v1/images/2315b703-ec66-4825-b85f-50bd91f5636a", "thumbnail": "https://megapx-assets.dcard.tw/images/2315b703-ec66-4825-b85f-50bd91f5636a/640.jpeg", "type": "image/megapx", "tags": [], "createdAt": "2020-02-03T15:04:00.484Z", "updatedAt": "2020-02-03T15:04:00.484Z", "width": 1125, "height": 2000}, {"id": "a3b7e475-b49a-4c16-b88c-77d05d0ad432", "url": "https://megapx-assets.dcard.tw/images/03e01915-a505-4950-a95b-b57d139248d0/1280.jpeg", "normalizedUrl": "https://megapx.dcard.tw/v1/images/03e01915-a505-4950-a95b-b57d139248d0", "thumbnail": "https://megapx-assets.dcard.tw/images/03e01915-a505-4950-a95b-b57d139248d0/640.jpeg", "type": "image/megapx", "tags": [], "createdAt": "2020-02-03T15:04:00.484Z", "updatedAt": "2020-02-03T15:04:00.484Z", "width": 1125, "height": 2000}], "reactions": [{"id": "286f599c-f86a-4932-82f0-f5a06f1eca03", "count": 10}], "hidden": false, "customStyle": null, "isSuspiciousAccount": false, "layout": "classic", "withImages": true, "withVideos": false, "media": [{"url": "https://megapx-assets.dcard.tw/images/92e3c54d-d918-44cd-8044-32e7d7bb749c/1280.jpeg"}, {"url": "https://megapx-assets.dcard.tw/images/7c2051d8-db4a-400e-9b32-f22620a3b3cc/orig.jpeg"}, {"url": "https://megapx-assets.dcard.tw/images/9bc7cab5-7b0c-4b93-b52c-ba6be8840954/1280.jpeg"}, {"url": "https://megapx-assets.dcard.tw/images/2315b703-ec66-4825-b85f-50bd91f5636a/1280.jpeg"}, {"url": "https://megapx-assets.dcard.tw/images/03e01915-a505-4950-a95b-b57d139248d0/1280.jpeg"}], "reportReasonText": "", "postAvatar": ""}, {"id": 233007274, "title": "ᴸᴵᴺᴱ打天燈會有效果", "excerpt": "現在賴只要打上元宵節關鍵字，背景就會很浪漫哦，附上圖", "anonymousSchool": true, "anonymousDepartment": true, "pinned": false, "forumId": "75a726e6-d4e3-4902-a410-2430a39fffcb", "replyId": null, "createdAt": "2020-02-03T08:31:39.279Z", "updatedAt": "2020-02-03T08:31:39.279Z", "commentCount": 1, "likeCount": 10, "withNickname": false, "tags": [], "topics": ["天燈", "元宵節", "LINE"], "meta": {"layout": "classic"}, "forumName": "心情", "forumAlias": "mood", "gender": "F", "replyTitle": null, "mediaMeta": [{"id": "906fa5e1-6dc7-4a1d-b87b-ad1ae082aa7c", "url": "https://megapx-assets.dcard.tw/images/5f121edd-4512-48e8-9b4c-90e92dd4e515/640.jpeg", "normalizedUrl": "https://megapx-assets.dcard.tw/images/5f121edd-4512-48e8-9b4c-90e92dd4e515/640.jpeg", "thumbnail": "https://megapx-assets.dcard.tw/images/5f121edd-4512-48e8-9b4c-90e92dd4e515/640.jpeg", "type": "image/thumbnail", "tags": [], "createdAt": "2020-02-03T08:31:39.279Z", "updatedAt": "2020-02-03T08:31:39.279Z", "width": 424, "height": 640}, {"id": "906fa5e1-6dc7-4a1d-b87b-ad1ae082aa7c", "url": "https://megapx-assets.dcard.tw/images/5f121edd-4512-48e8-9b4c-90e92dd4e515/1280.jpeg", "normalizedUrl": "https://megapx.dcard.tw/v1/images/5f121edd-4512-48e8-9b4c-90e92dd4e515", "thumbnail": "https://megapx-assets.dcard.tw/images/5f121edd-4512-48e8-9b4c-90e92dd4e515/640.jpeg", "type": "image/megapx", "tags": [], "createdAt": "2020-02-03T08:31:39.279Z", "updatedAt": "2020-02-03T08:31:39.279Z", "width": 1228, "height": 1855}], "reactions": [{"id": "286f599c-f86a-4932-82f0-f5a06f1eca03", "count": 10}], "hidden": false, "customStyle": null, "isSuspiciousAccount": false, "layout": "classic", "withImages": true, "withVideos": false, "media": [{"url": "https://megapx-assets.dcard.tw/images/5f121edd-4512-48e8-9b4c-90e92dd4e515/1280.jpeg"}], "reportReasonText": "", "postAvatar": ""}]