[{"id": 231164153, "title": "#更新 電影板板規 進板必看 (2019.4.25)", "excerpt": "本板提供電影影評、心得或上映情報之相關分享，或國內外影展、電影獎項、推薦片單等話題討論。於本看板發文，需遵守全站站規與本板板規，違者將刪除文章，累犯將停權 30 天。全站站規：本板板規：1. 禁止發文標題爆雷，內文如有爆雷內容", "anonymousSchool": false, "anonymousDepartment": false, "pinned": true, "forumId": "275e0c11-82d0-43df-9606-502f5727716d", "replyId": null, "createdAt": "2019-04-25T11:47:54.168Z", "updatedAt": "2019-04-25T13:11:31.952Z", "commentCount": 48, "likeCount": 440, "withNickname": true, "tags": [], "topics": ["電影板板規"], "meta": {}, "forumName": "電影", "forumAlias": "movie", "gender": "D", "school": "小天使", "department": "little_angel", "replyTitle": null, "mediaMeta": [], "reactions": [{"id": "286f599c-f86a-4932-82f0-f5a06f1eca03", "count": 433}, {"id": "e8e6bc5d-41b0-4129-b134-97507523d7ff", "count": 5}, {"id": "aa0d425f-d530-4478-9a77-fe3aedc79eea", "count": 2}], "hidden": false, "customStyle": null, "isSuspiciousAccount": false, "layout": "classic", "withImages": false, "withVideos": false, "media": [], "reportReasonText": "", "postAvatar": ""}, {"id": 233010812, "title": "#有雷 《1917》讓人嘆為觀止的戰爭文藝電影 (9.0/10)", "excerpt": "《1917》是一部美國戰爭劇情電影，由山姆曼德斯執導，喬治麥凱、迪恩查爾斯查普曼、柯林佛斯、班奈狄克康柏拜區、馬克史壯、理察麥登主演，故事講述1919年第一次世界大戰期間，兩名年輕的英國士兵史考菲與布", "anonymousSchool": false, "anonymousDepartment": false, "pinned": false, "forumId": "275e0c11-82d0-43df-9606-502f5727716d", "replyId": null, "createdAt": "2020-02-03T16:18:54.140Z", "updatedAt": "2020-02-03T16:18:54.140Z", "commentCount": 1, "likeCount": 10, "withNickname": true, "tags": [], "topics": ["1917", "歐美電影", "影評", "觀後感", "電影"], "meta": {"layout": "classic"}, "forumName": "電影", "forumAlias": "movie", "gender": "M", "school": "如履", "department": "loory", "replyTitle": null, "mediaMeta": [{"id": "86e56b84-4c39-4d73-8039-7eb96f083001", "url": "https://i.imgur.com/NMZz7WEl.jpg", "normalizedUrl": "https://i.imgur.com/NMZz7WEl.jpg", "thumbnail": "https://i.imgur.com/NMZz7WEl.jpg", "type": "image/thumbnail", "tags": ["ANNOTATED"], "createdAt": "2020-02-03T16:18:54.140Z", "updatedAt": "2020-02-03T16:18:54.140Z"}, {"id": "86e56b84-4c39-4d73-8039-7eb96f083001", "url": "http://i.imgur.com/NMZz7WE.jpg", "normalizedUrl": "https://imgur.com/NMZz7WE", "thumbnail": "https://i.imgur.com/NMZz7WEl.jpg", "type": "image/imgur", "tags": ["ANNOTATED"], "createdAt": "2020-02-03T16:18:54.140Z", "updatedAt": "2020-02-03T16:18:54.140Z"}, {"id": "e5382f41-749d-4563-80f9-11dbbbecf6f4", "url": "http://i.imgur.com/MuVFtqz.jpg", "normalizedUrl": "https://imgur.com/MuVFtqz", "thumbnail": "https://i.imgur.com/MuVFtqzl.jpg", "type": "image/imgur", "tags": ["ANNOTATED"], "createdAt": "2020-02-03T16:18:54.140Z", "updatedAt": "2020-02-03T16:18:54.140Z"}, {"id": "e757381b-63c3-4621-9680-6de43d1c972d", "url": "http://i.imgur.com/9EKzuqB.jpg", "normalizedUrl": "https://imgur.com/9EKzuqB", "thumbnail": "https://i.imgur.com/9EKzuqBl.jpg", "type": "image/imgur", "tags": ["ANNOTATED"], "createdAt": "2020-02-03T16:18:54.140Z", "updatedAt": "2020-02-03T16:18:54.140Z"}, {"id": "4cdb2bfc-b001-4bf7-aacf-36d13b767055", "url": "http://i.imgur.com/avuZlr9.jpg", "normalizedUrl": "https://imgur.com/avuZlr9", "thumbnail": "https://i.imgur.com/avuZlr9l.jpg", "type": "image/imgur", "tags": ["ANNOTATED"], "createdAt": "2020-02-03T16:18:54.140Z", "updatedAt": "2020-02-03T16:18:54.140Z"}, {"id": "d7166fe9-6e6b-4e50-9a32-b844ecd5d724", "url": "http://i.imgur.com/L2ho6wY.jpg", "normalizedUrl": "https://imgur.com/L2ho6wY", "thumbnail": "https://i.imgur.com/L2ho6wYl.jpg", "type": "image/imgur", "tags": ["ANNOTATED"], "createdAt": "2020-02-03T16:18:54.140Z", "updatedAt": "2020-02-03T16:18:54.140Z"}, {"id": "ed96bf33-1dc7-431a-ada9-d3ff10c7dffe", "url": "http://i.imgur.com/t0YaFSH.jpg", "normalizedUrl": "https://imgur.com/t0YaFSH", "thumbnail": "https://i.imgur.com/t0YaFSHl.jpg", "type": "image/imgur", "tags": ["ANNOTATED"], "createdAt": "2020-02-03T16:18:54.140Z", "updatedAt": "2020-02-03T16:18:54.140Z"}, {"id": "30d6b47d-0212-43ec-b557-1130143e0637", "url": "http://i.imgur.com/Bx11FzW.jpg", "normalizedUrl": "https://imgur.com/Bx11FzW", "thumbnail": "https://i.imgur.com/Bx11FzWl.jpg", "type": "image/imgur", "tags": ["ANNOTATED"], "createdAt": "2020-02-03T16:18:54.140Z", "updatedAt": "2020-02-03T16:18:54.140Z"}, {"id": "d1af6230-4f0b-4741-9c0d-38b4d9fa25d5", "url": "http://i.imgur.com/0WnLMTd.jpg", "normalizedUrl": "https://imgur.com/0WnLMTd", "thumbnail": "https://i.imgur.com/0WnLMTdl.jpg", "type": "image/imgur", "tags": ["ANNOTATED"], "createdAt": "2020-02-03T16:18:54.140Z", "updatedAt": "2020-02-03T16:18:54.140Z"}], "reactions": [{"id": "286f599c-f86a-4932-82f0-f5a06f1eca03", "count": 9}, {"id": "514c2569-fd53-4d9d-a415-bf0f88e7329f", "count": 1}], "hidden": false, "customStyle": null, "isSuspiciousAccount": false, "layout": "classic", "withImages": true, "withVideos": false, "media": [{"url": "http://i.imgur.com/NMZz7WE.jpg"}, {"url": "http://i.imgur.com/MuVFtqz.jpg"}, {"url": "http://i.imgur.com/9EKzuqB.jpg"}, {"url": "http://i.imgur.com/avuZlr9.jpg"}, {"url": "http://i.imgur.com/L2ho6wY.jpg"}, {"url": "http://i.imgur.com/t0YaFSH.jpg"}, {"url": "http://i.imgur.com/Bx11FzW.jpg"}, {"url": "http://i.imgur.com/0WnLMTd.jpg"}], "reportReasonText": "", "postAvatar": ""}, {"id": 233004252, "title": "《熱帶雨》　雨過總會天晴", "excerpt": "部落格版，有附圖：《熱帶雨》，是導演陳哲藝交出的第二部長片作品，這是一部相當成熟的電影，無論在劇本、結構、演技或片中各種暗喻，他都處理得相當完美，藉由他的鏡頭語言下，觀眾經思考後，能輕鬆看得他想傳達的", "anonymousSchool": false, "anonymousDepartment": false, "pinned": false, "forumId": "275e0c11-82d0-43df-9606-502f5727716d", "replyId": null, "createdAt": "2020-02-02T16:50:52.337Z", "updatedAt": "2020-02-02T16:50:52.337Z", "commentCount": 0, "likeCount": 6, "withNickname": true, "tags": [], "topics": ["電影", "熱帶雨", "影評", "楊雁雁", "金馬"], "meta": {"layout": "classic"}, "forumName": "電影", "forumAlias": "movie", "gender": "M", "school": "昆汀涂", "department": "quentintu", "replyTitle": null, "mediaMeta": [{"id": "a415e387-7cd5-4560-937c-f9f69bec868d", "url": "https://i.imgur.com/q4fpY25l.jpg", "normalizedUrl": "https://i.imgur.com/q4fpY25l.jpg", "thumbnail": "https://i.imgur.com/q4fpY25l.jpg", "type": "image/thumbnail", "tags": ["ANNOTATED"], "createdAt": "2020-02-02T16:50:52.337Z", "updatedAt": "2020-02-02T16:50:52.337Z"}, {"id": "a415e387-7cd5-4560-937c-f9f69bec868d", "url": "http://i.imgur.com/q4fpY25.jpg", "normalizedUrl": "https://imgur.com/q4fpY25", "thumbnail": "https://i.imgur.com/q4fpY25l.jpg", "type": "image/imgur", "tags": ["ANNOTATED"], "createdAt": "2020-02-02T16:50:52.337Z", "updatedAt": "2020-02-02T16:50:52.337Z"}, {"id": "d792a7fe-412c-4d06-bbd0-faf45b09b0bb", "url": "http://i.imgur.com/fBLYpZK.jpg", "normalizedUrl": "https://imgur.com/fBLYpZK", "thumbnail": "https://i.imgur.com/fBLYpZKl.jpg", "type": "image/imgur", "tags": ["ANNOTATED"], "createdAt": "2020-02-02T16:50:52.337Z", "updatedAt": "2020-02-02T16:50:52.337Z"}], "reactions": [{"id": "286f599c-f86a-4932-82f0-f5a06f1eca03", "count": 6}], "hidden": false, "customStyle": null, "isSuspiciousAccount": false, "layout": "classic", "withImages": true, "withVideos": false, "media": [{"url": "http://i.imgur.com/q4fpY25.jpg"}, {"url": "http://i.imgur.com/fBLYpZK.jpg"}], "reportReasonText": "", "postAvatar": ""}, {"id": 233010777, "title": "#有雷 《變身特務》最跟演員契合的動畫角色 (8.0/10)", "excerpt": "《變身特務》是一部美國動畫喜劇電影，由尼克布魯諾、特洛伊奎恩執導，威爾史密斯、湯姆霍蘭德、凱倫吉蘭配音，改編自盧卡斯馬特爾的動畫短片《鴿可能的任務》，劇情講述史特林是組織最備受景仰的頂尖特務，但是一場", "anonymousSchool": false, "anonymousDepartment": false, "pinned": false, "forumId": "275e0c11-82d0-43df-9606-502f5727716d", "replyId": null, "createdAt": "2020-02-03T16:15:33.853Z", "updatedAt": "2020-02-03T16:15:33.853Z", "commentCount": 1, "likeCount": 2, "withNickname": true, "tags": [], "topics": ["變身特務", "電影", "觀後感", "影評", "歐美電影"], "meta": {"layout": "classic"}, "forumName": "電影", "forumAlias": "movie", "gender": "M", "school": "如履", "department": "loory", "replyTitle": null, "mediaMeta": [{"id": "6d790b34-067c-4d7b-a720-3d8db5c19c85", "url": "https://i.imgur.com/tw4cCZgl.jpg", "normalizedUrl": "https://i.imgur.com/tw4cCZgl.jpg", "thumbnail": "https://i.imgur.com/tw4cCZgl.jpg", "type": "image/thumbnail", "tags": ["ANNOTATED"], "createdAt": "2020-02-03T16:15:33.853Z", "updatedAt": "2020-02-03T16:15:33.853Z"}, {"id": "6d790b34-067c-4d7b-a720-3d8db5c19c85", "url": "http://i.imgur.com/tw4cCZg.jpg", "normalizedUrl": "https://imgur.com/tw4cCZg", "thumbnail": "https://i.imgur.com/tw4cCZgl.jpg", "type": "image/imgur", "tags": ["ANNOTATED"], "createdAt": "2020-02-03T16:15:33.853Z", "updatedAt": "2020-02-03T16:15:33.853Z"}, {"id": "39dbd8db-b43d-484d-9f21-3a7ce5064368", "url": "http://i.imgur.com/P7wyjNl.jpg", "normalizedUrl": "https://imgur.com/P7wyjNl", "thumbnail": "https://i.imgur.com/P7wyjNll.jpg", "type": "image/imgur", "tags": ["ANNOTATED"], "createdAt": "2020-02-03T16:15:33.853Z", "updatedAt": "2020-02-03T16:15:33.853Z"}, {"id": "99174a13-4550-4898-9e35-82641995c0ac", "url": "http://i.imgur.com/latiAWj.jpg", "normalizedUrl": "https://imgur.com/latiAWj", "thumbnail": "https://i.imgur.com/latiAWjl.jpg", "type": "image/imgur", "tags": ["ANNOTATED"], "createdAt": "2020-02-03T16:15:33.853Z", "updatedAt": "2020-02-03T16:15:33.853Z"}, {"id": "1b1391ab-edda-4e06-9d71-553b7b2d7b8b", "url": "http://i.imgur.com/aY3KV8r.jpg", "normalizedUrl": "https://imgur.com/aY3KV8r", "thumbnail": "https://i.imgur.com/aY3KV8rl.jpg", "type": "image/imgur", "tags": ["ANNOTATED"], "createdAt": "2020-02-03T16:15:33.853Z", "updatedAt": "2020-02-03T16:15:33.853Z"}, {"id": "ef838d53-f7ad-47bb-8312-9f561efeb5f1", "url": "http://i.imgur.com/xuQEjfi.jpg", "normalizedUrl": "https://imgur.com/xuQEjfi", "thumbnail": "https://i.imgur.com/xuQEjfil.jpg", "type": "image/imgur", "tags": ["ANNOTATED"], "createdAt": "2020-02-03T16:15:33.853Z", "updatedAt": "2020-02-03T16:15:33.853Z"}], "reactions": [{"id": "286f599c-f86a-4932-82f0-f5a06f1eca03", "count": 2}], "hidden": false, "customStyle": null, "isSuspiciousAccount": false, "layout": "classic", "withImages": true, "withVideos": false, "media": [{"url": "http://i.imgur.com/tw4cCZg.jpg"}, {"url": "http://i.imgur.com/P7wyjNl.jpg"}, {"url": "http://i.imgur.com/latiAWj.jpg"}, {"url": "http://i.imgur.com/aY3KV8r.jpg"}, {"url": "http://i.imgur.com/xuQEjfi.jpg"}], "reportReasonText": "", "postAvatar": ""}, {"id": 233006270, "title": "《不完美的正義》與《黑水風暴》：我將堅守立場，絕不退縮", "excerpt": "《不完美的正義／Just Mercy》：我很喜歡種族議題作品，也很喜歡小蝦米對抗大鯨魚的故事，所以本片結合兩者完全對我胃口。本片雖然以相當通俗親民的方式呈現，但情感表達頗節制，不會很刻意地煽情或催淚，", "anonymousSchool": false, "anonymousDepartment": false, "pinned": false, "forumId": "275e0c11-82d0-43df-9606-502f5727716d", "replyId": null, "createdAt": "2020-02-03T05:06:25.839Z", "updatedAt": "2020-02-03T05:06:25.839Z", "commentCount": 0, "likeCount": 2, "withNickname": true, "tags": [], "topics": ["不完美的正義", "黑水風暴", "電影"], "meta": {"layout": "classic"}, "forumName": "電影", "forumAlias": "movie", "gender": "M", "school": "影劇業餘觀察團 - 老大", "department": "kevin781109", "replyTitle": null, "mediaMeta": [{"id": "3af46763-213e-4710-b5d9-3c3da341ea63", "url": "https://i.imgur.com/ebUi3pOl.jpg", "normalizedUrl": "https://i.imgur.com/ebUi3pOl.jpg", "thumbnail": "https://i.imgur.com/ebUi3pOl.jpg", "type": "image/thumbnail", "tags": ["ANNOTATED"], "createdAt": "2020-02-03T05:06:25.839Z", "updatedAt": "2020-02-03T05:06:25.839Z"}, {"id": "3af46763-213e-4710-b5d9-3c3da341ea63", "url": "https://i.imgur.com/ebUi3pO.jpg", "normalizedUrl": "https://imgur.com/ebUi3pO", "thumbnail": "https://i.imgur.com/ebUi3pOl.jpg", "type": "image/imgur", "tags": ["ANNOTATED"], "createdAt": "2020-02-03T05:06:25.839Z", "updatedAt": "2020-02-03T05:06:25.839Z"}, {"id": "872a2c65-32a2-4734-aeb5-4a35c30150b3", "url": "https://youtu.be/xggRxWXdTng", "normalizedUrl": "https://www.youtube.com/watch?v=xggRxWXdTng", "thumbnail": "https://img.youtube.com/vi/xggRxWXdTng/hqdefault.jpg", "type": "video/youtube", "tags": ["ANNOTATED"], "createdAt": "2020-02-03T05:06:25.839Z", "updatedAt": "2020-02-03T05:06:25.839Z"}], "reactions": [{"id": "286f599c-f86a-4932-82f0-f5a06f1eca03", "count": 2}], "hidden": false, "customStyle": null, "isSuspiciousAccount": false, "layout": "classic", "withImages": true, "withVideos": false, "media": [{"url": "https://i.imgur.com/ebUi3pO.jpg"}], "reportReasonText": "", "postAvatar": ""}, {"id": 233003890, "title": "假掰人看電影3", "excerpt": "猜火車Trainspotting，1996年的電影，又是部比我還老的片子，這時期估計是歐美成長於高度資本主義化，青年人看不到未來（他媽的怎麼感覺每個世代都講著同樣的話），充斥著暴力、毒品、酒精和情色，", "anonymousSchool": false, "anonymousDepartment": false, "pinned": false, "forumId": "275e0c11-82d0-43df-9606-502f5727716d", "replyId": null, "createdAt": "2020-02-02T16:02:47.949Z", "updatedAt": "2020-02-02T16:03:10.484Z", "commentCount": 2, "likeCount": 2, "withNickname": true, "tags": [], "topics": ["電影", "觀後感", "影評", "電影情報", "老電影"], "meta": {"layout": "classic"}, "forumName": "電影", "forumAlias": "movie", "gender": "M", "school": "阿德胖胖", "department": "bardxtroubadour", "replyTitle": null, "mediaMeta": [{"id": "e0725e07-ff04-4a16-9b7d-3049c6a457a2", "url": "https://i.imgur.com/mxEVSsGl.jpg", "normalizedUrl": "https://i.imgur.com/mxEVSsGl.jpg", "thumbnail": "https://i.imgur.com/mxEVSsGl.jpg", "type": "image/thumbnail", "tags": ["ANNOTATED"], "createdAt": "2020-02-02T16:02:47.949Z", "updatedAt": "2020-02-02T16:03:10.484Z"}, {"id": "e0725e07-ff04-4a16-9b7d-3049c6a457a2", "url": "https://i.imgur.com/mxEVSsG.jpg", "normalizedUrl": "https://imgur.com/mxEVSsG", "thumbnail": "https://i.imgur.com/mxEVSsGl.jpg", "type": "image/imgur", "tags": ["ANNOTATED"], "createdAt": "2020-02-02T16:02:47.949Z", "updatedAt": "2020-02-02T16:03:10.484Z"}, {"id": "0a745a6f-f2c4-42d7-95fb-940b5d126414", "url": "https://i.imgur.com/kYm7d3v.jpg", "normalizedUrl": "https://imgur.com/kYm7d3v", "thumbnail": "https://i.imgur.com/kYm7d3vl.jpg", "type": "image/imgur", "tags": ["ANNOTATED"], "createdAt": "2020-02-02T16:02:47.949Z", "updatedAt": "2020-02-02T16:03:10.484Z"}, {"id": "b0c38010-373a-49ab-b994-8ae609bfc4e2", "url": "https://i.imgur.com/gv5cZXl.jpg", "normalizedUrl": "https://imgur.com/gv5cZXl", "thumbnail": "https://i.imgur.com/gv5cZXll.jpg", "type": "image/imgur", "tags": ["ANNOTATED"], "createdAt": "2020-02-02T16:02:47.949Z", "updatedAt": "2020-02-02T16:03:10.484Z"}, {"id": "11536e09-d28e-4428-ad2a-6b4efffbbd67", "url": "https://i.imgur.com/VtBzoiP.jpg", "normalizedUrl": "https://imgur.com/VtBzoiP", "thumbnail": "https://i.imgur.com/VtBzoiPl.jpg", "type": "image/imgur", "tags": ["ANNOTATED"], "createdAt": "2020-02-02T16:02:47.949Z", "updatedAt": "2020-02-02T16:03:10.484Z"}, {"id": "20936ca1-21e8-4237-a8ad-4e07ea733110", "url": "https://i.imgur.com/HR8PEPd.jpg", "normalizedUrl": "https://imgur.com/HR8PEPd", "thumbnail": "https://i.imgur.com/HR8PEPdl.jpg", "type": "image/imgur", "tags": ["ANNOTATED"], "createdAt": "2020-02-02T16:02:47.949Z", "updatedAt": "2020-02-02T16:03:10.484Z"}, {"id": "794c0d7c-5cab-4353-ba9c-b3b794054800", "url": "https://i.imgur.com/LJXQq1h.jpg", "normalizedUrl": "https://imgur.com/LJXQq1h", "thumbnail": "https://i.imgur.com/LJXQq1hl.jpg", "type": "image/imgur", "tags": ["ANNOTATED"], "createdAt": "2020-02-02T16:02:47.949Z", "updatedAt": "2020-02-02T16:03:10.484Z"}, {"id": "259ae167-812c-4dd3-a616-230bf4a9e0b5", "url": "https://i.imgur.com/1bulPJV.jpg", "normalizedUrl": "https://imgur.com/1bulPJV", "thumbnail": "https://i.imgur.com/1bulPJVl.jpg", "type": "image/imgur", "tags": ["ANNOTATED"], "createdAt": "2020-02-02T16:02:47.949Z", "updatedAt": "2020-02-02T16:03:10.484Z"}, {"id": "7a2e27ae-5038-49ad-b0b4-3a3e4406bd9f", "url": "https://i.imgur.com/KFZq1kL.jpg", "normalizedUrl": "https://imgur.com/KFZq1kL", "thumbnail": "https://i.imgur.com/KFZq1kLl.jpg", "type": "image/imgur", "tags": ["ANNOTATED"], "createdAt": "2020-02-02T16:02:47.949Z", "updatedAt": "2020-02-02T16:03:10.484Z"}, {"id": "163570ed-3b5d-49f2-8a7d-764fca5fd581", "url": "https://i.imgur.com/0kgBLo8.jpg", "normalizedUrl": "https://imgur.com/0kgBLo8", "thumbnail": "https://i.imgur.com/0kgBLo8l.jpg", "type": "image/imgur", "tags": ["ANNOTATED"], "createdAt": "2020-02-02T16:02:47.949Z", "updatedAt": "2020-02-02T16:03:10.484Z"}], "reactions": [{"id": "286f599c-f86a-4932-82f0-f5a06f1eca03", "count": 2}], "hidden": false, "customStyle": null, "isSuspiciousAccount": false, "layout": "classic", "withImages": true, "withVideos": false, "media": [{"url": "https://i.imgur.com/mxEVSsG.jpg"}, {"url": "https://i.imgur.com/kYm7d3v.jpg"}, {"url": "https://i.imgur.com/gv5cZXl.jpg"}, {"url": "https://i.imgur.com/VtBzoiP.jpg"}, {"url": "https://i.imgur.com/HR8PEPd.jpg"}, {"url": "https://i.imgur.com/LJXQq1h.jpg"}, {"url": "https://i.imgur.com/1bulPJV.jpg"}, {"url": "https://i.imgur.com/KFZq1kL.jpg"}, {"url": "https://i.imgur.com/0kgBLo8.jpg"}], "reportReasonText": "", "postAvatar": ""}, {"id": 233004517, "title": "#詢問 嘉義秀泰預告", "excerpt": "在嘉義秀泰看到的預告，一塊黑板上畫了很多動物，有一個老師拿木棒指來指去，還說其中一種講的話其他動物都聽不懂之類的，有人知道這是什麼電影嗎～真的好想看（T_T）", "anonymousSchool": false, "anonymousDepartment": false, "pinned": false, "forumId": "275e0c11-82d0-43df-9606-502f5727716d", "replyId": null, "createdAt": "2020-02-02T17:30:17.683Z", "updatedAt": "2020-02-02T17:30:17.683Z", "commentCount": 2, "likeCount": 1, "withNickname": false, "tags": [], "topics": ["嘉義", "找電影", "電影"], "meta": {"layout": "classic"}, "forumName": "電影", "forumAlias": "movie", "gender": "F", "school": "國立高雄餐旅大學", "department": "航空暨運輸服務管理系", "replyTitle": null, "mediaMeta": [], "reactions": [{"id": "286f599c-f86a-4932-82f0-f5a06f1eca03", "count": 1}], "hidden": false, "customStyle": null, "isSuspiciousAccount": false, "layout": "classic", "withImages": false, "withVideos": false, "media": [], "reportReasonText": "", "postAvatar": ""}, {"id": 233009835, "title": "#問 有關王牌冤家的小疑問 有雷", "excerpt": "今天才看完王牌冤家這部電影，但對於劇情有些疑問，為什麼診所的那位男員工，會知道男主角跟女主角曾經去過海邊在冰上面躺，以及在男主角帶去診所有關女主角的物品時有畫他們一起躺在冰上的圖，但是這件事情不是要等", "anonymousSchool": false, "anonymousDepartment": true, "pinned": false, "forumId": "275e0c11-82d0-43df-9606-502f5727716d", "replyId": null, "createdAt": "2020-02-03T14:27:06.801Z", "updatedAt": "2020-02-03T14:27:06.801Z", "commentCount": 1, "likeCount": 0, "withNickname": false, "tags": ["HIDE_THUMBNAIL"], "topics": ["王牌", "冤家", "電影"], "meta": {"layout": "classic"}, "forumName": "電影", "forumAlias": "movie", "gender": "F", "school": "亞洲大學", "replyTitle": null, "mediaMeta": [], "reactions": [], "hidden": false, "customStyle": null, "isSuspiciousAccount": false, "layout": "classic", "withImages": false, "withVideos": false, "media": [], "reportReasonText": "", "postAvatar": ""}]