[{"id": 233005111, "title": "聽信太 太妍的冷門好聽歌曲", "excerpt": "新年新歌單，這次不是古裝也不是電影，是非常喜歡的歌手，Taeyeon（태연）的冷門、非主打歌曲歌單。在家無聊，就聽音樂吧。聽音樂，就聽太妍的吧🥰，1. 월식 （My Tragedy），專輯名稱：Pu", "anonymousSchool": false, "anonymousDepartment": false, "pinned": false, "forumId": "885f988a-c7bf-4e24-a308-2560f8da8a0e", "replyId": null, "createdAt": "2020-02-02T20:26:20.130Z", "updatedAt": "2020-02-02T20:26:20.130Z", "commentCount": 2, "likeCount": 15, "withNickname": true, "tags": [], "topics": ["太妍", "冷門", "韓文歌"], "meta": {"layout": "classic"}, "forumName": "音樂", "forumAlias": "music", "gender": "F", "school": "古裝劇迷", "department": "crystal7777", "replyTitle": null, "mediaMeta": [{"id": "35a76431-8a9c-4b11-95d5-78eb35834995", "url": "https://img.youtube.com/vi/ltcZSRKqLX8/hqdefault.jpg", "normalizedUrl": "https://img.youtube.com/vi/ltcZSRKqLX8/hqdefault.jpg", "thumbnail": "https://img.youtube.com/vi/ltcZSRKqLX8/hqdefault.jpg", "type": "image/thumbnail", "tags": ["ANNOTATED"], "createdAt": "2020-02-02T20:26:20.130Z", "updatedAt": "2020-02-02T20:26:20.130Z"}, {"id": "35a76431-8a9c-4b11-95d5-78eb35834995", "url": "https://youtu.be/ltcZSRKqLX8", "normalizedUrl": "https://www.youtube.com/watch?v=ltcZSRKqLX8", "thumbnail": "https://img.youtube.com/vi/ltcZSRKqLX8/hqdefault.jpg", "type": "video/youtube", "tags": ["ANNOTATED"], "createdAt": "2020-02-02T20:26:20.130Z", "updatedAt": "2020-02-02T20:26:20.130Z"}, {"id": "9f596627-297c-425f-b118-34ef2a83e42d", "url": "https://youtu.be/n48cAnyPdyk", "normalizedUrl": "https://www.youtube.com/watch?v=n48cAnyPdyk", "thumbnail": "https://img.youtube.com/vi/n48cAnyPdyk/hqdefault.jpg", "type": "video/youtube", "tags": ["ANNOTATED"], "createdAt": "2020-02-02T20:26:20.130Z", "updatedAt": "2020-02-02T20:26:20.130Z"}, {"id": "8ac996e2-51ce-467b-adc5-436d8b465540", "url": "https://youtu.be/XPjZrclO_9c", "normalizedUrl": "https://www.youtube.com/watch?v=XPjZrclO_9c", "thumbnail": "https://img.youtube.com/vi/XPjZrclO_9c/hqdefault.jpg", "type": "video/youtube", "tags": ["ANNOTATED"], "createdAt": "2020-02-02T20:26:20.130Z", "updatedAt": "2020-02-02T20:26:20.130Z"}, {"id": "c2af1dfe-8434-42dd-9da5-3543cf8b2de6", "url": "https://youtu.be/Jt7YhGmMnVs", "normalizedUrl": "https://www.youtube.com/watch?v=Jt7YhGmMnVs", "thumbnail": "https://img.youtube.com/vi/Jt7YhGmMnVs/hqdefault.jpg", "type": "video/youtube", "tags": ["ANNOTATED"], "createdAt": "2020-02-02T20:26:20.130Z", "updatedAt": "2020-02-02T20:26:20.130Z"}, {"id": "4c7630af-f6e9-4c53-aeef-96ffb9923ced", "url": "https://youtu.be/UPX_0pbH53E", "normalizedUrl": "https://www.youtube.com/watch?v=UPX_0pbH53E", "thumbnail": "https://img.youtube.com/vi/UPX_0pbH53E/hqdefault.jpg", "type": "video/youtube", "tags": ["ANNOTATED"], "createdAt": "2020-02-02T20:26:20.130Z", "updatedAt": "2020-02-02T20:26:20.130Z"}, {"id": "9c2bec4e-b962-4c61-a40a-f452316de51a", "url": "https://youtu.be/Mn244U2fRKQ", "normalizedUrl": "https://www.youtube.com/watch?v=Mn244U2fRKQ", "thumbnail": "https://img.youtube.com/vi/Mn244U2fRKQ/hqdefault.jpg", "type": "video/youtube", "tags": ["ANNOTATED"], "createdAt": "2020-02-02T20:26:20.130Z", "updatedAt": "2020-02-02T20:26:20.130Z"}, {"id": "daef8855-499d-4c2c-82b1-63dc598c54fe", "url": "https://youtu.be/8jgTSac_l5U", "normalizedUrl": "https://www.youtube.com/watch?v=8jgTSac_l5U", "thumbnail": "https://img.youtube.com/vi/8jgTSac_l5U/hqdefault.jpg", "type": "video/youtube", "tags": ["ANNOTATED"], "createdAt": "2020-02-02T20:26:20.130Z", "updatedAt": "2020-02-02T20:26:20.130Z"}, {"id": "97361a9c-6489-49a7-9ba3-74512efcb68d", "url": "https://youtu.be/GhvRt0SWyEM", "normalizedUrl": "https://www.youtube.com/watch?v=GhvRt0SWyEM", "thumbnail": "https://img.youtube.com/vi/GhvRt0SWyEM/hqdefault.jpg", "type": "video/youtube", "tags": ["ANNOTATED"], "createdAt": "2020-02-02T20:26:20.130Z", "updatedAt": "2020-02-02T20:26:20.130Z"}, {"id": "64eff69f-3013-4e00-aeca-f9f3fe8e7877", "url": "https://youtu.be/iiNg-XeAPvQ", "normalizedUrl": "https://www.youtube.com/watch?v=iiNg-XeAPvQ", "thumbnail": "https://img.youtube.com/vi/iiNg-XeAPvQ/hqdefault.jpg", "type": "video/youtube", "tags": ["ANNOTATED"], "createdAt": "2020-02-02T20:26:20.130Z", "updatedAt": "2020-02-02T20:26:20.130Z"}, {"id": "46f35053-06fc-4249-9143-96fc15c35e48", "url": "https://youtu.be/xVOW_nzXl7Q", "normalizedUrl": "https://www.youtube.com/watch?v=xVOW_nzXl7Q", "thumbnail": "https://img.youtube.com/vi/xVOW_nzXl7Q/hqdefault.jpg", "type": "video/youtube", "tags": ["ANNOTATED"], "createdAt": "2020-02-02T20:26:20.130Z", "updatedAt": "2020-02-02T20:26:20.130Z"}, {"id": "a5053a73-693e-499a-a28b-9c557c19b3ac", "url": "https://youtu.be/XOKxH-_bdxo", "normalizedUrl": "https://www.youtube.com/watch?v=XOKxH-_bdxo", "thumbnail": "https://img.youtube.com/vi/XOKxH-_bdxo/hqdefault.jpg", "type": "video/youtube", "tags": ["ANNOTATED"], "createdAt": "2020-02-02T20:26:20.130Z", "updatedAt": "2020-02-02T20:26:20.130Z"}, {"id": "c32060b2-81eb-4001-b925-bb141386d35c", "url": "https://youtu.be/wISw48v1uEY", "normalizedUrl": "https://www.youtube.com/watch?v=wISw48v1uEY", "thumbnail": "https://img.youtube.com/vi/wISw48v1uEY/hqdefault.jpg", "type": "video/youtube", "tags": ["ANNOTATED"], "createdAt": "2020-02-02T20:26:20.130Z", "updatedAt": "2020-02-02T20:26:20.130Z"}], "reactions": [{"id": "286f599c-f86a-4932-82f0-f5a06f1eca03", "count": 15}], "hidden": false, "customStyle": null, "isSuspiciousAccount": false, "layout": "classic", "withImages": false, "withVideos": false, "media": [], "reportReasonText": "", "postAvatar": ""}, {"id": 233011860, "title": "April-Fiersa Besari", "excerpt": "剛剛啊發現了一首冷門好歌！！！，我敢保證絕對冷門！！，讚讚讚！！", "anonymousSchool": false, "anonymousDepartment": true, "pinned": false, "forumId": "885f988a-c7bf-4e24-a308-2560f8da8a0e", "replyId": null, "createdAt": "2020-02-03T19:51:31.165Z", "updatedAt": "2020-02-03T19:51:31.165Z", "commentCount": 0, "likeCount": 3, "withNickname": false, "tags": [], "topics": ["冷門好歌", "東南亞", "音樂"], "meta": {"layout": "classic"}, "forumName": "音樂", "forumAlias": "music", "gender": "F", "school": "國立臺灣大學", "replyTitle": null, "mediaMeta": [{"id": "19e8a70f-712d-44fa-acd1-df6301d522e1", "url": "https://img.youtube.com/vi/KjEDm56iAOM/hqdefault.jpg", "normalizedUrl": "https://img.youtube.com/vi/KjEDm56iAOM/hqdefault.jpg", "thumbnail": "https://img.youtube.com/vi/KjEDm56iAOM/hqdefault.jpg", "type": "image/thumbnail", "tags": ["ANNOTATED"], "createdAt": "2020-02-03T19:51:31.165Z", "updatedAt": "2020-02-03T19:51:31.165Z"}, {"id": "19e8a70f-712d-44fa-acd1-df6301d522e1", "url": "https://youtu.be/KjEDm56iAOM", "normalizedUrl": "https://www.youtube.com/watch?v=KjEDm56iAOM", "thumbnail": "https://img.youtube.com/vi/KjEDm56iAOM/hqdefault.jpg", "type": "video/youtube", "tags": ["ANNOTATED"], "createdAt": "2020-02-03T19:51:31.165Z", "updatedAt": "2020-02-03T19:51:31.165Z"}], "reactions": [{"id": "286f599c-f86a-4932-82f0-f5a06f1eca03", "count": 3}], "hidden": false, "customStyle": null, "isSuspiciousAccount": false, "layout": "classic", "withImages": false, "withVideos": false, "media": [], "reportReasonText": "", "postAvatar": ""}, {"id": 233003787, "title": "想請問新聞背景音樂", "excerpt": "東森新聞每次感人的報導背後都有首鋼琴配樂，就像上面那則新聞裡的音樂，想請問那首鋼琴曲是什麼，真的好喜歡！", "anonymousSchool": false, "anonymousDepartment": true, "pinned": false, "forumId": "885f988a-c7bf-4e24-a308-2560f8da8a0e", "replyId": null, "createdAt": "2020-02-02T15:48:03.294Z", "updatedAt": "2020-02-02T15:48:03.294Z", "commentCount": 2, "likeCount": 3, "withNickname": false, "tags": ["HIDE_THUMBNAIL"], "topics": ["鋼琴"], "meta": {"layout": "classic"}, "forumName": "音樂", "forumAlias": "music", "gender": "F", "school": "長庚科技大學", "replyTitle": null, "mediaMeta": [], "reactions": [{"id": "286f599c-f86a-4932-82f0-f5a06f1eca03", "count": 3}], "hidden": false, "customStyle": null, "isSuspiciousAccount": false, "layout": "classic", "withImages": false, "withVideos": false, "media": [], "reportReasonText": "", "postAvatar": ""}, {"id": 233010557, "title": "求解一首韓文歌", "excerpt": "這旋律超熟悉，但影片對話聲音太大，無法聽到完整一句的歌詞，所以找不到啊，想了兩天了 還是沒想法，感覺有一句是한번도 그만 하지 마，感謝各位大大了", "anonymousSchool": false, "anonymousDepartment": false, "pinned": false, "forumId": "885f988a-c7bf-4e24-a308-2560f8da8a0e", "replyId": null, "createdAt": "2020-02-03T15:52:02.940Z", "updatedAt": "2020-02-03T15:52:02.940Z", "commentCount": 0, "likeCount": 1, "withNickname": true, "tags": ["HIDE_THUMBNAIL"], "topics": ["找歌", "韓文歌"], "meta": {"layout": "classic"}, "forumName": "音樂", "forumAlias": "music", "gender": "F", "school": "🌟", "department": "starbuck520", "replyTitle": null, "mediaMeta": [], "reactions": [{"id": "286f599c-f86a-4932-82f0-f5a06f1eca03", "count": 1}], "hidden": false, "customStyle": null, "isSuspiciousAccount": false, "layout": "classic", "withImages": false, "withVideos": false, "media": [], "reportReasonText": "", "postAvatar": ""}, {"id": 233010529, "title": "二手面單veelah v1 vs. benson", "excerpt": "我是新手但想買二手面單，原本是對veelah v1很有興趣，但爬文之後發現他好像琴頸比較厚，我的手又比較小 所以就打消念頭，又爬到benson的琴頸是比較薄的，所以對benson的吉他滿有興趣的，但是", "anonymousSchool": false, "anonymousDepartment": true, "pinned": false, "forumId": "885f988a-c7bf-4e24-a308-2560f8da8a0e", "replyId": null, "createdAt": "2020-02-03T15:48:20.953Z", "updatedAt": "2020-02-03T16:05:26.046Z", "commentCount": 2, "likeCount": 1, "withNickname": false, "tags": [], "topics": ["吉他"], "meta": {"layout": "classic"}, "forumName": "音樂", "forumAlias": "music", "gender": "F", "school": "國立成功大學", "replyTitle": null, "mediaMeta": [], "reactions": [{"id": "286f599c-f86a-4932-82f0-f5a06f1eca03", "count": 1}], "hidden": false, "customStyle": null, "isSuspiciousAccount": false, "layout": "classic", "withImages": false, "withVideos": false, "media": [], "reportReasonText": "", "postAvatar": ""}, {"id": 233007169, "title": "Ocean - James Andrew Black", "excerpt": "James Andrew Black的Ocean，第一次聽到是當兵的學弟帶到宿舍用CD隨身聽接電腦喇叭聽的；17年後我在異鄉用iPod接飯店的喇叭再次放著相同的音樂，眼睛一閉，過往的經歷一一浮現，有的", "anonymousSchool": false, "anonymousDepartment": false, "pinned": false, "forumId": "885f988a-c7bf-4e24-a308-2560f8da8a0e", "replyId": null, "createdAt": "2020-02-03T08:19:26.863Z", "updatedAt": "2020-02-03T08:19:26.863Z", "commentCount": 0, "likeCount": 1, "withNickname": true, "tags": [], "topics": ["newage"], "meta": {"layout": "classic"}, "forumName": "音樂", "forumAlias": "music", "gender": "M", "school": "威廉", "department": "william_chang21", "replyTitle": null, "mediaMeta": [{"id": "14cb4729-88b4-498c-8d70-bbd3d5a2c972", "url": "https://i.imgur.com/PCsjT8hl.jpg", "normalizedUrl": "https://i.imgur.com/PCsjT8hl.jpg", "thumbnail": "https://i.imgur.com/PCsjT8hl.jpg", "type": "image/thumbnail", "tags": ["ANNOTATED"], "createdAt": "2020-02-03T08:19:26.863Z", "updatedAt": "2020-02-03T08:19:26.863Z"}, {"id": "14cb4729-88b4-498c-8d70-bbd3d5a2c972", "url": "http://i.imgur.com/PCsjT8h.jpg", "normalizedUrl": "https://imgur.com/PCsjT8h", "thumbnail": "https://i.imgur.com/PCsjT8hl.jpg", "type": "image/imgur", "tags": ["ANNOTATED"], "createdAt": "2020-02-03T08:19:26.863Z", "updatedAt": "2020-02-03T08:19:26.863Z"}], "reactions": [{"id": "286f599c-f86a-4932-82f0-f5a06f1eca03", "count": 1}], "hidden": false, "customStyle": null, "isSuspiciousAccount": false, "layout": "classic", "withImages": true, "withVideos": false, "media": [{"url": "http://i.imgur.com/PCsjT8h.jpg"}], "reportReasonText": "", "postAvatar": ""}, {"id": 233006636, "title": "#找歌", "excerpt": "一首女生唱的，曲風很輕快，是有點甜甜的歌。以下是我聽到歌詞大概的樣子ㅠㅠ：搭哩搭哩嘟 搭哩搭哩嘟，～～～～（忘了），我 的臉 笑容般的XX 艷 陽天 捨不得XXX，搭哩滴哩 搭哩滴哩 永遠，拜託神人解", "anonymousSchool": false, "anonymousDepartment": false, "pinned": false, "forumId": "885f988a-c7bf-4e24-a308-2560f8da8a0e", "replyId": null, "createdAt": "2020-02-03T06:32:31.824Z", "updatedAt": "2020-02-03T06:35:42.007Z", "commentCount": 2, "likeCount": 1, "withNickname": true, "tags": ["HIDE_THUMBNAIL"], "topics": ["找歌", "中文歌", "歌詞"], "meta": {"layout": "classic"}, "forumName": "音樂", "forumAlias": "music", "gender": "F", "school": "Bonminluv", "department": "llym", "replyTitle": null, "mediaMeta": [], "reactions": [{"id": "286f599c-f86a-4932-82f0-f5a06f1eca03", "count": 1}], "hidden": false, "customStyle": null, "isSuspiciousAccount": false, "layout": "classic", "withImages": false, "withVideos": false, "media": [], "reportReasonText": "", "postAvatar": ""}, {"id": 233011966, "title": "請問有人在Manhattan School Of Music曼哈頓音樂院考過她校內辦的英文測驗嗎？", "excerpt": "想要聽聽考過的人述說一下內容大概是什麼，讓自己有一點心理準備。也想聽聽主修audition當天考試情況是怎麼樣。", "anonymousSchool": false, "anonymousDepartment": true, "pinned": false, "forumId": "885f988a-c7bf-4e24-a308-2560f8da8a0e", "replyId": null, "createdAt": "2020-02-03T21:05:06.310Z", "updatedAt": "2020-02-03T21:05:06.310Z", "commentCount": 0, "likeCount": 0, "withNickname": false, "tags": ["HIDE_THUMBNAIL"], "topics": ["英文", "測驗", "音樂"], "meta": {"layout": "classic"}, "forumName": "音樂", "forumAlias": "music", "gender": "F", "school": "國立高雄師範大學", "replyTitle": null, "mediaMeta": [], "reactions": [], "hidden": false, "customStyle": null, "isSuspiciousAccount": false, "layout": "classic", "withImages": false, "withVideos": false, "media": [], "reportReasonText": "", "postAvatar": ""}, {"id": 233011896, "title": "求歌名", "excerpt": "上班聽到一首英文歌很好聽但沒有錄到，有拍了她的mv畫面，想問有人知道嗎‍️‍️", "anonymousSchool": false, "anonymousDepartment": true, "pinned": false, "forumId": "885f988a-c7bf-4e24-a308-2560f8da8a0e", "replyId": null, "createdAt": "2020-02-03T20:10:20.917Z", "updatedAt": "2020-02-03T20:12:08.696Z", "commentCount": 0, "likeCount": 0, "withNickname": false, "tags": [], "topics": ["歌名", "找歌", "西洋音樂"], "meta": {"layout": "classic"}, "forumName": "音樂", "forumAlias": "music", "gender": "F", "school": "東吳大學", "replyTitle": null, "mediaMeta": [{"id": "ef3d4ca3-d261-4bd3-ac89-23ad78ab10cf", "url": "https://megapx-assets.dcard.tw/images/b737413d-4b59-41ed-8217-2cab3fe72da6/640.jpeg", "normalizedUrl": "https://megapx-assets.dcard.tw/images/b737413d-4b59-41ed-8217-2cab3fe72da6/640.jpeg", "thumbnail": "https://megapx-assets.dcard.tw/images/b737413d-4b59-41ed-8217-2cab3fe72da6/640.jpeg", "type": "image/thumbnail", "tags": ["ANNOTATED"], "createdAt": "2020-02-03T20:10:20.917Z", "updatedAt": "2020-02-03T20:12:08.696Z", "width": 480, "height": 640}, {"id": "ef3d4ca3-d261-4bd3-ac89-23ad78ab10cf", "url": "https://megapx-assets.dcard.tw/images/b737413d-4b59-41ed-8217-2cab3fe72da6/1280.jpeg", "normalizedUrl": "https://megapx.dcard.tw/v1/images/b737413d-4b59-41ed-8217-2cab3fe72da6", "thumbnail": "https://megapx-assets.dcard.tw/images/b737413d-4b59-41ed-8217-2cab3fe72da6/640.jpeg", "type": "image/megapx", "tags": ["ANNOTATED"], "createdAt": "2020-02-03T20:10:20.917Z", "updatedAt": "2020-02-03T20:12:08.696Z", "width": 1500, "height": 2000}], "reactions": [], "hidden": false, "customStyle": null, "isSuspiciousAccount": false, "layout": "classic", "withImages": true, "withVideos": false, "media": [{"url": "https://megapx-assets.dcard.tw/images/b737413d-4b59-41ed-8217-2cab3fe72da6/1280.jpeg"}], "reportReasonText": "", "postAvatar": ""}, {"id": 233011578, "title": "想見你 八三夭", "excerpt": "有沒有人有想見你的鋼琴譜？找了很多 有合成 升很多音的版本了，但想要找無升音的版本 有人有嗎？我只看到廷廷的窩有這個版本了..謝謝", "anonymousSchool": false, "anonymousDepartment": true, "pinned": false, "forumId": "885f988a-c7bf-4e24-a308-2560f8da8a0e", "replyId": null, "createdAt": "2020-02-03T18:17:01.264Z", "updatedAt": "2020-02-03T18:17:01.264Z", "commentCount": 0, "likeCount": 0, "withNickname": false, "tags": ["HIDE_THUMBNAIL"], "topics": ["想見你", "八三夭", "鋼琴Cover"], "meta": {"layout": "classic"}, "forumName": "音樂", "forumAlias": "music", "gender": "F", "school": "文藻外語大學", "replyTitle": null, "mediaMeta": [], "reactions": [], "hidden": false, "customStyle": null, "isSuspiciousAccount": false, "layout": "classic", "withImages": false, "withVideos": false, "media": [], "reportReasonText": "", "postAvatar": ""}, {"id": 233010736, "title": "求救 請問歌名", "excerpt": "突然想到一首日文歌 然後完全忘記歌名，有 i my me mine這幾個英文 然後應該算樂團吧？不是韓團4 minutes的 請問有人知道嗎？", "anonymousSchool": false, "anonymousDepartment": true, "pinned": false, "forumId": "885f988a-c7bf-4e24-a308-2560f8da8a0e", "replyId": null, "createdAt": "2020-02-03T16:10:45.250Z", "updatedAt": "2020-02-03T16:10:45.250Z", "commentCount": 0, "likeCount": 0, "withNickname": false, "tags": [], "topics": ["歌名"], "meta": {"layout": "classic"}, "forumName": "音樂", "forumAlias": "music", "gender": "F", "school": "銘傳大學", "replyTitle": null, "mediaMeta": [], "reactions": [], "hidden": false, "customStyle": null, "isSuspiciousAccount": false, "layout": "classic", "withImages": false, "withVideos": false, "media": [], "reportReasonText": "", "postAvatar": ""}, {"id": 233009198, "title": "spotify隨機播放問題", "excerpt": "前幾天剛買spotify premium，不知道是不太會用還是spotify的問題，我只要在歌手的介面按隨機播放，播放佇列就會重複排同樣的歌，想求解  拜託各位ㄌ", "anonymousSchool": false, "anonymousDepartment": true, "pinned": false, "forumId": "885f988a-c7bf-4e24-a308-2560f8da8a0e", "replyId": null, "createdAt": "2020-02-03T13:03:39.654Z", "updatedAt": "2020-02-03T13:03:39.654Z", "commentCount": 0, "likeCount": 0, "withNickname": false, "tags": [], "topics": ["音樂", "Spotify", "App"], "meta": {"layout": "classic"}, "forumName": "音樂", "forumAlias": "music", "gender": "M", "school": "國立虎尾科技大學", "replyTitle": null, "mediaMeta": [{"id": "0f894703-9130-4f0c-8455-ca7573558b33", "url": "https://i.imgur.com/wAJ17UMl.jpg", "normalizedUrl": "https://i.imgur.com/wAJ17UMl.jpg", "thumbnail": "https://i.imgur.com/wAJ17UMl.jpg", "type": "image/thumbnail", "tags": ["ANNOTATED"], "createdAt": "2020-02-03T13:03:39.654Z", "updatedAt": "2020-02-03T13:03:39.654Z"}, {"id": "0f894703-9130-4f0c-8455-ca7573558b33", "url": "https://i.imgur.com/wAJ17UM.jpg", "normalizedUrl": "https://imgur.com/wAJ17UM", "thumbnail": "https://i.imgur.com/wAJ17UMl.jpg", "type": "image/imgur", "tags": ["ANNOTATED"], "createdAt": "2020-02-03T13:03:39.654Z", "updatedAt": "2020-02-03T13:03:39.654Z"}, {"id": "5fcfe602-29a3-4d23-b291-06e28ef01c84", "url": "https://i.imgur.com/iW1Zl7I.jpg", "normalizedUrl": "https://imgur.com/iW1Zl7I", "thumbnail": "https://i.imgur.com/iW1Zl7Il.jpg", "type": "image/imgur", "tags": ["ANNOTATED"], "createdAt": "2020-02-03T13:03:39.654Z", "updatedAt": "2020-02-03T13:03:39.654Z"}, {"id": "1b6af995-88a7-4a12-8375-95521f9ae3d3", "url": "https://i.imgur.com/FKcxd5q.jpg", "normalizedUrl": "https://imgur.com/FKcxd5q", "thumbnail": "https://i.imgur.com/FKcxd5ql.jpg", "type": "image/imgur", "tags": ["ANNOTATED"], "createdAt": "2020-02-03T13:03:39.654Z", "updatedAt": "2020-02-03T13:03:39.654Z"}], "reactions": [], "hidden": false, "customStyle": null, "isSuspiciousAccount": false, "layout": "classic", "withImages": true, "withVideos": false, "media": [{"url": "https://i.imgur.com/wAJ17UM.jpg"}, {"url": "https://i.imgur.com/iW1Zl7I.jpg"}, {"url": "https://i.imgur.com/FKcxd5q.jpg"}], "reportReasonText": "", "postAvatar": ""}, {"id": 233008773, "title": "找和Rihanna相似的歌", "excerpt": "最近喜歡聽Rihanna以前的歌，例如：Disturbia（MV好驚悚啊啊）、S&M、Don't stop the music，想請問一下有沒有和這些相似、推薦的歌呢？然後是說她的Answer和Ne-", "anonymousSchool": false, "anonymousDepartment": true, "pinned": false, "forumId": "885f988a-c7bf-4e24-a308-2560f8da8a0e", "replyId": null, "createdAt": "2020-02-03T11:54:56.478Z", "updatedAt": "2020-02-03T11:54:56.478Z", "commentCount": 0, "likeCount": 0, "withNickname": false, "tags": [], "topics": ["找歌", "音樂", "西洋音樂"], "meta": {"layout": "classic"}, "forumName": "音樂", "forumAlias": "music", "gender": "F", "school": "輔仁大學", "replyTitle": null, "mediaMeta": [{"id": "e188a96d-cce4-4317-a36a-74d3611ccdc5", "url": "https://img.youtube.com/vi/E1mU6h4Xdxc/hqdefault.jpg", "normalizedUrl": "https://img.youtube.com/vi/E1mU6h4Xdxc/hqdefault.jpg", "thumbnail": "https://img.youtube.com/vi/E1mU6h4Xdxc/hqdefault.jpg", "type": "image/thumbnail", "tags": ["ANNOTATED"], "createdAt": "2020-02-03T11:54:56.478Z", "updatedAt": "2020-02-03T11:54:56.478Z"}, {"id": "e188a96d-cce4-4317-a36a-74d3611ccdc5", "url": "https://www.youtube.com/watch?v=E1mU6h4Xdxc", "normalizedUrl": "https://www.youtube.com/watch?v=E1mU6h4Xdxc", "thumbnail": "https://img.youtube.com/vi/E1mU6h4Xdxc/hqdefault.jpg", "type": "video/youtube", "tags": ["ANNOTATED"], "createdAt": "2020-02-03T11:54:56.478Z", "updatedAt": "2020-02-03T11:54:56.478Z"}, {"id": "c31191fa-084a-40cc-99f3-2bf1ba103a47", "url": "https://www.youtube.com/watch?v=Ce2_k0LaE7E", "normalizedUrl": "https://www.youtube.com/watch?v=Ce2_k0LaE7E", "thumbnail": "https://img.youtube.com/vi/Ce2_k0LaE7E/hqdefault.jpg", "type": "video/youtube", "tags": ["ANNOTATED"], "createdAt": "2020-02-03T11:54:56.478Z", "updatedAt": "2020-02-03T11:54:56.478Z"}, {"id": "1a025f7d-b3a9-42ee-8e95-d2219361957e", "url": "https://www.youtube.com/watch?v=aH6qFzIp_6Y", "normalizedUrl": "https://www.youtube.com/watch?v=aH6qFzIp_6Y", "thumbnail": "https://img.youtube.com/vi/aH6qFzIp_6Y/hqdefault.jpg", "type": "video/youtube", "tags": ["ANNOTATED"], "createdAt": "2020-02-03T11:54:56.478Z", "updatedAt": "2020-02-03T11:54:56.478Z"}, {"id": "1fd38ba5-2f2f-4b7b-9f4d-404f7f6404ad", "url": "https://www.youtube.com/watch?v=IxszlJppRQI", "normalizedUrl": "https://www.youtube.com/watch?v=IxszlJppRQI", "thumbnail": "https://img.youtube.com/vi/IxszlJppRQI/hqdefault.jpg", "type": "video/youtube", "tags": ["ANNOTATED"], "createdAt": "2020-02-03T11:54:56.478Z", "updatedAt": "2020-02-03T11:54:56.478Z"}], "reactions": [], "hidden": false, "customStyle": null, "isSuspiciousAccount": false, "layout": "classic", "withImages": false, "withVideos": false, "media": [], "reportReasonText": "", "postAvatar": ""}, {"id": 233007075, "title": "音樂求救", "excerpt": "請問有人知道怎麼用這個嗎，我想要把音樂轉送到本地音樂", "anonymousSchool": false, "anonymousDepartment": true, "pinned": false, "forumId": "885f988a-c7bf-4e24-a308-2560f8da8a0e", "replyId": null, "createdAt": "2020-02-03T08:01:56.167Z", "updatedAt": "2020-02-03T08:01:56.167Z", "commentCount": 0, "likeCount": 0, "withNickname": false, "tags": [], "topics": ["音樂"], "meta": {"layout": "classic"}, "forumName": "音樂", "forumAlias": "music", "gender": "M", "school": "萬能科技大學", "replyTitle": null, "mediaMeta": [{"id": "c8d958d2-39b9-4875-8ce7-96c3b2e8be38", "url": "https://megapx-assets.dcard.tw/images/c01c9876-40af-453a-8754-6fe3e19cbedc/640.jpeg", "normalizedUrl": "https://megapx-assets.dcard.tw/images/c01c9876-40af-453a-8754-6fe3e19cbedc/640.jpeg", "thumbnail": "https://megapx-assets.dcard.tw/images/c01c9876-40af-453a-8754-6fe3e19cbedc/640.jpeg", "type": "image/thumbnail", "tags": [], "createdAt": "2020-02-03T08:01:56.167Z", "updatedAt": "2020-02-03T08:01:56.167Z", "width": 360, "height": 640}, {"id": "c8d958d2-39b9-4875-8ce7-96c3b2e8be38", "url": "https://megapx-assets.dcard.tw/images/c01c9876-40af-453a-8754-6fe3e19cbedc/1280.jpeg", "normalizedUrl": "https://megapx.dcard.tw/v1/images/c01c9876-40af-453a-8754-6fe3e19cbedc", "thumbnail": "https://megapx-assets.dcard.tw/images/c01c9876-40af-453a-8754-6fe3e19cbedc/640.jpeg", "type": "image/megapx", "tags": [], "createdAt": "2020-02-03T08:01:56.167Z", "updatedAt": "2020-02-03T08:01:56.167Z", "width": 1125, "height": 2000}], "reactions": [], "hidden": false, "customStyle": null, "isSuspiciousAccount": false, "layout": "classic", "withImages": true, "withVideos": false, "media": [{"url": "https://megapx-assets.dcard.tw/images/c01c9876-40af-453a-8754-6fe3e19cbedc/1280.jpeg"}], "reportReasonText": "", "postAvatar": ""}, {"id": 233007027, "title": "尋找北管的同學及夥伴", "excerpt": "我們不是什麼北管軒社，目前有大約五名夥伴一起玩北管，五位同學目前都在讀不一樣的大學，（北藝大、中山大、高科大、南臺科大），我們也沒有正式的團體，所以在廟會上幾乎看不到我們，我們是各個同學在課後的閒暇，", "anonymousSchool": false, "anonymousDepartment": false, "pinned": false, "forumId": "885f988a-c7bf-4e24-a308-2560f8da8a0e", "replyId": null, "createdAt": "2020-02-03T07:54:14.229Z", "updatedAt": "2020-02-03T08:13:52.306Z", "commentCount": 0, "likeCount": 0, "withNickname": true, "tags": [], "topics": ["北管", "廟會", "陣頭", "台南", "高雄"], "meta": {"layout": "classic"}, "forumName": "音樂", "forumAlias": "music", "gender": "M", "school": "極權主宰北極熊", "department": "xz8869869", "replyTitle": null, "mediaMeta": [{"id": "312a3e89-8d50-4a2f-9bcb-3515f20c3695", "url": "https://i.imgur.com/MD3ktCnl.jpg", "normalizedUrl": "https://i.imgur.com/MD3ktCnl.jpg", "thumbnail": "https://i.imgur.com/MD3ktCnl.jpg", "type": "image/thumbnail", "tags": ["ANNOTATED"], "createdAt": "2020-02-03T07:54:14.229Z", "updatedAt": "2020-02-03T08:13:52.306Z"}, {"id": "312a3e89-8d50-4a2f-9bcb-3515f20c3695", "url": "https://i.imgur.com/MD3ktCn.jpg", "normalizedUrl": "https://imgur.com/MD3ktCn", "thumbnail": "https://i.imgur.com/MD3ktCnl.jpg", "type": "image/imgur", "tags": ["ANNOTATED"], "createdAt": "2020-02-03T07:54:14.229Z", "updatedAt": "2020-02-03T08:13:52.306Z"}, {"id": "35a15335-7adf-4353-a43c-a8835dcfbb53", "url": "https://i.imgur.com/HXFNgPS.jpg", "normalizedUrl": "https://imgur.com/HXFNgPS", "thumbnail": "https://i.imgur.com/HXFNgPSl.jpg", "type": "image/imgur", "tags": ["ANNOTATED"], "createdAt": "2020-02-03T07:54:14.229Z", "updatedAt": "2020-02-03T08:13:52.306Z"}, {"id": "232e5345-fe4a-49f0-b905-a62827f3e289", "url": "https://i.imgur.com/41y9qKx.jpg", "normalizedUrl": "https://imgur.com/41y9qKx", "thumbnail": "https://i.imgur.com/41y9qKxl.jpg", "type": "image/imgur", "tags": ["ANNOTATED"], "createdAt": "2020-02-03T07:54:14.229Z", "updatedAt": "2020-02-03T08:13:52.306Z"}, {"id": "8e1551e6-c2db-475f-92ca-1224c7568e25", "url": "https://i.imgur.com/fFxzSkq.jpg", "normalizedUrl": "https://imgur.com/fFxzSkq", "thumbnail": "https://i.imgur.com/fFxzSkql.jpg", "type": "image/imgur", "tags": ["ANNOTATED"], "createdAt": "2020-02-03T07:54:14.229Z", "updatedAt": "2020-02-03T08:13:52.306Z"}], "reactions": [], "hidden": false, "customStyle": null, "isSuspiciousAccount": false, "layout": "classic", "withImages": true, "withVideos": false, "media": [{"url": "https://i.imgur.com/MD3ktCn.jpg"}, {"url": "https://i.imgur.com/HXFNgPS.jpg"}, {"url": "https://i.imgur.com/41y9qKx.jpg"}, {"url": "https://i.imgur.com/fFxzSkq.jpg"}], "reportReasonText": "", "postAvatar": ""}, {"id": 233004998, "title": "92914-koh 找類似的歌", "excerpt": "想問板上有沒有人聽過這首93914的koh （  ），我想找到跟它副歌很像的一首歌，但是我完全沒有任何線索。只知道 右聲道每四拍重複兩次的，類似「吉他聲」的那個編曲很像！", "anonymousSchool": false, "anonymousDepartment": false, "pinned": false, "forumId": "885f988a-c7bf-4e24-a308-2560f8da8a0e", "replyId": null, "createdAt": "2020-02-02T19:21:18.516Z", "updatedAt": "2020-02-02T19:22:46.684Z", "commentCount": 0, "likeCount": 0, "withNickname": false, "tags": [], "topics": ["找歌", "音樂", "西洋音樂", "獨立音樂", "英文歌"], "meta": {"layout": "classic"}, "forumName": "音樂", "forumAlias": "music", "gender": "M", "school": "中國文化大學", "department": "廣告學系", "replyTitle": null, "mediaMeta": [{"id": "cbe90354-c8a0-434c-a37b-8b1cb62b825d", "url": "https://img.youtube.com/vi/5ql-79tQiR0/hqdefault.jpg", "normalizedUrl": "https://img.youtube.com/vi/5ql-79tQiR0/hqdefault.jpg", "thumbnail": "https://img.youtube.com/vi/5ql-79tQiR0/hqdefault.jpg", "type": "image/thumbnail", "tags": ["ANNOTATED"], "createdAt": "2020-02-02T19:22:46.684Z", "updatedAt": "2020-02-02T19:22:46.684Z"}, {"id": "cbe90354-c8a0-434c-a37b-8b1cb62b825d", "url": "https://youtu.be/5ql-79tQiR0", "normalizedUrl": "https://www.youtube.com/watch?v=5ql-79tQiR0", "thumbnail": "https://img.youtube.com/vi/5ql-79tQiR0/hqdefault.jpg", "type": "video/youtube", "tags": ["ANNOTATED"], "createdAt": "2020-02-02T19:22:46.684Z", "updatedAt": "2020-02-02T19:22:46.684Z"}], "reactions": [], "hidden": false, "customStyle": null, "isSuspiciousAccount": false, "layout": "classic", "withImages": false, "withVideos": false, "media": [], "reportReasonText": "", "postAvatar": ""}, {"id": 233004701, "title": "求開頭背景音樂🎵", "excerpt": "如題，求開頭背景音樂，常常看到記者用這首歌當背景音樂，但都找不到歌曲，（（新聞內容就略過⋯，祝大家身體健康", "anonymousSchool": false, "anonymousDepartment": true, "pinned": false, "forumId": "885f988a-c7bf-4e24-a308-2560f8da8a0e", "replyId": null, "createdAt": "2020-02-02T18:03:36.277Z", "updatedAt": "2020-02-02T18:03:36.277Z", "commentCount": 1, "likeCount": 0, "withNickname": false, "tags": ["HIDE_THUMBNAIL"], "topics": ["背景音樂", "找歌", "西洋音樂"], "meta": {"layout": "classic"}, "forumName": "音樂", "forumAlias": "music", "gender": "F", "school": "臺北城市科技大學", "replyTitle": null, "mediaMeta": [{"id": "54194cb2-cf89-4f88-ad0e-fac59aa664f0", "url": "https://www.facebook.com/MomsoupFairchild/videos/135864120840101/?vh=e", "normalizedUrl": "", "thumbnail": "https://scontent-hkg3-1.xx.fbcdn.net/v/t15.13418-10/p200x200/71777086_1429158417261424_4589544693217361920_n.jpeg?_nc_cat=100&_nc_ohc=upSD8Ofx6RsAX8O6i3X&_nc_ht=scontent-hkg3-1.xx&oh=e7d909f2e439e16410930079f7dd04a6&oe=5ECF6A35", "type": "video/facebook", "tags": [], "createdAt": "2020-02-02T18:03:36.277Z", "updatedAt": "2020-02-02T18:03:36.277Z"}], "reactions": [], "hidden": false, "customStyle": null, "isSuspiciousAccount": false, "layout": "classic", "withImages": false, "withVideos": false, "media": [], "reportReasonText": "", "postAvatar": ""}, {"id": 233004567, "title": "阿傑的影片片尾歌", "excerpt": "這是阿傑vlog常常用到的歌，覺得蠻好聽的，請問一下這首歌名是什麼 找好久了都找不到", "anonymousSchool": false, "anonymousDepartment": true, "pinned": false, "forumId": "885f988a-c7bf-4e24-a308-2560f8da8a0e", "replyId": null, "createdAt": "2020-02-02T17:37:50.233Z", "updatedAt": "2020-02-02T17:37:50.233Z", "commentCount": 0, "likeCount": 0, "withNickname": false, "tags": ["HIDE_THUMBNAIL"], "topics": ["阿傑"], "meta": {"layout": "classic"}, "forumName": "音樂", "forumAlias": "music", "gender": "M", "school": "國立雲林科技大學", "replyTitle": null, "mediaMeta": [{"id": "2e3a07b6-3b47-4504-ade8-b4b4fa0bc916", "url": "https://www.dcard.tw/v2/vivid/videos/341b26dd-28b4-4d49-bd3a-6ea7e1a04831?r=0.55625", "normalizedUrl": "", "thumbnail": "https://vivid.dcard.tw/Public/341b26dd-28b4-4d49-bd3a-6ea7e1a04831/thumbnail.jpg", "type": "video/vivid", "tags": ["ANNOTATED_FAILED"], "createdAt": "2020-02-02T17:37:50.233Z", "updatedAt": "2020-02-02T17:37:50.233Z"}], "reactions": [], "hidden": false, "customStyle": null, "isSuspiciousAccount": false, "layout": "classic", "withImages": true, "withVideos": true, "media": [], "reportReasonText": "", "postAvatar": ""}]