[{"id": 233006551, "title": "小牢騷", "excerpt": "最近家裡有些事情，所以準備辦學貸了，我是自願的 不希望父母壓力太大，自己也有在打工，只是聽到兩三個人說，你們國立學費應該還好吧，怎麼會繳不出來呢，我當下真的好想哭，這也不是我們家自願的啊，當初爺爺那輩", "anonymousSchool": false, "anonymousDepartment": true, "pinned": false, "forumId": "abc4fa45-a456-49c6-8948-8981ad0b0f97", "replyId": null, "createdAt": "2020-02-03T06:12:35.903Z", "updatedAt": "2020-02-03T06:12:35.903Z", "commentCount": 17, "likeCount": 68, "withNickname": false, "tags": ["HIDE_THUMBNAIL"], "topics": ["開學", "成大", "QQ"], "meta": {"layout": "classic"}, "forumName": "成功大學", "forumAlias": "ncku", "gender": "F", "school": "國立成功大學", "replyTitle": null, "mediaMeta": [], "reactions": [{"id": "286f599c-f86a-4932-82f0-f5a06f1eca03", "count": 64}, {"id": "514c2569-fd53-4d9d-a415-bf0f88e7329f", "count": 4}], "hidden": false, "customStyle": null, "isSuspiciousAccount": false, "layout": "classic", "withImages": false, "withVideos": false, "media": [], "reportReasonText": "", "postAvatar": ""}, {"id": 233007049, "title": "學店ㄟ", "excerpt": "都學店在延後開學，補字補字補字補字", "anonymousSchool": false, "anonymousDepartment": true, "pinned": false, "forumId": "abc4fa45-a456-49c6-8948-8981ad0b0f97", "replyId": null, "createdAt": "2020-02-03T07:57:49.694Z", "updatedAt": "2020-02-03T07:57:49.694Z", "commentCount": 4, "likeCount": 18, "withNickname": false, "tags": [], "topics": [], "meta": {"layout": "classic"}, "forumName": "成功大學", "forumAlias": "ncku", "gender": "F", "school": "國立成功大學", "replyTitle": null, "mediaMeta": [{"id": "0e071293-8544-469f-a95b-6fc5998b679c", "url": "https://i.imgur.com/6joOO9Dl.jpg", "normalizedUrl": "https://i.imgur.com/6joOO9Dl.jpg", "thumbnail": "https://i.imgur.com/6joOO9Dl.jpg", "type": "image/thumbnail", "tags": ["ANNOTATED"], "createdAt": "2020-02-03T07:57:49.694Z", "updatedAt": "2020-02-03T07:57:49.694Z"}, {"id": "0e071293-8544-469f-a95b-6fc5998b679c", "url": "https://i.imgur.com/6joOO9D.jpg", "normalizedUrl": "https://imgur.com/6joOO9D", "thumbnail": "https://i.imgur.com/6joOO9Dl.jpg", "type": "image/imgur", "tags": ["ANNOTATED"], "createdAt": "2020-02-03T07:57:49.694Z", "updatedAt": "2020-02-03T07:57:49.694Z"}], "reactions": [{"id": "286f599c-f86a-4932-82f0-f5a06f1eca03", "count": 18}], "hidden": false, "customStyle": null, "isSuspiciousAccount": false, "layout": "classic", "withImages": true, "withVideos": false, "media": [{"url": "https://i.imgur.com/6joOO9D.jpg"}], "reportReasonText": "", "postAvatar": ""}, {"id": 233009859, "title": "成大附近可養寵物套房", "excerpt": "請問大家知道附近哪裡有可以養貓的套房嗎，謝謝～", "anonymousSchool": false, "anonymousDepartment": true, "pinned": false, "forumId": "abc4fa45-a456-49c6-8948-8981ad0b0f97", "replyId": null, "createdAt": "2020-02-03T14:29:14.231Z", "updatedAt": "2020-02-03T14:29:14.231Z", "commentCount": 5, "likeCount": 10, "withNickname": false, "tags": [], "topics": [], "meta": {"layout": "classic"}, "forumName": "成功大學", "forumAlias": "ncku", "gender": "M", "school": "國立成功大學", "replyTitle": null, "mediaMeta": [{"id": "9221dcc2-c704-4b07-ba0d-11c7415bfe53", "url": "https://i.imgur.com/k6DNA5rl.jpg", "normalizedUrl": "https://i.imgur.com/k6DNA5rl.jpg", "thumbnail": "https://i.imgur.com/k6DNA5rl.jpg", "type": "image/thumbnail", "tags": ["ANNOTATED"], "createdAt": "2020-02-03T14:29:14.231Z", "updatedAt": "2020-02-03T14:29:14.231Z"}, {"id": "9221dcc2-c704-4b07-ba0d-11c7415bfe53", "url": "https://i.imgur.com/k6DNA5r.jpg", "normalizedUrl": "https://imgur.com/k6DNA5r", "thumbnail": "https://i.imgur.com/k6DNA5rl.jpg", "type": "image/imgur", "tags": ["ANNOTATED"], "createdAt": "2020-02-03T14:29:14.231Z", "updatedAt": "2020-02-03T14:29:14.231Z"}], "reactions": [{"id": "286f599c-f86a-4932-82f0-f5a06f1eca03", "count": 10}], "hidden": false, "customStyle": null, "isSuspiciousAccount": false, "layout": "classic", "withImages": true, "withVideos": false, "media": [{"url": "https://i.imgur.com/k6DNA5r.jpg"}], "reportReasonText": "", "postAvatar": ""}, {"id": 233009587, "title": "育樂街水果", "excerpt": "為什麼每次看到育樂街靠近紅綠燈那邊（屈臣氏）旁邊人都很多，可是我吃巷子裡的（大夯牛排巷子外面那個）感覺比較新鮮也比較甜，量感覺他們兩家也差不多，可是為什麼都是第一間比較多人？而且大夯外面那個還可以累積", "anonymousSchool": false, "anonymousDepartment": true, "pinned": false, "forumId": "abc4fa45-a456-49c6-8948-8981ad0b0f97", "replyId": null, "createdAt": "2020-02-03T13:55:44.481Z", "updatedAt": "2020-02-03T13:55:44.481Z", "commentCount": 8, "likeCount": 9, "withNickname": false, "tags": [], "topics": ["水果", "成大"], "meta": {"layout": "classic"}, "forumName": "成功大學", "forumAlias": "ncku", "gender": "M", "school": "國立成功大學", "replyTitle": null, "mediaMeta": [], "reactions": [{"id": "286f599c-f86a-4932-82f0-f5a06f1eca03", "count": 9}], "hidden": false, "customStyle": null, "isSuspiciousAccount": false, "layout": "classic", "withImages": false, "withVideos": false, "media": [], "reportReasonText": "", "postAvatar": ""}, {"id": 233007299, "title": "大家一起放", "excerpt": "如題，成大偷跑正確，補字補字補字補字", "anonymousSchool": false, "anonymousDepartment": false, "pinned": false, "forumId": "abc4fa45-a456-49c6-8948-8981ad0b0f97", "replyId": null, "createdAt": "2020-02-03T08:34:09.232Z", "updatedAt": "2020-02-03T08:34:09.232Z", "commentCount": 6, "likeCount": 9, "withNickname": false, "tags": [], "topics": ["成大"], "meta": {"layout": "classic"}, "forumName": "成功大學", "forumAlias": "ncku", "gender": "M", "school": "國立成功大學", "department": "臺灣文學系", "replyTitle": null, "mediaMeta": [], "reactions": [{"id": "286f599c-f86a-4932-82f0-f5a06f1eca03", "count": 9}], "hidden": false, "customStyle": null, "isSuspiciousAccount": false, "layout": "classic", "withImages": false, "withVideos": false, "media": [], "reportReasonText": "", "postAvatar": ""}, {"id": 233008077, "title": "因武漢肺炎被爽約", "excerpt": "如題，我和一個男森盆友很久之前就約好一起出去，結果到赴約前一天，他說因為現在武漢肺炎是非常時期，所以還是不要先出門的好QQ，我就說好吧QQ，他484其實沒有很想跟我出去才找理由ㄚ，最好是有那麼恐慌啦ㄇ", "anonymousSchool": false, "anonymousDepartment": true, "pinned": false, "forumId": "abc4fa45-a456-49c6-8948-8981ad0b0f97", "replyId": null, "createdAt": "2020-02-03T10:11:37.493Z", "updatedAt": "2020-02-03T10:11:37.493Z", "commentCount": 10, "likeCount": 8, "withNickname": false, "tags": ["HIDE_THUMBNAIL"], "topics": [], "meta": {"layout": "classic"}, "forumName": "成功大學", "forumAlias": "ncku", "gender": "F", "school": "國立成功大學", "replyTitle": null, "mediaMeta": [], "reactions": [{"id": "286f599c-f86a-4932-82f0-f5a06f1eca03", "count": 8}], "hidden": false, "customStyle": null, "isSuspiciousAccount": false, "layout": "classic", "withImages": false, "withVideos": false, "media": [], "reportReasonText": "", "postAvatar": ""}, {"id": 233007710, "title": "全國大專院校開學統一延至3/2", "excerpt": "還是我們小蘇的慧眼英明，學店全跟上", "anonymousSchool": false, "anonymousDepartment": true, "pinned": false, "forumId": "abc4fa45-a456-49c6-8948-8981ad0b0f97", "replyId": null, "createdAt": "2020-02-03T09:21:22.555Z", "updatedAt": "2020-02-03T09:21:22.555Z", "commentCount": 2, "likeCount": 8, "withNickname": false, "tags": [], "topics": ["成大", "開學", "蘇慧貞"], "meta": {"layout": "classic"}, "forumName": "成功大學", "forumAlias": "ncku", "gender": "M", "school": "國立成功大學", "replyTitle": null, "mediaMeta": [{"id": "f6bbab5a-b579-40a2-9721-aa0468195942", "url": "https://megapx-assets.dcard.tw/images/5e68fe81-9676-4ec5-978f-de3bf2e2be01/640.jpeg", "normalizedUrl": "https://megapx-assets.dcard.tw/images/5e68fe81-9676-4ec5-978f-de3bf2e2be01/640.jpeg", "thumbnail": "https://megapx-assets.dcard.tw/images/5e68fe81-9676-4ec5-978f-de3bf2e2be01/640.jpeg", "type": "image/thumbnail", "tags": ["ANNOTATED"], "createdAt": "2020-02-03T09:21:22.555Z", "updatedAt": "2020-02-03T09:21:22.555Z", "width": 640, "height": 640}, {"id": "f6bbab5a-b579-40a2-9721-aa0468195942", "url": "https://megapx-assets.dcard.tw/images/5e68fe81-9676-4ec5-978f-de3bf2e2be01/full.jpeg", "normalizedUrl": "https://megapx.dcard.tw/v1/images/5e68fe81-9676-4ec5-978f-de3bf2e2be01", "thumbnail": "https://megapx-assets.dcard.tw/images/5e68fe81-9676-4ec5-978f-de3bf2e2be01/640.jpeg", "type": "image/megapx", "tags": ["ANNOTATED"], "createdAt": "2020-02-03T09:21:22.555Z", "updatedAt": "2020-02-03T09:21:22.555Z", "width": 960, "height": 960}], "reactions": [{"id": "286f599c-f86a-4932-82f0-f5a06f1eca03", "count": 8}], "hidden": false, "customStyle": null, "isSuspiciousAccount": false, "layout": "classic", "withImages": true, "withVideos": false, "media": [{"url": "https://megapx-assets.dcard.tw/images/5e68fe81-9676-4ec5-978f-de3bf2e2be01/full.jpeg"}], "reportReasonText": "", "postAvatar": ""}, {"id": 233006210, "title": "排名什麼時候出來", "excerpt": "成績都出來啦，排名什麼時候出來啦><，還是不會有？……", "anonymousSchool": false, "anonymousDepartment": true, "pinned": false, "forumId": "abc4fa45-a456-49c6-8948-8981ad0b0f97", "replyId": null, "createdAt": "2020-02-03T04:55:33.408Z", "updatedAt": "2020-02-03T04:55:33.408Z", "commentCount": 4, "likeCount": 8, "withNickname": false, "tags": [], "topics": ["成大", "排名"], "meta": {"layout": "classic"}, "forumName": "成功大學", "forumAlias": "ncku", "gender": "M", "school": "國立成功大學", "replyTitle": null, "mediaMeta": [], "reactions": [{"id": "286f599c-f86a-4932-82f0-f5a06f1eca03", "count": 8}], "hidden": false, "customStyle": null, "isSuspiciousAccount": false, "layout": "classic", "withImages": false, "withVideos": false, "media": [], "reportReasonText": "", "postAvatar": ""}, {"id": 233006580, "title": "問課 電子學(二)", "excerpt": "想請問電機系大二必修，電子學（二），乙班-李順裕老師，的上課方式，評分方式等等，有爬過文了但似乎找不太到資訊…，感謝~", "anonymousSchool": false, "anonymousDepartment": true, "pinned": false, "forumId": "abc4fa45-a456-49c6-8948-8981ad0b0f97", "replyId": null, "createdAt": "2020-02-03T06:20:51.081Z", "updatedAt": "2020-02-03T06:20:51.081Z", "commentCount": 11, "likeCount": 7, "withNickname": false, "tags": [], "topics": ["問課", "電子學", "成大"], "meta": {"layout": "classic"}, "forumName": "成功大學", "forumAlias": "ncku", "gender": "M", "school": "國立成功大學", "replyTitle": null, "mediaMeta": [], "reactions": [{"id": "286f599c-f86a-4932-82f0-f5a06f1eca03", "count": 7}], "hidden": false, "customStyle": null, "isSuspiciousAccount": false, "layout": "classic", "withImages": false, "withVideos": false, "media": [], "reportReasonText": "", "postAvatar": ""}, {"id": 233005315, "title": "防範嚴重特殊緊急肺炎（武漢肺炎）擴散，請全校及訪客填寫本健康關懷問卷。", "excerpt": "敬致全校教職員生，為了解您的健康，作為本校安排各項防疫作為，以防範嚴重特殊緊急肺炎（武漢肺炎）擴散，請全校及訪客填寫本健康關懷問卷。本校人員以成功入口帳號進入填寫，訪客首次登入帳號為身分證/護照號，密", "anonymousSchool": false, "anonymousDepartment": true, "pinned": false, "forumId": "abc4fa45-a456-49c6-8948-8981ad0b0f97", "replyId": null, "createdAt": "2020-02-03T00:14:08.670Z", "updatedAt": "2020-02-03T00:14:08.670Z", "commentCount": 1, "likeCount": 7, "withNickname": false, "tags": [], "topics": ["肺炎", "健康", "全校", "武漢", "問卷"], "meta": {"layout": "classic"}, "forumName": "成功大學", "forumAlias": "ncku", "gender": "M", "school": "國立成功大學", "replyTitle": null, "mediaMeta": [], "reactions": [{"id": "286f599c-f86a-4932-82f0-f5a06f1eca03", "count": 7}], "hidden": false, "customStyle": null, "isSuspiciousAccount": false, "layout": "classic", "withImages": false, "withVideos": false, "media": [], "reportReasonText": "", "postAvatar": ""}, {"id": 233009320, "title": "買口罩制度", "excerpt": "想問各位對於這個的看法，補字補字補補補補補", "anonymousSchool": false, "anonymousDepartment": true, "pinned": false, "forumId": "abc4fa45-a456-49c6-8948-8981ad0b0f97", "replyId": null, "createdAt": "2020-02-03T13:20:35.642Z", "updatedAt": "2020-02-03T13:20:35.642Z", "commentCount": 15, "likeCount": 6, "withNickname": false, "tags": [], "topics": ["口罩", "成大", "問卦", "廢文", "嘻嘻"], "meta": {"layout": "classic"}, "forumName": "成功大學", "forumAlias": "ncku", "gender": "M", "school": "國立成功大學", "replyTitle": null, "mediaMeta": [{"id": "c1030130-2b81-4d4e-9fa3-f45e9c90b720", "url": "https://megapx-assets.dcard.tw/images/c86add6d-9516-420f-910f-e5507ca78692/640.jpeg", "normalizedUrl": "https://megapx-assets.dcard.tw/images/c86add6d-9516-420f-910f-e5507ca78692/640.jpeg", "thumbnail": "https://megapx-assets.dcard.tw/images/c86add6d-9516-420f-910f-e5507ca78692/640.jpeg", "type": "image/thumbnail", "tags": [], "createdAt": "2020-02-03T13:20:35.642Z", "updatedAt": "2020-02-03T13:20:35.642Z", "width": 640, "height": 640}, {"id": "c1030130-2b81-4d4e-9fa3-f45e9c90b720", "url": "https://megapx-assets.dcard.tw/images/c86add6d-9516-420f-910f-e5507ca78692/full.jpeg", "normalizedUrl": "https://megapx.dcard.tw/v1/images/c86add6d-9516-420f-910f-e5507ca78692", "thumbnail": "https://megapx-assets.dcard.tw/images/c86add6d-9516-420f-910f-e5507ca78692/640.jpeg", "type": "image/megapx", "tags": [], "createdAt": "2020-02-03T13:20:35.642Z", "updatedAt": "2020-02-03T13:20:35.642Z", "width": 960, "height": 960}], "reactions": [{"id": "286f599c-f86a-4932-82f0-f5a06f1eca03", "count": 6}], "hidden": false, "customStyle": null, "isSuspiciousAccount": false, "layout": "classic", "withImages": true, "withVideos": false, "media": [{"url": "https://megapx-assets.dcard.tw/images/c86add6d-9516-420f-910f-e5507ca78692/full.jpeg"}], "reportReasonText": "", "postAvatar": ""}, {"id": 233009132, "title": "畢業預審", "excerpt": "問個，像外系轉本系選修，或外系選修轉通識，這些有辦法查到嗎（不然不確定有轉成功，謝謝大家", "anonymousSchool": false, "anonymousDepartment": true, "pinned": false, "forumId": "abc4fa45-a456-49c6-8948-8981ad0b0f97", "replyId": null, "createdAt": "2020-02-03T12:53:38.848Z", "updatedAt": "2020-02-03T12:53:38.848Z", "commentCount": 7, "likeCount": 6, "withNickname": false, "tags": [], "topics": [], "meta": {"layout": "classic"}, "forumName": "成功大學", "forumAlias": "ncku", "gender": "F", "school": "國立成功大學", "replyTitle": null, "mediaMeta": [], "reactions": [{"id": "286f599c-f86a-4932-82f0-f5a06f1eca03", "count": 6}], "hidden": false, "customStyle": null, "isSuspiciousAccount": false, "layout": "classic", "withImages": false, "withVideos": false, "media": [], "reportReasonText": "", "postAvatar": ""}, {"id": 233007845, "title": "試問法律系這樣構成詐欺嗎", "excerpt": "如題，這樣會構成詐欺嗎，我真的被騙了....................................", "anonymousSchool": false, "anonymousDepartment": true, "pinned": false, "forumId": "abc4fa45-a456-49c6-8948-8981ad0b0f97", "replyId": null, "createdAt": "2020-02-03T09:40:00.382Z", "updatedAt": "2020-02-03T09:40:00.382Z", "commentCount": 4, "likeCount": 6, "withNickname": false, "tags": [], "topics": ["法律系", "成大", "QQ"], "meta": {"layout": "classic"}, "forumName": "成功大學", "forumAlias": "ncku", "gender": "M", "school": "國立成功大學", "replyTitle": null, "mediaMeta": [{"id": "f11a9dea-f32b-4b9e-be5b-ed18cef3d21d", "url": "https://i.imgur.com/PV06N8ul.jpg", "normalizedUrl": "https://i.imgur.com/PV06N8ul.jpg", "thumbnail": "https://i.imgur.com/PV06N8ul.jpg", "type": "image/thumbnail", "tags": ["ANNOTATED"], "createdAt": "2020-02-03T09:40:00.382Z", "updatedAt": "2020-02-03T09:40:00.382Z"}, {"id": "f11a9dea-f32b-4b9e-be5b-ed18cef3d21d", "url": "https://i.imgur.com/PV06N8u.png", "normalizedUrl": "https://imgur.com/PV06N8u", "thumbnail": "https://i.imgur.com/PV06N8ul.jpg", "type": "image/imgur", "tags": ["ANNOTATED"], "createdAt": "2020-02-03T09:40:00.382Z", "updatedAt": "2020-02-03T09:40:00.382Z"}], "reactions": [{"id": "286f599c-f86a-4932-82f0-f5a06f1eca03", "count": 5}, {"id": "514c2569-fd53-4d9d-a415-bf0f88e7329f", "count": 1}], "hidden": false, "customStyle": null, "isSuspiciousAccount": false, "layout": "classic", "withImages": true, "withVideos": false, "media": [{"url": "https://i.imgur.com/PV06N8u.png"}], "reportReasonText": "", "postAvatar": ""}, {"id": 233005811, "title": "體育游泳為什麼都沒人選", "excerpt": "菜雞問ㄍ，為啥都沒人要選游泳啊，是會很硬嗎，還是只是比較麻煩而已R？BTW希望有人可以推個好的體育給我QQ", "anonymousSchool": false, "anonymousDepartment": true, "pinned": false, "forumId": "abc4fa45-a456-49c6-8948-8981ad0b0f97", "replyId": null, "createdAt": "2020-02-03T03:21:13.807Z", "updatedAt": "2020-02-03T03:21:13.807Z", "commentCount": 12, "likeCount": 6, "withNickname": false, "tags": [], "topics": ["體育", "成大"], "meta": {"layout": "classic"}, "forumName": "成功大學", "forumAlias": "ncku", "gender": "M", "school": "國立成功大學", "replyTitle": null, "mediaMeta": [], "reactions": [{"id": "286f599c-f86a-4932-82f0-f5a06f1eca03", "count": 6}], "hidden": false, "customStyle": null, "isSuspiciousAccount": false, "layout": "classic", "withImages": false, "withVideos": false, "media": [], "reportReasonText": "", "postAvatar": ""}, {"id": 233005710, "title": "機械系計概", "excerpt": "開頭先提醒大家今天4二階選課啦，記得要調好鬧鐘搶課唷（⁎⁍̴̛ᴗ⁍̴̛⁎），然後肥宅偶想請問機械系計概ㄉ問題，（已爬文但查不太到心得），想請問甲乙班的上課內容、分數計算方式，目前查到ㄉ只有，乙班教授不", "anonymousSchool": false, "anonymousDepartment": true, "pinned": false, "forumId": "abc4fa45-a456-49c6-8948-8981ad0b0f97", "replyId": null, "createdAt": "2020-02-03T02:56:11.885Z", "updatedAt": "2020-02-03T02:56:11.885Z", "commentCount": 7, "likeCount": 6, "withNickname": false, "tags": [], "topics": [], "meta": {"layout": "classic"}, "forumName": "成功大學", "forumAlias": "ncku", "gender": "F", "school": "國立成功大學", "replyTitle": null, "mediaMeta": [], "reactions": [{"id": "286f599c-f86a-4932-82f0-f5a06f1eca03", "count": 6}], "hidden": false, "customStyle": null, "isSuspiciousAccount": false, "layout": "classic", "withImages": false, "withVideos": false, "media": [], "reportReasonText": "", "postAvatar": ""}, {"id": 233008638, "title": "有種時代在離我而去的感覺……", "excerpt": "今天看到這個實在是有些感觸，其實本來不知道他叫小戽斗，是看到新聞才知道的，對他的影響是在一些過去電影裡或戲劇中能看到的優秀演員，想想這幾年過世的老藝人，文英阿姨、卓勝利、小戽斗……還有很多沒提到的老藝", "anonymousSchool": false, "anonymousDepartment": true, "pinned": false, "forumId": "abc4fa45-a456-49c6-8948-8981ad0b0f97", "replyId": null, "createdAt": "2020-02-03T11:31:17.409Z", "updatedAt": "2020-02-03T11:31:17.409Z", "commentCount": 3, "likeCount": 5, "withNickname": false, "tags": [], "topics": ["時代", "成大", "廢文"], "meta": {"layout": "classic"}, "forumName": "成功大學", "forumAlias": "ncku", "gender": "M", "school": "國立成功大學", "replyTitle": null, "mediaMeta": [], "reactions": [{"id": "286f599c-f86a-4932-82f0-f5a06f1eca03", "count": 5}], "hidden": false, "customStyle": null, "isSuspiciousAccount": false, "layout": "classic", "withImages": false, "withVideos": false, "media": [], "reportReasonText": "", "postAvatar": ""}, {"id": 233007886, "title": "還我學妹", "excerpt": "延後兩個禮拜看不到學妹，還我學妹，還我學妹，還我學妹", "anonymousSchool": false, "anonymousDepartment": true, "pinned": false, "forumId": "abc4fa45-a456-49c6-8948-8981ad0b0f97", "replyId": null, "createdAt": "2020-02-03T09:45:08.454Z", "updatedAt": "2020-02-03T09:45:08.454Z", "commentCount": 7, "likeCount": 4, "withNickname": false, "tags": [], "topics": ["學妹", "成大", "出來面對"], "meta": {"layout": "classic"}, "forumName": "成功大學", "forumAlias": "ncku", "gender": "M", "school": "國立成功大學", "replyTitle": null, "mediaMeta": [], "reactions": [{"id": "286f599c-f86a-4932-82f0-f5a06f1eca03", "count": 4}], "hidden": false, "customStyle": null, "isSuspiciousAccount": false, "layout": "classic", "withImages": false, "withVideos": false, "media": [], "reportReasonText": "", "postAvatar": ""}, {"id": 233007721, "title": "我喜歡你，心裡就只有你喲", "excerpt": "不快開學，延後兩個禮拜我要怎麼過呀，唉…", "anonymousSchool": false, "anonymousDepartment": true, "pinned": false, "forumId": "abc4fa45-a456-49c6-8948-8981ad0b0f97", "replyId": null, "createdAt": "2020-02-03T09:22:43.417Z", "updatedAt": "2020-02-03T09:22:43.417Z", "commentCount": 4, "likeCount": 4, "withNickname": false, "tags": [], "topics": ["QQ", "姆咪"], "meta": {"layout": "classic"}, "forumName": "成功大學", "forumAlias": "ncku", "gender": "F", "school": "國立成功大學", "replyTitle": null, "mediaMeta": [], "reactions": [{"id": "286f599c-f86a-4932-82f0-f5a06f1eca03", "count": 4}], "hidden": false, "customStyle": null, "isSuspiciousAccount": false, "layout": "classic", "withImages": false, "withVideos": false, "media": [], "reportReasonText": "", "postAvatar": ""}, {"id": 233006135, "title": "［問課］資訊所", "excerpt": "各位新年快樂 順便來問個課，- 智慧感測與行動計算 鄭憲宗，- 智慧感知雲端系統與應用設計 郭耀煌，想請問 修課心得，另想請問 大學部選修的負擔重不重，謝謝> <", "anonymousSchool": false, "anonymousDepartment": true, "pinned": false, "forumId": "abc4fa45-a456-49c6-8948-8981ad0b0f97", "replyId": null, "createdAt": "2020-02-03T04:40:28.525Z", "updatedAt": "2020-02-03T04:40:28.525Z", "commentCount": 5, "likeCount": 4, "withNickname": false, "tags": ["HIDE_THUMBNAIL"], "topics": ["問課", "成大", "研究所"], "meta": {"layout": "classic"}, "forumName": "成功大學", "forumAlias": "ncku", "gender": "F", "school": "國立成功大學", "replyTitle": null, "mediaMeta": [], "reactions": [{"id": "286f599c-f86a-4932-82f0-f5a06f1eca03", "count": 4}], "hidden": false, "customStyle": null, "isSuspiciousAccount": false, "layout": "classic", "withImages": false, "withVideos": false, "media": [], "reportReasonText": "", "postAvatar": ""}, {"id": 233010846, "title": "想見你想見你想見你", "excerpt": "等待未來的你，伸手可及卻非唾手可及，輾轉只為夢見完美的你，夢境才剛成形卻又被無情的鬧鐘敲醒，寒假就要結束了吧！可以再見到妳了吧！病毒卻又將我們分開多兩週，想見你想見想見你", "anonymousSchool": false, "anonymousDepartment": false, "pinned": false, "forumId": "abc4fa45-a456-49c6-8948-8981ad0b0f97", "replyId": null, "createdAt": "2020-02-03T16:21:55.800Z", "updatedAt": "2020-02-03T16:21:55.800Z", "commentCount": 8, "likeCount": 3, "withNickname": true, "tags": ["HIDE_THUMBNAIL"], "topics": ["想見你"], "meta": {"layout": "classic"}, "forumName": "成功大學", "forumAlias": "ncku", "gender": "M", "school": "NCKU資工男孩", "department": "wscsie", "replyTitle": null, "mediaMeta": [], "reactions": [{"id": "286f599c-f86a-4932-82f0-f5a06f1eca03", "count": 3}], "hidden": false, "customStyle": null, "isSuspiciousAccount": false, "layout": "classic", "withImages": false, "withVideos": false, "media": [], "reportReasonText": "", "postAvatar": ""}, {"id": 233010740, "title": "問課", "excerpt": "醫技系的計概如何呀？會不會很硬？嗚嗚嗚嗚", "anonymousSchool": false, "anonymousDepartment": true, "pinned": false, "forumId": "abc4fa45-a456-49c6-8948-8981ad0b0f97", "replyId": null, "createdAt": "2020-02-03T16:11:05.991Z", "updatedAt": "2020-02-03T16:11:05.991Z", "commentCount": 4, "likeCount": 3, "withNickname": false, "tags": [], "topics": ["成大"], "meta": {"layout": "classic"}, "forumName": "成功大學", "forumAlias": "ncku", "gender": "F", "school": "國立成功大學", "replyTitle": null, "mediaMeta": [], "reactions": [{"id": "286f599c-f86a-4932-82f0-f5a06f1eca03", "count": 3}], "hidden": false, "customStyle": null, "isSuspiciousAccount": false, "layout": "classic", "withImages": false, "withVideos": false, "media": [], "reportReasonText": "", "postAvatar": ""}, {"id": 233008266, "title": "喜歡一個女生", "excerpt": "有話題但是和她生活沒什麼交集 這樣還有機會嗎？", "anonymousSchool": false, "anonymousDepartment": true, "pinned": false, "forumId": "abc4fa45-a456-49c6-8948-8981ad0b0f97", "replyId": null, "createdAt": "2020-02-03T10:35:00.587Z", "updatedAt": "2020-02-03T10:35:00.587Z", "commentCount": 14, "likeCount": 3, "withNickname": false, "tags": [], "topics": ["喜歡"], "meta": {"layout": "classic"}, "forumName": "成功大學", "forumAlias": "ncku", "gender": "M", "school": "國立成功大學", "replyTitle": null, "mediaMeta": [], "reactions": [{"id": "286f599c-f86a-4932-82f0-f5a06f1eca03", "count": 3}], "hidden": false, "customStyle": null, "isSuspiciousAccount": false, "layout": "classic", "withImages": false, "withVideos": false, "media": [], "reportReasonText": "", "postAvatar": ""}, {"id": 233008017, "title": "英文加簽", "excerpt": "我知道本校英文加簽不易，如果大四加簽成鷹會同意嗎？爬了版上的文和官網都沒有看到答案，求版上有經驗的人回覆", "anonymousSchool": false, "anonymousDepartment": true, "pinned": false, "forumId": "abc4fa45-a456-49c6-8948-8981ad0b0f97", "replyId": null, "createdAt": "2020-02-03T10:00:40.265Z", "updatedAt": "2020-02-03T10:00:40.265Z", "commentCount": 3, "likeCount": 3, "withNickname": false, "tags": ["HIDE_THUMBNAIL"], "topics": ["英文", "成大", "加簽"], "meta": {"layout": "classic"}, "forumName": "成功大學", "forumAlias": "ncku", "gender": "F", "school": "國立成功大學", "replyTitle": null, "mediaMeta": [], "reactions": [{"id": "286f599c-f86a-4932-82f0-f5a06f1eca03", "count": 3}], "hidden": false, "customStyle": null, "isSuspiciousAccount": false, "layout": "classic", "withImages": false, "withVideos": false, "media": [], "reportReasonText": "", "postAvatar": ""}, {"id": 233006193, "title": "二外的問題", "excerpt": "大家好，想請問各位大大，A1加簽的話能選兩堂嗎？我知道選課階段系統最多只能有一堂A1二外的課，但因為109-1要去日本交換，所以希望有機會多上一堂日文，（ex日語生活會話或進階日語閱讀，但如果開學抽到", "anonymousSchool": false, "anonymousDepartment": true, "pinned": false, "forumId": "abc4fa45-a456-49c6-8948-8981ad0b0f97", "replyId": null, "createdAt": "2020-02-03T04:53:01.692Z", "updatedAt": "2020-02-03T04:53:01.692Z", "commentCount": 2, "likeCount": 3, "withNickname": false, "tags": ["HIDE_THUMBNAIL"], "topics": ["成大", "二外", "選課"], "meta": {"layout": "classic"}, "forumName": "成功大學", "forumAlias": "ncku", "gender": "F", "school": "國立成功大學", "replyTitle": null, "mediaMeta": [], "reactions": [{"id": "286f599c-f86a-4932-82f0-f5a06f1eca03", "count": 3}], "hidden": false, "customStyle": null, "isSuspiciousAccount": false, "layout": "classic", "withImages": false, "withVideos": false, "media": [], "reportReasonText": "", "postAvatar": ""}, {"id": 233009036, "title": "護理師考試應該要延期吧", "excerpt": "學姐好像下下禮拜要考試，現在肺炎辣麼嚴重，不考慮延期嗎", "anonymousSchool": false, "anonymousDepartment": true, "pinned": false, "forumId": "abc4fa45-a456-49c6-8948-8981ad0b0f97", "replyId": null, "createdAt": "2020-02-03T12:37:46.934Z", "updatedAt": "2020-02-03T12:37:46.934Z", "commentCount": 2, "likeCount": 2, "withNickname": false, "tags": [], "topics": ["成大", "妹子"], "meta": {"layout": "classic"}, "forumName": "成功大學", "forumAlias": "ncku", "gender": "M", "school": "國立成功大學", "replyTitle": null, "mediaMeta": [], "reactions": [{"id": "286f599c-f86a-4932-82f0-f5a06f1eca03", "count": 1}, {"id": "4b018f48-e184-445f-adf1-fc8e04ba09b9", "count": 1}], "hidden": false, "customStyle": null, "isSuspiciousAccount": false, "layout": "classic", "withImages": false, "withVideos": false, "media": [], "reportReasonText": "", "postAvatar": ""}, {"id": 233008550, "title": "問課", "excerpt": "想問，航太系的流體力學如何呀，外系仔想修，可是不知道會不會太硬", "anonymousSchool": false, "anonymousDepartment": true, "pinned": false, "forumId": "abc4fa45-a456-49c6-8948-8981ad0b0f97", "replyId": null, "createdAt": "2020-02-03T11:14:35.961Z", "updatedAt": "2020-02-03T11:14:35.961Z", "commentCount": 10, "likeCount": 2, "withNickname": false, "tags": [], "topics": ["問課", "成大"], "meta": {"layout": "classic"}, "forumName": "成功大學", "forumAlias": "ncku", "gender": "F", "school": "國立成功大學", "replyTitle": null, "mediaMeta": [], "reactions": [{"id": "286f599c-f86a-4932-82f0-f5a06f1eca03", "count": 1}, {"id": "aa0d425f-d530-4478-9a77-fe3aedc79eea", "count": 1}], "hidden": false, "customStyle": null, "isSuspiciousAccount": false, "layout": "classic", "withImages": false, "withVideos": false, "media": [], "reportReasonText": "", "postAvatar": ""}, {"id": 233006953, "title": "二階通識", "excerpt": "有誰知道這次通識是甚麼時候會出來？選課時程沒看到........", "anonymousSchool": false, "anonymousDepartment": true, "pinned": false, "forumId": "abc4fa45-a456-49c6-8948-8981ad0b0f97", "replyId": null, "createdAt": "2020-02-03T07:39:00.165Z", "updatedAt": "2020-02-03T07:39:00.165Z", "commentCount": 3, "likeCount": 2, "withNickname": false, "tags": [], "topics": ["通識", "成大"], "meta": {"layout": "classic"}, "forumName": "成功大學", "forumAlias": "ncku", "gender": "M", "school": "國立成功大學", "replyTitle": null, "mediaMeta": [], "reactions": [{"id": "286f599c-f86a-4932-82f0-f5a06f1eca03", "count": 2}], "hidden": false, "customStyle": null, "isSuspiciousAccount": false, "layout": "classic", "withImages": false, "withVideos": false, "media": [], "reportReasonText": "", "postAvatar": ""}, {"id": 233006707, "title": "要怎摸辦", "excerpt": "我現在大五ㄌ，要等大六上才能把缺的課修完，我想說這學期先去當兵，可是我看有個規則文件說最低九學分，如果我沒選課 放零學分會怎樣ㄚ", "anonymousSchool": false, "anonymousDepartment": false, "pinned": false, "forumId": "abc4fa45-a456-49c6-8948-8981ad0b0f97", "replyId": null, "createdAt": "2020-02-03T06:47:05.512Z", "updatedAt": "2020-02-03T06:47:05.512Z", "commentCount": 4, "likeCount": 2, "withNickname": false, "tags": [], "topics": [], "meta": {"layout": "classic"}, "forumName": "成功大學", "forumAlias": "ncku", "gender": "M", "school": "國立成功大學", "department": "臺灣文學系", "replyTitle": null, "mediaMeta": [], "reactions": [{"id": "286f599c-f86a-4932-82f0-f5a06f1eca03", "count": 2}], "hidden": false, "customStyle": null, "isSuspiciousAccount": false, "layout": "classic", "withImages": false, "withVideos": false, "media": [], "reportReasonText": "", "postAvatar": ""}, {"id": 233005627, "title": "必修英文", "excerpt": "我按選課跟抽籤他都說，請在開放登記期間，問題是我看時程表沒有再登記志願的時間了，要怎麼選啊？", "anonymousSchool": false, "anonymousDepartment": true, "pinned": false, "forumId": "abc4fa45-a456-49c6-8948-8981ad0b0f97", "replyId": null, "createdAt": "2020-02-03T02:33:40.292Z", "updatedAt": "2020-02-03T02:33:40.292Z", "commentCount": 6, "likeCount": 2, "withNickname": false, "tags": [], "topics": ["英文", "成大"], "meta": {"layout": "classic"}, "forumName": "成功大學", "forumAlias": "ncku", "gender": "M", "school": "國立成功大學", "replyTitle": null, "mediaMeta": [], "reactions": [{"id": "286f599c-f86a-4932-82f0-f5a06f1eca03", "count": 2}], "hidden": false, "customStyle": null, "isSuspiciousAccount": false, "layout": "classic", "withImages": false, "withVideos": false, "media": [], "reportReasonText": "", "postAvatar": ""}, {"id": 233005530, "title": "外系必修-> 選修？", "excerpt": "大家好，請問外系必修會自動轉為選修嗎？是否需要特別申請或其他手續？希望各位大大可以幫忙指點迷津，感激不盡～", "anonymousSchool": false, "anonymousDepartment": true, "pinned": false, "forumId": "abc4fa45-a456-49c6-8948-8981ad0b0f97", "replyId": null, "createdAt": "2020-02-03T02:01:51.970Z", "updatedAt": "2020-02-03T02:01:51.970Z", "commentCount": 4, "likeCount": 2, "withNickname": false, "tags": ["HIDE_THUMBNAIL"], "topics": ["外系", "成大", "問卦"], "meta": {"layout": "classic"}, "forumName": "成功大學", "forumAlias": "ncku", "gender": "M", "school": "國立成功大學", "replyTitle": null, "mediaMeta": [], "reactions": [{"id": "286f599c-f86a-4932-82f0-f5a06f1eca03", "count": 2}], "hidden": false, "customStyle": null, "isSuspiciousAccount": false, "layout": "classic", "withImages": false, "withVideos": false, "media": [], "reportReasonText": "", "postAvatar": ""}]