[{"id": 233010855, "title": "對不起我不會用", "excerpt": "為什麼我的頁面都是這種卡通，美劇什麼的都找不到為什麼啊⋯，請求各位大大教我ಥ_ಥ", "anonymousSchool": false, "anonymousDepartment": true, "pinned": false, "forumId": "0a859162-88d8-4406-8111-71c57aae84a1", "replyId": null, "createdAt": "2020-02-03T16:22:39.508Z", "updatedAt": "2020-02-03T16:22:39.508Z", "commentCount": 7, "likeCount": 4, "withNickname": false, "tags": [], "topics": ["Netflix", "問題"], "meta": {"layout": "classic"}, "forumName": "Netflix", "forumAlias": "netflix", "gender": "F", "school": "銘傳大學", "replyTitle": null, "mediaMeta": [{"id": "5c3088fb-4c83-4ded-8132-a62db5403d9e", "url": "https://i.imgur.com/rzakybEl.jpg", "normalizedUrl": "https://i.imgur.com/rzakybEl.jpg", "thumbnail": "https://i.imgur.com/rzakybEl.jpg", "type": "image/thumbnail", "tags": ["ANNOTATED"], "createdAt": "2020-02-03T16:22:39.508Z", "updatedAt": "2020-02-03T16:22:39.508Z"}, {"id": "5c3088fb-4c83-4ded-8132-a62db5403d9e", "url": "https://i.imgur.com/rzakybE.jpg", "normalizedUrl": "https://imgur.com/rzakybE", "thumbnail": "https://i.imgur.com/rzakybEl.jpg", "type": "image/imgur", "tags": ["ANNOTATED"], "createdAt": "2020-02-03T16:22:39.508Z", "updatedAt": "2020-02-03T16:22:39.508Z"}, {"id": "0dc0ae88-a96b-4d0d-9553-40e029c58bff", "url": "https://i.imgur.com/dOE99fB.jpg", "normalizedUrl": "https://imgur.com/dOE99fB", "thumbnail": "https://i.imgur.com/dOE99fBl.jpg", "type": "image/imgur", "tags": ["ANNOTATED"], "createdAt": "2020-02-03T16:22:39.508Z", "updatedAt": "2020-02-03T16:22:39.508Z"}, {"id": "0f1507a2-03cc-4c78-a8dd-0c09b2be3c78", "url": "https://i.imgur.com/vOgYBTM.jpg", "normalizedUrl": "https://imgur.com/vOgYBTM", "thumbnail": "https://i.imgur.com/vOgYBTMl.jpg", "type": "image/imgur", "tags": ["ANNOTATED"], "createdAt": "2020-02-03T16:22:39.508Z", "updatedAt": "2020-02-03T16:22:39.508Z"}], "reactions": [{"id": "286f599c-f86a-4932-82f0-f5a06f1eca03", "count": 4}], "hidden": false, "customStyle": null, "isSuspiciousAccount": false, "layout": "classic", "withImages": true, "withVideos": false, "media": [{"url": "https://i.imgur.com/rzakybE.jpg"}, {"url": "https://i.imgur.com/dOE99fB.jpg"}, {"url": "https://i.imgur.com/vOgYBTM.jpg"}], "reportReasonText": "", "postAvatar": ""}]