[{"id": 233008027, "title": "為了開學延期吵架", "excerpt": "看看這篇，為了學校什麼時候開學而開戰，各位 延期囉！，（原文網址：各位帥哥美女 全國上下一起開學囉！", "anonymousSchool": false, "anonymousDepartment": true, "pinned": false, "forumId": "3c91f2b0-6374-4467-b557-2e5383680afb", "replyId": null, "createdAt": "2020-02-03T10:02:00.838Z", "updatedAt": "2020-02-03T10:02:00.838Z", "commentCount": 3, "likeCount": 15, "withNickname": false, "tags": ["HIDE_THUMBNAIL"], "topics": ["開學", "學生"], "meta": {"layout": "classic"}, "forumName": "臺灣大學", "forumAlias": "ntu", "gender": "M", "school": "國立臺灣大學", "replyTitle": null, "mediaMeta": [{"id": "3b0932aa-762e-4f72-8db2-22f4c5b5b962", "url": "https://i.imgur.com/eVNpmxj.jpg", "normalizedUrl": "https://imgur.com/eVNpmxj", "thumbnail": "https://i.imgur.com/eVNpmxjl.jpg", "type": "image/imgur", "tags": ["ANNOTATED"], "createdAt": "2020-02-03T10:02:00.838Z", "updatedAt": "2020-02-03T10:02:00.838Z"}], "reactions": [{"id": "286f599c-f86a-4932-82f0-f5a06f1eca03", "count": 13}, {"id": "e8e6bc5d-41b0-4129-b134-97507523d7ff", "count": 2}], "hidden": false, "customStyle": null, "isSuspiciousAccount": false, "layout": "classic", "withImages": true, "withVideos": false, "media": [], "reportReasonText": "", "postAvatar": ""}, {"id": 233004887, "title": "徵正常室友", "excerpt": "住宿舍已經半年了，發現跟室友的生活習慣不合適，已經忍了一學期，以下個人生活習慣：睡覺時間：最晚 凌晨1.00 到2.00，假日比較晚，起來時間：平日早上8點或9點，看上班時間或上課時間，假日比較晚，有", "anonymousSchool": false, "anonymousDepartment": true, "pinned": false, "forumId": "3c91f2b0-6374-4467-b557-2e5383680afb", "replyId": null, "createdAt": "2020-02-02T18:53:19.471Z", "updatedAt": "2020-02-02T18:59:21.894Z", "commentCount": 10, "likeCount": 9, "withNickname": false, "tags": [], "topics": [], "meta": {"layout": "classic"}, "forumName": "臺灣大學", "forumAlias": "ntu", "gender": "M", "school": "國立臺灣大學", "replyTitle": null, "mediaMeta": [], "reactions": [{"id": "286f599c-f86a-4932-82f0-f5a06f1eca03", "count": 9}], "hidden": false, "customStyle": null, "isSuspiciousAccount": false, "layout": "classic", "withImages": false, "withVideos": false, "media": [], "reportReasonText": "", "postAvatar": ""}, {"id": 233008048, "title": "延期兩周了", "excerpt": "爽啦，暑假變少就是爽，【因應武漢肺炎疫情發展，臺大學系統三校，開學日延後2周】因應嚴重特殊傳染性肺炎疫情發展，配合國家防疫政策，國立臺灣大學系統（含臺灣大學、臺灣師範大學以及臺灣科技大學三校）一致同意", "anonymousSchool": false, "anonymousDepartment": true, "pinned": false, "forumId": "3c91f2b0-6374-4467-b557-2e5383680afb", "replyId": null, "createdAt": "2020-02-03T10:05:35.595Z", "updatedAt": "2020-02-03T10:05:35.595Z", "commentCount": 4, "likeCount": 8, "withNickname": false, "tags": [], "topics": ["台大"], "meta": {"layout": "classic"}, "forumName": "臺灣大學", "forumAlias": "ntu", "gender": "M", "school": "國立臺灣大學", "replyTitle": null, "mediaMeta": [], "reactions": [{"id": "286f599c-f86a-4932-82f0-f5a06f1eca03", "count": 8}], "hidden": false, "customStyle": null, "isSuspiciousAccount": false, "layout": "classic", "withImages": false, "withVideos": false, "media": [], "reportReasonText": "", "postAvatar": ""}, {"id": 233007497, "title": "全台大延後開學", "excerpt": "快訊／達共識！全台大專院校延至3/2開學　教育部：行事曆仍需排滿18週，如題，全台大延後開學", "anonymousSchool": false, "anonymousDepartment": true, "pinned": false, "forumId": "3c91f2b0-6374-4467-b557-2e5383680afb", "replyId": null, "createdAt": "2020-02-03T08:56:15.298Z", "updatedAt": "2020-02-03T08:56:15.298Z", "commentCount": 4, "likeCount": 7, "withNickname": false, "tags": ["HIDE_THUMBNAIL"], "topics": ["台大", "開學", "廢文", "嘻嘻"], "meta": {"layout": "classic"}, "forumName": "臺灣大學", "forumAlias": "ntu", "gender": "M", "school": "國立臺灣大學", "replyTitle": null, "mediaMeta": [], "reactions": [{"id": "286f599c-f86a-4932-82f0-f5a06f1eca03", "count": 7}], "hidden": false, "customStyle": null, "isSuspiciousAccount": false, "layout": "classic", "withImages": false, "withVideos": false, "media": [], "reportReasonText": "", "postAvatar": ""}, {"id": 233005738, "title": "有多少人的face ID廢了", "excerpt": "口罩之亂，有多少人的face ID廢了，我看到好多密碼", "anonymousSchool": false, "anonymousDepartment": true, "pinned": false, "forumId": "3c91f2b0-6374-4467-b557-2e5383680afb", "replyId": null, "createdAt": "2020-02-03T03:01:50.100Z", "updatedAt": "2020-02-03T03:01:50.100Z", "commentCount": 3, "likeCount": 6, "withNickname": false, "tags": ["HIDE_THUMBNAIL"], "topics": [], "meta": {"layout": "classic"}, "forumName": "臺灣大學", "forumAlias": "ntu", "gender": "M", "school": "國立臺灣大學", "replyTitle": null, "mediaMeta": [], "reactions": [{"id": "286f599c-f86a-4932-82f0-f5a06f1eca03", "count": 6}], "hidden": false, "customStyle": null, "isSuspiciousAccount": false, "layout": "classic", "withImages": false, "withVideos": false, "media": [], "reportReasonText": "", "postAvatar": ""}, {"id": 233006845, "title": "選課崩潰區", "excerpt": "嘔嘔嘔嘔嘔，你他媽選上一門通識怎麼那麼難R？有妹有人要跟偶17崩潰的？齁氣氣氣氣氣", "anonymousSchool": false, "anonymousDepartment": false, "pinned": false, "forumId": "3c91f2b0-6374-4467-b557-2e5383680afb", "replyId": null, "createdAt": "2020-02-03T07:19:41.619Z", "updatedAt": "2020-02-03T07:19:41.619Z", "commentCount": 8, "likeCount": 4, "withNickname": false, "tags": [], "topics": ["選課", "台大", "嘻嘻", "廢文"], "meta": {"layout": "classic"}, "forumName": "臺灣大學", "forumAlias": "ntu", "gender": "M", "school": "國立臺灣大學", "department": "資訊工程學系", "replyTitle": null, "mediaMeta": [], "reactions": [{"id": "286f599c-f86a-4932-82f0-f5a06f1eca03", "count": 4}], "hidden": false, "customStyle": null, "isSuspiciousAccount": false, "layout": "classic", "withImages": false, "withVideos": false, "media": [], "reportReasonText": "", "postAvatar": ""}, {"id": 233011623, "title": "財金系請進", "excerpt": "系花到底是誰快點說ㄛ不要暗ㄎㄤ，補補補補補", "anonymousSchool": false, "anonymousDepartment": true, "pinned": false, "forumId": "3c91f2b0-6374-4467-b557-2e5383680afb", "replyId": null, "createdAt": "2020-02-03T18:24:44.165Z", "updatedAt": "2020-02-03T18:24:44.165Z", "commentCount": 2, "likeCount": 3, "withNickname": false, "tags": [], "topics": ["CACO"], "meta": {"layout": "classic"}, "forumName": "臺灣大學", "forumAlias": "ntu", "gender": "F", "school": "國立臺灣大學", "replyTitle": null, "mediaMeta": [{"id": "6058bc12-b62d-4011-adb7-65ae39131de0", "url": "https://i.imgur.com/4cvkwbZl.jpg", "normalizedUrl": "https://i.imgur.com/4cvkwbZl.jpg", "thumbnail": "https://i.imgur.com/4cvkwbZl.jpg", "type": "image/thumbnail", "tags": ["ANNOTATED"], "createdAt": "2020-02-03T18:24:44.165Z", "updatedAt": "2020-02-03T18:24:44.165Z"}, {"id": "6058bc12-b62d-4011-adb7-65ae39131de0", "url": "https://i.imgur.com/4cvkwbZ.jpg", "normalizedUrl": "https://imgur.com/4cvkwbZ", "thumbnail": "https://i.imgur.com/4cvkwbZl.jpg", "type": "image/imgur", "tags": ["ANNOTATED"], "createdAt": "2020-02-03T18:24:44.165Z", "updatedAt": "2020-02-03T18:24:44.165Z"}], "reactions": [{"id": "286f599c-f86a-4932-82f0-f5a06f1eca03", "count": 3}], "hidden": false, "customStyle": null, "isSuspiciousAccount": false, "layout": "classic", "withImages": true, "withVideos": false, "media": [{"url": "https://i.imgur.com/4cvkwbZ.jpg"}], "reportReasonText": "", "postAvatar": ""}, {"id": 233008081, "title": "hope things go well after 25th Feb.", "excerpt": "the arrival is going on plan，出行能夠按計劃進行，一切順利。新學期，努力吧！", "anonymousSchool": false, "anonymousDepartment": false, "pinned": false, "forumId": "3c91f2b0-6374-4467-b557-2e5383680afb", "replyId": null, "createdAt": "2020-02-03T10:12:05.093Z", "updatedAt": "2020-02-03T10:12:05.093Z", "commentCount": 8, "likeCount": 2, "withNickname": true, "tags": [], "topics": ["心靈雞湯", "台大"], "meta": {"layout": "classic"}, "forumName": "臺灣大學", "forumAlias": "ntu", "gender": "F", "school": "wyshunwyshun", "department": "jcc930609", "replyTitle": null, "mediaMeta": [], "reactions": [{"id": "286f599c-f86a-4932-82f0-f5a06f1eca03", "count": 2}], "hidden": false, "customStyle": null, "isSuspiciousAccount": false, "layout": "classic", "withImages": false, "withVideos": false, "media": [], "reportReasonText": "", "postAvatar": ""}, {"id": 233006907, "title": "請問三校聯盟選課", "excerpt": "我有想選一堂師大的課，可是電腦沒抽中 他的加選方式是3，是不是就沒辦法透過拿授權碼選到課了（其他學校有授權碼嘛？？），請版上有經驗的學長姐告訴我！！ 真的很想選到！！", "anonymousSchool": false, "anonymousDepartment": true, "pinned": false, "forumId": "3c91f2b0-6374-4467-b557-2e5383680afb", "replyId": null, "createdAt": "2020-02-03T07:30:51.875Z", "updatedAt": "2020-02-03T07:30:51.875Z", "commentCount": 5, "likeCount": 2, "withNickname": false, "tags": [], "topics": ["台大", "聯盟", "學生", "選課"], "meta": {"layout": "classic"}, "forumName": "臺灣大學", "forumAlias": "ntu", "gender": "F", "school": "國立臺灣大學", "replyTitle": null, "mediaMeta": [], "reactions": [{"id": "286f599c-f86a-4932-82f0-f5a06f1eca03", "count": 2}], "hidden": false, "customStyle": null, "isSuspiciousAccount": false, "layout": "classic", "withImages": false, "withVideos": false, "media": [], "reportReasonText": "", "postAvatar": ""}, {"id": 233012196, "title": "通識推薦", "excerpt": "RT 還有什麼通識可以選或加簽嗚嗚嗚，可以不涼 但希望分數至少很好掌握（例如是用考試 或是老師評分標準很明確），感謝大家@@", "anonymousSchool": false, "anonymousDepartment": false, "pinned": false, "forumId": "3c91f2b0-6374-4467-b557-2e5383680afb", "replyId": null, "createdAt": "2020-02-04T00:57:07.813Z", "updatedAt": "2020-02-04T00:57:07.813Z", "commentCount": 2, "likeCount": 1, "withNickname": false, "tags": [], "topics": ["通識", "台大", "選課", "課程"], "meta": {"layout": "classic"}, "forumName": "臺灣大學", "forumAlias": "ntu", "gender": "M", "school": "國立臺灣大學", "department": "會計學系", "replyTitle": null, "mediaMeta": [], "reactions": [{"id": "aa0d425f-d530-4478-9a77-fe3aedc79eea", "count": 1}], "hidden": false, "customStyle": null, "isSuspiciousAccount": false, "layout": "classic", "withImages": false, "withVideos": false, "media": [], "reportReasonText": "", "postAvatar": ""}, {"id": 233011165, "title": "地震", "excerpt": "好可怕啊啊啊啊啊啊啊啊啊啊啊啊啊啊啊", "anonymousSchool": false, "anonymousDepartment": true, "pinned": false, "forumId": "3c91f2b0-6374-4467-b557-2e5383680afb", "replyId": null, "createdAt": "2020-02-03T17:04:27.786Z", "updatedAt": "2020-02-03T17:04:27.786Z", "commentCount": 2, "likeCount": 1, "withNickname": false, "tags": ["HIDE_THUMBNAIL"], "topics": ["台大", "開學", "廢文", "嘻嘻"], "meta": {"layout": "classic"}, "forumName": "臺灣大學", "forumAlias": "ntu", "gender": "M", "school": "國立臺灣大學", "replyTitle": null, "mediaMeta": [], "reactions": [{"id": "286f599c-f86a-4932-82f0-f5a06f1eca03", "count": 1}], "hidden": false, "customStyle": null, "isSuspiciousAccount": false, "layout": "classic", "withImages": false, "withVideos": false, "media": [], "reportReasonText": "", "postAvatar": ""}, {"id": 233008449, "title": "高爾夫初級", "excerpt": "這學期選到簡坤鐘老師的高爾夫初級，想問有沒有修過的人可以分享一下上課模式、給分之類的？（ntucourse上的都好舊了⋯", "anonymousSchool": false, "anonymousDepartment": true, "pinned": false, "forumId": "3c91f2b0-6374-4467-b557-2e5383680afb", "replyId": null, "createdAt": "2020-02-03T10:58:45.585Z", "updatedAt": "2020-02-03T10:58:45.585Z", "commentCount": 4, "likeCount": 1, "withNickname": false, "tags": ["HIDE_THUMBNAIL"], "topics": [], "meta": {"layout": "classic"}, "forumName": "臺灣大學", "forumAlias": "ntu", "gender": "F", "school": "國立臺灣大學", "replyTitle": null, "mediaMeta": [], "reactions": [{"id": "286f599c-f86a-4932-82f0-f5a06f1eca03", "count": 1}], "hidden": false, "customStyle": null, "isSuspiciousAccount": false, "layout": "classic", "withImages": false, "withVideos": false, "media": [], "reportReasonText": "", "postAvatar": ""}, {"id": 233006431, "title": "台大FB社團", "excerpt": "RT，台大有些FB社團 例如\"textbook exchange\"之類的  會要用學校信箱認證，他跟我說已經寄信去我的學校信箱了 但我都沒收到嗚嗚 484我的台灣價值不足", "anonymousSchool": false, "anonymousDepartment": true, "pinned": false, "forumId": "3c91f2b0-6374-4467-b557-2e5383680afb", "replyId": null, "createdAt": "2020-02-03T05:44:26.567Z", "updatedAt": "2020-02-03T05:44:26.567Z", "commentCount": 2, "likeCount": 1, "withNickname": false, "tags": [], "topics": ["台大", "廢文", "學生", "問卦", "社團"], "meta": {"layout": "classic"}, "forumName": "臺灣大學", "forumAlias": "ntu", "gender": "M", "school": "國立臺灣大學", "replyTitle": null, "mediaMeta": [], "reactions": [{"id": "286f599c-f86a-4932-82f0-f5a06f1eca03", "count": 1}], "hidden": false, "customStyle": null, "isSuspiciousAccount": false, "layout": "classic", "withImages": false, "withVideos": false, "media": [], "reportReasonText": "", "postAvatar": ""}, {"id": 233007163, "title": "溝通力課程", "excerpt": "求問陳嫦芬老師溝通力課程內容及評分，（已爬文）", "anonymousSchool": false, "anonymousDepartment": true, "pinned": false, "forumId": "3c91f2b0-6374-4467-b557-2e5383680afb", "replyId": null, "createdAt": "2020-02-03T08:18:29.468Z", "updatedAt": "2020-02-03T08:18:56.017Z", "commentCount": 0, "likeCount": 0, "withNickname": false, "tags": ["HIDE_THUMBNAIL"], "topics": ["台大", "選課", "課程"], "meta": {"layout": "classic"}, "forumName": "臺灣大學", "forumAlias": "ntu", "gender": "F", "school": "國立臺灣大學", "replyTitle": null, "mediaMeta": [], "reactions": [], "hidden": false, "customStyle": null, "isSuspiciousAccount": false, "layout": "classic", "withImages": false, "withVideos": false, "media": [], "reportReasonText": "", "postAvatar": ""}, {"id": 233004771, "title": "#問卷# 港澳文化小調查✏️📋🔎", "excerpt": "#問卷# 港澳文化小調查，大家好～這裡想針對台灣學生做一個對粵語地區的認知小調查，還請大家撥冗個2分鐘填個調查表單，唔該～感謝你～～～祝福大家之後新學期的選課順順利利，————————————————", "anonymousSchool": false, "anonymousDepartment": true, "pinned": false, "forumId": "3c91f2b0-6374-4467-b557-2e5383680afb", "replyId": null, "createdAt": "2020-02-02T18:23:29.719Z", "updatedAt": "2020-02-02T18:23:29.719Z", "commentCount": 2, "likeCount": 0, "withNickname": false, "tags": [], "topics": ["港澳", "台大", "問卷", "文化", "學生"], "meta": {"layout": "classic"}, "forumName": "臺灣大學", "forumAlias": "ntu", "gender": "M", "school": "國立臺灣大學", "replyTitle": null, "mediaMeta": [], "reactions": [], "hidden": false, "customStyle": null, "isSuspiciousAccount": false, "layout": "classic", "withImages": false, "withVideos": false, "media": [], "reportReasonText": "", "postAvatar": ""}]