[{"id": 233007422, "title": "#心得 台中隱適美牙齒矯正 4家牙醫諮詢 東平/城中/楊/爵佳", "excerpt": "文很長～慎入，我的狀況是深咬和上下排中線沒有對齊，覺得牙齒排列沒很整齊，一直有想要矯正牙齒，考慮嘴巴容易破跟清潔難易度的關係，想做隱適美>傳統很多，爬了很多隱適美的心得跟相關文章，選了四家網路上評價滿", "anonymousSchool": false, "anonymousDepartment": true, "pinned": false, "forumId": "919f8537-6268-4404-b319-0cf46111ba34", "replyId": null, "createdAt": "2020-02-03T08:47:41.121Z", "updatedAt": "2020-02-03T08:55:21.485Z", "commentCount": 2, "likeCount": 17, "withNickname": false, "tags": [], "topics": ["牙齒矯正", "隱適美"], "meta": {"layout": "classic"}, "forumName": "牙齒矯正", "forumAlias": "orthodontics", "gender": "M", "school": "銘傳大學", "replyTitle": null, "mediaMeta": [], "reactions": [{"id": "286f599c-f86a-4932-82f0-f5a06f1eca03", "count": 17}], "hidden": false, "customStyle": null, "isSuspiciousAccount": false, "layout": "classic", "withImages": false, "withVideos": false, "media": [], "reportReasonText": "", "postAvatar": ""}, {"id": 233006758, "title": "牙套人生歷程分享", "excerpt": "紀念一下終於戴完牙套啦，文長慎入，總歷程998，牙套321天+維持器677天，最常被問的QA，1.要戴多久？看評估，2.會痛嗎？有的人沒感覺，有的人痛到不行，我就是那種痛到不行的哈哈，3.多少錢？每間", "anonymousSchool": false, "anonymousDepartment": false, "pinned": false, "forumId": "919f8537-6268-4404-b319-0cf46111ba34", "replyId": null, "createdAt": "2020-02-03T06:55:58.261Z", "updatedAt": "2020-02-03T06:55:58.261Z", "commentCount": 7, "likeCount": 13, "withNickname": true, "tags": [], "topics": ["牙齒矯正", "牙套", "矯正", "矯正牙齒", "矯正器"], "meta": {"layout": "classic"}, "forumName": "牙齒矯正", "forumAlias": "orthodontics", "gender": "F", "school": "楓", "department": "cccyyy999", "replyTitle": null, "mediaMeta": [], "reactions": [{"id": "286f599c-f86a-4932-82f0-f5a06f1eca03", "count": 13}], "hidden": false, "customStyle": null, "isSuspiciousAccount": false, "layout": "classic", "withImages": false, "withVideos": false, "media": [], "reportReasonText": "", "postAvatar": ""}, {"id": 233006179, "title": "#牙齒好像越長越歪了", "excerpt": "小時候我就有暴牙。但是媽媽不想花錢讓我做矯正又說：唉呦 暴牙很醜什麼的，但是我內心覺得兔寶寶牙很可愛🥺，不過因為媽媽的觀念 所以那當時是拿湯匙把我的暴牙壓進去，都是晚上吃晚飯壓一次壓5-10分鐘，然", "anonymousSchool": false, "anonymousDepartment": false, "pinned": false, "forumId": "919f8537-6268-4404-b319-0cf46111ba34", "replyId": null, "createdAt": "2020-02-03T04:50:18.271Z", "updatedAt": "2020-02-03T04:50:18.271Z", "commentCount": 9, "likeCount": 7, "withNickname": true, "tags": [], "topics": ["牙齒", "牙齒矯正", "牙套", "矯正", "矯正牙齒"], "meta": {"layout": "classic"}, "forumName": "牙齒矯正", "forumAlias": "orthodontics", "gender": "F", "school": "好想放假🥺", "department": "wun_0213", "replyTitle": null, "mediaMeta": [{"id": "6f29ad0c-94ce-4af2-b4d0-639d9a2eb765", "url": "https://megapx-assets.dcard.tw/images/558e4cb8-1d48-408e-8eb2-697faa9a0830/640.jpeg", "normalizedUrl": "https://megapx-assets.dcard.tw/images/558e4cb8-1d48-408e-8eb2-697faa9a0830/640.jpeg", "thumbnail": "https://megapx-assets.dcard.tw/images/558e4cb8-1d48-408e-8eb2-697faa9a0830/640.jpeg", "type": "image/thumbnail", "tags": ["ANNOTATED"], "createdAt": "2020-02-03T04:50:18.271Z", "updatedAt": "2020-02-03T04:50:18.271Z", "width": 640, "height": 365}, {"id": "6f29ad0c-94ce-4af2-b4d0-639d9a2eb765", "url": "https://megapx-assets.dcard.tw/images/558e4cb8-1d48-408e-8eb2-697faa9a0830/full.jpeg", "normalizedUrl": "https://megapx.dcard.tw/v1/images/558e4cb8-1d48-408e-8eb2-697faa9a0830", "thumbnail": "https://megapx-assets.dcard.tw/images/558e4cb8-1d48-408e-8eb2-697faa9a0830/640.jpeg", "type": "image/megapx", "tags": ["ANNOTATED"], "createdAt": "2020-02-03T04:50:18.271Z", "updatedAt": "2020-02-03T04:50:18.271Z", "width": 988, "height": 563}], "reactions": [{"id": "286f599c-f86a-4932-82f0-f5a06f1eca03", "count": 7}], "hidden": false, "customStyle": null, "isSuspiciousAccount": false, "layout": "classic", "withImages": true, "withVideos": false, "media": [{"url": "https://megapx-assets.dcard.tw/images/558e4cb8-1d48-408e-8eb2-697faa9a0830/full.jpeg"}], "reportReasonText": "", "postAvatar": ""}, {"id": 233004160, "title": "#問 剛上矯正器～", "excerpt": "請問為什麼我的矯正器一顆一顆的是彩色的，而且牙齒還被醫生畫線了有人也有這樣嗎@@，因為我上完矯正器回到家才照到鏡子所以沒有問醫生，而且我後來才發現牙齒有變小顆，醫生好像有把牙齒凹凸不平的地方磨平，可是", "anonymousSchool": false, "anonymousDepartment": true, "pinned": false, "forumId": "919f8537-6268-4404-b319-0cf46111ba34", "replyId": null, "createdAt": "2020-02-02T16:36:59.144Z", "updatedAt": "2020-02-02T16:36:59.144Z", "commentCount": 10, "likeCount": 7, "withNickname": false, "tags": [], "topics": ["矯正器", "牙套"], "meta": {"layout": "classic"}, "forumName": "牙齒矯正", "forumAlias": "orthodontics", "gender": "F", "school": "南臺科技大學", "replyTitle": null, "mediaMeta": [{"id": "ada38ee9-5fd9-4651-8c92-b791e70e0735", "url": "https://megapx-assets.dcard.tw/images/0c37e2c6-d6fd-4e65-9cde-d404cb584743/640.jpeg", "normalizedUrl": "https://megapx-assets.dcard.tw/images/0c37e2c6-d6fd-4e65-9cde-d404cb584743/640.jpeg", "thumbnail": "https://megapx-assets.dcard.tw/images/0c37e2c6-d6fd-4e65-9cde-d404cb584743/640.jpeg", "type": "image/thumbnail", "tags": ["ANNOTATED"], "createdAt": "2020-02-02T16:36:59.144Z", "updatedAt": "2020-02-02T16:36:59.144Z", "width": 480, "height": 640}, {"id": "ada38ee9-5fd9-4651-8c92-b791e70e0735", "url": "https://megapx-assets.dcard.tw/images/0c37e2c6-d6fd-4e65-9cde-d404cb584743/1280.jpeg", "normalizedUrl": "https://megapx.dcard.tw/v1/images/0c37e2c6-d6fd-4e65-9cde-d404cb584743", "thumbnail": "https://megapx-assets.dcard.tw/images/0c37e2c6-d6fd-4e65-9cde-d404cb584743/640.jpeg", "type": "image/megapx", "tags": ["ANNOTATED"], "createdAt": "2020-02-02T16:36:59.144Z", "updatedAt": "2020-02-02T16:36:59.144Z", "width": 1500, "height": 2000}], "reactions": [{"id": "286f599c-f86a-4932-82f0-f5a06f1eca03", "count": 7}], "hidden": false, "customStyle": null, "isSuspiciousAccount": false, "layout": "classic", "withImages": true, "withVideos": false, "media": [{"url": "https://megapx-assets.dcard.tw/images/0c37e2c6-d6fd-4e65-9cde-d404cb584743/1280.jpeg"}], "reportReasonText": "", "postAvatar": ""}, {"id": 233008685, "title": "要帶牙套了！", "excerpt": "再過一陣子就要上矯正器了，想問一下版上的各位，第一天帶有沒有什麼注意事項呢，還有會不會痛呀 爬很多文都說第二天睡起來是惡夢的開始", "anonymousSchool": false, "anonymousDepartment": true, "pinned": false, "forumId": "919f8537-6268-4404-b319-0cf46111ba34", "replyId": null, "createdAt": "2020-02-03T11:39:11.830Z", "updatedAt": "2020-02-03T11:39:11.830Z", "commentCount": 9, "likeCount": 5, "withNickname": false, "tags": [], "topics": ["牙齒矯正"], "meta": {"layout": "classic"}, "forumName": "牙齒矯正", "forumAlias": "orthodontics", "gender": "F", "school": "中山醫學大學", "replyTitle": null, "mediaMeta": [], "reactions": [{"id": "286f599c-f86a-4932-82f0-f5a06f1eca03", "count": 5}], "hidden": false, "customStyle": null, "isSuspiciousAccount": false, "layout": "classic", "withImages": false, "withVideos": false, "media": [], "reportReasonText": "", "postAvatar": ""}, {"id": 233010138, "title": "#詢問 牙齒整齊但笑起來不好看", "excerpt": "想請問有沒有跟我一樣ㄉ人🥺🥺，牙齒不亂，但是就覺得笑起來很不好看，笑的時候都用手遮QQ，好想漂亮的笑，請問這樣帶牙套會不會很浪費～～🥺", "anonymousSchool": false, "anonymousDepartment": true, "pinned": false, "forumId": "919f8537-6268-4404-b319-0cf46111ba34", "replyId": null, "createdAt": "2020-02-03T15:04:13.810Z", "updatedAt": "2020-02-03T15:04:13.810Z", "commentCount": 2, "likeCount": 3, "withNickname": false, "tags": ["HIDE_THUMBNAIL"], "topics": ["牙齒", "牙齒矯正", "矯正"], "meta": {"layout": "classic"}, "forumName": "牙齒矯正", "forumAlias": "orthodontics", "gender": "F", "school": "黎明技術學院", "replyTitle": null, "mediaMeta": [], "reactions": [{"id": "286f599c-f86a-4932-82f0-f5a06f1eca03", "count": 3}], "hidden": false, "customStyle": null, "isSuspiciousAccount": false, "layout": "classic", "withImages": false, "withVideos": false, "media": [], "reportReasonText": "", "postAvatar": ""}, {"id": 233006993, "title": "費用詢問", "excerpt": "大家好，我最近去一間診所諮詢，費用：傳統牙套50000+診斷費（齒模）5000元+維持器以及拆牙套6000元=61000元，每個月還要另外繳3000元的調整費（繳到拆牙套），這樣算貴嗎？", "anonymousSchool": false, "anonymousDepartment": false, "pinned": false, "forumId": "919f8537-6268-4404-b319-0cf46111ba34", "replyId": null, "createdAt": "2020-02-03T07:47:52.520Z", "updatedAt": "2020-02-03T07:47:52.520Z", "commentCount": 10, "likeCount": 2, "withNickname": true, "tags": ["HIDE_THUMBNAIL"], "topics": ["費用", "牙套", "矯正"], "meta": {"layout": "classic"}, "forumName": "牙齒矯正", "forumAlias": "orthodontics", "gender": "F", "school": "Bless", "department": "hui4411", "replyTitle": null, "mediaMeta": [], "reactions": [{"id": "286f599c-f86a-4932-82f0-f5a06f1eca03", "count": 2}], "hidden": false, "customStyle": null, "isSuspiciousAccount": false, "layout": "classic", "withImages": false, "withVideos": false, "media": [], "reportReasonText": "", "postAvatar": ""}, {"id": 233008978, "title": "#請益 國際牌DJ10跟DJ40沖牙機選擇", "excerpt": "這禮拜要裝牙套了 想請問大家有沒有使用過這兩台沖牙機的建議及評價，自己有上網爬文過實在是選不太出來，因為有考慮到要帶出國玩，DJ10是裝電池 但是電池是可拆下來 裝在電池充電座的那種方式充電 所以如果", "anonymousSchool": false, "anonymousDepartment": true, "pinned": false, "forumId": "919f8537-6268-4404-b319-0cf46111ba34", "replyId": null, "createdAt": "2020-02-03T12:27:29.470Z", "updatedAt": "2020-02-03T12:29:29.202Z", "commentCount": 1, "likeCount": 1, "withNickname": false, "tags": [], "topics": ["沖牙機", "牙齒矯正", "牙套"], "meta": {"layout": "classic"}, "forumName": "牙齒矯正", "forumAlias": "orthodontics", "gender": "F", "school": "台南應用科技大學", "replyTitle": null, "mediaMeta": [{"id": "1a809ce2-6a79-4ee9-a638-860f4cc368a1", "url": "https://i.imgur.com/lIm3CmKl.jpg", "normalizedUrl": "https://i.imgur.com/lIm3CmKl.jpg", "thumbnail": "https://i.imgur.com/lIm3CmKl.jpg", "type": "image/thumbnail", "tags": ["ANNOTATED"], "createdAt": "2020-02-03T12:27:29.470Z", "updatedAt": "2020-02-03T12:29:29.202Z"}, {"id": "1a809ce2-6a79-4ee9-a638-860f4cc368a1", "url": "https://i.imgur.com/lIm3CmK.jpg", "normalizedUrl": "https://imgur.com/lIm3CmK", "thumbnail": "https://i.imgur.com/lIm3CmKl.jpg", "type": "image/imgur", "tags": ["ANNOTATED"], "createdAt": "2020-02-03T12:27:29.470Z", "updatedAt": "2020-02-03T12:29:29.202Z"}, {"id": "4ce2204c-2989-417e-b953-23750349de2c", "url": "https://i.imgur.com/lHo2Zm9.jpg", "normalizedUrl": "https://imgur.com/lHo2Zm9", "thumbnail": "https://i.imgur.com/lHo2Zm9l.jpg", "type": "image/imgur", "tags": ["ANNOTATED"], "createdAt": "2020-02-03T12:27:29.470Z", "updatedAt": "2020-02-03T12:29:29.202Z"}], "reactions": [{"id": "286f599c-f86a-4932-82f0-f5a06f1eca03", "count": 1}], "hidden": false, "customStyle": null, "isSuspiciousAccount": false, "layout": "classic", "withImages": true, "withVideos": false, "media": [{"url": "https://i.imgur.com/lIm3CmK.jpg"}, {"url": "https://i.imgur.com/lHo2Zm9.jpg"}], "reportReasonText": "", "postAvatar": ""}, {"id": 233006695, "title": "水平智齒消腫的困擾(T_T)/~~~", "excerpt": "前天一口氣拔了2顆下排的水平智齒，拔完以後智齒沒有疼痛的感覺（沒吃止痛藥也不痛），但因為我有戴牙套所以腫起來的地方擠到牙套，使牙套外側的鋼圈卡在我腫起來的肉上（超痛），想請問一般多久會消腫？腫起來卡在", "anonymousSchool": false, "anonymousDepartment": true, "pinned": false, "forumId": "919f8537-6268-4404-b319-0cf46111ba34", "replyId": null, "createdAt": "2020-02-03T06:43:48.175Z", "updatedAt": "2020-02-03T06:43:48.175Z", "commentCount": 5, "likeCount": 1, "withNickname": false, "tags": [], "topics": ["智齒", "水平", "消腫", "拔智齒"], "meta": {"layout": "classic"}, "forumName": "牙齒矯正", "forumAlias": "orthodontics", "gender": "F", "school": "國立高雄餐旅大學", "replyTitle": null, "mediaMeta": [], "reactions": [{"id": "286f599c-f86a-4932-82f0-f5a06f1eca03", "count": 1}], "hidden": false, "customStyle": null, "isSuspiciousAccount": false, "layout": "classic", "withImages": false, "withVideos": false, "media": [], "reportReasonText": "", "postAvatar": ""}, {"id": 233006311, "title": "#問 台中矯正診所", "excerpt": "最近爬文預約了幾間牙科，想問問看有沒有在這幾間牙科矯正過的呢？是傳統到還是戴蒙的呢？（隱適美沒有考慮），因為這幾間是在很多文章留言裡看到的，所以資訊有點零零散散，之後看完也會在分享諮詢結果～只諮詢過第", "anonymousSchool": false, "anonymousDepartment": false, "pinned": false, "forumId": "919f8537-6268-4404-b319-0cf46111ba34", "replyId": null, "createdAt": "2020-02-03T05:18:55.481Z", "updatedAt": "2020-02-03T05:18:55.481Z", "commentCount": 1, "likeCount": 1, "withNickname": true, "tags": ["HIDE_THUMBNAIL"], "topics": ["矯正", "牙齒矯正", "牙套", "台中"], "meta": {"layout": "classic"}, "forumName": "牙齒矯正", "forumAlias": "orthodontics", "gender": "F", "school": "想成為鋼牙妹", "department": "shuaaa", "replyTitle": null, "mediaMeta": [], "reactions": [{"id": "286f599c-f86a-4932-82f0-f5a06f1eca03", "count": 1}], "hidden": false, "customStyle": null, "isSuspiciousAccount": false, "layout": "classic", "withImages": false, "withVideos": false, "media": [], "reportReasonText": "", "postAvatar": ""}, {"id": 233012006, "title": "#問 骨釘會讓牙齒歪掉嗎", "excerpt": "前幾天打了上排骨釘，打在倒數第二顆臼齒上面，但打得沒有很上面，好像因此讓那顆牙往舌頭的方向歪進來，（我記得原本上下咬起來時，都碰得到，現在變成只有打骨釘下方那顆跟下排對的到，倒數第一顆牙完全碰不到下排", "anonymousSchool": false, "anonymousDepartment": true, "pinned": false, "forumId": "919f8537-6268-4404-b319-0cf46111ba34", "replyId": null, "createdAt": "2020-02-03T21:53:10.769Z", "updatedAt": "2020-02-03T21:53:10.769Z", "commentCount": 1, "likeCount": 0, "withNickname": false, "tags": ["HIDE_THUMBNAIL"], "topics": ["骨釘", "牙齒矯正", "牙齒", "矯正", "牙套"], "meta": {"layout": "classic"}, "forumName": "牙齒矯正", "forumAlias": "orthodontics", "gender": "F", "school": "醒吾科技大學", "replyTitle": null, "mediaMeta": [], "reactions": [], "hidden": false, "customStyle": null, "isSuspiciousAccount": false, "layout": "classic", "withImages": false, "withVideos": false, "media": [], "reportReasonText": "", "postAvatar": ""}, {"id": 233010402, "title": "請問有推薦台北植牙+矯正的醫生嗎？", "excerpt": "如題，因小時候調皮撞斷左邊門牙，之前一直戴活動式假牙，但長期下來感覺牙齒咬合排列越來越不好，幾年前是有詢問過矯正跟植牙，但想再多詢問幾間牙醫，麻煩各位大大推薦 感謝", "anonymousSchool": false, "anonymousDepartment": false, "pinned": false, "forumId": "919f8537-6268-4404-b319-0cf46111ba34", "replyId": null, "createdAt": "2020-02-03T15:33:04.933Z", "updatedAt": "2020-02-03T15:33:04.933Z", "commentCount": 0, "likeCount": 0, "withNickname": true, "tags": ["HIDE_THUMBNAIL"], "topics": ["醫生", "植牙", "台北", "矯正", "牙齒矯正"], "meta": {"layout": "classic"}, "forumName": "牙齒矯正", "forumAlias": "orthodontics", "gender": "F", "school": "s1201", "department": "sw9999", "replyTitle": null, "mediaMeta": [], "reactions": [], "hidden": false, "customStyle": null, "isSuspiciousAccount": false, "layout": "classic", "withImages": false, "withVideos": false, "media": [], "reportReasonText": "", "postAvatar": ""}, {"id": 233010047, "title": "#詢問 齊美牙醫矯正", "excerpt": "前陣子去齊美諮詢矯正，預約到的是古醫生，醫生很溫柔、診所的環境也不錯，當下心裡就決定要在這裏戴了，但讓我比較顧慮的是板上的分享文好像是推康醫師的居多，想問給古醫生矯正的覺得如何呢？或是在齊美矯正的滿不", "anonymousSchool": false, "anonymousDepartment": true, "pinned": false, "forumId": "919f8537-6268-4404-b319-0cf46111ba34", "replyId": null, "createdAt": "2020-02-03T14:53:50.255Z", "updatedAt": "2020-02-03T14:53:50.255Z", "commentCount": 0, "likeCount": 0, "withNickname": false, "tags": ["HIDE_THUMBNAIL"], "topics": ["矯正", "牙醫", "牙齒矯正", "牙套", "矯正牙齒"], "meta": {"layout": "classic"}, "forumName": "牙齒矯正", "forumAlias": "orthodontics", "gender": "F", "school": "國立臺北大學", "replyTitle": null, "mediaMeta": [], "reactions": [], "hidden": false, "customStyle": null, "isSuspiciousAccount": false, "layout": "classic", "withImages": false, "withVideos": false, "media": [], "reportReasonText": "", "postAvatar": ""}, {"id": 233009908, "title": "一天沒戴維持器心情好煎熬", "excerpt": "牙齒矯正完約一個多月，今天竟然將維持器放在公司忘了戴回家，Σ（ﾟдﾟlll），從今天早上八點到隔天早上八點沒有維持器的生活，老實說平常我沒照醫生說的24小時乖乖戴著，但晚上睡覺是一定會戴上的，好擔心明", "anonymousSchool": false, "anonymousDepartment": true, "pinned": false, "forumId": "919f8537-6268-4404-b319-0cf46111ba34", "replyId": null, "createdAt": "2020-02-03T14:36:02.391Z", "updatedAt": "2020-02-03T14:36:02.391Z", "commentCount": 5, "likeCount": 0, "withNickname": false, "tags": ["HIDE_THUMBNAIL"], "topics": ["維持器", "牙齒矯正", "牙套", "矯正", "牙齒"], "meta": {"layout": "classic"}, "forumName": "牙齒矯正", "forumAlias": "orthodontics", "gender": "F", "school": "致理科技大學", "replyTitle": null, "mediaMeta": [], "reactions": [], "hidden": false, "customStyle": null, "isSuspiciousAccount": false, "layout": "classic", "withImages": false, "withVideos": false, "media": [], "reportReasonText": "", "postAvatar": ""}, {"id": 233007418, "title": "#問 基隆汐止松山南港內湖矯正", "excerpt": "最近開始預約諮詢矯正，目前已經諮詢過文湖牙醫及極緻美學牙醫2家，但是這2家的費用超過我的預算。我希望費用在15萬以下、是中華矯正學會的醫生、耐心講解的醫生，想請問大家有沒有另外推薦的，這幾天想預約王簾", "anonymousSchool": false, "anonymousDepartment": true, "pinned": false, "forumId": "919f8537-6268-4404-b319-0cf46111ba34", "replyId": null, "createdAt": "2020-02-03T08:47:07.108Z", "updatedAt": "2020-02-03T08:47:07.108Z", "commentCount": 0, "likeCount": 0, "withNickname": false, "tags": ["HIDE_THUMBNAIL"], "topics": ["南港", "松山", "基隆", "矯正", "汐止"], "meta": {"layout": "classic"}, "forumName": "牙齒矯正", "forumAlias": "orthodontics", "gender": "F", "school": "銘傳大學", "replyTitle": null, "mediaMeta": [], "reactions": [], "hidden": false, "customStyle": null, "isSuspiciousAccount": false, "layout": "classic", "withImages": false, "withVideos": false, "media": [], "reportReasonText": "", "postAvatar": ""}]