[{"id": 233006632, "title": "我被暗戀的姐姐偷親了 電影後續", "excerpt": "對不起大家，昨天晚上實在發生很多事情，所以才沒有更新，看到很多人在線等到很晚真是對不起嗚嗚嗚，因為有很多天使們（ 尊稱各位 ）推薦 「 她們 」於是決定要看這部！！！，可是電影的時間點好像都是晚餐前後", "anonymousSchool": true, "anonymousDepartment": true, "pinned": false, "forumId": "b5b2653a-6304-4564-9ea0-a4cec0be7aee", "replyId": 232997554, "createdAt": "2020-02-03T06:32:12.780Z", "updatedAt": "2020-02-03T07:19:11.685Z", "commentCount": 290, "likeCount": 1850, "withNickname": false, "tags": ["HIDE_THUMBNAIL"], "topics": [], "meta": {"layout": "classic"}, "forumName": "彩虹", "forumAlias": "rainbow", "gender": "F", "replyTitle": "我被暗戀的姐姐偷親了 煩惱", "mediaMeta": [], "reactions": [{"id": "286f599c-f86a-4932-82f0-f5a06f1eca03", "count": 1785}, {"id": "e8e6bc5d-41b0-4129-b134-97507523d7ff", "count": 55}, {"id": "4b018f48-e184-445f-adf1-fc8e04ba09b9", "count": 9}, {"id": "aa0d425f-d530-4478-9a77-fe3aedc79eea", "count": 1}], "hidden": false, "customStyle": null, "isSuspiciousAccount": false, "layout": "classic", "withImages": false, "withVideos": false, "media": [], "reportReasonText": "", "postAvatar": ""}, {"id": 233003926, "title": "跟高中生做妥當嗎…", "excerpt": "我和女友是學姐和學妹的關係，以前讀同一所高中 但我現在大一 女友高三，最近都去女友家陪她過夜，過夜是睡同一張床 躺在床上的時候，都會抱抱 但近期女友都會到處摸，我也會阻止她說不可以摸太私密的地方，甚至", "anonymousSchool": true, "anonymousDepartment": true, "pinned": false, "forumId": "b5b2653a-6304-4564-9ea0-a4cec0be7aee", "replyId": null, "createdAt": "2020-02-02T16:07:12.291Z", "updatedAt": "2020-02-02T16:07:12.291Z", "commentCount": 50, "likeCount": 423, "withNickname": false, "tags": [], "topics": ["PPL"], "meta": {"layout": "classic"}, "forumName": "彩虹", "forumAlias": "rainbow", "gender": "F", "replyTitle": null, "mediaMeta": [], "reactions": [{"id": "286f599c-f86a-4932-82f0-f5a06f1eca03", "count": 422}, {"id": "e8e6bc5d-41b0-4129-b134-97507523d7ff", "count": 1}], "hidden": false, "customStyle": null, "isSuspiciousAccount": false, "layout": "classic", "withImages": false, "withVideos": false, "media": [], "reportReasonText": "", "postAvatar": ""}, {"id": 233010625, "title": "Irene & Claire 日常 #15", "excerpt": "Hi~大家好嗎？ 我是Claire，由於我們在西雅圖發生一些不是很好的事，所以暫停發文了一段時間，我和Irene商量以後決定不分享那些不好的事，總之呢～我們之間還是很好，真心感謝大家的關心，Irene", "anonymousSchool": false, "anonymousDepartment": true, "pinned": false, "forumId": "b5b2653a-6304-4564-9ea0-a4cec0be7aee", "replyId": 232454838, "createdAt": "2020-02-03T15:59:13.381Z", "updatedAt": "2020-02-03T15:59:13.381Z", "commentCount": 19, "likeCount": 213, "withNickname": true, "tags": ["HIDE_THUMBNAIL"], "topics": [], "meta": {"layout": "classic"}, "forumName": "彩虹", "forumAlias": "rainbow", "gender": "F", "school": "C.L.", "department": "oooooopssssss", "replyTitle": "Irene & Claire 特別的日子 part2/2", "mediaMeta": [], "reactions": [{"id": "286f599c-f86a-4932-82f0-f5a06f1eca03", "count": 213}], "hidden": false, "customStyle": null, "isSuspiciousAccount": false, "layout": "classic", "withImages": false, "withVideos": false, "media": [], "reportReasonText": "", "postAvatar": ""}, {"id": 233004710, "title": "十個你該跟小矮個交往的理由(從1號觀點來看)", "excerpt": "1.很小隻看起來相對年輕、可愛，2.出去玩的時候因為衣服褲子都比較小件，行李箱能裝更多東西，3.因為小隻，捉弄起來也比較好玩，例如把他抱起來不放他下來，4.食量通常比較少，常常可以吃到他吃不完的東西，", "anonymousSchool": true, "anonymousDepartment": true, "pinned": false, "forumId": "b5b2653a-6304-4564-9ea0-a4cec0be7aee", "replyId": null, "createdAt": "2020-02-02T18:06:26.168Z", "updatedAt": "2020-02-02T18:06:26.168Z", "commentCount": 75, "likeCount": 204, "withNickname": false, "tags": ["HIDE_THUMBNAIL"], "topics": [], "meta": {"layout": "classic"}, "forumName": "彩虹", "forumAlias": "rainbow", "gender": "M", "replyTitle": null, "mediaMeta": [], "reactions": [{"id": "286f599c-f86a-4932-82f0-f5a06f1eca03", "count": 186}, {"id": "e8e6bc5d-41b0-4129-b134-97507523d7ff", "count": 15}, {"id": "514c2569-fd53-4d9d-a415-bf0f88e7329f", "count": 3}], "hidden": false, "customStyle": null, "isSuspiciousAccount": false, "layout": "classic", "withImages": false, "withVideos": false, "media": [], "reportReasonText": "", "postAvatar": ""}, {"id": 233006489, "title": "喝醉的姐姐變我女友 3（重發", "excerpt": "嗨我是丹，晴說她ㄘㄟˋ心感覺沒有很多人看哈哈哈哈哈哈哈哈哈哈，不過你們之後都有可能在留言看到她，完蛋 我常常按到用學校身份發文 所以有時候刪掉是因為格式錯要重發，- 正文 -，就算有小心動，那時候的我", "anonymousSchool": false, "anonymousDepartment": true, "pinned": false, "forumId": "b5b2653a-6304-4564-9ea0-a4cec0be7aee", "replyId": 232999977, "createdAt": "2020-02-03T05:58:03.424Z", "updatedAt": "2020-02-03T05:58:31.745Z", "commentCount": 26, "likeCount": 135, "withNickname": true, "tags": [], "topics": ["彩虹", "PPL", "日常"], "meta": {"layout": "classic"}, "forumName": "彩虹", "forumAlias": "rainbow", "gender": "F", "school": "丹丹漢堡", "department": "zerocusone", "replyTitle": "喝醉的姐姐變我女友 2.5(晴視角", "mediaMeta": [], "reactions": [{"id": "286f599c-f86a-4932-82f0-f5a06f1eca03", "count": 130}, {"id": "e8e6bc5d-41b0-4129-b134-97507523d7ff", "count": 5}], "hidden": false, "customStyle": null, "isSuspiciousAccount": false, "layout": "classic", "withImages": false, "withVideos": false, "media": [], "reportReasonText": "", "postAvatar": ""}, {"id": 233006660, "title": "帶姐姐回家過年", "excerpt": "這次過年不同以往，終於帶姐姐回家過年。雖然之前在公投案的時候，跟老媽正式出櫃一次，她的態度沒有明顯的反對也沒有贊成，當了20幾年的異性戀要跟媽媽說我現在的交往對象是個女生的時候，真的好難好難，不過還是", "anonymousSchool": true, "anonymousDepartment": true, "pinned": false, "forumId": "b5b2653a-6304-4564-9ea0-a4cec0be7aee", "replyId": 232242809, "createdAt": "2020-02-03T06:37:00.631Z", "updatedAt": "2020-02-03T06:37:00.631Z", "commentCount": 2, "likeCount": 97, "withNickname": false, "tags": ["HIDE_THUMBNAIL"], "topics": ["PPL", "姐姐很可愛", "出櫃", "過年紅包", "爸媽的愛"], "meta": {"layout": "classic"}, "forumName": "彩虹", "forumAlias": "rainbow", "gender": "F", "replyTitle": "命中註定woo到妳（微西斯文長", "mediaMeta": [], "reactions": [{"id": "286f599c-f86a-4932-82f0-f5a06f1eca03", "count": 96}, {"id": "e8e6bc5d-41b0-4129-b134-97507523d7ff", "count": 1}], "hidden": false, "customStyle": null, "isSuspiciousAccount": false, "layout": "classic", "withImages": false, "withVideos": false, "media": [], "reportReasonText": "", "postAvatar": ""}, {"id": 233004237, "title": "第一次吵架", "excerpt": "前兩天跟女神吃好*豆花，女神吃養生豆花，我則是點巧克力布丁豆花。忘記聊到什麼，女神突然用不屑的口氣與眼神說：「哼你那個根本就是巧克力布丁！」！！！！，我憤怒了！，我生氣了！，我勃然大怒！，我要為巧克力", "anonymousSchool": false, "anonymousDepartment": true, "pinned": false, "forumId": "b5b2653a-6304-4564-9ea0-a4cec0be7aee", "replyId": null, "createdAt": "2020-02-02T16:47:44.588Z", "updatedAt": "2020-02-02T16:47:44.588Z", "commentCount": 4, "likeCount": 94, "withNickname": true, "tags": ["HIDE_THUMBNAIL"], "topics": ["最近好冷", "還好有熱熱的女友可以抱", "嘿嘿"], "meta": {"layout": "classic"}, "forumName": "彩虹", "forumAlias": "rainbow", "gender": "F", "school": "奶茶人生", "department": "ta1l46", "replyTitle": null, "mediaMeta": [], "reactions": [{"id": "286f599c-f86a-4932-82f0-f5a06f1eca03", "count": 91}, {"id": "e8e6bc5d-41b0-4129-b134-97507523d7ff", "count": 3}], "hidden": false, "customStyle": null, "isSuspiciousAccount": false, "layout": "classic", "withImages": false, "withVideos": false, "media": [], "reportReasonText": "", "postAvatar": ""}, {"id": 233005397, "title": "我的分機是2629 (4)", "excerpt": "前情提要，<地球上有七十億人口，偏偏我就只喜歡妳>，不知不覺，進公司也一個月的時間，除了上班車程遠了、身邊漂亮的妹子同事多了，再來就是平常不愛甜食的我，竟也因為壓力過大開始會找甜食紓壓，除此之外，我的", "anonymousSchool": false, "anonymousDepartment": true, "pinned": false, "forumId": "b5b2653a-6304-4564-9ea0-a4cec0be7aee", "replyId": null, "createdAt": "2020-02-03T01:08:00.419Z", "updatedAt": "2020-02-04T02:24:27.903Z", "commentCount": 15, "likeCount": 78, "withNickname": true, "tags": [], "topics": ["Lesbian", "暗戀", "心情"], "meta": {"layout": "classic"}, "forumName": "彩虹", "forumAlias": "rainbow", "gender": "F", "school": "酪梨牛奶不加冰", "department": "elfvow", "replyTitle": null, "mediaMeta": [{"id": "17830098-523f-446f-8179-5ce4819b09ce", "url": "https://i.imgur.com/xM5J1udl.jpg", "normalizedUrl": "https://i.imgur.com/xM5J1udl.jpg", "thumbnail": "https://i.imgur.com/xM5J1udl.jpg", "type": "image/thumbnail", "tags": ["ANNOTATED"], "createdAt": "2020-02-03T01:08:00.419Z", "updatedAt": "2020-02-04T02:24:27.903Z"}, {"id": "17830098-523f-446f-8179-5ce4819b09ce", "url": "http://i.imgur.com/xM5J1ud.jpg", "normalizedUrl": "https://imgur.com/xM5J1ud", "thumbnail": "https://i.imgur.com/xM5J1udl.jpg", "type": "image/imgur", "tags": ["ANNOTATED"], "createdAt": "2020-02-03T01:08:00.419Z", "updatedAt": "2020-02-04T02:24:27.903Z"}], "reactions": [{"id": "286f599c-f86a-4932-82f0-f5a06f1eca03", "count": 78}], "hidden": false, "customStyle": null, "isSuspiciousAccount": false, "layout": "classic", "withImages": true, "withVideos": false, "media": [{"url": "http://i.imgur.com/xM5J1ud.jpg"}], "reportReasonText": "", "postAvatar": ""}, {"id": 233006326, "title": "不正常關係的吸引（微西斯）", "excerpt": "A：「我們…分手吧」我：「好…」自分手至今已過2年，我與A依舊持續聯絡…甚至是上床，我知道我們這樣做是不正常，但互相解決生理需求好像也沒有什麼不對，而我們分手後也依舊單身，但…每一次和A做完都會有深深", "anonymousSchool": true, "anonymousDepartment": true, "pinned": false, "forumId": "b5b2653a-6304-4564-9ea0-a4cec0be7aee", "replyId": null, "createdAt": "2020-02-03T05:22:27.661Z", "updatedAt": "2020-02-03T05:22:27.661Z", "commentCount": 10, "likeCount": 70, "withNickname": false, "tags": [], "topics": ["Les", "PPL", "彩虹"], "meta": {"layout": "classic"}, "forumName": "彩虹", "forumAlias": "rainbow", "gender": "F", "replyTitle": null, "mediaMeta": [], "reactions": [{"id": "286f599c-f86a-4932-82f0-f5a06f1eca03", "count": 66}, {"id": "aa0d425f-d530-4478-9a77-fe3aedc79eea", "count": 2}, {"id": "514c2569-fd53-4d9d-a415-bf0f88e7329f", "count": 1}, {"id": "e8e6bc5d-41b0-4129-b134-97507523d7ff", "count": 1}], "hidden": false, "customStyle": null, "isSuspiciousAccount": false, "layout": "classic", "withImages": false, "withVideos": false, "media": [], "reportReasonText": "", "postAvatar": ""}, {"id": 233004536, "title": "女友說我真的很了解她", "excerpt": "女友每次下班我都能大概猜到他在做什麼，因為他在做事的時候都會有一些動作讓我能知道他在幹嘛，久了就能知道他回這些或這時間都能猜測到他在幹嘛，十次都會猜對九次，好啦下面久違的對話，️：北鼻 ：我，：阿北鼻", "anonymousSchool": false, "anonymousDepartment": true, "pinned": false, "forumId": "b5b2653a-6304-4564-9ea0-a4cec0be7aee", "replyId": null, "createdAt": "2020-02-02T17:33:19.795Z", "updatedAt": "2020-02-02T17:34:37.845Z", "commentCount": 2, "likeCount": 60, "withNickname": true, "tags": [], "topics": ["日常", "遠距離"], "meta": {"layout": "classic"}, "forumName": "彩虹", "forumAlias": "rainbow", "gender": "F", "school": "花枝丸的☀️❤️", "department": "sunny0703", "replyTitle": null, "mediaMeta": [], "reactions": [{"id": "286f599c-f86a-4932-82f0-f5a06f1eca03", "count": 58}, {"id": "e8e6bc5d-41b0-4129-b134-97507523d7ff", "count": 2}], "hidden": false, "customStyle": null, "isSuspiciousAccount": false, "layout": "classic", "withImages": false, "withVideos": false, "media": [], "reportReasonText": "", "postAvatar": ""}, {"id": 233011879, "title": "#多圖 從長髮➡️短髮", "excerpt": "一直都很想嘗試短髮，一直都沒有勇氣去剪，最後就一直被我無限期延長這個想法（大概兩年^_^），加上我覺得馬尾很好整理也不用思考🤪，然後到了去年11/25，被我女朋友強制鼓起勇氣帶去剪短，雖然直到坐上去", "anonymousSchool": true, "anonymousDepartment": true, "pinned": false, "forumId": "b5b2653a-6304-4564-9ea0-a4cec0be7aee", "replyId": null, "createdAt": "2020-02-03T20:02:48.918Z", "updatedAt": "2020-02-03T20:02:48.918Z", "commentCount": 5, "likeCount": 50, "withNickname": false, "tags": ["HIDE_THUMBNAIL"], "topics": ["短髮"], "meta": {"layout": "classic"}, "forumName": "彩虹", "forumAlias": "rainbow", "gender": "F", "replyTitle": null, "mediaMeta": [{"id": "4e7ae709-0387-4a8d-8d34-6260c789b8f7", "url": "https://megapx-assets.dcard.tw/images/890dc452-56a2-4f16-b12f-7bcf8e87d99d/1280.jpeg", "normalizedUrl": "https://megapx.dcard.tw/v1/images/890dc452-56a2-4f16-b12f-7bcf8e87d99d", "thumbnail": "https://megapx-assets.dcard.tw/images/890dc452-56a2-4f16-b12f-7bcf8e87d99d/640.jpeg", "type": "image/megapx", "tags": [], "createdAt": "2020-02-03T20:02:48.918Z", "updatedAt": "2020-02-03T20:02:48.918Z", "width": 2000, "height": 1334}, {"id": "38d33bb2-7a90-4ef9-8489-5b8f1917f5bf", "url": "https://megapx-assets.dcard.tw/images/aed61f02-2985-41b5-9e02-3f841622aec6/1280.jpeg", "normalizedUrl": "https://megapx.dcard.tw/v1/images/aed61f02-2985-41b5-9e02-3f841622aec6", "thumbnail": "https://megapx-assets.dcard.tw/images/aed61f02-2985-41b5-9e02-3f841622aec6/640.jpeg", "type": "image/megapx", "tags": [], "createdAt": "2020-02-03T20:02:48.918Z", "updatedAt": "2020-02-03T20:02:48.918Z", "width": 1111, "height": 1479}, {"id": "b4c0ff27-0088-4c7e-bc78-d72fff5fe09a", "url": "https://megapx-assets.dcard.tw/images/5738e194-1ab3-46b4-af35-c90608ccb974/full.jpeg", "normalizedUrl": "https://megapx.dcard.tw/v1/images/5738e194-1ab3-46b4-af35-c90608ccb974", "thumbnail": "https://megapx-assets.dcard.tw/images/5738e194-1ab3-46b4-af35-c90608ccb974/640.jpeg", "type": "image/megapx", "tags": [], "createdAt": "2020-02-03T20:02:48.918Z", "updatedAt": "2020-02-03T20:02:48.918Z", "width": 938, "height": 1131}, {"id": "bded1103-ad4f-433a-8dfc-d44c9ebaf33a", "url": "https://megapx-assets.dcard.tw/images/8cecd63d-2b42-453c-a933-0fa5a33f1667/1280.jpeg", "normalizedUrl": "https://megapx.dcard.tw/v1/images/8cecd63d-2b42-453c-a933-0fa5a33f1667", "thumbnail": "https://megapx-assets.dcard.tw/images/8cecd63d-2b42-453c-a933-0fa5a33f1667/640.jpeg", "type": "image/megapx", "tags": [], "createdAt": "2020-02-03T20:02:48.918Z", "updatedAt": "2020-02-03T20:02:48.918Z", "width": 1500, "height": 2000}, {"id": "d84805f9-5621-4ac1-94ca-7abcda873b81", "url": "https://megapx-assets.dcard.tw/images/6e5149cd-0083-4790-9f97-3c68748bcfeb/1280.jpeg", "normalizedUrl": "https://megapx.dcard.tw/v1/images/6e5149cd-0083-4790-9f97-3c68748bcfeb", "thumbnail": "https://megapx-assets.dcard.tw/images/6e5149cd-0083-4790-9f97-3c68748bcfeb/640.jpeg", "type": "image/megapx", "tags": [], "createdAt": "2020-02-03T20:02:48.918Z", "updatedAt": "2020-02-03T20:02:48.918Z", "width": 2000, "height": 2000}, {"id": "02e7a542-000f-4c73-9bf9-cbb35a847126", "url": "https://megapx-assets.dcard.tw/images/c97ebc25-3234-4547-9de7-d234acd8f6d8/full.jpeg", "normalizedUrl": "https://megapx.dcard.tw/v1/images/c97ebc25-3234-4547-9de7-d234acd8f6d8", "thumbnail": "https://megapx-assets.dcard.tw/images/c97ebc25-3234-4547-9de7-d234acd8f6d8/640.jpeg", "type": "image/megapx", "tags": [], "createdAt": "2020-02-03T20:02:48.918Z", "updatedAt": "2020-02-03T20:02:48.918Z", "width": 750, "height": 1000}, {"id": "5d9b3db1-d35b-45a8-a188-03324646ea28", "url": "https://megapx-assets.dcard.tw/images/c01914d9-4684-4fc2-b397-bd8211890890/1280.jpeg", "normalizedUrl": "https://megapx.dcard.tw/v1/images/c01914d9-4684-4fc2-b397-bd8211890890", "thumbnail": "https://megapx-assets.dcard.tw/images/c01914d9-4684-4fc2-b397-bd8211890890/640.jpeg", "type": "image/megapx", "tags": [], "createdAt": "2020-02-03T20:02:48.918Z", "updatedAt": "2020-02-03T20:02:48.918Z", "width": 2000, "height": 1334}, {"id": "9ad5b25f-0456-4c20-b4c8-92434e1b74ac", "url": "https://megapx-assets.dcard.tw/images/9d8ef59a-1b0f-4794-93ed-34202ebeac61/1280.jpeg", "normalizedUrl": "https://megapx.dcard.tw/v1/images/9d8ef59a-1b0f-4794-93ed-34202ebeac61", "thumbnail": "https://megapx-assets.dcard.tw/images/9d8ef59a-1b0f-4794-93ed-34202ebeac61/640.jpeg", "type": "image/megapx", "tags": [], "createdAt": "2020-02-03T20:02:48.918Z", "updatedAt": "2020-02-03T20:02:48.918Z", "width": 1108, "height": 1478}, {"id": "e76b7972-5e5a-4042-b6a6-df21c5085724", "url": "https://megapx-assets.dcard.tw/images/a96e579a-1b8d-448c-9737-8451daaf4f03/1280.jpeg", "normalizedUrl": "https://megapx.dcard.tw/v1/images/a96e579a-1b8d-448c-9737-8451daaf4f03", "thumbnail": "https://megapx-assets.dcard.tw/images/a96e579a-1b8d-448c-9737-8451daaf4f03/640.jpeg", "type": "image/megapx", "tags": [], "createdAt": "2020-02-03T20:02:48.918Z", "updatedAt": "2020-02-03T20:02:48.918Z", "width": 1108, "height": 1478}], "reactions": [{"id": "286f599c-f86a-4932-82f0-f5a06f1eca03", "count": 49}, {"id": "aa0d425f-d530-4478-9a77-fe3aedc79eea", "count": 1}], "hidden": false, "customStyle": null, "isSuspiciousAccount": false, "layout": "classic", "withImages": true, "withVideos": false, "media": [], "reportReasonText": "", "postAvatar": ""}, {"id": 233008894, "title": "吃之前,先看有沒有毒—4", "excerpt": "讓各位久等了，我來寫下篇了，有人說我的文章感覺變了，我自己也覺得我的文筆掉了（是太久沒寫了嗎），不過我覺得最大原因是因為時間問題，前兩任是好幾年累積下來的點滴，我可以濃縮精華寫給你們，也好編排，但現任", "anonymousSchool": false, "anonymousDepartment": true, "pinned": false, "forumId": "b5b2653a-6304-4564-9ea0-a4cec0be7aee", "replyId": null, "createdAt": "2020-02-03T12:14:02.332Z", "updatedAt": "2020-02-03T12:14:02.332Z", "commentCount": 22, "likeCount": 49, "withNickname": true, "tags": [], "topics": ["PPL"], "meta": {"layout": "classic"}, "forumName": "彩虹", "forumAlias": "rainbow", "gender": "F", "school": "表裡不一的人", "department": "s45265208", "replyTitle": null, "mediaMeta": [], "reactions": [{"id": "286f599c-f86a-4932-82f0-f5a06f1eca03", "count": 47}, {"id": "4b018f48-e184-445f-adf1-fc8e04ba09b9", "count": 1}, {"id": "aa0d425f-d530-4478-9a77-fe3aedc79eea", "count": 1}], "hidden": false, "customStyle": null, "isSuspiciousAccount": false, "layout": "classic", "withImages": false, "withVideos": false, "media": [], "reportReasonText": "", "postAvatar": ""}, {"id": 233003897, "title": "原來我的初戀是妳啊6", "excerpt": "「欸 妳到底為什麼那天心情不好啊？」「我是有大概猜到幾個理由啦。」『 那妳說說看啊』海邊行前幾天，我們吵了一場架，那件事像個轉捩點，在那之後才讓她開始有較明顯的進攻（？在最後一年的大學生活，我們系的畢", "anonymousSchool": true, "anonymousDepartment": true, "pinned": false, "forumId": "b5b2653a-6304-4564-9ea0-a4cec0be7aee", "replyId": 232908099, "createdAt": "2020-02-02T16:03:39.675Z", "updatedAt": "2020-02-02T16:03:39.675Z", "commentCount": 14, "likeCount": 48, "withNickname": false, "tags": ["HIDE_THUMBNAIL"], "topics": [], "meta": {"layout": "classic"}, "forumName": "彩虹", "forumAlias": "rainbow", "gender": "F", "replyTitle": "原來我的初戀是妳啊5", "mediaMeta": [], "reactions": [{"id": "286f599c-f86a-4932-82f0-f5a06f1eca03", "count": 48}], "hidden": false, "customStyle": null, "isSuspiciousAccount": false, "layout": "classic", "withImages": false, "withVideos": false, "media": [], "reportReasonText": "", "postAvatar": ""}, {"id": 233004640, "title": "親愛的學弟", "excerpt": "那年對自我認知還懵懂的我，在軍中遇見了相差5梯的你，一開始覺得這是一個剛進來想要照顧的學弟，漸漸的發現好像喜歡上你了，也漸漸的接受自己內心深處不願面對的一面，面對我喜歡你的那顆心，有好幾次想爬上你的床", "anonymousSchool": true, "anonymousDepartment": true, "pinned": false, "forumId": "b5b2653a-6304-4564-9ea0-a4cec0be7aee", "replyId": null, "createdAt": "2020-02-02T17:50:37.548Z", "updatedAt": "2020-02-02T18:03:45.629Z", "commentCount": 2, "likeCount": 47, "withNickname": false, "tags": ["HIDE_THUMBNAIL"], "topics": ["男同志", "學弟", "遠距離", "海軍", "海軍艦艇兵"], "meta": {"layout": "classic"}, "forumName": "彩虹", "forumAlias": "rainbow", "gender": "M", "replyTitle": null, "mediaMeta": [], "reactions": [{"id": "286f599c-f86a-4932-82f0-f5a06f1eca03", "count": 46}, {"id": "514c2569-fd53-4d9d-a415-bf0f88e7329f", "count": 1}], "hidden": false, "customStyle": null, "isSuspiciousAccount": false, "layout": "classic", "withImages": false, "withVideos": false, "media": [], "reportReasonText": "", "postAvatar": ""}, {"id": 233007799, "title": "直女有毒！", "excerpt": "我喜歡的人曾經親手餵我吃東西。（我跟他共同的朋友圈只有她對我這麼做），我喜歡的人曾經把她吃過的東西給我吃。（也是只有對我這麼做），還好我非常清醒！我知道她這輩子不可能喜歡我，但是她做的當下，真的心跳失", "anonymousSchool": true, "anonymousDepartment": true, "pinned": false, "forumId": "b5b2653a-6304-4564-9ea0-a4cec0be7aee", "replyId": null, "createdAt": "2020-02-03T09:34:06.247Z", "updatedAt": "2020-02-03T09:34:33.624Z", "commentCount": 29, "likeCount": 46, "withNickname": false, "tags": [], "topics": ["彩虹", "直女有毒", "單戀", "不要那麼撩啊啊啊啊啊"], "meta": {"layout": "classic"}, "forumName": "彩虹", "forumAlias": "rainbow", "gender": "F", "replyTitle": null, "mediaMeta": [], "reactions": [{"id": "286f599c-f86a-4932-82f0-f5a06f1eca03", "count": 46}], "hidden": false, "customStyle": null, "isSuspiciousAccount": false, "layout": "classic", "withImages": false, "withVideos": false, "media": [], "reportReasonText": "", "postAvatar": ""}, {"id": 233010035, "title": "因為下雨我才有理由去找你—成為司機的小三寶", "excerpt": "自從上次突然去接姐姐以後，跟姐姐的關係好像變得更好一點，每天都會傳訊息跟對方說晚安，天氣冷的時候姐姐也會關心我有沒有戴圍巾，穿外套，但......除此以外我們也沒有再進展什麼，甚至一個禮拜過去了，都還", "anonymousSchool": true, "anonymousDepartment": true, "pinned": false, "forumId": "b5b2653a-6304-4564-9ea0-a4cec0be7aee", "replyId": 232998551, "createdAt": "2020-02-03T14:52:31.832Z", "updatedAt": "2020-02-03T14:52:31.832Z", "commentCount": 10, "likeCount": 39, "withNickname": false, "tags": [], "topics": ["PPL", "姐姐", "曖昧"], "meta": {"layout": "classic"}, "forumName": "彩虹", "forumAlias": "rainbow", "gender": "F", "replyTitle": "因為下雨我才有理由找你", "mediaMeta": [{"id": "6bb88126-4d20-44d8-9131-16f34bb8fa82", "url": "https://megapx-assets.dcard.tw/images/a36c0af4-c6ff-4d94-ad07-41392861e733/640.jpeg", "normalizedUrl": "https://megapx-assets.dcard.tw/images/a36c0af4-c6ff-4d94-ad07-41392861e733/640.jpeg", "thumbnail": "https://megapx-assets.dcard.tw/images/a36c0af4-c6ff-4d94-ad07-41392861e733/640.jpeg", "type": "image/thumbnail", "tags": ["ANNOTATED"], "createdAt": "2020-02-03T14:52:31.832Z", "updatedAt": "2020-02-03T14:52:31.832Z", "width": 461, "height": 640}, {"id": "6bb88126-4d20-44d8-9131-16f34bb8fa82", "url": "https://megapx-assets.dcard.tw/images/a36c0af4-c6ff-4d94-ad07-41392861e733/1280.jpeg", "normalizedUrl": "https://megapx.dcard.tw/v1/images/a36c0af4-c6ff-4d94-ad07-41392861e733", "thumbnail": "https://megapx-assets.dcard.tw/images/a36c0af4-c6ff-4d94-ad07-41392861e733/640.jpeg", "type": "image/megapx", "tags": ["ANNOTATED"], "createdAt": "2020-02-03T14:52:31.832Z", "updatedAt": "2020-02-03T14:52:31.832Z", "width": 1093, "height": 1518}], "reactions": [{"id": "286f599c-f86a-4932-82f0-f5a06f1eca03", "count": 38}, {"id": "4b018f48-e184-445f-adf1-fc8e04ba09b9", "count": 1}], "hidden": false, "customStyle": null, "isSuspiciousAccount": false, "layout": "classic", "withImages": true, "withVideos": false, "media": [{"url": "https://megapx-assets.dcard.tw/images/a36c0af4-c6ff-4d94-ad07-41392861e733/1280.jpeg"}], "reportReasonText": "", "postAvatar": ""}, {"id": 233004598, "title": "喜歡一個人四年了 感覺像是折磨自己", "excerpt": "喜歡了他四年 但他從沒有喜歡過我，我很清楚他不會愛我 但是我卻沒辦法忘記他，唯一我們之間的連繫就只有我主動提出的性，對他而言我只是件隨手拿起 隨手放下的物品，更痛苦的是作為他的鄰居，只能看著他和別人的", "anonymousSchool": true, "anonymousDepartment": true, "pinned": false, "forumId": "b5b2653a-6304-4564-9ea0-a4cec0be7aee", "replyId": null, "createdAt": "2020-02-02T17:42:58.357Z", "updatedAt": "2020-02-02T17:45:49.464Z", "commentCount": 0, "likeCount": 35, "withNickname": false, "tags": ["HIDE_THUMBNAIL"], "topics": [], "meta": {"layout": "classic"}, "forumName": "彩虹", "forumAlias": "rainbow", "gender": "M", "replyTitle": null, "mediaMeta": [], "reactions": [{"id": "286f599c-f86a-4932-82f0-f5a06f1eca03", "count": 30}, {"id": "514c2569-fd53-4d9d-a415-bf0f88e7329f", "count": 5}], "hidden": false, "customStyle": null, "isSuspiciousAccount": false, "layout": "classic", "withImages": false, "withVideos": false, "media": [], "reportReasonText": "", "postAvatar": ""}, {"id": 233010858, "title": "懸日，溫暖卻停在遠方", "excerpt": "很美的一首歌，訴說著一段已經結束的感情，想放下卻放不下，沒有誰對不起誰只是錯了時間愛上妳。給同樣還想念不在身邊的她的妳，雖然想念那段開心的日子但是只想懷念。一起努力放下🤝，落下 同一顆太陽，有什麼特", "anonymousSchool": true, "anonymousDepartment": true, "pinned": false, "forumId": "b5b2653a-6304-4564-9ea0-a4cec0be7aee", "replyId": null, "createdAt": "2020-02-03T16:23:16.963Z", "updatedAt": "2020-02-03T16:24:45.090Z", "commentCount": 5, "likeCount": 33, "withNickname": false, "tags": ["HIDE_THUMBNAIL"], "topics": ["懸日", "田馥甄", "渴望愛情", "PPL", "想放下"], "meta": {"layout": "classic"}, "forumName": "彩虹", "forumAlias": "rainbow", "gender": "F", "replyTitle": null, "mediaMeta": [], "reactions": [{"id": "286f599c-f86a-4932-82f0-f5a06f1eca03", "count": 33}], "hidden": false, "customStyle": null, "isSuspiciousAccount": false, "layout": "classic", "withImages": false, "withVideos": false, "media": [], "reportReasonText": "", "postAvatar": ""}, {"id": 233009084, "title": "奉勸各位", "excerpt": "喜歡不能當飯吃，不能當一個理由，不能當一個堅持，為什麼？因為終究會被不適合暴打，可好笑的事情 就是你真的很喜歡人家，寧可被暴打一陣子，寧可等到被宣判到我們不適合，才甘願收手作罷", "anonymousSchool": true, "anonymousDepartment": true, "pinned": false, "forumId": "b5b2653a-6304-4564-9ea0-a4cec0be7aee", "replyId": null, "createdAt": "2020-02-03T12:46:45.182Z", "updatedAt": "2020-02-03T12:46:45.182Z", "commentCount": 3, "likeCount": 33, "withNickname": false, "tags": ["HIDE_THUMBNAIL"], "topics": ["崩潰"], "meta": {"layout": "classic"}, "forumName": "彩虹", "forumAlias": "rainbow", "gender": "F", "replyTitle": null, "mediaMeta": [], "reactions": [{"id": "286f599c-f86a-4932-82f0-f5a06f1eca03", "count": 33}], "hidden": false, "customStyle": null, "isSuspiciousAccount": false, "layout": "classic", "withImages": false, "withVideos": false, "media": [], "reportReasonText": "", "postAvatar": ""}, {"id": 233005265, "title": "急 拒絕告白", "excerpt": "昨晚突然被好朋友告白了，因為考慮到很多因素所以拒絕了她，她大哭了整晚，我想說她都沒回了，就留下一句叫她早點休息，然後早上看到她傳的訊息，「我還以為妳喜歡我，果然不可能吧。」救命我不知道怎麼回QQQQ我", "anonymousSchool": false, "anonymousDepartment": true, "pinned": false, "forumId": "b5b2653a-6304-4564-9ea0-a4cec0be7aee", "replyId": null, "createdAt": "2020-02-02T23:22:49.372Z", "updatedAt": "2020-02-02T23:22:49.372Z", "commentCount": 14, "likeCount": 32, "withNickname": false, "tags": [], "topics": ["告白", "彩虹", "感情"], "meta": {"layout": "classic"}, "forumName": "彩虹", "forumAlias": "rainbow", "gender": "F", "school": "南臺科技大學", "replyTitle": null, "mediaMeta": [], "reactions": [{"id": "286f599c-f86a-4932-82f0-f5a06f1eca03", "count": 31}, {"id": "514c2569-fd53-4d9d-a415-bf0f88e7329f", "count": 1}], "hidden": false, "customStyle": null, "isSuspiciousAccount": false, "layout": "classic", "withImages": false, "withVideos": false, "media": [], "reportReasonText": "", "postAvatar": ""}, {"id": 233004508, "title": "有一場夢，是我們提早相遇了。", "excerpt": "如果當你知道這段戀情剩下三年，你/妳會怎樣？/，可能沒有什麼順序性啦，但是真的很想記錄一下，將就一下XD，/，我們已經一年四個月了。昨天發生了很奇妙的事，現在想想真的想笑又可以拿出來細細回味。我們回到", "anonymousSchool": true, "anonymousDepartment": true, "pinned": false, "forumId": "b5b2653a-6304-4564-9ea0-a4cec0be7aee", "replyId": null, "createdAt": "2020-02-02T17:28:26.500Z", "updatedAt": "2020-02-02T17:30:36.051Z", "commentCount": 6, "likeCount": 32, "withNickname": false, "tags": [], "topics": ["Les", "彩虹", "PPL", "感情"], "meta": {"layout": "classic"}, "forumName": "彩虹", "forumAlias": "rainbow", "gender": "F", "replyTitle": null, "mediaMeta": [], "reactions": [{"id": "286f599c-f86a-4932-82f0-f5a06f1eca03", "count": 31}, {"id": "514c2569-fd53-4d9d-a415-bf0f88e7329f", "count": 1}], "hidden": false, "customStyle": null, "isSuspiciousAccount": false, "layout": "classic", "withImages": false, "withVideos": false, "media": [], "reportReasonText": "", "postAvatar": ""}, {"id": 233008121, "title": "交友app奇遇？？", "excerpt": "這是朋友的一個經歷，他和我說的時候我就決定把它畫下來🤣，然後，真的謝謝大家的支持啊我會加油繼續畫下去的，.，.，.，.，.，希望大家看得開心️，為了更有趣搞笑，有些不禮貌的用語，請見諒啊，.，歡迎追", "anonymousSchool": true, "anonymousDepartment": true, "pinned": false, "forumId": "b5b2653a-6304-4564-9ea0-a4cec0be7aee", "replyId": null, "createdAt": "2020-02-03T10:17:40.086Z", "updatedAt": "2020-02-03T10:17:40.086Z", "commentCount": 8, "likeCount": 31, "withNickname": false, "tags": [], "topics": ["交友軟體", "同志", "gay", "插畫", "生活"], "meta": {"layout": "classic"}, "forumName": "彩虹", "forumAlias": "rainbow", "gender": "M", "replyTitle": null, "mediaMeta": [{"id": "a122e5a6-87cd-4c5a-a28d-d74a97c049d7", "url": "https://megapx-assets.dcard.tw/images/35ad17c1-f005-4873-bf7f-20c27996cc1f/640.jpeg", "normalizedUrl": "https://megapx-assets.dcard.tw/images/35ad17c1-f005-4873-bf7f-20c27996cc1f/640.jpeg", "thumbnail": "https://megapx-assets.dcard.tw/images/35ad17c1-f005-4873-bf7f-20c27996cc1f/640.jpeg", "type": "image/thumbnail", "tags": [], "createdAt": "2020-02-03T10:17:40.086Z", "updatedAt": "2020-02-03T10:17:40.086Z", "width": 640, "height": 640}, {"id": "a122e5a6-87cd-4c5a-a28d-d74a97c049d7", "url": "https://megapx-assets.dcard.tw/images/35ad17c1-f005-4873-bf7f-20c27996cc1f/1280.jpeg", "normalizedUrl": "https://megapx.dcard.tw/v1/images/35ad17c1-f005-4873-bf7f-20c27996cc1f", "thumbnail": "https://megapx-assets.dcard.tw/images/35ad17c1-f005-4873-bf7f-20c27996cc1f/640.jpeg", "type": "image/megapx", "tags": [], "createdAt": "2020-02-03T10:17:40.086Z", "updatedAt": "2020-02-03T10:17:40.086Z", "width": 2000, "height": 2000}, {"id": "00d49679-cea7-474f-b4f7-545bd001b220", "url": "https://megapx-assets.dcard.tw/images/42a52079-3afd-4d76-855e-b7ed81e358a0/1280.jpeg", "normalizedUrl": "https://megapx.dcard.tw/v1/images/42a52079-3afd-4d76-855e-b7ed81e358a0", "thumbnail": "https://megapx-assets.dcard.tw/images/42a52079-3afd-4d76-855e-b7ed81e358a0/640.jpeg", "type": "image/megapx", "tags": [], "createdAt": "2020-02-03T10:17:40.086Z", "updatedAt": "2020-02-03T10:17:40.086Z", "width": 2000, "height": 2000}, {"id": "df7a7a73-c23b-47cd-b408-c8d09edd2935", "url": "https://megapx-assets.dcard.tw/images/06017708-42bb-4e7b-a085-9d85e0fc6a6f/1280.jpeg", "normalizedUrl": "https://megapx.dcard.tw/v1/images/06017708-42bb-4e7b-a085-9d85e0fc6a6f", "thumbnail": "https://megapx-assets.dcard.tw/images/06017708-42bb-4e7b-a085-9d85e0fc6a6f/640.jpeg", "type": "image/megapx", "tags": [], "createdAt": "2020-02-03T10:17:40.086Z", "updatedAt": "2020-02-03T10:17:40.086Z", "width": 2000, "height": 2000}, {"id": "19db6d98-bb0f-4f6d-a779-e621574cf664", "url": "https://megapx-assets.dcard.tw/images/db20a7e1-fbc2-40ce-bcf2-792df23cf488/1280.jpeg", "normalizedUrl": "https://megapx.dcard.tw/v1/images/db20a7e1-fbc2-40ce-bcf2-792df23cf488", "thumbnail": "https://megapx-assets.dcard.tw/images/db20a7e1-fbc2-40ce-bcf2-792df23cf488/640.jpeg", "type": "image/megapx", "tags": [], "createdAt": "2020-02-03T10:17:40.086Z", "updatedAt": "2020-02-03T10:17:40.086Z", "width": 2000, "height": 2000}, {"id": "4dc29cbc-03d1-47f0-9004-2ca1e69f7ae0", "url": "https://megapx-assets.dcard.tw/images/301c5d40-313e-4958-9a1b-16d2684dcdd2/1280.jpeg", "normalizedUrl": "https://megapx.dcard.tw/v1/images/301c5d40-313e-4958-9a1b-16d2684dcdd2", "thumbnail": "https://megapx-assets.dcard.tw/images/301c5d40-313e-4958-9a1b-16d2684dcdd2/640.jpeg", "type": "image/megapx", "tags": [], "createdAt": "2020-02-03T10:17:40.086Z", "updatedAt": "2020-02-03T10:17:40.086Z", "width": 2000, "height": 2000}, {"id": "c953479d-031e-4197-9087-0068aa276174", "url": "https://megapx-assets.dcard.tw/images/725b6db4-85f7-4474-ab5d-e4e9307c8cec/1280.jpeg", "normalizedUrl": "https://megapx.dcard.tw/v1/images/725b6db4-85f7-4474-ab5d-e4e9307c8cec", "thumbnail": "https://megapx-assets.dcard.tw/images/725b6db4-85f7-4474-ab5d-e4e9307c8cec/640.jpeg", "type": "image/megapx", "tags": [], "createdAt": "2020-02-03T10:17:40.086Z", "updatedAt": "2020-02-03T10:17:40.086Z", "width": 2000, "height": 2000}, {"id": "2f296ade-e6a5-4bcb-975f-1dd255fb90b6", "url": "https://megapx-assets.dcard.tw/images/6c7f77d1-f992-4508-8b6c-cfcaf12d13e9/1280.jpeg", "normalizedUrl": "https://megapx.dcard.tw/v1/images/6c7f77d1-f992-4508-8b6c-cfcaf12d13e9", "thumbnail": "https://megapx-assets.dcard.tw/images/6c7f77d1-f992-4508-8b6c-cfcaf12d13e9/640.jpeg", "type": "image/megapx", "tags": [], "createdAt": "2020-02-03T10:17:40.086Z", "updatedAt": "2020-02-03T10:17:40.086Z", "width": 2000, "height": 2000}], "reactions": [{"id": "286f599c-f86a-4932-82f0-f5a06f1eca03", "count": 31}], "hidden": false, "customStyle": null, "isSuspiciousAccount": false, "layout": "classic", "withImages": true, "withVideos": false, "media": [{"url": "https://megapx-assets.dcard.tw/images/35ad17c1-f005-4873-bf7f-20c27996cc1f/1280.jpeg"}, {"url": "https://megapx-assets.dcard.tw/images/42a52079-3afd-4d76-855e-b7ed81e358a0/1280.jpeg"}, {"url": "https://megapx-assets.dcard.tw/images/06017708-42bb-4e7b-a085-9d85e0fc6a6f/1280.jpeg"}, {"url": "https://megapx-assets.dcard.tw/images/db20a7e1-fbc2-40ce-bcf2-792df23cf488/1280.jpeg"}, {"url": "https://megapx-assets.dcard.tw/images/301c5d40-313e-4958-9a1b-16d2684dcdd2/1280.jpeg"}, {"url": "https://megapx-assets.dcard.tw/images/725b6db4-85f7-4474-ab5d-e4e9307c8cec/1280.jpeg"}, {"url": "https://megapx-assets.dcard.tw/images/6c7f77d1-f992-4508-8b6c-cfcaf12d13e9/1280.jpeg"}], "reportReasonText": "", "postAvatar": ""}, {"id": 233005878, "title": "我們，倒數計時？", "excerpt": "我跟太太在一起快五年了，去年也順利的登記結婚，但是婆婆（？）一直不是很諒解，所以今年結婚第一年就沒有回婆家過年，但是紅包沒有少。今年幾乎都在我家過年，我媽媽包了紅包給我們，我姪子姪女都叫她姑姑，我沒有", "anonymousSchool": true, "anonymousDepartment": true, "pinned": false, "forumId": "b5b2653a-6304-4564-9ea0-a4cec0be7aee", "replyId": null, "createdAt": "2020-02-03T03:33:24.945Z", "updatedAt": "2020-02-03T03:35:03.683Z", "commentCount": 6, "likeCount": 31, "withNickname": false, "tags": ["HIDE_THUMBNAIL"], "topics": [], "meta": {"layout": "classic"}, "forumName": "彩虹", "forumAlias": "rainbow", "gender": "F", "replyTitle": null, "mediaMeta": [], "reactions": [{"id": "286f599c-f86a-4932-82f0-f5a06f1eca03", "count": 26}, {"id": "514c2569-fd53-4d9d-a415-bf0f88e7329f", "count": 4}, {"id": "4b018f48-e184-445f-adf1-fc8e04ba09b9", "count": 1}], "hidden": false, "customStyle": null, "isSuspiciousAccount": false, "layout": "classic", "withImages": false, "withVideos": false, "media": [], "reportReasonText": "", "postAvatar": ""}, {"id": 233011265, "title": "延後開學", "excerpt": "原本期待著在撐兩個禮拜就能夠見到你還有跟你一起上課，結果居然延後開學，好啊還有一個月真難熬喔^_^", "anonymousSchool": true, "anonymousDepartment": true, "pinned": false, "forumId": "b5b2653a-6304-4564-9ea0-a4cec0be7aee", "replyId": null, "createdAt": "2020-02-03T17:16:27.497Z", "updatedAt": "2020-02-03T17:16:27.497Z", "commentCount": 5, "likeCount": 30, "withNickname": false, "tags": ["HIDE_THUMBNAIL"], "topics": [], "meta": {"layout": "classic"}, "forumName": "彩虹", "forumAlias": "rainbow", "gender": "F", "replyTitle": null, "mediaMeta": [], "reactions": [{"id": "286f599c-f86a-4932-82f0-f5a06f1eca03", "count": 30}], "hidden": false, "customStyle": null, "isSuspiciousAccount": false, "layout": "classic", "withImages": false, "withVideos": false, "media": [], "reportReasonText": "", "postAvatar": ""}, {"id": 233006810, "title": "在一起了-2", "excerpt": "在第一次見面的時候，其實內心想著的劇本是：要以跑百米的速度助跑衝刺去抱（撞）緊她，結果只有我內心小鹿亂亂撞ಥ_ಥ，喔喔喔喔喔喔喔喔喔齁齁齁，然後今天是在一起的第二次見面，也在今天，牽手了喔喔喔啊啊啊啊", "anonymousSchool": true, "anonymousDepartment": true, "pinned": false, "forumId": "b5b2653a-6304-4564-9ea0-a4cec0be7aee", "replyId": 232929003, "createdAt": "2020-02-03T07:11:18.700Z", "updatedAt": "2020-02-03T17:20:01.769Z", "commentCount": 3, "likeCount": 29, "withNickname": false, "tags": ["HIDE_THUMBNAIL"], "topics": ["第一次牽手", "腦袋像被電到"], "meta": {"layout": "classic"}, "forumName": "彩虹", "forumAlias": "rainbow", "gender": "F", "replyTitle": "在一起了🎉-1", "mediaMeta": [], "reactions": [{"id": "286f599c-f86a-4932-82f0-f5a06f1eca03", "count": 29}], "hidden": false, "customStyle": null, "isSuspiciousAccount": false, "layout": "classic", "withImages": false, "withVideos": false, "media": [], "reportReasonText": "", "postAvatar": ""}, {"id": 233005335, "title": "急 女友的閨蜜想我們分手", "excerpt": "第一次發文 多多見諒，和女朋友認識五個月了，當初是室友介紹認識的，室友是我女友的七年好朋友，她們就是關係超好的，會互相摸胸和摸妹妹什麼的，我和女友是先電話聊天，然後才見面交往的，我們算是遠距離， 都在", "anonymousSchool": true, "anonymousDepartment": true, "pinned": false, "forumId": "b5b2653a-6304-4564-9ea0-a4cec0be7aee", "replyId": null, "createdAt": "2020-02-03T00:28:44.025Z", "updatedAt": "2020-02-03T00:29:27.876Z", "commentCount": 25, "likeCount": 26, "withNickname": false, "tags": ["HIDE_THUMBNAIL"], "topics": ["同志", "同性戀", "分手", "蕾絲", "Les"], "meta": {"layout": "classic"}, "forumName": "彩虹", "forumAlias": "rainbow", "gender": "F", "replyTitle": null, "mediaMeta": [], "reactions": [{"id": "286f599c-f86a-4932-82f0-f5a06f1eca03", "count": 21}, {"id": "aa0d425f-d530-4478-9a77-fe3aedc79eea", "count": 3}, {"id": "4b018f48-e184-445f-adf1-fc8e04ba09b9", "count": 1}, {"id": "e8e6bc5d-41b0-4129-b134-97507523d7ff", "count": 1}], "hidden": false, "customStyle": null, "isSuspiciousAccount": false, "layout": "classic", "withImages": false, "withVideos": false, "media": [], "reportReasonText": "", "postAvatar": ""}, {"id": 233008558, "title": "跟心理師出櫃", "excerpt": "我決定星期三要跟心理師出櫃，壓力好大啊，我也不知道我自己在怕什麼", "anonymousSchool": true, "anonymousDepartment": true, "pinned": false, "forumId": "b5b2653a-6304-4564-9ea0-a4cec0be7aee", "replyId": null, "createdAt": "2020-02-03T11:17:00.416Z", "updatedAt": "2020-02-03T11:17:00.416Z", "commentCount": 15, "likeCount": 25, "withNickname": false, "tags": [], "topics": [], "meta": {"layout": "classic"}, "forumName": "彩虹", "forumAlias": "rainbow", "gender": "F", "replyTitle": null, "mediaMeta": [], "reactions": [{"id": "286f599c-f86a-4932-82f0-f5a06f1eca03", "count": 25}], "hidden": false, "customStyle": null, "isSuspiciousAccount": false, "layout": "classic", "withImages": false, "withVideos": false, "media": [], "reportReasonText": "", "postAvatar": ""}, {"id": 233006571, "title": "台大機械考題歧視LGBT", "excerpt": "\" 系爭考題將工程師的社會責任限制成應依據自然的或社會的律，社會的律被限制為例如家庭是由一男一女、一夫一妻組成。但系爭考題將家庭定義為一男一女、一夫一妻，這顯然與目前社會呈現多元價值、多元家庭組成方式", "anonymousSchool": true, "anonymousDepartment": true, "pinned": false, "forumId": "b5b2653a-6304-4564-9ea0-a4cec0be7aee", "replyId": null, "createdAt": "2020-02-03T06:17:25.478Z", "updatedAt": "2020-02-03T06:17:25.478Z", "commentCount": 4, "likeCount": 23, "withNickname": false, "tags": [], "topics": ["台大", "機械", "工程師", "彩虹", "歧視"], "meta": {"layout": "classic"}, "forumName": "彩虹", "forumAlias": "rainbow", "gender": "M", "replyTitle": null, "mediaMeta": [], "reactions": [{"id": "286f599c-f86a-4932-82f0-f5a06f1eca03", "count": 23}], "hidden": false, "customStyle": null, "isSuspiciousAccount": false, "layout": "classic", "withImages": false, "withVideos": false, "media": [], "reportReasonText": "", "postAvatar": ""}, {"id": 233004841, "title": "斷聯之後", "excerpt": "我還是很想妳，我還期待妳是不是還有什麼話想對我說 可是不敢說的，所以我一直在看彩虹版的文章 看看有沒有妳的蹤跡，結果沒有....看來我想太多了🤧，x 妳要好好的", "anonymousSchool": true, "anonymousDepartment": true, "pinned": false, "forumId": "b5b2653a-6304-4564-9ea0-a4cec0be7aee", "replyId": null, "createdAt": "2020-02-02T18:41:19.512Z", "updatedAt": "2020-02-02T18:41:19.512Z", "commentCount": 15, "likeCount": 23, "withNickname": false, "tags": ["HIDE_THUMBNAIL"], "topics": ["PPL", "X"], "meta": {"layout": "classic"}, "forumName": "彩虹", "forumAlias": "rainbow", "gender": "F", "replyTitle": null, "mediaMeta": [], "reactions": [{"id": "286f599c-f86a-4932-82f0-f5a06f1eca03", "count": 23}], "hidden": false, "customStyle": null, "isSuspiciousAccount": false, "layout": "classic", "withImages": false, "withVideos": false, "media": [], "reportReasonText": "", "postAvatar": ""}, {"id": 233010339, "title": "傻子", "excerpt": "啊，我，就，是，只，想，跟，妳，結，婚，只，想，娶，妳，只，想，跟，妳，一，起，生，活，啊，I love you to the moon and back.", "anonymousSchool": false, "anonymousDepartment": true, "pinned": false, "forumId": "b5b2653a-6304-4564-9ea0-a4cec0be7aee", "replyId": null, "createdAt": "2020-02-03T15:26:34.117Z", "updatedAt": "2020-02-03T15:41:05.199Z", "commentCount": 1, "likeCount": 22, "withNickname": true, "tags": [], "topics": ["Les", "彩虹"], "meta": {"layout": "classic"}, "forumName": "彩虹", "forumAlias": "rainbow", "gender": "F", "school": "棕熊小鯊魚", "department": "kcwait1221", "replyTitle": null, "mediaMeta": [{"id": "d5aa8962-5954-46ad-99ea-e1b60ef699c7", "url": "https://megapx-assets.dcard.tw/images/f8e5683e-3e02-469a-8c1f-59ed728265d0/640.jpeg", "normalizedUrl": "https://megapx-assets.dcard.tw/images/f8e5683e-3e02-469a-8c1f-59ed728265d0/640.jpeg", "thumbnail": "https://megapx-assets.dcard.tw/images/f8e5683e-3e02-469a-8c1f-59ed728265d0/640.jpeg", "type": "image/thumbnail", "tags": ["ANNOTATED"], "createdAt": "2020-02-03T15:26:34.117Z", "updatedAt": "2020-02-03T15:41:05.199Z", "width": 640, "height": 625}, {"id": "d5aa8962-5954-46ad-99ea-e1b60ef699c7", "url": "https://megapx-assets.dcard.tw/images/f8e5683e-3e02-469a-8c1f-59ed728265d0/full.jpeg", "normalizedUrl": "https://megapx.dcard.tw/v1/images/f8e5683e-3e02-469a-8c1f-59ed728265d0", "thumbnail": "https://megapx-assets.dcard.tw/images/f8e5683e-3e02-469a-8c1f-59ed728265d0/640.jpeg", "type": "image/megapx", "tags": ["ANNOTATED"], "createdAt": "2020-02-03T15:26:34.117Z", "updatedAt": "2020-02-03T15:41:05.199Z", "width": 1124, "height": 1098}], "reactions": [{"id": "286f599c-f86a-4932-82f0-f5a06f1eca03", "count": 22}], "hidden": false, "customStyle": null, "isSuspiciousAccount": false, "layout": "classic", "withImages": true, "withVideos": false, "media": [{"url": "https://megapx-assets.dcard.tw/images/f8e5683e-3e02-469a-8c1f-59ed728265d0/full.jpeg"}], "reportReasonText": "", "postAvatar": ""}]