[{"id": 233004702, "title": "女友變得比我還帥", "excerpt": "：「欸北鼻北鼻  我好想剪男生頭喔（˶‾᷄ ⁻̫ ‾᷅˵）」：「（　ﾟдﾟ）！？  呃......好呀！」也許在別對情侶身上，女方可能會因為經歷的一些風浪，想要轉換心情，並且內心會糾結了非常久，而男方", "anonymousSchool": false, "anonymousDepartment": true, "pinned": false, "forumId": "42851318-b9e2-4a75-8a05-9fe180becefe", "replyId": null, "createdAt": "2020-02-02T18:03:49.309Z", "updatedAt": "2020-02-03T12:08:09.299Z", "commentCount": 295, "likeCount": 9245, "withNickname": false, "tags": [], "topics": ["女友", "感情", "髮型", "短髮"], "meta": {"layout": "classic"}, "forumName": "感情", "forumAlias": "relationship", "gender": "M", "school": "國立嘉義大學", "replyTitle": null, "mediaMeta": [{"id": "6f1ea82e-bfde-4987-a11f-6de476b9afd7", "url": "https://i.imgur.com/GRBZONHl.jpg", "normalizedUrl": "https://i.imgur.com/GRBZONHl.jpg", "thumbnail": "https://i.imgur.com/GRBZONHl.jpg", "type": "image/thumbnail", "tags": ["ANNOTATED"], "createdAt": "2020-02-02T18:03:49.309Z", "updatedAt": "2020-02-03T12:08:09.299Z"}, {"id": "6f1ea82e-bfde-4987-a11f-6de476b9afd7", "url": "https://i.imgur.com/GRBZONH.jpg", "normalizedUrl": "https://imgur.com/GRBZONH", "thumbnail": "https://i.imgur.com/GRBZONHl.jpg", "type": "image/imgur", "tags": ["ANNOTATED"], "createdAt": "2020-02-02T18:03:49.309Z", "updatedAt": "2020-02-03T12:08:09.299Z"}, {"id": "cf2b5abe-da03-402e-aea8-55b1b922809c", "url": "https://i.imgur.com/dKx6aAp.jpg", "normalizedUrl": "https://imgur.com/dKx6aAp", "thumbnail": "https://i.imgur.com/dKx6aApl.jpg", "type": "image/imgur", "tags": ["ANNOTATED"], "createdAt": "2020-02-02T18:03:49.309Z", "updatedAt": "2020-02-03T12:08:09.299Z"}, {"id": "68f5047f-a4e4-4c4b-af41-cc29815ebd5f", "url": "https://i.imgur.com/qUljhvf.jpg", "normalizedUrl": "https://imgur.com/qUljhvf", "thumbnail": "https://i.imgur.com/qUljhvfl.jpg", "type": "image/imgur", "tags": ["ANNOTATED"], "createdAt": "2020-02-02T18:03:49.309Z", "updatedAt": "2020-02-03T12:08:09.299Z"}, {"id": "8c843411-fa78-494b-984c-f85bddbe26ff", "url": "https://i.imgur.com/b867enL.jpg", "normalizedUrl": "https://imgur.com/b867enL", "thumbnail": "https://i.imgur.com/b867enLl.jpg", "type": "image/imgur", "tags": ["ANNOTATED"], "createdAt": "2020-02-02T18:03:49.309Z", "updatedAt": "2020-02-03T12:08:09.299Z"}, {"id": "8ab50f60-2f35-4ae1-ba22-f7f002e76d2a", "url": "https://i.imgur.com/Ez1Pj0i.jpg", "normalizedUrl": "https://imgur.com/Ez1Pj0i", "thumbnail": "https://i.imgur.com/Ez1Pj0il.jpg", "type": "image/imgur", "tags": ["ANNOTATED", "GOOGLE_VISION_ADULT_LIKELY", "SAFE"], "createdAt": "2020-02-02T18:03:49.309Z", "updatedAt": "2020-02-03T12:08:09.299Z"}, {"id": "f5ecdb16-ba32-4278-bbcf-87296e38d3b1", "url": "https://i.imgur.com/0GxqANv.jpg", "normalizedUrl": "https://imgur.com/0GxqANv", "thumbnail": "https://i.imgur.com/0GxqANvl.jpg", "type": "image/imgur", "tags": ["ANNOTATED"], "createdAt": "2020-02-02T18:03:49.309Z", "updatedAt": "2020-02-03T12:08:09.299Z"}, {"id": "a8a113de-0094-4888-883b-f8ccca09ff7d", "url": "https://i.imgur.com/hcsSTqN.jpg", "normalizedUrl": "https://imgur.com/hcsSTqN", "thumbnail": "https://i.imgur.com/hcsSTqNl.jpg", "type": "image/imgur", "tags": ["ANNOTATED"], "createdAt": "2020-02-02T18:03:49.309Z", "updatedAt": "2020-02-03T12:08:09.299Z"}, {"id": "2f599b05-c067-4a02-b4ad-7089bb40fa5b", "url": "https://i.imgur.com/xo4uTXj.jpg", "normalizedUrl": "https://imgur.com/xo4uTXj", "thumbnail": "https://i.imgur.com/xo4uTXjl.jpg", "type": "image/imgur", "tags": ["ANNOTATED"], "createdAt": "2020-02-02T18:03:49.309Z", "updatedAt": "2020-02-03T12:08:09.299Z"}, {"id": "310cd30d-3293-4c8a-b467-9206b442e8ee", "url": "https://i.imgur.com/flK00EJ.jpg", "normalizedUrl": "https://imgur.com/flK00EJ", "thumbnail": "https://i.imgur.com/flK00EJl.jpg", "type": "image/imgur", "tags": ["ANNOTATED"], "createdAt": "2020-02-02T18:03:49.309Z", "updatedAt": "2020-02-03T12:08:09.299Z"}, {"id": "da5a654c-7e19-4da8-a952-621dc94ae598", "url": "https://i.imgur.com/2ylqxUG.jpg", "normalizedUrl": "https://imgur.com/2ylqxUG", "thumbnail": "https://i.imgur.com/2ylqxUGl.jpg", "type": "image/imgur", "tags": ["ANNOTATED"], "createdAt": "2020-02-02T18:03:49.309Z", "updatedAt": "2020-02-03T12:08:09.299Z"}, {"id": "d3edbf0e-6769-4365-98f6-d828d6f5f577", "url": "https://i.imgur.com/TpA46Jd.jpg", "normalizedUrl": "https://imgur.com/TpA46Jd", "thumbnail": "https://i.imgur.com/TpA46Jdl.jpg", "type": "image/imgur", "tags": ["ANNOTATED"], "createdAt": "2020-02-02T18:03:49.309Z", "updatedAt": "2020-02-03T12:08:09.299Z"}, {"id": "3975cdea-bbfb-448a-a214-6a309da8faf8", "url": "https://i.imgur.com/lzz4Neb.jpg", "normalizedUrl": "https://imgur.com/lzz4Neb", "thumbnail": "https://i.imgur.com/lzz4Nebl.jpg", "type": "image/imgur", "tags": ["ANNOTATED"], "createdAt": "2020-02-02T18:03:49.309Z", "updatedAt": "2020-02-03T12:08:09.299Z"}, {"id": "26ddff5f-8e93-4676-bacf-83c70a9bb42a", "url": "https://i.imgur.com/VjJeaPN.jpg", "normalizedUrl": "https://imgur.com/VjJeaPN", "thumbnail": "https://i.imgur.com/VjJeaPNl.jpg", "type": "image/imgur", "tags": ["ANNOTATED"], "createdAt": "2020-02-02T18:03:49.309Z", "updatedAt": "2020-02-03T12:08:09.299Z"}], "reactions": [{"id": "286f599c-f86a-4932-82f0-f5a06f1eca03", "count": 8865}, {"id": "e8e6bc5d-41b0-4129-b134-97507523d7ff", "count": 331}, {"id": "4b018f48-e184-445f-adf1-fc8e04ba09b9", "count": 42}, {"id": "011ead16-9b83-4729-9fde-c588920c6c2d", "count": 4}, {"id": "aa0d425f-d530-4478-9a77-fe3aedc79eea", "count": 3}], "hidden": false, "customStyle": null, "isSuspiciousAccount": false, "layout": "classic", "withImages": true, "withVideos": false, "media": [{"url": "https://i.imgur.com/GRBZONH.jpg"}, {"url": "https://i.imgur.com/dKx6aAp.jpg"}, {"url": "https://i.imgur.com/qUljhvf.jpg"}, {"url": "https://i.imgur.com/b867enL.jpg"}, {"url": "https://i.imgur.com/Ez1Pj0i.jpg"}, {"url": "https://i.imgur.com/0GxqANv.jpg"}, {"url": "https://i.imgur.com/hcsSTqN.jpg"}, {"url": "https://i.imgur.com/xo4uTXj.jpg"}, {"url": "https://i.imgur.com/flK00EJ.jpg"}, {"url": "https://i.imgur.com/2ylqxUG.jpg"}, {"url": "https://i.imgur.com/TpA46Jd.jpg"}, {"url": "https://i.imgur.com/lzz4Neb.jpg"}, {"url": "https://i.imgur.com/VjJeaPN.jpg"}], "reportReasonText": "", "postAvatar": ""}, {"id": 233003843, "title": "#微西斯 上妝前先讓我上一遍", "excerpt": "來分享前幾天跟男友的有趣對話，每次跟男友壞壞完，全身一定燒燙燙，剛好前幾天，兩人耐不住寂寞（？），直接臨時約了出去玩（真的有出去玩的成分），第一天下午一進民宿當然先來壞一波，壞壞完後就去上廁所刷牙洗臉", "anonymousSchool": true, "anonymousDepartment": true, "pinned": false, "forumId": "42851318-b9e2-4a75-8a05-9fe180becefe", "replyId": null, "createdAt": "2020-02-02T15:56:28.128Z", "updatedAt": "2020-02-03T02:32:15.584Z", "commentCount": 22, "likeCount": 1560, "withNickname": false, "tags": [], "topics": ["男友", "遠距離", "愛情", "西斯", "閃光"], "meta": {"layout": "classic"}, "forumName": "感情", "forumAlias": "relationship", "gender": "F", "replyTitle": null, "mediaMeta": [{"id": "32833188-49f3-4dd7-9795-1e7ddd6d0e39", "url": "https://megapx-assets.dcard.tw/images/0bbb7997-26fe-4a87-afb5-4be0eefb683f/640.jpeg", "normalizedUrl": "https://megapx-assets.dcard.tw/images/0bbb7997-26fe-4a87-afb5-4be0eefb683f/640.jpeg", "thumbnail": "https://megapx-assets.dcard.tw/images/0bbb7997-26fe-4a87-afb5-4be0eefb683f/640.jpeg", "type": "image/thumbnail", "tags": ["ANNOTATED"], "createdAt": "2020-02-02T15:56:28.128Z", "updatedAt": "2020-02-03T02:32:15.584Z", "width": 640, "height": 634}, {"id": "32833188-49f3-4dd7-9795-1e7ddd6d0e39", "url": "https://megapx-assets.dcard.tw/images/0bbb7997-26fe-4a87-afb5-4be0eefb683f/full.jpeg", "normalizedUrl": "https://megapx.dcard.tw/v1/images/0bbb7997-26fe-4a87-afb5-4be0eefb683f", "thumbnail": "https://megapx-assets.dcard.tw/images/0bbb7997-26fe-4a87-afb5-4be0eefb683f/640.jpeg", "type": "image/megapx", "tags": ["ANNOTATED"], "createdAt": "2020-02-02T15:56:28.128Z", "updatedAt": "2020-02-03T02:32:15.584Z", "width": 1080, "height": 1070}], "reactions": [{"id": "286f599c-f86a-4932-82f0-f5a06f1eca03", "count": 1469}, {"id": "e8e6bc5d-41b0-4129-b134-97507523d7ff", "count": 91}], "hidden": false, "customStyle": null, "isSuspiciousAccount": false, "layout": "classic", "withImages": true, "withVideos": false, "media": [{"url": "https://megapx-assets.dcard.tw/images/0bbb7997-26fe-4a87-afb5-4be0eefb683f/full.jpeg"}], "reportReasonText": "", "postAvatar": ""}, {"id": 233008003, "title": "晚上被男友弄得睡不著⋯", "excerpt": "聽男友說，我晚上睡覺都會踢被子，常常要起來替我蓋好，尤其是這幾天特別冷。但我每次都睡超熟，完全不知道有這回事。直到昨天大半夜時，感覺到男友好像在幫我蓋被子，我沒睜開眼睛，只是轉過身抱著他（平常習慣背對", "anonymousSchool": true, "anonymousDepartment": true, "pinned": false, "forumId": "42851318-b9e2-4a75-8a05-9fe180becefe", "replyId": null, "createdAt": "2020-02-03T09:59:12.648Z", "updatedAt": "2020-02-03T10:00:03.176Z", "commentCount": 30, "likeCount": 1505, "withNickname": false, "tags": ["HIDE_THUMBNAIL"], "topics": ["男友", "感情", "愛情", "閃光", "晚上"], "meta": {"layout": "classic"}, "forumName": "感情", "forumAlias": "relationship", "gender": "F", "replyTitle": null, "mediaMeta": [], "reactions": [{"id": "286f599c-f86a-4932-82f0-f5a06f1eca03", "count": 1485}, {"id": "e8e6bc5d-41b0-4129-b134-97507523d7ff", "count": 19}, {"id": "4b018f48-e184-445f-adf1-fc8e04ba09b9", "count": 1}], "hidden": false, "customStyle": null, "isSuspiciousAccount": false, "layout": "classic", "withImages": false, "withVideos": false, "media": [], "reportReasonText": "", "postAvatar": ""}, {"id": 233005238, "title": "三年後，我們還是沒有吵架，但再也不會了。", "excerpt": "「我跟我女朋友....喔不，現在是前女友了。我們分手了。」我和我的前女友是在高中認識的，第一次認識她是在校車上，她和我搭同一班校車，下車的地點也一樣，因為他是美容科，都會提著一袋人頭；有次下車時她走在", "anonymousSchool": false, "anonymousDepartment": true, "pinned": false, "forumId": "42851318-b9e2-4a75-8a05-9fe180becefe", "replyId": null, "createdAt": "2020-02-02T22:30:02.614Z", "updatedAt": "2020-02-02T22:37:13.814Z", "commentCount": 42, "likeCount": 1240, "withNickname": false, "tags": [], "topics": ["分手", "失戀", "遠距離", "愛情", "感情"], "meta": {"layout": "classic"}, "forumName": "感情", "forumAlias": "relationship", "gender": "M", "school": "黎明技術學院", "replyTitle": null, "mediaMeta": [{"id": "6474d71a-8bc7-4306-aef0-732eacffdc1e", "url": "https://megapx-assets.dcard.tw/images/220eb5b2-44e3-4719-9038-e8157f4742dc/640.jpeg", "normalizedUrl": "https://megapx-assets.dcard.tw/images/220eb5b2-44e3-4719-9038-e8157f4742dc/640.jpeg", "thumbnail": "https://megapx-assets.dcard.tw/images/220eb5b2-44e3-4719-9038-e8157f4742dc/640.jpeg", "type": "image/thumbnail", "tags": ["ANNOTATED"], "createdAt": "2020-02-02T22:30:02.614Z", "updatedAt": "2020-02-02T22:37:13.814Z", "width": 640, "height": 640}, {"id": "6474d71a-8bc7-4306-aef0-732eacffdc1e", "url": "https://megapx-assets.dcard.tw/images/220eb5b2-44e3-4719-9038-e8157f4742dc/full.jpeg", "normalizedUrl": "https://megapx.dcard.tw/v1/images/220eb5b2-44e3-4719-9038-e8157f4742dc", "thumbnail": "https://megapx-assets.dcard.tw/images/220eb5b2-44e3-4719-9038-e8157f4742dc/640.jpeg", "type": "image/megapx", "tags": ["ANNOTATED"], "createdAt": "2020-02-02T22:30:02.614Z", "updatedAt": "2020-02-02T22:37:13.814Z", "width": 1108, "height": 1108}], "reactions": [{"id": "286f599c-f86a-4932-82f0-f5a06f1eca03", "count": 1151}, {"id": "514c2569-fd53-4d9d-a415-bf0f88e7329f", "count": 85}, {"id": "e8e6bc5d-41b0-4129-b134-97507523d7ff", "count": 3}, {"id": "aa0d425f-d530-4478-9a77-fe3aedc79eea", "count": 1}], "hidden": false, "customStyle": null, "isSuspiciousAccount": false, "layout": "classic", "withImages": true, "withVideos": false, "media": [{"url": "https://megapx-assets.dcard.tw/images/220eb5b2-44e3-4719-9038-e8157f4742dc/full.jpeg"}], "reportReasonText": "", "postAvatar": ""}, {"id": 233008162, "title": "根本就沒內射  怎麼可能懷孕？", "excerpt": "前任很堅持她懷孕，還硬說一定是我的，但是根本不可能，因為我根本沒內射   我除了一定有戴套以外，只跟她做了六次  而且第六次是分手砲  我為了嚇嚇她  趁她不注意把麵粉水用滴管灌進去說我已經內射了  ", "anonymousSchool": true, "anonymousDepartment": true, "pinned": false, "forumId": "42851318-b9e2-4a75-8a05-9fe180becefe", "replyId": null, "createdAt": "2020-02-03T10:22:37.378Z", "updatedAt": "2020-02-03T10:25:03.519Z", "commentCount": 147, "likeCount": 1105, "withNickname": false, "tags": [], "topics": ["價值觀", "分手"], "meta": {"layout": "classic"}, "forumName": "感情", "forumAlias": "relationship", "gender": "M", "replyTitle": null, "mediaMeta": [], "reactions": [{"id": "286f599c-f86a-4932-82f0-f5a06f1eca03", "count": 1000}, {"id": "e8e6bc5d-41b0-4129-b134-97507523d7ff", "count": 88}, {"id": "aa0d425f-d530-4478-9a77-fe3aedc79eea", "count": 8}, {"id": "4b018f48-e184-445f-adf1-fc8e04ba09b9", "count": 7}, {"id": "011ead16-9b83-4729-9fde-c588920c6c2d", "count": 1}, {"id": "514c2569-fd53-4d9d-a415-bf0f88e7329f", "count": 1}], "hidden": false, "customStyle": null, "isSuspiciousAccount": false, "layout": "classic", "withImages": false, "withVideos": false, "media": [], "reportReasonText": "", "postAvatar": ""}, {"id": 233008068, "title": "#曬照 閃光團v.s單身汪攻防戰！", "excerpt": "Hello~我是好物縱火販，可以叫我販販，遇到好時節就是要放，為情人節的送禮燃燒吧！，情人節快到了，成雙成對的你們，想好要和另一半/曖昧對象去哪裡了嗎٩（ˊᗜˋ*）و，情人節快到了，單身汪汪的你們，想", "anonymousSchool": false, "anonymousDepartment": true, "pinned": false, "forumId": "42851318-b9e2-4a75-8a05-9fe180becefe", "replyId": null, "createdAt": "2020-02-03T10:10:21.780Z", "updatedAt": "2020-02-03T11:54:01.577Z", "commentCount": 20, "likeCount": 728, "withNickname": true, "tags": [], "topics": ["單身狗", "愛你3000次", "閃光團", "送禮", "情人節"], "meta": {"layout": "classic"}, "forumName": "感情", "forumAlias": "relationship", "gender": "D", "school": "好物縱火販", "department": "ec_firemaker", "replyTitle": null, "mediaMeta": [{"id": "d5e12314-ae52-4da6-b71e-f8fac079cde7", "url": "https://i.imgur.com/OPDes1ml.jpg", "normalizedUrl": "https://i.imgur.com/OPDes1ml.jpg", "thumbnail": "https://i.imgur.com/OPDes1ml.jpg", "type": "image/thumbnail", "tags": ["ANNOTATED"], "createdAt": "2020-02-03T10:21:25.830Z", "updatedAt": "2020-02-03T11:54:01.577Z"}, {"id": "d5e12314-ae52-4da6-b71e-f8fac079cde7", "url": "http://i.imgur.com/OPDes1m.jpg", "normalizedUrl": "https://imgur.com/OPDes1m", "thumbnail": "https://i.imgur.com/OPDes1ml.jpg", "type": "image/imgur", "tags": ["ANNOTATED"], "createdAt": "2020-02-03T10:21:25.830Z", "updatedAt": "2020-02-03T11:54:01.577Z"}, {"id": "5f83bcae-f005-4dbf-b862-7591cb4929d6", "url": "http://i.imgur.com/XCDhJ6e.png", "normalizedUrl": "https://imgur.com/XCDhJ6e", "thumbnail": "https://i.imgur.com/XCDhJ6el.jpg", "type": "image/imgur", "tags": ["ANNOTATED"], "createdAt": "2020-02-03T11:54:01.577Z", "updatedAt": "2020-02-03T11:54:01.577Z"}, {"id": "7084b3a6-ce06-4d1a-980a-86ba84376e0a", "url": "http://i.imgur.com/bKejPOh.jpg", "normalizedUrl": "https://imgur.com/bKejPOh", "thumbnail": "https://i.imgur.com/bKejPOhl.jpg", "type": "image/imgur", "tags": ["ANNOTATED"], "createdAt": "2020-02-03T10:21:25.830Z", "updatedAt": "2020-02-03T11:54:01.577Z"}, {"id": "b94cd302-4c1f-4fc0-93ec-b63d77105d00", "url": "http://i.imgur.com/JrRu8b4.jpg", "normalizedUrl": "https://imgur.com/JrRu8b4", "thumbnail": "https://i.imgur.com/JrRu8b4l.jpg", "type": "image/imgur", "tags": ["ANNOTATED"], "createdAt": "2020-02-03T10:21:25.830Z", "updatedAt": "2020-02-03T11:54:01.577Z"}, {"id": "1dfd20e5-ccc0-45e8-945f-810655619b02", "url": "http://i.imgur.com/i5RdGvC.png", "normalizedUrl": "https://imgur.com/i5RdGvC", "thumbnail": "https://i.imgur.com/i5RdGvCl.jpg", "type": "image/imgur", "tags": ["ANNOTATED"], "createdAt": "2020-02-03T10:21:25.830Z", "updatedAt": "2020-02-03T11:54:01.577Z"}, {"id": "f1bc2af8-bc23-4527-8221-a68d9e3b4848", "url": "http://i.imgur.com/P8LgiYb.png", "normalizedUrl": "https://imgur.com/P8LgiYb", "thumbnail": "https://i.imgur.com/P8LgiYbl.jpg", "type": "image/imgur", "tags": ["ANNOTATED"], "createdAt": "2020-02-03T10:21:25.830Z", "updatedAt": "2020-02-03T11:54:01.577Z"}], "reactions": [{"id": "286f599c-f86a-4932-82f0-f5a06f1eca03", "count": 724}, {"id": "e8e6bc5d-41b0-4129-b134-97507523d7ff", "count": 4}], "hidden": false, "customStyle": null, "isSuspiciousAccount": false, "layout": "classic", "withImages": true, "withVideos": false, "media": [{"url": "http://i.imgur.com/OPDes1m.jpg"}, {"url": "http://i.imgur.com/XCDhJ6e.png"}, {"url": "http://i.imgur.com/bKejPOh.jpg"}, {"url": "http://i.imgur.com/JrRu8b4.jpg"}, {"url": "http://i.imgur.com/i5RdGvC.png"}, {"url": "http://i.imgur.com/P8LgiYb.png"}], "reportReasonText": "", "postAvatar": ""}, {"id": 233006726, "title": "沒事幹嘛找架吵", "excerpt": "好久沒發文了，昨天和男友一席話讓我印象深刻，坐在男友後座，他一如往常送我回家，交往至今沒有任何一句怨言，突然聊到男女朋友互相限制的話題，最近在版上看到太多關於，限制、信任、手機互看之類的爭執文章，回想", "anonymousSchool": false, "anonymousDepartment": true, "pinned": false, "forumId": "42851318-b9e2-4a75-8a05-9fe180becefe", "replyId": null, "createdAt": "2020-02-03T06:50:59.805Z", "updatedAt": "2020-02-03T06:55:39.903Z", "commentCount": 26, "likeCount": 728, "withNickname": true, "tags": [], "topics": ["感情", "愛情", "價值觀", "閃光", "JY"], "meta": {"layout": "classic"}, "forumName": "感情", "forumAlias": "relationship", "gender": "F", "school": "傑尼解膩膩", "department": "jenny_tw1124", "replyTitle": null, "mediaMeta": [], "reactions": [{"id": "286f599c-f86a-4932-82f0-f5a06f1eca03", "count": 705}, {"id": "e8e6bc5d-41b0-4129-b134-97507523d7ff", "count": 23}], "hidden": false, "customStyle": null, "isSuspiciousAccount": false, "layout": "classic", "withImages": false, "withVideos": false, "media": [], "reportReasonText": "", "postAvatar": ""}, {"id": 233006124, "title": "跟朋友做了怎麼辦？", "excerpt": "前天跟女生朋友在家喝酒 喝到後面她自己發情，直接主動跟我LG 後面就做起來了 最後無套射進去蠻多的，完事我馬上丟給她200叫她一定要去買避孕藥，結果從昨天開始一直煩我說你要怎麼負責？我叫她去買避孕藥就", "anonymousSchool": true, "anonymousDepartment": true, "pinned": false, "forumId": "42851318-b9e2-4a75-8a05-9fe180becefe", "replyId": null, "createdAt": "2020-02-03T04:38:02.876Z", "updatedAt": "2020-02-03T04:56:44.487Z", "commentCount": 241, "likeCount": 527, "withNickname": false, "tags": [], "topics": ["朋友", "懷孕"], "meta": {"layout": "classic"}, "forumName": "感情", "forumAlias": "relationship", "gender": "M", "replyTitle": null, "mediaMeta": [], "reactions": [{"id": "286f599c-f86a-4932-82f0-f5a06f1eca03", "count": 407}, {"id": "aa0d425f-d530-4478-9a77-fe3aedc79eea", "count": 94}, {"id": "e8e6bc5d-41b0-4129-b134-97507523d7ff", "count": 20}, {"id": "4b018f48-e184-445f-adf1-fc8e04ba09b9", "count": 5}, {"id": "011ead16-9b83-4729-9fde-c588920c6c2d", "count": 1}], "hidden": false, "customStyle": null, "isSuspiciousAccount": false, "layout": "classic", "withImages": false, "withVideos": false, "media": [], "reportReasonText": "", "postAvatar": ""}, {"id": 233009331, "title": "固定的聊天對象", "excerpt": "我覺得只要有一個固定每天聊天的對象，就會漸漸的習慣、依賴，最後慢慢變得很在乎 會等他訊息，久而久之就會慢慢喜歡上的感覺，大家會這樣嗎，即使你一開始對他都沒感覺，之後就會莫名的陷入", "anonymousSchool": true, "anonymousDepartment": true, "pinned": false, "forumId": "42851318-b9e2-4a75-8a05-9fe180becefe", "replyId": null, "createdAt": "2020-02-03T13:21:40.980Z", "updatedAt": "2020-02-03T13:22:54.326Z", "commentCount": 48, "likeCount": 400, "withNickname": false, "tags": ["HIDE_THUMBNAIL"], "topics": ["感情"], "meta": {"layout": "classic"}, "forumName": "感情", "forumAlias": "relationship", "gender": "F", "replyTitle": null, "mediaMeta": [], "reactions": [{"id": "286f599c-f86a-4932-82f0-f5a06f1eca03", "count": 388}, {"id": "514c2569-fd53-4d9d-a415-bf0f88e7329f", "count": 10}, {"id": "e8e6bc5d-41b0-4129-b134-97507523d7ff", "count": 2}], "hidden": false, "customStyle": null, "isSuspiciousAccount": false, "layout": "classic", "withImages": false, "withVideos": false, "media": [], "reportReasonText": "", "postAvatar": ""}, {"id": 233003832, "title": "男友覺得我胖胖的", "excerpt": "我是那種偏肉的女生，主要都胖在肚子跟大腿其他地方都還好，尤其是肚子的肉⋯看了都頭痛，站直的時候肚子是平的，但是一坐下肥肉直接炸出來欸 好可怕，然後男友上次摸到我肚子的肉說我好肥喔，我的自尊都快沒了哈哈", "anonymousSchool": true, "anonymousDepartment": true, "pinned": false, "forumId": "42851318-b9e2-4a75-8a05-9fe180becefe", "replyId": null, "createdAt": "2020-02-02T15:55:40.929Z", "updatedAt": "2020-02-02T15:57:38.108Z", "commentCount": 46, "likeCount": 390, "withNickname": false, "tags": ["HIDE_THUMBNAIL"], "topics": ["男友", "減肥"], "meta": {"layout": "classic"}, "forumName": "感情", "forumAlias": "relationship", "gender": "F", "replyTitle": null, "mediaMeta": [], "reactions": [{"id": "286f599c-f86a-4932-82f0-f5a06f1eca03", "count": 379}, {"id": "514c2569-fd53-4d9d-a415-bf0f88e7329f", "count": 9}, {"id": "e8e6bc5d-41b0-4129-b134-97507523d7ff", "count": 2}], "hidden": false, "customStyle": null, "isSuspiciousAccount": false, "layout": "classic", "withImages": false, "withVideos": false, "media": [], "reportReasonText": "", "postAvatar": ""}, {"id": 233005465, "title": "有一種感情叫只有為妳。", "excerpt": "有一種感情叫奮不顧身。即使睡眠不足一直打呵欠也要幫妳趕工，假裝自己不餓把食物給妳，路途多遠天氣多糟都願意去找妳，手笨也願意花時間把妳喜歡的卡通人物做出來。只有為妳。有一種感情叫默默守護。注意妳對什麼過", "anonymousSchool": true, "anonymousDepartment": true, "pinned": false, "forumId": "42851318-b9e2-4a75-8a05-9fe180becefe", "replyId": null, "createdAt": "2020-02-03T01:41:16.366Z", "updatedAt": "2020-02-03T01:41:16.366Z", "commentCount": 8, "likeCount": 149, "withNickname": false, "tags": [], "topics": ["愛情", "感情", "告白", "暗戀", "友情"], "meta": {"layout": "classic"}, "forumName": "感情", "forumAlias": "relationship", "gender": "M", "replyTitle": null, "mediaMeta": [], "reactions": [{"id": "286f599c-f86a-4932-82f0-f5a06f1eca03", "count": 145}, {"id": "514c2569-fd53-4d9d-a415-bf0f88e7329f", "count": 3}, {"id": "e8e6bc5d-41b0-4129-b134-97507523d7ff", "count": 1}], "hidden": false, "customStyle": null, "isSuspiciousAccount": false, "layout": "classic", "withImages": false, "withVideos": false, "media": [], "reportReasonText": "", "postAvatar": ""}, {"id": 233004106, "title": "吃麵很大聲分手", "excerpt": "另一半吃麵都用湯匙，連吃烏龍麵也是用湯匙，他會把麵撈到碗邊，接著用洪荒之力把麵條吸，上來，力量大到湯會噴到附近的人，跟他講小聲一點，還是一樣吵，超級受不了的（憤怒值爆表）！！！，之前因為店面位置不夠跟", "anonymousSchool": true, "anonymousDepartment": true, "pinned": false, "forumId": "42851318-b9e2-4a75-8a05-9fe180becefe", "replyId": null, "createdAt": "2020-02-02T16:29:49.371Z", "updatedAt": "2020-02-02T16:29:49.371Z", "commentCount": 17, "likeCount": 136, "withNickname": false, "tags": [], "topics": ["分手", "價值觀"], "meta": {"layout": "classic"}, "forumName": "感情", "forumAlias": "relationship", "gender": "F", "replyTitle": null, "mediaMeta": [], "reactions": [{"id": "286f599c-f86a-4932-82f0-f5a06f1eca03", "count": 133}, {"id": "e8e6bc5d-41b0-4129-b134-97507523d7ff", "count": 3}], "hidden": false, "customStyle": null, "isSuspiciousAccount": false, "layout": "classic", "withImages": false, "withVideos": false, "media": [], "reportReasonText": "", "postAvatar": ""}, {"id": 233004258, "title": "我只是想要你多陪我一點", "excerpt": "到了寒假 相信很多情侶都會變成遠距吧，而我們也不意外，看著那句「晚安」不知為何 我好想哭，到目前 你都對我蠻好的，我知道你忙，所以我們只有晚上會聊天，不忙的時候你也有自己想做事情，所以也不敢吵你，怕你", "anonymousSchool": true, "anonymousDepartment": true, "pinned": false, "forumId": "42851318-b9e2-4a75-8a05-9fe180becefe", "replyId": null, "createdAt": "2020-02-02T16:51:52.073Z", "updatedAt": "2020-02-02T16:55:31.620Z", "commentCount": 15, "likeCount": 131, "withNickname": false, "tags": ["HIDE_THUMBNAIL"], "topics": [], "meta": {"layout": "classic"}, "forumName": "感情", "forumAlias": "relationship", "gender": "F", "replyTitle": null, "mediaMeta": [], "reactions": [{"id": "286f599c-f86a-4932-82f0-f5a06f1eca03", "count": 125}, {"id": "514c2569-fd53-4d9d-a415-bf0f88e7329f", "count": 6}], "hidden": false, "customStyle": null, "isSuspiciousAccount": false, "layout": "classic", "withImages": false, "withVideos": false, "media": [], "reportReasonText": "", "postAvatar": ""}, {"id": 233012448, "title": "女孩紙的力氣", "excerpt": "還沒和男友交往前，扛20kg行李箱一口氣上四樓，對我這個女漢紙來說，根本輕而易舉，交往後，開寶特瓶、開太空包餅乾，都成了問題，與其說是力氣變小了，不如說往旁邊遞 男友就幫忙開好，不費吹灰之力，便慢慢退", "anonymousSchool": false, "anonymousDepartment": true, "pinned": false, "forumId": "42851318-b9e2-4a75-8a05-9fe180becefe", "replyId": null, "createdAt": "2020-02-04T02:19:54.972Z", "updatedAt": "2020-02-04T02:30:54.456Z", "commentCount": 28, "likeCount": 129, "withNickname": true, "tags": [], "topics": ["嚇壞男友的怪力", "我是一顆可愛的小蘑菇", "不是怪力女"], "meta": {"layout": "classic"}, "forumName": "感情", "forumAlias": "relationship", "gender": "F", "school": "小謀菇( ´▽` )ﾉ", "department": "lovegreen", "replyTitle": null, "mediaMeta": [{"id": "3ee421ea-483a-4883-9471-d8f6a114ce85", "url": "https://i.imgur.com/nClceetl.jpg", "normalizedUrl": "https://i.imgur.com/nClceetl.jpg", "thumbnail": "https://i.imgur.com/nClceetl.jpg", "type": "image/thumbnail", "tags": ["ANNOTATED"], "createdAt": "2020-02-04T02:19:54.972Z", "updatedAt": "2020-02-04T02:30:54.456Z"}, {"id": "3ee421ea-483a-4883-9471-d8f6a114ce85", "url": "https://i.imgur.com/nClceet.jpg", "normalizedUrl": "https://imgur.com/nClceet", "thumbnail": "https://i.imgur.com/nClceetl.jpg", "type": "image/imgur", "tags": ["ANNOTATED"], "createdAt": "2020-02-04T02:19:54.972Z", "updatedAt": "2020-02-04T02:30:54.456Z"}, {"id": "0d9aa74b-22dc-4e7c-ba5e-bab577f178a1", "url": "https://i.imgur.com/vV62zmo.jpg", "normalizedUrl": "https://imgur.com/vV62zmo", "thumbnail": "https://i.imgur.com/vV62zmol.jpg", "type": "image/imgur", "tags": ["ANNOTATED"], "createdAt": "2020-02-04T02:19:54.972Z", "updatedAt": "2020-02-04T02:30:54.456Z"}, {"id": "c27ecc62-adfc-4eed-85d5-5fc49c17c7df", "url": "https://i.imgur.com/jcWK0XX.jpg", "normalizedUrl": "https://imgur.com/jcWK0XX", "thumbnail": "https://i.imgur.com/jcWK0XXl.jpg", "type": "image/imgur", "tags": ["ANNOTATED"], "createdAt": "2020-02-04T02:19:54.972Z", "updatedAt": "2020-02-04T02:30:54.456Z"}], "reactions": [{"id": "286f599c-f86a-4932-82f0-f5a06f1eca03", "count": 118}, {"id": "e8e6bc5d-41b0-4129-b134-97507523d7ff", "count": 11}], "hidden": false, "customStyle": null, "isSuspiciousAccount": false, "layout": "classic", "withImages": true, "withVideos": false, "media": [{"url": "https://i.imgur.com/nClceet.jpg"}, {"url": "https://i.imgur.com/vV62zmo.jpg"}, {"url": "https://i.imgur.com/jcWK0XX.jpg"}], "reportReasonText": "", "postAvatar": ""}, {"id": 233011549, "title": "喜歡看放閃文", "excerpt": "每次我看見有放閃的文章我都會立刻按進去看，每次看著都會莫名的感到開心（替別人感到辛福）。哈哈哈哈哈哈", "anonymousSchool": true, "anonymousDepartment": true, "pinned": false, "forumId": "42851318-b9e2-4a75-8a05-9fe180becefe", "replyId": null, "createdAt": "2020-02-03T18:11:04.250Z", "updatedAt": "2020-02-03T18:11:04.250Z", "commentCount": 7, "likeCount": 126, "withNickname": false, "tags": [], "topics": ["感情", "喜歡", "閃光", "愛情", "在一起"], "meta": {"layout": "classic"}, "forumName": "感情", "forumAlias": "relationship", "gender": "M", "replyTitle": null, "mediaMeta": [], "reactions": [{"id": "286f599c-f86a-4932-82f0-f5a06f1eca03", "count": 126}], "hidden": false, "customStyle": null, "isSuspiciousAccount": false, "layout": "classic", "withImages": false, "withVideos": false, "media": [], "reportReasonText": "", "postAvatar": ""}, {"id": 233004525, "title": "不喜歡就不要一直關心我", "excerpt": "我真的懇求那些渣男，你不喜歡一個女生，或是你不確定你的感覺，那你也尊重一下女生的感受，克制你的表達和不安份的手，不要明明不喜歡還要跟人家有肢體接觸，動不動就關心人家的各種情緒，心動這種東西就是克制不了", "anonymousSchool": true, "anonymousDepartment": true, "pinned": false, "forumId": "42851318-b9e2-4a75-8a05-9fe180becefe", "replyId": null, "createdAt": "2020-02-02T17:31:06.853Z", "updatedAt": "2020-02-02T17:31:06.853Z", "commentCount": 8, "likeCount": 95, "withNickname": false, "tags": ["HIDE_THUMBNAIL"], "topics": ["關心", "曖昧", "渣男"], "meta": {"layout": "classic"}, "forumName": "感情", "forumAlias": "relationship", "gender": "F", "replyTitle": null, "mediaMeta": [], "reactions": [{"id": "286f599c-f86a-4932-82f0-f5a06f1eca03", "count": 93}, {"id": "514c2569-fd53-4d9d-a415-bf0f88e7329f", "count": 2}], "hidden": false, "customStyle": null, "isSuspiciousAccount": false, "layout": "classic", "withImages": false, "withVideos": false, "media": [], "reportReasonText": "", "postAvatar": ""}, {"id": 233011782, "title": "不要幫我擦淚！", "excerpt": "我是男生，直接拿女友帳號發文，希望她早上起床能看到。今天跟一個月不見的女友見面，女友一看到我就撲上來緊緊抱住我。抱了好久好久，之後隱約傳出啜泣聲。我將她拉開，看她淚眼潸潸，眼淚一株一株的掉，好心疼。她", "anonymousSchool": true, "anonymousDepartment": true, "pinned": false, "forumId": "42851318-b9e2-4a75-8a05-9fe180becefe", "replyId": null, "createdAt": "2020-02-03T19:18:18.035Z", "updatedAt": "2020-02-03T19:18:59.626Z", "commentCount": 9, "likeCount": 85, "withNickname": false, "tags": ["HIDE_THUMBNAIL"], "topics": ["女友真的好可愛"], "meta": {"layout": "classic"}, "forumName": "感情", "forumAlias": "relationship", "gender": "F", "replyTitle": null, "mediaMeta": [], "reactions": [{"id": "286f599c-f86a-4932-82f0-f5a06f1eca03", "count": 74}, {"id": "e8e6bc5d-41b0-4129-b134-97507523d7ff", "count": 11}], "hidden": false, "customStyle": null, "isSuspiciousAccount": false, "layout": "classic", "withImages": false, "withVideos": false, "media": [], "reportReasonText": "", "postAvatar": ""}, {"id": 233008281, "title": "我不喜歡男友一直送我東西", "excerpt": "看到這篇文，心裡揪了一下~，前任是一個會送禮給我的人，我跟他差六歲，當初他出社會我還是學生。他知道我很喜歡飾品，尤其VA，（想必大家都知道這有點價格啊🥴🥴🥴），當年我生日、聖誕節，他送了VA的項", "anonymousSchool": true, "anonymousDepartment": true, "pinned": false, "forumId": "42851318-b9e2-4a75-8a05-9fe180becefe", "replyId": 233000861, "createdAt": "2020-02-03T10:37:25.395Z", "updatedAt": "2020-02-03T10:37:25.395Z", "commentCount": 12, "likeCount": 84, "withNickname": false, "tags": [], "topics": ["女友", "男友", "價值觀", "禮物"], "meta": {"layout": "classic"}, "forumName": "感情", "forumAlias": "relationship", "gender": "F", "replyTitle": "聽到女友的許願卻被分手了（更）", "mediaMeta": [], "reactions": [{"id": "286f599c-f86a-4932-82f0-f5a06f1eca03", "count": 84}], "hidden": false, "customStyle": null, "isSuspiciousAccount": false, "layout": "classic", "withImages": false, "withVideos": false, "media": [], "reportReasonText": "", "postAvatar": ""}, {"id": 233006798, "title": "如果你決定進入一段感情", "excerpt": "最近剛分手 當然是痛不欲生，但也有了一些體悟，1.當你決定進入一段感情 你就不再是單身一個人 你必須顧及到對方的想法 如果還是用單身的想法在想事情 那就太自私了 而顧及對方的想法 必定會需要委屈自己一", "anonymousSchool": true, "anonymousDepartment": true, "pinned": false, "forumId": "42851318-b9e2-4a75-8a05-9fe180becefe", "replyId": null, "createdAt": "2020-02-03T07:07:24.793Z", "updatedAt": "2020-02-03T07:07:24.793Z", "commentCount": 5, "likeCount": 69, "withNickname": false, "tags": ["HIDE_THUMBNAIL"], "topics": ["感情", "愛情", "分手", "失戀"], "meta": {"layout": "classic"}, "forumName": "感情", "forumAlias": "relationship", "gender": "F", "replyTitle": null, "mediaMeta": [], "reactions": [{"id": "286f599c-f86a-4932-82f0-f5a06f1eca03", "count": 68}, {"id": "514c2569-fd53-4d9d-a415-bf0f88e7329f", "count": 1}], "hidden": false, "customStyle": null, "isSuspiciousAccount": false, "layout": "classic", "withImages": false, "withVideos": false, "media": [], "reportReasonText": "", "postAvatar": ""}, {"id": 233007769, "title": "暫時當我的朋友，好嗎？", "excerpt": "前幾天分手了，種種因素之下沒有可以宣洩情緒的出口，沒辦法跟朋友說我失戀了 沒有可以給我意見和安慰的人，難受到飯吃不下 沒有動力做其他的事，我也曾在感情版安慰過許多人，同樣心疼所有在感情路上受傷的人，而", "anonymousSchool": true, "anonymousDepartment": true, "pinned": false, "forumId": "42851318-b9e2-4a75-8a05-9fe180becefe", "replyId": null, "createdAt": "2020-02-03T09:30:19.666Z", "updatedAt": "2020-02-03T09:30:19.666Z", "commentCount": 19, "likeCount": 57, "withNickname": false, "tags": [], "topics": [], "meta": {"layout": "classic"}, "forumName": "感情", "forumAlias": "relationship", "gender": "F", "replyTitle": null, "mediaMeta": [{"id": "9963acfe-f9b8-4b83-a2d6-81d8a641a7b0", "url": "https://megapx-assets.dcard.tw/images/34620129-6ee6-4cd5-a5d9-d719d51a46a3/640.jpeg", "normalizedUrl": "https://megapx-assets.dcard.tw/images/34620129-6ee6-4cd5-a5d9-d719d51a46a3/640.jpeg", "thumbnail": "https://megapx-assets.dcard.tw/images/34620129-6ee6-4cd5-a5d9-d719d51a46a3/640.jpeg", "type": "image/thumbnail", "tags": ["ANNOTATED"], "createdAt": "2020-02-03T09:30:19.666Z", "updatedAt": "2020-02-03T09:30:19.666Z", "width": 360, "height": 640}, {"id": "9963acfe-f9b8-4b83-a2d6-81d8a641a7b0", "url": "https://megapx-assets.dcard.tw/images/34620129-6ee6-4cd5-a5d9-d719d51a46a3/1280.jpeg", "normalizedUrl": "https://megapx.dcard.tw/v1/images/34620129-6ee6-4cd5-a5d9-d719d51a46a3", "thumbnail": "https://megapx-assets.dcard.tw/images/34620129-6ee6-4cd5-a5d9-d719d51a46a3/640.jpeg", "type": "image/megapx", "tags": ["ANNOTATED"], "createdAt": "2020-02-03T09:30:19.666Z", "updatedAt": "2020-02-03T09:30:19.666Z", "width": 750, "height": 1334}], "reactions": [{"id": "286f599c-f86a-4932-82f0-f5a06f1eca03", "count": 56}, {"id": "514c2569-fd53-4d9d-a415-bf0f88e7329f", "count": 1}], "hidden": false, "customStyle": null, "isSuspiciousAccount": false, "layout": "classic", "withImages": true, "withVideos": false, "media": [{"url": "https://megapx-assets.dcard.tw/images/34620129-6ee6-4cd5-a5d9-d719d51a46a3/1280.jpeg"}], "reportReasonText": "", "postAvatar": ""}, {"id": 233004109, "title": "男友悲劇的拍照技術", "excerpt": "前陣子，因為學校放假，我就回了台灣順便回去投票，我回去大概一個月的這段期間，我和男友那君每天都會互傳照片，分享彼此在做什麼事（˶‾᷄ ⁻̫ ‾᷅˵），有一天凌晨，那君傳了一張照片過來⬇️，......", "anonymousSchool": false, "anonymousDepartment": true, "pinned": false, "forumId": "42851318-b9e2-4a75-8a05-9fe180becefe", "replyId": null, "createdAt": "2020-02-02T16:30:11.910Z", "updatedAt": "2020-02-03T00:13:18.602Z", "commentCount": 4, "likeCount": 56, "withNickname": true, "tags": [], "topics": ["男友", "拍照技術", "是不是沒救了"], "meta": {"layout": "classic"}, "forumName": "感情", "forumAlias": "relationship", "gender": "F", "school": "シカマロ", "department": "naoko", "replyTitle": null, "mediaMeta": [{"id": "9cbb4b35-e146-4a94-a608-2c4ae34efd2d", "url": "https://megapx-assets.dcard.tw/images/33d50364-e468-4fa2-bf80-58cb13edf9d7/640.jpeg", "normalizedUrl": "https://megapx-assets.dcard.tw/images/33d50364-e468-4fa2-bf80-58cb13edf9d7/640.jpeg", "thumbnail": "https://megapx-assets.dcard.tw/images/33d50364-e468-4fa2-bf80-58cb13edf9d7/640.jpeg", "type": "image/thumbnail", "tags": ["ANNOTATED"], "createdAt": "2020-02-02T16:30:11.910Z", "updatedAt": "2020-02-03T00:13:18.602Z", "width": 395, "height": 640}, {"id": "9cbb4b35-e146-4a94-a608-2c4ae34efd2d", "url": "https://megapx-assets.dcard.tw/images/33d50364-e468-4fa2-bf80-58cb13edf9d7/1280.jpeg", "normalizedUrl": "https://megapx.dcard.tw/v1/images/33d50364-e468-4fa2-bf80-58cb13edf9d7", "thumbnail": "https://megapx-assets.dcard.tw/images/33d50364-e468-4fa2-bf80-58cb13edf9d7/640.jpeg", "type": "image/megapx", "tags": ["ANNOTATED"], "createdAt": "2020-02-02T16:30:11.910Z", "updatedAt": "2020-02-03T00:13:18.602Z", "width": 828, "height": 1342}, {"id": "560ada57-1646-4f74-af8a-03116f2a7e9c", "url": "https://megapx-assets.dcard.tw/images/8a8c1d1c-b679-4cc6-a90b-a4ead9c57f50/1280.jpeg", "normalizedUrl": "https://megapx.dcard.tw/v1/images/8a8c1d1c-b679-4cc6-a90b-a4ead9c57f50", "thumbnail": "https://megapx-assets.dcard.tw/images/8a8c1d1c-b679-4cc6-a90b-a4ead9c57f50/640.jpeg", "type": "image/megapx", "tags": ["ANNOTATED"], "createdAt": "2020-02-02T16:30:11.910Z", "updatedAt": "2020-02-03T00:13:18.602Z", "width": 828, "height": 1346}, {"id": "acf9bf80-f740-410a-a1f5-36d852d6bcf7", "url": "https://megapx-assets.dcard.tw/images/eb37315d-f914-4203-8714-2fb076eb2aed/1280.jpeg", "normalizedUrl": "https://megapx.dcard.tw/v1/images/eb37315d-f914-4203-8714-2fb076eb2aed", "thumbnail": "https://megapx-assets.dcard.tw/images/eb37315d-f914-4203-8714-2fb076eb2aed/640.jpeg", "type": "image/megapx", "tags": ["ANNOTATED"], "createdAt": "2020-02-02T16:30:11.910Z", "updatedAt": "2020-02-03T00:13:18.602Z", "width": 2000, "height": 2000}], "reactions": [{"id": "286f599c-f86a-4932-82f0-f5a06f1eca03", "count": 54}, {"id": "e8e6bc5d-41b0-4129-b134-97507523d7ff", "count": 2}], "hidden": false, "customStyle": null, "isSuspiciousAccount": false, "layout": "classic", "withImages": true, "withVideos": false, "media": [{"url": "https://megapx-assets.dcard.tw/images/33d50364-e468-4fa2-bf80-58cb13edf9d7/1280.jpeg"}, {"url": "https://megapx-assets.dcard.tw/images/8a8c1d1c-b679-4cc6-a90b-a4ead9c57f50/1280.jpeg"}, {"url": "https://megapx-assets.dcard.tw/images/eb37315d-f914-4203-8714-2fb076eb2aed/1280.jpeg"}], "reportReasonText": "", "postAvatar": ""}, {"id": 233005400, "title": "因為那天我們整天在一起", "excerpt": "不知道大家知不知道賴更新後多了一個用日期可以查找聊天記錄的功能，點進去有個小月曆，可以直接按日期就知道當天聊天記錄，前幾天跟男友講電話講到這個功能，兩個人變聊邊看，突然發現整個月曆中，唯獨12月29這", "anonymousSchool": true, "anonymousDepartment": true, "pinned": false, "forumId": "42851318-b9e2-4a75-8a05-9fe180becefe", "replyId": null, "createdAt": "2020-02-03T01:09:01.946Z", "updatedAt": "2020-02-03T01:09:01.946Z", "commentCount": 4, "likeCount": 41, "withNickname": false, "tags": [], "topics": ["遠距離"], "meta": {"layout": "classic"}, "forumName": "感情", "forumAlias": "relationship", "gender": "F", "replyTitle": null, "mediaMeta": [{"id": "e4a44113-07ad-4426-b8ad-3702b19f8976", "url": "https://megapx-assets.dcard.tw/images/8c1758a2-d208-4b13-9e6e-8266fd427599/640.jpeg", "normalizedUrl": "https://megapx-assets.dcard.tw/images/8c1758a2-d208-4b13-9e6e-8266fd427599/640.jpeg", "thumbnail": "https://megapx-assets.dcard.tw/images/8c1758a2-d208-4b13-9e6e-8266fd427599/640.jpeg", "type": "image/thumbnail", "tags": [], "createdAt": "2020-02-03T01:09:01.946Z", "updatedAt": "2020-02-03T01:09:01.946Z", "width": 640, "height": 250}, {"id": "e4a44113-07ad-4426-b8ad-3702b19f8976", "url": "https://megapx-assets.dcard.tw/images/8c1758a2-d208-4b13-9e6e-8266fd427599/full.jpeg", "normalizedUrl": "https://megapx.dcard.tw/v1/images/8c1758a2-d208-4b13-9e6e-8266fd427599", "thumbnail": "https://megapx-assets.dcard.tw/images/8c1758a2-d208-4b13-9e6e-8266fd427599/640.jpeg", "type": "image/megapx", "tags": [], "createdAt": "2020-02-03T01:09:01.946Z", "updatedAt": "2020-02-03T01:09:01.946Z", "width": 750, "height": 293}, {"id": "31ac5c26-0518-4f69-a9bc-7642b216b404", "url": "https://megapx-assets.dcard.tw/images/636722e3-f9c7-434f-abea-9837406f7ced/1280.jpeg", "normalizedUrl": "https://megapx.dcard.tw/v1/images/636722e3-f9c7-434f-abea-9837406f7ced", "thumbnail": "https://megapx-assets.dcard.tw/images/636722e3-f9c7-434f-abea-9837406f7ced/640.jpeg", "type": "image/megapx", "tags": [], "createdAt": "2020-02-03T01:09:01.946Z", "updatedAt": "2020-02-03T01:09:01.946Z", "width": 750, "height": 1334}], "reactions": [{"id": "286f599c-f86a-4932-82f0-f5a06f1eca03", "count": 41}], "hidden": false, "customStyle": null, "isSuspiciousAccount": false, "layout": "classic", "withImages": true, "withVideos": false, "media": [{"url": "https://megapx-assets.dcard.tw/images/8c1758a2-d208-4b13-9e6e-8266fd427599/full.jpeg"}, {"url": "https://megapx-assets.dcard.tw/images/636722e3-f9c7-434f-abea-9837406f7ced/1280.jpeg"}], "reportReasonText": "", "postAvatar": ""}, {"id": 233010747, "title": "女孩不要因為愛 變得卑微", "excerpt": "跟前男友分手一個月多了，雖然還是有很多的不捨，但也看清了很多，也發現在愛情裡我總是這麼的卑微....，一、絕對不能都把時間留在他身上，在剛交往時總是還在熱戀期，會想要天天見面等等，於是不管我們雙方都有", "anonymousSchool": true, "anonymousDepartment": true, "pinned": false, "forumId": "42851318-b9e2-4a75-8a05-9fe180becefe", "replyId": null, "createdAt": "2020-02-03T16:11:59.696Z", "updatedAt": "2020-02-03T16:11:59.696Z", "commentCount": 4, "likeCount": 39, "withNickname": false, "tags": ["HIDE_THUMBNAIL"], "topics": ["感情", "分手"], "meta": {"layout": "classic"}, "forumName": "感情", "forumAlias": "relationship", "gender": "F", "replyTitle": null, "mediaMeta": [], "reactions": [{"id": "286f599c-f86a-4932-82f0-f5a06f1eca03", "count": 39}], "hidden": false, "customStyle": null, "isSuspiciousAccount": false, "layout": "classic", "withImages": false, "withVideos": false, "media": [], "reportReasonText": "", "postAvatar": ""}, {"id": 233009137, "title": "再繼續下去我就不需要你了", "excerpt": "每次主動打訊息給你都是，好 恩恩 沒事，每次主動想聽聽你的聲音，晚點 有點忙 再等等吧，我只想說再主動的人也經不起多次的冷淡和拒絕，有另一半的人，請不要忽略那些主動關心你的人，因為那不是他的義務，如果", "anonymousSchool": true, "anonymousDepartment": true, "pinned": false, "forumId": "42851318-b9e2-4a75-8a05-9fe180becefe", "replyId": null, "createdAt": "2020-02-03T12:54:11.522Z", "updatedAt": "2020-02-03T12:54:11.522Z", "commentCount": 5, "likeCount": 39, "withNickname": false, "tags": ["HIDE_THUMBNAIL"], "topics": ["價值觀", "感情", "愛情"], "meta": {"layout": "classic"}, "forumName": "感情", "forumAlias": "relationship", "gender": "F", "replyTitle": null, "mediaMeta": [], "reactions": [{"id": "286f599c-f86a-4932-82f0-f5a06f1eca03", "count": 39}], "hidden": false, "customStyle": null, "isSuspiciousAccount": false, "layout": "classic", "withImages": false, "withVideos": false, "media": [], "reportReasonText": "", "postAvatar": ""}, {"id": 233005900, "title": "交往時間久但無縫劈腿就是個問題", "excerpt": "沒錯交往時間久分手不是重點，但如果是交往時間久，遇上無縫或劈腿就另當別論，提分手的人想趕快選擇新歡，卻不想跟現任溝通、解決彼此問題的人，等到新鮮感退了，想要回頭都不一定來得及.....，大部分的人都會", "anonymousSchool": true, "anonymousDepartment": true, "pinned": false, "forumId": "42851318-b9e2-4a75-8a05-9fe180becefe", "replyId": 232999834, "createdAt": "2020-02-03T03:41:22.092Z", "updatedAt": "2020-02-03T03:41:22.092Z", "commentCount": 10, "likeCount": 39, "withNickname": false, "tags": [], "topics": [], "meta": {"layout": "classic"}, "forumName": "感情", "forumAlias": "relationship", "gender": "F", "replyTitle": "交往時間久根本不是重點", "mediaMeta": [], "reactions": [{"id": "286f599c-f86a-4932-82f0-f5a06f1eca03", "count": 39}], "hidden": false, "customStyle": null, "isSuspiciousAccount": false, "layout": "classic", "withImages": false, "withVideos": false, "media": [], "reportReasonText": "", "postAvatar": ""}, {"id": 233004002, "title": "等也是等，不等，也是等", "excerpt": "時間可以帶走一切，不知道為什麼似乎沒有帶走你，時間只能撫平傷痕，卻不能治療傷口，那天看到一句話，「等也是等，不等，也是等」一直都希望自己夠有勇氣，一直都以為自己足夠理性，一直都期待自己可以堅強，於是，", "anonymousSchool": true, "anonymousDepartment": true, "pinned": false, "forumId": "42851318-b9e2-4a75-8a05-9fe180becefe", "replyId": null, "createdAt": "2020-02-02T16:15:46.442Z", "updatedAt": "2020-02-02T16:15:46.442Z", "commentCount": 3, "likeCount": 39, "withNickname": false, "tags": ["HIDE_THUMBNAIL"], "topics": ["感情"], "meta": {"layout": "classic"}, "forumName": "感情", "forumAlias": "relationship", "gender": "F", "replyTitle": null, "mediaMeta": [], "reactions": [{"id": "286f599c-f86a-4932-82f0-f5a06f1eca03", "count": 37}, {"id": "514c2569-fd53-4d9d-a415-bf0f88e7329f", "count": 2}], "hidden": false, "customStyle": null, "isSuspiciousAccount": false, "layout": "classic", "withImages": false, "withVideos": false, "media": [], "reportReasonText": "", "postAvatar": ""}, {"id": 233004179, "title": "拿我的相機去把妹", "excerpt": "因為寒假太閒了，決定把渣男的事蹟打出來，讓大家開開眼界外，還能做到警世的作用（｡•̀ᴗ-）這是我第一次發文…要鞭拜託鞭小力一點（･ัω･ั）先說，手機排版而且文長...很長請小心服用：），L是我系上的", "anonymousSchool": false, "anonymousDepartment": true, "pinned": false, "forumId": "42851318-b9e2-4a75-8a05-9fe180becefe", "replyId": null, "createdAt": "2020-02-02T16:39:42.143Z", "updatedAt": "2020-02-03T07:56:42.560Z", "commentCount": 14, "likeCount": 38, "withNickname": false, "tags": [], "topics": ["渣男", "渣女", "都去鼠啦", "嘔", "三觀掰"], "meta": {"layout": "classic"}, "forumName": "感情", "forumAlias": "relationship", "gender": "F", "school": "中原大學", "replyTitle": null, "mediaMeta": [], "reactions": [{"id": "286f599c-f86a-4932-82f0-f5a06f1eca03", "count": 37}, {"id": "aa0d425f-d530-4478-9a77-fe3aedc79eea", "count": 1}], "hidden": false, "customStyle": null, "isSuspiciousAccount": false, "layout": "classic", "withImages": false, "withVideos": false, "media": [], "reportReasonText": "", "postAvatar": ""}, {"id": 233009213, "title": "我看你是欠我抱抱唷", "excerpt": "跟男友吃完飯在家附近的鄉間小路散步，最近感冒的男友突然清痰，然後吞下，受不了的我直接：矮額！！！！！，看他臉色變化還以為愛生氣的傢伙又要腦羞了，結果他竟然一臉氣噗噗的回我，額屁喔我看你是欠我抱抱唷！！", "anonymousSchool": true, "anonymousDepartment": true, "pinned": false, "forumId": "42851318-b9e2-4a75-8a05-9fe180becefe", "replyId": null, "createdAt": "2020-02-03T13:06:03.054Z", "updatedAt": "2020-02-03T13:06:38.692Z", "commentCount": 4, "likeCount": 37, "withNickname": false, "tags": [], "topics": ["感情", "男友"], "meta": {"layout": "classic"}, "forumName": "感情", "forumAlias": "relationship", "gender": "F", "replyTitle": null, "mediaMeta": [{"id": "ba9431ad-cb77-4d83-a986-2aa215700096", "url": "https://megapx-assets.dcard.tw/images/d0dc5ff9-2639-4b19-aa25-edf45a1a2ddf/640.jpeg", "normalizedUrl": "https://megapx-assets.dcard.tw/images/d0dc5ff9-2639-4b19-aa25-edf45a1a2ddf/640.jpeg", "thumbnail": "https://megapx-assets.dcard.tw/images/d0dc5ff9-2639-4b19-aa25-edf45a1a2ddf/640.jpeg", "type": "image/thumbnail", "tags": ["ANNOTATED"], "createdAt": "2020-02-03T13:06:03.054Z", "updatedAt": "2020-02-03T13:06:38.692Z", "width": 630, "height": 640}, {"id": "ba9431ad-cb77-4d83-a986-2aa215700096", "url": "https://megapx-assets.dcard.tw/images/d0dc5ff9-2639-4b19-aa25-edf45a1a2ddf/full.jpeg", "normalizedUrl": "https://megapx.dcard.tw/v1/images/d0dc5ff9-2639-4b19-aa25-edf45a1a2ddf", "thumbnail": "https://megapx-assets.dcard.tw/images/d0dc5ff9-2639-4b19-aa25-edf45a1a2ddf/640.jpeg", "type": "image/megapx", "tags": ["ANNOTATED"], "createdAt": "2020-02-03T13:06:03.054Z", "updatedAt": "2020-02-03T13:06:38.692Z", "width": 711, "height": 722}], "reactions": [{"id": "286f599c-f86a-4932-82f0-f5a06f1eca03", "count": 35}, {"id": "e8e6bc5d-41b0-4129-b134-97507523d7ff", "count": 2}], "hidden": false, "customStyle": null, "isSuspiciousAccount": false, "layout": "classic", "withImages": true, "withVideos": false, "media": [{"url": "https://megapx-assets.dcard.tw/images/d0dc5ff9-2639-4b19-aa25-edf45a1a2ddf/full.jpeg"}], "reportReasonText": "", "postAvatar": ""}, {"id": 233011765, "title": "（圖）26歲時結婚吧🥰", "excerpt": "（第一次發文 請見諒），今天和男友打遊戲的時候，因為輸了所以他口氣有點糟，有點不開心的我不想用吵架的方式來提醒他這樣的語氣會讓人不舒服，想到之前看到的這篇文，就想說也用同樣的方式來逗逗他好了🤪，就有", "anonymousSchool": true, "anonymousDepartment": true, "pinned": false, "forumId": "42851318-b9e2-4a75-8a05-9fe180becefe", "replyId": 232963266, "createdAt": "2020-02-03T19:11:41.423Z", "updatedAt": "2020-02-04T03:13:50.055Z", "commentCount": 6, "likeCount": 36, "withNickname": false, "tags": [], "topics": ["愛情", "感情", "閃光", "結婚"], "meta": {"layout": "classic"}, "forumName": "感情", "forumAlias": "relationship", "gender": "F", "replyTitle": "我想和你結婚🎎", "mediaMeta": [{"id": "e12ea6ba-6621-4ac2-beea-506861d2c4bc", "url": "https://megapx-assets.dcard.tw/images/690c41d8-1ab6-48cb-9634-9788b0072723/640.jpeg", "normalizedUrl": "https://megapx-assets.dcard.tw/images/690c41d8-1ab6-48cb-9634-9788b0072723/640.jpeg", "thumbnail": "https://megapx-assets.dcard.tw/images/690c41d8-1ab6-48cb-9634-9788b0072723/640.jpeg", "type": "image/thumbnail", "tags": ["ANNOTATED"], "createdAt": "2020-02-03T19:11:41.423Z", "updatedAt": "2020-02-04T03:13:50.055Z", "width": 570, "height": 640}, {"id": "e12ea6ba-6621-4ac2-beea-506861d2c4bc", "url": "https://megapx-assets.dcard.tw/images/690c41d8-1ab6-48cb-9634-9788b0072723/full.jpeg", "normalizedUrl": "https://megapx.dcard.tw/v1/images/690c41d8-1ab6-48cb-9634-9788b0072723", "thumbnail": "https://megapx-assets.dcard.tw/images/690c41d8-1ab6-48cb-9634-9788b0072723/640.jpeg", "type": "image/megapx", "tags": ["ANNOTATED"], "createdAt": "2020-02-03T19:11:41.423Z", "updatedAt": "2020-02-04T03:13:50.055Z", "width": 828, "height": 930}, {"id": "ae8767b7-a6e2-452c-932c-e788c931cd90", "url": "https://megapx-assets.dcard.tw/images/c4c66161-058c-46e4-b3fa-19990110642b/full.jpeg", "normalizedUrl": "https://megapx.dcard.tw/v1/images/c4c66161-058c-46e4-b3fa-19990110642b", "thumbnail": "https://megapx-assets.dcard.tw/images/c4c66161-058c-46e4-b3fa-19990110642b/640.jpeg", "type": "image/megapx", "tags": ["ANNOTATED"], "createdAt": "2020-02-03T19:11:41.423Z", "updatedAt": "2020-02-04T03:13:50.055Z", "width": 828, "height": 984}, {"id": "63c4cc7e-4712-412a-8721-c766b4469e1c", "url": "https://megapx-assets.dcard.tw/images/8f1fbde6-6d39-47f0-9784-8a2b9b9251c9/full.jpeg", "normalizedUrl": "https://megapx.dcard.tw/v1/images/8f1fbde6-6d39-47f0-9784-8a2b9b9251c9", "thumbnail": "https://megapx-assets.dcard.tw/images/8f1fbde6-6d39-47f0-9784-8a2b9b9251c9/640.jpeg", "type": "image/megapx", "tags": ["ANNOTATED"], "createdAt": "2020-02-03T19:11:41.423Z", "updatedAt": "2020-02-04T03:13:50.055Z", "width": 828, "height": 974}, {"id": "cc2f5594-ae7f-4a2e-b8d8-ea554a744501", "url": "https://megapx-assets.dcard.tw/images/49fb6ed9-31ee-4dba-bea6-edbf020c22fc/full.jpeg", "normalizedUrl": "https://megapx.dcard.tw/v1/images/49fb6ed9-31ee-4dba-bea6-edbf020c22fc", "thumbnail": "https://megapx-assets.dcard.tw/images/49fb6ed9-31ee-4dba-bea6-edbf020c22fc/640.jpeg", "type": "image/megapx", "tags": [], "createdAt": "2020-02-04T03:13:50.055Z", "updatedAt": "2020-02-04T03:13:50.055Z", "width": 828, "height": 1014}, {"id": "01bf075e-b7f8-4495-b95c-5dbd94e6747d", "url": "https://megapx-assets.dcard.tw/images/b29465bb-3b3e-433d-b42a-4af848c99762/full.jpeg", "normalizedUrl": "https://megapx.dcard.tw/v1/images/b29465bb-3b3e-433d-b42a-4af848c99762", "thumbnail": "https://megapx-assets.dcard.tw/images/b29465bb-3b3e-433d-b42a-4af848c99762/640.jpeg", "type": "image/megapx", "tags": ["ANNOTATED"], "createdAt": "2020-02-03T19:11:41.423Z", "updatedAt": "2020-02-04T03:13:50.055Z", "width": 828, "height": 892}, {"id": "03d4be77-4a82-4f25-b0b5-0fd735709f53", "url": "https://megapx-assets.dcard.tw/images/ed7f8a85-182a-4e2b-b9cd-a745fb1ba0d5/full.jpeg", "normalizedUrl": "https://megapx.dcard.tw/v1/images/ed7f8a85-182a-4e2b-b9cd-a745fb1ba0d5", "thumbnail": "https://megapx-assets.dcard.tw/images/ed7f8a85-182a-4e2b-b9cd-a745fb1ba0d5/640.jpeg", "type": "image/megapx", "tags": ["ANNOTATED"], "createdAt": "2020-02-03T19:11:41.423Z", "updatedAt": "2020-02-04T03:13:50.055Z", "width": 828, "height": 1048}, {"id": "ba28112a-99a2-4c4f-b6ae-ce31c7ef4cdc", "url": "https://megapx-assets.dcard.tw/images/a9d09e65-a294-44bd-9c93-6094403dd9b3/full.jpeg", "normalizedUrl": "https://megapx.dcard.tw/v1/images/a9d09e65-a294-44bd-9c93-6094403dd9b3", "thumbnail": "https://megapx-assets.dcard.tw/images/a9d09e65-a294-44bd-9c93-6094403dd9b3/640.jpeg", "type": "image/megapx", "tags": ["ANNOTATED"], "createdAt": "2020-02-03T19:11:41.423Z", "updatedAt": "2020-02-04T03:13:50.055Z", "width": 828, "height": 832}, {"id": "1d813dce-b819-4fc2-84f2-8c87961a5dc0", "url": "https://megapx-assets.dcard.tw/images/7e38ec0d-a9f4-48c4-9604-c0380a24a2c2/full.jpeg", "normalizedUrl": "https://megapx.dcard.tw/v1/images/7e38ec0d-a9f4-48c4-9604-c0380a24a2c2", "thumbnail": "https://megapx-assets.dcard.tw/images/7e38ec0d-a9f4-48c4-9604-c0380a24a2c2/640.jpeg", "type": "image/megapx", "tags": ["ANNOTATED"], "createdAt": "2020-02-03T19:11:41.423Z", "updatedAt": "2020-02-04T03:13:50.055Z", "width": 828, "height": 960}, {"id": "507f3541-4a17-46b0-8f34-364873107fb8", "url": "https://megapx-assets.dcard.tw/images/0a9a4d83-5164-4170-b5f4-7cfe954b87d9/full.jpeg", "normalizedUrl": "https://megapx.dcard.tw/v1/images/0a9a4d83-5164-4170-b5f4-7cfe954b87d9", "thumbnail": "https://megapx-assets.dcard.tw/images/0a9a4d83-5164-4170-b5f4-7cfe954b87d9/640.jpeg", "type": "image/megapx", "tags": ["ANNOTATED"], "createdAt": "2020-02-03T19:11:41.423Z", "updatedAt": "2020-02-04T03:13:50.055Z", "width": 828, "height": 892}, {"id": "f1e4b724-9b42-425a-8ae5-ff7619c14283", "url": "https://megapx-assets.dcard.tw/images/9af02164-773c-4a7b-a182-751f3dd4e33f/full.jpeg", "normalizedUrl": "https://megapx.dcard.tw/v1/images/9af02164-773c-4a7b-a182-751f3dd4e33f", "thumbnail": "https://megapx-assets.dcard.tw/images/9af02164-773c-4a7b-a182-751f3dd4e33f/640.jpeg", "type": "image/megapx", "tags": ["ANNOTATED"], "createdAt": "2020-02-03T19:11:41.423Z", "updatedAt": "2020-02-04T03:13:50.055Z", "width": 828, "height": 860}, {"id": "9412131b-2c64-46cd-8ddd-8662f7d602db", "url": "https://megapx-assets.dcard.tw/images/d6d74b78-b862-428e-9fdb-fec1503de1cc/full.jpeg", "normalizedUrl": "https://megapx.dcard.tw/v1/images/d6d74b78-b862-428e-9fdb-fec1503de1cc", "thumbnail": "https://megapx-assets.dcard.tw/images/d6d74b78-b862-428e-9fdb-fec1503de1cc/640.jpeg", "type": "image/megapx", "tags": ["ANNOTATED"], "createdAt": "2020-02-03T19:11:41.423Z", "updatedAt": "2020-02-04T03:13:50.055Z", "width": 828, "height": 980}, {"id": "7d0a170f-af85-47d8-8438-30d7c4a69e00", "url": "https://megapx-assets.dcard.tw/images/b3eed8d7-d79f-4964-bb50-db1b29d6fa5e/1280.jpeg", "normalizedUrl": "https://megapx.dcard.tw/v1/images/b3eed8d7-d79f-4964-bb50-db1b29d6fa5e", "thumbnail": "https://megapx-assets.dcard.tw/images/b3eed8d7-d79f-4964-bb50-db1b29d6fa5e/640.jpeg", "type": "image/megapx", "tags": ["ANNOTATED"], "createdAt": "2020-02-03T19:11:41.423Z", "updatedAt": "2020-02-04T03:13:50.055Z", "width": 828, "height": 1378}, {"id": "818d2009-ffdc-4586-b38c-62a9df4e350a", "url": "https://megapx-assets.dcard.tw/images/2f9c0679-f1d9-43bf-b533-5ea181a1e969/1280.jpeg", "normalizedUrl": "https://megapx.dcard.tw/v1/images/2f9c0679-f1d9-43bf-b533-5ea181a1e969", "thumbnail": "https://megapx-assets.dcard.tw/images/2f9c0679-f1d9-43bf-b533-5ea181a1e969/640.jpeg", "type": "image/megapx", "tags": ["ANNOTATED"], "createdAt": "2020-02-03T19:11:41.423Z", "updatedAt": "2020-02-04T03:13:50.055Z", "width": 925, "height": 2000}], "reactions": [{"id": "286f599c-f86a-4932-82f0-f5a06f1eca03", "count": 33}, {"id": "e8e6bc5d-41b0-4129-b134-97507523d7ff", "count": 3}], "hidden": false, "customStyle": null, "isSuspiciousAccount": false, "layout": "classic", "withImages": true, "withVideos": false, "media": [{"url": "https://megapx-assets.dcard.tw/images/690c41d8-1ab6-48cb-9634-9788b0072723/full.jpeg"}, {"url": "https://megapx-assets.dcard.tw/images/c4c66161-058c-46e4-b3fa-19990110642b/full.jpeg"}, {"url": "https://megapx-assets.dcard.tw/images/8f1fbde6-6d39-47f0-9784-8a2b9b9251c9/full.jpeg"}, {"url": "https://megapx-assets.dcard.tw/images/49fb6ed9-31ee-4dba-bea6-edbf020c22fc/full.jpeg"}, {"url": "https://megapx-assets.dcard.tw/images/b29465bb-3b3e-433d-b42a-4af848c99762/full.jpeg"}, {"url": "https://megapx-assets.dcard.tw/images/ed7f8a85-182a-4e2b-b9cd-a745fb1ba0d5/full.jpeg"}, {"url": "https://megapx-assets.dcard.tw/images/a9d09e65-a294-44bd-9c93-6094403dd9b3/full.jpeg"}, {"url": "https://megapx-assets.dcard.tw/images/7e38ec0d-a9f4-48c4-9604-c0380a24a2c2/full.jpeg"}, {"url": "https://megapx-assets.dcard.tw/images/0a9a4d83-5164-4170-b5f4-7cfe954b87d9/full.jpeg"}, {"url": "https://megapx-assets.dcard.tw/images/9af02164-773c-4a7b-a182-751f3dd4e33f/full.jpeg"}, {"url": "https://megapx-assets.dcard.tw/images/d6d74b78-b862-428e-9fdb-fec1503de1cc/full.jpeg"}, {"url": "https://megapx-assets.dcard.tw/images/b3eed8d7-d79f-4964-bb50-db1b29d6fa5e/1280.jpeg"}, {"url": "https://megapx-assets.dcard.tw/images/2f9c0679-f1d9-43bf-b533-5ea181a1e969/1280.jpeg"}], "reportReasonText": "", "postAvatar": ""}, {"id": 233007876, "title": "要個貼心的女友好難", "excerpt": "原本規劃要去越南女友老家玩，但因為武漢肺炎，她媽咪叫我們不要去了，因為我本身是軍人，怕會帶給部隊其他人員困擾，（如果飛的去回不來更慘），慎重考慮下只能選擇把飛機票退了，但為了怕我女朋友不開心，還規劃了", "anonymousSchool": true, "anonymousDepartment": true, "pinned": false, "forumId": "42851318-b9e2-4a75-8a05-9fe180becefe", "replyId": null, "createdAt": "2020-02-03T09:43:03.162Z", "updatedAt": "2020-02-03T09:43:03.162Z", "commentCount": 22, "likeCount": 36, "withNickname": false, "tags": [], "topics": ["感情", "貼心"], "meta": {"layout": "classic"}, "forumName": "感情", "forumAlias": "relationship", "gender": "M", "replyTitle": null, "mediaMeta": [{"id": "40ae2280-13af-4349-84b6-a31e3dd507d9", "url": "https://megapx-assets.dcard.tw/images/3edd151f-eb86-431a-ae04-f3714d93a3fd/640.jpeg", "normalizedUrl": "https://megapx-assets.dcard.tw/images/3edd151f-eb86-431a-ae04-f3714d93a3fd/640.jpeg", "thumbnail": "https://megapx-assets.dcard.tw/images/3edd151f-eb86-431a-ae04-f3714d93a3fd/640.jpeg", "type": "image/thumbnail", "tags": [], "createdAt": "2020-02-03T09:43:03.162Z", "updatedAt": "2020-02-03T09:43:03.162Z", "width": 457, "height": 640}, {"id": "40ae2280-13af-4349-84b6-a31e3dd507d9", "url": "https://megapx-assets.dcard.tw/images/3edd151f-eb86-431a-ae04-f3714d93a3fd/full.jpeg", "normalizedUrl": "https://megapx.dcard.tw/v1/images/3edd151f-eb86-431a-ae04-f3714d93a3fd", "thumbnail": "https://megapx-assets.dcard.tw/images/3edd151f-eb86-431a-ae04-f3714d93a3fd/640.jpeg", "type": "image/megapx", "tags": [], "createdAt": "2020-02-03T09:43:03.162Z", "updatedAt": "2020-02-03T09:43:03.162Z", "width": 828, "height": 1160}, {"id": "7b38d5e8-b2c4-494b-87af-e3d4f988dc11", "url": "https://megapx-assets.dcard.tw/images/6b2a6de3-f15d-4d22-b9de-5d319983c5db/1280.jpeg", "normalizedUrl": "https://megapx.dcard.tw/v1/images/6b2a6de3-f15d-4d22-b9de-5d319983c5db", "thumbnail": "https://megapx-assets.dcard.tw/images/6b2a6de3-f15d-4d22-b9de-5d319983c5db/640.jpeg", "type": "image/megapx", "tags": [], "createdAt": "2020-02-03T09:43:03.162Z", "updatedAt": "2020-02-03T09:43:03.162Z", "width": 828, "height": 1318}, {"id": "97dbd13d-df14-4e08-ad2e-43709c3ffa38", "url": "https://megapx-assets.dcard.tw/images/103725b2-a745-4fd7-b42d-ee387d47629b/1280.jpeg", "normalizedUrl": "https://megapx.dcard.tw/v1/images/103725b2-a745-4fd7-b42d-ee387d47629b", "thumbnail": "https://megapx-assets.dcard.tw/images/103725b2-a745-4fd7-b42d-ee387d47629b/640.jpeg", "type": "image/megapx", "tags": [], "createdAt": "2020-02-03T09:43:03.162Z", "updatedAt": "2020-02-03T09:43:03.162Z", "width": 828, "height": 1706}], "reactions": [{"id": "286f599c-f86a-4932-82f0-f5a06f1eca03", "count": 36}], "hidden": false, "customStyle": null, "isSuspiciousAccount": false, "layout": "classic", "withImages": true, "withVideos": false, "media": [{"url": "https://megapx-assets.dcard.tw/images/3edd151f-eb86-431a-ae04-f3714d93a3fd/full.jpeg"}, {"url": "https://megapx-assets.dcard.tw/images/6b2a6de3-f15d-4d22-b9de-5d319983c5db/1280.jpeg"}, {"url": "https://megapx-assets.dcard.tw/images/103725b2-a745-4fd7-b42d-ee387d47629b/1280.jpeg"}], "reportReasonText": "", "postAvatar": ""}]