[{"id": 232808697, "title": "#情報 蝦皮蝦蝦果園", "excerpt": "蝦皮最近推出了新遊戲蝦蝦果園，可以幫我澆水嗎XD 幫忙澆水好像也會有獎勵，也可以貼你的連結上來～我會幫忙澆水ㄉ，1/2-1/15 種樹等收成好禮換不完！全新養成遊戲，趕快來種樹澆水，收成後可兌換到新鮮", "anonymousSchool": false, "anonymousDepartment": true, "pinned": true, "forumId": "817d71bb-ebdf-4326-b8aa-10df4fcdf03a", "replyId": null, "createdAt": "2020-01-02T03:06:41.919Z", "updatedAt": "2020-01-09T14:06:18.825Z", "commentCount": 5135, "likeCount": 183, "withNickname": false, "tags": ["HIDE_THUMBNAIL"], "topics": ["蝦皮", "果園"], "meta": {"layout": "classic"}, "forumName": "省錢", "forumAlias": "savemoney", "gender": "F", "school": "國立臺灣大學", "replyTitle": null, "mediaMeta": [], "reactions": [{"id": "286f599c-f86a-4932-82f0-f5a06f1eca03", "count": 179}, {"id": "e8e6bc5d-41b0-4129-b134-97507523d7ff", "count": 3}, {"id": "514c2569-fd53-4d9d-a415-bf0f88e7329f", "count": 1}], "hidden": false, "customStyle": null, "isSuspiciousAccount": false, "layout": "classic", "withImages": false, "withVideos": false, "media": [], "reportReasonText": "", "postAvatar": ""}, {"id": 232486619, "title": "揪團、邀請連結集中討論串", "excerpt": "各位板友好，爲方便大家討論，將試行將揪團相關的討論聚集於此，規則如下：本討論串可分享「揪團」與「邀請序號」，但僅限於本討論串。若直接發佈於省錢板內，將依照板規移除並禁言。註：揪團的定義爲，網站舉辦的線", "anonymousSchool": false, "anonymousDepartment": false, "pinned": true, "forumId": "817d71bb-ebdf-4326-b8aa-10df4fcdf03a", "replyId": null, "createdAt": "2019-11-12T06:43:27.347Z", "updatedAt": "2019-11-12T06:51:19.477Z", "commentCount": 128, "likeCount": 26, "withNickname": true, "tags": [], "topics": [], "meta": {"layout": "classic"}, "forumName": "省錢", "forumAlias": "savemoney", "gender": "M", "school": "艾歐塔", "department": "iota", "replyTitle": null, "mediaMeta": [], "reactions": [{"id": "286f599c-f86a-4932-82f0-f5a06f1eca03", "count": 25}, {"id": "aa0d425f-d530-4478-9a77-fe3aedc79eea", "count": 1}], "hidden": false, "customStyle": null, "isSuspiciousAccount": false, "layout": "classic", "withImages": false, "withVideos": false, "media": [], "reportReasonText": "", "postAvatar": ""}, {"id": 232983818, "title": "#公告 關於邀請碼部分的板規更新", "excerpt": "由於最近越來越多優惠活動，需要透過邀請碼、邀請連結參加，在此修改板規，方便板友互相分享優惠，並避免版面被過度洗板。板規修改如下：板規第 7 條 - 禁止發文分享個人邀請碼、各類型卡號，說明：個人邀請碼", "anonymousSchool": false, "anonymousDepartment": false, "pinned": true, "forumId": "817d71bb-ebdf-4326-b8aa-10df4fcdf03a", "replyId": null, "createdAt": "2020-01-30T10:15:28.575Z", "updatedAt": "2020-01-30T10:38:59.685Z", "commentCount": 0, "likeCount": 4, "withNickname": true, "tags": [], "topics": ["公告"], "meta": {"layout": "classic"}, "forumName": "省錢", "forumAlias": "savemoney", "gender": "M", "school": "艾歐塔", "department": "iota", "replyTitle": null, "mediaMeta": [], "reactions": [{"id": "286f599c-f86a-4932-82f0-f5a06f1eca03", "count": 4}], "hidden": false, "customStyle": null, "isSuspiciousAccount": false, "layout": "classic", "withImages": false, "withVideos": false, "media": [], "reportReasonText": "", "postAvatar": ""}, {"id": 233010257, "title": "#情報 台哥大指定iPhone機種換電池優惠", "excerpt": "看蘋果官網手機維修價格不便宜，i6-i8 光是維修費用就1590元，現在這只要990元好像還不錯耶，雖然限定只有，iPhone 8 / 7 / 6s / 6 系列，不過覺得有優惠不錯，至少是原廠電池比", "anonymousSchool": false, "anonymousDepartment": true, "pinned": false, "forumId": "817d71bb-ebdf-4326-b8aa-10df4fcdf03a", "replyId": null, "createdAt": "2020-02-03T15:18:07.359Z", "updatedAt": "2020-02-03T15:22:13.978Z", "commentCount": 2, "likeCount": 14, "withNickname": false, "tags": [], "topics": ["電池", "省錢", "優惠情報"], "meta": {"layout": "classic"}, "forumName": "省錢", "forumAlias": "savemoney", "gender": "M", "school": "淡江大學", "replyTitle": null, "mediaMeta": [{"id": "de9681de-e646-461a-9652-e016c919f0d3", "url": "https://megapx-assets.dcard.tw/images/6a0e9bee-33c6-452a-b838-b7209a89071c/640.jpeg", "normalizedUrl": "https://megapx-assets.dcard.tw/images/6a0e9bee-33c6-452a-b838-b7209a89071c/640.jpeg", "thumbnail": "https://megapx-assets.dcard.tw/images/6a0e9bee-33c6-452a-b838-b7209a89071c/640.jpeg", "type": "image/thumbnail", "tags": ["ANNOTATED"], "createdAt": "2020-02-03T15:22:13.978Z", "updatedAt": "2020-02-03T15:22:13.978Z", "width": 334, "height": 640}, {"id": "de9681de-e646-461a-9652-e016c919f0d3", "url": "https://megapx-assets.dcard.tw/images/6a0e9bee-33c6-452a-b838-b7209a89071c/full.jpeg", "normalizedUrl": "https://megapx.dcard.tw/v1/images/6a0e9bee-33c6-452a-b838-b7209a89071c", "thumbnail": "https://megapx-assets.dcard.tw/images/6a0e9bee-33c6-452a-b838-b7209a89071c/640.jpeg", "type": "image/megapx", "tags": ["ANNOTATED"], "createdAt": "2020-02-03T15:22:13.978Z", "updatedAt": "2020-02-03T15:22:13.978Z", "width": 500, "height": 958}], "reactions": [{"id": "286f599c-f86a-4932-82f0-f5a06f1eca03", "count": 13}, {"id": "e8e6bc5d-41b0-4129-b134-97507523d7ff", "count": 1}], "hidden": false, "customStyle": null, "isSuspiciousAccount": false, "layout": "classic", "withImages": true, "withVideos": false, "media": [{"url": "https://megapx-assets.dcard.tw/images/6a0e9bee-33c6-452a-b838-b7209a89071c/full.jpeg"}], "reportReasonText": "", "postAvatar": ""}, {"id": 233006640, "title": "#情報", "excerpt": "這次蝦皮推出開運金幣，有買就送，還有買滿1688就抽，這邊開箱文，這次與蝦皮合作，限量黃金金幣紅包，金幣0.5克重，大約是1分多～超級有誠意的啦～（圖片跟文字取自迎鶴珠寶粉絲專頁），但是重點來了，這種", "anonymousSchool": false, "anonymousDepartment": false, "pinned": false, "forumId": "817d71bb-ebdf-4326-b8aa-10df4fcdf03a", "replyId": null, "createdAt": "2020-02-03T06:33:30.338Z", "updatedAt": "2020-02-03T06:35:12.605Z", "commentCount": 1, "likeCount": 11, "withNickname": false, "tags": [], "topics": ["省錢"], "meta": {"layout": "classic"}, "forumName": "省錢", "forumAlias": "savemoney", "gender": "M", "school": "國立臺南護理專科學校", "department": "護理科", "replyTitle": null, "mediaMeta": [{"id": "26c29051-adc2-4578-9be6-19c655e62ed2", "url": "https://i.imgur.com/8Wfdwx5l.jpg", "normalizedUrl": "https://i.imgur.com/8Wfdwx5l.jpg", "thumbnail": "https://i.imgur.com/8Wfdwx5l.jpg", "type": "image/thumbnail", "tags": ["ANNOTATED"], "createdAt": "2020-02-03T06:33:30.338Z", "updatedAt": "2020-02-03T06:35:12.605Z"}, {"id": "26c29051-adc2-4578-9be6-19c655e62ed2", "url": "https://i.imgur.com/8Wfdwx5.jpg", "normalizedUrl": "https://imgur.com/8Wfdwx5", "thumbnail": "https://i.imgur.com/8Wfdwx5l.jpg", "type": "image/imgur", "tags": ["ANNOTATED"], "createdAt": "2020-02-03T06:33:30.338Z", "updatedAt": "2020-02-03T06:35:12.605Z"}, {"id": "cedb6340-6da1-4833-b67a-40492e46927a", "url": "https://i.imgur.com/QqCSIAE.jpg", "normalizedUrl": "https://imgur.com/QqCSIAE", "thumbnail": "https://i.imgur.com/QqCSIAEl.jpg", "type": "image/imgur", "tags": ["ANNOTATED"], "createdAt": "2020-02-03T06:33:30.338Z", "updatedAt": "2020-02-03T06:35:12.605Z"}, {"id": "f573feb4-960d-4b62-9c9d-6d4d69c683ff", "url": "https://i.imgur.com/sUzAJpi.jpg", "normalizedUrl": "https://imgur.com/sUzAJpi", "thumbnail": "https://i.imgur.com/sUzAJpil.jpg", "type": "image/imgur", "tags": ["ANNOTATED"], "createdAt": "2020-02-03T06:33:30.338Z", "updatedAt": "2020-02-03T06:35:12.605Z"}, {"id": "196893f1-8100-4188-9731-8223e178d97c", "url": "https://youtu.be/Bwe26hmEhW0", "normalizedUrl": "https://www.youtube.com/watch?v=Bwe26hmEhW0", "thumbnail": "https://img.youtube.com/vi/Bwe26hmEhW0/hqdefault.jpg", "type": "video/youtube", "tags": ["ANNOTATED"], "createdAt": "2020-02-03T06:33:30.338Z", "updatedAt": "2020-02-03T06:35:12.605Z"}], "reactions": [{"id": "286f599c-f86a-4932-82f0-f5a06f1eca03", "count": 11}], "hidden": false, "customStyle": null, "isSuspiciousAccount": false, "layout": "classic", "withImages": true, "withVideos": false, "media": [{"url": "https://i.imgur.com/8Wfdwx5.jpg"}, {"url": "https://i.imgur.com/QqCSIAE.jpg"}, {"url": "https://i.imgur.com/sUzAJpi.jpg"}], "reportReasonText": "", "postAvatar": ""}, {"id": 233005031, "title": "#贈送 犀牛盾200元生日禮金折扣（已領取）", "excerpt": "辦了會員，但最近也沒怎麼需要購買犀牛盾的東西，看誰需要就拿去用吧，拿了說一聲就好，折扣碼：bdayfeb2025TWM9", "anonymousSchool": false, "anonymousDepartment": true, "pinned": false, "forumId": "817d71bb-ebdf-4326-b8aa-10df4fcdf03a", "replyId": null, "createdAt": "2020-02-02T19:35:07.661Z", "updatedAt": "2020-02-03T07:31:54.550Z", "commentCount": 8, "likeCount": 11, "withNickname": false, "tags": [], "topics": ["禮金", "犀牛盾", "折扣碼", "贈送"], "meta": {"layout": "classic"}, "forumName": "省錢", "forumAlias": "savemoney", "gender": "F", "school": "靜宜大學", "replyTitle": null, "mediaMeta": [{"id": "257a2355-08b3-439b-83bc-d05f25530de4", "url": "https://megapx-assets.dcard.tw/images/5b7ea154-10bf-4dd0-98c9-4369bafd3598/640.jpeg", "normalizedUrl": "https://megapx-assets.dcard.tw/images/5b7ea154-10bf-4dd0-98c9-4369bafd3598/640.jpeg", "thumbnail": "https://megapx-assets.dcard.tw/images/5b7ea154-10bf-4dd0-98c9-4369bafd3598/640.jpeg", "type": "image/thumbnail", "tags": ["ANNOTATED"], "createdAt": "2020-02-02T19:35:07.661Z", "updatedAt": "2020-02-03T07:31:54.550Z", "width": 451, "height": 640}, {"id": "257a2355-08b3-439b-83bc-d05f25530de4", "url": "https://megapx-assets.dcard.tw/images/5b7ea154-10bf-4dd0-98c9-4369bafd3598/full.jpeg", "normalizedUrl": "https://megapx.dcard.tw/v1/images/5b7ea154-10bf-4dd0-98c9-4369bafd3598", "thumbnail": "https://megapx-assets.dcard.tw/images/5b7ea154-10bf-4dd0-98c9-4369bafd3598/640.jpeg", "type": "image/megapx", "tags": ["ANNOTATED"], "createdAt": "2020-02-02T19:35:07.661Z", "updatedAt": "2020-02-03T07:31:54.550Z", "width": 724, "height": 1027}], "reactions": [{"id": "286f599c-f86a-4932-82f0-f5a06f1eca03", "count": 11}], "hidden": false, "customStyle": null, "isSuspiciousAccount": false, "layout": "classic", "withImages": true, "withVideos": false, "media": [{"url": "https://megapx-assets.dcard.tw/images/5b7ea154-10bf-4dd0-98c9-4369bafd3598/full.jpeg"}], "reportReasonText": "", "postAvatar": ""}, {"id": 233005979, "title": "#情報 jello第二波", "excerpt": "第二波開始囉！！！，大家快來搶紅包~~~，互相幫忙轉，祝大家新年快樂！，一切順利", "anonymousSchool": false, "anonymousDepartment": false, "pinned": false, "forumId": "817d71bb-ebdf-4326-b8aa-10df4fcdf03a", "replyId": null, "createdAt": "2020-02-03T04:01:25.681Z", "updatedAt": "2020-02-03T06:53:26.833Z", "commentCount": 62, "likeCount": 10, "withNickname": true, "tags": [], "topics": ["限時", "情報"], "meta": {"layout": "classic"}, "forumName": "省錢", "forumAlias": "savemoney", "gender": "F", "school": "想出國玩的瓶子", "department": "love_is_all", "replyTitle": null, "mediaMeta": [{"id": "b470e7ed-bd8d-4839-87fa-4f5e9fe26b99", "url": "https://i.imgur.com/53YHD4Vl.jpg", "normalizedUrl": "https://i.imgur.com/53YHD4Vl.jpg", "thumbnail": "https://i.imgur.com/53YHD4Vl.jpg", "type": "image/thumbnail", "tags": ["ANNOTATED"], "createdAt": "2020-02-03T04:01:25.681Z", "updatedAt": "2020-02-03T06:53:26.833Z"}, {"id": "b470e7ed-bd8d-4839-87fa-4f5e9fe26b99", "url": "https://i.imgur.com/53YHD4V.png", "normalizedUrl": "https://imgur.com/53YHD4V", "thumbnail": "https://i.imgur.com/53YHD4Vl.jpg", "type": "image/imgur", "tags": ["ANNOTATED"], "createdAt": "2020-02-03T04:01:25.681Z", "updatedAt": "2020-02-03T06:53:26.833Z"}], "reactions": [{"id": "286f599c-f86a-4932-82f0-f5a06f1eca03", "count": 10}], "hidden": false, "customStyle": null, "isSuspiciousAccount": false, "layout": "classic", "withImages": true, "withVideos": false, "media": [{"url": "https://i.imgur.com/53YHD4V.png"}], "reportReasonText": "", "postAvatar": ""}, {"id": 233006995, "title": "#贈送 摩斯雙人組合9折碼", "excerpt": "內容如圖。拿取煩請留言告知，避免他人撲空喔。效期至2020/2/15", "anonymousSchool": false, "anonymousDepartment": false, "pinned": false, "forumId": "817d71bb-ebdf-4326-b8aa-10df4fcdf03a", "replyId": null, "createdAt": "2020-02-03T07:48:14.264Z", "updatedAt": "2020-02-03T07:48:14.264Z", "commentCount": 3, "likeCount": 6, "withNickname": true, "tags": [], "topics": ["摩斯", "省錢", "折扣碼", "限時", "贈送"], "meta": {"layout": "classic"}, "forumName": "省錢", "forumAlias": "savemoney", "gender": "M", "school": "北醫小暖男", "department": "leolin0506", "replyTitle": null, "mediaMeta": [{"id": "9d4efdc9-bf6e-46b7-836e-36556f5ddf4a", "url": "https://megapx-assets.dcard.tw/images/16c34bec-f6db-4c77-ae8e-ee2b34d60a53/640.jpeg", "normalizedUrl": "https://megapx-assets.dcard.tw/images/16c34bec-f6db-4c77-ae8e-ee2b34d60a53/640.jpeg", "thumbnail": "https://megapx-assets.dcard.tw/images/16c34bec-f6db-4c77-ae8e-ee2b34d60a53/640.jpeg", "type": "image/thumbnail", "tags": ["ANNOTATED"], "createdAt": "2020-02-03T07:48:14.264Z", "updatedAt": "2020-02-03T07:48:14.264Z", "width": 360, "height": 640}, {"id": "9d4efdc9-bf6e-46b7-836e-36556f5ddf4a", "url": "https://megapx-assets.dcard.tw/images/16c34bec-f6db-4c77-ae8e-ee2b34d60a53/1280.jpeg", "normalizedUrl": "https://megapx.dcard.tw/v1/images/16c34bec-f6db-4c77-ae8e-ee2b34d60a53", "thumbnail": "https://megapx-assets.dcard.tw/images/16c34bec-f6db-4c77-ae8e-ee2b34d60a53/640.jpeg", "type": "image/megapx", "tags": ["ANNOTATED"], "createdAt": "2020-02-03T07:48:14.264Z", "updatedAt": "2020-02-03T07:48:14.264Z", "width": 750, "height": 1334}], "reactions": [{"id": "286f599c-f86a-4932-82f0-f5a06f1eca03", "count": 6}], "hidden": false, "customStyle": null, "isSuspiciousAccount": false, "layout": "classic", "withImages": true, "withVideos": false, "media": [{"url": "https://megapx-assets.dcard.tw/images/16c34bec-f6db-4c77-ae8e-ee2b34d60a53/1280.jpeg"}], "reportReasonText": "", "postAvatar": ""}, {"id": 233010952, "title": "#優惠 康是美、超商", "excerpt": "康是美，指定商品滿$499折$50抵用券，到2020/3/3，------------------------，7-11，狐狸蘋果酒（320ml）第二件$10，提提顏面膜5入一盒$195，桂格人蔘精華", "anonymousSchool": false, "anonymousDepartment": false, "pinned": false, "forumId": "817d71bb-ebdf-4326-b8aa-10df4fcdf03a", "replyId": null, "createdAt": "2020-02-03T16:35:17.986Z", "updatedAt": "2020-02-03T20:38:30.436Z", "commentCount": 0, "likeCount": 5, "withNickname": false, "tags": [], "topics": ["萊爾富", "711", "買一送一", "康是美", "優惠券"], "meta": {"layout": "classic"}, "forumName": "省錢", "forumAlias": "savemoney", "gender": "F", "school": "東海大學", "department": "資訊工程學系", "replyTitle": null, "mediaMeta": [], "reactions": [{"id": "286f599c-f86a-4932-82f0-f5a06f1eca03", "count": 5}], "hidden": false, "customStyle": null, "isSuspiciousAccount": false, "layout": "classic", "withImages": false, "withVideos": false, "media": [], "reportReasonText": "", "postAvatar": ""}, {"id": 233008876, "title": "#贈送 pinkoi購物金折扣碼", "excerpt": "如圖。拿取使用請留言告知，避免他人撲空。1-100元（已兌換），2-10元，3-10元（已兌換），4-10元，5-100元（已兌換），使用效期至2020/2/17", "anonymousSchool": false, "anonymousDepartment": false, "pinned": false, "forumId": "817d71bb-ebdf-4326-b8aa-10df4fcdf03a", "replyId": null, "createdAt": "2020-02-03T12:11:29.683Z", "updatedAt": "2020-02-03T14:26:33.035Z", "commentCount": 9, "likeCount": 4, "withNickname": true, "tags": [], "topics": ["購物", "折扣", "省錢", "折扣碼", "贈送"], "meta": {"layout": "classic"}, "forumName": "省錢", "forumAlias": "savemoney", "gender": "M", "school": "北醫小暖男", "department": "leolin0506", "replyTitle": null, "mediaMeta": [{"id": "3ec768a8-91fb-4fcb-bc0e-320222602593", "url": "https://megapx-assets.dcard.tw/images/780c8187-827e-4a1e-a7f2-153880064276/640.jpeg", "normalizedUrl": "https://megapx-assets.dcard.tw/images/780c8187-827e-4a1e-a7f2-153880064276/640.jpeg", "thumbnail": "https://megapx-assets.dcard.tw/images/780c8187-827e-4a1e-a7f2-153880064276/640.jpeg", "type": "image/thumbnail", "tags": ["ANNOTATED"], "createdAt": "2020-02-03T12:11:29.683Z", "updatedAt": "2020-02-03T14:26:33.035Z", "width": 450, "height": 640}, {"id": "3ec768a8-91fb-4fcb-bc0e-320222602593", "url": "https://megapx-assets.dcard.tw/images/780c8187-827e-4a1e-a7f2-153880064276/full.jpeg", "normalizedUrl": "https://megapx.dcard.tw/v1/images/780c8187-827e-4a1e-a7f2-153880064276", "thumbnail": "https://megapx-assets.dcard.tw/images/780c8187-827e-4a1e-a7f2-153880064276/640.jpeg", "type": "image/megapx", "tags": ["ANNOTATED"], "createdAt": "2020-02-03T12:11:29.683Z", "updatedAt": "2020-02-03T14:26:33.035Z", "width": 750, "height": 1067}], "reactions": [{"id": "286f599c-f86a-4932-82f0-f5a06f1eca03", "count": 4}], "hidden": false, "customStyle": null, "isSuspiciousAccount": false, "layout": "classic", "withImages": true, "withVideos": false, "media": [{"url": "https://megapx-assets.dcard.tw/images/780c8187-827e-4a1e-a7f2-153880064276/full.jpeg"}], "reportReasonText": "", "postAvatar": ""}, {"id": 233009471, "title": "#贈送 foodpanda 首購優惠", "excerpt": "只限首購的優惠，對於我這個常客很不友善，送給有需要的人", "anonymousSchool": false, "anonymousDepartment": true, "pinned": false, "forumId": "817d71bb-ebdf-4326-b8aa-10df4fcdf03a", "replyId": null, "createdAt": "2020-02-03T13:40:10.236Z", "updatedAt": "2020-02-03T13:40:10.236Z", "commentCount": 0, "likeCount": 3, "withNickname": false, "tags": [], "topics": ["省錢", "優惠", "折扣碼"], "meta": {"layout": "classic"}, "forumName": "省錢", "forumAlias": "savemoney", "gender": "F", "school": "國立清華大學", "replyTitle": null, "mediaMeta": [{"id": "5a97ae05-b7d4-4c6e-8224-1952e5e838f1", "url": "https://megapx-assets.dcard.tw/images/2c4e1252-d296-4906-bab5-94d9b4c50436/640.jpeg", "normalizedUrl": "https://megapx-assets.dcard.tw/images/2c4e1252-d296-4906-bab5-94d9b4c50436/640.jpeg", "thumbnail": "https://megapx-assets.dcard.tw/images/2c4e1252-d296-4906-bab5-94d9b4c50436/640.jpeg", "type": "image/thumbnail", "tags": [], "createdAt": "2020-02-03T13:40:10.236Z", "updatedAt": "2020-02-03T13:40:10.236Z", "width": 480, "height": 640}, {"id": "5a97ae05-b7d4-4c6e-8224-1952e5e838f1", "url": "https://megapx-assets.dcard.tw/images/2c4e1252-d296-4906-bab5-94d9b4c50436/1280.jpeg", "normalizedUrl": "https://megapx.dcard.tw/v1/images/2c4e1252-d296-4906-bab5-94d9b4c50436", "thumbnail": "https://megapx-assets.dcard.tw/images/2c4e1252-d296-4906-bab5-94d9b4c50436/640.jpeg", "type": "image/megapx", "tags": [], "createdAt": "2020-02-03T13:40:10.236Z", "updatedAt": "2020-02-03T13:40:10.236Z", "width": 1500, "height": 2000}], "reactions": [{"id": "286f599c-f86a-4932-82f0-f5a06f1eca03", "count": 3}], "hidden": false, "customStyle": null, "isSuspiciousAccount": false, "layout": "classic", "withImages": true, "withVideos": false, "media": [{"url": "https://megapx-assets.dcard.tw/images/2c4e1252-d296-4906-bab5-94d9b4c50436/1280.jpeg"}], "reportReasonText": "", "postAvatar": ""}, {"id": 233011648, "title": "#贈送", "excerpt": "7-11福袋裡的，送給需要的人！，領了記得說一聲！", "anonymousSchool": false, "anonymousDepartment": true, "pinned": false, "forumId": "817d71bb-ebdf-4326-b8aa-10df4fcdf03a", "replyId": null, "createdAt": "2020-02-03T18:31:23.567Z", "updatedAt": "2020-02-03T18:31:23.567Z", "commentCount": 0, "likeCount": 2, "withNickname": false, "tags": [], "topics": ["贈送"], "meta": {"layout": "classic"}, "forumName": "省錢", "forumAlias": "savemoney", "gender": "F", "school": "國立臺灣藝術大學", "replyTitle": null, "mediaMeta": [{"id": "c64134d8-db82-4ab0-aa24-1050afc9a95d", "url": "https://i.imgur.com/eAOFa7ll.jpg", "normalizedUrl": "https://i.imgur.com/eAOFa7ll.jpg", "thumbnail": "https://i.imgur.com/eAOFa7ll.jpg", "type": "image/thumbnail", "tags": ["ANNOTATED"], "createdAt": "2020-02-03T18:31:23.567Z", "updatedAt": "2020-02-03T18:31:23.567Z"}, {"id": "c64134d8-db82-4ab0-aa24-1050afc9a95d", "url": "https://i.imgur.com/eAOFa7l.jpg", "normalizedUrl": "https://imgur.com/eAOFa7l", "thumbnail": "https://i.imgur.com/eAOFa7ll.jpg", "type": "image/imgur", "tags": ["ANNOTATED"], "createdAt": "2020-02-03T18:31:23.567Z", "updatedAt": "2020-02-03T18:31:23.567Z"}, {"id": "ec328f76-1907-4c53-8a44-0bd2c82fd4ce", "url": "https://i.imgur.com/pDJqxOD.jpg", "normalizedUrl": "https://imgur.com/pDJqxOD", "thumbnail": "https://i.imgur.com/pDJqxODl.jpg", "type": "image/imgur", "tags": ["ANNOTATED"], "createdAt": "2020-02-03T18:31:23.567Z", "updatedAt": "2020-02-03T18:31:23.567Z"}], "reactions": [{"id": "286f599c-f86a-4932-82f0-f5a06f1eca03", "count": 2}], "hidden": false, "customStyle": null, "isSuspiciousAccount": false, "layout": "classic", "withImages": true, "withVideos": false, "media": [{"url": "https://i.imgur.com/eAOFa7l.jpg"}, {"url": "https://i.imgur.com/pDJqxOD.jpg"}], "reportReasonText": "", "postAvatar": ""}, {"id": 233005548, "title": "#序號 決勝時刻手遊（已領取", "excerpt": "領取後請留言提醒喔，補字補字補字", "anonymousSchool": false, "anonymousDepartment": true, "pinned": false, "forumId": "817d71bb-ebdf-4326-b8aa-10df4fcdf03a", "replyId": null, "createdAt": "2020-02-03T02:08:56.466Z", "updatedAt": "2020-02-03T02:30:17.297Z", "commentCount": 5, "likeCount": 2, "withNickname": false, "tags": [], "topics": ["省錢", "序號"], "meta": {"layout": "classic"}, "forumName": "省錢", "forumAlias": "savemoney", "gender": "M", "school": "國立臺灣科技大學", "replyTitle": null, "mediaMeta": [{"id": "1ab63c34-7fc4-4118-ad5c-3f5850109e70", "url": "https://i.imgur.com/UBf3R20l.jpg", "normalizedUrl": "https://i.imgur.com/UBf3R20l.jpg", "thumbnail": "https://i.imgur.com/UBf3R20l.jpg", "type": "image/thumbnail", "tags": ["ANNOTATED"], "createdAt": "2020-02-03T02:08:56.466Z", "updatedAt": "2020-02-03T02:30:17.297Z"}, {"id": "1ab63c34-7fc4-4118-ad5c-3f5850109e70", "url": "https://i.imgur.com/UBf3R20.jpg", "normalizedUrl": "https://imgur.com/UBf3R20", "thumbnail": "https://i.imgur.com/UBf3R20l.jpg", "type": "image/imgur", "tags": ["ANNOTATED"], "createdAt": "2020-02-03T02:08:56.466Z", "updatedAt": "2020-02-03T02:30:17.297Z"}], "reactions": [{"id": "286f599c-f86a-4932-82f0-f5a06f1eca03", "count": 2}], "hidden": false, "customStyle": null, "isSuspiciousAccount": false, "layout": "classic", "withImages": true, "withVideos": false, "media": [{"url": "https://i.imgur.com/UBf3R20.jpg"}], "reportReasonText": "", "postAvatar": ""}, {"id": 233005385, "title": "#贈送 決勝時刻虛寶", "excerpt": "小七結帳拿到的，沒玩這個遊戲，給有緣人，拿走的話記得留個言哦", "anonymousSchool": false, "anonymousDepartment": true, "pinned": false, "forumId": "817d71bb-ebdf-4326-b8aa-10df4fcdf03a", "replyId": null, "createdAt": "2020-02-03T01:04:45.246Z", "updatedAt": "2020-02-03T01:04:45.246Z", "commentCount": 1, "likeCount": 2, "withNickname": false, "tags": [], "topics": ["虛寶"], "meta": {"layout": "classic"}, "forumName": "省錢", "forumAlias": "savemoney", "gender": "M", "school": "國立雲林科技大學", "replyTitle": null, "mediaMeta": [{"id": "a36cc720-e916-4514-a8ce-449944601583", "url": "https://i.imgur.com/plmrlHil.jpg", "normalizedUrl": "https://i.imgur.com/plmrlHil.jpg", "thumbnail": "https://i.imgur.com/plmrlHil.jpg", "type": "image/thumbnail", "tags": ["ANNOTATED"], "createdAt": "2020-02-03T01:04:45.246Z", "updatedAt": "2020-02-03T01:04:45.246Z"}, {"id": "a36cc720-e916-4514-a8ce-449944601583", "url": "https://i.imgur.com/plmrlHi.jpg", "normalizedUrl": "https://imgur.com/plmrlHi", "thumbnail": "https://i.imgur.com/plmrlHil.jpg", "type": "image/imgur", "tags": ["ANNOTATED"], "createdAt": "2020-02-03T01:04:45.246Z", "updatedAt": "2020-02-03T01:04:45.246Z"}], "reactions": [{"id": "286f599c-f86a-4932-82f0-f5a06f1eca03", "count": 2}], "hidden": false, "customStyle": null, "isSuspiciousAccount": false, "layout": "classic", "withImages": true, "withVideos": false, "media": [{"url": "https://i.imgur.com/plmrlHi.jpg"}], "reportReasonText": "", "postAvatar": ""}, {"id": 233012705, "title": "Foodpanda 新戶優惠碼", "excerpt": "因為已經是老客戶了不適用優惠，所以分享給大家囉，拿了請留言喔謝謝", "anonymousSchool": false, "anonymousDepartment": true, "pinned": false, "forumId": "817d71bb-ebdf-4326-b8aa-10df4fcdf03a", "replyId": null, "createdAt": "2020-02-04T03:18:14.011Z", "updatedAt": "2020-02-04T03:18:14.011Z", "commentCount": 1, "likeCount": 1, "withNickname": false, "tags": [], "topics": ["省錢", "優惠", "折扣碼"], "meta": {"layout": "classic"}, "forumName": "省錢", "forumAlias": "savemoney", "gender": "F", "school": "輔英科技大學", "replyTitle": null, "mediaMeta": [{"id": "b77f7ae3-6adf-4355-ac21-048f19c490e6", "url": "https://megapx-assets.dcard.tw/images/f03252e7-1670-4d76-ada0-dfbeea769c77/640.jpeg", "normalizedUrl": "https://megapx-assets.dcard.tw/images/f03252e7-1670-4d76-ada0-dfbeea769c77/640.jpeg", "thumbnail": "https://megapx-assets.dcard.tw/images/f03252e7-1670-4d76-ada0-dfbeea769c77/640.jpeg", "type": "image/thumbnail", "tags": ["ANNOTATED"], "createdAt": "2020-02-04T03:18:14.011Z", "updatedAt": "2020-02-04T03:18:14.011Z", "width": 480, "height": 640}, {"id": "b77f7ae3-6adf-4355-ac21-048f19c490e6", "url": "https://megapx-assets.dcard.tw/images/f03252e7-1670-4d76-ada0-dfbeea769c77/1280.jpeg", "normalizedUrl": "https://megapx.dcard.tw/v1/images/f03252e7-1670-4d76-ada0-dfbeea769c77", "thumbnail": "https://megapx-assets.dcard.tw/images/f03252e7-1670-4d76-ada0-dfbeea769c77/640.jpeg", "type": "image/megapx", "tags": ["ANNOTATED"], "createdAt": "2020-02-04T03:18:14.011Z", "updatedAt": "2020-02-04T03:18:14.011Z", "width": 1500, "height": 2000}], "reactions": [{"id": "286f599c-f86a-4932-82f0-f5a06f1eca03", "count": 1}], "hidden": false, "customStyle": null, "isSuspiciousAccount": false, "layout": "classic", "withImages": true, "withVideos": false, "media": [{"url": "https://megapx-assets.dcard.tw/images/f03252e7-1670-4d76-ada0-dfbeea769c77/1280.jpeg"}], "reportReasonText": "", "postAvatar": ""}, {"id": 233011934, "title": "#贈送 中油 洗衣精折價券", "excerpt": "中油，洗可麗兩公升洗衣精$50折價券，2020/4/30，###用過了留言一下呦###", "anonymousSchool": false, "anonymousDepartment": false, "pinned": false, "forumId": "817d71bb-ebdf-4326-b8aa-10df4fcdf03a", "replyId": null, "createdAt": "2020-02-03T20:35:53.905Z", "updatedAt": "2020-02-03T20:35:53.905Z", "commentCount": 0, "likeCount": 1, "withNickname": false, "tags": [], "topics": ["中油", "贈送", "優惠券", "洗衣", "折價券"], "meta": {"layout": "classic"}, "forumName": "省錢", "forumAlias": "savemoney", "gender": "F", "school": "東海大學", "department": "資訊工程學系", "replyTitle": null, "mediaMeta": [], "reactions": [{"id": "286f599c-f86a-4932-82f0-f5a06f1eca03", "count": 1}], "hidden": false, "customStyle": null, "isSuspiciousAccount": false, "layout": "classic", "withImages": false, "withVideos": false, "media": [], "reportReasonText": "", "postAvatar": ""}, {"id": 233010071, "title": "#虛寶 決勝時刻的虛寶（已兌換）", "excerpt": "決勝時刻的虛寶，兌換者請留言，請不要造成別人的困擾及麻煩，謝謝", "anonymousSchool": false, "anonymousDepartment": true, "pinned": false, "forumId": "817d71bb-ebdf-4326-b8aa-10df4fcdf03a", "replyId": null, "createdAt": "2020-02-03T14:57:03.355Z", "updatedAt": "2020-02-03T16:00:49.882Z", "commentCount": 1, "likeCount": 0, "withNickname": false, "tags": [], "topics": ["虛寶", "贈送", "711", "序號"], "meta": {"layout": "classic"}, "forumName": "省錢", "forumAlias": "savemoney", "gender": "M", "school": "國立虎尾科技大學", "replyTitle": null, "mediaMeta": [{"id": "e0584d45-6b24-4916-a260-7d542da85d18", "url": "https://megapx-assets.dcard.tw/images/e408efa2-4f75-44ef-ab86-c1c8ed2bb003/640.jpeg", "normalizedUrl": "https://megapx-assets.dcard.tw/images/e408efa2-4f75-44ef-ab86-c1c8ed2bb003/640.jpeg", "thumbnail": "https://megapx-assets.dcard.tw/images/e408efa2-4f75-44ef-ab86-c1c8ed2bb003/640.jpeg", "type": "image/thumbnail", "tags": ["ANNOTATED"], "createdAt": "2020-02-03T14:57:03.355Z", "updatedAt": "2020-02-03T16:00:49.882Z", "width": 480, "height": 640}, {"id": "e0584d45-6b24-4916-a260-7d542da85d18", "url": "https://megapx-assets.dcard.tw/images/e408efa2-4f75-44ef-ab86-c1c8ed2bb003/1280.jpeg", "normalizedUrl": "https://megapx.dcard.tw/v1/images/e408efa2-4f75-44ef-ab86-c1c8ed2bb003", "thumbnail": "https://megapx-assets.dcard.tw/images/e408efa2-4f75-44ef-ab86-c1c8ed2bb003/640.jpeg", "type": "image/megapx", "tags": ["ANNOTATED"], "createdAt": "2020-02-03T14:57:03.355Z", "updatedAt": "2020-02-03T16:00:49.882Z", "width": 1500, "height": 2000}], "reactions": [], "hidden": false, "customStyle": null, "isSuspiciousAccount": false, "layout": "classic", "withImages": true, "withVideos": false, "media": [{"url": "https://megapx-assets.dcard.tw/images/e408efa2-4f75-44ef-ab86-c1c8ed2bb003/1280.jpeg"}], "reportReasonText": "", "postAvatar": ""}]