[{"id": 230527591, "title": "2019/01/18 板規更新", "excerpt": "各位卡友們好：維護社群內可以有良好的討論氛圍一直是小天使最在意的事情，有鑒於開放有碼圖片後，因目前的檢舉審核標準所造成的一些狀況，所以西斯板即日起將禁止張貼「未使用實心色塊或貼圖完全遮蔽的性器官照片」，", "anonymousSchool": false, "anonymousDepartment": true, "pinned": true, "forumId": "1ce3ebca-8701-42d5-b14c-076fc629bc8e", "replyId": null, "createdAt": "2019-01-18T09:00:08.950Z", "updatedAt": "2019-07-01T06:24:33.719Z", "commentCount": 392, "likeCount": 2315, "withNickname": true, "tags": [], "topics": [], "meta": {"disableAdSense": true}, "forumName": "西斯", "forumAlias": "sex", "gender": "D", "school": "客服小天使", "department": "dcard_support_1", "replyTitle": null, "mediaMeta": [{"id": "9b2db701-0bb6-430b-bbd8-b562755708ec", "url": "https://i.imgur.com/G5oLLN0.jpg", "normalizedUrl": "https://i.imgur.com/G5oLLN0.jpg", "thumbnail": "https://i.imgur.com/G5oLLN0.jpg", "type": "image/thumbnail", "tags": ["ANNOTATED"], "createdAt": "2019-01-18T09:00:08.950Z", "updatedAt": "2019-07-01T06:24:33.719Z"}, {"id": "9b2db701-0bb6-430b-bbd8-b562755708ec", "url": "http://i.imgur.com/G5oLLN0.jpg", "normalizedUrl": "", "thumbnail": "https://i.imgur.com/G5oLLN0.jpg", "type": "image/imgur", "tags": ["ANNOTATED"], "createdAt": "2019-01-18T09:00:08.950Z", "updatedAt": "2019-07-01T06:24:33.719Z"}], "reactions": [{"id": "286f599c-f86a-4932-82f0-f5a06f1eca03", "count": 2115}, {"id": "aa0d425f-d530-4478-9a77-fe3aedc79eea", "count": 148}, {"id": "e8e6bc5d-41b0-4129-b134-97507523d7ff", "count": 25}, {"id": "514c2569-fd53-4d9d-a415-bf0f88e7329f", "count": 17}, {"id": "4b018f48-e184-445f-adf1-fc8e04ba09b9", "count": 9}, {"id": "011ead16-9b83-4729-9fde-c588920c6c2d", "count": 1}], "hidden": false, "customStyle": null, "isSuspiciousAccount": false, "layout": "classic", "withImages": true, "withVideos": false, "media": [{"url": "http://i.imgur.com/G5oLLN0.jpg"}], "reportReasonText": "", "postAvatar": ""}, {"id": 228761824, "title": "#教學 如何在手機上瀏覽此看板", "excerpt": "Hi 各位卡友，在與 Apple 及 Google 花了很多時間溝通及確認後，為了讓各位卡友未來無論何時，都能有良好的產品體驗，因此有了這一次的版本更新，希望取得規範與使用上的平衡，保證大家能享受完整", "anonymousSchool": false, "anonymousDepartment": true, "pinned": true, "forumId": "1ce3ebca-8701-42d5-b14c-076fc629bc8e", "replyId": null, "createdAt": "2018-04-26T04:19:26.893Z", "updatedAt": "2020-01-20T09:17:16.799Z", "commentCount": 209, "likeCount": 2249, "withNickname": true, "tags": [], "topics": ["你今天更新Dcard了嗎"], "meta": {"disableAdSense": true}, "forumName": "西斯", "forumAlias": "sex", "gender": "D", "school": "客服小天使", "department": "dcard_support_2", "replyTitle": null, "mediaMeta": [{"id": "20e8c5cf-8120-426d-89c6-dcb1dac3b3c6", "url": "https://i.imgur.com/VQhfJHfl.jpg", "normalizedUrl": "https://i.imgur.com/VQhfJHfl.jpg", "thumbnail": "https://i.imgur.com/VQhfJHfl.jpg", "type": "image/thumbnail", "tags": ["NO_NEED_ANNOTATED"], "createdAt": "2020-01-20T04:14:00.760Z", "updatedAt": "2020-01-20T09:17:16.799Z"}, {"id": "20e8c5cf-8120-426d-89c6-dcb1dac3b3c6", "url": "http://i.imgur.com/VQhfJHf.png", "normalizedUrl": "https://imgur.com/VQhfJHf", "thumbnail": "https://i.imgur.com/VQhfJHfl.jpg", "type": "image/imgur", "tags": ["NO_NEED_ANNOTATED"], "createdAt": "2020-01-20T04:14:00.760Z", "updatedAt": "2020-01-20T09:17:16.799Z"}, {"id": "23c26e6c-66cf-4523-9c6f-8ecdb191eb86", "url": "http://i.imgur.com/K4BDEsG.png", "normalizedUrl": "https://imgur.com/K4BDEsG", "thumbnail": "https://i.imgur.com/K4BDEsGl.jpg", "type": "image/imgur", "tags": ["NO_NEED_ANNOTATED"], "createdAt": "2020-01-20T04:14:00.760Z", "updatedAt": "2020-01-20T09:17:16.799Z"}, {"id": "23bdb9b6-b52d-44fc-8dc3-3de1c63ade09", "url": "http://i.imgur.com/z0drHeZ.png", "normalizedUrl": "https://imgur.com/z0drHeZ", "thumbnail": "https://i.imgur.com/z0drHeZl.jpg", "type": "image/imgur", "tags": ["NO_NEED_ANNOTATED"], "createdAt": "2019-09-10T10:03:29.106Z", "updatedAt": "2020-01-20T09:17:16.799Z"}], "reactions": [{"id": "286f599c-f86a-4932-82f0-f5a06f1eca03", "count": 2228}, {"id": "e8e6bc5d-41b0-4129-b134-97507523d7ff", "count": 16}, {"id": "011ead16-9b83-4729-9fde-c588920c6c2d", "count": 3}, {"id": "514c2569-fd53-4d9d-a415-bf0f88e7329f", "count": 2}], "hidden": false, "customStyle": null, "isSuspiciousAccount": false, "layout": "classic", "withImages": true, "withVideos": false, "media": [{"url": "http://i.imgur.com/VQhfJHf.png"}, {"url": "http://i.imgur.com/K4BDEsG.png"}, {"url": "http://i.imgur.com/z0drHeZ.png"}], "reportReasonText": "", "postAvatar": ""}, {"id": 233004053, "title": "別人揉就是不一樣", "excerpt": "最近跟男友分手了 好想念被他揉奶的感覺，從原本隔著衣服 默默的伸進去 再偷偷解開內衣 放肆的揉，這樣就讓我好濕了，（是說到底要如何拍出誘人的照片XDD，-，分手後只能自己揉 但自己揉一點都沒有感覺QQ", "anonymousSchool": true, "anonymousDepartment": true, "pinned": false, "forumId": "1ce3ebca-8701-42d5-b14c-076fc629bc8e", "replyId": null, "createdAt": "2020-02-02T16:21:52.562Z", "updatedAt": "2020-02-03T15:00:45.999Z", "commentCount": 218, "likeCount": 596, "withNickname": false, "tags": [], "topics": [], "meta": {"layout": "classic", "disableAdSense": true}, "forumName": "西斯", "forumAlias": "sex", "gender": "F", "replyTitle": null, "mediaMeta": [{"id": "453ab8b4-9b0e-4421-836d-aced50403d87", "url": "https://i.imgur.com/tb6H7BTl.jpg", "normalizedUrl": "https://i.imgur.com/tb6H7BTl.jpg", "thumbnail": "https://i.imgur.com/tb6H7BTl.jpg", "type": "image/thumbnail", "tags": ["NO_NEED_ANNOTATED"], "createdAt": "2020-02-02T16:21:52.562Z", "updatedAt": "2020-02-03T15:00:45.999Z"}, {"id": "453ab8b4-9b0e-4421-836d-aced50403d87", "url": "https://i.imgur.com/tb6H7BT.jpg", "normalizedUrl": "https://imgur.com/tb6H7BT", "thumbnail": "https://i.imgur.com/tb6H7BTl.jpg", "type": "image/imgur", "tags": ["NO_NEED_ANNOTATED"], "createdAt": "2020-02-02T16:21:52.562Z", "updatedAt": "2020-02-03T15:00:45.999Z"}, {"id": "6d648bf1-70c3-44d4-a386-80bd9e89a4cf", "url": "https://i.imgur.com/zLlgPN0.jpg", "normalizedUrl": "https://imgur.com/zLlgPN0", "thumbnail": "https://i.imgur.com/zLlgPN0l.jpg", "type": "image/imgur", "tags": ["NO_NEED_ANNOTATED"], "createdAt": "2020-02-02T16:21:52.562Z", "updatedAt": "2020-02-03T15:00:45.999Z"}, {"id": "afe614b5-bb25-4198-a34a-9a3bc832530f", "url": "https://i.imgur.com/JF8mf5H.jpg", "normalizedUrl": "https://imgur.com/JF8mf5H", "thumbnail": "https://i.imgur.com/JF8mf5Hl.jpg", "type": "image/imgur", "tags": ["NO_NEED_ANNOTATED"], "createdAt": "2020-02-02T16:21:52.562Z", "updatedAt": "2020-02-03T15:00:45.999Z"}, {"id": "9fec87dc-b89a-4cf7-8cd9-361dfb9dda4a", "url": "https://i.imgur.com/IJIeyDe.jpg", "normalizedUrl": "https://imgur.com/IJIeyDe", "thumbnail": "https://i.imgur.com/IJIeyDel.jpg", "type": "image/imgur", "tags": ["NO_NEED_ANNOTATED"], "createdAt": "2020-02-02T16:21:52.562Z", "updatedAt": "2020-02-03T15:00:45.999Z"}], "reactions": [{"id": "286f599c-f86a-4932-82f0-f5a06f1eca03", "count": 595}, {"id": "e8e6bc5d-41b0-4129-b134-97507523d7ff", "count": 1}], "hidden": false, "customStyle": null, "isSuspiciousAccount": false, "layout": "classic", "withImages": true, "withVideos": false, "media": [{"url": "https://i.imgur.com/tb6H7BT.jpg"}, {"url": "https://i.imgur.com/zLlgPN0.jpg"}, {"url": "https://i.imgur.com/JF8mf5H.jpg"}, {"url": "https://i.imgur.com/IJIeyDe.jpg"}], "reportReasonText": "", "postAvatar": ""}, {"id": 233008816, "title": "#圖 開戰度過的2020.02.02. 20：20", "excerpt": "長文警告XDD，前情提要：本來我不是一個會在dcard po文或回應的人，但是那天和我的固定看到了“很想要同房不換” 這篇文章（有興趣可以去搜來看）很好奇決定來回應嘗試一下，誠意如我是必須附圖的，所以", "anonymousSchool": true, "anonymousDepartment": true, "pinned": false, "forumId": "1ce3ebca-8701-42d5-b14c-076fc629bc8e", "replyId": null, "createdAt": "2020-02-03T12:01:29.496Z", "updatedAt": "2020-02-03T12:01:29.496Z", "commentCount": 46, "likeCount": 527, "withNickname": false, "tags": [], "topics": ["圖", "回憶", "分享", "創作"], "meta": {"layout": "classic"}, "forumName": "西斯", "forumAlias": "sex", "gender": "F", "replyTitle": null, "mediaMeta": [{"id": "d5d2bad2-dd84-4ee2-a66a-fada3fc60ffa", "url": "https://i.imgur.com/G2XpLD6l.jpg", "normalizedUrl": "https://i.imgur.com/G2XpLD6l.jpg", "thumbnail": "https://i.imgur.com/G2XpLD6l.jpg", "type": "image/thumbnail", "tags": ["NO_NEED_ANNOTATED"], "createdAt": "2020-02-03T12:01:29.496Z", "updatedAt": "2020-02-03T12:01:29.496Z"}, {"id": "d5d2bad2-dd84-4ee2-a66a-fada3fc60ffa", "url": "https://i.imgur.com/G2XpLD6.jpg", "normalizedUrl": "https://imgur.com/G2XpLD6", "thumbnail": "https://i.imgur.com/G2XpLD6l.jpg", "type": "image/imgur", "tags": ["NO_NEED_ANNOTATED"], "createdAt": "2020-02-03T12:01:29.496Z", "updatedAt": "2020-02-03T12:01:29.496Z"}, {"id": "374bdf9a-3834-4e03-b051-f703a04e25c3", "url": "https://i.imgur.com/XAPVdaQ.jpg", "normalizedUrl": "https://imgur.com/XAPVdaQ", "thumbnail": "https://i.imgur.com/XAPVdaQl.jpg", "type": "image/imgur", "tags": ["NO_NEED_ANNOTATED"], "createdAt": "2020-02-03T12:01:29.496Z", "updatedAt": "2020-02-03T12:01:29.496Z"}, {"id": "0c62706e-98a6-4f54-872a-49f957d80a44", "url": "https://i.imgur.com/bgjNDWB.jpg", "normalizedUrl": "https://imgur.com/bgjNDWB", "thumbnail": "https://i.imgur.com/bgjNDWBl.jpg", "type": "image/imgur", "tags": ["NO_NEED_ANNOTATED"], "createdAt": "2020-02-03T12:01:29.496Z", "updatedAt": "2020-02-03T12:01:29.496Z"}], "reactions": [{"id": "286f599c-f86a-4932-82f0-f5a06f1eca03", "count": 523}, {"id": "e8e6bc5d-41b0-4129-b134-97507523d7ff", "count": 3}, {"id": "4b018f48-e184-445f-adf1-fc8e04ba09b9", "count": 1}], "hidden": false, "customStyle": null, "isSuspiciousAccount": false, "layout": "classic", "withImages": true, "withVideos": false, "media": [{"url": "https://i.imgur.com/G2XpLD6.jpg"}, {"url": "https://i.imgur.com/XAPVdaQ.jpg"}, {"url": "https://i.imgur.com/bgjNDWB.jpg"}], "reportReasonText": "", "postAvatar": ""}, {"id": 233005135, "title": "嗯～敏感到流汁🙈", "excerpt": "剛剛發一篇可能碼的不夠被刪掉了...，最近比較嚴格，最近男友不再 只好拿著怪獸，默默得隔著內褲震動小穴，在把內褲脫掉震動痘痘，結果就流汁了，一邊摸著奶 大力揉著，一邊震著私處真的好舒服，反應熱烈在把動", "anonymousSchool": true, "anonymousDepartment": true, "pinned": false, "forumId": "1ce3ebca-8701-42d5-b14c-076fc629bc8e", "replyId": null, "createdAt": "2020-02-02T20:44:03.456Z", "updatedAt": "2020-02-03T15:00:52.410Z", "commentCount": 140, "likeCount": 447, "withNickname": false, "tags": [], "topics": ["西斯", "自慰", "小怪獸"], "meta": {"layout": "classic", "disableAdSense": true}, "forumName": "西斯", "forumAlias": "sex", "gender": "F", "replyTitle": null, "mediaMeta": [{"id": "c69125f1-b999-4871-86a4-b6c668943013", "url": "https://megapx-assets.dcard.tw/images/99a52bc5-909d-424e-bdaf-5b3ed7426ad1/640.jpeg", "normalizedUrl": "https://megapx-assets.dcard.tw/images/99a52bc5-909d-424e-bdaf-5b3ed7426ad1/640.jpeg", "thumbnail": "https://megapx-assets.dcard.tw/images/99a52bc5-909d-424e-bdaf-5b3ed7426ad1/640.jpeg", "type": "image/thumbnail", "tags": ["NO_NEED_ANNOTATED"], "createdAt": "2020-02-02T20:44:03.456Z", "updatedAt": "2020-02-03T15:00:52.410Z", "width": 590, "height": 640}, {"id": "c69125f1-b999-4871-86a4-b6c668943013", "url": "https://megapx-assets.dcard.tw/images/99a52bc5-909d-424e-bdaf-5b3ed7426ad1/1280.jpeg", "normalizedUrl": "https://megapx.dcard.tw/v1/images/99a52bc5-909d-424e-bdaf-5b3ed7426ad1", "thumbnail": "https://megapx-assets.dcard.tw/images/99a52bc5-909d-424e-bdaf-5b3ed7426ad1/640.jpeg", "type": "image/megapx", "tags": ["NO_NEED_ANNOTATED"], "createdAt": "2020-02-02T20:44:03.456Z", "updatedAt": "2020-02-03T15:00:52.410Z", "width": 1771, "height": 1920}, {"id": "2f080a9e-3a30-4c3a-97fe-585fb38fd73e", "url": "https://megapx-assets.dcard.tw/images/f0894631-10f8-491b-9687-0908c376433b/1280.jpeg", "normalizedUrl": "https://megapx.dcard.tw/v1/images/f0894631-10f8-491b-9687-0908c376433b", "thumbnail": "https://megapx-assets.dcard.tw/images/f0894631-10f8-491b-9687-0908c376433b/640.jpeg", "type": "image/megapx", "tags": ["NO_NEED_ANNOTATED"], "createdAt": "2020-02-02T20:44:03.456Z", "updatedAt": "2020-02-03T15:00:52.410Z", "width": 1920, "height": 1821}], "reactions": [{"id": "286f599c-f86a-4932-82f0-f5a06f1eca03", "count": 447}], "hidden": false, "customStyle": null, "isSuspiciousAccount": false, "layout": "classic", "withImages": true, "withVideos": false, "media": [{"url": "https://megapx-assets.dcard.tw/images/99a52bc5-909d-424e-bdaf-5b3ed7426ad1/1280.jpeg"}, {"url": "https://megapx-assets.dcard.tw/images/f0894631-10f8-491b-9687-0908c376433b/1280.jpeg"}], "reportReasonText": "", "postAvatar": ""}, {"id": 233004046, "title": "#圖 初次交手", "excerpt": "剛與27歲嘴砲男結束一砲（對 就是你，沒有那種西斯版的情節 馬上被撲倒，我看我的電視 喝酒放鬆 他去洗澡，洗完後 我們開始打 嘴砲 對！打嘴砲，後來他看到我外套脫掉，裡面穿著隱約會看到內衣的衣服，頭忍", "anonymousSchool": true, "anonymousDepartment": true, "pinned": false, "forumId": "1ce3ebca-8701-42d5-b14c-076fc629bc8e", "replyId": null, "createdAt": "2020-02-02T16:20:26.063Z", "updatedAt": "2020-02-03T15:00:45.660Z", "commentCount": 68, "likeCount": 405, "withNickname": false, "tags": [], "topics": [], "meta": {"layout": "classic", "disableAdSense": true}, "forumName": "西斯", "forumAlias": "sex", "gender": "F", "replyTitle": null, "mediaMeta": [{"id": "708f190d-c208-464d-97e6-76e431a4b234", "url": "https://megapx-assets.dcard.tw/images/6e377cfd-902b-4b1b-80bc-3b1a14ded515/640.jpeg", "normalizedUrl": "https://megapx-assets.dcard.tw/images/6e377cfd-902b-4b1b-80bc-3b1a14ded515/640.jpeg", "thumbnail": "https://megapx-assets.dcard.tw/images/6e377cfd-902b-4b1b-80bc-3b1a14ded515/640.jpeg", "type": "image/thumbnail", "tags": ["NO_NEED_ANNOTATED"], "createdAt": "2020-02-02T16:20:26.063Z", "updatedAt": "2020-02-03T15:00:45.660Z", "width": 480, "height": 640}, {"id": "708f190d-c208-464d-97e6-76e431a4b234", "url": "https://megapx-assets.dcard.tw/images/6e377cfd-902b-4b1b-80bc-3b1a14ded515/1280.jpeg", "normalizedUrl": "https://megapx.dcard.tw/v1/images/6e377cfd-902b-4b1b-80bc-3b1a14ded515", "thumbnail": "https://megapx-assets.dcard.tw/images/6e377cfd-902b-4b1b-80bc-3b1a14ded515/640.jpeg", "type": "image/megapx", "tags": ["NO_NEED_ANNOTATED"], "createdAt": "2020-02-02T16:20:26.063Z", "updatedAt": "2020-02-03T15:00:45.660Z", "width": 1080, "height": 1440}], "reactions": [{"id": "286f599c-f86a-4932-82f0-f5a06f1eca03", "count": 403}, {"id": "e8e6bc5d-41b0-4129-b134-97507523d7ff", "count": 2}], "hidden": false, "customStyle": null, "isSuspiciousAccount": false, "layout": "classic", "withImages": true, "withVideos": false, "media": [{"url": "https://megapx-assets.dcard.tw/images/6e377cfd-902b-4b1b-80bc-3b1a14ded515/1280.jpeg"}], "reportReasonText": "", "postAvatar": ""}, {"id": 233004356, "title": "#更#圖 第一次羞恥挑戰", "excerpt": "-更，沒想到自己的一個小小嘗試居然可以有那麼多喜歡，只好來點深夜福利表達對大家的感謝了️，（日期），-150大眼仔，———————————————————————，只有一個人在家（男友還在爽放年假），", "anonymousSchool": true, "anonymousDepartment": true, "pinned": false, "forumId": "1ce3ebca-8701-42d5-b14c-076fc629bc8e", "replyId": null, "createdAt": "2020-02-02T17:06:34.756Z", "updatedAt": "2020-02-03T17:40:32.142Z", "commentCount": 61, "likeCount": 361, "withNickname": false, "tags": [], "topics": ["激凸", "野戰"], "meta": {"layout": "classic", "disableAdSense": true}, "forumName": "西斯", "forumAlias": "sex", "gender": "F", "replyTitle": null, "mediaMeta": [{"id": "798331e6-78d8-4a9c-a527-51e0f4fca975", "url": "https://i.imgur.com/23bBvUQl.jpg", "normalizedUrl": "https://i.imgur.com/23bBvUQl.jpg", "thumbnail": "https://i.imgur.com/23bBvUQl.jpg", "type": "image/thumbnail", "tags": ["NO_NEED_ANNOTATED"], "createdAt": "2020-02-02T17:06:34.756Z", "updatedAt": "2020-02-03T17:40:32.142Z"}, {"id": "798331e6-78d8-4a9c-a527-51e0f4fca975", "url": "https://i.imgur.com/23bBvUQ.jpg", "normalizedUrl": "https://imgur.com/23bBvUQ", "thumbnail": "https://i.imgur.com/23bBvUQl.jpg", "type": "image/imgur", "tags": ["NO_NEED_ANNOTATED"], "createdAt": "2020-02-02T17:06:34.756Z", "updatedAt": "2020-02-03T17:40:32.142Z"}, {"id": "0eed6621-63d9-48eb-9e89-10c43c615b0c", "url": "https://i.imgur.com/biHpIWy.jpg", "normalizedUrl": "https://imgur.com/biHpIWy", "thumbnail": "https://i.imgur.com/biHpIWyl.jpg", "type": "image/imgur", "tags": ["NO_NEED_ANNOTATED"], "createdAt": "2020-02-02T17:06:34.756Z", "updatedAt": "2020-02-03T17:40:32.142Z"}, {"id": "64170b1d-1f2e-4609-95be-c69fbd2b6035", "url": "https://i.imgur.com/UwaNJtn.jpg", "normalizedUrl": "https://imgur.com/UwaNJtn", "thumbnail": "https://i.imgur.com/UwaNJtnl.jpg", "type": "image/imgur", "tags": ["NO_NEED_ANNOTATED"], "createdAt": "2020-02-02T17:06:34.756Z", "updatedAt": "2020-02-03T17:40:32.142Z"}], "reactions": [{"id": "286f599c-f86a-4932-82f0-f5a06f1eca03", "count": 361}], "hidden": false, "customStyle": null, "isSuspiciousAccount": false, "layout": "classic", "withImages": true, "withVideos": false, "media": [{"url": "https://i.imgur.com/23bBvUQ.jpg"}, {"url": "https://i.imgur.com/biHpIWy.jpg"}, {"url": "https://i.imgur.com/UwaNJtn.jpg"}], "reportReasonText": "", "postAvatar": ""}, {"id": 233007546, "title": "#圖  男友的癖好", "excerpt": "借男友帳號來發文o，我家男友的《NTR》傾向真的是逼死我了，一直很期待我偷偷去找男人約砲，有沒有小哥哥願意來湊一腳，來跟我講些話吧嘿嘿，希望你們不要嫌棄我🥺", "anonymousSchool": true, "anonymousDepartment": true, "pinned": false, "forumId": "1ce3ebca-8701-42d5-b14c-076fc629bc8e", "replyId": null, "createdAt": "2020-02-03T09:00:36.488Z", "updatedAt": "2020-02-03T09:00:36.488Z", "commentCount": 70, "likeCount": 357, "withNickname": false, "tags": [], "topics": [], "meta": {"layout": "classic"}, "forumName": "西斯", "forumAlias": "sex", "gender": "M", "replyTitle": null, "mediaMeta": [{"id": "f7626d95-2f82-4e69-a986-bbf7e7d9d77b", "url": "https://megapx-assets.dcard.tw/images/5d517419-260a-48bb-839a-3a0b5597f73f/640.jpeg", "normalizedUrl": "https://megapx-assets.dcard.tw/images/5d517419-260a-48bb-839a-3a0b5597f73f/640.jpeg", "thumbnail": "https://megapx-assets.dcard.tw/images/5d517419-260a-48bb-839a-3a0b5597f73f/640.jpeg", "type": "image/thumbnail", "tags": ["NO_NEED_ANNOTATED"], "createdAt": "2020-02-03T09:00:36.488Z", "updatedAt": "2020-02-03T09:00:36.488Z", "width": 640, "height": 480}, {"id": "f7626d95-2f82-4e69-a986-bbf7e7d9d77b", "url": "https://megapx-assets.dcard.tw/images/5d517419-260a-48bb-839a-3a0b5597f73f/1280.jpeg", "normalizedUrl": "https://megapx.dcard.tw/v1/images/5d517419-260a-48bb-839a-3a0b5597f73f", "thumbnail": "https://megapx-assets.dcard.tw/images/5d517419-260a-48bb-839a-3a0b5597f73f/640.jpeg", "type": "image/megapx", "tags": ["NO_NEED_ANNOTATED"], "createdAt": "2020-02-03T09:00:36.488Z", "updatedAt": "2020-02-03T09:00:36.488Z", "width": 1478, "height": 1108}], "reactions": [{"id": "286f599c-f86a-4932-82f0-f5a06f1eca03", "count": 357}], "hidden": false, "customStyle": null, "isSuspiciousAccount": false, "layout": "classic", "withImages": true, "withVideos": false, "media": [{"url": "https://megapx-assets.dcard.tw/images/5d517419-260a-48bb-839a-3a0b5597f73f/1280.jpeg"}], "reportReasonText": "", "postAvatar": ""}, {"id": 233004502, "title": "南半球", "excerpt": "比起北半球我更愛南半球~，心血來潮想調戲男友，刻意不傳他想要的北半球，給他，換一個只有一點點的南半球。本想說他一，定很失望，怎知他反常的超愛，說超有感覺。還偷偷說剛剛去械槍了  成就達成，附贈他愛的屁", "anonymousSchool": true, "anonymousDepartment": true, "pinned": false, "forumId": "1ce3ebca-8701-42d5-b14c-076fc629bc8e", "replyId": null, "createdAt": "2020-02-02T17:27:16.406Z", "updatedAt": "2020-02-03T15:00:47.468Z", "commentCount": 145, "likeCount": 342, "withNickname": false, "tags": [], "topics": [], "meta": {"layout": "classic", "disableAdSense": true}, "forumName": "西斯", "forumAlias": "sex", "gender": "F", "replyTitle": null, "mediaMeta": [{"id": "5fe0c03b-f800-40a1-8a2e-6b45d7df11bd", "url": "https://i.imgur.com/Cd3HDDzl.jpg", "normalizedUrl": "https://i.imgur.com/Cd3HDDzl.jpg", "thumbnail": "https://i.imgur.com/Cd3HDDzl.jpg", "type": "image/thumbnail", "tags": ["NO_NEED_ANNOTATED"], "createdAt": "2020-02-02T17:27:16.406Z", "updatedAt": "2020-02-03T15:00:47.468Z"}, {"id": "5fe0c03b-f800-40a1-8a2e-6b45d7df11bd", "url": "https://i.imgur.com/Cd3HDDz.jpg", "normalizedUrl": "https://imgur.com/Cd3HDDz", "thumbnail": "https://i.imgur.com/Cd3HDDzl.jpg", "type": "image/imgur", "tags": ["NO_NEED_ANNOTATED"], "createdAt": "2020-02-02T17:27:16.406Z", "updatedAt": "2020-02-03T15:00:47.468Z"}, {"id": "e83bcd70-9069-4522-826d-653c274483fa", "url": "https://i.imgur.com/xJDkFnR.jpg", "normalizedUrl": "https://imgur.com/xJDkFnR", "thumbnail": "https://i.imgur.com/xJDkFnRl.jpg", "type": "image/imgur", "tags": ["NO_NEED_ANNOTATED"], "createdAt": "2020-02-02T17:27:16.406Z", "updatedAt": "2020-02-03T15:00:47.468Z"}, {"id": "4c7aaeb5-c1a9-4424-9c9d-7e01c52c3d29", "url": "https://i.imgur.com/nhYBq84.jpg", "normalizedUrl": "https://imgur.com/nhYBq84", "thumbnail": "https://i.imgur.com/nhYBq84l.jpg", "type": "image/imgur", "tags": ["NO_NEED_ANNOTATED"], "createdAt": "2020-02-02T17:27:16.406Z", "updatedAt": "2020-02-03T15:00:47.468Z"}, {"id": "3ffdbefb-83f2-4339-b3c8-91ea512a4c9f", "url": "https://i.imgur.com/UZxpFDf.jpg", "normalizedUrl": "https://imgur.com/UZxpFDf", "thumbnail": "https://i.imgur.com/UZxpFDfl.jpg", "type": "image/imgur", "tags": ["NO_NEED_ANNOTATED"], "createdAt": "2020-02-02T17:27:16.406Z", "updatedAt": "2020-02-03T15:00:47.468Z"}], "reactions": [{"id": "286f599c-f86a-4932-82f0-f5a06f1eca03", "count": 340}, {"id": "e8e6bc5d-41b0-4129-b134-97507523d7ff", "count": 2}], "hidden": false, "customStyle": null, "isSuspiciousAccount": false, "layout": "classic", "withImages": true, "withVideos": false, "media": [{"url": "https://i.imgur.com/Cd3HDDz.jpg"}, {"url": "https://i.imgur.com/xJDkFnR.jpg"}, {"url": "https://i.imgur.com/nhYBq84.jpg"}, {"url": "https://i.imgur.com/UZxpFDf.jpg"}], "reportReasonText": "", "postAvatar": ""}, {"id": 233006293, "title": "學弟❤️", "excerpt": "前幾天學弟找我喝酒，結果我酒量太差 就ㄎㄧㄤ到不行，之後學弟帶我走到公園，他張開雙手讓我抱抱 他抱的很緊而且學弟高度夠高、身材也很棒 覺得當下超有愛的（之前的對象都沒有那麼高哈哈），後來他就低頭跟我接", "anonymousSchool": true, "anonymousDepartment": true, "pinned": false, "forumId": "1ce3ebca-8701-42d5-b14c-076fc629bc8e", "replyId": null, "createdAt": "2020-02-03T05:13:24.499Z", "updatedAt": "2020-02-03T15:00:56.618Z", "commentCount": 315, "likeCount": 340, "withNickname": false, "tags": [], "topics": [], "meta": {"layout": "classic", "disableAdSense": true}, "forumName": "西斯", "forumAlias": "sex", "gender": "F", "replyTitle": null, "mediaMeta": [{"id": "0558ae58-0b68-4c43-8816-8661c9ff4c3a", "url": "https://megapx-assets.dcard.tw/images/7bdc49ff-21fe-4683-8e5f-92a0fdf57383/640.jpeg", "normalizedUrl": "https://megapx-assets.dcard.tw/images/7bdc49ff-21fe-4683-8e5f-92a0fdf57383/640.jpeg", "thumbnail": "https://megapx-assets.dcard.tw/images/7bdc49ff-21fe-4683-8e5f-92a0fdf57383/640.jpeg", "type": "image/thumbnail", "tags": ["NO_NEED_ANNOTATED"], "createdAt": "2020-02-03T05:13:24.499Z", "updatedAt": "2020-02-03T15:00:56.618Z", "width": 480, "height": 640}, {"id": "0558ae58-0b68-4c43-8816-8661c9ff4c3a", "url": "https://megapx-assets.dcard.tw/images/7bdc49ff-21fe-4683-8e5f-92a0fdf57383/1280.jpeg", "normalizedUrl": "https://megapx.dcard.tw/v1/images/7bdc49ff-21fe-4683-8e5f-92a0fdf57383", "thumbnail": "https://megapx-assets.dcard.tw/images/7bdc49ff-21fe-4683-8e5f-92a0fdf57383/640.jpeg", "type": "image/megapx", "tags": ["NO_NEED_ANNOTATED"], "createdAt": "2020-02-03T05:13:24.499Z", "updatedAt": "2020-02-03T15:00:56.618Z", "width": 1500, "height": 2001}], "reactions": [{"id": "286f599c-f86a-4932-82f0-f5a06f1eca03", "count": 339}, {"id": "e8e6bc5d-41b0-4129-b134-97507523d7ff", "count": 1}], "hidden": false, "customStyle": null, "isSuspiciousAccount": false, "layout": "classic", "withImages": true, "withVideos": false, "media": [{"url": "https://megapx-assets.dcard.tw/images/7bdc49ff-21fe-4683-8e5f-92a0fdf57383/1280.jpeg"}], "reportReasonText": "", "postAvatar": ""}, {"id": 233004497, "title": "哥哥大騙子😢", "excerpt": "明明說好了今天要視訊！，我的作業也都有乖乖做好了，還預習了好多天的量，哥哥不會是不要我了吧....，不要把人家變得奇怪之後就丟下人家嘛，現在每天都變得好想吃肉棒，或是想被壓在牆上從背後狠狠的抽插人家濕", "anonymousSchool": true, "anonymousDepartment": true, "pinned": false, "forumId": "1ce3ebca-8701-42d5-b14c-076fc629bc8e", "replyId": null, "createdAt": "2020-02-02T17:26:53.846Z", "updatedAt": "2020-02-03T15:00:47.119Z", "commentCount": 186, "likeCount": 330, "withNickname": false, "tags": [], "topics": ["哥哥", "調教"], "meta": {"layout": "classic", "disableAdSense": true}, "forumName": "西斯", "forumAlias": "sex", "gender": "F", "replyTitle": null, "mediaMeta": [{"id": "08557562-489c-4813-be61-86a1cd77f52f", "url": "https://i.imgur.com/lum1RTql.jpg", "normalizedUrl": "https://i.imgur.com/lum1RTql.jpg", "thumbnail": "https://i.imgur.com/lum1RTql.jpg", "type": "image/thumbnail", "tags": ["NO_NEED_ANNOTATED"], "createdAt": "2020-02-02T17:26:53.846Z", "updatedAt": "2020-02-03T15:00:47.119Z"}, {"id": "08557562-489c-4813-be61-86a1cd77f52f", "url": "https://i.imgur.com/lum1RTq.jpg", "normalizedUrl": "https://imgur.com/lum1RTq", "thumbnail": "https://i.imgur.com/lum1RTql.jpg", "type": "image/imgur", "tags": ["NO_NEED_ANNOTATED"], "createdAt": "2020-02-02T17:26:53.846Z", "updatedAt": "2020-02-03T15:00:47.119Z"}], "reactions": [{"id": "286f599c-f86a-4932-82f0-f5a06f1eca03", "count": 329}, {"id": "e8e6bc5d-41b0-4129-b134-97507523d7ff", "count": 1}], "hidden": false, "customStyle": null, "isSuspiciousAccount": false, "layout": "classic", "withImages": true, "withVideos": false, "media": [{"url": "https://i.imgur.com/lum1RTq.jpg"}], "reportReasonText": "", "postAvatar": ""}, {"id": 233005501, "title": "經前脹奶想被揉", "excerpt": "每次經前都會特別想要，尤其是胸前兩顆脹脹的，好希望有人可以來玩玩它們🥰，不然好難受喔喔喔喔！，早上起床都只能自己揉，沒有炮友也沒有男友，又想被意淫，所以就來這裡了QAQ，希望大家會喜歡，：來一張側面", "anonymousSchool": true, "anonymousDepartment": true, "pinned": false, "forumId": "1ce3ebca-8701-42d5-b14c-076fc629bc8e", "replyId": null, "createdAt": "2020-02-03T01:52:25.947Z", "updatedAt": "2020-02-03T15:00:54.364Z", "commentCount": 286, "likeCount": 302, "withNickname": false, "tags": [], "topics": ["西斯"], "meta": {"layout": "classic", "disableAdSense": true}, "forumName": "西斯", "forumAlias": "sex", "gender": "F", "replyTitle": null, "mediaMeta": [{"id": "8c98b56d-214d-4ac8-9c5a-7932fdc9f321", "url": "https://i.imgur.com/Zf7UVCvl.jpg", "normalizedUrl": "https://i.imgur.com/Zf7UVCvl.jpg", "thumbnail": "https://i.imgur.com/Zf7UVCvl.jpg", "type": "image/thumbnail", "tags": ["NO_NEED_ANNOTATED"], "createdAt": "2020-02-03T01:52:25.947Z", "updatedAt": "2020-02-03T15:00:54.364Z"}, {"id": "8c98b56d-214d-4ac8-9c5a-7932fdc9f321", "url": "https://i.imgur.com/Zf7UVCv.jpg", "normalizedUrl": "https://imgur.com/Zf7UVCv", "thumbnail": "https://i.imgur.com/Zf7UVCvl.jpg", "type": "image/imgur", "tags": ["NO_NEED_ANNOTATED"], "createdAt": "2020-02-03T01:52:25.947Z", "updatedAt": "2020-02-03T15:00:54.364Z"}, {"id": "5b2ab118-2b98-4cac-8db0-841ec666de7e", "url": "https://i.imgur.com/10adEl5.jpg", "normalizedUrl": "https://imgur.com/10adEl5", "thumbnail": "https://i.imgur.com/10adEl5l.jpg", "type": "image/imgur", "tags": ["NO_NEED_ANNOTATED"], "createdAt": "2020-02-03T01:52:25.947Z", "updatedAt": "2020-02-03T15:00:54.364Z"}, {"id": "16c1189f-ad5c-4f13-a996-a77bb5ca14f2", "url": "https://i.imgur.com/LRfi0TW.jpg", "normalizedUrl": "https://imgur.com/LRfi0TW", "thumbnail": "https://i.imgur.com/LRfi0TWl.jpg", "type": "image/imgur", "tags": ["NO_NEED_ANNOTATED"], "createdAt": "2020-02-03T04:46:19.449Z", "updatedAt": "2020-02-03T15:00:54.364Z"}, {"id": "099b8310-a21b-4520-8473-b97986d55119", "url": "https://i.imgur.com/xFDWZ6n.jpg", "normalizedUrl": "https://imgur.com/xFDWZ6n", "thumbnail": "https://i.imgur.com/xFDWZ6nl.jpg", "type": "image/imgur", "tags": ["NO_NEED_ANNOTATED"], "createdAt": "2020-02-03T09:38:15.781Z", "updatedAt": "2020-02-03T15:00:54.364Z"}], "reactions": [{"id": "286f599c-f86a-4932-82f0-f5a06f1eca03", "count": 301}, {"id": "e8e6bc5d-41b0-4129-b134-97507523d7ff", "count": 1}], "hidden": false, "customStyle": null, "isSuspiciousAccount": false, "layout": "classic", "withImages": true, "withVideos": false, "media": [{"url": "https://i.imgur.com/Zf7UVCv.jpg"}, {"url": "https://i.imgur.com/10adEl5.jpg"}, {"url": "https://i.imgur.com/LRfi0TW.jpg"}, {"url": "https://i.imgur.com/xFDWZ6n.jpg"}], "reportReasonText": "", "postAvatar": ""}, {"id": 233010099, "title": "ʕ•̀ω•́ʔ✧", "excerpt": "發現自己真的好愛拍色色的照片，聊色色的話題，但都沒對象可以分享，題外話：個人覺得紅色指甲在做這件事情的時候，真的蠻騷的欸，但周遭友人好像都覺得紅色指甲很老氣的樣子？-const", "anonymousSchool": true, "anonymousDepartment": true, "pinned": false, "forumId": "1ce3ebca-8701-42d5-b14c-076fc629bc8e", "replyId": null, "createdAt": "2020-02-03T15:00:26.606Z", "updatedAt": "2020-02-03T15:00:26.606Z", "commentCount": 127, "likeCount": 269, "withNickname": false, "tags": [], "topics": [], "meta": {"layout": "classic"}, "forumName": "西斯", "forumAlias": "sex", "gender": "F", "replyTitle": null, "mediaMeta": [{"id": "c0d45f15-d879-441b-b288-b6ea35c5bf00", "url": "https://megapx-assets.dcard.tw/images/d2dc11c2-4fea-49f6-9c3d-48a77043cea9/640.jpeg", "normalizedUrl": "https://megapx-assets.dcard.tw/images/d2dc11c2-4fea-49f6-9c3d-48a77043cea9/640.jpeg", "thumbnail": "https://megapx-assets.dcard.tw/images/d2dc11c2-4fea-49f6-9c3d-48a77043cea9/640.jpeg", "type": "image/thumbnail", "tags": ["NO_NEED_ANNOTATED"], "createdAt": "2020-02-03T15:00:26.606Z", "updatedAt": "2020-02-03T15:00:26.606Z", "width": 640, "height": 640}, {"id": "c0d45f15-d879-441b-b288-b6ea35c5bf00", "url": "https://megapx-assets.dcard.tw/images/d2dc11c2-4fea-49f6-9c3d-48a77043cea9/full.jpeg", "normalizedUrl": "https://megapx.dcard.tw/v1/images/d2dc11c2-4fea-49f6-9c3d-48a77043cea9", "thumbnail": "https://megapx-assets.dcard.tw/images/d2dc11c2-4fea-49f6-9c3d-48a77043cea9/640.jpeg", "type": "image/megapx", "tags": ["NO_NEED_ANNOTATED"], "createdAt": "2020-02-03T15:00:26.606Z", "updatedAt": "2020-02-03T15:00:26.606Z", "width": 960, "height": 960}, {"id": "2ada77ee-2e46-4981-93b8-42c4cfb1f559", "url": "https://megapx-assets.dcard.tw/images/95e42b6a-4594-42e3-8924-5c336cb74d97/1280.jpeg", "normalizedUrl": "https://megapx.dcard.tw/v1/images/95e42b6a-4594-42e3-8924-5c336cb74d97", "thumbnail": "https://megapx-assets.dcard.tw/images/95e42b6a-4594-42e3-8924-5c336cb74d97/640.jpeg", "type": "image/megapx", "tags": ["NO_NEED_ANNOTATED"], "createdAt": "2020-02-03T15:00:26.606Z", "updatedAt": "2020-02-03T15:00:26.606Z", "width": 2000, "height": 1930}], "reactions": [{"id": "286f599c-f86a-4932-82f0-f5a06f1eca03", "count": 269}], "hidden": false, "customStyle": null, "isSuspiciousAccount": false, "layout": "classic", "withImages": true, "withVideos": false, "media": [{"url": "https://megapx-assets.dcard.tw/images/d2dc11c2-4fea-49f6-9c3d-48a77043cea9/full.jpeg"}, {"url": "https://megapx-assets.dcard.tw/images/95e42b6a-4594-42e3-8924-5c336cb74d97/1280.jpeg"}], "reportReasonText": "", "postAvatar": ""}, {"id": 233004633, "title": "開箱內內衣", "excerpt": "不是瘦女孩唷   也不是肉女孩，是位龍女孩，不想傷眼睛看了會蝦（瞎）的，----------------------------------------------，繼上回看到好看內衣手速下訂後，真的", "anonymousSchool": true, "anonymousDepartment": true, "pinned": false, "forumId": "1ce3ebca-8701-42d5-b14c-076fc629bc8e", "replyId": null, "createdAt": "2020-02-02T17:49:28.316Z", "updatedAt": "2020-02-03T15:00:48.951Z", "commentCount": 211, "likeCount": 252, "withNickname": false, "tags": [], "topics": ["巨乳", "肉肉女"], "meta": {"layout": "classic", "disableAdSense": true}, "forumName": "西斯", "forumAlias": "sex", "gender": "F", "replyTitle": null, "mediaMeta": [{"id": "a6a3bbc8-0933-4059-8a8b-a5c212e6a2fe", "url": "https://i.imgur.com/u3ZB5NRl.jpg", "normalizedUrl": "https://i.imgur.com/u3ZB5NRl.jpg", "thumbnail": "https://i.imgur.com/u3ZB5NRl.jpg", "type": "image/thumbnail", "tags": ["NO_NEED_ANNOTATED"], "createdAt": "2020-02-02T17:49:28.316Z", "updatedAt": "2020-02-03T15:00:48.951Z"}, {"id": "a6a3bbc8-0933-4059-8a8b-a5c212e6a2fe", "url": "https://i.imgur.com/u3ZB5NR.jpg", "normalizedUrl": "https://imgur.com/u3ZB5NR", "thumbnail": "https://i.imgur.com/u3ZB5NRl.jpg", "type": "image/imgur", "tags": ["NO_NEED_ANNOTATED"], "createdAt": "2020-02-02T17:49:28.316Z", "updatedAt": "2020-02-03T15:00:48.951Z"}, {"id": "4a2ffb12-0b95-4e3a-8a07-27059be6fb44", "url": "https://i.imgur.com/7deVdAf.jpg", "normalizedUrl": "https://imgur.com/7deVdAf", "thumbnail": "https://i.imgur.com/7deVdAfl.jpg", "type": "image/imgur", "tags": ["NO_NEED_ANNOTATED"], "createdAt": "2020-02-02T17:49:28.316Z", "updatedAt": "2020-02-03T15:00:48.951Z"}, {"id": "f17f1fbb-f57f-4127-bdbf-3700fccf6604", "url": "https://i.imgur.com/is4emj6.jpg", "normalizedUrl": "https://imgur.com/is4emj6", "thumbnail": "https://i.imgur.com/is4emj6l.jpg", "type": "image/imgur", "tags": ["NO_NEED_ANNOTATED"], "createdAt": "2020-02-02T17:49:28.316Z", "updatedAt": "2020-02-03T15:00:48.951Z"}, {"id": "40061728-6459-44ec-a24a-7650eb044e8e", "url": "https://i.imgur.com/ked20CM.jpg", "normalizedUrl": "https://imgur.com/ked20CM", "thumbnail": "https://i.imgur.com/ked20CMl.jpg", "type": "image/imgur", "tags": ["NO_NEED_ANNOTATED"], "createdAt": "2020-02-02T17:49:28.316Z", "updatedAt": "2020-02-03T15:00:48.951Z"}, {"id": "4b099e7a-6ee1-4cd8-9e80-386d9e51ace2", "url": "https://i.imgur.com/cSVmuO5.jpg", "normalizedUrl": "https://imgur.com/cSVmuO5", "thumbnail": "https://i.imgur.com/cSVmuO5l.jpg", "type": "image/imgur", "tags": ["NO_NEED_ANNOTATED"], "createdAt": "2020-02-02T17:49:28.316Z", "updatedAt": "2020-02-03T15:00:48.951Z"}, {"id": "dbe31b83-ada9-4db0-a738-140d3ebffbe2", "url": "https://i.imgur.com/LOb4rDb.jpg", "normalizedUrl": "https://imgur.com/LOb4rDb", "thumbnail": "https://i.imgur.com/LOb4rDbl.jpg", "type": "image/imgur", "tags": ["NO_NEED_ANNOTATED"], "createdAt": "2020-02-02T17:49:28.316Z", "updatedAt": "2020-02-03T15:00:48.951Z"}, {"id": "66c843ad-8fe7-457a-b579-872a636901b8", "url": "https://i.imgur.com/fVNw79u.jpg", "normalizedUrl": "https://imgur.com/fVNw79u", "thumbnail": "https://i.imgur.com/fVNw79ul.jpg", "type": "image/imgur", "tags": ["NO_NEED_ANNOTATED"], "createdAt": "2020-02-02T17:49:28.316Z", "updatedAt": "2020-02-03T15:00:48.951Z"}, {"id": "d45551c9-24ce-455e-b86f-c626d2633ff9", "url": "https://i.imgur.com/mDVlNRO.jpg", "normalizedUrl": "https://imgur.com/mDVlNRO", "thumbnail": "https://i.imgur.com/mDVlNROl.jpg", "type": "image/imgur", "tags": ["NO_NEED_ANNOTATED"], "createdAt": "2020-02-02T17:49:28.316Z", "updatedAt": "2020-02-03T15:00:48.951Z"}], "reactions": [{"id": "286f599c-f86a-4932-82f0-f5a06f1eca03", "count": 251}, {"id": "e8e6bc5d-41b0-4129-b134-97507523d7ff", "count": 1}], "hidden": false, "customStyle": null, "isSuspiciousAccount": false, "layout": "classic", "withImages": true, "withVideos": false, "media": [{"url": "https://i.imgur.com/u3ZB5NR.jpg"}, {"url": "https://i.imgur.com/7deVdAf.jpg"}, {"url": "https://i.imgur.com/is4emj6.jpg"}, {"url": "https://i.imgur.com/ked20CM.jpg"}, {"url": "https://i.imgur.com/cSVmuO5.jpg"}, {"url": "https://i.imgur.com/LOb4rDb.jpg"}, {"url": "https://i.imgur.com/fVNw79u.jpg"}, {"url": "https://i.imgur.com/mDVlNRO.jpg"}], "reportReasonText": "", "postAvatar": ""}, {"id": 233010262, "title": "我要清相簿❤️", "excerpt": "容量要爆了所以來清個照片，不同時候拍ㄉ 也可能是忘記，發文的時候一起放上去哈哈哈哈，反正你們不會介意吧？新內衣啾～～️，圓系列還有一張！哈哈哈哈哈哈，噢噢噢噢OMG這個拍的蠻下面ㄉ（///▽///）！", "anonymousSchool": true, "anonymousDepartment": true, "pinned": false, "forumId": "1ce3ebca-8701-42d5-b14c-076fc629bc8e", "replyId": null, "createdAt": "2020-02-03T15:18:46.177Z", "updatedAt": "2020-02-03T15:25:29.447Z", "commentCount": 126, "likeCount": 250, "withNickname": false, "tags": [], "topics": ["偽E奶"], "meta": {"layout": "classic"}, "forumName": "西斯", "forumAlias": "sex", "gender": "F", "replyTitle": null, "mediaMeta": [{"id": "5a9dbeea-8871-422f-b758-676afcf164b5", "url": "https://megapx-assets.dcard.tw/images/5a3161b4-8f92-4292-96f6-f0b338067fcd/640.jpeg", "normalizedUrl": "https://megapx-assets.dcard.tw/images/5a3161b4-8f92-4292-96f6-f0b338067fcd/640.jpeg", "thumbnail": "https://megapx-assets.dcard.tw/images/5a3161b4-8f92-4292-96f6-f0b338067fcd/640.jpeg", "type": "image/thumbnail", "tags": ["NO_NEED_ANNOTATED"], "createdAt": "2020-02-03T15:18:46.177Z", "updatedAt": "2020-02-03T15:25:29.447Z", "width": 640, "height": 480}, {"id": "5a9dbeea-8871-422f-b758-676afcf164b5", "url": "https://megapx-assets.dcard.tw/images/5a3161b4-8f92-4292-96f6-f0b338067fcd/1280.jpeg", "normalizedUrl": "https://megapx.dcard.tw/v1/images/5a3161b4-8f92-4292-96f6-f0b338067fcd", "thumbnail": "https://megapx-assets.dcard.tw/images/5a3161b4-8f92-4292-96f6-f0b338067fcd/640.jpeg", "type": "image/megapx", "tags": ["NO_NEED_ANNOTATED"], "createdAt": "2020-02-03T15:18:46.177Z", "updatedAt": "2020-02-03T15:25:29.447Z", "width": 2000, "height": 1500}, {"id": "df940f0e-24bd-43c3-b47c-981479393657", "url": "https://megapx-assets.dcard.tw/images/3f28a5b9-f609-4214-b648-8dcb57450b77/1280.jpeg", "normalizedUrl": "https://megapx.dcard.tw/v1/images/3f28a5b9-f609-4214-b648-8dcb57450b77", "thumbnail": "https://megapx-assets.dcard.tw/images/3f28a5b9-f609-4214-b648-8dcb57450b77/640.jpeg", "type": "image/megapx", "tags": ["NO_NEED_ANNOTATED"], "createdAt": "2020-02-03T15:18:46.177Z", "updatedAt": "2020-02-03T15:25:29.447Z", "width": 2000, "height": 1624}, {"id": "c4b09d95-a38e-4fb0-8bf2-f4eefeafbd27", "url": "https://megapx-assets.dcard.tw/images/8c2a2e81-c70e-4476-b4ea-4225bee8280b/1280.jpeg", "normalizedUrl": "https://megapx.dcard.tw/v1/images/8c2a2e81-c70e-4476-b4ea-4225bee8280b", "thumbnail": "https://megapx-assets.dcard.tw/images/8c2a2e81-c70e-4476-b4ea-4225bee8280b/640.jpeg", "type": "image/megapx", "tags": ["NO_NEED_ANNOTATED"], "createdAt": "2020-02-03T15:18:46.177Z", "updatedAt": "2020-02-03T15:25:29.447Z", "width": 1500, "height": 2000}, {"id": "2d66dbc0-adbe-4979-86c2-74866cbe9f2a", "url": "https://megapx-assets.dcard.tw/images/07f3a98b-3512-4548-875e-9b23f6d497dc/1280.jpeg", "normalizedUrl": "https://megapx.dcard.tw/v1/images/07f3a98b-3512-4548-875e-9b23f6d497dc", "thumbnail": "https://megapx-assets.dcard.tw/images/07f3a98b-3512-4548-875e-9b23f6d497dc/640.jpeg", "type": "image/megapx", "tags": ["NO_NEED_ANNOTATED"], "createdAt": "2020-02-03T15:18:46.177Z", "updatedAt": "2020-02-03T15:25:29.447Z", "width": 2000, "height": 1500}], "reactions": [{"id": "286f599c-f86a-4932-82f0-f5a06f1eca03", "count": 250}], "hidden": false, "customStyle": null, "isSuspiciousAccount": false, "layout": "classic", "withImages": true, "withVideos": false, "media": [{"url": "https://megapx-assets.dcard.tw/images/5a3161b4-8f92-4292-96f6-f0b338067fcd/1280.jpeg"}, {"url": "https://megapx-assets.dcard.tw/images/3f28a5b9-f609-4214-b648-8dcb57450b77/1280.jpeg"}, {"url": "https://megapx-assets.dcard.tw/images/8c2a2e81-c70e-4476-b4ea-4225bee8280b/1280.jpeg"}, {"url": "https://megapx-assets.dcard.tw/images/07f3a98b-3512-4548-875e-9b23f6d497dc/1280.jpeg"}], "reportReasonText": "", "postAvatar": ""}, {"id": 233008992, "title": "#圖 濕濕的是不是很欠幹", "excerpt": "#DISALLOW深卡，#PRIVATE_CONTENT，想買無線的遙控跳蛋，有沒有人能推薦一下，爬文爬到頭昏還是不知道該選哪一款🥺，我大概是很莫名其妙的人吧，文章發一發就會想刪掉哈哈，謝謝這兩天陪", "anonymousSchool": true, "anonymousDepartment": true, "pinned": false, "forumId": "1ce3ebca-8701-42d5-b14c-076fc629bc8e", "replyId": null, "createdAt": "2020-02-03T12:29:06.011Z", "updatedAt": "2020-02-03T12:30:33.543Z", "commentCount": 478, "likeCount": 229, "withNickname": false, "tags": [], "topics": ["小隻馬", "騷貨", "小母狗"], "meta": {"layout": "classic"}, "forumName": "西斯", "forumAlias": "sex", "gender": "F", "replyTitle": null, "mediaMeta": [{"id": "a652f957-9f12-44da-9417-553bd5152739", "url": "https://megapx-assets.dcard.tw/images/6b6d263c-294e-45b7-b9e3-d76c05db77ea/640.jpeg", "normalizedUrl": "https://megapx-assets.dcard.tw/images/6b6d263c-294e-45b7-b9e3-d76c05db77ea/640.jpeg", "thumbnail": "https://megapx-assets.dcard.tw/images/6b6d263c-294e-45b7-b9e3-d76c05db77ea/640.jpeg", "type": "image/thumbnail", "tags": ["NO_NEED_ANNOTATED"], "createdAt": "2020-02-03T12:29:06.011Z", "updatedAt": "2020-02-03T12:30:33.543Z", "width": 480, "height": 640}, {"id": "a652f957-9f12-44da-9417-553bd5152739", "url": "https://megapx-assets.dcard.tw/images/6b6d263c-294e-45b7-b9e3-d76c05db77ea/1280.jpeg", "normalizedUrl": "https://megapx.dcard.tw/v1/images/6b6d263c-294e-45b7-b9e3-d76c05db77ea", "thumbnail": "https://megapx-assets.dcard.tw/images/6b6d263c-294e-45b7-b9e3-d76c05db77ea/640.jpeg", "type": "image/megapx", "tags": ["NO_NEED_ANNOTATED"], "createdAt": "2020-02-03T12:29:06.011Z", "updatedAt": "2020-02-03T12:30:33.543Z", "width": 1500, "height": 2000}, {"id": "3e259bdd-5776-402f-9ce5-aa5197091c13", "url": "https://megapx-assets.dcard.tw/images/3e64c614-d22d-4033-95af-4954065c6032/1280.jpeg", "normalizedUrl": "https://megapx.dcard.tw/v1/images/3e64c614-d22d-4033-95af-4954065c6032", "thumbnail": "https://megapx-assets.dcard.tw/images/3e64c614-d22d-4033-95af-4954065c6032/640.jpeg", "type": "image/megapx", "tags": ["NO_NEED_ANNOTATED"], "createdAt": "2020-02-03T12:29:06.011Z", "updatedAt": "2020-02-03T12:30:33.543Z", "width": 1500, "height": 2000}], "reactions": [{"id": "286f599c-f86a-4932-82f0-f5a06f1eca03", "count": 229}], "hidden": false, "customStyle": null, "isSuspiciousAccount": false, "layout": "classic", "withImages": true, "withVideos": false, "media": [{"url": "https://megapx-assets.dcard.tw/images/6b6d263c-294e-45b7-b9e3-d76c05db77ea/1280.jpeg"}, {"url": "https://megapx-assets.dcard.tw/images/3e64c614-d22d-4033-95af-4954065c6032/1280.jpeg"}], "reportReasonText": "", "postAvatar": ""}, {"id": 233004503, "title": "第一次穿丁字褲", "excerpt": "最近嘗試穿丁字褲，我發現真的太好穿了吧 而且穿褲子都沒有內褲痕，最喜歡另一半從後面來的時候打我的屁股了", "anonymousSchool": true, "anonymousDepartment": true, "pinned": false, "forumId": "1ce3ebca-8701-42d5-b14c-076fc629bc8e", "replyId": null, "createdAt": "2020-02-02T17:27:31.782Z", "updatedAt": "2020-02-03T17:42:11.052Z", "commentCount": 29, "likeCount": 201, "withNickname": false, "tags": [], "topics": ["丁字褲"], "meta": {"layout": "classic", "disableAdSense": true}, "forumName": "西斯", "forumAlias": "sex", "gender": "F", "replyTitle": null, "mediaMeta": [{"id": "b2718a21-8667-4403-9731-abaace4a19b2", "url": "https://i.imgur.com/0GkmwQ7l.jpg", "normalizedUrl": "https://i.imgur.com/0GkmwQ7l.jpg", "thumbnail": "https://i.imgur.com/0GkmwQ7l.jpg", "type": "image/thumbnail", "tags": ["NO_NEED_ANNOTATED"], "createdAt": "2020-02-03T17:42:11.052Z", "updatedAt": "2020-02-03T17:42:11.052Z"}, {"id": "b2718a21-8667-4403-9731-abaace4a19b2", "url": "https://i.imgur.com/0GkmwQ7.jpg", "normalizedUrl": "https://imgur.com/0GkmwQ7", "thumbnail": "https://i.imgur.com/0GkmwQ7l.jpg", "type": "image/imgur", "tags": ["NO_NEED_ANNOTATED"], "createdAt": "2020-02-03T17:42:11.052Z", "updatedAt": "2020-02-03T17:42:11.052Z"}], "reactions": [{"id": "286f599c-f86a-4932-82f0-f5a06f1eca03", "count": 199}, {"id": "e8e6bc5d-41b0-4129-b134-97507523d7ff", "count": 2}], "hidden": false, "customStyle": null, "isSuspiciousAccount": false, "layout": "classic", "withImages": true, "withVideos": false, "media": [{"url": "https://i.imgur.com/0GkmwQ7.jpg"}], "reportReasonText": "", "postAvatar": ""}, {"id": 233010986, "title": "皮一下也開心", "excerpt": "今天跟男朋友出門，因為姨媽來所以不能壞，沒想到還是逃不過被男友咬壞的命，回家擦藥的時候痛的牙癢癢，大冬天裸睡真的會死，但穿衣服又癢到靠北……，只好來氣一下男朋友 希望他晚一點發現，隨便補一個西斯點，今", "anonymousSchool": true, "anonymousDepartment": true, "pinned": false, "forumId": "1ce3ebca-8701-42d5-b14c-076fc629bc8e", "replyId": null, "createdAt": "2020-02-03T16:40:48.549Z", "updatedAt": "2020-02-03T16:40:48.549Z", "commentCount": 141, "likeCount": 194, "withNickname": false, "tags": [], "topics": ["西斯"], "meta": {"layout": "classic"}, "forumName": "西斯", "forumAlias": "sex", "gender": "F", "replyTitle": null, "mediaMeta": [{"id": "3dbafb20-7cbe-4b05-a742-ba1dd84faa2f", "url": "https://i.imgur.com/gkVwh3Ul.jpg", "normalizedUrl": "https://i.imgur.com/gkVwh3Ul.jpg", "thumbnail": "https://i.imgur.com/gkVwh3Ul.jpg", "type": "image/thumbnail", "tags": ["NO_NEED_ANNOTATED"], "createdAt": "2020-02-03T16:40:48.549Z", "updatedAt": "2020-02-04T03:46:11.157Z"}, {"id": "3dbafb20-7cbe-4b05-a742-ba1dd84faa2f", "url": "https://i.imgur.com/gkVwh3U.jpg", "normalizedUrl": "https://imgur.com/gkVwh3U", "thumbnail": "https://i.imgur.com/gkVwh3Ul.jpg", "type": "image/imgur", "tags": ["NO_NEED_ANNOTATED"], "createdAt": "2020-02-03T16:40:48.549Z", "updatedAt": "2020-02-04T03:46:11.157Z"}, {"id": "c3361d27-09a1-4aaa-8f7d-8f285ed079ec", "url": "https://i.imgur.com/HP7vnjM.jpg", "normalizedUrl": "https://imgur.com/HP7vnjM", "thumbnail": "https://i.imgur.com/HP7vnjMl.jpg", "type": "image/imgur", "tags": ["NO_NEED_ANNOTATED"], "createdAt": "2020-02-03T16:40:48.549Z", "updatedAt": "2020-02-04T03:46:11.157Z"}], "reactions": [{"id": "286f599c-f86a-4932-82f0-f5a06f1eca03", "count": 194}], "hidden": false, "customStyle": null, "isSuspiciousAccount": false, "layout": "classic", "withImages": true, "withVideos": false, "media": [{"url": "https://i.imgur.com/gkVwh3U.jpg"}, {"url": "https://i.imgur.com/HP7vnjM.jpg"}], "reportReasonText": "", "postAvatar": ""}, {"id": 233011695, "title": "#影 #圖 女友夜店完都像在撿屍🧟‍♀️", "excerpt": "#影 #圖 北投溫泉啪️，出了社會後就真的很少有機會去夜店，我跟女友就想說不然我們兩個趁假日也來去玩玩，每次去完都是扛著她回家，不然就是吐在車上，真的很。。。趴踢結束後當然都要來一炮，每次都是體驗撿屍", "anonymousSchool": true, "anonymousDepartment": true, "pinned": false, "forumId": "1ce3ebca-8701-42d5-b14c-076fc629bc8e", "replyId": null, "createdAt": "2020-02-03T18:43:59.283Z", "updatedAt": "2020-02-03T19:05:59.200Z", "commentCount": 28, "likeCount": 177, "withNickname": false, "tags": [], "topics": ["JIZZER"], "meta": {"layout": "classic"}, "forumName": "西斯", "forumAlias": "sex", "gender": "M", "replyTitle": null, "mediaMeta": [{"id": "a24e6353-61a6-4aa2-a346-8d314b4f4648", "url": "https://megapx-assets.dcard.tw/images/db21659f-4972-4e1c-8e88-9e5c9b193917/640.jpeg", "normalizedUrl": "https://megapx-assets.dcard.tw/images/db21659f-4972-4e1c-8e88-9e5c9b193917/640.jpeg", "thumbnail": "https://megapx-assets.dcard.tw/images/db21659f-4972-4e1c-8e88-9e5c9b193917/640.jpeg", "type": "image/thumbnail", "tags": ["NO_NEED_ANNOTATED"], "createdAt": "2020-02-03T18:43:59.283Z", "updatedAt": "2020-02-03T19:05:59.200Z", "width": 640, "height": 480}, {"id": "a24e6353-61a6-4aa2-a346-8d314b4f4648", "url": "https://megapx-assets.dcard.tw/images/db21659f-4972-4e1c-8e88-9e5c9b193917/1280.jpeg", "normalizedUrl": "https://megapx.dcard.tw/v1/images/db21659f-4972-4e1c-8e88-9e5c9b193917", "thumbnail": "https://megapx-assets.dcard.tw/images/db21659f-4972-4e1c-8e88-9e5c9b193917/640.jpeg", "type": "image/megapx", "tags": ["NO_NEED_ANNOTATED"], "createdAt": "2020-02-03T18:43:59.283Z", "updatedAt": "2020-02-03T19:05:59.200Z", "width": 2000, "height": 1500}], "reactions": [{"id": "286f599c-f86a-4932-82f0-f5a06f1eca03", "count": 176}, {"id": "e8e6bc5d-41b0-4129-b134-97507523d7ff", "count": 1}], "hidden": false, "customStyle": null, "isSuspiciousAccount": false, "layout": "classic", "withImages": true, "withVideos": false, "media": [{"url": "https://megapx-assets.dcard.tw/images/db21659f-4972-4e1c-8e88-9e5c9b193917/1280.jpeg"}], "reportReasonText": "", "postAvatar": ""}, {"id": 233008093, "title": "#影 流浪的狗狗", "excerpt": "最近慾望很大一直偷偷的摸摸，第一次錄玩玩具的樣子有人要看嗎？之前也只給主人看過人家玩玩具，反正現在沒人管，自己玩到開心，順利戴戴狗鏈自己過癮一下，話說板上的大家穴穴都很粉嫩，我的好像沒有，有點難過，知", "anonymousSchool": true, "anonymousDepartment": true, "pinned": false, "forumId": "1ce3ebca-8701-42d5-b14c-076fc629bc8e", "replyId": 232964427, "createdAt": "2020-02-03T10:13:49.812Z", "updatedAt": "2020-02-03T10:18:58.139Z", "commentCount": 83, "likeCount": 162, "withNickname": false, "tags": [], "topics": ["西斯", "BDSM"], "meta": {"layout": "classic"}, "forumName": "西斯", "forumAlias": "sex", "gender": "F", "replyTitle": "#圖 被棄養的狗狗", "mediaMeta": [{"id": "0a1f522e-8664-4b7e-9201-7f4b73335465", "url": "https://i.imgur.com/fmBBs4hl.jpg", "normalizedUrl": "https://i.imgur.com/fmBBs4hl.jpg", "thumbnail": "https://i.imgur.com/fmBBs4hl.jpg", "type": "image/thumbnail", "tags": ["NO_NEED_ANNOTATED"], "createdAt": "2020-02-03T10:13:49.812Z", "updatedAt": "2020-02-03T10:18:58.139Z"}, {"id": "0a1f522e-8664-4b7e-9201-7f4b73335465", "url": "https://i.imgur.com/fmBBs4h.jpg", "normalizedUrl": "https://imgur.com/fmBBs4h", "thumbnail": "https://i.imgur.com/fmBBs4hl.jpg", "type": "image/imgur", "tags": ["NO_NEED_ANNOTATED"], "createdAt": "2020-02-03T10:13:49.812Z", "updatedAt": "2020-02-03T10:18:58.139Z"}, {"id": "76d35f41-94a5-480d-a44e-d3cd60811395", "url": "https://i.imgur.com/GfpUqgT.jpg", "normalizedUrl": "https://imgur.com/GfpUqgT", "thumbnail": "https://i.imgur.com/GfpUqgTl.jpg", "type": "image/imgur", "tags": ["NO_NEED_ANNOTATED"], "createdAt": "2020-02-03T10:13:49.812Z", "updatedAt": "2020-02-03T10:18:58.139Z"}, {"id": "f9589c3b-7363-4ba1-b961-78b8d0023f98", "url": "https://i.imgur.com/E3s3v3i.jpg", "normalizedUrl": "https://imgur.com/E3s3v3i", "thumbnail": "https://i.imgur.com/E3s3v3il.jpg", "type": "image/imgur", "tags": ["NO_NEED_ANNOTATED"], "createdAt": "2020-02-03T10:13:49.812Z", "updatedAt": "2020-02-03T10:18:58.139Z"}], "reactions": [{"id": "286f599c-f86a-4932-82f0-f5a06f1eca03", "count": 162}], "hidden": false, "customStyle": null, "isSuspiciousAccount": false, "layout": "classic", "withImages": true, "withVideos": false, "media": [{"url": "https://i.imgur.com/fmBBs4h.jpg"}, {"url": "https://i.imgur.com/GfpUqgT.jpg"}, {"url": "https://i.imgur.com/E3s3v3i.jpg"}], "reportReasonText": "", "postAvatar": ""}, {"id": 233006470, "title": "#影 女友想被意淫。來給建議。", "excerpt": "最近跟女友商量，慢慢開發中。女友説想從發照片影片開始。徵求下各位30cm、E cup…，看看大家想看什麼，歡迎大家幫忙評論，覺得好的就發上來給大家看看。後續第一彈：女友看了評論很興奮哦，卡了一段影片來", "anonymousSchool": true, "anonymousDepartment": true, "pinned": false, "forumId": "1ce3ebca-8701-42d5-b14c-076fc629bc8e", "replyId": null, "createdAt": "2020-02-03T05:53:33.576Z", "updatedAt": "2020-02-03T15:38:43.716Z", "commentCount": 143, "likeCount": 156, "withNickname": false, "tags": ["HIDE_THUMBNAIL"], "topics": ["SEX"], "meta": {"layout": "classic", "disableAdSense": true}, "forumName": "西斯", "forumAlias": "sex", "gender": "M", "replyTitle": null, "mediaMeta": [], "reactions": [{"id": "286f599c-f86a-4932-82f0-f5a06f1eca03", "count": 155}, {"id": "e8e6bc5d-41b0-4129-b134-97507523d7ff", "count": 1}], "hidden": false, "customStyle": null, "isSuspiciousAccount": false, "layout": "classic", "withImages": false, "withVideos": false, "media": [], "reportReasonText": "", "postAvatar": ""}, {"id": 233010835, "title": "｛續｝吃完麥當勞的隔天", "excerpt": "嗚嗚嗚不是學生都沒辦法回其他地方的留言，剛剛連自己的文章都突然回覆不了超奇怪的，只好重新發文了，話說昨晚又在麥當勞巧遇了昨晚的Wo友，一邊一起走回家一邊亂尷尬一陣的聊天，後來鼓起勇氣問了她昨天看到幾張", "anonymousSchool": true, "anonymousDepartment": true, "pinned": false, "forumId": "1ce3ebca-8701-42d5-b14c-076fc629bc8e", "replyId": 233000276, "createdAt": "2020-02-03T16:21:01.497Z", "updatedAt": "2020-02-03T16:21:01.497Z", "commentCount": 15, "likeCount": 151, "withNickname": false, "tags": [], "topics": [], "meta": {"layout": "classic"}, "forumName": "西斯", "forumAlias": "sex", "gender": "M", "replyTitle": "｛首發閒聊｝昨晚W的經歷（文長）", "mediaMeta": [{"id": "b7fe357d-794f-424b-bea9-5561fbd1a21f", "url": "https://megapx-assets.dcard.tw/images/ddc21e93-0f52-4ebc-b4d9-82cb2832c01f/640.jpeg", "normalizedUrl": "https://megapx-assets.dcard.tw/images/ddc21e93-0f52-4ebc-b4d9-82cb2832c01f/640.jpeg", "thumbnail": "https://megapx-assets.dcard.tw/images/ddc21e93-0f52-4ebc-b4d9-82cb2832c01f/640.jpeg", "type": "image/thumbnail", "tags": ["NO_NEED_ANNOTATED"], "createdAt": "2020-02-03T16:21:01.497Z", "updatedAt": "2020-02-03T16:21:01.497Z", "width": 481, "height": 640}, {"id": "b7fe357d-794f-424b-bea9-5561fbd1a21f", "url": "https://megapx-assets.dcard.tw/images/ddc21e93-0f52-4ebc-b4d9-82cb2832c01f/1280.jpeg", "normalizedUrl": "https://megapx.dcard.tw/v1/images/ddc21e93-0f52-4ebc-b4d9-82cb2832c01f", "thumbnail": "https://megapx-assets.dcard.tw/images/ddc21e93-0f52-4ebc-b4d9-82cb2832c01f/640.jpeg", "type": "image/megapx", "tags": ["NO_NEED_ANNOTATED"], "createdAt": "2020-02-03T16:21:01.497Z", "updatedAt": "2020-02-03T16:21:01.497Z", "width": 1503, "height": 2000}, {"id": "ba6724c1-b1b1-41fb-8877-77314d6d0664", "url": "https://megapx-assets.dcard.tw/images/5c1e5b12-d1c5-4c67-b8e5-81a86411bd3f/1280.jpeg", "normalizedUrl": "https://megapx.dcard.tw/v1/images/5c1e5b12-d1c5-4c67-b8e5-81a86411bd3f", "thumbnail": "https://megapx-assets.dcard.tw/images/5c1e5b12-d1c5-4c67-b8e5-81a86411bd3f/640.jpeg", "type": "image/megapx", "tags": ["NO_NEED_ANNOTATED"], "createdAt": "2020-02-03T16:21:01.497Z", "updatedAt": "2020-02-03T16:21:01.497Z", "width": 1108, "height": 1478}], "reactions": [{"id": "286f599c-f86a-4932-82f0-f5a06f1eca03", "count": 150}, {"id": "e8e6bc5d-41b0-4129-b134-97507523d7ff", "count": 1}], "hidden": false, "customStyle": null, "isSuspiciousAccount": false, "layout": "classic", "withImages": true, "withVideos": false, "media": [{"url": "https://megapx-assets.dcard.tw/images/ddc21e93-0f52-4ebc-b4d9-82cb2832c01f/1280.jpeg"}, {"url": "https://megapx-assets.dcard.tw/images/5c1e5b12-d1c5-4c67-b8e5-81a86411bd3f/1280.jpeg"}], "reportReasonText": "", "postAvatar": ""}, {"id": 233009228, "title": "小奶我驕傲～", "excerpt": "以前總覺得小奶很討厭，很怕跟人發生關係時被嫌棄，但自從被稱讚後越來越喜歡，而且...小奶的奶頭特別敏感...有人也是這樣嗎？附上天冷泡澡是必須的...！！！，-小內內", "anonymousSchool": true, "anonymousDepartment": true, "pinned": false, "forumId": "1ce3ebca-8701-42d5-b14c-076fc629bc8e", "replyId": null, "createdAt": "2020-02-03T13:08:05.027Z", "updatedAt": "2020-02-03T13:08:05.027Z", "commentCount": 99, "likeCount": 148, "withNickname": false, "tags": [], "topics": ["小奶", "平胸", "有推薦的小奶片片嗎", "敏感"], "meta": {"layout": "classic"}, "forumName": "西斯", "forumAlias": "sex", "gender": "F", "replyTitle": null, "mediaMeta": [{"id": "98cbae85-56ad-4618-a01d-7e0bdd77229d", "url": "https://megapx-assets.dcard.tw/images/ee670322-f70e-4fd4-bb8a-37ea8f43e972/640.jpeg", "normalizedUrl": "https://megapx-assets.dcard.tw/images/ee670322-f70e-4fd4-bb8a-37ea8f43e972/640.jpeg", "thumbnail": "https://megapx-assets.dcard.tw/images/ee670322-f70e-4fd4-bb8a-37ea8f43e972/640.jpeg", "type": "image/thumbnail", "tags": [], "createdAt": "2020-02-03T13:08:05.027Z", "updatedAt": "2020-02-03T13:08:05.027Z", "width": 640, "height": 480}, {"id": "98cbae85-56ad-4618-a01d-7e0bdd77229d", "url": "https://megapx-assets.dcard.tw/images/ee670322-f70e-4fd4-bb8a-37ea8f43e972/1280.jpeg", "normalizedUrl": "https://megapx.dcard.tw/v1/images/ee670322-f70e-4fd4-bb8a-37ea8f43e972", "thumbnail": "https://megapx-assets.dcard.tw/images/ee670322-f70e-4fd4-bb8a-37ea8f43e972/640.jpeg", "type": "image/megapx", "tags": [], "createdAt": "2020-02-03T13:08:05.027Z", "updatedAt": "2020-02-03T13:08:05.027Z", "width": 2000, "height": 1500}, {"id": "80425838-4147-4ecc-aa75-4e2ea1f86362", "url": "https://megapx-assets.dcard.tw/images/1f561632-3a15-456a-b092-d0e91841ed08/1280.jpeg", "normalizedUrl": "https://megapx.dcard.tw/v1/images/1f561632-3a15-456a-b092-d0e91841ed08", "thumbnail": "https://megapx-assets.dcard.tw/images/1f561632-3a15-456a-b092-d0e91841ed08/640.jpeg", "type": "image/megapx", "tags": [], "createdAt": "2020-02-03T13:08:05.027Z", "updatedAt": "2020-02-03T13:08:05.027Z", "width": 2000, "height": 2000}, {"id": "f5322789-d274-4d11-a26e-0ffe054f841b", "url": "https://megapx-assets.dcard.tw/images/92ec77aa-be33-458b-9d0f-7cd6d227f4e3/1280.jpeg", "normalizedUrl": "https://megapx.dcard.tw/v1/images/92ec77aa-be33-458b-9d0f-7cd6d227f4e3", "thumbnail": "https://megapx-assets.dcard.tw/images/92ec77aa-be33-458b-9d0f-7cd6d227f4e3/640.jpeg", "type": "image/megapx", "tags": [], "createdAt": "2020-02-03T13:08:05.027Z", "updatedAt": "2020-02-03T13:08:05.027Z", "width": 2000, "height": 2000}, {"id": "901cc85b-fc95-42e6-8021-33c15c0ca94f", "url": "https://megapx-assets.dcard.tw/images/238cb2b3-7256-4f29-a1d4-f58210db9574/1280.jpeg", "normalizedUrl": "https://megapx.dcard.tw/v1/images/238cb2b3-7256-4f29-a1d4-f58210db9574", "thumbnail": "https://megapx-assets.dcard.tw/images/238cb2b3-7256-4f29-a1d4-f58210db9574/640.jpeg", "type": "image/megapx", "tags": [], "createdAt": "2020-02-03T13:08:05.027Z", "updatedAt": "2020-02-03T13:08:05.027Z", "width": 1080, "height": 1440}], "reactions": [{"id": "286f599c-f86a-4932-82f0-f5a06f1eca03", "count": 148}], "hidden": false, "customStyle": null, "isSuspiciousAccount": false, "layout": "classic", "withImages": true, "withVideos": false, "media": [{"url": "https://megapx-assets.dcard.tw/images/ee670322-f70e-4fd4-bb8a-37ea8f43e972/1280.jpeg"}, {"url": "https://megapx-assets.dcard.tw/images/1f561632-3a15-456a-b092-d0e91841ed08/1280.jpeg"}, {"url": "https://megapx-assets.dcard.tw/images/92ec77aa-be33-458b-9d0f-7cd6d227f4e3/1280.jpeg"}, {"url": "https://megapx-assets.dcard.tw/images/238cb2b3-7256-4f29-a1d4-f58210db9574/1280.jpeg"}], "reportReasonText": "", "postAvatar": ""}, {"id": 233004749, "title": "🤫", "excerpt": "冷冷的天 光溜溜的窩在被子裡最暖和了️，2020/0203", "anonymousSchool": true, "anonymousDepartment": true, "pinned": false, "forumId": "1ce3ebca-8701-42d5-b14c-076fc629bc8e", "replyId": null, "createdAt": "2020-02-02T18:17:16.668Z", "updatedAt": "2020-02-03T15:00:49.332Z", "commentCount": 60, "likeCount": 145, "withNickname": false, "tags": [], "topics": [], "meta": {"layout": "classic", "disableAdSense": true}, "forumName": "西斯", "forumAlias": "sex", "gender": "F", "replyTitle": null, "mediaMeta": [{"id": "3cb3039f-99ba-4fd2-bdcc-1ffd4dd71029", "url": "https://megapx-assets.dcard.tw/images/562f3588-d330-4b84-ba84-01e0f7abcbc1/640.jpeg", "normalizedUrl": "https://megapx-assets.dcard.tw/images/562f3588-d330-4b84-ba84-01e0f7abcbc1/640.jpeg", "thumbnail": "https://megapx-assets.dcard.tw/images/562f3588-d330-4b84-ba84-01e0f7abcbc1/640.jpeg", "type": "image/thumbnail", "tags": ["NO_NEED_ANNOTATED"], "createdAt": "2020-02-02T18:17:16.668Z", "updatedAt": "2020-02-03T15:00:49.332Z", "width": 640, "height": 480}, {"id": "3cb3039f-99ba-4fd2-bdcc-1ffd4dd71029", "url": "https://megapx-assets.dcard.tw/images/562f3588-d330-4b84-ba84-01e0f7abcbc1/1280.jpeg", "normalizedUrl": "https://megapx.dcard.tw/v1/images/562f3588-d330-4b84-ba84-01e0f7abcbc1", "thumbnail": "https://megapx-assets.dcard.tw/images/562f3588-d330-4b84-ba84-01e0f7abcbc1/640.jpeg", "type": "image/megapx", "tags": ["NO_NEED_ANNOTATED"], "createdAt": "2020-02-02T18:17:16.668Z", "updatedAt": "2020-02-03T15:00:49.332Z", "width": 2000, "height": 1500}], "reactions": [{"id": "286f599c-f86a-4932-82f0-f5a06f1eca03", "count": 145}], "hidden": false, "customStyle": null, "isSuspiciousAccount": false, "layout": "classic", "withImages": true, "withVideos": false, "media": [{"url": "https://megapx-assets.dcard.tw/images/562f3588-d330-4b84-ba84-01e0f7abcbc1/1280.jpeg"}], "reportReasonText": "", "postAvatar": ""}, {"id": 233007072, "title": "#圖 F奶超火辣TRX健身教練，大膽露出半邊豪乳", "excerpt": "今天分享的是擁有F奶健身教練西西，除了F奶外，更有健身出來的翹屁股，直播、IG的尺度也都讓人心癢癢，圖轉自西西IG：我有時候會看她直播尻尻，好奇有人也會看直播尻的嗎？", "anonymousSchool": false, "anonymousDepartment": true, "pinned": false, "forumId": "1ce3ebca-8701-42d5-b14c-076fc629bc8e", "replyId": null, "createdAt": "2020-02-03T08:01:20.578Z", "updatedAt": "2020-02-03T08:01:20.578Z", "commentCount": 18, "likeCount": 136, "withNickname": false, "tags": [], "topics": ["直播尻尻", "最喜歡這種半邊側乳"], "meta": {"layout": "classic"}, "forumName": "西斯", "forumAlias": "sex", "gender": "M", "school": "致理科技大學", "replyTitle": null, "mediaMeta": [{"id": "861ede4a-b96b-4cf3-b28d-7782c7bc2f85", "url": "https://i.imgur.com/zLELV7Rl.jpg", "normalizedUrl": "https://i.imgur.com/zLELV7Rl.jpg", "thumbnail": "https://i.imgur.com/zLELV7Rl.jpg", "type": "image/thumbnail", "tags": ["NO_NEED_ANNOTATED"], "createdAt": "2020-02-03T08:01:20.578Z", "updatedAt": "2020-02-03T08:01:20.578Z"}, {"id": "861ede4a-b96b-4cf3-b28d-7782c7bc2f85", "url": "http://i.imgur.com/zLELV7R.jpg", "normalizedUrl": "https://imgur.com/zLELV7R", "thumbnail": "https://i.imgur.com/zLELV7Rl.jpg", "type": "image/imgur", "tags": ["NO_NEED_ANNOTATED"], "createdAt": "2020-02-03T08:01:20.578Z", "updatedAt": "2020-02-03T08:01:20.578Z"}], "reactions": [{"id": "286f599c-f86a-4932-82f0-f5a06f1eca03", "count": 135}, {"id": "e8e6bc5d-41b0-4129-b134-97507523d7ff", "count": 1}], "hidden": false, "customStyle": null, "isSuspiciousAccount": false, "layout": "classic", "withImages": true, "withVideos": false, "media": [{"url": "http://i.imgur.com/zLELV7R.jpg"}], "reportReasonText": "", "postAvatar": ""}, {"id": 233011227, "title": "南半球分享", "excerpt": "看大家都在曬南半球，但姐的南半球沒什麼肉 來獻獻醜，#158小依奶", "anonymousSchool": true, "anonymousDepartment": true, "pinned": false, "forumId": "1ce3ebca-8701-42d5-b14c-076fc629bc8e", "replyId": null, "createdAt": "2020-02-03T17:12:05.940Z", "updatedAt": "2020-02-03T17:12:05.940Z", "commentCount": 173, "likeCount": 131, "withNickname": false, "tags": [], "topics": [], "meta": {"layout": "classic"}, "forumName": "西斯", "forumAlias": "sex", "gender": "F", "replyTitle": null, "mediaMeta": [{"id": "9f32378a-06f1-4771-b568-33682f45d234", "url": "https://megapx-assets.dcard.tw/images/e8d7c514-9282-4793-8149-b6822f134fdf/640.jpeg", "normalizedUrl": "https://megapx-assets.dcard.tw/images/e8d7c514-9282-4793-8149-b6822f134fdf/640.jpeg", "thumbnail": "https://megapx-assets.dcard.tw/images/e8d7c514-9282-4793-8149-b6822f134fdf/640.jpeg", "type": "image/thumbnail", "tags": ["NO_NEED_ANNOTATED"], "createdAt": "2020-02-03T17:12:05.940Z", "updatedAt": "2020-02-03T17:12:05.940Z", "width": 608, "height": 640}, {"id": "9f32378a-06f1-4771-b568-33682f45d234", "url": "https://megapx-assets.dcard.tw/images/e8d7c514-9282-4793-8149-b6822f134fdf/1280.jpeg", "normalizedUrl": "https://megapx.dcard.tw/v1/images/e8d7c514-9282-4793-8149-b6822f134fdf", "thumbnail": "https://megapx-assets.dcard.tw/images/e8d7c514-9282-4793-8149-b6822f134fdf/640.jpeg", "type": "image/megapx", "tags": ["NO_NEED_ANNOTATED"], "createdAt": "2020-02-03T17:12:05.940Z", "updatedAt": "2020-02-03T17:12:05.940Z", "width": 1899, "height": 2000}, {"id": "17f05ace-012f-4b31-a37c-189691d9426e", "url": "https://megapx-assets.dcard.tw/images/3f180d5a-e36c-481d-a1e3-51084847cc47/1280.jpeg", "normalizedUrl": "https://megapx.dcard.tw/v1/images/3f180d5a-e36c-481d-a1e3-51084847cc47", "thumbnail": "https://megapx-assets.dcard.tw/images/3f180d5a-e36c-481d-a1e3-51084847cc47/640.jpeg", "type": "image/megapx", "tags": ["NO_NEED_ANNOTATED"], "createdAt": "2020-02-03T17:12:05.940Z", "updatedAt": "2020-02-03T17:12:05.940Z", "width": 2000, "height": 1773}, {"id": "a3984dd6-24a9-4288-bcce-ab4a47de2ee4", "url": "https://megapx-assets.dcard.tw/images/6732eb60-1971-4424-9613-308ad8f9db15/1280.jpeg", "normalizedUrl": "https://megapx.dcard.tw/v1/images/6732eb60-1971-4424-9613-308ad8f9db15", "thumbnail": "https://megapx-assets.dcard.tw/images/6732eb60-1971-4424-9613-308ad8f9db15/640.jpeg", "type": "image/megapx", "tags": ["NO_NEED_ANNOTATED"], "createdAt": "2020-02-03T17:12:05.940Z", "updatedAt": "2020-02-03T17:12:05.940Z", "width": 1498, "height": 2000}], "reactions": [{"id": "286f599c-f86a-4932-82f0-f5a06f1eca03", "count": 131}], "hidden": false, "customStyle": null, "isSuspiciousAccount": false, "layout": "classic", "withImages": true, "withVideos": false, "media": [{"url": "https://megapx-assets.dcard.tw/images/e8d7c514-9282-4793-8149-b6822f134fdf/1280.jpeg"}, {"url": "https://megapx-assets.dcard.tw/images/3f180d5a-e36c-481d-a1e3-51084847cc47/1280.jpeg"}, {"url": "https://megapx-assets.dcard.tw/images/6732eb60-1971-4424-9613-308ad8f9db15/1280.jpeg"}], "reportReasonText": "", "postAvatar": ""}, {"id": 233009249, "title": "默默出現", "excerpt": "Hi 這裡是小虎，太久沒出現了 看到有人點名我啦，默默的浮起來一下，對了對了 本虎：158/58 肉肉的 不喜歡別進來喔，最近放寒假在家裡真的好無聊阿，也不知道要幹嘛，前幾天跟閨蜜上北部玩，決定偷偷挑", "anonymousSchool": true, "anonymousDepartment": true, "pinned": false, "forumId": "1ce3ebca-8701-42d5-b14c-076fc629bc8e", "replyId": null, "createdAt": "2020-02-03T13:11:06.554Z", "updatedAt": "2020-02-03T13:11:37.108Z", "commentCount": 52, "likeCount": 128, "withNickname": false, "tags": [], "topics": ["西斯"], "meta": {"layout": "classic"}, "forumName": "西斯", "forumAlias": "sex", "gender": "F", "replyTitle": null, "mediaMeta": [{"id": "061d3af4-2b3c-4bf4-9534-458fe6acc4ae", "url": "https://i.imgur.com/W6kTDrYl.jpg", "normalizedUrl": "https://i.imgur.com/W6kTDrYl.jpg", "thumbnail": "https://i.imgur.com/W6kTDrYl.jpg", "type": "image/thumbnail", "tags": ["NO_NEED_ANNOTATED"], "createdAt": "2020-02-03T13:11:06.554Z", "updatedAt": "2020-02-03T13:11:37.108Z"}, {"id": "061d3af4-2b3c-4bf4-9534-458fe6acc4ae", "url": "https://i.imgur.com/W6kTDrY.jpg", "normalizedUrl": "https://imgur.com/W6kTDrY", "thumbnail": "https://i.imgur.com/W6kTDrYl.jpg", "type": "image/imgur", "tags": ["NO_NEED_ANNOTATED"], "createdAt": "2020-02-03T13:11:06.554Z", "updatedAt": "2020-02-03T13:11:37.108Z"}, {"id": "83f7be02-0462-4f73-a9b8-46f396acb0f1", "url": "https://i.imgur.com/OlYnveh.jpg", "normalizedUrl": "https://imgur.com/OlYnveh", "thumbnail": "https://i.imgur.com/OlYnvehl.jpg", "type": "image/imgur", "tags": ["NO_NEED_ANNOTATED"], "createdAt": "2020-02-03T13:11:06.554Z", "updatedAt": "2020-02-03T13:11:37.108Z"}, {"id": "e6bf2a2c-d4d1-47c9-8190-61e471af3adc", "url": "https://i.imgur.com/KfrgMOZ.jpg", "normalizedUrl": "https://imgur.com/KfrgMOZ", "thumbnail": "https://i.imgur.com/KfrgMOZl.jpg", "type": "image/imgur", "tags": ["NO_NEED_ANNOTATED"], "createdAt": "2020-02-03T13:11:06.554Z", "updatedAt": "2020-02-03T13:11:37.108Z"}, {"id": "3d264552-da5d-4ed3-a50a-da8495040be7", "url": "https://i.imgur.com/71XIPgA.jpg", "normalizedUrl": "https://imgur.com/71XIPgA", "thumbnail": "https://i.imgur.com/71XIPgAl.jpg", "type": "image/imgur", "tags": ["NO_NEED_ANNOTATED"], "createdAt": "2020-02-03T13:11:06.554Z", "updatedAt": "2020-02-03T13:11:37.108Z"}, {"id": "99fa0509-c742-42c7-bda3-1384b9e526c7", "url": "https://i.imgur.com/7VdwwGq.jpg", "normalizedUrl": "https://imgur.com/7VdwwGq", "thumbnail": "https://i.imgur.com/7VdwwGql.jpg", "type": "image/imgur", "tags": ["NO_NEED_ANNOTATED"], "createdAt": "2020-02-03T13:11:06.554Z", "updatedAt": "2020-02-03T13:11:37.108Z"}], "reactions": [{"id": "286f599c-f86a-4932-82f0-f5a06f1eca03", "count": 127}, {"id": "e8e6bc5d-41b0-4129-b134-97507523d7ff", "count": 1}], "hidden": false, "customStyle": null, "isSuspiciousAccount": false, "layout": "classic", "withImages": true, "withVideos": false, "media": [{"url": "https://i.imgur.com/W6kTDrY.jpg"}, {"url": "https://i.imgur.com/OlYnveh.jpg"}, {"url": "https://i.imgur.com/KfrgMOZ.jpg"}, {"url": "https://i.imgur.com/71XIPgA.jpg"}, {"url": "https://i.imgur.com/7VdwwGq.jpg"}], "reportReasonText": "", "postAvatar": ""}, {"id": 233009210, "title": "#圖 被綁起來大力的幹", "excerpt": "我和男友訂了間旅館，洗完澡後，我偷偷換上了新買的情趣內衣，是他最喜歡的款式，可以露出我的屁屁的蕾絲款，男友看到之後非常興奮，他用領帶把我的手綁起來，這時我已經濕到不行，然後他瘋狂的揉我的奶，再掰開小褲", "anonymousSchool": true, "anonymousDepartment": true, "pinned": false, "forumId": "1ce3ebca-8701-42d5-b14c-076fc629bc8e", "replyId": null, "createdAt": "2020-02-03T13:05:28.308Z", "updatedAt": "2020-02-03T13:42:08.968Z", "commentCount": 10, "likeCount": 127, "withNickname": false, "tags": [], "topics": ["SEX", "蕾絲內衣", "屁股"], "meta": {"layout": "classic"}, "forumName": "西斯", "forumAlias": "sex", "gender": "F", "replyTitle": null, "mediaMeta": [{"id": "9c2e4f35-38ac-4b38-afdb-392f780fbcd5", "url": "https://megapx-assets.dcard.tw/images/2ef00fc3-0471-4b75-937a-7be388e763f6/640.jpeg", "normalizedUrl": "https://megapx-assets.dcard.tw/images/2ef00fc3-0471-4b75-937a-7be388e763f6/640.jpeg", "thumbnail": "https://megapx-assets.dcard.tw/images/2ef00fc3-0471-4b75-937a-7be388e763f6/640.jpeg", "type": "image/thumbnail", "tags": [], "createdAt": "2020-02-03T13:42:08.968Z", "updatedAt": "2020-02-03T13:42:08.968Z", "width": 361, "height": 640}, {"id": "9c2e4f35-38ac-4b38-afdb-392f780fbcd5", "url": "https://megapx-assets.dcard.tw/images/2ef00fc3-0471-4b75-937a-7be388e763f6/1280.jpeg", "normalizedUrl": "https://megapx.dcard.tw/v1/images/2ef00fc3-0471-4b75-937a-7be388e763f6", "thumbnail": "https://megapx-assets.dcard.tw/images/2ef00fc3-0471-4b75-937a-7be388e763f6/640.jpeg", "type": "image/megapx", "tags": [], "createdAt": "2020-02-03T13:42:08.968Z", "updatedAt": "2020-02-03T13:42:08.968Z", "width": 828, "height": 1467}, {"id": "67979f7e-4dcf-444e-a6ef-bdcf21be9b8f", "url": "https://megapx-assets.dcard.tw/images/c7a528b9-03f6-46c1-b756-4cfc7fc8cddf/full.jpeg", "normalizedUrl": "https://megapx.dcard.tw/v1/images/c7a528b9-03f6-46c1-b756-4cfc7fc8cddf", "thumbnail": "https://megapx-assets.dcard.tw/images/c7a528b9-03f6-46c1-b756-4cfc7fc8cddf/640.jpeg", "type": "image/megapx", "tags": ["NO_NEED_ANNOTATED"], "createdAt": "2020-02-03T13:05:28.308Z", "updatedAt": "2020-02-03T13:42:08.968Z", "width": 827, "height": 1021}, {"id": "c2063526-4ef4-4117-9cdc-5fa357b65366", "url": "https://megapx-assets.dcard.tw/images/0f22f52e-a29e-414c-9c7d-e9bdb54a86fb/1280.jpeg", "normalizedUrl": "https://megapx.dcard.tw/v1/images/0f22f52e-a29e-414c-9c7d-e9bdb54a86fb", "thumbnail": "https://megapx-assets.dcard.tw/images/0f22f52e-a29e-414c-9c7d-e9bdb54a86fb/640.jpeg", "type": "image/megapx", "tags": ["NO_NEED_ANNOTATED"], "createdAt": "2020-02-03T13:05:28.308Z", "updatedAt": "2020-02-03T13:42:08.968Z", "width": 1467, "height": 2000}], "reactions": [{"id": "286f599c-f86a-4932-82f0-f5a06f1eca03", "count": 127}], "hidden": false, "customStyle": null, "isSuspiciousAccount": false, "layout": "classic", "withImages": true, "withVideos": false, "media": [{"url": "https://megapx-assets.dcard.tw/images/2ef00fc3-0471-4b75-937a-7be388e763f6/1280.jpeg"}, {"url": "https://megapx-assets.dcard.tw/images/c7a528b9-03f6-46c1-b756-4cfc7fc8cddf/full.jpeg"}, {"url": "https://megapx-assets.dcard.tw/images/0f22f52e-a29e-414c-9c7d-e9bdb54a86fb/1280.jpeg"}], "reportReasonText": "", "postAvatar": ""}, {"id": 233010833, "title": "綠帽夫喜歡婆被意淫", "excerpt": "婆之前懷孕拍的孕照~~，如果大家喜歡的話，再分享更多婆的照給大家欣賞囉~~", "anonymousSchool": true, "anonymousDepartment": true, "pinned": false, "forumId": "1ce3ebca-8701-42d5-b14c-076fc629bc8e", "replyId": null, "createdAt": "2020-02-03T16:20:41.133Z", "updatedAt": "2020-02-03T17:15:46.858Z", "commentCount": 57, "likeCount": 126, "withNickname": false, "tags": [], "topics": ["NTR"], "meta": {"layout": "classic"}, "forumName": "西斯", "forumAlias": "sex", "gender": "M", "replyTitle": null, "mediaMeta": [{"id": "7031b690-4b6b-4645-a913-147de703eb8a", "url": "https://i.imgur.com/YINF85Xl.jpg", "normalizedUrl": "https://i.imgur.com/YINF85Xl.jpg", "thumbnail": "https://i.imgur.com/YINF85Xl.jpg", "type": "image/thumbnail", "tags": ["NO_NEED_ANNOTATED"], "createdAt": "2020-02-03T16:20:41.133Z", "updatedAt": "2020-02-03T17:15:46.858Z"}, {"id": "7031b690-4b6b-4645-a913-147de703eb8a", "url": "http://i.imgur.com/YINF85X.jpg", "normalizedUrl": "https://imgur.com/YINF85X", "thumbnail": "https://i.imgur.com/YINF85Xl.jpg", "type": "image/imgur", "tags": ["NO_NEED_ANNOTATED"], "createdAt": "2020-02-03T16:20:41.133Z", "updatedAt": "2020-02-03T17:15:46.858Z"}], "reactions": [{"id": "286f599c-f86a-4932-82f0-f5a06f1eca03", "count": 126}], "hidden": false, "customStyle": null, "isSuspiciousAccount": false, "layout": "classic", "withImages": true, "withVideos": false, "media": [{"url": "http://i.imgur.com/YINF85X.jpg"}], "reportReasonText": "", "postAvatar": ""}, {"id": 233010819, "title": "戴套會變軟？", "excerpt": "最近戴套打砲都會軟掉，一拿掉就超硬，不知道是不是買的套套太厚，還是我出了什麼問題......", "anonymousSchool": true, "anonymousDepartment": true, "pinned": false, "forumId": "1ce3ebca-8701-42d5-b14c-076fc629bc8e", "replyId": null, "createdAt": "2020-02-03T16:19:30.694Z", "updatedAt": "2020-02-03T16:19:30.694Z", "commentCount": 26, "likeCount": 123, "withNickname": false, "tags": [], "topics": [], "meta": {"layout": "classic"}, "forumName": "西斯", "forumAlias": "sex", "gender": "M", "replyTitle": null, "mediaMeta": [{"id": "225144a8-a27c-4d1d-9fcb-0ce7dd75720d", "url": "https://megapx-assets.dcard.tw/images/ca382a2a-d03e-407b-ae4f-8356667f3c06/640.jpeg", "normalizedUrl": "https://megapx-assets.dcard.tw/images/ca382a2a-d03e-407b-ae4f-8356667f3c06/640.jpeg", "thumbnail": "https://megapx-assets.dcard.tw/images/ca382a2a-d03e-407b-ae4f-8356667f3c06/640.jpeg", "type": "image/thumbnail", "tags": ["NO_NEED_ANNOTATED"], "createdAt": "2020-02-03T16:19:30.694Z", "updatedAt": "2020-02-03T16:19:30.694Z", "width": 480, "height": 640}, {"id": "225144a8-a27c-4d1d-9fcb-0ce7dd75720d", "url": "https://megapx-assets.dcard.tw/images/ca382a2a-d03e-407b-ae4f-8356667f3c06/full.jpeg", "normalizedUrl": "https://megapx.dcard.tw/v1/images/ca382a2a-d03e-407b-ae4f-8356667f3c06", "thumbnail": "https://megapx-assets.dcard.tw/images/ca382a2a-d03e-407b-ae4f-8356667f3c06/640.jpeg", "type": "image/megapx", "tags": ["NO_NEED_ANNOTATED"], "createdAt": "2020-02-03T16:19:30.694Z", "updatedAt": "2020-02-03T16:19:30.694Z", "width": 828, "height": 1103}], "reactions": [{"id": "286f599c-f86a-4932-82f0-f5a06f1eca03", "count": 123}], "hidden": false, "customStyle": null, "isSuspiciousAccount": false, "layout": "classic", "withImages": true, "withVideos": false, "media": [{"url": "https://megapx-assets.dcard.tw/images/ca382a2a-d03e-407b-ae4f-8356667f3c06/full.jpeg"}], "reportReasonText": "", "postAvatar": ""}]