[{"id": 231104009, "title": "關於西斯文學和原西斯板的文章歸類", "excerpt": "有鑒於原本西斯板現況，想先提問小天使。以下這兩類文章該歸屬於哪個板呢？1.純文字性愛教學，像是口交教學文、69教學文、按摩教學文。2.純文字性知識文，像是BDSM類心得、避孕方式分享或者是一般性愛姿勢分享。", "anonymousSchool": true, "anonymousDepartment": true, "pinned": true, "forumId": "546b4c64-c37f-4907-adcb-cf37bda4ce8f", "replyId": 231073373, "createdAt": "2019-04-16T16:56:41.033Z", "updatedAt": "2019-07-01T06:54:43.128Z", "commentCount": 17, "likeCount": 382, "withNickname": false, "tags": ["HIDE_THUMBNAIL"], "topics": [], "meta": {"disableAdSense": true}, "forumName": "西斯文學", "forumAlias": "sex_literature", "gender": "F", "replyTitle": "西斯文學板板規", "mediaMeta": [], "reactions": [{"id": "286f599c-f86a-4932-82f0-f5a06f1eca03", "count": 380}, {"id": "e8e6bc5d-41b0-4129-b134-97507523d7ff", "count": 2}], "hidden": false, "customStyle": null, "isSuspiciousAccount": false, "layout": "classic", "withImages": false, "withVideos": false, "media": [], "reportReasonText": "", "postAvatar": ""}, {"id": 232925649, "title": "#教學 如何在手機上瀏覽此看板", "excerpt": "Hi 各位卡友，在與 Apple 及 Google 花了很多時間溝通及確認後，為了讓各位卡友未來無論何時，都能有良好的產品體驗，因此有了這一次的版本更新，希望取得規範與使用上的平衡，保證大家能享受完整", "anonymousSchool": false, "anonymousDepartment": true, "pinned": true, "forumId": "546b4c64-c37f-4907-adcb-cf37bda4ce8f", "replyId": null, "createdAt": "2020-01-20T10:18:46.370Z", "updatedAt": "2020-01-20T10:56:14.300Z", "commentCount": 0, "likeCount": 5, "withNickname": true, "tags": [], "topics": [], "meta": {"layout": "classic"}, "forumName": "西斯文學", "forumAlias": "sex_literature", "gender": "D", "school": "客服小天使", "department": "dcard_support_2", "replyTitle": null, "mediaMeta": [{"id": "36d355e7-1162-4ae9-ae75-4ccd309609e9", "url": "https://i.imgur.com/VQhfJHfl.jpg", "normalizedUrl": "https://i.imgur.com/VQhfJHfl.jpg", "thumbnail": "https://i.imgur.com/VQhfJHfl.jpg", "type": "image/thumbnail", "tags": ["NO_NEED_ANNOTATED"], "createdAt": "2020-01-20T10:18:46.370Z", "updatedAt": "2020-01-20T10:56:14.300Z"}, {"id": "36d355e7-1162-4ae9-ae75-4ccd309609e9", "url": "http://i.imgur.com/VQhfJHf.png", "normalizedUrl": "https://imgur.com/VQhfJHf", "thumbnail": "https://i.imgur.com/VQhfJHfl.jpg", "type": "image/imgur", "tags": ["NO_NEED_ANNOTATED"], "createdAt": "2020-01-20T10:18:46.370Z", "updatedAt": "2020-01-20T10:56:14.300Z"}, {"id": "dd51cdaa-bab0-4693-9971-7afab422425d", "url": "http://i.imgur.com/K4BDEsG.png", "normalizedUrl": "https://imgur.com/K4BDEsG", "thumbnail": "https://i.imgur.com/K4BDEsGl.jpg", "type": "image/imgur", "tags": ["NO_NEED_ANNOTATED"], "createdAt": "2020-01-20T10:18:46.370Z", "updatedAt": "2020-01-20T10:56:14.300Z"}, {"id": "ed19a4f1-8662-40ef-a6fa-4462f88a1f92", "url": "http://i.imgur.com/z0drHeZ.png", "normalizedUrl": "https://imgur.com/z0drHeZ", "thumbnail": "https://i.imgur.com/z0drHeZl.jpg", "type": "image/imgur", "tags": ["NO_NEED_ANNOTATED"], "createdAt": "2020-01-20T10:18:46.370Z", "updatedAt": "2020-01-20T10:56:14.300Z"}], "reactions": [{"id": "286f599c-f86a-4932-82f0-f5a06f1eca03", "count": 5}], "hidden": false, "customStyle": null, "isSuspiciousAccount": false, "layout": "classic", "withImages": true, "withVideos": false, "media": [{"url": "http://i.imgur.com/VQhfJHf.png"}, {"url": "http://i.imgur.com/K4BDEsG.png"}, {"url": "http://i.imgur.com/z0drHeZ.png"}], "reportReasonText": "", "postAvatar": ""}, {"id": 233006523, "title": "有緣無份的女孩子（4）", "excerpt": "電視發出了 電影：飢餓遊戲 的對白，而她發出陣陣嬌喘到我耳裡，她的手又被我綁了起來，而且上班穿的黑絲襪也被我撕的破破爛爛的，撕破的同時她還嘟囔著又要再買了....，：我買給妳。我把她按在窗邊，讓她看著", "anonymousSchool": true, "anonymousDepartment": true, "pinned": false, "forumId": "546b4c64-c37f-4907-adcb-cf37bda4ce8f", "replyId": 233000473, "createdAt": "2020-02-03T06:06:03.923Z", "updatedAt": "2020-02-03T06:06:03.923Z", "commentCount": 8, "likeCount": 63, "withNickname": false, "tags": [], "topics": ["低配薛之謙"], "meta": {"layout": "classic"}, "forumName": "西斯文學", "forumAlias": "sex_literature", "gender": "M", "replyTitle": "有緣無份的女孩子（3）", "mediaMeta": [{"id": "5698f7a6-84e7-4de1-9b19-4b2f17dfb3d6", "url": "https://megapx-assets.dcard.tw/images/439dcab7-8b80-471f-8cf7-4276b9a9d2e3/640.jpeg", "normalizedUrl": "https://megapx-assets.dcard.tw/images/439dcab7-8b80-471f-8cf7-4276b9a9d2e3/640.jpeg", "thumbnail": "https://megapx-assets.dcard.tw/images/439dcab7-8b80-471f-8cf7-4276b9a9d2e3/640.jpeg", "type": "image/thumbnail", "tags": ["NO_NEED_ANNOTATED"], "createdAt": "2020-02-03T06:06:03.923Z", "updatedAt": "2020-02-03T06:06:03.923Z", "width": 480, "height": 640}, {"id": "5698f7a6-84e7-4de1-9b19-4b2f17dfb3d6", "url": "https://megapx-assets.dcard.tw/images/439dcab7-8b80-471f-8cf7-4276b9a9d2e3/full.jpeg", "normalizedUrl": "https://megapx.dcard.tw/v1/images/439dcab7-8b80-471f-8cf7-4276b9a9d2e3", "thumbnail": "https://megapx-assets.dcard.tw/images/439dcab7-8b80-471f-8cf7-4276b9a9d2e3/640.jpeg", "type": "image/megapx", "tags": ["NO_NEED_ANNOTATED"], "createdAt": "2020-02-03T06:06:03.923Z", "updatedAt": "2020-02-03T06:06:03.923Z", "width": 800, "height": 1066}], "reactions": [{"id": "286f599c-f86a-4932-82f0-f5a06f1eca03", "count": 58}, {"id": "514c2569-fd53-4d9d-a415-bf0f88e7329f", "count": 5}], "hidden": false, "customStyle": null, "isSuspiciousAccount": false, "layout": "classic", "withImages": true, "withVideos": false, "media": [{"url": "https://megapx-assets.dcard.tw/images/439dcab7-8b80-471f-8cf7-4276b9a9d2e3/full.jpeg"}], "reportReasonText": "", "postAvatar": ""}, {"id": 233006077, "title": "偷嚐禁果的第一次", "excerpt": "長相清純，交友圈寡淡，是老師長輩眼中乖巧家教嚴格的孩子，大概就是別人眼中的我，但我自己一直都知道，我是一個慾望很強盛的人，自從14歲第一次偷看電視裡的成人頻道就回不去了，一兩天自慰一次，有時一天三次也", "anonymousSchool": true, "anonymousDepartment": true, "pinned": false, "forumId": "546b4c64-c37f-4907-adcb-cf37bda4ce8f", "replyId": null, "createdAt": "2020-02-03T04:23:31.451Z", "updatedAt": "2020-02-03T04:23:31.451Z", "commentCount": 5, "likeCount": 50, "withNickname": false, "tags": ["HIDE_THUMBNAIL"], "topics": ["西斯", "非創作"], "meta": {"layout": "classic"}, "forumName": "西斯文學", "forumAlias": "sex_literature", "gender": "F", "replyTitle": null, "mediaMeta": [], "reactions": [{"id": "286f599c-f86a-4932-82f0-f5a06f1eca03", "count": 50}], "hidden": false, "customStyle": null, "isSuspiciousAccount": false, "layout": "classic", "withImages": false, "withVideos": false, "media": [], "reportReasonText": "", "postAvatar": ""}, {"id": 233009818, "title": "可惜我們成了陌生人", "excerpt": "「妳未來打算結婚嗎？」「會啊」「妳會介意另一半曾有過那方面的經驗嗎？」「不會啊，我也曾有過，何況過去都過去了」「我喜歡妳，我第一次遇到跟我有相似經驗，又相同信仰，妳對我來說很珍貴，妳願意接受我嗎」--", "anonymousSchool": true, "anonymousDepartment": true, "pinned": false, "forumId": "546b4c64-c37f-4907-adcb-cf37bda4ce8f", "replyId": null, "createdAt": "2020-02-03T14:24:57.714Z", "updatedAt": "2020-02-03T17:53:04.727Z", "commentCount": 4, "likeCount": 27, "withNickname": false, "tags": [], "topics": ["西斯文學", "愛情", "心情"], "meta": {"layout": "classic"}, "forumName": "西斯文學", "forumAlias": "sex_literature", "gender": "F", "replyTitle": null, "mediaMeta": [], "reactions": [{"id": "286f599c-f86a-4932-82f0-f5a06f1eca03", "count": 27}], "hidden": false, "customStyle": null, "isSuspiciousAccount": false, "layout": "classic", "withImages": false, "withVideos": false, "media": [], "reportReasonText": "", "postAvatar": ""}, {"id": 233008942, "title": "創作團隊", "excerpt": "「 初生之犢不畏虎 」是錯的。無法印證在我身上。我太過於大意、太過於自信，以為自己能獨當一面，面對肉弱強食的現實，卻忘了，獵物畏懼的並不是眼前的我，而是我身後的那群。_ _，閒來無事的週末，最開心的就", "anonymousSchool": true, "anonymousDepartment": true, "pinned": false, "forumId": "546b4c64-c37f-4907-adcb-cf37bda4ce8f", "replyId": null, "createdAt": "2020-02-03T12:22:27.006Z", "updatedAt": "2020-02-03T12:22:47.597Z", "commentCount": 2, "likeCount": 26, "withNickname": false, "tags": ["HIDE_THUMBNAIL"], "topics": ["創作"], "meta": {"layout": "classic"}, "forumName": "西斯文學", "forumAlias": "sex_literature", "gender": "F", "replyTitle": null, "mediaMeta": [], "reactions": [{"id": "286f599c-f86a-4932-82f0-f5a06f1eca03", "count": 26}], "hidden": false, "customStyle": null, "isSuspiciousAccount": false, "layout": "classic", "withImages": false, "withVideos": false, "media": [], "reportReasonText": "", "postAvatar": ""}, {"id": 233005306, "title": "花（2）", "excerpt": "兩人一前一後離開房間，關上房門時，裡頭本該安然入睡的男人卻睜開雙眼，眼裡平靜無波，甚至帶著些狠戾。她被帶到三樓的浴室，兩人的房間都在二樓，隔壁是一些閒置的客房以及書房。每層樓都有浴室，而三樓的雖然空間", "anonymousSchool": true, "anonymousDepartment": true, "pinned": false, "forumId": "546b4c64-c37f-4907-adcb-cf37bda4ce8f", "replyId": 232981372, "createdAt": "2020-02-03T00:04:05.946Z", "updatedAt": "2020-02-03T00:04:05.946Z", "commentCount": 1, "likeCount": 20, "withNickname": false, "tags": [], "topics": ["西斯文學", "創作", "Norzon"], "meta": {"layout": "classic"}, "forumName": "西斯文學", "forumAlias": "sex_literature", "gender": "F", "replyTitle": "花（1）", "mediaMeta": [], "reactions": [{"id": "286f599c-f86a-4932-82f0-f5a06f1eca03", "count": 20}], "hidden": false, "customStyle": null, "isSuspiciousAccount": false, "layout": "classic", "withImages": false, "withVideos": false, "media": [], "reportReasonText": "", "postAvatar": ""}, {"id": 233005933, "title": "#創 性奴展覽", "excerpt": "獵奇文 慎入，若違反版規，再幫我直接刪文，謝謝。\\\\\\，走上階梯，高大而厚重的門，左右兩旁各站一位西裝筆挺的警衛。「請出示邀請函。」左手邊的警衛伸手擋去我的方向說著，右手邊的警衛則是一臉兇狠樣，彷彿要", "anonymousSchool": true, "anonymousDepartment": true, "pinned": false, "forumId": "546b4c64-c37f-4907-adcb-cf37bda4ce8f", "replyId": null, "createdAt": "2020-02-03T03:51:20.557Z", "updatedAt": "2020-02-03T03:53:14.655Z", "commentCount": 5, "likeCount": 8, "withNickname": false, "tags": ["HIDE_THUMBNAIL"], "topics": [], "meta": {"layout": "classic"}, "forumName": "西斯文學", "forumAlias": "sex_literature", "gender": "F", "replyTitle": null, "mediaMeta": [], "reactions": [{"id": "286f599c-f86a-4932-82f0-f5a06f1eca03", "count": 8}], "hidden": false, "customStyle": null, "isSuspiciousAccount": false, "layout": "classic", "withImages": false, "withVideos": false, "media": [], "reportReasonText": "", "postAvatar": ""}, {"id": 233011498, "title": "#les#創   貓與狼（4）", "excerpt": "#les#創    貓與狼（3） - Dcard X，的聲音用《》表示，的聲音用【】表示，擦乾了身體我們來到了床上，還記得之前聊到了矇眼睛的話題，妳好奇的問過我那是什麼感覺，但這種事該怎麼清楚的描述呢", "anonymousSchool": true, "anonymousDepartment": true, "pinned": false, "forumId": "546b4c64-c37f-4907-adcb-cf37bda4ce8f", "replyId": null, "createdAt": "2020-02-03T17:58:36.539Z", "updatedAt": "2020-02-03T17:58:36.539Z", "commentCount": 2, "likeCount": 6, "withNickname": false, "tags": [], "topics": ["西斯文學", "西斯創作", "西斯"], "meta": {"layout": "classic"}, "forumName": "西斯文學", "forumAlias": "sex_literature", "gender": "F", "replyTitle": null, "mediaMeta": [], "reactions": [{"id": "286f599c-f86a-4932-82f0-f5a06f1eca03", "count": 6}], "hidden": false, "customStyle": null, "isSuspiciousAccount": false, "layout": "classic", "withImages": false, "withVideos": false, "media": [], "reportReasonText": "", "postAvatar": ""}, {"id": 233006690, "title": "#創 20歲的差距", "excerpt": "一切發生在剛好18歲的那一個晚上，時間來到我生日前一天，那年我17 她37，她是我一個暗戀已久的家教老師， 在學測前的每個禮拜都會幫我補習，學測考完之後我藉著要去外縣市看大學的藉口找她出去玩， 去逛逛", "anonymousSchool": true, "anonymousDepartment": true, "pinned": false, "forumId": "546b4c64-c37f-4907-adcb-cf37bda4ce8f", "replyId": null, "createdAt": "2020-02-03T06:42:43.700Z", "updatedAt": "2020-02-03T06:42:43.700Z", "commentCount": 1, "likeCount": 5, "withNickname": false, "tags": [], "topics": ["人妻", "18歲的瞬間"], "meta": {"layout": "classic"}, "forumName": "西斯文學", "forumAlias": "sex_literature", "gender": "M", "replyTitle": null, "mediaMeta": [], "reactions": [{"id": "286f599c-f86a-4932-82f0-f5a06f1eca03", "count": 5}], "hidden": false, "customStyle": null, "isSuspiciousAccount": false, "layout": "classic", "withImages": false, "withVideos": false, "media": [], "reportReasonText": "", "postAvatar": ""}, {"id": 233012188, "title": "致80年代的我們", "excerpt": "第一章 80年的純樸，風和日麗的下午，一如往常的學校鐘聲敲著。「上課囉」：老師說著。前排同學都趴睡成一片，對於身高185的我來說顯得格外突出。逗弄著手上的遊戲機，想著下課後要去補習班的畫面，頭又些微的", "anonymousSchool": true, "anonymousDepartment": true, "pinned": false, "forumId": "546b4c64-c37f-4907-adcb-cf37bda4ce8f", "replyId": null, "createdAt": "2020-02-04T00:52:51.976Z", "updatedAt": "2020-02-04T01:36:58.972Z", "commentCount": 0, "likeCount": 4, "withNickname": false, "tags": [], "topics": ["80年代", "西斯文學", "西斯創作", "情色文學"], "meta": {"layout": "classic"}, "forumName": "西斯文學", "forumAlias": "sex_literature", "gender": "M", "replyTitle": null, "mediaMeta": [], "reactions": [{"id": "286f599c-f86a-4932-82f0-f5a06f1eca03", "count": 4}], "hidden": false, "customStyle": null, "isSuspiciousAccount": false, "layout": "classic", "withImages": false, "withVideos": false, "media": [], "reportReasonText": "", "postAvatar": ""}, {"id": 233006213, "title": "轉：說好不說再見", "excerpt": "", "anonymousSchool": true, "anonymousDepartment": true, "pinned": false, "forumId": "546b4c64-c37f-4907-adcb-cf37bda4ce8f", "replyId": 232994780, "createdAt": "2020-02-03T04:55:47.177Z", "updatedAt": "2020-02-03T04:55:47.177Z", "commentCount": 0, "likeCount": 0, "withNickname": false, "tags": [], "topics": [], "meta": {"crossPostId": 232994780}, "forumName": "西斯文學", "forumAlias": "sex_literature", "gender": "M", "replyTitle": "說好不說再見", "mediaMeta": [], "reactions": [], "hidden": false, "customStyle": null, "isSuspiciousAccount": false, "layout": "classic", "withImages": false, "withVideos": false, "media": [], "reportReasonText": "", "postAvatar": ""}, {"id": 233006200, "title": "轉：說好不說再見-2", "excerpt": "", "anonymousSchool": true, "anonymousDepartment": true, "pinned": false, "forumId": "546b4c64-c37f-4907-adcb-cf37bda4ce8f", "replyId": 232996070, "createdAt": "2020-02-03T04:53:33.718Z", "updatedAt": "2020-02-03T04:53:33.718Z", "commentCount": 1, "likeCount": 0, "withNickname": false, "tags": [], "topics": [], "meta": {"crossPostId": 232996070}, "forumName": "西斯文學", "forumAlias": "sex_literature", "gender": "M", "replyTitle": "說好不說再見-2", "mediaMeta": [], "reactions": [], "hidden": false, "customStyle": null, "isSuspiciousAccount": false, "layout": "classic", "withImages": false, "withVideos": false, "media": [], "reportReasonText": "", "postAvatar": ""}]