[{"id": 233006101, "title": "。", "excerpt": "", "anonymousSchool": false, "anonymousDepartment": true, "pinned": false, "forumId": "57a329de-1999-425b-92cf-1e750dbede3b", "replyId": null, "createdAt": "2020-02-03T04:30:12.010Z", "updatedAt": "2020-02-03T04:30:12.010Z", "commentCount": 1, "likeCount": 24, "withNickname": false, "tags": [], "topics": [], "meta": {"layout": "image"}, "forumName": "曬貓", "forumAlias": "show_cats", "gender": "F", "school": "國立高雄餐旅大學", "replyTitle": null, "mediaMeta": [{"id": "cdacefbd-bbcb-4eb5-abec-900be67f4cb2", "url": "https://megapx-assets.dcard.tw/images/4728f1e3-5139-4deb-920c-65324c7405e3/640.jpeg", "normalizedUrl": "https://megapx-assets.dcard.tw/images/4728f1e3-5139-4deb-920c-65324c7405e3/640.jpeg", "thumbnail": "https://megapx-assets.dcard.tw/images/4728f1e3-5139-4deb-920c-65324c7405e3/640.jpeg", "type": "image/thumbnail", "tags": [], "createdAt": "2020-02-03T04:30:12.010Z", "updatedAt": "2020-02-03T04:30:12.010Z", "width": 640, "height": 320}, {"id": "cdacefbd-bbcb-4eb5-abec-900be67f4cb2", "url": "https://megapx-assets.dcard.tw/images/4728f1e3-5139-4deb-920c-65324c7405e3/full.jpeg", "normalizedUrl": "https://megapx.dcard.tw/v1/images/4728f1e3-5139-4deb-920c-65324c7405e3", "thumbnail": "https://megapx-assets.dcard.tw/images/4728f1e3-5139-4deb-920c-65324c7405e3/640.jpeg", "type": "image/megapx", "tags": [], "createdAt": "2020-02-03T04:30:12.010Z", "updatedAt": "2020-02-03T04:30:12.010Z", "width": 4032, "height": 2016}], "reactions": [{"id": "286f599c-f86a-4932-82f0-f5a06f1eca03", "count": 24}], "hidden": false, "customStyle": null, "isSuspiciousAccount": false, "layout": "image", "withImages": true, "withVideos": false, "media": [{"url": "https://megapx-assets.dcard.tw/images/4728f1e3-5139-4deb-920c-65324c7405e3/full.jpeg"}], "reportReasonText": "", "postAvatar": ""}, {"id": 233005752, "title": "小店長微服出巡(,,•́ . •̀,,)", "excerpt": "", "anonymousSchool": false, "anonymousDepartment": true, "pinned": false, "forumId": "57a329de-1999-425b-92cf-1e750dbede3b", "replyId": null, "createdAt": "2020-02-03T03:05:12.587Z", "updatedAt": "2020-02-03T03:05:12.587Z", "commentCount": 0, "likeCount": 22, "withNickname": false, "tags": [], "topics": ["曬貓"], "meta": {"layout": "image"}, "forumName": "曬貓", "forumAlias": "show_cats", "gender": "F", "school": "南臺科技大學", "replyTitle": null, "mediaMeta": [{"id": "c13be044-0bb0-4909-923e-f99d150eaa41", "url": "https://megapx-assets.dcard.tw/images/31498a59-fd5f-4ebe-bc84-3a5f9319c039/640.jpeg", "normalizedUrl": "https://megapx-assets.dcard.tw/images/31498a59-fd5f-4ebe-bc84-3a5f9319c039/640.jpeg", "thumbnail": "https://megapx-assets.dcard.tw/images/31498a59-fd5f-4ebe-bc84-3a5f9319c039/640.jpeg", "type": "image/thumbnail", "tags": [], "createdAt": "2020-02-03T03:05:12.587Z", "updatedAt": "2020-02-03T03:05:12.587Z", "width": 640, "height": 480}, {"id": "c13be044-0bb0-4909-923e-f99d150eaa41", "url": "https://megapx-assets.dcard.tw/images/31498a59-fd5f-4ebe-bc84-3a5f9319c039/full.jpeg", "normalizedUrl": "https://megapx.dcard.tw/v1/images/31498a59-fd5f-4ebe-bc84-3a5f9319c039", "thumbnail": "https://megapx-assets.dcard.tw/images/31498a59-fd5f-4ebe-bc84-3a5f9319c039/640.jpeg", "type": "image/megapx", "tags": [], "createdAt": "2020-02-03T03:05:12.587Z", "updatedAt": "2020-02-03T03:05:12.587Z", "width": 4128, "height": 3096}], "reactions": [{"id": "286f599c-f86a-4932-82f0-f5a06f1eca03", "count": 22}], "hidden": false, "customStyle": null, "isSuspiciousAccount": false, "layout": "image", "withImages": true, "withVideos": false, "media": [{"url": "https://megapx-assets.dcard.tw/images/31498a59-fd5f-4ebe-bc84-3a5f9319c039/full.jpeg"}], "reportReasonText": "", "postAvatar": ""}, {"id": 233005872, "title": "凡事求一個圓⚽️", "excerpt": "", "anonymousSchool": false, "anonymousDepartment": true, "pinned": false, "forumId": "57a329de-1999-425b-92cf-1e750dbede3b", "replyId": null, "createdAt": "2020-02-03T03:30:26.607Z", "updatedAt": "2020-02-03T03:30:26.607Z", "commentCount": 1, "likeCount": 18, "withNickname": false, "tags": [], "topics": ["曬貓", "睡覺"], "meta": {"layout": "image"}, "forumName": "曬貓", "forumAlias": "show_cats", "gender": "F", "school": "南臺科技大學", "replyTitle": null, "mediaMeta": [{"id": "955ad86c-595c-4186-a3d6-4329775b8f73", "url": "https://megapx-assets.dcard.tw/images/6ead7e74-aac5-4d8b-81fa-51b74e1b2550/640.jpeg", "normalizedUrl": "https://megapx-assets.dcard.tw/images/6ead7e74-aac5-4d8b-81fa-51b74e1b2550/640.jpeg", "thumbnail": "https://megapx-assets.dcard.tw/images/6ead7e74-aac5-4d8b-81fa-51b74e1b2550/640.jpeg", "type": "image/thumbnail", "tags": [], "createdAt": "2020-02-03T03:30:26.607Z", "updatedAt": "2020-02-03T03:30:26.607Z", "width": 640, "height": 480}, {"id": "955ad86c-595c-4186-a3d6-4329775b8f73", "url": "https://megapx-assets.dcard.tw/images/6ead7e74-aac5-4d8b-81fa-51b74e1b2550/full.jpeg", "normalizedUrl": "https://megapx.dcard.tw/v1/images/6ead7e74-aac5-4d8b-81fa-51b74e1b2550", "thumbnail": "https://megapx-assets.dcard.tw/images/6ead7e74-aac5-4d8b-81fa-51b74e1b2550/640.jpeg", "type": "image/megapx", "tags": [], "createdAt": "2020-02-03T03:30:26.607Z", "updatedAt": "2020-02-03T03:30:26.607Z", "width": 4032, "height": 3024}], "reactions": [{"id": "286f599c-f86a-4932-82f0-f5a06f1eca03", "count": 18}], "hidden": false, "customStyle": null, "isSuspiciousAccount": false, "layout": "image", "withImages": true, "withVideos": false, "media": [{"url": "https://megapx-assets.dcard.tw/images/6ead7e74-aac5-4d8b-81fa-51b74e1b2550/full.jpeg"}], "reportReasonText": "", "postAvatar": ""}, {"id": 233005742, "title": "你們也太閃了吧！", "excerpt": "", "anonymousSchool": false, "anonymousDepartment": false, "pinned": false, "forumId": "57a329de-1999-425b-92cf-1e750dbede3b", "replyId": null, "createdAt": "2020-02-03T03:03:17.886Z", "updatedAt": "2020-02-03T03:03:17.886Z", "commentCount": 2, "likeCount": 16, "withNickname": true, "tags": [], "topics": ["曬貓", "貓咪真的很可愛", "睡覺", "米克斯"], "meta": {"layout": "image"}, "forumName": "曬貓", "forumAlias": "show_cats", "gender": "F", "school": "Serena", "department": "e88132192", "replyTitle": null, "mediaMeta": [{"id": "29b10265-d548-40ef-ba30-5274ec81e8a8", "url": "https://megapx-assets.dcard.tw/images/486caf5e-4415-4132-a4ee-fb0de6606630/640.jpeg", "normalizedUrl": "https://megapx-assets.dcard.tw/images/486caf5e-4415-4132-a4ee-fb0de6606630/640.jpeg", "thumbnail": "https://megapx-assets.dcard.tw/images/486caf5e-4415-4132-a4ee-fb0de6606630/640.jpeg", "type": "image/thumbnail", "tags": [], "createdAt": "2020-02-03T03:03:17.886Z", "updatedAt": "2020-02-03T03:03:17.886Z", "width": 480, "height": 640}, {"id": "29b10265-d548-40ef-ba30-5274ec81e8a8", "url": "https://megapx-assets.dcard.tw/images/486caf5e-4415-4132-a4ee-fb0de6606630/full.jpeg", "normalizedUrl": "https://megapx.dcard.tw/v1/images/486caf5e-4415-4132-a4ee-fb0de6606630", "thumbnail": "https://megapx-assets.dcard.tw/images/486caf5e-4415-4132-a4ee-fb0de6606630/640.jpeg", "type": "image/megapx", "tags": [], "createdAt": "2020-02-03T03:03:17.886Z", "updatedAt": "2020-02-03T03:03:17.886Z", "width": 3024, "height": 4032}], "reactions": [{"id": "286f599c-f86a-4932-82f0-f5a06f1eca03", "count": 16}], "hidden": false, "customStyle": null, "isSuspiciousAccount": false, "layout": "image", "withImages": true, "withVideos": false, "media": [{"url": "https://megapx-assets.dcard.tw/images/486caf5e-4415-4132-a4ee-fb0de6606630/full.jpeg"}], "reportReasonText": "", "postAvatar": ""}, {"id": 233006674, "title": "來嘴巴開開我看看有沒有蛀牙😬", "excerpt": "", "anonymousSchool": false, "anonymousDepartment": true, "pinned": false, "forumId": "57a329de-1999-425b-92cf-1e750dbede3b", "replyId": null, "createdAt": "2020-02-03T06:39:59.924Z", "updatedAt": "2020-02-03T06:39:59.924Z", "commentCount": 1, "likeCount": 13, "withNickname": false, "tags": [], "topics": ["曬貓", "貓咪真的很可愛", "萌貓", "布偶貓", "美短加白"], "meta": {"layout": "image"}, "forumName": "曬貓", "forumAlias": "show_cats", "gender": "F", "school": "靜宜大學", "replyTitle": null, "mediaMeta": [{"id": "1ffbe617-7488-401f-ad30-9d01a833a0b6", "url": "https://megapx-assets.dcard.tw/images/aef6fb9f-985c-4d2f-bb70-ed9eaf9942b6/640.jpeg", "normalizedUrl": "https://megapx-assets.dcard.tw/images/aef6fb9f-985c-4d2f-bb70-ed9eaf9942b6/640.jpeg", "thumbnail": "https://megapx-assets.dcard.tw/images/aef6fb9f-985c-4d2f-bb70-ed9eaf9942b6/640.jpeg", "type": "image/thumbnail", "tags": ["ANNOTATED"], "createdAt": "2020-02-03T06:39:59.924Z", "updatedAt": "2020-02-03T06:39:59.924Z", "width": 640, "height": 505}, {"id": "1ffbe617-7488-401f-ad30-9d01a833a0b6", "url": "https://megapx-assets.dcard.tw/images/aef6fb9f-985c-4d2f-bb70-ed9eaf9942b6/full.jpeg", "normalizedUrl": "https://megapx.dcard.tw/v1/images/aef6fb9f-985c-4d2f-bb70-ed9eaf9942b6", "thumbnail": "https://megapx-assets.dcard.tw/images/aef6fb9f-985c-4d2f-bb70-ed9eaf9942b6/640.jpeg", "type": "image/megapx", "tags": ["ANNOTATED"], "createdAt": "2020-02-03T06:39:59.924Z", "updatedAt": "2020-02-03T06:39:59.924Z", "width": 1217, "height": 960}], "reactions": [{"id": "286f599c-f86a-4932-82f0-f5a06f1eca03", "count": 13}], "hidden": false, "customStyle": null, "isSuspiciousAccount": false, "layout": "image", "withImages": true, "withVideos": false, "media": [{"url": "https://megapx-assets.dcard.tw/images/aef6fb9f-985c-4d2f-bb70-ed9eaf9942b6/full.jpeg"}], "reportReasonText": "", "postAvatar": ""}, {"id": 233006842, "title": "睡覺也要遮臉🌝", "excerpt": "", "anonymousSchool": false, "anonymousDepartment": true, "pinned": false, "forumId": "57a329de-1999-425b-92cf-1e750dbede3b", "replyId": null, "createdAt": "2020-02-03T07:19:34.838Z", "updatedAt": "2020-02-03T07:19:34.838Z", "commentCount": 0, "likeCount": 9, "withNickname": false, "tags": [], "topics": ["曬貓", "睡覺", "胖貓", "三花貓", "貓咪真的很可愛"], "meta": {"layout": "image"}, "forumName": "曬貓", "forumAlias": "show_cats", "gender": "F", "school": "中華醫事科技大學", "replyTitle": null, "mediaMeta": [{"id": "51304c45-71fe-45c0-864c-d0ba54f472fa", "url": "https://megapx-assets.dcard.tw/images/d7c7e739-daa5-40f3-bc7f-55b4c1d083ba/640.jpeg", "normalizedUrl": "https://megapx-assets.dcard.tw/images/d7c7e739-daa5-40f3-bc7f-55b4c1d083ba/640.jpeg", "thumbnail": "https://megapx-assets.dcard.tw/images/d7c7e739-daa5-40f3-bc7f-55b4c1d083ba/640.jpeg", "type": "image/thumbnail", "tags": [], "createdAt": "2020-02-03T07:19:34.838Z", "updatedAt": "2020-02-03T07:19:34.838Z", "width": 480, "height": 640}, {"id": "51304c45-71fe-45c0-864c-d0ba54f472fa", "url": "https://megapx-assets.dcard.tw/images/d7c7e739-daa5-40f3-bc7f-55b4c1d083ba/full.jpeg", "normalizedUrl": "https://megapx.dcard.tw/v1/images/d7c7e739-daa5-40f3-bc7f-55b4c1d083ba", "thumbnail": "https://megapx-assets.dcard.tw/images/d7c7e739-daa5-40f3-bc7f-55b4c1d083ba/640.jpeg", "type": "image/megapx", "tags": [], "createdAt": "2020-02-03T07:19:34.838Z", "updatedAt": "2020-02-03T07:19:34.838Z", "width": 3024, "height": 4032}], "reactions": [{"id": "286f599c-f86a-4932-82f0-f5a06f1eca03", "count": 9}], "hidden": false, "customStyle": null, "isSuspiciousAccount": false, "layout": "image", "withImages": true, "withVideos": false, "media": [{"url": "https://megapx-assets.dcard.tw/images/d7c7e739-daa5-40f3-bc7f-55b4c1d083ba/full.jpeg"}], "reportReasonText": "", "postAvatar": ""}, {"id": 233010123, "title": "不要去上班好不好🥺🥺🥺🥺🥺", "excerpt": "", "anonymousSchool": false, "anonymousDepartment": true, "pinned": false, "forumId": "57a329de-1999-425b-92cf-1e750dbede3b", "replyId": null, "createdAt": "2020-02-03T15:03:26.896Z", "updatedAt": "2020-02-03T15:03:26.896Z", "commentCount": 0, "likeCount": 6, "withNickname": false, "tags": [], "topics": [], "meta": {"layout": "image"}, "forumName": "曬貓", "forumAlias": "show_cats", "gender": "F", "school": "國立高雄餐旅大學", "replyTitle": null, "mediaMeta": [{"id": "2dda91fc-45de-4c9e-80ad-d844ea853479", "url": "https://megapx-assets.dcard.tw/images/7e31b01f-b484-4e14-99fd-e4973235b399/640.jpeg", "normalizedUrl": "https://megapx-assets.dcard.tw/images/7e31b01f-b484-4e14-99fd-e4973235b399/640.jpeg", "thumbnail": "https://megapx-assets.dcard.tw/images/7e31b01f-b484-4e14-99fd-e4973235b399/640.jpeg", "type": "image/thumbnail", "tags": [], "createdAt": "2020-02-03T15:03:26.896Z", "updatedAt": "2020-02-03T15:03:26.896Z", "width": 640, "height": 480}, {"id": "2dda91fc-45de-4c9e-80ad-d844ea853479", "url": "https://megapx-assets.dcard.tw/images/7e31b01f-b484-4e14-99fd-e4973235b399/full.jpeg", "normalizedUrl": "https://megapx.dcard.tw/v1/images/7e31b01f-b484-4e14-99fd-e4973235b399", "thumbnail": "https://megapx-assets.dcard.tw/images/7e31b01f-b484-4e14-99fd-e4973235b399/640.jpeg", "type": "image/megapx", "tags": [], "createdAt": "2020-02-03T15:03:26.896Z", "updatedAt": "2020-02-03T15:03:26.896Z", "width": 4032, "height": 3024}], "reactions": [{"id": "286f599c-f86a-4932-82f0-f5a06f1eca03", "count": 6}], "hidden": false, "customStyle": null, "isSuspiciousAccount": false, "layout": "image", "withImages": true, "withVideos": false, "media": [{"url": "https://megapx-assets.dcard.tw/images/7e31b01f-b484-4e14-99fd-e4973235b399/full.jpeg"}], "reportReasonText": "", "postAvatar": ""}, {"id": 233011959, "title": "今天是兔子～～～", "excerpt": "", "anonymousSchool": false, "anonymousDepartment": false, "pinned": false, "forumId": "57a329de-1999-425b-92cf-1e750dbede3b", "replyId": null, "createdAt": "2020-02-03T20:55:14.208Z", "updatedAt": "2020-02-03T20:55:14.208Z", "commentCount": 0, "likeCount": 2, "withNickname": true, "tags": [], "topics": ["曬貓", "白貓", "兔子"], "meta": {"layout": "image"}, "forumName": "曬貓", "forumAlias": "show_cats", "gender": "M", "school": "高爾夫夫", "department": "ff_ll_", "replyTitle": null, "mediaMeta": [{"id": "0185cac8-a3d3-4c0a-b864-4ec95467c304", "url": "https://megapx-assets.dcard.tw/images/be30dd45-ce84-4f64-ad95-a87b5e2aa219/640.jpeg", "normalizedUrl": "https://megapx-assets.dcard.tw/images/be30dd45-ce84-4f64-ad95-a87b5e2aa219/640.jpeg", "thumbnail": "https://megapx-assets.dcard.tw/images/be30dd45-ce84-4f64-ad95-a87b5e2aa219/640.jpeg", "type": "image/thumbnail", "tags": ["ANNOTATED"], "createdAt": "2020-02-03T20:55:14.208Z", "updatedAt": "2020-02-03T20:55:14.208Z", "width": 397, "height": 640}, {"id": "0185cac8-a3d3-4c0a-b864-4ec95467c304", "url": "https://megapx-assets.dcard.tw/images/be30dd45-ce84-4f64-ad95-a87b5e2aa219/full.jpeg", "normalizedUrl": "https://megapx.dcard.tw/v1/images/be30dd45-ce84-4f64-ad95-a87b5e2aa219", "thumbnail": "https://megapx-assets.dcard.tw/images/be30dd45-ce84-4f64-ad95-a87b5e2aa219/640.jpeg", "type": "image/megapx", "tags": ["ANNOTATED"], "createdAt": "2020-02-03T20:55:14.208Z", "updatedAt": "2020-02-03T20:55:14.208Z", "width": 1008, "height": 1624}], "reactions": [{"id": "286f599c-f86a-4932-82f0-f5a06f1eca03", "count": 2}], "hidden": false, "customStyle": null, "isSuspiciousAccount": false, "layout": "image", "withImages": true, "withVideos": false, "media": [{"url": "https://megapx-assets.dcard.tw/images/be30dd45-ce84-4f64-ad95-a87b5e2aa219/full.jpeg"}], "reportReasonText": "", "postAvatar": ""}, {"id": 233011210, "title": "好似人咁訓😂", "excerpt": "", "anonymousSchool": false, "anonymousDepartment": true, "pinned": false, "forumId": "57a329de-1999-425b-92cf-1e750dbede3b", "replyId": null, "createdAt": "2020-02-03T17:08:55.550Z", "updatedAt": "2020-02-03T17:08:55.550Z", "commentCount": 0, "likeCount": 2, "withNickname": false, "tags": [], "topics": ["曬貓", "睡覺", "翻肚肚"], "meta": {"layout": "image"}, "forumName": "曬貓", "forumAlias": "show_cats", "gender": "F", "school": "香港大學附屬學院", "replyTitle": null, "mediaMeta": [{"id": "0b9acdda-ce65-4a91-a781-7c2ef7f2b0f9", "url": "https://megapx-assets.dcard.tw/images/38ad0933-745f-42b9-9ebd-e89d84d9f848/640.jpeg", "normalizedUrl": "https://megapx-assets.dcard.tw/images/38ad0933-745f-42b9-9ebd-e89d84d9f848/640.jpeg", "thumbnail": "https://megapx-assets.dcard.tw/images/38ad0933-745f-42b9-9ebd-e89d84d9f848/640.jpeg", "type": "image/thumbnail", "tags": [], "createdAt": "2020-02-03T17:08:55.550Z", "updatedAt": "2020-02-03T17:08:55.550Z", "width": 480, "height": 640}, {"id": "0b9acdda-ce65-4a91-a781-7c2ef7f2b0f9", "url": "https://megapx-assets.dcard.tw/images/38ad0933-745f-42b9-9ebd-e89d84d9f848/full.jpeg", "normalizedUrl": "https://megapx.dcard.tw/v1/images/38ad0933-745f-42b9-9ebd-e89d84d9f848", "thumbnail": "https://megapx-assets.dcard.tw/images/38ad0933-745f-42b9-9ebd-e89d84d9f848/640.jpeg", "type": "image/megapx", "tags": [], "createdAt": "2020-02-03T17:08:55.550Z", "updatedAt": "2020-02-03T17:08:55.550Z", "width": 3024, "height": 4032}], "reactions": [{"id": "286f599c-f86a-4932-82f0-f5a06f1eca03", "count": 2}], "hidden": false, "customStyle": null, "isSuspiciousAccount": false, "layout": "image", "withImages": true, "withVideos": false, "media": [{"url": "https://megapx-assets.dcard.tw/images/38ad0933-745f-42b9-9ebd-e89d84d9f848/full.jpeg"}], "reportReasonText": "", "postAvatar": ""}, {"id": 233012207, "title": "由下往上拍看起來胖胖的🤣", "excerpt": "", "anonymousSchool": false, "anonymousDepartment": false, "pinned": false, "forumId": "57a329de-1999-425b-92cf-1e750dbede3b", "replyId": null, "createdAt": "2020-02-04T01:02:25.767Z", "updatedAt": "2020-02-04T01:02:25.767Z", "commentCount": 0, "likeCount": 1, "withNickname": true, "tags": [], "topics": ["曬貓", "虎斑貓", "胖貓"], "meta": {"layout": "image"}, "forumName": "曬貓", "forumAlias": "show_cats", "gender": "F", "school": "感冒藥", "department": "road_", "replyTitle": null, "mediaMeta": [{"id": "8665044b-b5bb-49b1-9a4b-4eb9943acba0", "url": "https://megapx-assets.dcard.tw/images/50540aaa-60fe-4a6c-9fe1-198f888e0f6f/640.jpeg", "normalizedUrl": "https://megapx-assets.dcard.tw/images/50540aaa-60fe-4a6c-9fe1-198f888e0f6f/640.jpeg", "thumbnail": "https://megapx-assets.dcard.tw/images/50540aaa-60fe-4a6c-9fe1-198f888e0f6f/640.jpeg", "type": "image/thumbnail", "tags": [], "createdAt": "2020-02-04T01:02:25.767Z", "updatedAt": "2020-02-04T01:02:25.767Z", "width": 577, "height": 640}, {"id": "8665044b-b5bb-49b1-9a4b-4eb9943acba0", "url": "https://megapx-assets.dcard.tw/images/50540aaa-60fe-4a6c-9fe1-198f888e0f6f/full.jpeg", "normalizedUrl": "https://megapx.dcard.tw/v1/images/50540aaa-60fe-4a6c-9fe1-198f888e0f6f", "thumbnail": "https://megapx-assets.dcard.tw/images/50540aaa-60fe-4a6c-9fe1-198f888e0f6f/640.jpeg", "type": "image/megapx", "tags": [], "createdAt": "2020-02-04T01:02:25.767Z", "updatedAt": "2020-02-04T01:02:25.767Z", "width": 2724, "height": 3024}], "reactions": [{"id": "286f599c-f86a-4932-82f0-f5a06f1eca03", "count": 1}], "hidden": false, "customStyle": null, "isSuspiciousAccount": false, "layout": "image", "withImages": true, "withVideos": false, "media": [{"url": "https://megapx-assets.dcard.tw/images/50540aaa-60fe-4a6c-9fe1-198f888e0f6f/full.jpeg"}], "reportReasonText": "", "postAvatar": ""}, {"id": 233012692, "title": "可以告訴我這是同一隻貓貓🐱嗎？", "excerpt": "", "anonymousSchool": false, "anonymousDepartment": true, "pinned": false, "forumId": "57a329de-1999-425b-92cf-1e750dbede3b", "replyId": null, "createdAt": "2020-02-04T03:14:27.062Z", "updatedAt": "2020-02-04T03:14:27.062Z", "commentCount": 0, "likeCount": 0, "withNickname": false, "tags": [], "topics": ["曬貓", "虎斑貓", "胖貓", "貓咪真的很可愛"], "meta": {"layout": "image"}, "forumName": "曬貓", "forumAlias": "show_cats", "gender": "F", "school": "景文科技大學", "replyTitle": null, "mediaMeta": [{"id": "7d892f05-87c0-456a-b9ba-f5ebf850f54f", "url": "https://megapx-assets.dcard.tw/images/589a7000-2230-4f1e-8fe4-0f1275594ac6/640.jpeg", "normalizedUrl": "https://megapx-assets.dcard.tw/images/589a7000-2230-4f1e-8fe4-0f1275594ac6/640.jpeg", "thumbnail": "https://megapx-assets.dcard.tw/images/589a7000-2230-4f1e-8fe4-0f1275594ac6/640.jpeg", "type": "image/thumbnail", "tags": [], "createdAt": "2020-02-04T03:14:27.062Z", "updatedAt": "2020-02-04T03:14:27.062Z", "width": 640, "height": 360}, {"id": "7d892f05-87c0-456a-b9ba-f5ebf850f54f", "url": "https://megapx-assets.dcard.tw/images/589a7000-2230-4f1e-8fe4-0f1275594ac6/full.jpeg", "normalizedUrl": "https://megapx.dcard.tw/v1/images/589a7000-2230-4f1e-8fe4-0f1275594ac6", "thumbnail": "https://megapx-assets.dcard.tw/images/589a7000-2230-4f1e-8fe4-0f1275594ac6/640.jpeg", "type": "image/megapx", "tags": [], "createdAt": "2020-02-04T03:14:27.062Z", "updatedAt": "2020-02-04T03:14:27.062Z", "width": 3840, "height": 2160}], "reactions": [], "hidden": false, "customStyle": null, "isSuspiciousAccount": false, "layout": "image", "withImages": true, "withVideos": false, "media": [{"url": "https://megapx-assets.dcard.tw/images/589a7000-2230-4f1e-8fe4-0f1275594ac6/full.jpeg"}], "reportReasonText": "", "postAvatar": ""}]