[{"id": 231286411, "title": "#RE 這裡到底是軟體工程師版還是作業版？", "excerpt": "各位卡友大家好～首先感謝大家對軟工版的支持，也很感謝靜宜大學的同學發了這篇，才有了今天的這個討論，\b，以下是本次板規的改動：4. 新手文、作業文請加上 #新手 的標籤，請先自己嘗試過並附上目前產出的程式碼，直接伸手 or 用手機拍螢幕程式碼的文一律刪文！", "anonymousSchool": false, "anonymousDepartment": false, "pinned": true, "forumId": "a6dc1b6b-0aca-4004-86c8-3af6cdbfad23", "replyId": 231202875, "createdAt": "2019-05-14T09:35:47.880Z", "updatedAt": "2019-05-14T09:36:10.005Z", "commentCount": 66, "likeCount": 187, "withNickname": true, "tags": [], "topics": ["板規", "軟工板"], "meta": {}, "forumName": "軟體工程師", "forumAlias": "softwareengineer", "gender": "D", "school": "軟體工程師板小天使", "department": "softwareeng", "replyTitle": "#討論 這裡到底是軟體工程師版還是作業版？", "mediaMeta": [], "reactions": [{"id": "286f599c-f86a-4932-82f0-f5a06f1eca03", "count": 181}, {"id": "e8e6bc5d-41b0-4129-b134-97507523d7ff", "count": 4}, {"id": "4b018f48-e184-445f-adf1-fc8e04ba09b9", "count": 1}, {"id": "aa0d425f-d530-4478-9a77-fe3aedc79eea", "count": 1}], "hidden": false, "customStyle": null, "isSuspiciousAccount": false, "layout": "classic", "withImages": false, "withVideos": false, "media": [], "reportReasonText": "", "postAvatar": ""}, {"id": 233007729, "title": "software RD 職涯規劃請益", "excerpt": "大家好，發這篇文的原因是因為目前對接下來的職涯規劃有點猶豫，歡迎閒閒沒事做的人來發表一下自己的看法！，小弟今年24歲，前年從台科電子系畢業，統測時成績還行（電資類19/13000），上大學後直接崩壞，", "anonymousSchool": false, "anonymousDepartment": false, "pinned": false, "forumId": "a6dc1b6b-0aca-4004-86c8-3af6cdbfad23", "replyId": null, "createdAt": "2020-02-03T09:24:11.839Z", "updatedAt": "2020-02-03T09:24:11.839Z", "commentCount": 4, "likeCount": 3, "withNickname": false, "tags": [], "topics": ["工程師", "研究所", "軟體工程師", "請益", "工作"], "meta": {"layout": "classic"}, "forumName": "軟體工程師", "forumAlias": "softwareengineer", "gender": "M", "school": "國立臺灣科技大學", "department": "電子工程學系", "replyTitle": null, "mediaMeta": [], "reactions": [{"id": "286f599c-f86a-4932-82f0-f5a06f1eca03", "count": 3}], "hidden": false, "customStyle": null, "isSuspiciousAccount": false, "layout": "classic", "withImages": false, "withVideos": false, "media": [], "reportReasonText": "", "postAvatar": ""}, {"id": 233010270, "title": "有人在台南茂迪科技股份有限公司工作嗎", "excerpt": "抱歉我的商品寄到台南茂迪門市，但我不知道不是員工不能進入取商品，想請問有人在茂迪門市工作嗎，方便留資料幫助我取貨", "anonymousSchool": false, "anonymousDepartment": true, "pinned": false, "forumId": "a6dc1b6b-0aca-4004-86c8-3af6cdbfad23", "replyId": null, "createdAt": "2020-02-03T15:19:50.600Z", "updatedAt": "2020-02-03T15:19:50.600Z", "commentCount": 0, "likeCount": 1, "withNickname": false, "tags": ["HIDE_THUMBNAIL"], "topics": ["工程師", "台南", "科技"], "meta": {"layout": "classic"}, "forumName": "軟體工程師", "forumAlias": "softwareengineer", "gender": "M", "school": "南臺科技大學", "replyTitle": null, "mediaMeta": [], "reactions": [{"id": "286f599c-f86a-4932-82f0-f5a06f1eca03", "count": 1}], "hidden": false, "customStyle": null, "isSuspiciousAccount": false, "layout": "classic", "withImages": false, "withVideos": false, "media": [], "reportReasonText": "", "postAvatar": ""}, {"id": 233012764, "title": "Objective-C NSTimer相關", "excerpt": "我在FuncMainViewController.h宣告了一個NSTimer *timer，並在.m中使用，timer = ［NSTimer scheduledTimerWithTimeInterva", "anonymousSchool": false, "anonymousDepartment": false, "pinned": false, "forumId": "a6dc1b6b-0aca-4004-86c8-3af6cdbfad23", "replyId": null, "createdAt": "2020-02-04T03:31:06.425Z", "updatedAt": "2020-02-04T03:31:06.425Z", "commentCount": 0, "likeCount": 0, "withNickname": true, "tags": [], "topics": ["程式語言", "問題", "請益"], "meta": {"layout": "classic"}, "forumName": "軟體工程師", "forumAlias": "softwareengineer", "gender": "F", "school": "umm", "department": "a_anonymou", "replyTitle": null, "mediaMeta": [], "reactions": [], "hidden": false, "customStyle": null, "isSuspiciousAccount": false, "layout": "classic", "withImages": false, "withVideos": false, "media": [], "reportReasonText": "", "postAvatar": ""}, {"id": 233009041, "title": "#請益 NLP門檻", "excerpt": "我目前雙主修國際關係和語言學，今年年底畢業後想要朝語言學領域發展。原本想要以consultant或一般linguist的身份找工作，但無奈發現大部分工作都要求MS或PhD，所以目前打算明年申請計算機語", "anonymousSchool": false, "anonymousDepartment": true, "pinned": false, "forumId": "a6dc1b6b-0aca-4004-86c8-3af6cdbfad23", "replyId": null, "createdAt": "2020-02-03T12:39:01.109Z", "updatedAt": "2020-02-03T12:39:01.109Z", "commentCount": 4, "likeCount": 0, "withNickname": false, "tags": [], "topics": ["請益", "新手發問", "詢問", "新手"], "meta": {"layout": "classic"}, "forumName": "軟體工程師", "forumAlias": "softwareengineer", "gender": "M", "school": "加州大學 聖地牙哥分校", "replyTitle": null, "mediaMeta": [], "reactions": [], "hidden": false, "customStyle": null, "isSuspiciousAccount": false, "layout": "classic", "withImages": false, "withVideos": false, "media": [], "reportReasonText": "", "postAvatar": ""}]