[{"id": 233008037, "title": "中部12強系際盃壘球賽", "excerpt": "由逢甲大學在2/22、2/23所主辦的這項盃賽，是否會延期呢？畢竟貴校都宣布3/2才開學了，我想防疫優先的情況下，往後延會不會比較好呢？", "anonymousSchool": false, "anonymousDepartment": false, "pinned": false, "forumId": "f4388191-41f8-428d-af69-d07d4481dc9e", "replyId": null, "createdAt": "2020-02-03T10:04:12.031Z", "updatedAt": "2020-02-03T10:04:12.031Z", "commentCount": 5, "likeCount": 2, "withNickname": true, "tags": [], "topics": ["中部", "壘球", "逢甲大學"], "meta": {"layout": "classic"}, "forumName": "運動", "forumAlias": "sport", "gender": "M", "school": "qwertyuiopas", "department": "evangreenco29mm", "replyTitle": null, "mediaMeta": [], "reactions": [{"id": "286f599c-f86a-4932-82f0-f5a06f1eca03", "count": 1}, {"id": "aa0d425f-d530-4478-9a77-fe3aedc79eea", "count": 1}], "hidden": false, "customStyle": null, "isSuspiciousAccount": false, "layout": "classic", "withImages": false, "withVideos": false, "media": [], "reportReasonText": "", "postAvatar": ""}, {"id": 233005274, "title": "美式足球🏈超級盃-49ers vs. chiefs", "excerpt": "感覺台灣在看美式足球的人蠻少的，但是有看的這裡可以一起聊哦，（不知道po在足球版上面會不會怪怪的）", "anonymousSchool": false, "anonymousDepartment": false, "pinned": false, "forumId": "f4388191-41f8-428d-af69-d07d4481dc9e", "replyId": null, "createdAt": "2020-02-02T23:31:08.666Z", "updatedAt": "2020-02-02T23:31:08.666Z", "commentCount": 22, "likeCount": 2, "withNickname": false, "tags": ["HIDE_THUMBNAIL"], "topics": ["超級盃", "美式足球", "2020運動賽事討論區"], "meta": {"layout": "classic"}, "forumName": "運動", "forumAlias": "sport", "gender": "M", "school": "國立清華大學", "department": "資訊工程學系", "replyTitle": null, "mediaMeta": [], "reactions": [{"id": "286f599c-f86a-4932-82f0-f5a06f1eca03", "count": 2}], "hidden": false, "customStyle": null, "isSuspiciousAccount": false, "layout": "classic", "withImages": false, "withVideos": false, "media": [], "reportReasonText": "", "postAvatar": ""}, {"id": 233010808, "title": "排球", "excerpt": "想請問苗栗竹南或頭份有沒有哪裡可以打排球，或是有什麼業餘球隊可以加入的，可以常常打球的地點", "anonymousSchool": false, "anonymousDepartment": true, "pinned": false, "forumId": "f4388191-41f8-428d-af69-d07d4481dc9e", "replyId": null, "createdAt": "2020-02-03T16:18:16.560Z", "updatedAt": "2020-02-03T16:18:16.560Z", "commentCount": 1, "likeCount": 1, "withNickname": false, "tags": [], "topics": ["排球", "苗栗"], "meta": {"layout": "classic"}, "forumName": "運動", "forumAlias": "sport", "gender": "M", "school": "國立高雄師範大學", "replyTitle": null, "mediaMeta": [], "reactions": [{"id": "286f599c-f86a-4932-82f0-f5a06f1eca03", "count": 1}], "hidden": false, "customStyle": null, "isSuspiciousAccount": false, "layout": "classic", "withImages": false, "withVideos": false, "media": [], "reportReasonText": "", "postAvatar": ""}, {"id": 233010757, "title": "關於棘上肌破裂 增生療法", "excerpt": "11月中的時候直線打一個沒轉好就受傷了🤕️，在肩膀旋轉肌有一個撕裂傷1.7公分，三個月來沒什麼劇烈運動（但還是會忍不住打打排球），最近打了第一次增生，想問一下版上大大有沒有接受過增生療法的經驗，（我", "anonymousSchool": false, "anonymousDepartment": true, "pinned": false, "forumId": "f4388191-41f8-428d-af69-d07d4481dc9e", "replyId": null, "createdAt": "2020-02-03T16:12:59.518Z", "updatedAt": "2020-02-03T16:12:59.518Z", "commentCount": 0, "likeCount": 0, "withNickname": false, "tags": [], "topics": ["排球", "運動傷害", "運動", "球場"], "meta": {"layout": "classic"}, "forumName": "運動", "forumAlias": "sport", "gender": "M", "school": "世新大學", "replyTitle": null, "mediaMeta": [{"id": "90fed25b-a267-4ce8-8aba-a6a0d3eea51c", "url": "https://megapx-assets.dcard.tw/images/420b7a10-0f04-4408-a151-82bcf34f4c1d/640.jpeg", "normalizedUrl": "https://megapx-assets.dcard.tw/images/420b7a10-0f04-4408-a151-82bcf34f4c1d/640.jpeg", "thumbnail": "https://megapx-assets.dcard.tw/images/420b7a10-0f04-4408-a151-82bcf34f4c1d/640.jpeg", "type": "image/thumbnail", "tags": [], "createdAt": "2020-02-03T16:12:59.518Z", "updatedAt": "2020-02-03T16:12:59.518Z", "width": 480, "height": 640}, {"id": "90fed25b-a267-4ce8-8aba-a6a0d3eea51c", "url": "https://megapx-assets.dcard.tw/images/420b7a10-0f04-4408-a151-82bcf34f4c1d/1280.jpeg", "normalizedUrl": "https://megapx.dcard.tw/v1/images/420b7a10-0f04-4408-a151-82bcf34f4c1d", "thumbnail": "https://megapx-assets.dcard.tw/images/420b7a10-0f04-4408-a151-82bcf34f4c1d/640.jpeg", "type": "image/megapx", "tags": [], "createdAt": "2020-02-03T16:12:59.518Z", "updatedAt": "2020-02-03T16:12:59.518Z", "width": 1500, "height": 2000}], "reactions": [], "hidden": false, "customStyle": null, "isSuspiciousAccount": false, "layout": "classic", "withImages": true, "withVideos": false, "media": [{"url": "https://megapx-assets.dcard.tw/images/420b7a10-0f04-4408-a151-82bcf34f4c1d/1280.jpeg"}], "reportReasonText": "", "postAvatar": ""}]