[{"id": 232738146, "title": "#公告 準備好帶他們回家了嗎", "excerpt": "歲末將至 是該好好犒賞自己一下️，感謝各位這三週的參與～首先這次的活動與留言，多數同學希望能收到整組的麥克筆/原子筆，先不說實用性，成套就是療癒跟有成就感呀～大熱門是超級果汁筆&SARASA，推薦給交", "anonymousSchool": false, "anonymousDepartment": false, "pinned": true, "forumId": "f74a0662-cb27-4d45-a6b7-7f87d3d02396", "replyId": null, "createdAt": "2019-12-22T11:25:57.990Z", "updatedAt": "2019-12-23T03:42:40.460Z", "commentCount": 0, "likeCount": 218, "withNickname": true, "tags": [], "topics": ["好想把你帶回家", "鋼筆", "手帳", "原子筆", "文具板"], "meta": {"layout": "classic"}, "forumName": "文具", "forumAlias": "stationery", "gender": "F", "school": "雙生花", "department": "monoprincess", "replyTitle": null, "mediaMeta": [{"id": "511ba8e5-58e9-4cf3-9b99-264a1fbdea09", "url": "https://megapx-assets.dcard.tw/images/a498c427-7c10-448c-9bb3-d6aa84884252/640.jpeg", "normalizedUrl": "https://megapx-assets.dcard.tw/images/a498c427-7c10-448c-9bb3-d6aa84884252/640.jpeg", "thumbnail": "https://megapx-assets.dcard.tw/images/a498c427-7c10-448c-9bb3-d6aa84884252/640.jpeg", "type": "image/thumbnail", "tags": ["ANNOTATED"], "createdAt": "2019-12-22T11:25:57.990Z", "updatedAt": "2019-12-23T03:42:40.460Z", "width": 640, "height": 427}, {"id": "511ba8e5-58e9-4cf3-9b99-264a1fbdea09", "url": "https://megapx.dcard.tw/v1/images/a498c427-7c10-448c-9bb3-d6aa84884252/encode/full", "normalizedUrl": "https://megapx.dcard.tw/v1/images/a498c427-7c10-448c-9bb3-d6aa84884252", "thumbnail": "https://megapx-assets.dcard.tw/images/a498c427-7c10-448c-9bb3-d6aa84884252/640.jpeg", "type": "image/megapx", "tags": ["ANNOTATED"], "createdAt": "2019-12-22T11:25:57.990Z", "updatedAt": "2019-12-23T03:42:40.460Z", "width": 1280, "height": 853}], "reactions": [{"id": "286f599c-f86a-4932-82f0-f5a06f1eca03", "count": 218}], "hidden": false, "customStyle": null, "isSuspiciousAccount": false, "layout": "classic", "withImages": false, "withVideos": false, "media": [], "reportReasonText": "", "postAvatar": ""}, {"id": 232443131, "title": "#公告 看板運作討論", "excerpt": "嗨呦各位！，以下幾點需要大家的幫忙～本板規範，今天已將站規與板規禁言規範更新，因為目前沒有出現特殊狀況，所以並未有太大的更改，請移駕至板規頁面閱覽，如果有什麼建議歡迎提出來討論，是否需要每月置頂討論區", "anonymousSchool": false, "anonymousDepartment": false, "pinned": true, "forumId": "f74a0662-cb27-4d45-a6b7-7f87d3d02396", "replyId": null, "createdAt": "2019-11-05T10:52:04.270Z", "updatedAt": "2019-11-05T10:56:13.521Z", "commentCount": 1, "likeCount": 12, "withNickname": true, "tags": ["HIDE_THUMBNAIL"], "topics": ["文具板", "文具板板規"], "meta": {"layout": "classic"}, "forumName": "文具", "forumAlias": "stationery", "gender": "F", "school": "雙生花", "department": "monoprincess", "replyTitle": null, "mediaMeta": [], "reactions": [{"id": "286f599c-f86a-4932-82f0-f5a06f1eca03", "count": 11}, {"id": "aa0d425f-d530-4478-9a77-fe3aedc79eea", "count": 1}], "hidden": false, "customStyle": null, "isSuspiciousAccount": false, "layout": "classic", "withImages": false, "withVideos": false, "media": [], "reportReasonText": "", "postAvatar": ""}, {"id": 233004146, "title": "#手帳 初心者的每日手帳分享✨", "excerpt": "默默入貼紙坑是拜二日的影片所賜，覺得每次二日講解貼紙啊各種小東西的時候的口吻豪可愛啊～又療癒，秉持著「貼紙就是要拿來用！」的精神，不知不覺，貼紙是買了一堆，卻遲遲跨不出著手寫手帳這步（ⅈ▱ⅈ），（新買", "anonymousSchool": false, "anonymousDepartment": false, "pinned": false, "forumId": "f74a0662-cb27-4d45-a6b7-7f87d3d02396", "replyId": null, "createdAt": "2020-02-02T16:35:03.083Z", "updatedAt": "2020-02-03T09:12:23.654Z", "commentCount": 5, "likeCount": 24, "withNickname": true, "tags": [], "topics": ["手帳", "紙膠帶", "貼紙", "拼貼", "文具控"], "meta": {"layout": "classic"}, "forumName": "文具", "forumAlias": "stationery", "gender": "F", "school": "Herb🌿", "department": "catmint37", "replyTitle": null, "mediaMeta": [{"id": "3dfcbbfd-c426-4f6d-b547-fd7493b69e32", "url": "https://i.imgur.com/W7uC4Utl.jpg", "normalizedUrl": "https://i.imgur.com/W7uC4Utl.jpg", "thumbnail": "https://i.imgur.com/W7uC4Utl.jpg", "type": "image/thumbnail", "tags": ["ANNOTATED"], "createdAt": "2020-02-02T16:35:03.083Z", "updatedAt": "2020-02-03T09:12:23.654Z"}, {"id": "3dfcbbfd-c426-4f6d-b547-fd7493b69e32", "url": "http://i.imgur.com/W7uC4Ut.jpg", "normalizedUrl": "https://imgur.com/W7uC4Ut", "thumbnail": "https://i.imgur.com/W7uC4Utl.jpg", "type": "image/imgur", "tags": ["ANNOTATED"], "createdAt": "2020-02-02T16:35:03.083Z", "updatedAt": "2020-02-03T09:12:23.654Z"}, {"id": "851f3816-1925-4b50-8dc5-cfcd4f4381d2", "url": "http://i.imgur.com/Uw2QCHp.jpg", "normalizedUrl": "https://imgur.com/Uw2QCHp", "thumbnail": "https://i.imgur.com/Uw2QCHpl.jpg", "type": "image/imgur", "tags": ["ANNOTATED"], "createdAt": "2020-02-02T16:35:03.083Z", "updatedAt": "2020-02-03T09:12:23.654Z"}, {"id": "49f13853-87f1-4249-96cf-f33b8b1848e2", "url": "http://i.imgur.com/fJiiosX.jpg", "normalizedUrl": "https://imgur.com/fJiiosX", "thumbnail": "https://i.imgur.com/fJiiosXl.jpg", "type": "image/imgur", "tags": ["ANNOTATED"], "createdAt": "2020-02-02T16:35:03.083Z", "updatedAt": "2020-02-03T09:12:23.654Z"}, {"id": "35127c4a-7f36-49dc-937d-bab9d91fc767", "url": "https://i.imgur.com/HiU0iBc.jpg", "normalizedUrl": "https://imgur.com/HiU0iBc", "thumbnail": "https://i.imgur.com/HiU0iBcl.jpg", "type": "image/imgur", "tags": ["ANNOTATED"], "createdAt": "2020-02-02T16:40:38.539Z", "updatedAt": "2020-02-03T09:12:23.654Z"}, {"id": "b9670e50-b427-41ee-9003-d6ac6e7ce240", "url": "http://i.imgur.com/o5lcJPA.jpg", "normalizedUrl": "https://imgur.com/o5lcJPA", "thumbnail": "https://i.imgur.com/o5lcJPAl.jpg", "type": "image/imgur", "tags": ["ANNOTATED"], "createdAt": "2020-02-02T16:35:03.083Z", "updatedAt": "2020-02-03T09:12:23.654Z"}, {"id": "1702f80d-8b9b-4df6-b404-9fe687caf27a", "url": "http://i.imgur.com/j3z5BDH.jpg", "normalizedUrl": "https://imgur.com/j3z5BDH", "thumbnail": "https://i.imgur.com/j3z5BDHl.jpg", "type": "image/imgur", "tags": ["ANNOTATED"], "createdAt": "2020-02-02T16:35:03.083Z", "updatedAt": "2020-02-03T09:12:23.654Z"}, {"id": "d3832dfc-0319-4a5d-87cd-322852bf246b", "url": "http://i.imgur.com/3AwpfjQ.jpg", "normalizedUrl": "https://imgur.com/3AwpfjQ", "thumbnail": "https://i.imgur.com/3AwpfjQl.jpg", "type": "image/imgur", "tags": ["ANNOTATED"], "createdAt": "2020-02-02T16:35:03.083Z", "updatedAt": "2020-02-03T09:12:23.654Z"}, {"id": "805938e2-b25e-4646-8e89-036b67bc6da1", "url": "https://i.imgur.com/TjvDy53.jpg", "normalizedUrl": "https://imgur.com/TjvDy53", "thumbnail": "https://i.imgur.com/TjvDy53l.jpg", "type": "image/imgur", "tags": ["ANNOTATED"], "createdAt": "2020-02-02T16:40:38.539Z", "updatedAt": "2020-02-03T09:12:23.654Z"}, {"id": "f74e2151-4473-4a53-ab92-0a8635d95e6d", "url": "http://i.imgur.com/IXKtuZb.jpg", "normalizedUrl": "https://imgur.com/IXKtuZb", "thumbnail": "https://i.imgur.com/IXKtuZbl.jpg", "type": "image/imgur", "tags": ["ANNOTATED"], "createdAt": "2020-02-02T16:35:03.083Z", "updatedAt": "2020-02-03T09:12:23.654Z"}, {"id": "5d822c5c-f39f-49b0-8fcd-4d271514c445", "url": "http://i.imgur.com/L1wGgju.jpg", "normalizedUrl": "https://imgur.com/L1wGgju", "thumbnail": "https://i.imgur.com/L1wGgjul.jpg", "type": "image/imgur", "tags": ["ANNOTATED"], "createdAt": "2020-02-02T16:35:03.083Z", "updatedAt": "2020-02-03T09:12:23.654Z"}, {"id": "8af6b2b7-0350-460f-b974-1941bf0ec186", "url": "http://i.imgur.com/2ZuIZRY.jpg", "normalizedUrl": "https://imgur.com/2ZuIZRY", "thumbnail": "https://i.imgur.com/2ZuIZRYl.jpg", "type": "image/imgur", "tags": ["ANNOTATED"], "createdAt": "2020-02-02T16:35:03.083Z", "updatedAt": "2020-02-03T09:12:23.654Z"}, {"id": "96b7336a-5889-49d6-8547-411ac9fc9db6", "url": "http://i.imgur.com/ufDAtqc.jpg", "normalizedUrl": "https://imgur.com/ufDAtqc", "thumbnail": "https://i.imgur.com/ufDAtqcl.jpg", "type": "image/imgur", "tags": ["ANNOTATED"], "createdAt": "2020-02-02T16:35:03.083Z", "updatedAt": "2020-02-03T09:12:23.654Z"}, {"id": "97ee7f27-b731-41ed-bd22-b551ce307f2f", "url": "http://i.imgur.com/oA5rwjJ.jpg", "normalizedUrl": "https://imgur.com/oA5rwjJ", "thumbnail": "https://i.imgur.com/oA5rwjJl.jpg", "type": "image/imgur", "tags": ["ANNOTATED"], "createdAt": "2020-02-02T16:35:03.083Z", "updatedAt": "2020-02-03T09:12:23.654Z"}], "reactions": [{"id": "286f599c-f86a-4932-82f0-f5a06f1eca03", "count": 24}], "hidden": false, "customStyle": null, "isSuspiciousAccount": false, "layout": "classic", "withImages": true, "withVideos": false, "media": [{"url": "http://i.imgur.com/W7uC4Ut.jpg"}, {"url": "http://i.imgur.com/Uw2QCHp.jpg"}, {"url": "http://i.imgur.com/fJiiosX.jpg"}, {"url": "https://i.imgur.com/HiU0iBc.jpg"}, {"url": "http://i.imgur.com/o5lcJPA.jpg"}, {"url": "http://i.imgur.com/j3z5BDH.jpg"}, {"url": "http://i.imgur.com/3AwpfjQ.jpg"}, {"url": "https://i.imgur.com/TjvDy53.jpg"}, {"url": "http://i.imgur.com/IXKtuZb.jpg"}, {"url": "http://i.imgur.com/L1wGgju.jpg"}, {"url": "http://i.imgur.com/2ZuIZRY.jpg"}, {"url": "http://i.imgur.com/ufDAtqc.jpg"}, {"url": "http://i.imgur.com/oA5rwjJ.jpg"}], "reportReasonText": "", "postAvatar": ""}]