[{"id": 233008034, "title": "🆘 聊天技巧求助", "excerpt": "在法國兩年了但每次都還是覺得派對痛苦⋯，因為我是蠻害羞的人，應該說是我悶騷，超級慢熱的那種，在台灣比較內向的社會都很不會social了更何況歐洲這群瘋子，我在台灣耕耘22年好友大概十個⋯，現在到法國也", "anonymousSchool": false, "anonymousDepartment": false, "pinned": false, "forumId": "6bec54a2-7dfd-46b5-8752-7781b3f91efe", "replyId": null, "createdAt": "2020-02-03T10:03:19.678Z", "updatedAt": "2020-02-03T10:03:19.678Z", "commentCount": 10, "likeCount": 22, "withNickname": true, "tags": ["HIDE_THUMBNAIL"], "topics": ["法國", "社交", "社交障礙", "留學生"], "meta": {"layout": "classic"}, "forumName": "留學", "forumAlias": "studyabroad", "gender": "F", "school": "Samedi", "department": "g_", "replyTitle": null, "mediaMeta": [], "reactions": [{"id": "286f599c-f86a-4932-82f0-f5a06f1eca03", "count": 22}], "hidden": false, "customStyle": null, "isSuspiciousAccount": false, "layout": "classic", "withImages": false, "withVideos": false, "media": [], "reportReasonText": "", "postAvatar": ""}, {"id": 233009846, "title": "延後開學的問題", "excerpt": "我想問一下目前已經拿到國外學校的offer了 可是如果台灣學校延後開學 畢業證書可能要8月才能拿到了 有人也遇到一樣的問題嗎 求解", "anonymousSchool": false, "anonymousDepartment": true, "pinned": false, "forumId": "6bec54a2-7dfd-46b5-8752-7781b3f91efe", "replyId": null, "createdAt": "2020-02-03T14:28:21.134Z", "updatedAt": "2020-02-03T14:28:21.134Z", "commentCount": 5, "likeCount": 8, "withNickname": false, "tags": ["HIDE_THUMBNAIL"], "topics": ["開學", "留學生", "留學"], "meta": {"layout": "classic"}, "forumName": "留學", "forumAlias": "studyabroad", "gender": "M", "school": "逢甲大學", "replyTitle": null, "mediaMeta": [], "reactions": [{"id": "286f599c-f86a-4932-82f0-f5a06f1eca03", "count": 8}], "hidden": false, "customStyle": null, "isSuspiciousAccount": false, "layout": "classic", "withImages": false, "withVideos": false, "media": [], "reportReasonText": "", "postAvatar": ""}, {"id": 233005619, "title": "英國碩士選擇", "excerpt": "想要請問各位學長姊，有關選校的意見，有點不知道該如何選擇。以下是我收到的offer：Bristol - Economics and Finance，優：世界排名較前面，英國老牌學校之一。學校建築很漂亮", "anonymousSchool": false, "anonymousDepartment": true, "pinned": false, "forumId": "6bec54a2-7dfd-46b5-8752-7781b3f91efe", "replyId": null, "createdAt": "2020-02-03T02:31:38.549Z", "updatedAt": "2020-02-03T02:32:15.192Z", "commentCount": 11, "likeCount": 5, "withNickname": false, "tags": [], "topics": ["留學申請", "英國", "碩士"], "meta": {"layout": "classic"}, "forumName": "留學", "forumAlias": "studyabroad", "gender": "F", "school": "東吳大學", "replyTitle": null, "mediaMeta": [], "reactions": [{"id": "286f599c-f86a-4932-82f0-f5a06f1eca03", "count": 5}], "hidden": false, "customStyle": null, "isSuspiciousAccount": false, "layout": "classic", "withImages": false, "withVideos": false, "media": [], "reportReasonText": "", "postAvatar": ""}, {"id": 233011256, "title": "德國口罩缺貨", "excerpt": "想問有人在德國買到口罩嗎？跑了好幾家dm Müller Apotheke都缺貨，走在路上也沒看到有人戴口罩", "anonymousSchool": false, "anonymousDepartment": true, "pinned": false, "forumId": "6bec54a2-7dfd-46b5-8752-7781b3f91efe", "replyId": null, "createdAt": "2020-02-03T17:15:23.300Z", "updatedAt": "2020-02-03T17:15:23.300Z", "commentCount": 1, "likeCount": 4, "withNickname": false, "tags": ["HIDE_THUMBNAIL"], "topics": ["口罩", "德國"], "meta": {"layout": "classic"}, "forumName": "留學", "forumAlias": "studyabroad", "gender": "F", "school": "中國文化大學", "replyTitle": null, "mediaMeta": [], "reactions": [{"id": "286f599c-f86a-4932-82f0-f5a06f1eca03", "count": 4}], "hidden": false, "customStyle": null, "isSuspiciousAccount": false, "layout": "classic", "withImages": false, "withVideos": false, "media": [], "reportReasonText": "", "postAvatar": ""}, {"id": 233009072, "title": "考IELTS - 什麼方法可以由平均4.5-5級 升到 6.5級", "excerpt": "如題，希望大大們可以分享，如何在半年內，由弱的英文底子，自修到可以去外國留學。", "anonymousSchool": false, "anonymousDepartment": false, "pinned": false, "forumId": "6bec54a2-7dfd-46b5-8752-7781b3f91efe", "replyId": null, "createdAt": "2020-02-03T12:44:48.010Z", "updatedAt": "2020-02-03T12:44:48.010Z", "commentCount": 8, "likeCount": 3, "withNickname": false, "tags": [], "topics": ["留學申請", "留學生", "IELTS", "雅思", "澳洲留學"], "meta": {"layout": "classic"}, "forumName": "留學", "forumAlias": "studyabroad", "gender": "M", "school": "香港高等教育科技學院", "department": "環境學系", "replyTitle": null, "mediaMeta": [], "reactions": [{"id": "286f599c-f86a-4932-82f0-f5a06f1eca03", "count": 3}], "hidden": false, "customStyle": null, "isSuspiciousAccount": false, "layout": "classic", "withImages": false, "withVideos": false, "media": [], "reportReasonText": "", "postAvatar": ""}, {"id": 233008052, "title": "法國交換🇫🇷", "excerpt": "想問問板上有沒有正在法國或是在里昂交換或生活的🥳，好想認識一下或是推薦好玩好吃的都好🤩🤩", "anonymousSchool": false, "anonymousDepartment": true, "pinned": false, "forumId": "6bec54a2-7dfd-46b5-8752-7781b3f91efe", "replyId": null, "createdAt": "2020-02-03T10:06:17.277Z", "updatedAt": "2020-02-03T10:06:17.277Z", "commentCount": 0, "likeCount": 2, "withNickname": false, "tags": ["HIDE_THUMBNAIL"], "topics": ["交換學生", "法國留學", "法國", "里昂"], "meta": {"layout": "classic"}, "forumName": "留學", "forumAlias": "studyabroad", "gender": "F", "school": "銘傳大學", "replyTitle": null, "mediaMeta": [], "reactions": [{"id": "286f599c-f86a-4932-82f0-f5a06f1eca03", "count": 2}], "hidden": false, "customStyle": null, "isSuspiciousAccount": false, "layout": "classic", "withImages": false, "withVideos": false, "media": [], "reportReasonText": "", "postAvatar": ""}, {"id": 233006761, "title": "#問 曼大延期offer (Manchester MSc Finance)", "excerpt": "最近收到曼大Finance的offer，校方只給2週的決定時間，但手上還有幾間更想要的學校還沒放榜，剩沒幾天（2/7）就是期限了，很怕繳了訂金後又拿到其他校offer，雖然代辦跟我說曼大不太給延，但還", "anonymousSchool": false, "anonymousDepartment": true, "pinned": false, "forumId": "6bec54a2-7dfd-46b5-8752-7781b3f91efe", "replyId": null, "createdAt": "2020-02-03T06:56:43.343Z", "updatedAt": "2020-02-03T06:56:43.343Z", "commentCount": 8, "likeCount": 2, "withNickname": false, "tags": ["HIDE_THUMBNAIL"], "topics": ["曼大", "留學申請", "英國留學", "留學生", "留學"], "meta": {"layout": "classic"}, "forumName": "留學", "forumAlias": "studyabroad", "gender": "F", "school": "淡江大學", "replyTitle": null, "mediaMeta": [], "reactions": [{"id": "286f599c-f86a-4932-82f0-f5a06f1eca03", "count": 2}], "hidden": false, "customStyle": null, "isSuspiciousAccount": false, "layout": "classic", "withImages": false, "withVideos": false, "media": [], "reportReasonText": "", "postAvatar": ""}, {"id": 233012667, "title": "問：英國跨領域Computer Science選校問題", "excerpt": "各位前輩好，最近拿到幾個offer陷入猶豫中，因為本身是垮領域讀Computer Science（MSc），本身有一些寫程式工作經驗，但以前都是維護比較老舊的系統那種，比較想走創新路線，例如：AI或M", "anonymousSchool": false, "anonymousDepartment": true, "pinned": false, "forumId": "6bec54a2-7dfd-46b5-8752-7781b3f91efe", "replyId": null, "createdAt": "2020-02-04T03:09:43.948Z", "updatedAt": "2020-02-04T03:13:29.981Z", "commentCount": 0, "likeCount": 1, "withNickname": false, "tags": ["HIDE_THUMBNAIL"], "topics": ["英國留學", "英國", "選校"], "meta": {"layout": "classic"}, "forumName": "留學", "forumAlias": "studyabroad", "gender": "F", "school": "國立臺北科技大學", "replyTitle": null, "mediaMeta": [], "reactions": [{"id": "286f599c-f86a-4932-82f0-f5a06f1eca03", "count": 1}], "hidden": false, "customStyle": null, "isSuspiciousAccount": false, "layout": "classic", "withImages": false, "withVideos": false, "media": [], "reportReasonText": "", "postAvatar": ""}, {"id": 233005561, "title": "正式成績單之外可以附別的東西嗎？", "excerpt": "尤其在第一個學期成績有夠爛 英文成績單又是把第一學年成績單放在第一頁 後面相同科目的重修成績都不錯，這種情況下能不能自己附上折線圖跟主要科目成績表（重修後的）？", "anonymousSchool": false, "anonymousDepartment": true, "pinned": false, "forumId": "6bec54a2-7dfd-46b5-8752-7781b3f91efe", "replyId": null, "createdAt": "2020-02-03T02:14:20.815Z", "updatedAt": "2020-02-03T02:14:20.815Z", "commentCount": 5, "likeCount": 1, "withNickname": false, "tags": [], "topics": ["成績"], "meta": {"layout": "classic"}, "forumName": "留學", "forumAlias": "studyabroad", "gender": "M", "school": "國立高雄科技大學", "replyTitle": null, "mediaMeta": [], "reactions": [{"id": "286f599c-f86a-4932-82f0-f5a06f1eca03", "count": 1}], "hidden": false, "customStyle": null, "isSuspiciousAccount": false, "layout": "classic", "withImages": false, "withVideos": false, "media": [], "reportReasonText": "", "postAvatar": ""}, {"id": 233012045, "title": "轉：溫哥華機場及加拿大政府vs武漢肺炎", "excerpt": "", "anonymousSchool": false, "anonymousDepartment": true, "pinned": false, "forumId": "6bec54a2-7dfd-46b5-8752-7781b3f91efe", "replyId": 233011882, "createdAt": "2020-02-03T22:43:56.049Z", "updatedAt": "2020-02-03T22:43:56.049Z", "commentCount": 0, "likeCount": 0, "withNickname": false, "tags": [], "topics": ["溫哥華", "口罩", "防疫", "時事", "2019新型冠狀病毒"], "meta": {"crossPostId": 233011882}, "forumName": "留學", "forumAlias": "studyabroad", "gender": "F", "school": "英屬哥倫比亞大學", "replyTitle": "溫哥華機場及加拿大政府vs武漢肺炎", "mediaMeta": [], "reactions": [], "hidden": false, "customStyle": null, "isSuspiciousAccount": false, "layout": "classic", "withImages": false, "withVideos": false, "media": [], "reportReasonText": "", "postAvatar": ""}, {"id": 233009493, "title": "#問 日本sim卡沒辦法上網", "excerpt": "我當初來日本留學的時候是帶台灣的手機，當初的電信業者幫我在我手機裡下載了描述檔，說是讓我的手機可以放日本的sim卡用的。但是最近我在日本買了個新手機，插上sim卡之後反而出現了「PDP認證失敗」的字而", "anonymousSchool": false, "anonymousDepartment": true, "pinned": false, "forumId": "6bec54a2-7dfd-46b5-8752-7781b3f91efe", "replyId": null, "createdAt": "2020-02-03T13:42:36.109Z", "updatedAt": "2020-02-03T13:42:36.109Z", "commentCount": 2, "likeCount": 0, "withNickname": false, "tags": ["HIDE_THUMBNAIL"], "topics": ["日本", "sim卡"], "meta": {"layout": "classic"}, "forumName": "留學", "forumAlias": "studyabroad", "gender": "M", "school": "國立虎尾科技大學", "replyTitle": null, "mediaMeta": [], "reactions": [], "hidden": false, "customStyle": null, "isSuspiciousAccount": false, "layout": "classic", "withImages": false, "withVideos": false, "media": [], "reportReasonText": "", "postAvatar": ""}, {"id": 233007515, "title": "SOP撰寫指導的行情價？", "excerpt": "請問曾經花錢請人指導的大約花了多少錢呢", "anonymousSchool": false, "anonymousDepartment": true, "pinned": false, "forumId": "6bec54a2-7dfd-46b5-8752-7781b3f91efe", "replyId": null, "createdAt": "2020-02-03T08:58:00.802Z", "updatedAt": "2020-02-03T08:58:00.802Z", "commentCount": 1, "likeCount": 0, "withNickname": false, "tags": [], "topics": ["指導"], "meta": {"layout": "classic"}, "forumName": "留學", "forumAlias": "studyabroad", "gender": "M", "school": "國立高雄科技大學", "replyTitle": null, "mediaMeta": [], "reactions": [], "hidden": false, "customStyle": null, "isSuspiciousAccount": false, "layout": "classic", "withImages": false, "withVideos": false, "media": [], "reportReasonText": "", "postAvatar": ""}, {"id": 233006008, "title": "有今年四月也要去名古屋留學的人嗎？", "excerpt": "有今年四月也要去名古屋留學的人嗎？我在YMCA，想加群互助會！", "anonymousSchool": false, "anonymousDepartment": true, "pinned": false, "forumId": "6bec54a2-7dfd-46b5-8752-7781b3f91efe", "replyId": null, "createdAt": "2020-02-03T04:09:30.607Z", "updatedAt": "2020-02-03T04:09:30.607Z", "commentCount": 4, "likeCount": 0, "withNickname": false, "tags": ["HIDE_THUMBNAIL"], "topics": ["留學", "名古屋", "日本留學"], "meta": {"layout": "classic"}, "forumName": "留學", "forumAlias": "studyabroad", "gender": "F", "school": "明新科技大學", "replyTitle": null, "mediaMeta": [], "reactions": [], "hidden": false, "customStyle": null, "isSuspiciousAccount": false, "layout": "classic", "withImages": false, "withVideos": false, "media": [], "reportReasonText": "", "postAvatar": ""}]