[{"id": 233004512, "title": "2月的感情發展（限戀人）", "excerpt": "大家好～我是花花占卜室的花花，有什麼問題歡迎到我的唉居走走，抽到第一組牌的花粉  看起來你想要有一段穩定的感情  但卻沒有付出行動只是一直想著你想要的狀態  他的部分他覺得你們之間的關係不平衡  似乎", "anonymousSchool": false, "anonymousDepartment": true, "pinned": false, "forumId": "50b54456-b7d2-455c-a5b3-a883bba6f1a2", "replyId": null, "createdAt": "2020-02-02T17:29:38.221Z", "updatedAt": "2020-02-02T17:29:38.221Z", "commentCount": 4, "likeCount": 12, "withNickname": false, "tags": [], "topics": ["戀人", "2月", "塔羅", "占卜", "解牌"], "meta": {"layout": "classic"}, "forumName": "塔羅", "forumAlias": "tarot", "gender": "F", "school": "康寧大學", "replyTitle": null, "mediaMeta": [{"id": "4816e6c6-01a2-4ecd-825a-707801c2b152", "url": "https://megapx-assets.dcard.tw/images/292ac107-6560-42f6-a798-0f4ae29ba316/640.jpeg", "normalizedUrl": "https://megapx-assets.dcard.tw/images/292ac107-6560-42f6-a798-0f4ae29ba316/640.jpeg", "thumbnail": "https://megapx-assets.dcard.tw/images/292ac107-6560-42f6-a798-0f4ae29ba316/640.jpeg", "type": "image/thumbnail", "tags": [], "createdAt": "2020-02-02T17:29:38.221Z", "updatedAt": "2020-02-02T17:29:38.221Z", "width": 479, "height": 640}, {"id": "4816e6c6-01a2-4ecd-825a-707801c2b152", "url": "https://megapx-assets.dcard.tw/images/292ac107-6560-42f6-a798-0f4ae29ba316/full.jpeg", "normalizedUrl": "https://megapx.dcard.tw/v1/images/292ac107-6560-42f6-a798-0f4ae29ba316", "thumbnail": "https://megapx-assets.dcard.tw/images/292ac107-6560-42f6-a798-0f4ae29ba316/640.jpeg", "type": "image/megapx", "tags": [], "createdAt": "2020-02-02T17:29:38.221Z", "updatedAt": "2020-02-02T17:29:38.221Z", "width": 828, "height": 1106}, {"id": "684d48b0-d8d1-4862-9e16-11ebc72efb59", "url": "https://megapx-assets.dcard.tw/images/21258b78-613e-4d59-8017-6db30b76b2a8/1280.jpeg", "normalizedUrl": "https://megapx.dcard.tw/v1/images/21258b78-613e-4d59-8017-6db30b76b2a8", "thumbnail": "https://megapx-assets.dcard.tw/images/21258b78-613e-4d59-8017-6db30b76b2a8/640.jpeg", "type": "image/megapx", "tags": [], "createdAt": "2020-02-02T17:29:38.221Z", "updatedAt": "2020-02-02T17:29:38.221Z", "width": 1108, "height": 1478}, {"id": "19f4ef10-e0f0-46c8-b8c9-8f70d7c5bca3", "url": "https://megapx-assets.dcard.tw/images/56a853e8-93e0-40e9-8cc9-e0b20792ebe9/1280.jpeg", "normalizedUrl": "https://megapx.dcard.tw/v1/images/56a853e8-93e0-40e9-8cc9-e0b20792ebe9", "thumbnail": "https://megapx-assets.dcard.tw/images/56a853e8-93e0-40e9-8cc9-e0b20792ebe9/640.jpeg", "type": "image/megapx", "tags": [], "createdAt": "2020-02-02T17:29:38.221Z", "updatedAt": "2020-02-02T17:29:38.221Z", "width": 1108, "height": 1478}, {"id": "f1ba3c7a-28dc-4ca5-b8b8-1ecdb8be6fa7", "url": "https://megapx-assets.dcard.tw/images/a845c668-eba5-4da9-aa84-54d9a0c3c150/1280.jpeg", "normalizedUrl": "https://megapx.dcard.tw/v1/images/a845c668-eba5-4da9-aa84-54d9a0c3c150", "thumbnail": "https://megapx-assets.dcard.tw/images/a845c668-eba5-4da9-aa84-54d9a0c3c150/640.jpeg", "type": "image/megapx", "tags": [], "createdAt": "2020-02-02T17:29:38.221Z", "updatedAt": "2020-02-02T17:29:38.221Z", "width": 1108, "height": 1478}, {"id": "9e8ecc9c-5bde-485e-a209-d52db2148cf5", "url": "https://megapx-assets.dcard.tw/images/dcc88a59-8c25-4fcd-bc88-225b7877737f/1280.jpeg", "normalizedUrl": "https://megapx.dcard.tw/v1/images/dcc88a59-8c25-4fcd-bc88-225b7877737f", "thumbnail": "https://megapx-assets.dcard.tw/images/dcc88a59-8c25-4fcd-bc88-225b7877737f/640.jpeg", "type": "image/megapx", "tags": [], "createdAt": "2020-02-02T17:29:38.221Z", "updatedAt": "2020-02-02T17:29:38.221Z", "width": 1108, "height": 1478}], "reactions": [{"id": "286f599c-f86a-4932-82f0-f5a06f1eca03", "count": 12}], "hidden": false, "customStyle": null, "isSuspiciousAccount": false, "layout": "classic", "withImages": true, "withVideos": false, "media": [{"url": "https://megapx-assets.dcard.tw/images/292ac107-6560-42f6-a798-0f4ae29ba316/full.jpeg"}, {"url": "https://megapx-assets.dcard.tw/images/21258b78-613e-4d59-8017-6db30b76b2a8/1280.jpeg"}, {"url": "https://megapx-assets.dcard.tw/images/56a853e8-93e0-40e9-8cc9-e0b20792ebe9/1280.jpeg"}, {"url": "https://megapx-assets.dcard.tw/images/a845c668-eba5-4da9-aa84-54d9a0c3c150/1280.jpeg"}, {"url": "https://megapx-assets.dcard.tw/images/dcc88a59-8c25-4fcd-bc88-225b7877737f/1280.jpeg"}], "reportReasonText": "", "postAvatar": ""}, {"id": 233010795, "title": "高雄有推薦的紫微斗數大師嗎？", "excerpt": "想要算一下感情，我從去年年中分手後，就完全沒有桃花出現了，想知道我的緣分何時來⋯，如果有當面算過或是真的有應驗的，拜託貼上來讓我參考吧", "anonymousSchool": false, "anonymousDepartment": false, "pinned": false, "forumId": "50b54456-b7d2-455c-a5b3-a883bba6f1a2", "replyId": null, "createdAt": "2020-02-03T16:17:20.027Z", "updatedAt": "2020-02-03T16:17:20.027Z", "commentCount": 0, "likeCount": 3, "withNickname": true, "tags": ["HIDE_THUMBNAIL"], "topics": ["紫微斗數", "高雄", "感情", "愛情", "算命"], "meta": {"layout": "classic"}, "forumName": "塔羅", "forumAlias": "tarot", "gender": "F", "school": "熊哥", "department": "sh39853", "replyTitle": null, "mediaMeta": [], "reactions": [{"id": "286f599c-f86a-4932-82f0-f5a06f1eca03", "count": 3}], "hidden": false, "customStyle": null, "isSuspiciousAccount": false, "layout": "classic", "withImages": false, "withVideos": false, "media": [], "reportReasonText": "", "postAvatar": ""}, {"id": 233012343, "title": "想請問我的遺失物找得回來嗎？", "excerpt": "拜託好心的卡友們幫忙解牌，我想詢問我的遺失物找得回來嗎？", "anonymousSchool": false, "anonymousDepartment": true, "pinned": false, "forumId": "50b54456-b7d2-455c-a5b3-a883bba6f1a2", "replyId": null, "createdAt": "2020-02-04T01:53:04.140Z", "updatedAt": "2020-02-04T01:53:04.140Z", "commentCount": 2, "likeCount": 2, "withNickname": false, "tags": [], "topics": ["塔羅"], "meta": {"layout": "classic"}, "forumName": "塔羅", "forumAlias": "tarot", "gender": "F", "school": "育達科技大學", "replyTitle": null, "mediaMeta": [{"id": "17ba7496-d356-47d6-a4c8-b43095ba6d77", "url": "https://megapx-assets.dcard.tw/images/6edd2d9b-303a-4cfb-a3bd-b56ab37a0f71/640.jpeg", "normalizedUrl": "https://megapx-assets.dcard.tw/images/6edd2d9b-303a-4cfb-a3bd-b56ab37a0f71/640.jpeg", "thumbnail": "https://megapx-assets.dcard.tw/images/6edd2d9b-303a-4cfb-a3bd-b56ab37a0f71/640.jpeg", "type": "image/thumbnail", "tags": ["ANNOTATED"], "createdAt": "2020-02-04T01:53:04.140Z", "updatedAt": "2020-02-04T01:53:04.140Z", "width": 640, "height": 480}, {"id": "17ba7496-d356-47d6-a4c8-b43095ba6d77", "url": "https://megapx-assets.dcard.tw/images/6edd2d9b-303a-4cfb-a3bd-b56ab37a0f71/1280.jpeg", "normalizedUrl": "https://megapx.dcard.tw/v1/images/6edd2d9b-303a-4cfb-a3bd-b56ab37a0f71", "thumbnail": "https://megapx-assets.dcard.tw/images/6edd2d9b-303a-4cfb-a3bd-b56ab37a0f71/640.jpeg", "type": "image/megapx", "tags": ["ANNOTATED"], "createdAt": "2020-02-04T01:53:04.140Z", "updatedAt": "2020-02-04T01:53:04.140Z", "width": 2000, "height": 1500}], "reactions": [{"id": "e8e6bc5d-41b0-4129-b134-97507523d7ff", "count": 2}], "hidden": false, "customStyle": null, "isSuspiciousAccount": false, "layout": "classic", "withImages": true, "withVideos": false, "media": [{"url": "https://megapx-assets.dcard.tw/images/6edd2d9b-303a-4cfb-a3bd-b56ab37a0f71/1280.jpeg"}], "reportReasonText": "", "postAvatar": ""}, {"id": 233009307, "title": "撲克牌占卜", "excerpt": "想自學想問有沒有推薦的書籍，在網上看到好多，最多的是akak9，有推薦的書籍嗎🤔", "anonymousSchool": false, "anonymousDepartment": false, "pinned": false, "forumId": "50b54456-b7d2-455c-a5b3-a883bba6f1a2", "replyId": null, "createdAt": "2020-02-03T13:18:17.151Z", "updatedAt": "2020-02-03T13:18:17.151Z", "commentCount": 5, "likeCount": 0, "withNickname": true, "tags": [], "topics": ["占卜", "撲克牌", "新手發問"], "meta": {"layout": "classic"}, "forumName": "塔羅", "forumAlias": "tarot", "gender": "F", "school": "又yo又yo", "department": "monalisa_______", "replyTitle": null, "mediaMeta": [], "reactions": [], "hidden": false, "customStyle": null, "isSuspiciousAccount": false, "layout": "classic", "withImages": false, "withVideos": false, "media": [], "reportReasonText": "", "postAvatar": ""}]