[{"id": 233005923, "title": "說不想延後放假放到懷疑人生的", "excerpt": "我不懂欸 延後開學不單單只是為了讓人放假 你們也可以不用耍廢到懷疑人生 說放假假期本質一樣的也是 到底知不知道這次要放假的意義不就是為了不讓病情嚴重嗎 你們想感染當喪屍自己去好嗎？不要集體演失速列車 ", "anonymousSchool": false, "anonymousDepartment": true, "pinned": false, "forumId": "5120400e-e5e6-4676-a1b8-75a13625ecea", "replyId": null, "createdAt": "2020-02-03T03:48:52.344Z", "updatedAt": "2020-02-03T05:31:34.758Z", "commentCount": 32, "likeCount": 138, "withNickname": false, "tags": [], "topics": ["延後開學", "淡江大學", "校園"], "meta": {"layout": "classic"}, "forumName": "淡江大學", "forumAlias": "tku", "gender": "F", "school": "淡江大學", "replyTitle": null, "mediaMeta": [], "reactions": [{"id": "286f599c-f86a-4932-82f0-f5a06f1eca03", "count": 134}, {"id": "aa0d425f-d530-4478-9a77-fe3aedc79eea", "count": 4}], "hidden": false, "customStyle": null, "isSuspiciousAccount": false, "layout": "classic", "withImages": false, "withVideos": false, "media": [], "reportReasonText": "", "postAvatar": ""}, {"id": 233007585, "title": "更新 #新增02/25開學的可能 延期至03/02開學 期末考週可能會與搬家相撞", "excerpt": "大家應該都看到了大專院校，統一延後至03/02開學的通知，這樣想一想 突然想到一個問題，期末考週會落在06/29-07/03，而大部分的人房子租約都是到06/30，如果沒有要續租的人，很可能要面臨邊考", "anonymousSchool": false, "anonymousDepartment": true, "pinned": false, "forumId": "5120400e-e5e6-4676-a1b8-75a13625ecea", "replyId": null, "createdAt": "2020-02-03T09:04:08.878Z", "updatedAt": "2020-02-03T12:22:18.797Z", "commentCount": 17, "likeCount": 109, "withNickname": false, "tags": [], "topics": ["開學"], "meta": {"layout": "classic"}, "forumName": "淡江大學", "forumAlias": "tku", "gender": "M", "school": "淡江大學", "replyTitle": null, "mediaMeta": [{"id": "ec0518a5-3dd6-402d-891e-5e725957a1c4", "url": "https://megapx-assets.dcard.tw/images/8b3fc5a3-747e-40a8-890f-7f630ced23f9/640.jpeg", "normalizedUrl": "https://megapx-assets.dcard.tw/images/8b3fc5a3-747e-40a8-890f-7f630ced23f9/640.jpeg", "thumbnail": "https://megapx-assets.dcard.tw/images/8b3fc5a3-747e-40a8-890f-7f630ced23f9/640.jpeg", "type": "image/thumbnail", "tags": ["ANNOTATED"], "createdAt": "2020-02-03T09:04:08.878Z", "updatedAt": "2020-02-03T12:22:18.797Z", "width": 360, "height": 640}, {"id": "ec0518a5-3dd6-402d-891e-5e725957a1c4", "url": "https://megapx-assets.dcard.tw/images/8b3fc5a3-747e-40a8-890f-7f630ced23f9/1280.jpeg", "normalizedUrl": "https://megapx.dcard.tw/v1/images/8b3fc5a3-747e-40a8-890f-7f630ced23f9", "thumbnail": "https://megapx-assets.dcard.tw/images/8b3fc5a3-747e-40a8-890f-7f630ced23f9/640.jpeg", "type": "image/megapx", "tags": ["ANNOTATED"], "createdAt": "2020-02-03T09:04:08.878Z", "updatedAt": "2020-02-03T12:22:18.797Z", "width": 750, "height": 1334}], "reactions": [{"id": "286f599c-f86a-4932-82f0-f5a06f1eca03", "count": 109}], "hidden": false, "customStyle": null, "isSuspiciousAccount": false, "layout": "classic", "withImages": true, "withVideos": false, "media": [{"url": "https://megapx-assets.dcard.tw/images/8b3fc5a3-747e-40a8-890f-7f630ced23f9/1280.jpeg"}], "reportReasonText": "", "postAvatar": ""}, {"id": 233005279, "title": "此時的蘭陽校區", "excerpt": "突發其想做了這張圖，想問大家，如果你們是校方會怎麼做呢？很明顯今天校方就是功利主義為主的思想，那麼各位呢？", "anonymousSchool": false, "anonymousDepartment": true, "pinned": false, "forumId": "5120400e-e5e6-4676-a1b8-75a13625ecea", "replyId": null, "createdAt": "2020-02-02T23:40:40.456Z", "updatedAt": "2020-02-02T23:40:40.456Z", "commentCount": 6, "likeCount": 56, "withNickname": false, "tags": [], "topics": [], "meta": {"layout": "classic"}, "forumName": "淡江大學", "forumAlias": "tku", "gender": "M", "school": "淡江大學", "replyTitle": null, "mediaMeta": [{"id": "a9404b80-575b-4651-ad5a-c53d04cd1d0e", "url": "https://megapx-assets.dcard.tw/images/25cd0967-611d-49ee-aa55-34ca46105d7d/640.jpeg", "normalizedUrl": "https://megapx-assets.dcard.tw/images/25cd0967-611d-49ee-aa55-34ca46105d7d/640.jpeg", "thumbnail": "https://megapx-assets.dcard.tw/images/25cd0967-611d-49ee-aa55-34ca46105d7d/640.jpeg", "type": "image/thumbnail", "tags": [], "createdAt": "2020-02-02T23:40:40.456Z", "updatedAt": "2020-02-02T23:40:40.456Z", "width": 637, "height": 640}, {"id": "a9404b80-575b-4651-ad5a-c53d04cd1d0e", "url": "https://megapx-assets.dcard.tw/images/25cd0967-611d-49ee-aa55-34ca46105d7d/full.jpeg", "normalizedUrl": "https://megapx.dcard.tw/v1/images/25cd0967-611d-49ee-aa55-34ca46105d7d", "thumbnail": "https://megapx-assets.dcard.tw/images/25cd0967-611d-49ee-aa55-34ca46105d7d/640.jpeg", "type": "image/megapx", "tags": [], "createdAt": "2020-02-02T23:40:40.456Z", "updatedAt": "2020-02-02T23:40:40.456Z", "width": 750, "height": 754}], "reactions": [{"id": "286f599c-f86a-4932-82f0-f5a06f1eca03", "count": 56}], "hidden": false, "customStyle": null, "isSuspiciousAccount": false, "layout": "classic", "withImages": true, "withVideos": false, "media": [{"url": "https://megapx-assets.dcard.tw/images/25cd0967-611d-49ee-aa55-34ca46105d7d/full.jpeg"}], "reportReasonText": "", "postAvatar": ""}, {"id": 233009968, "title": "開學時間", "excerpt": "目前確定的是 一定會延，但是哪一天開學 要等明天學校開完會決定", "anonymousSchool": false, "anonymousDepartment": true, "pinned": false, "forumId": "5120400e-e5e6-4676-a1b8-75a13625ecea", "replyId": null, "createdAt": "2020-02-03T14:43:26.772Z", "updatedAt": "2020-02-03T14:43:26.772Z", "commentCount": 4, "likeCount": 34, "withNickname": false, "tags": [], "topics": [], "meta": {"layout": "classic"}, "forumName": "淡江大學", "forumAlias": "tku", "gender": "M", "school": "淡江大學", "replyTitle": null, "mediaMeta": [{"id": "346fc34e-2564-4897-b6ad-0f86b718ff15", "url": "https://megapx-assets.dcard.tw/images/a830ddf7-1a9f-4df8-95d3-6519c0ef0c0c/640.jpeg", "normalizedUrl": "https://megapx-assets.dcard.tw/images/a830ddf7-1a9f-4df8-95d3-6519c0ef0c0c/640.jpeg", "thumbnail": "https://megapx-assets.dcard.tw/images/a830ddf7-1a9f-4df8-95d3-6519c0ef0c0c/640.jpeg", "type": "image/thumbnail", "tags": [], "createdAt": "2020-02-03T14:43:26.772Z", "updatedAt": "2020-02-03T14:43:26.772Z", "width": 640, "height": 640}, {"id": "346fc34e-2564-4897-b6ad-0f86b718ff15", "url": "https://megapx-assets.dcard.tw/images/a830ddf7-1a9f-4df8-95d3-6519c0ef0c0c/1280.jpeg", "normalizedUrl": "https://megapx.dcard.tw/v1/images/a830ddf7-1a9f-4df8-95d3-6519c0ef0c0c", "thumbnail": "https://megapx-assets.dcard.tw/images/a830ddf7-1a9f-4df8-95d3-6519c0ef0c0c/640.jpeg", "type": "image/megapx", "tags": [], "createdAt": "2020-02-03T14:43:26.772Z", "updatedAt": "2020-02-03T14:43:26.772Z", "width": 2000, "height": 2000}], "reactions": [{"id": "286f599c-f86a-4932-82f0-f5a06f1eca03", "count": 34}], "hidden": false, "customStyle": null, "isSuspiciousAccount": false, "layout": "classic", "withImages": true, "withVideos": false, "media": [{"url": "https://megapx-assets.dcard.tw/images/a830ddf7-1a9f-4df8-95d3-6519c0ef0c0c/1280.jpeg"}], "reportReasonText": "", "postAvatar": ""}, {"id": 233007291, "title": "確定了", "excerpt": "確定了 延後開學，那暑假絕對延後放吧？", "anonymousSchool": false, "anonymousDepartment": true, "pinned": false, "forumId": "5120400e-e5e6-4676-a1b8-75a13625ecea", "replyId": null, "createdAt": "2020-02-03T08:32:57.330Z", "updatedAt": "2020-02-03T08:32:57.330Z", "commentCount": 8, "likeCount": 24, "withNickname": false, "tags": [], "topics": ["淡江大學"], "meta": {"layout": "classic"}, "forumName": "淡江大學", "forumAlias": "tku", "gender": "M", "school": "淡江大學", "replyTitle": null, "mediaMeta": [{"id": "b3894cf3-81f5-4f2d-9e81-1fa813528cb4", "url": "https://i.imgur.com/LlH71FEl.jpg", "normalizedUrl": "https://i.imgur.com/LlH71FEl.jpg", "thumbnail": "https://i.imgur.com/LlH71FEl.jpg", "type": "image/thumbnail", "tags": ["ANNOTATED"], "createdAt": "2020-02-03T08:32:57.330Z", "updatedAt": "2020-02-03T08:32:57.330Z"}, {"id": "b3894cf3-81f5-4f2d-9e81-1fa813528cb4", "url": "https://i.imgur.com/LlH71FE.png", "normalizedUrl": "https://imgur.com/LlH71FE", "thumbnail": "https://i.imgur.com/LlH71FEl.jpg", "type": "image/imgur", "tags": ["ANNOTATED"], "createdAt": "2020-02-03T08:32:57.330Z", "updatedAt": "2020-02-03T08:32:57.330Z"}], "reactions": [{"id": "286f599c-f86a-4932-82f0-f5a06f1eca03", "count": 24}], "hidden": false, "customStyle": null, "isSuspiciousAccount": false, "layout": "classic", "withImages": true, "withVideos": false, "media": [{"url": "https://i.imgur.com/LlH71FE.png"}], "reportReasonText": "", "postAvatar": ""}, {"id": 233008126, "title": "紀念一下", "excerpt": "這可能是校版有史以來問什麼時候開學不會被罵的：），所以什麼時候開學啊到底？一下3/2一下2/25一下專案處理但一致延後", "anonymousSchool": false, "anonymousDepartment": true, "pinned": false, "forumId": "5120400e-e5e6-4676-a1b8-75a13625ecea", "replyId": null, "createdAt": "2020-02-03T10:18:09.419Z", "updatedAt": "2020-02-03T10:18:09.419Z", "commentCount": 16, "likeCount": 23, "withNickname": false, "tags": ["HIDE_THUMBNAIL"], "topics": ["開學日", "淡江大學", "武漢肺炎"], "meta": {"layout": "classic"}, "forumName": "淡江大學", "forumAlias": "tku", "gender": "F", "school": "淡江大學", "replyTitle": null, "mediaMeta": [], "reactions": [{"id": "286f599c-f86a-4932-82f0-f5a06f1eca03", "count": 23}], "hidden": false, "customStyle": null, "isSuspiciousAccount": false, "layout": "classic", "withImages": false, "withVideos": false, "media": [], "reportReasonText": "", "postAvatar": ""}, {"id": 233008385, "title": "［實習職缺］淡江快一點LINE智慧點餐校園大使", "excerpt": "歡迎淡江的同學一起加入，【實習】快一點LINE智慧點餐 2020全台校園大使招募中，【公司名稱】路遊數位股份有限公司，【工作職缺】2020全台校園大使，#活動報名最後一週，---，｜快一點是什麼｜快一", "anonymousSchool": false, "anonymousDepartment": true, "pinned": false, "forumId": "5120400e-e5e6-4676-a1b8-75a13625ecea", "replyId": null, "createdAt": "2020-02-03T10:50:22.772Z", "updatedAt": "2020-02-03T10:50:22.772Z", "commentCount": 0, "likeCount": 19, "withNickname": false, "tags": [], "topics": ["實習", "淡江", "智慧", "校園"], "meta": {"layout": "classic"}, "forumName": "淡江大學", "forumAlias": "tku", "gender": "F", "school": "淡江大學", "replyTitle": null, "mediaMeta": [{"id": "cf636f93-9b79-4636-91f7-16adab1c450d", "url": "https://i.imgur.com/GkPmfRDl.jpg", "normalizedUrl": "https://i.imgur.com/GkPmfRDl.jpg", "thumbnail": "https://i.imgur.com/GkPmfRDl.jpg", "type": "image/thumbnail", "tags": ["ANNOTATED"], "createdAt": "2020-02-03T10:50:22.772Z", "updatedAt": "2020-02-03T10:50:22.772Z"}, {"id": "cf636f93-9b79-4636-91f7-16adab1c450d", "url": "https://i.imgur.com/GkPmfRD.jpg", "normalizedUrl": "https://imgur.com/GkPmfRD", "thumbnail": "https://i.imgur.com/GkPmfRDl.jpg", "type": "image/imgur", "tags": ["ANNOTATED"], "createdAt": "2020-02-03T10:50:22.772Z", "updatedAt": "2020-02-03T10:50:22.772Z"}], "reactions": [{"id": "286f599c-f86a-4932-82f0-f5a06f1eca03", "count": 19}], "hidden": false, "customStyle": null, "isSuspiciousAccount": false, "layout": "classic", "withImages": true, "withVideos": false, "media": [{"url": "https://i.imgur.com/GkPmfRD.jpg"}], "reportReasonText": "", "postAvatar": ""}, {"id": 233007260, "title": "延後開學也太靠腰了吧？", "excerpt": "今年六月要考高考或三等特考或是大學以上學歷的考試怎麼辦？像我要考的特考規定要掛6月畢業的章（七月的不行），這樣延後開學的話如果有修非畢業班課程的大四生可能會要到6月底或七月初成績才會出來，畢業證書可能", "anonymousSchool": false, "anonymousDepartment": true, "pinned": false, "forumId": "5120400e-e5e6-4676-a1b8-75a13625ecea", "replyId": null, "createdAt": "2020-02-03T08:30:53.449Z", "updatedAt": "2020-02-03T08:32:01.224Z", "commentCount": 22, "likeCount": 18, "withNickname": false, "tags": [], "topics": [], "meta": {"layout": "classic"}, "forumName": "淡江大學", "forumAlias": "tku", "gender": "M", "school": "淡江大學", "replyTitle": null, "mediaMeta": [], "reactions": [{"id": "286f599c-f86a-4932-82f0-f5a06f1eca03", "count": 18}], "hidden": false, "customStyle": null, "isSuspiciousAccount": false, "layout": "classic", "withImages": false, "withVideos": false, "media": [], "reportReasonText": "", "postAvatar": ""}, {"id": 233007194, "title": "延延延", "excerpt": "確定延延延延延延延延延延延延延延延", "anonymousSchool": false, "anonymousDepartment": true, "pinned": false, "forumId": "5120400e-e5e6-4676-a1b8-75a13625ecea", "replyId": null, "createdAt": "2020-02-03T08:23:37.580Z", "updatedAt": "2020-02-03T08:23:37.580Z", "commentCount": 3, "likeCount": 17, "withNickname": false, "tags": [], "topics": ["淡江大學", "開學日"], "meta": {"layout": "classic"}, "forumName": "淡江大學", "forumAlias": "tku", "gender": "F", "school": "淡江大學", "replyTitle": null, "mediaMeta": [{"id": "6ee8dd9d-bd57-4e99-8dfa-2aea6960f8c1", "url": "https://i.imgur.com/6UpgbVgl.jpg", "normalizedUrl": "https://i.imgur.com/6UpgbVgl.jpg", "thumbnail": "https://i.imgur.com/6UpgbVgl.jpg", "type": "image/thumbnail", "tags": ["ANNOTATED"], "createdAt": "2020-02-03T08:23:37.580Z", "updatedAt": "2020-02-03T08:23:37.580Z"}, {"id": "6ee8dd9d-bd57-4e99-8dfa-2aea6960f8c1", "url": "https://i.imgur.com/6UpgbVg.jpg", "normalizedUrl": "https://imgur.com/6UpgbVg", "thumbnail": "https://i.imgur.com/6UpgbVgl.jpg", "type": "image/imgur", "tags": ["ANNOTATED"], "createdAt": "2020-02-03T08:23:37.580Z", "updatedAt": "2020-02-03T08:23:37.580Z"}], "reactions": [{"id": "286f599c-f86a-4932-82f0-f5a06f1eca03", "count": 17}], "hidden": false, "customStyle": null, "isSuspiciousAccount": false, "layout": "classic", "withImages": true, "withVideos": false, "media": [{"url": "https://i.imgur.com/6UpgbVg.jpg"}], "reportReasonText": "", "postAvatar": ""}, {"id": 233007292, "title": "延後開學延後暑假", "excerpt": "教育部達成共識所有大學延後開學到3/2，更：又改2/25了", "anonymousSchool": false, "anonymousDepartment": true, "pinned": false, "forumId": "5120400e-e5e6-4676-a1b8-75a13625ecea", "replyId": null, "createdAt": "2020-02-03T08:32:57.125Z", "updatedAt": "2020-02-03T10:03:23.961Z", "commentCount": 19, "likeCount": 16, "withNickname": false, "tags": ["HIDE_THUMBNAIL"], "topics": [], "meta": {"layout": "classic"}, "forumName": "淡江大學", "forumAlias": "tku", "gender": "F", "school": "淡江大學", "replyTitle": null, "mediaMeta": [], "reactions": [{"id": "286f599c-f86a-4932-82f0-f5a06f1eca03", "count": 14}, {"id": "aa0d425f-d530-4478-9a77-fe3aedc79eea", "count": 2}], "hidden": false, "customStyle": null, "isSuspiciousAccount": false, "layout": "classic", "withImages": false, "withVideos": false, "media": [], "reportReasonText": "", "postAvatar": ""}, {"id": 233008220, "title": "租屋可養寵物不能養貓", "excerpt": "-抱怨文，不喜勿入-，如題，我今天上了淡江透可租屋中心幫我男友找房子，男友育有一隻小虎斑貓，故排除了內容禁止的租房，看到了一個打著房東喜歡寵物的內容，開心地立馬聯繫該名幫忙刊登的同學，得到以下的狀況：", "anonymousSchool": false, "anonymousDepartment": true, "pinned": false, "forumId": "5120400e-e5e6-4676-a1b8-75a13625ecea", "replyId": null, "createdAt": "2020-02-03T10:29:18.921Z", "updatedAt": "2020-02-03T11:00:59.765Z", "commentCount": 22, "likeCount": 14, "withNickname": false, "tags": [], "topics": ["淡江大學", "租屋", "寵物", "養貓", "校園"], "meta": {"layout": "classic"}, "forumName": "淡江大學", "forumAlias": "tku", "gender": "F", "school": "淡江大學", "replyTitle": null, "mediaMeta": [{"id": "fddb0b6f-6111-44d0-9def-792c5449f6d6", "url": "https://megapx-assets.dcard.tw/images/e87e6741-ec1c-4bd5-8d96-2c18f4844b84/640.jpeg", "normalizedUrl": "https://megapx-assets.dcard.tw/images/e87e6741-ec1c-4bd5-8d96-2c18f4844b84/640.jpeg", "thumbnail": "https://megapx-assets.dcard.tw/images/e87e6741-ec1c-4bd5-8d96-2c18f4844b84/640.jpeg", "type": "image/thumbnail", "tags": ["ANNOTATED"], "createdAt": "2020-02-03T10:29:18.921Z", "updatedAt": "2020-02-03T11:00:59.765Z", "width": 360, "height": 640}, {"id": "fddb0b6f-6111-44d0-9def-792c5449f6d6", "url": "https://megapx-assets.dcard.tw/images/e87e6741-ec1c-4bd5-8d96-2c18f4844b84/1280.jpeg", "normalizedUrl": "https://megapx.dcard.tw/v1/images/e87e6741-ec1c-4bd5-8d96-2c18f4844b84", "thumbnail": "https://megapx-assets.dcard.tw/images/e87e6741-ec1c-4bd5-8d96-2c18f4844b84/640.jpeg", "type": "image/megapx", "tags": ["ANNOTATED"], "createdAt": "2020-02-03T10:29:18.921Z", "updatedAt": "2020-02-03T11:00:59.765Z", "width": 1125, "height": 2000}, {"id": "818e962b-f95c-45fc-a1dc-915075bc69d7", "url": "https://megapx-assets.dcard.tw/images/2a7a839c-142c-4b48-929a-d5ac8f0bb9db/1280.jpeg", "normalizedUrl": "https://megapx.dcard.tw/v1/images/2a7a839c-142c-4b48-929a-d5ac8f0bb9db", "thumbnail": "https://megapx-assets.dcard.tw/images/2a7a839c-142c-4b48-929a-d5ac8f0bb9db/640.jpeg", "type": "image/megapx", "tags": ["ANNOTATED"], "createdAt": "2020-02-03T10:29:18.921Z", "updatedAt": "2020-02-03T11:00:59.765Z", "width": 1125, "height": 2000}], "reactions": [{"id": "286f599c-f86a-4932-82f0-f5a06f1eca03", "count": 13}, {"id": "aa0d425f-d530-4478-9a77-fe3aedc79eea", "count": 1}], "hidden": false, "customStyle": null, "isSuspiciousAccount": false, "layout": "classic", "withImages": true, "withVideos": false, "media": [{"url": "https://megapx-assets.dcard.tw/images/e87e6741-ec1c-4bd5-8d96-2c18f4844b84/1280.jpeg"}, {"url": "https://megapx-assets.dcard.tw/images/2a7a839c-142c-4b48-929a-d5ac8f0bb9db/1280.jpeg"}], "reportReasonText": "", "postAvatar": ""}, {"id": 233007205, "title": "延後了啦", "excerpt": "就等行事曆跟學校公告了，覺得放假放到生無可戀的", "anonymousSchool": false, "anonymousDepartment": true, "pinned": false, "forumId": "5120400e-e5e6-4676-a1b8-75a13625ecea", "replyId": null, "createdAt": "2020-02-03T08:24:53.223Z", "updatedAt": "2020-02-03T08:24:53.223Z", "commentCount": 13, "likeCount": 12, "withNickname": false, "tags": [], "topics": [], "meta": {"layout": "classic"}, "forumName": "淡江大學", "forumAlias": "tku", "gender": "F", "school": "淡江大學", "replyTitle": null, "mediaMeta": [{"id": "2b9dc216-8ed4-4bd3-828d-79e36fbed3d5", "url": "https://i.imgur.com/Oa65sPTl.jpg", "normalizedUrl": "https://i.imgur.com/Oa65sPTl.jpg", "thumbnail": "https://i.imgur.com/Oa65sPTl.jpg", "type": "image/thumbnail", "tags": ["ANNOTATED"], "createdAt": "2020-02-03T08:24:53.223Z", "updatedAt": "2020-02-03T08:24:53.223Z"}, {"id": "2b9dc216-8ed4-4bd3-828d-79e36fbed3d5", "url": "https://i.imgur.com/Oa65sPT.jpg", "normalizedUrl": "https://imgur.com/Oa65sPT", "thumbnail": "https://i.imgur.com/Oa65sPTl.jpg", "type": "image/imgur", "tags": ["ANNOTATED"], "createdAt": "2020-02-03T08:24:53.223Z", "updatedAt": "2020-02-03T08:24:53.223Z"}, {"id": "2cc7c07d-23a1-4908-9725-a37af9328d73", "url": "https://i.imgur.com/qfjGt2P.jpg", "normalizedUrl": "https://imgur.com/qfjGt2P", "thumbnail": "https://i.imgur.com/qfjGt2Pl.jpg", "type": "image/imgur", "tags": ["ANNOTATED"], "createdAt": "2020-02-03T08:24:53.223Z", "updatedAt": "2020-02-03T08:24:53.223Z"}], "reactions": [{"id": "286f599c-f86a-4932-82f0-f5a06f1eca03", "count": 12}], "hidden": false, "customStyle": null, "isSuspiciousAccount": false, "layout": "classic", "withImages": true, "withVideos": false, "media": [{"url": "https://i.imgur.com/Oa65sPT.jpg"}, {"url": "https://i.imgur.com/qfjGt2P.jpg"}], "reportReasonText": "", "postAvatar": ""}, {"id": 233012538, "title": "到底憑什麼要我們多數去配合他們少數人", "excerpt": "淡江24000多人為了不到400位的陸生，活動取消的取消，延畢的延畢，許多人暑假的行程被影響，讓陸生少上兩周的課就可以解決這些問題的...雖然我知道沒辦法這樣做就是了。並非引戰  純屬抱怨", "anonymousSchool": false, "anonymousDepartment": true, "pinned": false, "forumId": "5120400e-e5e6-4676-a1b8-75a13625ecea", "replyId": null, "createdAt": "2020-02-04T02:44:35.889Z", "updatedAt": "2020-02-04T02:46:53.057Z", "commentCount": 14, "likeCount": 7, "withNickname": false, "tags": [], "topics": ["淡江大學", "陸生", "武漢肺炎"], "meta": {"layout": "classic"}, "forumName": "淡江大學", "forumAlias": "tku", "gender": "M", "school": "淡江大學", "replyTitle": null, "mediaMeta": [], "reactions": [{"id": "286f599c-f86a-4932-82f0-f5a06f1eca03", "count": 5}, {"id": "aa0d425f-d530-4478-9a77-fe3aedc79eea", "count": 2}], "hidden": false, "customStyle": null, "isSuspiciousAccount": false, "layout": "classic", "withImages": false, "withVideos": false, "media": [], "reportReasonText": "", "postAvatar": ""}, {"id": 233008902, "title": "延後開學...那教務處有開嗎", "excerpt": "第一次這麼想念教務處的職員，他們的臭臉是多麼的溫馨。我要拿畢業證書啦，假期都請好了。", "anonymousSchool": false, "anonymousDepartment": true, "pinned": false, "forumId": "5120400e-e5e6-4676-a1b8-75a13625ecea", "replyId": null, "createdAt": "2020-02-03T12:15:31.458Z", "updatedAt": "2020-02-03T12:15:31.458Z", "commentCount": 5, "likeCount": 7, "withNickname": false, "tags": [], "topics": ["教務處", "畢業證書", "延後開學"], "meta": {"layout": "classic"}, "forumName": "淡江大學", "forumAlias": "tku", "gender": "M", "school": "淡江大學", "replyTitle": null, "mediaMeta": [], "reactions": [{"id": "286f599c-f86a-4932-82f0-f5a06f1eca03", "count": 5}, {"id": "e8e6bc5d-41b0-4129-b134-97507523d7ff", "count": 2}], "hidden": false, "customStyle": null, "isSuspiciousAccount": false, "layout": "classic", "withImages": false, "withVideos": false, "media": [], "reportReasonText": "", "postAvatar": ""}, {"id": 233007287, "title": "開學日期", "excerpt": "這是真的還假的 ？？充字數充字數充字數", "anonymousSchool": false, "anonymousDepartment": true, "pinned": false, "forumId": "5120400e-e5e6-4676-a1b8-75a13625ecea", "replyId": null, "createdAt": "2020-02-03T08:32:51.450Z", "updatedAt": "2020-02-03T08:32:51.450Z", "commentCount": 1, "likeCount": 7, "withNickname": false, "tags": [], "topics": ["淡江大學"], "meta": {"layout": "classic"}, "forumName": "淡江大學", "forumAlias": "tku", "gender": "M", "school": "淡江大學", "replyTitle": null, "mediaMeta": [{"id": "3f293372-35f8-41ae-8507-38119138bf8d", "url": "https://megapx-assets.dcard.tw/images/21e82c1b-f769-42fc-90b5-cb5336cda42c/640.jpeg", "normalizedUrl": "https://megapx-assets.dcard.tw/images/21e82c1b-f769-42fc-90b5-cb5336cda42c/640.jpeg", "thumbnail": "https://megapx-assets.dcard.tw/images/21e82c1b-f769-42fc-90b5-cb5336cda42c/640.jpeg", "type": "image/thumbnail", "tags": ["ANNOTATED"], "createdAt": "2020-02-03T08:32:51.450Z", "updatedAt": "2020-02-03T08:32:51.450Z", "width": 360, "height": 640}, {"id": "3f293372-35f8-41ae-8507-38119138bf8d", "url": "https://megapx-assets.dcard.tw/images/21e82c1b-f769-42fc-90b5-cb5336cda42c/1280.jpeg", "normalizedUrl": "https://megapx.dcard.tw/v1/images/21e82c1b-f769-42fc-90b5-cb5336cda42c", "thumbnail": "https://megapx-assets.dcard.tw/images/21e82c1b-f769-42fc-90b5-cb5336cda42c/640.jpeg", "type": "image/megapx", "tags": ["ANNOTATED"], "createdAt": "2020-02-03T08:32:51.450Z", "updatedAt": "2020-02-03T08:32:51.450Z", "width": 1125, "height": 2000}], "reactions": [{"id": "286f599c-f86a-4932-82f0-f5a06f1eca03", "count": 7}], "hidden": false, "customStyle": null, "isSuspiciousAccount": false, "layout": "classic", "withImages": true, "withVideos": false, "media": [{"url": "https://megapx-assets.dcard.tw/images/21e82c1b-f769-42fc-90b5-cb5336cda42c/1280.jpeg"}], "reportReasonText": "", "postAvatar": ""}, {"id": 233007255, "title": "正式通知？", "excerpt": "這樣是確定延了？大家出門要帶口罩啊啊啊，補滿15字", "anonymousSchool": false, "anonymousDepartment": true, "pinned": false, "forumId": "5120400e-e5e6-4676-a1b8-75a13625ecea", "replyId": null, "createdAt": "2020-02-03T08:30:14.186Z", "updatedAt": "2020-02-03T08:30:14.186Z", "commentCount": 2, "likeCount": 5, "withNickname": false, "tags": [], "topics": ["淡江大學"], "meta": {"layout": "classic"}, "forumName": "淡江大學", "forumAlias": "tku", "gender": "M", "school": "淡江大學", "replyTitle": null, "mediaMeta": [{"id": "29f4594f-f34d-4d97-b97a-806166977547", "url": "https://i.imgur.com/OEAPOmzl.jpg", "normalizedUrl": "https://i.imgur.com/OEAPOmzl.jpg", "thumbnail": "https://i.imgur.com/OEAPOmzl.jpg", "type": "image/thumbnail", "tags": ["ANNOTATED"], "createdAt": "2020-02-03T08:30:14.186Z", "updatedAt": "2020-02-03T08:30:14.186Z"}, {"id": "29f4594f-f34d-4d97-b97a-806166977547", "url": "https://i.imgur.com/OEAPOmz.jpg", "normalizedUrl": "https://imgur.com/OEAPOmz", "thumbnail": "https://i.imgur.com/OEAPOmzl.jpg", "type": "image/imgur", "tags": ["ANNOTATED"], "createdAt": "2020-02-03T08:30:14.186Z", "updatedAt": "2020-02-03T08:30:14.186Z"}], "reactions": [{"id": "286f599c-f86a-4932-82f0-f5a06f1eca03", "count": 5}], "hidden": false, "customStyle": null, "isSuspiciousAccount": false, "layout": "classic", "withImages": true, "withVideos": false, "media": [{"url": "https://i.imgur.com/OEAPOmz.jpg"}], "reportReasonText": "", "postAvatar": ""}, {"id": 233009609, "title": "復學", "excerpt": "各位淡江的學長姊們，小妹因為生病而今年辦休學，如果現在想辦復學流程可以分享嗎", "anonymousSchool": false, "anonymousDepartment": true, "pinned": false, "forumId": "5120400e-e5e6-4676-a1b8-75a13625ecea", "replyId": null, "createdAt": "2020-02-03T13:57:55.222Z", "updatedAt": "2020-02-03T13:57:55.222Z", "commentCount": 14, "likeCount": 4, "withNickname": false, "tags": ["HIDE_THUMBNAIL"], "topics": ["淡江大學", "校園"], "meta": {"layout": "classic"}, "forumName": "淡江大學", "forumAlias": "tku", "gender": "F", "school": "淡江大學", "replyTitle": null, "mediaMeta": [], "reactions": [{"id": "286f599c-f86a-4932-82f0-f5a06f1eca03", "count": 4}], "hidden": false, "customStyle": null, "isSuspiciousAccount": false, "layout": "classic", "withImages": false, "withVideos": false, "media": [], "reportReasonText": "", "postAvatar": ""}, {"id": 233012309, "title": "switch", "excerpt": "乳題，小弟現在要出門買switch了，有沒有淡江人要推薦買哪幾款遊戲，目前考慮的有薩爾達跟奧德賽", "anonymousSchool": false, "anonymousDepartment": true, "pinned": false, "forumId": "5120400e-e5e6-4676-a1b8-75a13625ecea", "replyId": null, "createdAt": "2020-02-04T01:40:28.224Z", "updatedAt": "2020-02-04T01:40:28.224Z", "commentCount": 5, "likeCount": 3, "withNickname": false, "tags": ["HIDE_THUMBNAIL"], "topics": [], "meta": {"layout": "classic"}, "forumName": "淡江大學", "forumAlias": "tku", "gender": "M", "school": "淡江大學", "replyTitle": null, "mediaMeta": [], "reactions": [{"id": "286f599c-f86a-4932-82f0-f5a06f1eca03", "count": 3}], "hidden": false, "customStyle": null, "isSuspiciousAccount": false, "layout": "classic", "withImages": false, "withVideos": false, "media": [], "reportReasonText": "", "postAvatar": ""}, {"id": 233011760, "title": "好想去看來自深淵的劇場版", "excerpt": "如題，預告片：四月，漫畫超好看，動畫作曲有夠好聽，期待動畫讓我感受到黎明的父愛如山，我已經等不及了", "anonymousSchool": false, "anonymousDepartment": true, "pinned": false, "forumId": "5120400e-e5e6-4676-a1b8-75a13625ecea", "replyId": null, "createdAt": "2020-02-03T19:09:14.288Z", "updatedAt": "2020-02-03T19:10:43.858Z", "commentCount": 4, "likeCount": 3, "withNickname": false, "tags": [], "topics": ["淡江大學"], "meta": {"layout": "classic"}, "forumName": "淡江大學", "forumAlias": "tku", "gender": "M", "school": "淡江大學", "replyTitle": null, "mediaMeta": [{"id": "e86445d4-08e7-4afb-9db9-41d259968811", "url": "https://img.youtube.com/vi/izWEmnpmTKM/hqdefault.jpg", "normalizedUrl": "https://img.youtube.com/vi/izWEmnpmTKM/hqdefault.jpg", "thumbnail": "https://img.youtube.com/vi/izWEmnpmTKM/hqdefault.jpg", "type": "image/thumbnail", "tags": ["ANNOTATED"], "createdAt": "2020-02-03T19:10:43.858Z", "updatedAt": "2020-02-03T19:10:43.858Z"}, {"id": "e86445d4-08e7-4afb-9db9-41d259968811", "url": "https://www.youtube.com/watch?v=izWEmnpmTKM", "normalizedUrl": "https://www.youtube.com/watch?v=izWEmnpmTKM", "thumbnail": "https://img.youtube.com/vi/izWEmnpmTKM/hqdefault.jpg", "type": "video/youtube", "tags": ["ANNOTATED"], "createdAt": "2020-02-03T19:10:43.858Z", "updatedAt": "2020-02-03T19:10:43.858Z"}, {"id": "bebe0d5c-39f9-4723-86a7-6d537aac3b9a", "url": "https://www.youtube.com/watch?v=o4ctOijq_SA", "normalizedUrl": "https://www.youtube.com/watch?v=o4ctOijq_SA", "thumbnail": "https://img.youtube.com/vi/o4ctOijq_SA/hqdefault.jpg", "type": "video/youtube", "tags": ["ANNOTATED"], "createdAt": "2020-02-03T19:09:14.288Z", "updatedAt": "2020-02-03T19:10:43.858Z"}], "reactions": [{"id": "286f599c-f86a-4932-82f0-f5a06f1eca03", "count": 3}], "hidden": false, "customStyle": null, "isSuspiciousAccount": false, "layout": "classic", "withImages": false, "withVideos": false, "media": [], "reportReasonText": "", "postAvatar": ""}, {"id": 233010944, "title": "太多了！", "excerpt": "延後開學的文章是要發幾篇啦！，太多了太多了太多了啦！", "anonymousSchool": false, "anonymousDepartment": true, "pinned": false, "forumId": "5120400e-e5e6-4676-a1b8-75a13625ecea", "replyId": null, "createdAt": "2020-02-03T16:34:31.223Z", "updatedAt": "2020-02-03T16:34:31.223Z", "commentCount": 3, "likeCount": 3, "withNickname": false, "tags": ["HIDE_THUMBNAIL"], "topics": ["淡江大學"], "meta": {"layout": "classic"}, "forumName": "淡江大學", "forumAlias": "tku", "gender": "F", "school": "淡江大學", "replyTitle": null, "mediaMeta": [], "reactions": [{"id": "286f599c-f86a-4932-82f0-f5a06f1eca03", "count": 3}], "hidden": false, "customStyle": null, "isSuspiciousAccount": false, "layout": "classic", "withImages": false, "withVideos": false, "media": [], "reportReasonText": "", "postAvatar": ""}, {"id": 233011981, "title": "救護車聲音", "excerpt": "是那裡又失火了嗎 被吵醒 希望沒事才好", "anonymousSchool": false, "anonymousDepartment": true, "pinned": false, "forumId": "5120400e-e5e6-4676-a1b8-75a13625ecea", "replyId": null, "createdAt": "2020-02-03T21:30:35.708Z", "updatedAt": "2020-02-03T21:30:35.708Z", "commentCount": 2, "likeCount": 1, "withNickname": false, "tags": ["HIDE_THUMBNAIL"], "topics": ["淡江大學"], "meta": {"layout": "classic"}, "forumName": "淡江大學", "forumAlias": "tku", "gender": "M", "school": "淡江大學", "replyTitle": null, "mediaMeta": [], "reactions": [{"id": "286f599c-f86a-4932-82f0-f5a06f1eca03", "count": 1}], "hidden": false, "customStyle": null, "isSuspiciousAccount": false, "layout": "classic", "withImages": false, "withVideos": false, "media": [], "reportReasonText": "", "postAvatar": ""}, {"id": 233010901, "title": "文化週停辦", "excerpt": "我還是不懂停辦的確切理由是什麼，執行沒了嗎", "anonymousSchool": false, "anonymousDepartment": true, "pinned": false, "forumId": "5120400e-e5e6-4676-a1b8-75a13625ecea", "replyId": null, "createdAt": "2020-02-03T16:28:37.923Z", "updatedAt": "2020-02-03T16:28:37.923Z", "commentCount": 7, "likeCount": 1, "withNickname": false, "tags": ["HIDE_THUMBNAIL"], "topics": ["淡江大學"], "meta": {"layout": "classic"}, "forumName": "淡江大學", "forumAlias": "tku", "gender": "F", "school": "淡江大學", "replyTitle": null, "mediaMeta": [], "reactions": [{"id": "286f599c-f86a-4932-82f0-f5a06f1eca03", "count": 1}], "hidden": false, "customStyle": null, "isSuspiciousAccount": false, "layout": "classic", "withImages": false, "withVideos": false, "media": [], "reportReasonText": "", "postAvatar": ""}, {"id": 233012690, "title": "大學城麥味登真的不會再吃", "excerpt": "現在根本沒什麼客人還可以蘿蔔糕煎餃都黑的，底下還藏一根頭髮 需要用拉出來的那種，真的別吃了 讓它趕快倒", "anonymousSchool": false, "anonymousDepartment": true, "pinned": false, "forumId": "5120400e-e5e6-4676-a1b8-75a13625ecea", "replyId": null, "createdAt": "2020-02-04T03:14:20.384Z", "updatedAt": "2020-02-04T03:14:20.384Z", "commentCount": 4, "likeCount": 0, "withNickname": false, "tags": [], "topics": ["大學城", "淡江大學"], "meta": {"layout": "classic"}, "forumName": "淡江大學", "forumAlias": "tku", "gender": "M", "school": "淡江大學", "replyTitle": null, "mediaMeta": [{"id": "6775edd1-17de-4241-a6df-79751517e7f3", "url": "https://megapx-assets.dcard.tw/images/84482084-65da-4797-8f14-d411caef5f18/640.jpeg", "normalizedUrl": "https://megapx-assets.dcard.tw/images/84482084-65da-4797-8f14-d411caef5f18/640.jpeg", "thumbnail": "https://megapx-assets.dcard.tw/images/84482084-65da-4797-8f14-d411caef5f18/640.jpeg", "type": "image/thumbnail", "tags": [], "createdAt": "2020-02-04T03:14:20.384Z", "updatedAt": "2020-02-04T03:14:20.384Z", "width": 480, "height": 640}, {"id": "6775edd1-17de-4241-a6df-79751517e7f3", "url": "https://megapx-assets.dcard.tw/images/84482084-65da-4797-8f14-d411caef5f18/1280.jpeg", "normalizedUrl": "https://megapx.dcard.tw/v1/images/84482084-65da-4797-8f14-d411caef5f18", "thumbnail": "https://megapx-assets.dcard.tw/images/84482084-65da-4797-8f14-d411caef5f18/640.jpeg", "type": "image/megapx", "tags": [], "createdAt": "2020-02-04T03:14:20.384Z", "updatedAt": "2020-02-04T03:14:20.384Z", "width": 1500, "height": 2000}], "reactions": [], "hidden": false, "customStyle": null, "isSuspiciousAccount": false, "layout": "classic", "withImages": true, "withVideos": false, "media": [{"url": "https://megapx-assets.dcard.tw/images/84482084-65da-4797-8f14-d411caef5f18/1280.jpeg"}], "reportReasonText": "", "postAvatar": ""}]