[{"id": 232763711, "title": "卡友您好，這裡是 Dcard 帳號安全小組", "excerpt": "各位卡友好，社群氛圍、帳號真實性及使用者公平性一直都是 Dcard 很在意的事情，我們一直希望每個帳號背後代表的是真真實實的使用者，而不是有心人士使用非本人的帳號進行特定操作。為了防止假帳號、販賣帳號", "anonymousSchool": false, "anonymousDepartment": false, "pinned": true, "forumId": "fc7574ad-e1df-43d2-bb06-8825c718c065", "replyId": null, "createdAt": "2019-12-26T06:19:11.620Z", "updatedAt": "2019-12-26T10:16:42.180Z", "commentCount": 265, "likeCount": 1669, "withNickname": true, "tags": [], "topics": [], "meta": {"layout": "classic"}, "forumName": "時事", "forumAlias": "trending", "gender": "D", "school": "Dcard帳號安全小組", "department": "membersecurity", "replyTitle": null, "mediaMeta": [], "reactions": [{"id": "286f599c-f86a-4932-82f0-f5a06f1eca03", "count": 1633}, {"id": "011ead16-9b83-4729-9fde-c588920c6c2d", "count": 23}, {"id": "e8e6bc5d-41b0-4129-b134-97507523d7ff", "count": 7}, {"id": "4b018f48-e184-445f-adf1-fc8e04ba09b9", "count": 4}, {"id": "aa0d425f-d530-4478-9a77-fe3aedc79eea", "count": 2}], "hidden": false, "customStyle": null, "isSuspiciousAccount": false, "layout": "classic", "withImages": false, "withVideos": false, "media": [], "reportReasonText": "", "postAvatar": ""}, {"id": 231960367, "title": "時事板板規 #2019/08/30 起生效", "excerpt": "各位卡友好：為了防止有心人士操控討論風氣，我們決定在時事板試行發文額度規範：一個 Dcard 帳號一天內在時事板發文（含引用、轉貼）不得超過 5 篇，違者將以「惡意洗板」為由停權 30 天並刪除 20", "anonymousSchool": false, "anonymousDepartment": false, "pinned": true, "forumId": "fc7574ad-e1df-43d2-bb06-8825c718c065", "replyId": null, "createdAt": "2019-08-29T05:47:07.852Z", "updatedAt": "2019-08-29T05:47:23.180Z", "commentCount": 331, "likeCount": 629, "withNickname": true, "tags": [], "topics": [], "meta": {"layout": "classic"}, "forumName": "時事", "forumAlias": "trending", "gender": "D", "school": "客服小天使", "department": "dcard_support_1", "replyTitle": null, "mediaMeta": [], "reactions": [{"id": "286f599c-f86a-4932-82f0-f5a06f1eca03", "count": 603}, {"id": "011ead16-9b83-4729-9fde-c588920c6c2d", "count": 11}, {"id": "e8e6bc5d-41b0-4129-b134-97507523d7ff", "count": 7}, {"id": "4b018f48-e184-445f-adf1-fc8e04ba09b9", "count": 5}, {"id": "aa0d425f-d530-4478-9a77-fe3aedc79eea", "count": 2}, {"id": "514c2569-fd53-4d9d-a415-bf0f88e7329f", "count": 1}], "hidden": false, "customStyle": null, "isSuspiciousAccount": false, "layout": "classic", "withImages": false, "withVideos": false, "media": [], "reportReasonText": "", "postAvatar": ""}, {"id": 232982510, "title": "#公告 武漢肺炎專板設立", "excerpt": "各位卡友好，為了方便大家更好查找、討論疫情資訊，特別設立「武漢肺炎」臨時專板，歡迎卡友多加利用集中討論。此看板為討論武漢肺炎防疫知識、疫情最新情報及相關新聞之專區。惟請注意切勿散佈任何未經證實的消息以", "anonymousSchool": false, "anonymousDepartment": false, "pinned": true, "forumId": "fc7574ad-e1df-43d2-bb06-8825c718c065", "replyId": null, "createdAt": "2020-01-30T05:35:19.146Z", "updatedAt": "2020-01-30T05:35:48.491Z", "commentCount": 1, "likeCount": 119, "withNickname": true, "tags": [], "topics": ["武漢肺炎"], "meta": {"layout": "classic"}, "forumName": "時事", "forumAlias": "trending", "gender": "D", "school": "板務小天使", "department": "community", "replyTitle": null, "mediaMeta": [], "reactions": [{"id": "286f599c-f86a-4932-82f0-f5a06f1eca03", "count": 117}, {"id": "011ead16-9b83-4729-9fde-c588920c6c2d", "count": 1}, {"id": "4b018f48-e184-445f-adf1-fc8e04ba09b9", "count": 1}], "hidden": false, "customStyle": null, "isSuspiciousAccount": false, "layout": "classic", "withImages": false, "withVideos": false, "media": [], "reportReasonText": "", "postAvatar": ""}, {"id": 233005280, "title": "紐西蘭自媒體幫台灣正名，羊兒也笑了", "excerpt": "2/4補充更新：紐西蘭自媒體發起活動：「禁中資將抽取紐西蘭之瓶裝水外銷中國」本來將台灣畫入，網站發聲明更改，將台灣打叉了！，還特別註明「台灣不是中國的一部分」-----，#羊兒覺得有趣，但羊兒不說", "anonymousSchool": false, "anonymousDepartment": true, "pinned": false, "forumId": "fc7574ad-e1df-43d2-bb06-8825c718c065", "replyId": null, "createdAt": "2020-02-02T23:41:00.297Z", "updatedAt": "2020-02-04T01:03:57.190Z", "commentCount": 108, "likeCount": 8508, "withNickname": false, "tags": [], "topics": ["紐西蘭", "台灣就是台灣", "玻璃價格上漲", "羊"], "meta": {"layout": "classic"}, "forumName": "時事", "forumAlias": "trending", "gender": "F", "school": "千葉大學", "replyTitle": null, "mediaMeta": [{"id": "b2feb6b3-ca5d-4f1a-8c3e-063ef4f72a6e", "url": "https://megapx-assets.dcard.tw/images/1f56d1d3-067b-4f25-a258-79c4ef8082f1/640.jpeg", "normalizedUrl": "https://megapx-assets.dcard.tw/images/1f56d1d3-067b-4f25-a258-79c4ef8082f1/640.jpeg", "thumbnail": "https://megapx-assets.dcard.tw/images/1f56d1d3-067b-4f25-a258-79c4ef8082f1/640.jpeg", "type": "image/thumbnail", "tags": ["ANNOTATED"], "createdAt": "2020-02-03T08:35:57.358Z", "updatedAt": "2020-02-04T01:03:57.190Z", "width": 640, "height": 573}, {"id": "b2feb6b3-ca5d-4f1a-8c3e-063ef4f72a6e", "url": "https://megapx-assets.dcard.tw/images/1f56d1d3-067b-4f25-a258-79c4ef8082f1/full.jpeg", "normalizedUrl": "https://megapx.dcard.tw/v1/images/1f56d1d3-067b-4f25-a258-79c4ef8082f1", "thumbnail": "https://megapx-assets.dcard.tw/images/1f56d1d3-067b-4f25-a258-79c4ef8082f1/640.jpeg", "type": "image/megapx", "tags": ["ANNOTATED"], "createdAt": "2020-02-03T08:35:57.358Z", "updatedAt": "2020-02-04T01:03:57.190Z", "width": 1057, "height": 946}, {"id": "6db59f2c-f51d-4810-9cd4-e58c136c020e", "url": "https://megapx-assets.dcard.tw/images/5137b08c-e96d-4eb0-8c13-bf8cf1f1a3aa/full.jpeg", "normalizedUrl": "https://megapx.dcard.tw/v1/images/5137b08c-e96d-4eb0-8c13-bf8cf1f1a3aa", "thumbnail": "https://megapx-assets.dcard.tw/images/5137b08c-e96d-4eb0-8c13-bf8cf1f1a3aa/320.jpeg", "type": "image/megapx", "tags": ["ANNOTATED"], "createdAt": "2020-02-02T23:41:00.297Z", "updatedAt": "2020-02-04T01:03:57.190Z", "width": 630, "height": 472}], "reactions": [{"id": "286f599c-f86a-4932-82f0-f5a06f1eca03", "count": 8260}, {"id": "e8e6bc5d-41b0-4129-b134-97507523d7ff", "count": 230}, {"id": "4b018f48-e184-445f-adf1-fc8e04ba09b9", "count": 14}, {"id": "011ead16-9b83-4729-9fde-c588920c6c2d", "count": 3}, {"id": "aa0d425f-d530-4478-9a77-fe3aedc79eea", "count": 1}], "hidden": false, "customStyle": null, "isSuspiciousAccount": false, "layout": "classic", "withImages": true, "withVideos": false, "media": [{"url": "https://megapx-assets.dcard.tw/images/1f56d1d3-067b-4f25-a258-79c4ef8082f1/full.jpeg"}, {"url": "https://megapx-assets.dcard.tw/images/5137b08c-e96d-4eb0-8c13-bf8cf1f1a3aa/full.jpeg"}], "reportReasonText": "", "postAvatar": ""}, {"id": 233005762, "title": "非洲正在飽受70年最嚴重的蝗災", "excerpt": "這次蝗蟲災害肆虐這個非洲，讓農民辛苦栽種的農作物被吃掉，據報導顯示，蝗群一天內可以吃掉2500人的糧食，而這次的蝗災令當地出現糧食危機，蝗蟲的傳播速度及侵害的規模遠遠超出我們想像。雖然這件事情不是發生", "anonymousSchool": false, "anonymousDepartment": false, "pinned": false, "forumId": "fc7574ad-e1df-43d2-bb06-8825c718c065", "replyId": null, "createdAt": "2020-02-03T03:08:01.001Z", "updatedAt": "2020-02-04T00:09:17.680Z", "commentCount": 84, "likeCount": 1733, "withNickname": true, "tags": [], "topics": ["非洲", "時事", "討論", "新聞", "國際"], "meta": {"layout": "classic"}, "forumName": "時事", "forumAlias": "trending", "gender": "F", "school": "155的加拿大留學生", "department": "lin3w", "replyTitle": null, "mediaMeta": [{"id": "af7c8082-1474-4f67-ba2e-c4065e0fe50c", "url": "https://megapx-assets.dcard.tw/images/8e2dea72-3d45-4d4d-b3ee-74c14856a0c2/640.jpeg", "normalizedUrl": "https://megapx-assets.dcard.tw/images/8e2dea72-3d45-4d4d-b3ee-74c14856a0c2/640.jpeg", "thumbnail": "https://megapx-assets.dcard.tw/images/8e2dea72-3d45-4d4d-b3ee-74c14856a0c2/640.jpeg", "type": "image/thumbnail", "tags": ["ANNOTATED"], "createdAt": "2020-02-03T03:08:01.001Z", "updatedAt": "2020-02-04T00:09:17.680Z", "width": 640, "height": 422}, {"id": "af7c8082-1474-4f67-ba2e-c4065e0fe50c", "url": "https://megapx-assets.dcard.tw/images/8e2dea72-3d45-4d4d-b3ee-74c14856a0c2/full.jpeg", "normalizedUrl": "https://megapx.dcard.tw/v1/images/8e2dea72-3d45-4d4d-b3ee-74c14856a0c2", "thumbnail": "https://megapx-assets.dcard.tw/images/8e2dea72-3d45-4d4d-b3ee-74c14856a0c2/640.jpeg", "type": "image/megapx", "tags": ["ANNOTATED"], "createdAt": "2020-02-03T03:08:01.001Z", "updatedAt": "2020-02-04T00:09:17.680Z", "width": 652, "height": 430}, {"id": "aee21ac4-ff14-4ef5-93c8-1c759df0200a", "url": "https://megapx-assets.dcard.tw/images/d2b33cd4-21a3-4132-a3c2-cb026b9c899d/full.jpeg", "normalizedUrl": "https://megapx.dcard.tw/v1/images/d2b33cd4-21a3-4132-a3c2-cb026b9c899d", "thumbnail": "https://megapx-assets.dcard.tw/images/d2b33cd4-21a3-4132-a3c2-cb026b9c899d/320.jpeg", "type": "image/megapx", "tags": ["ANNOTATED"], "createdAt": "2020-02-03T03:08:01.001Z", "updatedAt": "2020-02-04T00:09:17.680Z", "width": 640, "height": 426}, {"id": "3be24909-6afa-4b63-992f-1a361f445714", "url": "https://megapx-assets.dcard.tw/images/3d482e4e-c010-4239-bc16-b229a69db262/full.jpeg", "normalizedUrl": "https://megapx.dcard.tw/v1/images/3d482e4e-c010-4239-bc16-b229a69db262", "thumbnail": "https://megapx-assets.dcard.tw/images/3d482e4e-c010-4239-bc16-b229a69db262/640.jpeg", "type": "image/megapx", "tags": ["ANNOTATED"], "createdAt": "2020-02-03T03:08:01.001Z", "updatedAt": "2020-02-04T00:09:17.680Z", "width": 652, "height": 435}], "reactions": [{"id": "286f599c-f86a-4932-82f0-f5a06f1eca03", "count": 1572}, {"id": "514c2569-fd53-4d9d-a415-bf0f88e7329f", "count": 135}, {"id": "4b018f48-e184-445f-adf1-fc8e04ba09b9", "count": 20}, {"id": "aa0d425f-d530-4478-9a77-fe3aedc79eea", "count": 5}, {"id": "e8e6bc5d-41b0-4129-b134-97507523d7ff", "count": 1}], "hidden": false, "customStyle": null, "isSuspiciousAccount": false, "layout": "classic", "withImages": true, "withVideos": false, "media": [{"url": "https://megapx-assets.dcard.tw/images/8e2dea72-3d45-4d4d-b3ee-74c14856a0c2/full.jpeg"}, {"url": "https://megapx-assets.dcard.tw/images/d2b33cd4-21a3-4132-a3c2-cb026b9c899d/full.jpeg"}, {"url": "https://megapx-assets.dcard.tw/images/3d482e4e-c010-4239-bc16-b229a69db262/full.jpeg"}], "reportReasonText": "", "postAvatar": ""}, {"id": 233005282, "title": "2020年一月，30則你該知道的新聞", "excerpt": "1.黑鷹失事，空軍  UH-60M  黑鷹直升機1月2日上午在新北烏來山區失事，機上13人中5人獲救、8人罹難。包括參謀總長沈一鳴、政戰局副局長于親文等多名高階軍官將領也在死亡名單。數個政黨因此國殤陸", "anonymousSchool": false, "anonymousDepartment": true, "pinned": false, "forumId": "fc7574ad-e1df-43d2-bb06-8825c718c065", "replyId": null, "createdAt": "2020-02-02T23:42:45.218Z", "updatedAt": "2020-02-03T21:22:37.821Z", "commentCount": 16, "likeCount": 262, "withNickname": false, "tags": [], "topics": ["2020年", "時事", "台灣", "討論", "新聞"], "meta": {"layout": "classic"}, "forumName": "時事", "forumAlias": "trending", "gender": "F", "school": "中華大學", "replyTitle": null, "mediaMeta": [{"id": "8e9aefb8-83bb-4d4e-a70c-effdb8d2b1a5", "url": "https://i.imgur.com/ITNLkvZl.jpg", "normalizedUrl": "https://i.imgur.com/ITNLkvZl.jpg", "thumbnail": "https://i.imgur.com/ITNLkvZl.jpg", "type": "image/thumbnail", "tags": ["ANNOTATED"], "createdAt": "2020-02-02T23:42:45.218Z", "updatedAt": "2020-02-03T21:22:37.821Z"}, {"id": "8e9aefb8-83bb-4d4e-a70c-effdb8d2b1a5", "url": "http://i.imgur.com/ITNLkvZ.jpg", "normalizedUrl": "https://imgur.com/ITNLkvZ", "thumbnail": "https://i.imgur.com/ITNLkvZl.jpg", "type": "image/imgur", "tags": ["ANNOTATED"], "createdAt": "2020-02-02T23:42:45.218Z", "updatedAt": "2020-02-03T21:22:37.821Z"}, {"id": "166ab26f-59fa-43e6-a2bb-e16b624f9dce", "url": "http://i.imgur.com/NBIAbTa.png", "normalizedUrl": "https://imgur.com/NBIAbTa", "thumbnail": "https://i.imgur.com/NBIAbTal.jpg", "type": "image/imgur", "tags": ["ANNOTATED"], "createdAt": "2020-02-02T23:42:45.218Z", "updatedAt": "2020-02-03T21:22:37.821Z"}, {"id": "17970317-7b41-4696-ab88-f05b49562a69", "url": "http://i.imgur.com/e3bOHI5.png", "normalizedUrl": "https://imgur.com/e3bOHI5", "thumbnail": "https://i.imgur.com/e3bOHI5l.jpg", "type": "image/imgur", "tags": ["ANNOTATED"], "createdAt": "2020-02-02T23:42:45.218Z", "updatedAt": "2020-02-03T21:22:37.821Z"}, {"id": "d3f36f19-8179-4cca-aacf-347e9c16c850", "url": "http://i.imgur.com/tnyfnLx.png", "normalizedUrl": "https://imgur.com/tnyfnLx", "thumbnail": "https://i.imgur.com/tnyfnLxl.jpg", "type": "image/imgur", "tags": ["ANNOTATED"], "createdAt": "2020-02-02T23:42:45.218Z", "updatedAt": "2020-02-03T21:22:37.821Z"}, {"id": "295c2a83-2694-4206-b7af-58544c398d00", "url": "http://i.imgur.com/k32Ubbw.png", "normalizedUrl": "https://imgur.com/k32Ubbw", "thumbnail": "https://i.imgur.com/k32Ubbwl.jpg", "type": "image/imgur", "tags": ["ANNOTATED"], "createdAt": "2020-02-02T23:42:45.218Z", "updatedAt": "2020-02-03T21:22:37.821Z"}, {"id": "e9bde126-202b-42ab-a09e-748a4f0d3791", "url": "http://i.imgur.com/Y1mROkP.png", "normalizedUrl": "https://imgur.com/Y1mROkP", "thumbnail": "https://i.imgur.com/Y1mROkPl.jpg", "type": "image/imgur", "tags": ["ANNOTATED"], "createdAt": "2020-02-02T23:42:45.218Z", "updatedAt": "2020-02-03T21:22:37.821Z"}, {"id": "2495dcce-06c3-40fd-a2ef-1a79e36a0b05", "url": "http://i.imgur.com/2kPZhCg.png", "normalizedUrl": "https://imgur.com/2kPZhCg", "thumbnail": "https://i.imgur.com/2kPZhCgl.jpg", "type": "image/imgur", "tags": ["ANNOTATED"], "createdAt": "2020-02-02T23:42:45.218Z", "updatedAt": "2020-02-03T21:22:37.821Z"}, {"id": "3e6cf8bf-60a4-4406-8531-e9eebc76d099", "url": "http://i.imgur.com/2tFkny6.png", "normalizedUrl": "https://imgur.com/2tFkny6", "thumbnail": "https://i.imgur.com/2tFkny6l.jpg", "type": "image/imgur", "tags": ["ANNOTATED"], "createdAt": "2020-02-02T23:42:45.218Z", "updatedAt": "2020-02-03T21:22:37.821Z"}, {"id": "f02316b1-f89b-4586-9b7c-3a269d6b098b", "url": "http://i.imgur.com/04rsUnf.png", "normalizedUrl": "https://imgur.com/04rsUnf", "thumbnail": "https://i.imgur.com/04rsUnfl.jpg", "type": "image/imgur", "tags": ["ANNOTATED"], "createdAt": "2020-02-02T23:42:45.218Z", "updatedAt": "2020-02-03T21:22:37.821Z"}, {"id": "13c6f391-e41b-4c31-93a3-04cb87799e8a", "url": "http://i.imgur.com/WOmjS8f.png", "normalizedUrl": "https://imgur.com/WOmjS8f", "thumbnail": "https://i.imgur.com/WOmjS8fl.jpg", "type": "image/imgur", "tags": ["ANNOTATED"], "createdAt": "2020-02-02T23:42:45.218Z", "updatedAt": "2020-02-03T21:22:37.821Z"}, {"id": "c4096a57-6c0a-43bd-8922-fb963f1ca731", "url": "http://i.imgur.com/wXxK8NK.jpg", "normalizedUrl": "https://imgur.com/wXxK8NK", "thumbnail": "https://i.imgur.com/wXxK8NKl.jpg", "type": "image/imgur", "tags": ["ANNOTATED"], "createdAt": "2020-02-02T23:42:45.218Z", "updatedAt": "2020-02-03T21:22:37.821Z"}, {"id": "210c2654-6f8c-416e-b079-dbccd8c5bf0a", "url": "http://i.imgur.com/Wtqndw5.jpg", "normalizedUrl": "https://imgur.com/Wtqndw5", "thumbnail": "https://i.imgur.com/Wtqndw5l.jpg", "type": "image/imgur", "tags": ["ANNOTATED"], "createdAt": "2020-02-02T23:42:45.218Z", "updatedAt": "2020-02-03T21:22:37.821Z"}, {"id": "9e6bc9a8-7d06-4a27-a54a-56b6e5874fb0", "url": "http://i.imgur.com/o1cNzaj.png", "normalizedUrl": "https://imgur.com/o1cNzaj", "thumbnail": "https://i.imgur.com/o1cNzajl.jpg", "type": "image/imgur", "tags": ["ANNOTATED"], "createdAt": "2020-02-02T23:42:45.218Z", "updatedAt": "2020-02-03T21:22:37.821Z"}, {"id": "0fd324ba-ac84-49fb-8789-b7d8cc3fff01", "url": "http://i.imgur.com/X2E8dc2.png", "normalizedUrl": "https://imgur.com/X2E8dc2", "thumbnail": "https://i.imgur.com/X2E8dc2l.jpg", "type": "image/imgur", "tags": ["ANNOTATED"], "createdAt": "2020-02-02T23:42:45.218Z", "updatedAt": "2020-02-03T21:22:37.821Z"}, {"id": "df10a85e-1bf0-494c-961f-9c96714cb5a5", "url": "http://i.imgur.com/XdURe9Z.png", "normalizedUrl": "https://imgur.com/XdURe9Z", "thumbnail": "https://i.imgur.com/XdURe9Zl.jpg", "type": "image/imgur", "tags": ["ANNOTATED"], "createdAt": "2020-02-02T23:42:45.218Z", "updatedAt": "2020-02-03T21:22:37.821Z"}, {"id": "bdeb23f4-10aa-492d-9e30-5aa563a78695", "url": "http://i.imgur.com/lf5U6LT.png", "normalizedUrl": "https://imgur.com/lf5U6LT", "thumbnail": "https://i.imgur.com/lf5U6LTl.jpg", "type": "image/imgur", "tags": ["ANNOTATED"], "createdAt": "2020-02-02T23:42:45.218Z", "updatedAt": "2020-02-03T21:22:37.821Z"}, {"id": "3cd8265d-bf1a-41fb-af52-18db418338a1", "url": "http://i.imgur.com/pq6sfTS.png", "normalizedUrl": "https://imgur.com/pq6sfTS", "thumbnail": "https://i.imgur.com/pq6sfTSl.jpg", "type": "image/imgur", "tags": ["ANNOTATED"], "createdAt": "2020-02-02T23:42:45.218Z", "updatedAt": "2020-02-03T21:22:37.821Z"}, {"id": "6e2b1a32-ea6f-422c-8b41-31f01f59d48a", "url": "http://i.imgur.com/4LoZKCE.jpg", "normalizedUrl": "https://imgur.com/4LoZKCE", "thumbnail": "https://i.imgur.com/4LoZKCEl.jpg", "type": "image/imgur", "tags": ["ANNOTATED"], "createdAt": "2020-02-02T23:42:45.218Z", "updatedAt": "2020-02-03T21:22:37.821Z"}, {"id": "1a4e672c-b637-40ba-9b70-ca06047dc8b3", "url": "http://i.imgur.com/aJ49jBR.png", "normalizedUrl": "https://imgur.com/aJ49jBR", "thumbnail": "https://i.imgur.com/aJ49jBRl.jpg", "type": "image/imgur", "tags": ["ANNOTATED"], "createdAt": "2020-02-02T23:42:45.218Z", "updatedAt": "2020-02-03T21:22:37.821Z"}, {"id": "11aae192-2bfb-4447-a3be-f5e787e3f363", "url": "http://i.imgur.com/9dapTrE.png", "normalizedUrl": "https://imgur.com/9dapTrE", "thumbnail": "https://i.imgur.com/9dapTrEl.jpg", "type": "image/imgur", "tags": ["ANNOTATED"], "createdAt": "2020-02-02T23:42:45.218Z", "updatedAt": "2020-02-03T21:22:37.821Z"}, {"id": "64624968-8c23-49e3-a809-771a4ca4e164", "url": "http://i.imgur.com/BI8li5u.png", "normalizedUrl": "https://imgur.com/BI8li5u", "thumbnail": "https://i.imgur.com/BI8li5ul.jpg", "type": "image/imgur", "tags": ["ANNOTATED"], "createdAt": "2020-02-02T23:42:45.218Z", "updatedAt": "2020-02-03T21:22:37.821Z"}, {"id": "8ecc032e-7670-4793-a8a4-488fec7dbcfb", "url": "http://i.imgur.com/LCgOe6J.png", "normalizedUrl": "https://imgur.com/LCgOe6J", "thumbnail": "https://i.imgur.com/LCgOe6Jl.jpg", "type": "image/imgur", "tags": ["ANNOTATED"], "createdAt": "2020-02-02T23:42:45.218Z", "updatedAt": "2020-02-03T21:22:37.821Z"}, {"id": "1765f8bd-a61a-4249-b904-d8d516924079", "url": "http://i.imgur.com/rf6afSl.png", "normalizedUrl": "https://imgur.com/rf6afSl", "thumbnail": "https://i.imgur.com/rf6afSll.jpg", "type": "image/imgur", "tags": ["ANNOTATED"], "createdAt": "2020-02-02T23:42:45.218Z", "updatedAt": "2020-02-03T21:22:37.821Z"}, {"id": "1df8f08d-a2a7-4fd0-9e97-8ebf81dd0d2a", "url": "http://i.imgur.com/TpVl2BS.png", "normalizedUrl": "https://imgur.com/TpVl2BS", "thumbnail": "https://i.imgur.com/TpVl2BSl.jpg", "type": "image/imgur", "tags": ["ANNOTATED"], "createdAt": "2020-02-02T23:42:45.218Z", "updatedAt": "2020-02-03T21:22:37.821Z"}, {"id": "339fb8e2-f36a-4252-be3e-65d2132e4a90", "url": "http://i.imgur.com/RYEHFtE.png", "normalizedUrl": "https://imgur.com/RYEHFtE", "thumbnail": "https://i.imgur.com/RYEHFtEl.jpg", "type": "image/imgur", "tags": ["ANNOTATED"], "createdAt": "2020-02-02T23:42:45.218Z", "updatedAt": "2020-02-03T21:22:37.821Z"}, {"id": "7d685c85-1d70-447f-aeab-a20238b246d7", "url": "http://i.imgur.com/cV46ttz.png", "normalizedUrl": "https://imgur.com/cV46ttz", "thumbnail": "https://i.imgur.com/cV46ttzl.jpg", "type": "image/imgur", "tags": ["ANNOTATED"], "createdAt": "2020-02-02T23:42:45.218Z", "updatedAt": "2020-02-03T21:22:37.821Z"}, {"id": "fa94956a-2a08-4e47-920a-e60c67c2e5d4", "url": "http://i.imgur.com/vXlLmkR.png", "normalizedUrl": "https://imgur.com/vXlLmkR", "thumbnail": "https://i.imgur.com/vXlLmkRl.jpg", "type": "image/imgur", "tags": ["ANNOTATED"], "createdAt": "2020-02-02T23:42:45.218Z", "updatedAt": "2020-02-03T21:22:37.821Z"}, {"id": "c8bdd1dc-3901-421f-8fc9-ab914aa09447", "url": "http://i.imgur.com/eLixdft.jpg", "normalizedUrl": "https://imgur.com/eLixdft", "thumbnail": "https://i.imgur.com/eLixdftl.jpg", "type": "image/imgur", "tags": ["ANNOTATED"], "createdAt": "2020-02-02T23:42:45.218Z", "updatedAt": "2020-02-03T21:22:37.821Z"}, {"id": "6c4a4fb4-41b5-4218-9788-00177c879266", "url": "http://i.imgur.com/OkeK5uz.jpg", "normalizedUrl": "https://imgur.com/OkeK5uz", "thumbnail": "https://i.imgur.com/OkeK5uzl.jpg", "type": "image/imgur", "tags": ["ANNOTATED"], "createdAt": "2020-02-02T23:42:45.218Z", "updatedAt": "2020-02-03T21:22:37.821Z"}, {"id": "c00b81bb-e68d-4313-a442-1ea5f7abca39", "url": "http://i.imgur.com/akktjlp.png", "normalizedUrl": "https://imgur.com/akktjlp", "thumbnail": "https://i.imgur.com/akktjlpl.jpg", "type": "image/imgur", "tags": ["ANNOTATED"], "createdAt": "2020-02-02T23:42:45.218Z", "updatedAt": "2020-02-03T21:22:37.821Z"}, {"id": "b57fe72e-0a47-4775-b48f-933da4b5d69c", "url": "http://i.imgur.com/eQqDGN6.jpg", "normalizedUrl": "https://imgur.com/eQqDGN6", "thumbnail": "https://i.imgur.com/eQqDGN6l.jpg", "type": "image/imgur", "tags": ["ANNOTATED"], "createdAt": "2020-02-03T20:16:01.386Z", "updatedAt": "2020-02-03T21:22:37.821Z"}], "reactions": [{"id": "286f599c-f86a-4932-82f0-f5a06f1eca03", "count": 254}, {"id": "514c2569-fd53-4d9d-a415-bf0f88e7329f", "count": 4}, {"id": "aa0d425f-d530-4478-9a77-fe3aedc79eea", "count": 2}, {"id": "011ead16-9b83-4729-9fde-c588920c6c2d", "count": 1}, {"id": "e8e6bc5d-41b0-4129-b134-97507523d7ff", "count": 1}], "hidden": false, "customStyle": null, "isSuspiciousAccount": false, "layout": "classic", "withImages": true, "withVideos": false, "media": [{"url": "http://i.imgur.com/ITNLkvZ.jpg"}, {"url": "http://i.imgur.com/NBIAbTa.png"}, {"url": "http://i.imgur.com/e3bOHI5.png"}, {"url": "http://i.imgur.com/tnyfnLx.png"}, {"url": "http://i.imgur.com/k32Ubbw.png"}, {"url": "http://i.imgur.com/Y1mROkP.png"}, {"url": "http://i.imgur.com/2kPZhCg.png"}, {"url": "http://i.imgur.com/2tFkny6.png"}, {"url": "http://i.imgur.com/04rsUnf.png"}, {"url": "http://i.imgur.com/WOmjS8f.png"}, {"url": "http://i.imgur.com/wXxK8NK.jpg"}, {"url": "http://i.imgur.com/Wtqndw5.jpg"}, {"url": "http://i.imgur.com/o1cNzaj.png"}, {"url": "http://i.imgur.com/X2E8dc2.png"}, {"url": "http://i.imgur.com/XdURe9Z.png"}, {"url": "http://i.imgur.com/lf5U6LT.png"}, {"url": "http://i.imgur.com/pq6sfTS.png"}, {"url": "http://i.imgur.com/4LoZKCE.jpg"}, {"url": "http://i.imgur.com/aJ49jBR.png"}, {"url": "http://i.imgur.com/9dapTrE.png"}, {"url": "http://i.imgur.com/BI8li5u.png"}, {"url": "http://i.imgur.com/LCgOe6J.png"}, {"url": "http://i.imgur.com/rf6afSl.png"}, {"url": "http://i.imgur.com/TpVl2BS.png"}, {"url": "http://i.imgur.com/RYEHFtE.png"}, {"url": "http://i.imgur.com/cV46ttz.png"}, {"url": "http://i.imgur.com/vXlLmkR.png"}, {"url": "http://i.imgur.com/eLixdft.jpg"}, {"url": "http://i.imgur.com/OkeK5uz.jpg"}, {"url": "http://i.imgur.com/akktjlp.png"}, {"url": "http://i.imgur.com/eQqDGN6.jpg"}], "reportReasonText": "", "postAvatar": ""}, {"id": 233006533, "title": "有生之年能看到中共倒台嗎？", "excerpt": "這次的武漢肺炎，好像真的讓對岸人民覺醒了！，我在微博上刷到許多民眾，開始反思一黨專政的壞處、言論透明的好處，也有人開始理解香港反送中事件的民主訴求，雖然還有很多五毛堅決維護黨和政府，但我看到更多人在微", "anonymousSchool": false, "anonymousDepartment": true, "pinned": false, "forumId": "fc7574ad-e1df-43d2-bb06-8825c718c065", "replyId": null, "createdAt": "2020-02-03T06:08:24.631Z", "updatedAt": "2020-02-03T06:08:24.631Z", "commentCount": 32, "likeCount": 183, "withNickname": false, "tags": [], "topics": ["中國", "有生之年", "政治", "兩岸"], "meta": {"layout": "classic"}, "forumName": "時事", "forumAlias": "trending", "gender": "F", "school": "國立中央大學", "replyTitle": null, "mediaMeta": [{"id": "56e194a4-0e69-48fd-9c05-aeef99c6e2c0", "url": "https://megapx-assets.dcard.tw/images/a08a334e-8733-4891-9f18-7613a3b12b5c/640.jpeg", "normalizedUrl": "https://megapx-assets.dcard.tw/images/a08a334e-8733-4891-9f18-7613a3b12b5c/640.jpeg", "thumbnail": "https://megapx-assets.dcard.tw/images/a08a334e-8733-4891-9f18-7613a3b12b5c/640.jpeg", "type": "image/thumbnail", "tags": [], "createdAt": "2020-02-03T06:08:24.631Z", "updatedAt": "2020-02-03T06:08:24.631Z", "width": 360, "height": 640}, {"id": "56e194a4-0e69-48fd-9c05-aeef99c6e2c0", "url": "https://megapx-assets.dcard.tw/images/a08a334e-8733-4891-9f18-7613a3b12b5c/1280.jpeg", "normalizedUrl": "https://megapx.dcard.tw/v1/images/a08a334e-8733-4891-9f18-7613a3b12b5c", "thumbnail": "https://megapx-assets.dcard.tw/images/a08a334e-8733-4891-9f18-7613a3b12b5c/640.jpeg", "type": "image/megapx", "tags": [], "createdAt": "2020-02-03T06:08:24.631Z", "updatedAt": "2020-02-03T06:08:24.631Z", "width": 1125, "height": 2000}, {"id": "93a84753-d04d-49f5-8b5d-bd772d73525b", "url": "https://megapx-assets.dcard.tw/images/02564295-db4c-4b49-8ecf-acd6b08e248e/1280.jpeg", "normalizedUrl": "https://megapx.dcard.tw/v1/images/02564295-db4c-4b49-8ecf-acd6b08e248e", "thumbnail": "https://megapx-assets.dcard.tw/images/02564295-db4c-4b49-8ecf-acd6b08e248e/640.jpeg", "type": "image/megapx", "tags": [], "createdAt": "2020-02-03T06:08:24.631Z", "updatedAt": "2020-02-03T06:08:24.631Z", "width": 1125, "height": 2000}, {"id": "123221cc-309f-4661-9637-390c108fedf7", "url": "https://megapx-assets.dcard.tw/images/9404bbd6-b8ed-450b-a7ee-0950a17a0b18/1280.jpeg", "normalizedUrl": "https://megapx.dcard.tw/v1/images/9404bbd6-b8ed-450b-a7ee-0950a17a0b18", "thumbnail": "https://megapx-assets.dcard.tw/images/9404bbd6-b8ed-450b-a7ee-0950a17a0b18/640.jpeg", "type": "image/megapx", "tags": [], "createdAt": "2020-02-03T06:08:24.631Z", "updatedAt": "2020-02-03T06:08:24.631Z", "width": 1125, "height": 2000}, {"id": "9d90e27f-bcb2-44df-a982-14f7c6ad09e7", "url": "https://megapx-assets.dcard.tw/images/e72a1983-3a97-41d5-a272-4d4e599b4feb/1280.jpeg", "normalizedUrl": "https://megapx.dcard.tw/v1/images/e72a1983-3a97-41d5-a272-4d4e599b4feb", "thumbnail": "https://megapx-assets.dcard.tw/images/e72a1983-3a97-41d5-a272-4d4e599b4feb/640.jpeg", "type": "image/megapx", "tags": [], "createdAt": "2020-02-03T06:08:24.631Z", "updatedAt": "2020-02-03T06:08:24.631Z", "width": 1125, "height": 2000}, {"id": "5a4a78b6-3448-47ad-8dca-30ae55508acb", "url": "https://megapx-assets.dcard.tw/images/615cf2a1-b01b-4547-9cb2-f672cd176f1e/1280.jpeg", "normalizedUrl": "https://megapx.dcard.tw/v1/images/615cf2a1-b01b-4547-9cb2-f672cd176f1e", "thumbnail": "https://megapx-assets.dcard.tw/images/615cf2a1-b01b-4547-9cb2-f672cd176f1e/640.jpeg", "type": "image/megapx", "tags": [], "createdAt": "2020-02-03T06:08:24.631Z", "updatedAt": "2020-02-03T06:08:24.631Z", "width": 1125, "height": 2000}, {"id": "c2830c78-3f2c-44a1-b63a-6991784de286", "url": "https://megapx-assets.dcard.tw/images/afedac4b-ad0c-4355-a2f0-1b6fa37807b6/1280.jpeg", "normalizedUrl": "https://megapx.dcard.tw/v1/images/afedac4b-ad0c-4355-a2f0-1b6fa37807b6", "thumbnail": "https://megapx-assets.dcard.tw/images/afedac4b-ad0c-4355-a2f0-1b6fa37807b6/640.jpeg", "type": "image/megapx", "tags": [], "createdAt": "2020-02-03T06:08:24.631Z", "updatedAt": "2020-02-03T06:08:24.631Z", "width": 1125, "height": 2000}], "reactions": [{"id": "286f599c-f86a-4932-82f0-f5a06f1eca03", "count": 178}, {"id": "aa0d425f-d530-4478-9a77-fe3aedc79eea", "count": 3}, {"id": "e8e6bc5d-41b0-4129-b134-97507523d7ff", "count": 2}], "hidden": false, "customStyle": null, "isSuspiciousAccount": false, "layout": "classic", "withImages": true, "withVideos": false, "media": [{"url": "https://megapx-assets.dcard.tw/images/a08a334e-8733-4891-9f18-7613a3b12b5c/1280.jpeg"}, {"url": "https://megapx-assets.dcard.tw/images/02564295-db4c-4b49-8ecf-acd6b08e248e/1280.jpeg"}, {"url": "https://megapx-assets.dcard.tw/images/9404bbd6-b8ed-450b-a7ee-0950a17a0b18/1280.jpeg"}, {"url": "https://megapx-assets.dcard.tw/images/e72a1983-3a97-41d5-a272-4d4e599b4feb/1280.jpeg"}, {"url": "https://megapx-assets.dcard.tw/images/615cf2a1-b01b-4547-9cb2-f672cd176f1e/1280.jpeg"}, {"url": "https://megapx-assets.dcard.tw/images/afedac4b-ad0c-4355-a2f0-1b6fa37807b6/1280.jpeg"}], "reportReasonText": "", "postAvatar": ""}, {"id": 233005410, "title": "你們要去跟老闆說阿", "excerpt": "先說，我個人是100%支持延後開學的，先不論口罩買不買的到，大家在超商外排了多久，要浪費錢增加產線，藥局、醫院、診所抱怨第一線沒有口罩，還是要不要公開台商隔離位置，要不要捐口罩給中國，酒精買不買的到，", "anonymousSchool": false, "anonymousDepartment": false, "pinned": false, "forumId": "fc7574ad-e1df-43d2-bb06-8825c718c065", "replyId": null, "createdAt": "2020-02-03T01:15:03.793Z", "updatedAt": "2020-02-03T01:40:12.046Z", "commentCount": 65, "likeCount": 151, "withNickname": true, "tags": [], "topics": ["老闆", "時事", "台灣", "請假"], "meta": {"layout": "classic"}, "forumName": "時事", "forumAlias": "trending", "gender": "M", "school": "微生物學小渣渣", "department": "young1632054129", "replyTitle": null, "mediaMeta": [{"id": "74f40ad1-79a2-4cdf-b2e8-600b158f1d3d", "url": "https://i.imgur.com/ntZMqIPl.jpg", "normalizedUrl": "https://i.imgur.com/ntZMqIPl.jpg", "thumbnail": "https://i.imgur.com/ntZMqIPl.jpg", "type": "image/thumbnail", "tags": ["ANNOTATED"], "createdAt": "2020-02-03T01:15:03.793Z", "updatedAt": "2020-02-03T01:40:12.046Z"}, {"id": "74f40ad1-79a2-4cdf-b2e8-600b158f1d3d", "url": "http://i.imgur.com/ntZMqIP.jpg", "normalizedUrl": "https://imgur.com/ntZMqIP", "thumbnail": "https://i.imgur.com/ntZMqIPl.jpg", "type": "image/imgur", "tags": ["ANNOTATED"], "createdAt": "2020-02-03T01:15:03.793Z", "updatedAt": "2020-02-03T01:40:12.046Z"}], "reactions": [{"id": "286f599c-f86a-4932-82f0-f5a06f1eca03", "count": 145}, {"id": "aa0d425f-d530-4478-9a77-fe3aedc79eea", "count": 4}, {"id": "4b018f48-e184-445f-adf1-fc8e04ba09b9", "count": 1}, {"id": "e8e6bc5d-41b0-4129-b134-97507523d7ff", "count": 1}], "hidden": false, "customStyle": null, "isSuspiciousAccount": false, "layout": "classic", "withImages": true, "withVideos": false, "media": [{"url": "http://i.imgur.com/ntZMqIP.jpg"}], "reportReasonText": "", "postAvatar": ""}, {"id": 233010186, "title": "重要｜口罩實名制圖片分享", "excerpt": "看到網友在討論說實名制的事情，政府很快就規劃好了，這次效率還真不錯，以下附上幾張不同機關做的圖，希望大家可以更清楚，或選一張喜歡的拿去分享，另外小提醒一下：然後，我覺得這個專頁應該叫韓黑父母在崩潰？就", "anonymousSchool": false, "anonymousDepartment": true, "pinned": false, "forumId": "fc7574ad-e1df-43d2-bb06-8825c718c065", "replyId": 233002732, "createdAt": "2020-02-03T15:09:24.177Z", "updatedAt": "2020-02-03T16:01:23.682Z", "commentCount": 33, "likeCount": 107, "withNickname": false, "tags": [], "topics": ["武漢肺炎", "口罩", "實名制", "藥局", "健保卡"], "meta": {"layout": "classic"}, "forumName": "時事", "forumAlias": "trending", "gender": "M", "school": "國立成功大學", "replyTitle": "【更新】重要｜為什麼你買不到口罩？", "mediaMeta": [{"id": "76f309bd-7360-4120-9677-213482967cb8", "url": "https://i.imgur.com/CPYUzS1l.jpg", "normalizedUrl": "https://i.imgur.com/CPYUzS1l.jpg", "thumbnail": "https://i.imgur.com/CPYUzS1l.jpg", "type": "image/thumbnail", "tags": ["ANNOTATED"], "createdAt": "2020-02-03T15:09:24.177Z", "updatedAt": "2020-02-03T16:01:23.682Z"}, {"id": "76f309bd-7360-4120-9677-213482967cb8", "url": "http://i.imgur.com/CPYUzS1.jpg", "normalizedUrl": "https://imgur.com/CPYUzS1", "thumbnail": "https://i.imgur.com/CPYUzS1l.jpg", "type": "image/imgur", "tags": ["ANNOTATED"], "createdAt": "2020-02-03T15:09:24.177Z", "updatedAt": "2020-02-03T16:01:23.682Z"}, {"id": "1b4c821f-c0b7-4438-8b9f-2b43866646af", "url": "http://i.imgur.com/p3RRbdU.jpg", "normalizedUrl": "https://imgur.com/p3RRbdU", "thumbnail": "https://i.imgur.com/p3RRbdUl.jpg", "type": "image/imgur", "tags": ["ANNOTATED"], "createdAt": "2020-02-03T15:09:24.177Z", "updatedAt": "2020-02-03T16:01:23.682Z"}, {"id": "8a18351e-aff5-4cbc-a3f9-37789f357f2e", "url": "http://i.imgur.com/VKVGKZR.jpg", "normalizedUrl": "https://imgur.com/VKVGKZR", "thumbnail": "https://i.imgur.com/VKVGKZRl.jpg", "type": "image/imgur", "tags": ["ANNOTATED"], "createdAt": "2020-02-03T15:09:24.177Z", "updatedAt": "2020-02-03T16:01:23.682Z"}, {"id": "4af4b8d8-f24f-4b7e-9643-2d49f4179860", "url": "http://i.imgur.com/isDkuqw.jpg", "normalizedUrl": "https://imgur.com/isDkuqw", "thumbnail": "https://i.imgur.com/isDkuqwl.jpg", "type": "image/imgur", "tags": ["ANNOTATED"], "createdAt": "2020-02-03T15:09:24.177Z", "updatedAt": "2020-02-03T16:01:23.682Z"}, {"id": "42b89296-1def-4637-ab1e-83fd6f7a5ae6", "url": "http://i.imgur.com/JTkwlAW.jpg", "normalizedUrl": "https://imgur.com/JTkwlAW", "thumbnail": "https://i.imgur.com/JTkwlAWl.jpg", "type": "image/imgur", "tags": ["ANNOTATED"], "createdAt": "2020-02-03T15:44:58.279Z", "updatedAt": "2020-02-03T16:01:23.682Z"}, {"id": "742d19b5-3399-4b9b-bd68-983d8ff38c38", "url": "http://i.imgur.com/ohIVID6.jpg", "normalizedUrl": "https://imgur.com/ohIVID6", "thumbnail": "https://i.imgur.com/ohIVID6l.jpg", "type": "image/imgur", "tags": ["ANNOTATED"], "createdAt": "2020-02-03T15:09:24.177Z", "updatedAt": "2020-02-03T16:01:23.682Z"}, {"id": "13fcb275-8cd1-4478-ad7a-9be85f904a81", "url": "http://i.imgur.com/vYNfRIg.jpg", "normalizedUrl": "https://imgur.com/vYNfRIg", "thumbnail": "https://i.imgur.com/vYNfRIgl.jpg", "type": "image/imgur", "tags": ["ANNOTATED"], "createdAt": "2020-02-03T15:09:24.177Z", "updatedAt": "2020-02-03T16:01:23.682Z"}], "reactions": [{"id": "286f599c-f86a-4932-82f0-f5a06f1eca03", "count": 105}, {"id": "aa0d425f-d530-4478-9a77-fe3aedc79eea", "count": 2}], "hidden": false, "customStyle": null, "isSuspiciousAccount": false, "layout": "classic", "withImages": true, "withVideos": false, "media": [{"url": "http://i.imgur.com/CPYUzS1.jpg"}, {"url": "http://i.imgur.com/p3RRbdU.jpg"}, {"url": "http://i.imgur.com/VKVGKZR.jpg"}, {"url": "http://i.imgur.com/isDkuqw.jpg"}, {"url": "http://i.imgur.com/JTkwlAW.jpg"}, {"url": "http://i.imgur.com/ohIVID6.jpg"}, {"url": "http://i.imgur.com/vYNfRIg.jpg"}], "reportReasonText": "", "postAvatar": ""}, {"id": 233005583, "title": "收37億只給醫院3千片口罩　湖北紅十字會認錯：深感痛心", "excerpt": "中國爆發武漢肺炎，全球愛心捐款及物資不斷湧入，根據中國紅十字會總會統計，截至1月31日17時，中國紅十字會總會機關、中國紅十字基金會收到用於武漢肺炎的善款及物資已達8億4972.32萬餘元（約新台幣3", "anonymousSchool": false, "anonymousDepartment": false, "pinned": false, "forumId": "fc7574ad-e1df-43d2-bb06-8825c718c065", "replyId": null, "createdAt": "2020-02-03T02:21:18.699Z", "updatedAt": "2020-02-03T02:26:19.850Z", "commentCount": 13, "likeCount": 99, "withNickname": true, "tags": [], "topics": [], "meta": {"layout": "classic"}, "forumName": "時事", "forumAlias": "trending", "gender": "M", "school": "韓國瑜的良心", "department": "shellysofat0309", "replyTitle": null, "mediaMeta": [{"id": "70f701f5-ad5e-4a17-ab73-2a09216b062f", "url": "https://megapx-assets.dcard.tw/images/62d0bf18-107b-44d8-8a0c-b841da90da1a/320.jpeg", "normalizedUrl": "https://megapx-assets.dcard.tw/images/62d0bf18-107b-44d8-8a0c-b841da90da1a/320.jpeg", "thumbnail": "https://megapx-assets.dcard.tw/images/62d0bf18-107b-44d8-8a0c-b841da90da1a/320.jpeg", "type": "image/thumbnail", "tags": ["ANNOTATED"], "createdAt": "2020-02-03T02:21:18.699Z", "updatedAt": "2020-02-03T02:26:19.850Z", "width": 320, "height": 180}, {"id": "70f701f5-ad5e-4a17-ab73-2a09216b062f", "url": "https://megapx-assets.dcard.tw/images/62d0bf18-107b-44d8-8a0c-b841da90da1a/full.jpeg", "normalizedUrl": "https://megapx.dcard.tw/v1/images/62d0bf18-107b-44d8-8a0c-b841da90da1a", "thumbnail": "https://megapx-assets.dcard.tw/images/62d0bf18-107b-44d8-8a0c-b841da90da1a/320.jpeg", "type": "image/megapx", "tags": ["ANNOTATED"], "createdAt": "2020-02-03T02:21:18.699Z", "updatedAt": "2020-02-03T02:26:19.850Z", "width": 510, "height": 287}], "reactions": [{"id": "286f599c-f86a-4932-82f0-f5a06f1eca03", "count": 88}, {"id": "aa0d425f-d530-4478-9a77-fe3aedc79eea", "count": 7}, {"id": "e8e6bc5d-41b0-4129-b134-97507523d7ff", "count": 2}, {"id": "4b018f48-e184-445f-adf1-fc8e04ba09b9", "count": 1}, {"id": "514c2569-fd53-4d9d-a415-bf0f88e7329f", "count": 1}], "hidden": false, "customStyle": null, "isSuspiciousAccount": false, "layout": "classic", "withImages": true, "withVideos": false, "media": [{"url": "https://megapx-assets.dcard.tw/images/62d0bf18-107b-44d8-8a0c-b841da90da1a/full.jpeg"}], "reportReasonText": "", "postAvatar": ""}, {"id": 233009958, "title": "讓台灣護照上的China還原成Chung Hwa,別再去按什麼白宮連署好嗎?這還能順便解決世衛等等的問題(文長)", "excerpt": "自從我們的護照上多了 Taiwan 之後，可能提高了我們跟對岸之間的區別性。但是！，這一切還不夠。因為我們上面還有著 China 這個單字。我在這邊，鄭重地提出，將中華民國的英文還原成，「Republ", "anonymousSchool": false, "anonymousDepartment": true, "pinned": false, "forumId": "fc7574ad-e1df-43d2-bb06-8825c718c065", "replyId": null, "createdAt": "2020-02-03T14:42:21.049Z", "updatedAt": "2020-02-03T14:42:21.049Z", "commentCount": 12, "likeCount": 83, "withNickname": false, "tags": [], "topics": ["我們國父首創Chunghwa", "Chunghwa", "Chunghwese"], "meta": {"layout": "classic"}, "forumName": "時事", "forumAlias": "trending", "gender": "M", "school": "中原大學", "replyTitle": null, "mediaMeta": [{"id": "735aaee2-1fcc-4519-ab8b-ae02c857ce3c", "url": "https://megapx-assets.dcard.tw/images/1f761fd1-50b1-46ec-98c6-800dba659074/320.jpeg", "normalizedUrl": "https://megapx-assets.dcard.tw/images/1f761fd1-50b1-46ec-98c6-800dba659074/320.jpeg", "thumbnail": "https://megapx-assets.dcard.tw/images/1f761fd1-50b1-46ec-98c6-800dba659074/320.jpeg", "type": "image/thumbnail", "tags": [], "createdAt": "2020-02-03T14:42:21.049Z", "updatedAt": "2020-02-03T14:42:21.049Z", "width": 320, "height": 155}, {"id": "735aaee2-1fcc-4519-ab8b-ae02c857ce3c", "url": "https://megapx-assets.dcard.tw/images/1f761fd1-50b1-46ec-98c6-800dba659074/full.jpeg", "normalizedUrl": "https://megapx.dcard.tw/v1/images/1f761fd1-50b1-46ec-98c6-800dba659074", "thumbnail": "https://megapx-assets.dcard.tw/images/1f761fd1-50b1-46ec-98c6-800dba659074/320.jpeg", "type": "image/megapx", "tags": [], "createdAt": "2020-02-03T14:42:21.049Z", "updatedAt": "2020-02-03T14:42:21.049Z", "width": 617, "height": 298}, {"id": "f4b242a0-dd1a-4bb2-a75e-a10982293f65", "url": "https://megapx-assets.dcard.tw/images/5a4a4f92-be1d-4c6d-a8b5-2be904552fab/1280.jpeg", "normalizedUrl": "https://megapx.dcard.tw/v1/images/5a4a4f92-be1d-4c6d-a8b5-2be904552fab", "thumbnail": "https://megapx-assets.dcard.tw/images/5a4a4f92-be1d-4c6d-a8b5-2be904552fab/640.jpeg", "type": "image/megapx", "tags": [], "createdAt": "2020-02-03T14:42:21.049Z", "updatedAt": "2020-02-03T14:42:21.049Z", "width": 1329, "height": 565}, {"id": "4f18d314-e984-41f4-bccc-4058fd72559f", "url": "https://megapx-assets.dcard.tw/images/a88bccec-35e7-4817-8db5-ad3f12b7e392/1280.jpeg", "normalizedUrl": "https://megapx.dcard.tw/v1/images/a88bccec-35e7-4817-8db5-ad3f12b7e392", "thumbnail": "https://megapx-assets.dcard.tw/images/a88bccec-35e7-4817-8db5-ad3f12b7e392/640.jpeg", "type": "image/megapx", "tags": [], "createdAt": "2020-02-03T14:42:21.049Z", "updatedAt": "2020-02-03T14:42:21.049Z", "width": 1675, "height": 808}], "reactions": [{"id": "286f599c-f86a-4932-82f0-f5a06f1eca03", "count": 82}, {"id": "aa0d425f-d530-4478-9a77-fe3aedc79eea", "count": 1}], "hidden": false, "customStyle": null, "isSuspiciousAccount": false, "layout": "classic", "withImages": true, "withVideos": false, "media": [{"url": "https://megapx-assets.dcard.tw/images/1f761fd1-50b1-46ec-98c6-800dba659074/full.jpeg"}, {"url": "https://megapx-assets.dcard.tw/images/5a4a4f92-be1d-4c6d-a8b5-2be904552fab/1280.jpeg"}, {"url": "https://megapx-assets.dcard.tw/images/a88bccec-35e7-4817-8db5-ad3f12b7e392/1280.jpeg"}], "reportReasonText": "", "postAvatar": ""}, {"id": 233005954, "title": "小7店員真的衰小！", "excerpt": "剛，小魯坐在小七裡面，喝著小七美麗店員泡的咖啡，愜意的划著手機，時不時一直聽到美麗的店員一直重複的說，「抱歉口罩賣完囉」！，明明就有紙卡在旁邊上面也有寫字，還是一堆人沒看到不知是怎樣，眼屎太大顆嗎？就", "anonymousSchool": false, "anonymousDepartment": false, "pinned": false, "forumId": "fc7574ad-e1df-43d2-bb06-8825c718c065", "replyId": null, "createdAt": "2020-02-03T03:55:33.086Z", "updatedAt": "2020-02-03T03:55:33.086Z", "commentCount": 14, "likeCount": 70, "withNickname": true, "tags": [], "topics": ["店員", "時事", "台灣", "武漢肺炎"], "meta": {"layout": "classic"}, "forumName": "時事", "forumAlias": "trending", "gender": "M", "school": "孤單寂寞覺得冷", "department": "addison123", "replyTitle": null, "mediaMeta": [{"id": "47ede3f2-3c32-4f44-9ad7-4cd4ffc50fd6", "url": "https://i.imgur.com/gHHxJMul.jpg", "normalizedUrl": "https://i.imgur.com/gHHxJMul.jpg", "thumbnail": "https://i.imgur.com/gHHxJMul.jpg", "type": "image/thumbnail", "tags": ["ANNOTATED"], "createdAt": "2020-02-03T03:55:33.086Z", "updatedAt": "2020-02-03T03:55:33.086Z"}, {"id": "47ede3f2-3c32-4f44-9ad7-4cd4ffc50fd6", "url": "https://i.imgur.com/gHHxJMu.jpg", "normalizedUrl": "https://imgur.com/gHHxJMu", "thumbnail": "https://i.imgur.com/gHHxJMul.jpg", "type": "image/imgur", "tags": ["ANNOTATED"], "createdAt": "2020-02-03T03:55:33.086Z", "updatedAt": "2020-02-03T03:55:33.086Z"}], "reactions": [{"id": "286f599c-f86a-4932-82f0-f5a06f1eca03", "count": 68}, {"id": "aa0d425f-d530-4478-9a77-fe3aedc79eea", "count": 1}, {"id": "e8e6bc5d-41b0-4129-b134-97507523d7ff", "count": 1}], "hidden": false, "customStyle": null, "isSuspiciousAccount": false, "layout": "classic", "withImages": true, "withVideos": false, "media": [{"url": "https://i.imgur.com/gHHxJMu.jpg"}], "reportReasonText": "", "postAvatar": ""}, {"id": 233003943, "title": "世衛總幹事挨轟掩飾武漢肺炎疫情…10萬網友聯署要求下台", "excerpt": "中國武漢肺炎疫情全球蔓延，WHO（世界衛生組織）起初拒絕將武漢肺炎升級成為「國際公共衛生緊急事件」，直到上月30日才發布。遭不少網友批評WHO總幹事譚德塞只憑中共數據低估武漢肺炎疫情。有加拿大網友Os", "anonymousSchool": false, "anonymousDepartment": false, "pinned": false, "forumId": "fc7574ad-e1df-43d2-bb06-8825c718c065", "replyId": null, "createdAt": "2020-02-02T16:09:32.334Z", "updatedAt": "2020-02-02T16:09:32.334Z", "commentCount": 7, "likeCount": 67, "withNickname": true, "tags": [], "topics": [], "meta": {"layout": "classic"}, "forumName": "時事", "forumAlias": "trending", "gender": "M", "school": "小淫蟲周伯通", "department": "eat_food_taiwan", "replyTitle": null, "mediaMeta": [], "reactions": [{"id": "286f599c-f86a-4932-82f0-f5a06f1eca03", "count": 64}, {"id": "aa0d425f-d530-4478-9a77-fe3aedc79eea", "count": 3}], "hidden": false, "customStyle": null, "isSuspiciousAccount": false, "layout": "classic", "withImages": false, "withVideos": false, "media": [], "reportReasonText": "", "postAvatar": ""}, {"id": 233006243, "title": "陸駐大馬領事館疑遭放爆裂物？ 引爆驚見「N95」滿天紛飛", "excerpt": "位於馬來西亞檳城的中國大陸駐馬來西亞領事館，門口於1月31日下午被放置3個不明紙箱，領事館發現後非常緊張，隨即報警處理，當地警消也小心翼翼地前來引爆，怎料引爆瞬間，卻噴出一堆「N95口罩」，事後調查才", "anonymousSchool": false, "anonymousDepartment": true, "pinned": false, "forumId": "fc7574ad-e1df-43d2-bb06-8825c718c065", "replyId": null, "createdAt": "2020-02-03T05:01:50.385Z", "updatedAt": "2020-02-03T05:01:50.385Z", "commentCount": 16, "likeCount": 64, "withNickname": false, "tags": [], "topics": ["武漢肺炎", "口罩", "大馬", "N95"], "meta": {"layout": "classic"}, "forumName": "時事", "forumAlias": "trending", "gender": "M", "school": "元智大學", "replyTitle": null, "mediaMeta": [{"id": "370f7bbb-3d3e-43fc-930b-dc91aed73dd2", "url": "https://img.youtube.com/vi/ABy9CC9cNS4/hqdefault.jpg", "normalizedUrl": "https://img.youtube.com/vi/ABy9CC9cNS4/hqdefault.jpg", "thumbnail": "https://img.youtube.com/vi/ABy9CC9cNS4/hqdefault.jpg", "type": "image/thumbnail", "tags": ["ANNOTATED_FAILED"], "createdAt": "2020-02-03T05:01:50.385Z", "updatedAt": "2020-02-03T05:01:50.385Z"}, {"id": "370f7bbb-3d3e-43fc-930b-dc91aed73dd2", "url": "https://www.youtube.com/watch?v=ABy9CC9cNS4", "normalizedUrl": "https://www.youtube.com/watch?v=ABy9CC9cNS4", "thumbnail": "https://img.youtube.com/vi/ABy9CC9cNS4/hqdefault.jpg", "type": "video/youtube", "tags": ["ANNOTATED_FAILED"], "createdAt": "2020-02-03T05:01:50.385Z", "updatedAt": "2020-02-03T05:01:50.385Z"}], "reactions": [{"id": "286f599c-f86a-4932-82f0-f5a06f1eca03", "count": 56}, {"id": "e8e6bc5d-41b0-4129-b134-97507523d7ff", "count": 5}, {"id": "4b018f48-e184-445f-adf1-fc8e04ba09b9", "count": 2}, {"id": "aa0d425f-d530-4478-9a77-fe3aedc79eea", "count": 1}], "hidden": false, "customStyle": null, "isSuspiciousAccount": false, "layout": "classic", "withImages": false, "withVideos": false, "media": [], "reportReasonText": "", "postAvatar": ""}, {"id": 233007857, "title": "關於口罩的Q&A", "excerpt": "圖片來源：轉發給你那些無知的親戚朋友們吧，台灣加油", "anonymousSchool": false, "anonymousDepartment": true, "pinned": false, "forumId": "fc7574ad-e1df-43d2-bb06-8825c718c065", "replyId": null, "createdAt": "2020-02-03T09:41:09.920Z", "updatedAt": "2020-02-03T09:41:09.920Z", "commentCount": 11, "likeCount": 58, "withNickname": false, "tags": [], "topics": ["口罩"], "meta": {"layout": "classic"}, "forumName": "時事", "forumAlias": "trending", "gender": "F", "school": "東海大學", "replyTitle": null, "mediaMeta": [{"id": "1317d9cb-0277-471a-9a42-db31cb38d217", "url": "https://i.imgur.com/wnZ7mphl.jpg", "normalizedUrl": "https://i.imgur.com/wnZ7mphl.jpg", "thumbnail": "https://i.imgur.com/wnZ7mphl.jpg", "type": "image/thumbnail", "tags": ["ANNOTATED"], "createdAt": "2020-02-03T09:41:09.920Z", "updatedAt": "2020-02-03T09:41:09.920Z"}, {"id": "1317d9cb-0277-471a-9a42-db31cb38d217", "url": "https://i.imgur.com/wnZ7mph.jpg", "normalizedUrl": "https://imgur.com/wnZ7mph", "thumbnail": "https://i.imgur.com/wnZ7mphl.jpg", "type": "image/imgur", "tags": ["ANNOTATED"], "createdAt": "2020-02-03T09:41:09.920Z", "updatedAt": "2020-02-03T09:41:09.920Z"}, {"id": "2bd8c8e6-e7bb-4b28-a874-468a01cc5f44", "url": "https://i.imgur.com/TOzjeLN.jpg", "normalizedUrl": "https://imgur.com/TOzjeLN", "thumbnail": "https://i.imgur.com/TOzjeLNl.jpg", "type": "image/imgur", "tags": ["ANNOTATED"], "createdAt": "2020-02-03T09:41:09.920Z", "updatedAt": "2020-02-03T09:41:09.920Z"}, {"id": "a198573d-e6ab-4ca8-ac83-1d863696e3f0", "url": "https://i.imgur.com/K7sv8qT.jpg", "normalizedUrl": "https://imgur.com/K7sv8qT", "thumbnail": "https://i.imgur.com/K7sv8qTl.jpg", "type": "image/imgur", "tags": ["ANNOTATED"], "createdAt": "2020-02-03T09:41:09.920Z", "updatedAt": "2020-02-03T09:41:09.920Z"}, {"id": "4bb01655-118c-42a2-98a1-98a4c43170fb", "url": "https://i.imgur.com/g4qi5AA.jpg", "normalizedUrl": "https://imgur.com/g4qi5AA", "thumbnail": "https://i.imgur.com/g4qi5AAl.jpg", "type": "image/imgur", "tags": ["ANNOTATED"], "createdAt": "2020-02-03T09:41:09.920Z", "updatedAt": "2020-02-03T09:41:09.920Z"}, {"id": "1d9d2a42-d113-4809-8055-ed7f4deb8ead", "url": "https://i.imgur.com/QCHlkXY.jpg", "normalizedUrl": "https://imgur.com/QCHlkXY", "thumbnail": "https://i.imgur.com/QCHlkXYl.jpg", "type": "image/imgur", "tags": ["ANNOTATED"], "createdAt": "2020-02-03T09:41:09.920Z", "updatedAt": "2020-02-03T09:41:09.920Z"}, {"id": "3472170f-8895-4bb3-9461-102f14de7300", "url": "https://i.imgur.com/vMYoRiv.jpg", "normalizedUrl": "https://imgur.com/vMYoRiv", "thumbnail": "https://i.imgur.com/vMYoRivl.jpg", "type": "image/imgur", "tags": ["ANNOTATED"], "createdAt": "2020-02-03T09:41:09.920Z", "updatedAt": "2020-02-03T09:41:09.920Z"}, {"id": "31250a69-f3f7-4412-b646-b7466b21a6fe", "url": "https://i.imgur.com/qk0JMyS.jpg", "normalizedUrl": "https://imgur.com/qk0JMyS", "thumbnail": "https://i.imgur.com/qk0JMySl.jpg", "type": "image/imgur", "tags": ["ANNOTATED"], "createdAt": "2020-02-03T09:41:09.920Z", "updatedAt": "2020-02-03T09:41:09.920Z"}, {"id": "7e10e48c-e91a-46de-8cfb-2a8fdeaab8c6", "url": "https://i.imgur.com/t3ZHLvy.jpg", "normalizedUrl": "https://imgur.com/t3ZHLvy", "thumbnail": "https://i.imgur.com/t3ZHLvyl.jpg", "type": "image/imgur", "tags": ["ANNOTATED"], "createdAt": "2020-02-03T09:41:09.920Z", "updatedAt": "2020-02-03T09:41:09.920Z"}, {"id": "64be650c-9ddf-4b4e-b778-a00560a6fe87", "url": "https://i.imgur.com/euaUTvB.jpg", "normalizedUrl": "https://imgur.com/euaUTvB", "thumbnail": "https://i.imgur.com/euaUTvBl.jpg", "type": "image/imgur", "tags": ["ANNOTATED"], "createdAt": "2020-02-03T09:41:09.920Z", "updatedAt": "2020-02-03T09:41:09.920Z"}, {"id": "704faf6e-7772-423a-b556-41540e15f2f7", "url": "https://i.imgur.com/o9LfxyD.jpg", "normalizedUrl": "https://imgur.com/o9LfxyD", "thumbnail": "https://i.imgur.com/o9LfxyDl.jpg", "type": "image/imgur", "tags": ["ANNOTATED"], "createdAt": "2020-02-03T09:41:09.920Z", "updatedAt": "2020-02-03T09:41:09.920Z"}, {"id": "7dea42fa-e3e1-458e-ac65-dc409d46fa8f", "url": "https://i.imgur.com/DT79XXE.jpg", "normalizedUrl": "https://imgur.com/DT79XXE", "thumbnail": "https://i.imgur.com/DT79XXEl.jpg", "type": "image/imgur", "tags": ["ANNOTATED"], "createdAt": "2020-02-03T09:41:09.920Z", "updatedAt": "2020-02-03T09:41:09.920Z"}, {"id": "9d917f16-0b8e-4ea9-b725-22cdcfaea035", "url": "https://i.imgur.com/j3hsyzl.jpg", "normalizedUrl": "https://imgur.com/j3hsyzl", "thumbnail": "https://i.imgur.com/j3hsyzll.jpg", "type": "image/imgur", "tags": ["ANNOTATED"], "createdAt": "2020-02-03T09:41:09.920Z", "updatedAt": "2020-02-03T09:41:09.920Z"}, {"id": "e06e6781-2eba-4271-a7ff-d621f7f3c4d1", "url": "https://i.imgur.com/wKUgw5L.jpg", "normalizedUrl": "https://imgur.com/wKUgw5L", "thumbnail": "https://i.imgur.com/wKUgw5Ll.jpg", "type": "image/imgur", "tags": ["ANNOTATED"], "createdAt": "2020-02-03T09:41:09.920Z", "updatedAt": "2020-02-03T09:41:09.920Z"}, {"id": "0d4d54f3-f5d6-43b2-821b-7e181576cb1a", "url": "https://i.imgur.com/FYPOp0D.jpg", "normalizedUrl": "https://imgur.com/FYPOp0D", "thumbnail": "https://i.imgur.com/FYPOp0Dl.jpg", "type": "image/imgur", "tags": ["ANNOTATED"], "createdAt": "2020-02-03T09:41:09.920Z", "updatedAt": "2020-02-03T09:41:09.920Z"}, {"id": "8cd2b9bc-4982-40ba-992c-262cb2cd9667", "url": "https://i.imgur.com/hogBT3Z.jpg", "normalizedUrl": "https://imgur.com/hogBT3Z", "thumbnail": "https://i.imgur.com/hogBT3Zl.jpg", "type": "image/imgur", "tags": ["ANNOTATED"], "createdAt": "2020-02-03T09:41:09.920Z", "updatedAt": "2020-02-03T09:41:09.920Z"}, {"id": "420fa658-6b2d-4253-be4d-c0a5c575bb25", "url": "https://i.imgur.com/bFoT7M6.jpg", "normalizedUrl": "https://imgur.com/bFoT7M6", "thumbnail": "https://i.imgur.com/bFoT7M6l.jpg", "type": "image/imgur", "tags": ["ANNOTATED"], "createdAt": "2020-02-03T09:41:09.920Z", "updatedAt": "2020-02-03T09:41:09.920Z"}, {"id": "6fc1fd24-55b4-4f07-8fae-b98289d39cb7", "url": "https://i.imgur.com/zYKlJDK.jpg", "normalizedUrl": "https://imgur.com/zYKlJDK", "thumbnail": "https://i.imgur.com/zYKlJDKl.jpg", "type": "image/imgur", "tags": ["ANNOTATED"], "createdAt": "2020-02-03T09:41:09.920Z", "updatedAt": "2020-02-03T09:41:09.920Z"}, {"id": "e3c9c7bb-531c-4e22-bb39-4cd91d381e2b", "url": "https://i.imgur.com/J0W0Huo.jpg", "normalizedUrl": "https://imgur.com/J0W0Huo", "thumbnail": "https://i.imgur.com/J0W0Huol.jpg", "type": "image/imgur", "tags": ["ANNOTATED"], "createdAt": "2020-02-03T09:41:09.920Z", "updatedAt": "2020-02-03T09:41:09.920Z"}, {"id": "8f795ca6-d85b-4976-bd6f-eb43d9987c37", "url": "https://i.imgur.com/1bViHrt.jpg", "normalizedUrl": "https://imgur.com/1bViHrt", "thumbnail": "https://i.imgur.com/1bViHrtl.jpg", "type": "image/imgur", "tags": ["ANNOTATED"], "createdAt": "2020-02-03T09:41:09.920Z", "updatedAt": "2020-02-03T09:41:09.920Z"}, {"id": "66d65ffe-8fe6-4778-931f-08e7607493b3", "url": "https://i.imgur.com/DMuY5VW.jpg", "normalizedUrl": "https://imgur.com/DMuY5VW", "thumbnail": "https://i.imgur.com/DMuY5VWl.jpg", "type": "image/imgur", "tags": ["ANNOTATED"], "createdAt": "2020-02-03T09:41:09.920Z", "updatedAt": "2020-02-03T09:41:09.920Z"}, {"id": "5db11599-bb75-445c-bd5c-8286c9e1eb66", "url": "https://i.imgur.com/zyTIzt8.jpg", "normalizedUrl": "https://imgur.com/zyTIzt8", "thumbnail": "https://i.imgur.com/zyTIzt8l.jpg", "type": "image/imgur", "tags": ["ANNOTATED"], "createdAt": "2020-02-03T09:41:09.920Z", "updatedAt": "2020-02-03T09:41:09.920Z"}, {"id": "f39703c5-16a8-49ef-b492-5f14eba63e92", "url": "https://i.imgur.com/E77NH8H.jpg", "normalizedUrl": "https://imgur.com/E77NH8H", "thumbnail": "https://i.imgur.com/E77NH8Hl.jpg", "type": "image/imgur", "tags": ["ANNOTATED"], "createdAt": "2020-02-03T09:41:09.920Z", "updatedAt": "2020-02-03T09:41:09.920Z"}, {"id": "c7189c0b-965f-4599-9dff-8cfbf6601c5f", "url": "https://i.imgur.com/YPRv1ZG.jpg", "normalizedUrl": "https://imgur.com/YPRv1ZG", "thumbnail": "https://i.imgur.com/YPRv1ZGl.jpg", "type": "image/imgur", "tags": ["ANNOTATED"], "createdAt": "2020-02-03T09:41:09.920Z", "updatedAt": "2020-02-03T09:41:09.920Z"}, {"id": "40f3a7f2-18e4-4e81-9f6f-9ced65ea72e8", "url": "https://i.imgur.com/Rrktujt.jpg", "normalizedUrl": "https://imgur.com/Rrktujt", "thumbnail": "https://i.imgur.com/Rrktujtl.jpg", "type": "image/imgur", "tags": ["ANNOTATED"], "createdAt": "2020-02-03T09:41:09.920Z", "updatedAt": "2020-02-03T09:41:09.920Z"}, {"id": "afccbdef-0c7d-46c0-94db-a20a09509bd5", "url": "https://i.imgur.com/qNuFwj2.jpg", "normalizedUrl": "https://imgur.com/qNuFwj2", "thumbnail": "https://i.imgur.com/qNuFwj2l.jpg", "type": "image/imgur", "tags": ["ANNOTATED"], "createdAt": "2020-02-03T09:41:09.920Z", "updatedAt": "2020-02-03T09:41:09.920Z"}, {"id": "bd32b608-5019-4a78-a863-9a1167cb253e", "url": "https://i.imgur.com/HtxJXyt.jpg", "normalizedUrl": "https://imgur.com/HtxJXyt", "thumbnail": "https://i.imgur.com/HtxJXytl.jpg", "type": "image/imgur", "tags": ["ANNOTATED"], "createdAt": "2020-02-03T09:41:09.920Z", "updatedAt": "2020-02-03T09:41:09.920Z"}, {"id": "b7e3dde2-dba6-45d7-a0fd-6d2bfb2f7ae4", "url": "https://i.imgur.com/Ej1IxNw.jpg", "normalizedUrl": "https://imgur.com/Ej1IxNw", "thumbnail": "https://i.imgur.com/Ej1IxNwl.jpg", "type": "image/imgur", "tags": ["ANNOTATED"], "createdAt": "2020-02-03T09:41:09.920Z", "updatedAt": "2020-02-03T09:41:09.920Z"}, {"id": "9d80935f-44af-4b5a-bafb-d26913189950", "url": "https://i.imgur.com/UIxWSSK.jpg", "normalizedUrl": "https://imgur.com/UIxWSSK", "thumbnail": "https://i.imgur.com/UIxWSSKl.jpg", "type": "image/imgur", "tags": ["ANNOTATED"], "createdAt": "2020-02-03T09:41:09.920Z", "updatedAt": "2020-02-03T09:41:09.920Z"}, {"id": "cfaf5223-f98f-4c6d-99e8-f06137c3aa45", "url": "https://i.imgur.com/z1IVAum.jpg", "normalizedUrl": "https://imgur.com/z1IVAum", "thumbnail": "https://i.imgur.com/z1IVAuml.jpg", "type": "image/imgur", "tags": ["ANNOTATED"], "createdAt": "2020-02-03T09:41:09.920Z", "updatedAt": "2020-02-03T09:41:09.920Z"}, {"id": "aab011fd-08c3-4816-922a-f43f1fb93f76", "url": "https://i.imgur.com/RJW9UZt.jpg", "normalizedUrl": "https://imgur.com/RJW9UZt", "thumbnail": "https://i.imgur.com/RJW9UZtl.jpg", "type": "image/imgur", "tags": ["ANNOTATED"], "createdAt": "2020-02-03T09:41:09.920Z", "updatedAt": "2020-02-03T09:41:09.920Z"}, {"id": "79532ef5-5bc2-484c-b16e-b6516a3f1fd0", "url": "https://i.imgur.com/yPlf4Ah.jpg", "normalizedUrl": "https://imgur.com/yPlf4Ah", "thumbnail": "https://i.imgur.com/yPlf4Ahl.jpg", "type": "image/imgur", "tags": ["ANNOTATED"], "createdAt": "2020-02-03T09:41:09.920Z", "updatedAt": "2020-02-03T09:41:09.920Z"}], "reactions": [{"id": "286f599c-f86a-4932-82f0-f5a06f1eca03", "count": 57}, {"id": "aa0d425f-d530-4478-9a77-fe3aedc79eea", "count": 1}], "hidden": false, "customStyle": null, "isSuspiciousAccount": false, "layout": "classic", "withImages": true, "withVideos": false, "media": [{"url": "https://i.imgur.com/wnZ7mph.jpg"}, {"url": "https://i.imgur.com/TOzjeLN.jpg"}, {"url": "https://i.imgur.com/K7sv8qT.jpg"}, {"url": "https://i.imgur.com/g4qi5AA.jpg"}, {"url": "https://i.imgur.com/QCHlkXY.jpg"}, {"url": "https://i.imgur.com/vMYoRiv.jpg"}, {"url": "https://i.imgur.com/qk0JMyS.jpg"}, {"url": "https://i.imgur.com/t3ZHLvy.jpg"}, {"url": "https://i.imgur.com/euaUTvB.jpg"}, {"url": "https://i.imgur.com/o9LfxyD.jpg"}, {"url": "https://i.imgur.com/DT79XXE.jpg"}, {"url": "https://i.imgur.com/j3hsyzl.jpg"}, {"url": "https://i.imgur.com/wKUgw5L.jpg"}, {"url": "https://i.imgur.com/FYPOp0D.jpg"}, {"url": "https://i.imgur.com/hogBT3Z.jpg"}, {"url": "https://i.imgur.com/bFoT7M6.jpg"}, {"url": "https://i.imgur.com/zYKlJDK.jpg"}, {"url": "https://i.imgur.com/J0W0Huo.jpg"}, {"url": "https://i.imgur.com/1bViHrt.jpg"}, {"url": "https://i.imgur.com/DMuY5VW.jpg"}, {"url": "https://i.imgur.com/zyTIzt8.jpg"}, {"url": "https://i.imgur.com/E77NH8H.jpg"}, {"url": "https://i.imgur.com/YPRv1ZG.jpg"}, {"url": "https://i.imgur.com/Rrktujt.jpg"}, {"url": "https://i.imgur.com/qNuFwj2.jpg"}, {"url": "https://i.imgur.com/HtxJXyt.jpg"}, {"url": "https://i.imgur.com/Ej1IxNw.jpg"}, {"url": "https://i.imgur.com/UIxWSSK.jpg"}, {"url": "https://i.imgur.com/z1IVAum.jpg"}, {"url": "https://i.imgur.com/RJW9UZt.jpg"}, {"url": "https://i.imgur.com/yPlf4Ah.jpg"}], "reportReasonText": "", "postAvatar": ""}, {"id": 233005388, "title": "巴黎鈍劍賽奪銀　台灣健兒成功爭取掛國旗", "excerpt": "巴黎CEP馬拉松鈍劍挑戰賽1日至2日舉辦，台灣選手陳奕通奪下男子鈍劍銀牌佳績。此外，賽前，台灣小選手更鼓起勇氣、主動向大會爭取成功在會場懸掛中華民國旗，令人敬佩。巴黎CEP馬拉松鈍劍挑戰賽今年邀請U1", "anonymousSchool": false, "anonymousDepartment": true, "pinned": false, "forumId": "fc7574ad-e1df-43d2-bb06-8825c718c065", "replyId": null, "createdAt": "2020-02-03T01:05:46.790Z", "updatedAt": "2020-02-03T01:05:46.790Z", "commentCount": 8, "likeCount": 46, "withNickname": false, "tags": [], "topics": ["巴黎CEP馬拉松鈍劍挑戰賽", "台灣人", "台灣健兒", "政治影響生活的每個角落"], "meta": {"layout": "classic"}, "forumName": "時事", "forumAlias": "trending", "gender": "F", "school": "千葉大學", "replyTitle": null, "mediaMeta": [{"id": "8f454af5-f22a-4822-b600-47b8fc53c633", "url": "https://i.imgur.com/EFfUlXWl.jpg", "normalizedUrl": "https://i.imgur.com/EFfUlXWl.jpg", "thumbnail": "https://i.imgur.com/EFfUlXWl.jpg", "type": "image/thumbnail", "tags": ["ANNOTATED"], "createdAt": "2020-02-03T01:05:46.790Z", "updatedAt": "2020-02-03T01:05:46.790Z"}, {"id": "8f454af5-f22a-4822-b600-47b8fc53c633", "url": "http://i.imgur.com/EFfUlXW.jpg", "normalizedUrl": "https://imgur.com/EFfUlXW", "thumbnail": "https://i.imgur.com/EFfUlXWl.jpg", "type": "image/imgur", "tags": ["ANNOTATED"], "createdAt": "2020-02-03T01:05:46.790Z", "updatedAt": "2020-02-03T01:05:46.790Z"}, {"id": "44f80737-87d6-4647-b74a-ba4bfc019233", "url": "http://i.imgur.com/8eM8ReB.jpg", "normalizedUrl": "https://imgur.com/8eM8ReB", "thumbnail": "https://i.imgur.com/8eM8ReBl.jpg", "type": "image/imgur", "tags": ["ANNOTATED"], "createdAt": "2020-02-03T01:05:46.790Z", "updatedAt": "2020-02-03T01:05:46.790Z"}, {"id": "732c49ca-6956-409f-8545-4000eb37a952", "url": "http://i.imgur.com/wQfV1BO.jpg", "normalizedUrl": "https://imgur.com/wQfV1BO", "thumbnail": "https://i.imgur.com/wQfV1BOl.jpg", "type": "image/imgur", "tags": ["ANNOTATED"], "createdAt": "2020-02-03T01:05:46.790Z", "updatedAt": "2020-02-03T01:05:46.790Z"}], "reactions": [{"id": "286f599c-f86a-4932-82f0-f5a06f1eca03", "count": 45}, {"id": "aa0d425f-d530-4478-9a77-fe3aedc79eea", "count": 1}], "hidden": false, "customStyle": null, "isSuspiciousAccount": false, "layout": "classic", "withImages": true, "withVideos": false, "media": [{"url": "http://i.imgur.com/EFfUlXW.jpg"}, {"url": "http://i.imgur.com/8eM8ReB.jpg"}, {"url": "http://i.imgur.com/wQfV1BO.jpg"}], "reportReasonText": "", "postAvatar": ""}, {"id": 233006578, "title": "中國火神山醫院十天十夜晝夜施工建成，今日投入使用。網友:不會是集中營吧？", "excerpt": "從1月23日開始建設，總共用時十天十夜，建成後可以容納1300多個重症肺炎病人的負壓室，希望可以盡快控制疫情。不過有網友看到房間完全密閉直呼像集中營！，內部構造", "anonymousSchool": false, "anonymousDepartment": false, "pinned": false, "forumId": "fc7574ad-e1df-43d2-bb06-8825c718c065", "replyId": null, "createdAt": "2020-02-03T06:19:59.845Z", "updatedAt": "2020-02-03T06:21:45.714Z", "commentCount": 22, "likeCount": 45, "withNickname": false, "tags": [], "topics": ["集中營", "時事", "醫院", "武漢肺炎", "中國"], "meta": {"layout": "classic"}, "forumName": "時事", "forumAlias": "trending", "gender": "M", "school": "慈濟大學", "department": "公共衛生學系", "replyTitle": null, "mediaMeta": [{"id": "e36018a4-f26e-4aa4-abc5-7dfddf226fc9", "url": "https://img.youtube.com/vi/Q1pdbSP67QM/hqdefault.jpg", "normalizedUrl": "https://img.youtube.com/vi/Q1pdbSP67QM/hqdefault.jpg", "thumbnail": "https://img.youtube.com/vi/Q1pdbSP67QM/hqdefault.jpg", "type": "image/thumbnail", "tags": ["ANNOTATED"], "createdAt": "2020-02-03T06:19:59.845Z", "updatedAt": "2020-02-03T06:21:45.714Z"}, {"id": "e36018a4-f26e-4aa4-abc5-7dfddf226fc9", "url": "https://youtu.be/Q1pdbSP67QM", "normalizedUrl": "https://www.youtube.com/watch?v=Q1pdbSP67QM", "thumbnail": "https://img.youtube.com/vi/Q1pdbSP67QM/hqdefault.jpg", "type": "video/youtube", "tags": ["ANNOTATED"], "createdAt": "2020-02-03T06:19:59.845Z", "updatedAt": "2020-02-03T06:21:45.714Z"}, {"id": "5b32d262-d61c-4689-9ec8-c540d01db308", "url": "https://i.imgur.com/vnK9cMD.jpg", "normalizedUrl": "https://imgur.com/vnK9cMD", "thumbnail": "https://i.imgur.com/vnK9cMDl.jpg", "type": "image/imgur", "tags": ["ANNOTATED"], "createdAt": "2020-02-03T06:19:59.845Z", "updatedAt": "2020-02-03T06:21:45.714Z"}, {"id": "f8e36d7e-afce-477e-80b9-1bcb25e73976", "url": "https://i.imgur.com/Fq9AUbE.jpg", "normalizedUrl": "https://imgur.com/Fq9AUbE", "thumbnail": "https://i.imgur.com/Fq9AUbEl.jpg", "type": "image/imgur", "tags": ["ANNOTATED"], "createdAt": "2020-02-03T06:19:59.845Z", "updatedAt": "2020-02-03T06:21:45.714Z"}, {"id": "f83def21-8e68-4d43-b5ce-991580df8a0b", "url": "https://i.imgur.com/lOXNFIv.jpg", "normalizedUrl": "https://imgur.com/lOXNFIv", "thumbnail": "https://i.imgur.com/lOXNFIvl.jpg", "type": "image/imgur", "tags": ["ANNOTATED"], "createdAt": "2020-02-03T06:19:59.845Z", "updatedAt": "2020-02-03T06:21:45.714Z"}, {"id": "9c5923e5-0216-43c4-8d6e-e728f81a053d", "url": "https://i.imgur.com/xZsrWqE.jpg", "normalizedUrl": "https://imgur.com/xZsrWqE", "thumbnail": "https://i.imgur.com/xZsrWqEl.jpg", "type": "image/imgur", "tags": ["ANNOTATED"], "createdAt": "2020-02-03T06:19:59.845Z", "updatedAt": "2020-02-03T06:21:45.714Z"}, {"id": "c9bfd5c1-734f-46de-9e6e-8a56511f4a90", "url": "https://i.imgur.com/7nTFyrF.jpg", "normalizedUrl": "https://imgur.com/7nTFyrF", "thumbnail": "https://i.imgur.com/7nTFyrFl.jpg", "type": "image/imgur", "tags": ["ANNOTATED"], "createdAt": "2020-02-03T06:19:59.845Z", "updatedAt": "2020-02-03T06:21:45.714Z"}, {"id": "3bddbf64-c4ba-45ed-8efc-b226bc9af78a", "url": "https://i.imgur.com/SG2yM6H.jpg", "normalizedUrl": "https://imgur.com/SG2yM6H", "thumbnail": "https://i.imgur.com/SG2yM6Hl.jpg", "type": "image/imgur", "tags": ["ANNOTATED"], "createdAt": "2020-02-03T06:19:59.845Z", "updatedAt": "2020-02-03T06:21:45.714Z"}], "reactions": [{"id": "286f599c-f86a-4932-82f0-f5a06f1eca03", "count": 44}, {"id": "aa0d425f-d530-4478-9a77-fe3aedc79eea", "count": 1}], "hidden": false, "customStyle": null, "isSuspiciousAccount": false, "layout": "classic", "withImages": true, "withVideos": false, "media": [{"url": "https://i.imgur.com/vnK9cMD.jpg"}, {"url": "https://i.imgur.com/Fq9AUbE.jpg"}, {"url": "https://i.imgur.com/lOXNFIv.jpg"}, {"url": "https://i.imgur.com/xZsrWqE.jpg"}, {"url": "https://i.imgur.com/7nTFyrF.jpg"}, {"url": "https://i.imgur.com/SG2yM6H.jpg"}], "reportReasonText": "", "postAvatar": ""}, {"id": 233010459, "title": "武漢肺炎中日本人的驚人發現！", "excerpt": "日本人發現口罩上印台灣國旗 ，就可以避免中國人購買口罩，最後還是要說，天佑中國，中國加油，希望中國可以從疫情振作起來，台灣也要加油", "anonymousSchool": false, "anonymousDepartment": true, "pinned": false, "forumId": "fc7574ad-e1df-43d2-bb06-8825c718c065", "replyId": null, "createdAt": "2020-02-03T15:40:04.673Z", "updatedAt": "2020-02-03T15:51:59.870Z", "commentCount": 8, "likeCount": 34, "withNickname": false, "tags": [], "topics": ["肺炎", "時事", "台灣", "中國", "日本"], "meta": {"layout": "classic"}, "forumName": "時事", "forumAlias": "trending", "gender": "M", "school": "廣州暨南大學", "replyTitle": null, "mediaMeta": [{"id": "f70ea5b8-ac90-41eb-af1f-4bf70a018a84", "url": "https://i.imgur.com/T5enPRYl.jpg", "normalizedUrl": "https://i.imgur.com/T5enPRYl.jpg", "thumbnail": "https://i.imgur.com/T5enPRYl.jpg", "type": "image/thumbnail", "tags": ["ANNOTATED"], "createdAt": "2020-02-03T15:40:51.913Z", "updatedAt": "2020-02-03T15:51:59.870Z"}, {"id": "f70ea5b8-ac90-41eb-af1f-4bf70a018a84", "url": "https://i.imgur.com/T5enPRY.jpg", "normalizedUrl": "https://imgur.com/T5enPRY", "thumbnail": "https://i.imgur.com/T5enPRYl.jpg", "type": "image/imgur", "tags": ["ANNOTATED"], "createdAt": "2020-02-03T15:40:51.913Z", "updatedAt": "2020-02-03T15:51:59.870Z"}], "reactions": [{"id": "286f599c-f86a-4932-82f0-f5a06f1eca03", "count": 25}, {"id": "e8e6bc5d-41b0-4129-b134-97507523d7ff", "count": 8}, {"id": "aa0d425f-d530-4478-9a77-fe3aedc79eea", "count": 1}], "hidden": false, "customStyle": null, "isSuspiciousAccount": false, "layout": "classic", "withImages": true, "withVideos": false, "media": [{"url": "https://i.imgur.com/T5enPRY.jpg"}], "reportReasonText": "", "postAvatar": ""}, {"id": 233005874, "title": "忽視武漢肺炎！網怒發起連署「WHO總幹事下台」　差4萬人達標", "excerpt": "中國武漢肺炎1月開始擴大蔓延，但世界衛生組織（WHO）於同月23日，決定不將此列為國際公衛緊急事件，直到7天後，總幹事譚德塞才飛到北京道歉，並正式將武漢肺炎升級為國際公衛緊急事件。對於WHO的遲緩反應", "anonymousSchool": false, "anonymousDepartment": false, "pinned": false, "forumId": "fc7574ad-e1df-43d2-bb06-8825c718c065", "replyId": 233003943, "createdAt": "2020-02-03T03:31:57.741Z", "updatedAt": "2020-02-03T03:31:57.741Z", "commentCount": 7, "likeCount": 31, "withNickname": true, "tags": [], "topics": [], "meta": {"layout": "classic"}, "forumName": "時事", "forumAlias": "trending", "gender": "M", "school": "小淫蟲周伯通", "department": "eat_food_taiwan", "replyTitle": "世衛總幹事挨轟掩飾武漢肺炎疫情…10萬網友聯署要求下台", "mediaMeta": [], "reactions": [{"id": "286f599c-f86a-4932-82f0-f5a06f1eca03", "count": 29}, {"id": "aa0d425f-d530-4478-9a77-fe3aedc79eea", "count": 2}], "hidden": false, "customStyle": null, "isSuspiciousAccount": false, "layout": "classic", "withImages": false, "withVideos": false, "media": [], "reportReasonText": "", "postAvatar": ""}, {"id": 233009098, "title": "超商藥妝店明起不賣口罩 6日起藥局口罩實名制7天內限購2片（謝謝小英）", "excerpt": "武漢肺炎疫情造成搶購口罩，行政院長蘇貞昌今天拍板，6日起購買口罩將採實名制，民眾需使用健保卡在全國6000多家健保特約藥局購買，每個人在7天內限購2片，一片降價為5元，今天晚間12時起，便利商店與藥妝", "anonymousSchool": false, "anonymousDepartment": true, "pinned": false, "forumId": "fc7574ad-e1df-43d2-bb06-8825c718c065", "replyId": null, "createdAt": "2020-02-03T12:47:50.808Z", "updatedAt": "2020-02-03T12:47:50.808Z", "commentCount": 81, "likeCount": 28, "withNickname": false, "tags": [], "topics": ["謝謝", "小英", "時事"], "meta": {"layout": "classic"}, "forumName": "時事", "forumAlias": "trending", "gender": "M", "school": "國立中央大學", "replyTitle": null, "mediaMeta": [], "reactions": [{"id": "286f599c-f86a-4932-82f0-f5a06f1eca03", "count": 25}, {"id": "aa0d425f-d530-4478-9a77-fe3aedc79eea", "count": 3}], "hidden": false, "customStyle": null, "isSuspiciousAccount": false, "layout": "classic", "withImages": false, "withVideos": false, "media": [], "reportReasonText": "", "postAvatar": ""}, {"id": 233005830, "title": "關於口罩發放可行措施！", "excerpt": "對於口罩發放地點選在便利商店我覺得是正確的，因為全台有11105間便利商店 ，其便利性和易取得是最重要的優點。而公家機關最重要的角色是提供超商和民眾信任的媒介。關於網路資料會有整合性和個資問題，且防疫", "anonymousSchool": false, "anonymousDepartment": true, "pinned": false, "forumId": "fc7574ad-e1df-43d2-bb06-8825c718c065", "replyId": null, "createdAt": "2020-02-03T03:24:56.742Z", "updatedAt": "2020-02-03T05:15:17.230Z", "commentCount": 25, "likeCount": 27, "withNickname": false, "tags": ["HIDE_THUMBNAIL"], "topics": ["口罩", "時事"], "meta": {"layout": "classic"}, "forumName": "時事", "forumAlias": "trending", "gender": "M", "school": "國立屏東科技大學", "replyTitle": null, "mediaMeta": [], "reactions": [{"id": "286f599c-f86a-4932-82f0-f5a06f1eca03", "count": 26}, {"id": "aa0d425f-d530-4478-9a77-fe3aedc79eea", "count": 1}], "hidden": false, "customStyle": null, "isSuspiciousAccount": false, "layout": "classic", "withImages": false, "withVideos": false, "media": [], "reportReasonText": "", "postAvatar": ""}, {"id": 233007348, "title": "延後開學😶", "excerpt": "快訊／達共識！全台大專院校延至3/2開學　教育部：行事曆仍需排滿18週，不知道是不是都延後了🤔，希望大家都平安！", "anonymousSchool": false, "anonymousDepartment": false, "pinned": false, "forumId": "fc7574ad-e1df-43d2-bb06-8825c718c065", "replyId": null, "createdAt": "2020-02-03T08:37:32.298Z", "updatedAt": "2020-02-03T08:38:04.980Z", "commentCount": 17, "likeCount": 26, "withNickname": false, "tags": ["HIDE_THUMBNAIL"], "topics": ["開學", "時事", "台灣", "教育版"], "meta": {"layout": "classic"}, "forumName": "時事", "forumAlias": "trending", "gender": "M", "school": "大仁科技大學", "department": "藥學系", "replyTitle": null, "mediaMeta": [], "reactions": [{"id": "286f599c-f86a-4932-82f0-f5a06f1eca03", "count": 24}, {"id": "aa0d425f-d530-4478-9a77-fe3aedc79eea", "count": 2}], "hidden": false, "customStyle": null, "isSuspiciousAccount": false, "layout": "classic", "withImages": false, "withVideos": false, "media": [], "reportReasonText": "", "postAvatar": ""}, {"id": 233006244, "title": "更新！「美國邀請蔡英文520後於華府會晤高層」為媒體臆測", "excerpt": "據熟悉華府內情人士指出，在蔡英文今年5月20日的總統就職典禮之後，美方也將邀請她前往美東，近期已經開始安排屆時與華府高層會晤的相關行程，這也會是蔡英文上任總統以來首次前往華府，同時也具有台美關係更為鞏", "anonymousSchool": false, "anonymousDepartment": true, "pinned": false, "forumId": "fc7574ad-e1df-43d2-bb06-8825c718c065", "replyId": null, "createdAt": "2020-02-03T05:02:21.696Z", "updatedAt": "2020-02-03T06:48:06.049Z", "commentCount": 27, "likeCount": 26, "withNickname": false, "tags": [], "topics": ["台美關係", "蔡英文", "美國", "台灣"], "meta": {"layout": "classic"}, "forumName": "時事", "forumAlias": "trending", "gender": "F", "school": "千葉大學", "replyTitle": null, "mediaMeta": [{"id": "02dcf393-8eb6-430e-bc99-20a34ba9bb71", "url": "https://megapx-assets.dcard.tw/images/2aa6e782-1a67-425f-bb75-bf3fa42811f8/320.jpeg", "normalizedUrl": "https://megapx-assets.dcard.tw/images/2aa6e782-1a67-425f-bb75-bf3fa42811f8/320.jpeg", "thumbnail": "https://megapx-assets.dcard.tw/images/2aa6e782-1a67-425f-bb75-bf3fa42811f8/320.jpeg", "type": "image/thumbnail", "tags": ["ANNOTATED"], "createdAt": "2020-02-03T05:02:21.696Z", "updatedAt": "2020-02-03T06:48:06.049Z", "width": 320, "height": 214}, {"id": "02dcf393-8eb6-430e-bc99-20a34ba9bb71", "url": "https://megapx-assets.dcard.tw/images/2aa6e782-1a67-425f-bb75-bf3fa42811f8/full.jpeg", "normalizedUrl": "https://megapx.dcard.tw/v1/images/2aa6e782-1a67-425f-bb75-bf3fa42811f8", "thumbnail": "https://megapx-assets.dcard.tw/images/2aa6e782-1a67-425f-bb75-bf3fa42811f8/320.jpeg", "type": "image/megapx", "tags": ["ANNOTATED"], "createdAt": "2020-02-03T05:02:21.696Z", "updatedAt": "2020-02-03T06:48:06.049Z", "width": 600, "height": 401}, {"id": "8c243ce4-dee8-4108-8b1e-04108beada63", "url": "https://megapx-assets.dcard.tw/images/7da06119-1c93-4059-9b1e-c69f2aec64f2/full.jpeg", "normalizedUrl": "https://megapx.dcard.tw/v1/images/7da06119-1c93-4059-9b1e-c69f2aec64f2", "thumbnail": "https://megapx-assets.dcard.tw/images/7da06119-1c93-4059-9b1e-c69f2aec64f2/640.jpeg", "type": "image/megapx", "tags": [], "createdAt": "2020-02-03T06:48:06.049Z", "updatedAt": "2020-02-03T06:48:06.049Z", "width": 1242, "height": 1084}], "reactions": [{"id": "286f599c-f86a-4932-82f0-f5a06f1eca03", "count": 24}, {"id": "aa0d425f-d530-4478-9a77-fe3aedc79eea", "count": 2}], "hidden": false, "customStyle": null, "isSuspiciousAccount": false, "layout": "classic", "withImages": true, "withVideos": false, "media": [{"url": "https://megapx-assets.dcard.tw/images/2aa6e782-1a67-425f-bb75-bf3fa42811f8/full.jpeg"}, {"url": "https://megapx-assets.dcard.tw/images/7da06119-1c93-4059-9b1e-c69f2aec64f2/full.jpeg"}], "reportReasonText": "", "postAvatar": ""}, {"id": 233003813, "title": "關於柯文哲說出隔離地點", "excerpt": "我個人嚴格來說，針對柯市長所說的隔離地點，他未經跟緊急應變中心討論是否公開，這不對的就是事實，這柯文哲是要自我反省的，不過我發現開始打他的粉專跟底下留言的人，有部分大頭貼點開個人資訊，曾經有3張選票護", "anonymousSchool": false, "anonymousDepartment": true, "pinned": false, "forumId": "fc7574ad-e1df-43d2-bb06-8825c718c065", "replyId": null, "createdAt": "2020-02-02T15:51:02.099Z", "updatedAt": "2020-02-02T15:53:53.800Z", "commentCount": 14, "likeCount": 26, "withNickname": false, "tags": [], "topics": ["柯文哲", "隔離", "地點"], "meta": {"layout": "classic"}, "forumName": "時事", "forumAlias": "trending", "gender": "M", "school": "中原大學", "replyTitle": null, "mediaMeta": [{"id": "0ef59fd6-dcbf-4597-8460-37622b7162cb", "url": "https://img.youtube.com/vi/CwjZfFlgO4M/hqdefault.jpg", "normalizedUrl": "https://img.youtube.com/vi/CwjZfFlgO4M/hqdefault.jpg", "thumbnail": "https://img.youtube.com/vi/CwjZfFlgO4M/hqdefault.jpg", "type": "image/thumbnail", "tags": ["ANNOTATED"], "createdAt": "2020-02-02T15:51:02.099Z", "updatedAt": "2020-02-02T15:53:53.800Z"}, {"id": "0ef59fd6-dcbf-4597-8460-37622b7162cb", "url": "https://youtu.be/CwjZfFlgO4M", "normalizedUrl": "https://www.youtube.com/watch?v=CwjZfFlgO4M", "thumbnail": "https://img.youtube.com/vi/CwjZfFlgO4M/hqdefault.jpg", "type": "video/youtube", "tags": ["ANNOTATED"], "createdAt": "2020-02-02T15:51:02.099Z", "updatedAt": "2020-02-02T15:53:53.800Z"}], "reactions": [{"id": "286f599c-f86a-4932-82f0-f5a06f1eca03", "count": 23}, {"id": "aa0d425f-d530-4478-9a77-fe3aedc79eea", "count": 3}], "hidden": false, "customStyle": null, "isSuspiciousAccount": false, "layout": "classic", "withImages": false, "withVideos": false, "media": [], "reportReasonText": "", "postAvatar": ""}, {"id": 233010172, "title": "口罩不夠都是因為有人在囤貨", "excerpt": "本來備有4500萬份的口罩，給全台灣人一定夠的，但就是有人講不聽愛囤貨，都是這些人害大家買不到的，跟執政黨一點關係都沒有，政府已經呼籲大家不要囤貨了，但是大家還是恐慌也沒辦法，各大超商都有供貨，怎麼知", "anonymousSchool": false, "anonymousDepartment": false, "pinned": false, "forumId": "fc7574ad-e1df-43d2-bb06-8825c718c065", "replyId": null, "createdAt": "2020-02-03T15:08:08.613Z", "updatedAt": "2020-02-03T15:08:08.613Z", "commentCount": 10, "likeCount": 25, "withNickname": true, "tags": [], "topics": ["口罩", "時事", "台灣"], "meta": {"layout": "classic"}, "forumName": "時事", "forumAlias": "trending", "gender": "M", "school": "微生物學小渣渣", "department": "young1632054129", "replyTitle": null, "mediaMeta": [{"id": "14148428-1c28-4c9f-b0b9-cad0e9e98604", "url": "https://i.imgur.com/sPibkchl.jpg", "normalizedUrl": "https://i.imgur.com/sPibkchl.jpg", "thumbnail": "https://i.imgur.com/sPibkchl.jpg", "type": "image/thumbnail", "tags": ["ANNOTATED"], "createdAt": "2020-02-03T15:08:08.613Z", "updatedAt": "2020-02-03T15:08:08.613Z"}, {"id": "14148428-1c28-4c9f-b0b9-cad0e9e98604", "url": "http://i.imgur.com/sPibkch.jpg", "normalizedUrl": "https://imgur.com/sPibkch", "thumbnail": "https://i.imgur.com/sPibkchl.jpg", "type": "image/imgur", "tags": ["ANNOTATED"], "createdAt": "2020-02-03T15:08:08.613Z", "updatedAt": "2020-02-03T15:08:08.613Z"}], "reactions": [{"id": "286f599c-f86a-4932-82f0-f5a06f1eca03", "count": 23}, {"id": "aa0d425f-d530-4478-9a77-fe3aedc79eea", "count": 2}], "hidden": false, "customStyle": null, "isSuspiciousAccount": false, "layout": "classic", "withImages": true, "withVideos": false, "media": [{"url": "http://i.imgur.com/sPibkch.jpg"}], "reportReasonText": "", "postAvatar": ""}, {"id": 233009321, "title": "不是說口罩量很充足嗎？", "excerpt": "2/4超商停止販售，2/6起藥局購買，那2/4、2/5真正需要口罩，但又沒口罩的人怎麼辦？（雖然是少數，但...怎麼買？），7天只能買2片？？？真的會被那些囤積口罩跟不需要口罩的人害死欸！，第一線人員", "anonymousSchool": false, "anonymousDepartment": true, "pinned": false, "forumId": "fc7574ad-e1df-43d2-bb06-8825c718c065", "replyId": null, "createdAt": "2020-02-03T13:20:41.201Z", "updatedAt": "2020-02-04T01:00:50.811Z", "commentCount": 27, "likeCount": 25, "withNickname": false, "tags": ["HIDE_THUMBNAIL"], "topics": ["時事", "口罩"], "meta": {"layout": "classic"}, "forumName": "時事", "forumAlias": "trending", "gender": "F", "school": "國立嘉義大學", "replyTitle": null, "mediaMeta": [], "reactions": [{"id": "286f599c-f86a-4932-82f0-f5a06f1eca03", "count": 24}, {"id": "aa0d425f-d530-4478-9a77-fe3aedc79eea", "count": 1}], "hidden": false, "customStyle": null, "isSuspiciousAccount": false, "layout": "classic", "withImages": false, "withVideos": false, "media": [], "reportReasonText": "", "postAvatar": ""}, {"id": 233004881, "title": "加入WHO就看這次了", "excerpt": "", "anonymousSchool": false, "anonymousDepartment": true, "pinned": false, "forumId": "fc7574ad-e1df-43d2-bb06-8825c718c065", "replyId": 233002682, "createdAt": "2020-02-02T18:52:12.046Z", "updatedAt": "2020-02-02T18:52:12.046Z", "commentCount": 5, "likeCount": 25, "withNickname": false, "tags": [], "topics": ["武漢肺炎", "時事", "WHO", "國際"], "meta": {"crossPostId": 233002682}, "forumName": "時事", "forumAlias": "trending", "gender": "M", "school": "長庚大學", "replyTitle": "WHO罵不怕欸= =", "mediaMeta": [], "reactions": [{"id": "286f599c-f86a-4932-82f0-f5a06f1eca03", "count": 23}, {"id": "aa0d425f-d530-4478-9a77-fe3aedc79eea", "count": 2}], "hidden": false, "customStyle": null, "isSuspiciousAccount": false, "layout": "classic", "withImages": false, "withVideos": false, "media": [], "reportReasonText": "", "postAvatar": ""}, {"id": 233004676, "title": "#口罩 簡單的數學問題", "excerpt": "台灣人口2千多萬  產能每天1千萬，請問怎麼讓每個人每天都有口罩戴？當然不夠啊  怎麼分都不夠，就算真的實名制分發  1千萬分給2千多萬？唯一的解法就是每人一次買3片  每次間隔至少7天，可能有人有問", "anonymousSchool": false, "anonymousDepartment": true, "pinned": false, "forumId": "fc7574ad-e1df-43d2-bb06-8825c718c065", "replyId": null, "createdAt": "2020-02-02T17:58:35.131Z", "updatedAt": "2020-02-02T18:00:20.134Z", "commentCount": 7, "likeCount": 25, "withNickname": false, "tags": [], "topics": ["口罩"], "meta": {"layout": "classic"}, "forumName": "時事", "forumAlias": "trending", "gender": "M", "school": "國立虎尾科技大學", "replyTitle": null, "mediaMeta": [{"id": "be477304-4859-4d79-9dec-4c298083c90a", "url": "https://i.imgur.com/j7vYf9el.jpg", "normalizedUrl": "https://i.imgur.com/j7vYf9el.jpg", "thumbnail": "https://i.imgur.com/j7vYf9el.jpg", "type": "image/thumbnail", "tags": ["ANNOTATED"], "createdAt": "2020-02-02T17:58:35.131Z", "updatedAt": "2020-02-02T18:00:20.134Z"}, {"id": "be477304-4859-4d79-9dec-4c298083c90a", "url": "https://i.imgur.com/j7vYf9e.jpg", "normalizedUrl": "https://imgur.com/j7vYf9e", "thumbnail": "https://i.imgur.com/j7vYf9el.jpg", "type": "image/imgur", "tags": ["ANNOTATED"], "createdAt": "2020-02-02T17:58:35.131Z", "updatedAt": "2020-02-02T18:00:20.134Z"}], "reactions": [{"id": "286f599c-f86a-4932-82f0-f5a06f1eca03", "count": 21}, {"id": "aa0d425f-d530-4478-9a77-fe3aedc79eea", "count": 4}], "hidden": false, "customStyle": null, "isSuspiciousAccount": false, "layout": "classic", "withImages": true, "withVideos": false, "media": [{"url": "https://i.imgur.com/j7vYf9e.jpg"}], "reportReasonText": "", "postAvatar": ""}, {"id": 233010584, "title": "他免費發4.2萬個口罩　遭調查局約談查囤貨，口罩都到那裡去了？", "excerpt": "最新消息，目前全台鬧口罩荒，幾乎是「一罩難求」的狀況，昨（2）日曾經參選高雄市議員的「盛祥門龍獅戰鼓團」團長張為盛，在高雄鳳山區發送他之前選舉時庫存的口罩，總數高達4.2萬個，吸引民眾大排長龍領取，但", "anonymousSchool": false, "anonymousDepartment": false, "pinned": false, "forumId": "fc7574ad-e1df-43d2-bb06-8825c718c065", "replyId": null, "createdAt": "2020-02-03T15:55:06.923Z", "updatedAt": "2020-02-03T16:01:52.538Z", "commentCount": 22, "likeCount": 23, "withNickname": true, "tags": [], "topics": ["調查局", "免費", "口罩", "政府不讓免費發", "時事"], "meta": {"layout": "classic"}, "forumName": "時事", "forumAlias": "trending", "gender": "M", "school": "兩岸資訊", "department": "lazx", "replyTitle": null, "mediaMeta": [{"id": "d0ac8f92-c664-4e9e-a39c-0f32765494a6", "url": "https://img.youtube.com/vi/S-KJXUZZMgw/hqdefault.jpg", "normalizedUrl": "https://img.youtube.com/vi/S-KJXUZZMgw/hqdefault.jpg", "thumbnail": "https://img.youtube.com/vi/S-KJXUZZMgw/hqdefault.jpg", "type": "image/thumbnail", "tags": ["ANNOTATED"], "createdAt": "2020-02-03T15:55:06.923Z", "updatedAt": "2020-02-03T16:01:52.538Z"}, {"id": "d0ac8f92-c664-4e9e-a39c-0f32765494a6", "url": "https://youtu.be/S-KJXUZZMgw", "normalizedUrl": "https://www.youtube.com/watch?v=S-KJXUZZMgw", "thumbnail": "https://img.youtube.com/vi/S-KJXUZZMgw/hqdefault.jpg", "type": "video/youtube", "tags": ["ANNOTATED"], "createdAt": "2020-02-03T15:55:06.923Z", "updatedAt": "2020-02-03T16:01:52.538Z"}, {"id": "3112122f-2122-4238-8ca9-603507983736", "url": "https://i.imgur.com/5buMMJZ.jpg", "normalizedUrl": "https://imgur.com/5buMMJZ", "thumbnail": "https://i.imgur.com/5buMMJZl.jpg", "type": "image/imgur", "tags": ["ANNOTATED"], "createdAt": "2020-02-03T15:55:06.923Z", "updatedAt": "2020-02-03T16:01:52.538Z"}, {"id": "bd192a8e-e258-4651-acf2-e47799b7f2b9", "url": "https://i.imgur.com/xDRWjW8.jpg", "normalizedUrl": "https://imgur.com/xDRWjW8", "thumbnail": "https://i.imgur.com/xDRWjW8l.jpg", "type": "image/imgur", "tags": ["ANNOTATED"], "createdAt": "2020-02-03T15:55:06.923Z", "updatedAt": "2020-02-03T16:01:52.538Z"}], "reactions": [{"id": "286f599c-f86a-4932-82f0-f5a06f1eca03", "count": 22}, {"id": "aa0d425f-d530-4478-9a77-fe3aedc79eea", "count": 1}], "hidden": false, "customStyle": null, "isSuspiciousAccount": false, "layout": "classic", "withImages": true, "withVideos": false, "media": [{"url": "https://i.imgur.com/5buMMJZ.jpg"}, {"url": "https://i.imgur.com/xDRWjW8.jpg"}], "reportReasonText": "", "postAvatar": ""}, {"id": 233009173, "title": "#回覆 #黑特 網美賣口罩", "excerpt": "#黑特 #圖 網美賣口罩，在這種時候發災難財還一本正經的胡說八道，限時澄清自己是出自好心，下一秒馬上在摯友發災難財賺到飽的圖，小魍魅你真的不怕下地獄嗎？是在佛心？？", "anonymousSchool": false, "anonymousDepartment": true, "pinned": false, "forumId": "fc7574ad-e1df-43d2-bb06-8825c718c065", "replyId": null, "createdAt": "2020-02-03T12:59:09.305Z", "updatedAt": "2020-02-03T12:59:09.305Z", "commentCount": 8, "likeCount": 23, "withNickname": false, "tags": [], "topics": ["黑特", "網美", "口罩"], "meta": {"layout": "classic"}, "forumName": "時事", "forumAlias": "trending", "gender": "F", "school": "國立臺中科技大學", "replyTitle": null, "mediaMeta": [{"id": "9aa2db91-adcc-4907-9ad4-2cedb24d0fdb", "url": "https://megapx-assets.dcard.tw/images/10cc7980-29fa-45e9-bc24-c793aca0ba33/640.jpeg", "normalizedUrl": "https://megapx-assets.dcard.tw/images/10cc7980-29fa-45e9-bc24-c793aca0ba33/640.jpeg", "thumbnail": "https://megapx-assets.dcard.tw/images/10cc7980-29fa-45e9-bc24-c793aca0ba33/640.jpeg", "type": "image/thumbnail", "tags": [], "createdAt": "2020-02-03T12:59:09.305Z", "updatedAt": "2020-02-03T12:59:09.305Z", "width": 411, "height": 640}, {"id": "9aa2db91-adcc-4907-9ad4-2cedb24d0fdb", "url": "https://megapx-assets.dcard.tw/images/10cc7980-29fa-45e9-bc24-c793aca0ba33/1280.jpeg", "normalizedUrl": "https://megapx.dcard.tw/v1/images/10cc7980-29fa-45e9-bc24-c793aca0ba33", "thumbnail": "https://megapx-assets.dcard.tw/images/10cc7980-29fa-45e9-bc24-c793aca0ba33/640.jpeg", "type": "image/megapx", "tags": [], "createdAt": "2020-02-03T12:59:09.305Z", "updatedAt": "2020-02-03T12:59:09.305Z", "width": 828, "height": 1290}], "reactions": [{"id": "286f599c-f86a-4932-82f0-f5a06f1eca03", "count": 20}, {"id": "aa0d425f-d530-4478-9a77-fe3aedc79eea", "count": 3}], "hidden": false, "customStyle": null, "isSuspiciousAccount": false, "layout": "classic", "withImages": true, "withVideos": false, "media": [{"url": "https://megapx-assets.dcard.tw/images/10cc7980-29fa-45e9-bc24-c793aca0ba33/1280.jpeg"}], "reportReasonText": "", "postAvatar": ""}]