[{"id": 233003790, "title": "柯佳嬿（雷）", "excerpt": "剛剛看完想見你首播，第一個想法是柯佳嬿演技好好，一個陳韻如一個黃雨萱，還要一個模仿黃雨萱的陳韻如，這個尺度拿捏真的很難，期待之後的發展～（不過陳韻如是怎麼出那個神秘房子又變成黃雨萱進去）", "anonymousSchool": false, "anonymousDepartment": true, "pinned": false, "forumId": "ba0145a2-adff-4229-9a84-9b26ebd2f7f0", "replyId": null, "createdAt": "2020-02-02T15:48:15.968Z", "updatedAt": "2020-02-02T15:50:21.725Z", "commentCount": 77, "likeCount": 2188, "withNickname": false, "tags": ["HIDE_THUMBNAIL"], "topics": ["台劇", "柯佳嬿", "想見你"], "meta": {"layout": "classic"}, "forumName": "戲劇綜藝", "forumAlias": "tvepisode", "gender": "F", "school": "臺北市立大學", "replyTitle": null, "mediaMeta": [], "reactions": [{"id": "286f599c-f86a-4932-82f0-f5a06f1eca03", "count": 2180}, {"id": "e8e6bc5d-41b0-4129-b134-97507523d7ff", "count": 8}], "hidden": false, "customStyle": null, "isSuspiciousAccount": false, "layout": "classic", "withImages": false, "withVideos": false, "media": [], "reportReasonText": "", "postAvatar": ""}, {"id": 233006626, "title": "#投票 #想見你 誰是殺死韻如的兇手？", "excerpt": "*強烈建議先看完11集，再來投票*，btw，第一次po文，若有排版不順眼之情況，敬請見諒，******************************************，看完11集的米拿桑，是不", "anonymousSchool": false, "anonymousDepartment": true, "pinned": false, "forumId": "ba0145a2-adff-4229-9a84-9b26ebd2f7f0", "replyId": null, "createdAt": "2020-02-03T06:29:37.010Z", "updatedAt": "2020-02-03T06:32:40.897Z", "commentCount": 31, "likeCount": 890, "withNickname": false, "tags": [], "topics": ["想見你", "投票", "台劇", "兇手"], "meta": {"layout": "classic"}, "forumName": "戲劇綜藝", "forumAlias": "tvepisode", "gender": "F", "school": "國立臺北大學", "replyTitle": null, "mediaMeta": [], "reactions": [{"id": "aa0d425f-d530-4478-9a77-fe3aedc79eea", "count": 582}, {"id": "4b018f48-e184-445f-adf1-fc8e04ba09b9", "count": 140}, {"id": "286f599c-f86a-4932-82f0-f5a06f1eca03", "count": 108}, {"id": "514c2569-fd53-4d9d-a415-bf0f88e7329f", "count": 31}, {"id": "011ead16-9b83-4729-9fde-c588920c6c2d", "count": 16}, {"id": "e8e6bc5d-41b0-4129-b134-97507523d7ff", "count": 13}], "hidden": false, "customStyle": null, "isSuspiciousAccount": false, "layout": "classic", "withImages": false, "withVideos": false, "media": [], "reportReasonText": "", "postAvatar": ""}, {"id": 233003987, "title": "#2更 討厭陳韻如的可以看一下這篇", "excerpt": "覺得11集播出後，應該很多人都會不爽陳韻如，因為老子維本集開播沒多久就過世了，而雨萱好不容易對整個時空穿越有更深的了解，警察也成功抓到謝芝齊，追捕過程 謝芝齊弄壞了隨身聽 也修好了，OK...好了..", "anonymousSchool": false, "anonymousDepartment": true, "pinned": false, "forumId": "ba0145a2-adff-4229-9a84-9b26ebd2f7f0", "replyId": null, "createdAt": "2020-02-02T16:14:11.871Z", "updatedAt": "2020-02-03T07:07:41.588Z", "commentCount": 70, "likeCount": 629, "withNickname": false, "tags": [], "topics": ["台劇", "想見你", "李子維", "偶像劇", "陳韻如"], "meta": {"layout": "classic"}, "forumName": "戲劇綜藝", "forumAlias": "tvepisode", "gender": "F", "school": "致理科技大學", "replyTitle": null, "mediaMeta": [{"id": "5c63353e-051c-46f5-a2b7-bc1902b1b03d", "url": "https://i.imgur.com/QCEaZf5l.jpg", "normalizedUrl": "https://i.imgur.com/QCEaZf5l.jpg", "thumbnail": "https://i.imgur.com/QCEaZf5l.jpg", "type": "image/thumbnail", "tags": ["ANNOTATED"], "createdAt": "2020-02-03T07:05:12.381Z", "updatedAt": "2020-02-03T07:07:41.588Z"}, {"id": "5c63353e-051c-46f5-a2b7-bc1902b1b03d", "url": "https://i.imgur.com/QCEaZf5.jpg", "normalizedUrl": "https://imgur.com/QCEaZf5", "thumbnail": "https://i.imgur.com/QCEaZf5l.jpg", "type": "image/imgur", "tags": ["ANNOTATED"], "createdAt": "2020-02-03T07:05:12.381Z", "updatedAt": "2020-02-03T07:07:41.588Z"}, {"id": "aee06569-096f-4bb9-ad8d-63e18f47e8e7", "url": "https://i.imgur.com/9nbBZrg.jpg", "normalizedUrl": "https://imgur.com/9nbBZrg", "thumbnail": "https://i.imgur.com/9nbBZrgl.jpg", "type": "image/imgur", "tags": ["ANNOTATED"], "createdAt": "2020-02-03T07:05:12.381Z", "updatedAt": "2020-02-03T07:07:41.588Z"}], "reactions": [{"id": "286f599c-f86a-4932-82f0-f5a06f1eca03", "count": 628}, {"id": "4b018f48-e184-445f-adf1-fc8e04ba09b9", "count": 1}], "hidden": false, "customStyle": null, "isSuspiciousAccount": false, "layout": "classic", "withImages": true, "withVideos": false, "media": [{"url": "https://i.imgur.com/QCEaZf5.jpg"}, {"url": "https://i.imgur.com/9nbBZrg.jpg"}], "reportReasonText": "", "postAvatar": ""}, {"id": 233004314, "title": "想見你心得分享 EP11（雷）", "excerpt": "期待已久的11集終於播出了～過年期間當然免不了二刷啦，以下是看完11集之後的心得，黃雨萱因為李子維被殺，猜出謝芝齊因為那台隨身聽而穿越回到了過去，為了阻止這一切的發生，黃雨萱決定再次穿越回到1998，", "anonymousSchool": false, "anonymousDepartment": true, "pinned": false, "forumId": "ba0145a2-adff-4229-9a84-9b26ebd2f7f0", "replyId": null, "createdAt": "2020-02-02T17:01:12.999Z", "updatedAt": "2020-02-04T00:44:53.307Z", "commentCount": 14, "likeCount": 112, "withNickname": false, "tags": ["HIDE_THUMBNAIL"], "topics": ["想見你", "台劇", "許光漢", "柯佳嬿"], "meta": {"layout": "classic"}, "forumName": "戲劇綜藝", "forumAlias": "tvepisode", "gender": "F", "school": "台南應用科技大學", "replyTitle": null, "mediaMeta": [], "reactions": [{"id": "286f599c-f86a-4932-82f0-f5a06f1eca03", "count": 112}], "hidden": false, "customStyle": null, "isSuspiciousAccount": false, "layout": "classic", "withImages": false, "withVideos": false, "media": [], "reportReasonText": "", "postAvatar": ""}, {"id": 233004426, "title": "關於模仿？", "excerpt": "標題好像雷了 所以改了一下，我覺得 這就是編劇在探討的一個關於青少年自我認同的問題。陳韻如為什麼要模仿黃雨萱？陳韻如，一個內斂文靜，在群體之中比較不起眼的孩子，在學校是那個總是帶著耳機的「怪咖學姐」在", "anonymousSchool": false, "anonymousDepartment": true, "pinned": false, "forumId": "ba0145a2-adff-4229-9a84-9b26ebd2f7f0", "replyId": 233003821, "createdAt": "2020-02-02T17:15:56.121Z", "updatedAt": "2020-02-03T10:00:17.455Z", "commentCount": 8, "likeCount": 97, "withNickname": false, "tags": ["HIDE_THUMBNAIL"], "topics": ["想見你", "台劇"], "meta": {"layout": "classic"}, "forumName": "戲劇綜藝", "forumAlias": "tvepisode", "gender": "F", "school": "國立東華大學", "replyTitle": "想見你11", "mediaMeta": [], "reactions": [{"id": "286f599c-f86a-4932-82f0-f5a06f1eca03", "count": 96}, {"id": "514c2569-fd53-4d9d-a415-bf0f88e7329f", "count": 1}], "hidden": false, "customStyle": null, "isSuspiciousAccount": false, "layout": "classic", "withImages": false, "withVideos": false, "media": [], "reportReasonText": "", "postAvatar": ""}, {"id": 233007975, "title": "想見你 助聽器猜測（雷）", "excerpt": "其實我一直覺得案發現場有助聽器，是莫俊傑在跟蹤陳韻如的時候掉的，他不小心看到，謝芝齊穿越到謝宗儒身上，要侵犯陳韻如然後還襲擊她的畫面，但是陳韻如失憶以為自己是被車撞，所以莫俊傑想說這件事讓她打擊很大，", "anonymousSchool": false, "anonymousDepartment": true, "pinned": false, "forumId": "ba0145a2-adff-4229-9a84-9b26ebd2f7f0", "replyId": null, "createdAt": "2020-02-03T09:56:11.620Z", "updatedAt": "2020-02-03T14:26:07.637Z", "commentCount": 7, "likeCount": 87, "withNickname": false, "tags": ["HIDE_THUMBNAIL"], "topics": ["想見你", "台劇"], "meta": {"layout": "classic"}, "forumName": "戲劇綜藝", "forumAlias": "tvepisode", "gender": "F", "school": "國立臺灣師範大學", "replyTitle": null, "mediaMeta": [], "reactions": [{"id": "286f599c-f86a-4932-82f0-f5a06f1eca03", "count": 86}, {"id": "4b018f48-e184-445f-adf1-fc8e04ba09b9", "count": 1}], "hidden": false, "customStyle": null, "isSuspiciousAccount": false, "layout": "classic", "withImages": false, "withVideos": false, "media": [], "reportReasonText": "", "postAvatar": ""}, {"id": 233004810, "title": "想見你11集 結局預測 #青少年認同", "excerpt": "看到有篇文討論討厭韻如，也有討論到編劇在寫關於青少年，連結在下 然後想來發表自己的看法，我有看出有青少年認同的議題 🤣，還好我沒有誤會編劇的意思，而且我非常非常希望，至少劇中有一個青少年是好結局的，", "anonymousSchool": false, "anonymousDepartment": true, "pinned": false, "forumId": "ba0145a2-adff-4229-9a84-9b26ebd2f7f0", "replyId": null, "createdAt": "2020-02-02T18:31:54.213Z", "updatedAt": "2020-02-02T18:43:04.845Z", "commentCount": 5, "likeCount": 74, "withNickname": false, "tags": ["HIDE_THUMBNAIL"], "topics": ["青少年", "台劇", "想見你", "預測"], "meta": {"layout": "classic"}, "forumName": "戲劇綜藝", "forumAlias": "tvepisode", "gender": "F", "school": "國立臺灣科技大學", "replyTitle": null, "mediaMeta": [], "reactions": [{"id": "286f599c-f86a-4932-82f0-f5a06f1eca03", "count": 73}, {"id": "e8e6bc5d-41b0-4129-b134-97507523d7ff", "count": 1}], "hidden": false, "customStyle": null, "isSuspiciousAccount": false, "layout": "classic", "withImages": false, "withVideos": false, "media": [], "reportReasonText": "", "postAvatar": ""}, {"id": 233006881, "title": "#台劇 想見你 第11集 收視率", "excerpt": "首次進入全國前十名，順便給大家參考一下，去年兩部強劇的走勢數據，我們與惡的距離，俗女養成記，倒數兩集了！！大家一起拚一下，順便附上這是去年度總排名", "anonymousSchool": false, "anonymousDepartment": true, "pinned": false, "forumId": "ba0145a2-adff-4229-9a84-9b26ebd2f7f0", "replyId": 233002730, "createdAt": "2020-02-03T07:26:54.701Z", "updatedAt": "2020-02-03T07:41:20.888Z", "commentCount": 3, "likeCount": 65, "withNickname": false, "tags": [], "topics": ["想見你", "台劇"], "meta": {"layout": "classic"}, "forumName": "戲劇綜藝", "forumAlias": "tvepisode", "gender": "M", "school": "逢甲大學", "replyTitle": "#台劇 想見你 第11集 劇情討論區", "mediaMeta": [{"id": "47e7bae4-7e98-4c75-88f4-c4147143812c", "url": "https://megapx-assets.dcard.tw/images/658cc69c-0592-4a8b-a2ea-8edf592727c6/640.jpeg", "normalizedUrl": "https://megapx-assets.dcard.tw/images/658cc69c-0592-4a8b-a2ea-8edf592727c6/640.jpeg", "thumbnail": "https://megapx-assets.dcard.tw/images/658cc69c-0592-4a8b-a2ea-8edf592727c6/640.jpeg", "type": "image/thumbnail", "tags": ["ANNOTATED"], "createdAt": "2020-02-03T07:26:54.701Z", "updatedAt": "2020-02-03T07:41:20.888Z", "width": 640, "height": 381}, {"id": "47e7bae4-7e98-4c75-88f4-c4147143812c", "url": "https://megapx-assets.dcard.tw/images/658cc69c-0592-4a8b-a2ea-8edf592727c6/full.jpeg", "normalizedUrl": "https://megapx.dcard.tw/v1/images/658cc69c-0592-4a8b-a2ea-8edf592727c6", "thumbnail": "https://megapx-assets.dcard.tw/images/658cc69c-0592-4a8b-a2ea-8edf592727c6/640.jpeg", "type": "image/megapx", "tags": ["ANNOTATED"], "createdAt": "2020-02-03T07:26:54.701Z", "updatedAt": "2020-02-03T07:41:20.888Z", "width": 1024, "height": 609}, {"id": "9c700304-7a3c-4710-b6f8-f43fb70ce3d2", "url": "https://megapx-assets.dcard.tw/images/4e5bd721-0797-441d-932a-8a632869b6bc/full.jpeg", "normalizedUrl": "https://megapx.dcard.tw/v1/images/4e5bd721-0797-441d-932a-8a632869b6bc", "thumbnail": "https://megapx-assets.dcard.tw/images/4e5bd721-0797-441d-932a-8a632869b6bc/640.jpeg", "type": "image/megapx", "tags": ["ANNOTATED"], "createdAt": "2020-02-03T07:26:54.701Z", "updatedAt": "2020-02-03T07:41:20.888Z", "width": 639, "height": 655}, {"id": "dd864313-51ca-45c4-9344-dd166dfdc10a", "url": "https://megapx-assets.dcard.tw/images/e7e60a7c-e9dd-45a4-bc65-ba807d79c973/full.jpeg", "normalizedUrl": "https://megapx.dcard.tw/v1/images/e7e60a7c-e9dd-45a4-bc65-ba807d79c973", "thumbnail": "https://megapx-assets.dcard.tw/images/e7e60a7c-e9dd-45a4-bc65-ba807d79c973/640.jpeg", "type": "image/megapx", "tags": ["ANNOTATED"], "createdAt": "2020-02-03T07:26:54.701Z", "updatedAt": "2020-02-03T07:41:20.888Z", "width": 732, "height": 1056}, {"id": "15a6b6f4-d522-41bf-910c-19281c9c09c1", "url": "https://megapx-assets.dcard.tw/images/7df7fea5-68af-4d65-b20a-3404c71d9900/full.jpeg", "normalizedUrl": "https://megapx.dcard.tw/v1/images/7df7fea5-68af-4d65-b20a-3404c71d9900", "thumbnail": "https://megapx-assets.dcard.tw/images/7df7fea5-68af-4d65-b20a-3404c71d9900/640.jpeg", "type": "image/megapx", "tags": [], "createdAt": "2020-02-03T07:41:20.888Z", "updatedAt": "2020-02-03T07:41:20.888Z", "width": 750, "height": 1198}], "reactions": [{"id": "286f599c-f86a-4932-82f0-f5a06f1eca03", "count": 65}], "hidden": false, "customStyle": null, "isSuspiciousAccount": false, "layout": "classic", "withImages": true, "withVideos": false, "media": [{"url": "https://megapx-assets.dcard.tw/images/658cc69c-0592-4a8b-a2ea-8edf592727c6/full.jpeg"}, {"url": "https://megapx-assets.dcard.tw/images/4e5bd721-0797-441d-932a-8a632869b6bc/full.jpeg"}, {"url": "https://megapx-assets.dcard.tw/images/e7e60a7c-e9dd-45a4-bc65-ba807d79c973/full.jpeg"}, {"url": "https://megapx-assets.dcard.tw/images/7df7fea5-68af-4d65-b20a-3404c71d9900/full.jpeg"}], "reportReasonText": "", "postAvatar": ""}, {"id": 233010467, "title": "#愛的迫降 12集觀後感(雷)", "excerpt": "愛的迫降真的每一集看了都會哭欸，覺得編劇在安排劇情上描述人的情感真的很細膩，而且每個角色 即使是配角 個性也都很鮮明，這部戲除了世理正赫以外也會喜歡上其他的角色～而且我覺得徐丹跟勝俊的線也很值得看！，", "anonymousSchool": false, "anonymousDepartment": true, "pinned": false, "forumId": "ba0145a2-adff-4229-9a84-9b26ebd2f7f0", "replyId": null, "createdAt": "2020-02-03T15:40:57.699Z", "updatedAt": "2020-02-03T15:40:57.699Z", "commentCount": 7, "likeCount": 62, "withNickname": false, "tags": ["HIDE_THUMBNAIL"], "topics": ["觀後感", "愛的迫降"], "meta": {"layout": "classic"}, "forumName": "戲劇綜藝", "forumAlias": "tvepisode", "gender": "F", "school": "東海大學", "replyTitle": null, "mediaMeta": [], "reactions": [{"id": "286f599c-f86a-4932-82f0-f5a06f1eca03", "count": 62}], "hidden": false, "customStyle": null, "isSuspiciousAccount": false, "layout": "classic", "withImages": false, "withVideos": false, "media": [], "reportReasonText": "", "postAvatar": ""}, {"id": 233011376, "title": "想見你的演員們", "excerpt": "《想見你》真的是近年來台灣不可多得的好戲，無論是製作團隊、編劇、導演、演員，都非常用心的對待這部戲。其中我真的不能不佩服演員們的演技，是他們賦予這些角色靈魂！像是許光漢演的李子維，那個笑容我真的受不了", "anonymousSchool": false, "anonymousDepartment": true, "pinned": false, "forumId": "ba0145a2-adff-4229-9a84-9b26ebd2f7f0", "replyId": null, "createdAt": "2020-02-03T17:32:53.356Z", "updatedAt": "2020-02-03T17:35:58.596Z", "commentCount": 5, "likeCount": 50, "withNickname": false, "tags": [], "topics": ["想見你", "台劇"], "meta": {"layout": "classic"}, "forumName": "戲劇綜藝", "forumAlias": "tvepisode", "gender": "F", "school": "重慶大學", "replyTitle": null, "mediaMeta": [{"id": "9ba9a66b-ee1c-40e9-b1db-c2326941f832", "url": "https://megapx-assets.dcard.tw/images/3dcd426d-1a42-48df-85ef-979ce9983c8e/640.jpeg", "normalizedUrl": "https://megapx-assets.dcard.tw/images/3dcd426d-1a42-48df-85ef-979ce9983c8e/640.jpeg", "thumbnail": "https://megapx-assets.dcard.tw/images/3dcd426d-1a42-48df-85ef-979ce9983c8e/640.jpeg", "type": "image/thumbnail", "tags": ["ANNOTATED"], "createdAt": "2020-02-03T17:32:53.356Z", "updatedAt": "2020-02-03T17:35:58.596Z", "width": 640, "height": 370}, {"id": "9ba9a66b-ee1c-40e9-b1db-c2326941f832", "url": "https://megapx-assets.dcard.tw/images/3dcd426d-1a42-48df-85ef-979ce9983c8e/full.jpeg", "normalizedUrl": "https://megapx.dcard.tw/v1/images/3dcd426d-1a42-48df-85ef-979ce9983c8e", "thumbnail": "https://megapx-assets.dcard.tw/images/3dcd426d-1a42-48df-85ef-979ce9983c8e/640.jpeg", "type": "image/megapx", "tags": ["ANNOTATED"], "createdAt": "2020-02-03T17:32:53.356Z", "updatedAt": "2020-02-03T17:35:58.596Z", "width": 1186, "height": 685}, {"id": "4c63b21b-374f-493f-a408-8e1ba927b2ac", "url": "https://megapx-assets.dcard.tw/images/7a67506e-4a49-4322-a0d6-4290dcb47e51/full.jpeg", "normalizedUrl": "https://megapx.dcard.tw/v1/images/7a67506e-4a49-4322-a0d6-4290dcb47e51", "thumbnail": "https://megapx-assets.dcard.tw/images/7a67506e-4a49-4322-a0d6-4290dcb47e51/640.jpeg", "type": "image/megapx", "tags": ["ANNOTATED"], "createdAt": "2020-02-03T17:32:53.356Z", "updatedAt": "2020-02-03T17:35:58.596Z", "width": 1226, "height": 816}, {"id": "57c1d07d-5e60-45ec-a0f8-623032cf99ec", "url": "https://megapx-assets.dcard.tw/images/72564910-b320-4d08-a84f-507f32c24838/full.jpeg", "normalizedUrl": "https://megapx.dcard.tw/v1/images/72564910-b320-4d08-a84f-507f32c24838", "thumbnail": "https://megapx-assets.dcard.tw/images/72564910-b320-4d08-a84f-507f32c24838/640.jpeg", "type": "image/megapx", "tags": ["ANNOTATED"], "createdAt": "2020-02-03T17:32:53.356Z", "updatedAt": "2020-02-03T17:35:58.596Z", "width": 1081, "height": 712}, {"id": "8cf1935f-950d-483c-8723-63ffc8fada6a", "url": "https://megapx-assets.dcard.tw/images/fa83fc11-4bb0-464b-a044-2c2ec064012f/full.jpeg", "normalizedUrl": "https://megapx.dcard.tw/v1/images/fa83fc11-4bb0-464b-a044-2c2ec064012f", "thumbnail": "https://megapx-assets.dcard.tw/images/fa83fc11-4bb0-464b-a044-2c2ec064012f/640.jpeg", "type": "image/megapx", "tags": ["ANNOTATED"], "createdAt": "2020-02-03T17:32:53.356Z", "updatedAt": "2020-02-03T17:35:58.596Z", "width": 1033, "height": 642}], "reactions": [{"id": "286f599c-f86a-4932-82f0-f5a06f1eca03", "count": 50}], "hidden": false, "customStyle": null, "isSuspiciousAccount": false, "layout": "classic", "withImages": true, "withVideos": false, "media": [{"url": "https://megapx-assets.dcard.tw/images/3dcd426d-1a42-48df-85ef-979ce9983c8e/full.jpeg"}, {"url": "https://megapx-assets.dcard.tw/images/7a67506e-4a49-4322-a0d6-4290dcb47e51/full.jpeg"}, {"url": "https://megapx-assets.dcard.tw/images/72564910-b320-4d08-a84f-507f32c24838/full.jpeg"}, {"url": "https://megapx-assets.dcard.tw/images/fa83fc11-4bb0-464b-a044-2c2ec064012f/full.jpeg"}], "reportReasonText": "", "postAvatar": ""}, {"id": 233004610, "title": "(雷)想見你EP11 疑惑?", "excerpt": "之前看演員採訪有說莫俊傑也有個黑暗面跟反轉，這集看完之後有幾個疑惑的點，1.陳韻如被謝芝齊打完頭怎麼到醫院的？2.大家最疑惑的莫俊傑助聽器掉在現場，3.莫俊傑在陳韻如住院的當下沒有第一時間趕到，手機還", "anonymousSchool": false, "anonymousDepartment": true, "pinned": false, "forumId": "ba0145a2-adff-4229-9a84-9b26ebd2f7f0", "replyId": null, "createdAt": "2020-02-02T17:45:54.703Z", "updatedAt": "2020-02-02T17:52:01.820Z", "commentCount": 10, "likeCount": 49, "withNickname": false, "tags": [], "topics": ["想見你", "台劇"], "meta": {"layout": "classic"}, "forumName": "戲劇綜藝", "forumAlias": "tvepisode", "gender": "F", "school": "國立嘉義大學", "replyTitle": null, "mediaMeta": [], "reactions": [{"id": "286f599c-f86a-4932-82f0-f5a06f1eca03", "count": 48}, {"id": "4b018f48-e184-445f-adf1-fc8e04ba09b9", "count": 1}], "hidden": false, "customStyle": null, "isSuspiciousAccount": false, "layout": "classic", "withImages": false, "withVideos": false, "media": [], "reportReasonText": "", "postAvatar": ""}, {"id": 233005255, "title": "#疑問 想見你", "excerpt": "剛看完11集且看了12集預告，李子維有發現是陳韻如本人而非黃雨萱，那老子維怎麼可能會不知道這件事？？他是不知道而沒跟2019黃雨萱講，還是又在埋梗呢？補個題外話，我不看台劇已經很久了，當然還是有看之前", "anonymousSchool": false, "anonymousDepartment": true, "pinned": false, "forumId": "ba0145a2-adff-4229-9a84-9b26ebd2f7f0", "replyId": null, "createdAt": "2020-02-02T22:55:47.025Z", "updatedAt": "2020-02-02T23:03:39.998Z", "commentCount": 9, "likeCount": 44, "withNickname": false, "tags": ["HIDE_THUMBNAIL"], "topics": ["想見你", "台劇"], "meta": {"layout": "classic"}, "forumName": "戲劇綜藝", "forumAlias": "tvepisode", "gender": "F", "school": "國立中興大學", "replyTitle": null, "mediaMeta": [], "reactions": [{"id": "286f599c-f86a-4932-82f0-f5a06f1eca03", "count": 42}, {"id": "e8e6bc5d-41b0-4129-b134-97507523d7ff", "count": 2}], "hidden": false, "customStyle": null, "isSuspiciousAccount": false, "layout": "classic", "withImages": false, "withVideos": false, "media": [], "reportReasonText": "", "postAvatar": ""}, {"id": 233005990, "title": "想見你 劇情推測", "excerpt": "劇情= （①或②）+③，-，① （1998） 李子維發現陳韻如變回以前的陳韻如，不再是黃雨萱，但他喜歡的是黃雨萱。陳韻如知道李子維已經發現了她的身份，李子維喜歡的是佔用自己身體的黃雨萱，她十分生氣，所", "anonymousSchool": false, "anonymousDepartment": false, "pinned": false, "forumId": "ba0145a2-adff-4229-9a84-9b26ebd2f7f0", "replyId": null, "createdAt": "2020-02-03T04:04:19.347Z", "updatedAt": "2020-02-03T04:08:01.685Z", "commentCount": 5, "likeCount": 43, "withNickname": false, "tags": [], "topics": ["想見你", "台劇", "偶像劇", "劇情"], "meta": {"layout": "classic"}, "forumName": "戲劇綜藝", "forumAlias": "tvepisode", "gender": "M", "school": "香港專上學院", "department": "工商業（酒店管理）", "replyTitle": null, "mediaMeta": [], "reactions": [{"id": "286f599c-f86a-4932-82f0-f5a06f1eca03", "count": 42}, {"id": "e8e6bc5d-41b0-4129-b134-97507523d7ff", "count": 1}], "hidden": false, "customStyle": null, "isSuspiciousAccount": false, "layout": "classic", "withImages": false, "withVideos": false, "media": [], "reportReasonText": "", "postAvatar": ""}, {"id": 233003859, "title": "想見你兇手補猜", "excerpt": "看完EP11後補猜：陳韻如將黃雨萱關在自己身體裡後，繼續裝成黃雨萱的樣子，但其他人（尤其是李子維）發現她根本不是雨萱，於是陳韻如覺得很痛苦，可能想消滅體內的黃雨萱或不想繼續活下去之類的緣故而自殺或請謝", "anonymousSchool": false, "anonymousDepartment": true, "pinned": false, "forumId": "ba0145a2-adff-4229-9a84-9b26ebd2f7f0", "replyId": 232963240, "createdAt": "2020-02-02T15:58:09.717Z", "updatedAt": "2020-02-02T15:59:50.627Z", "commentCount": 2, "likeCount": 42, "withNickname": false, "tags": ["HIDE_THUMBNAIL"], "topics": ["想見你", "台劇", "結局"], "meta": {"layout": "classic"}, "forumName": "戲劇綜藝", "forumAlias": "tvepisode", "gender": "M", "school": "國立政治大學", "replyTitle": "想見你結局猜測（兇手是？", "mediaMeta": [], "reactions": [{"id": "286f599c-f86a-4932-82f0-f5a06f1eca03", "count": 41}, {"id": "e8e6bc5d-41b0-4129-b134-97507523d7ff", "count": 1}], "hidden": false, "customStyle": null, "isSuspiciousAccount": false, "layout": "classic", "withImages": false, "withVideos": false, "media": [], "reportReasonText": "", "postAvatar": ""}, {"id": 233003821, "title": "想見你11", "excerpt": "喔，剛剛看完第11集，真的要被陳韻如氣死欸，好討厭，不要再假扮雨萱了，生氣，啊對，柯佳嬿的演技真的，看到下一集預告很期待", "anonymousSchool": false, "anonymousDepartment": true, "pinned": false, "forumId": "ba0145a2-adff-4229-9a84-9b26ebd2f7f0", "replyId": null, "createdAt": "2020-02-02T15:52:44.336Z", "updatedAt": "2020-02-02T15:53:41.966Z", "commentCount": 5, "likeCount": 38, "withNickname": false, "tags": [], "topics": ["想見你", "台劇"], "meta": {"layout": "classic"}, "forumName": "戲劇綜藝", "forumAlias": "tvepisode", "gender": "F", "school": "國立政治大學", "replyTitle": null, "mediaMeta": [], "reactions": [{"id": "286f599c-f86a-4932-82f0-f5a06f1eca03", "count": 38}], "hidden": false, "customStyle": null, "isSuspiciousAccount": false, "layout": "classic", "withImages": false, "withVideos": false, "media": [], "reportReasonText": "", "postAvatar": ""}, {"id": 233007015, "title": "偶然發現的一天 #有雷", "excerpt": "「我不想成為不知何時何地如何消失的配角，而要成為能改變某人命運的唯一的人」️，終於來寫偶一天的心得了，其實一開始沒有注意到這部戲，是偶然被網路上端午的影片和哈魯的微笑燒到，開啟了追跟播的不歸路（？（就", "anonymousSchool": false, "anonymousDepartment": false, "pinned": false, "forumId": "ba0145a2-adff-4229-9a84-9b26ebd2f7f0", "replyId": null, "createdAt": "2020-02-03T07:51:55.857Z", "updatedAt": "2020-02-03T07:54:13.673Z", "commentCount": 7, "likeCount": 37, "withNickname": true, "tags": [], "topics": ["韓劇"], "meta": {"layout": "classic"}, "forumName": "戲劇綜藝", "forumAlias": "tvepisode", "gender": "F", "school": "Shu Shu~🍭❤️", "department": "gudetama7966", "replyTitle": null, "mediaMeta": [{"id": "c5bb696a-0001-49a9-b388-0fc7f85fd8aa", "url": "https://megapx-assets.dcard.tw/images/08543db0-7500-4b3d-90d4-fd8b4c51d8c2/640.jpeg", "normalizedUrl": "https://megapx-assets.dcard.tw/images/08543db0-7500-4b3d-90d4-fd8b4c51d8c2/640.jpeg", "thumbnail": "https://megapx-assets.dcard.tw/images/08543db0-7500-4b3d-90d4-fd8b4c51d8c2/640.jpeg", "type": "image/thumbnail", "tags": ["ANNOTATED"], "createdAt": "2020-02-03T07:51:55.857Z", "updatedAt": "2020-02-03T07:54:13.673Z", "width": 640, "height": 427}, {"id": "c5bb696a-0001-49a9-b388-0fc7f85fd8aa", "url": "https://megapx-assets.dcard.tw/images/08543db0-7500-4b3d-90d4-fd8b4c51d8c2/1280.jpeg", "normalizedUrl": "https://megapx.dcard.tw/v1/images/08543db0-7500-4b3d-90d4-fd8b4c51d8c2", "thumbnail": "https://megapx-assets.dcard.tw/images/08543db0-7500-4b3d-90d4-fd8b4c51d8c2/640.jpeg", "type": "image/megapx", "tags": ["ANNOTATED"], "createdAt": "2020-02-03T07:51:55.857Z", "updatedAt": "2020-02-03T07:54:13.673Z", "width": 1500, "height": 1000}, {"id": "9d82690c-a4f3-4810-b5d1-5f3d64622315", "url": "https://megapx-assets.dcard.tw/images/d5722984-378f-43e1-823e-063a730b9de9/full.jpeg", "normalizedUrl": "https://megapx.dcard.tw/v1/images/d5722984-378f-43e1-823e-063a730b9de9", "thumbnail": "https://megapx-assets.dcard.tw/images/d5722984-378f-43e1-823e-063a730b9de9/640.jpeg", "type": "image/megapx", "tags": ["ANNOTATED"], "createdAt": "2020-02-03T07:51:55.857Z", "updatedAt": "2020-02-03T07:54:13.673Z", "width": 700, "height": 467}, {"id": "3795f9e9-1ae3-4a34-b2bf-4b301ccde966", "url": "https://megapx-assets.dcard.tw/images/9e20b653-d4e0-4224-a847-806664771a13/full.jpeg", "normalizedUrl": "https://megapx.dcard.tw/v1/images/9e20b653-d4e0-4224-a847-806664771a13", "thumbnail": "https://megapx-assets.dcard.tw/images/9e20b653-d4e0-4224-a847-806664771a13/640.jpeg", "type": "image/megapx", "tags": ["ANNOTATED"], "createdAt": "2020-02-03T07:51:55.857Z", "updatedAt": "2020-02-03T07:54:13.673Z", "width": 554, "height": 1200}, {"id": "bf4f54e1-b91f-45ce-9206-14662d4649e8", "url": "https://megapx-assets.dcard.tw/images/749fcd2c-6cc3-4d0e-a539-f041ebea84f1/full.jpeg", "normalizedUrl": "https://megapx.dcard.tw/v1/images/749fcd2c-6cc3-4d0e-a539-f041ebea84f1", "thumbnail": "https://megapx-assets.dcard.tw/images/749fcd2c-6cc3-4d0e-a539-f041ebea84f1/640.jpeg", "type": "image/megapx", "tags": ["ANNOTATED"], "createdAt": "2020-02-03T07:51:55.857Z", "updatedAt": "2020-02-03T07:54:13.673Z", "width": 800, "height": 800}, {"id": "5307e024-921e-4e8d-8173-b39ef3623f93", "url": "https://megapx-assets.dcard.tw/images/6691a957-a571-4b35-b337-b6fc235e197c/full.jpeg", "normalizedUrl": "https://megapx.dcard.tw/v1/images/6691a957-a571-4b35-b337-b6fc235e197c", "thumbnail": "https://megapx-assets.dcard.tw/images/6691a957-a571-4b35-b337-b6fc235e197c/640.jpeg", "type": "image/megapx", "tags": ["ANNOTATED"], "createdAt": "2020-02-03T07:51:55.857Z", "updatedAt": "2020-02-03T07:54:13.673Z", "width": 800, "height": 533}, {"id": "31f5b59c-100b-4ac4-8fdf-7233482d69c0", "url": "https://megapx-assets.dcard.tw/images/1ea11874-b442-4865-a130-ab4038bf5e97/full.jpeg", "normalizedUrl": "https://megapx.dcard.tw/v1/images/1ea11874-b442-4865-a130-ab4038bf5e97", "thumbnail": "https://megapx-assets.dcard.tw/images/1ea11874-b442-4865-a130-ab4038bf5e97/640.jpeg", "type": "image/megapx", "tags": ["ANNOTATED"], "createdAt": "2020-02-03T07:51:55.857Z", "updatedAt": "2020-02-03T07:54:13.673Z", "width": 700, "height": 467}, {"id": "1b947b55-3128-4528-81c9-09ad82807f65", "url": "https://megapx-assets.dcard.tw/images/d640d806-869f-44e0-8866-32c7513e0e55/1280.jpeg", "normalizedUrl": "https://megapx.dcard.tw/v1/images/d640d806-869f-44e0-8866-32c7513e0e55", "thumbnail": "https://megapx-assets.dcard.tw/images/d640d806-869f-44e0-8866-32c7513e0e55/640.jpeg", "type": "image/megapx", "tags": ["ANNOTATED", "GOOGLE_VISION_ADULT_VERY_LIKELY", "SAFE"], "createdAt": "2020-02-03T07:51:55.857Z", "updatedAt": "2020-02-03T07:54:13.673Z", "width": 1080, "height": 1920}, {"id": "6f2a7661-3941-426a-98cb-63703da750c1", "url": "https://megapx-assets.dcard.tw/images/8f4d98f6-93f2-4353-ae85-49ad258ac91e/1280.jpeg", "normalizedUrl": "https://megapx.dcard.tw/v1/images/8f4d98f6-93f2-4353-ae85-49ad258ac91e", "thumbnail": "https://megapx-assets.dcard.tw/images/8f4d98f6-93f2-4353-ae85-49ad258ac91e/640.jpeg", "type": "image/megapx", "tags": ["ANNOTATED"], "createdAt": "2020-02-03T07:51:55.857Z", "updatedAt": "2020-02-03T07:54:13.673Z", "width": 1080, "height": 1523}, {"id": "3f6b240b-d2ab-4c37-8daa-98dd764f7951", "url": "https://megapx-assets.dcard.tw/images/d3931bd3-db1b-4a10-8b8e-cd6cae84fff5/1280.jpeg", "normalizedUrl": "https://megapx.dcard.tw/v1/images/d3931bd3-db1b-4a10-8b8e-cd6cae84fff5", "thumbnail": "https://megapx-assets.dcard.tw/images/d3931bd3-db1b-4a10-8b8e-cd6cae84fff5/640.jpeg", "type": "image/megapx", "tags": ["ANNOTATED"], "createdAt": "2020-02-03T07:51:55.857Z", "updatedAt": "2020-02-03T07:54:13.673Z", "width": 1620, "height": 1080}, {"id": "63a2d5e3-761b-43e3-8827-40e418845f6c", "url": "https://megapx-assets.dcard.tw/images/4c40c7b5-a23d-4add-a3d3-3158249c489d/full.jpeg", "normalizedUrl": "https://megapx.dcard.tw/v1/images/4c40c7b5-a23d-4add-a3d3-3158249c489d", "thumbnail": "https://megapx-assets.dcard.tw/images/4c40c7b5-a23d-4add-a3d3-3158249c489d/640.jpeg", "type": "image/megapx", "tags": ["ANNOTATED"], "createdAt": "2020-02-03T07:51:55.857Z", "updatedAt": "2020-02-03T07:54:13.673Z", "width": 960, "height": 639}, {"id": "12c82c9f-37b3-4519-97ef-696836b84ce2", "url": "https://megapx-assets.dcard.tw/images/8f866af9-1291-4232-a813-124199efdfa3/full.jpeg", "normalizedUrl": "https://megapx.dcard.tw/v1/images/8f866af9-1291-4232-a813-124199efdfa3", "thumbnail": "https://megapx-assets.dcard.tw/images/8f866af9-1291-4232-a813-124199efdfa3/640.jpeg", "type": "image/megapx", "tags": ["ANNOTATED"], "createdAt": "2020-02-03T07:51:55.857Z", "updatedAt": "2020-02-03T07:54:13.673Z", "width": 960, "height": 960}, {"id": "3b6a0881-4aa5-4611-96dd-8b8bb131f524", "url": "https://megapx-assets.dcard.tw/images/0ef1decd-86fa-4546-84ca-f118ba30eb69/1280.jpeg", "normalizedUrl": "https://megapx.dcard.tw/v1/images/0ef1decd-86fa-4546-84ca-f118ba30eb69", "thumbnail": "https://megapx-assets.dcard.tw/images/0ef1decd-86fa-4546-84ca-f118ba30eb69/640.jpeg", "type": "image/megapx", "tags": ["ANNOTATED"], "createdAt": "2020-02-03T07:51:55.857Z", "updatedAt": "2020-02-03T07:54:13.673Z", "width": 1000, "height": 1448}, {"id": "2ec54829-405c-4992-9f0f-3529823c08b5", "url": "https://megapx-assets.dcard.tw/images/102839bc-9123-424e-a1bf-62b207fb37c9/1280.jpeg", "normalizedUrl": "https://megapx.dcard.tw/v1/images/102839bc-9123-424e-a1bf-62b207fb37c9", "thumbnail": "https://megapx-assets.dcard.tw/images/102839bc-9123-424e-a1bf-62b207fb37c9/640.jpeg", "type": "image/megapx", "tags": ["ANNOTATED", "GOOGLE_VISION_ADULT_VERY_LIKELY", "SAFE"], "createdAt": "2020-02-03T07:51:55.857Z", "updatedAt": "2020-02-03T07:54:13.673Z", "width": 747, "height": 1842}, {"id": "1d569893-433d-467e-b30e-69d4c210c784", "url": "https://megapx-assets.dcard.tw/images/43c1b945-419a-42ab-9e4b-0fb8de7844e3/full.jpeg", "normalizedUrl": "https://megapx.dcard.tw/v1/images/43c1b945-419a-42ab-9e4b-0fb8de7844e3", "thumbnail": "https://megapx-assets.dcard.tw/images/43c1b945-419a-42ab-9e4b-0fb8de7844e3/640.jpeg", "type": "image/megapx", "tags": ["ANNOTATED"], "createdAt": "2020-02-03T07:51:55.857Z", "updatedAt": "2020-02-03T07:54:13.673Z", "width": 1000, "height": 1081}, {"id": "03b2df93-74c8-4df8-9555-2aff966eb26f", "url": "https://megapx-assets.dcard.tw/images/5d89c803-6287-4cd6-8bbf-ecb159f0c454/full.jpeg", "normalizedUrl": "https://megapx.dcard.tw/v1/images/5d89c803-6287-4cd6-8bbf-ecb159f0c454", "thumbnail": "https://megapx-assets.dcard.tw/images/5d89c803-6287-4cd6-8bbf-ecb159f0c454/320.jpeg", "type": "image/megapx", "tags": ["ANNOTATED"], "createdAt": "2020-02-03T07:51:55.857Z", "updatedAt": "2020-02-03T07:54:13.673Z", "width": 640, "height": 427}, {"id": "c656bb90-7d78-4108-ab07-59c03c0bc24a", "url": "https://megapx-assets.dcard.tw/images/78619dad-fc45-40f4-850c-ac16d68243bd/full.jpeg", "normalizedUrl": "https://megapx.dcard.tw/v1/images/78619dad-fc45-40f4-850c-ac16d68243bd", "thumbnail": "https://megapx-assets.dcard.tw/images/78619dad-fc45-40f4-850c-ac16d68243bd/320.jpeg", "type": "image/megapx", "tags": ["ANNOTATED"], "createdAt": "2020-02-03T07:51:55.857Z", "updatedAt": "2020-02-03T07:54:13.673Z", "width": 600, "height": 558}, {"id": "fd31182c-8037-4ccc-b6f2-4cb7e9bc6cc5", "url": "https://megapx-assets.dcard.tw/images/d695cdd8-9237-4874-be4b-24f3e4ecaf37/1280.jpeg", "normalizedUrl": "https://megapx.dcard.tw/v1/images/d695cdd8-9237-4874-be4b-24f3e4ecaf37", "thumbnail": "https://megapx-assets.dcard.tw/images/d695cdd8-9237-4874-be4b-24f3e4ecaf37/640.jpeg", "type": "image/megapx", "tags": ["ANNOTATED"], "createdAt": "2020-02-03T07:51:55.857Z", "updatedAt": "2020-02-03T07:54:13.673Z", "width": 1317, "height": 2000}, {"id": "861d438b-9b7c-40ff-95ee-528b4b1d1c78", "url": "https://megapx-assets.dcard.tw/images/7a5d9633-4d21-4626-8ba0-b96392853850/1280.jpeg", "normalizedUrl": "https://megapx.dcard.tw/v1/images/7a5d9633-4d21-4626-8ba0-b96392853850", "thumbnail": "https://megapx-assets.dcard.tw/images/7a5d9633-4d21-4626-8ba0-b96392853850/640.jpeg", "type": "image/megapx", "tags": ["ANNOTATED"], "createdAt": "2020-02-03T07:51:55.857Z", "updatedAt": "2020-02-03T07:54:13.673Z", "width": 1319, "height": 2000}, {"id": "989f9d71-de88-46fe-b503-ecf37787e204", "url": "https://megapx-assets.dcard.tw/images/0273f6f8-d4df-4d00-9dfd-7fbab2af28be/1280.jpeg", "normalizedUrl": "https://megapx.dcard.tw/v1/images/0273f6f8-d4df-4d00-9dfd-7fbab2af28be", "thumbnail": "https://megapx-assets.dcard.tw/images/0273f6f8-d4df-4d00-9dfd-7fbab2af28be/640.jpeg", "type": "image/megapx", "tags": ["ANNOTATED"], "createdAt": "2020-02-03T07:51:55.857Z", "updatedAt": "2020-02-03T07:54:13.673Z", "width": 1186, "height": 2000}, {"id": "043bab14-252a-4f7b-9abb-7890448bbc1e", "url": "https://megapx-assets.dcard.tw/images/da0a2cef-b86f-4e0e-bad4-f7c33d223790/full.jpeg", "normalizedUrl": "https://megapx.dcard.tw/v1/images/da0a2cef-b86f-4e0e-bad4-f7c33d223790", "thumbnail": "https://megapx-assets.dcard.tw/images/da0a2cef-b86f-4e0e-bad4-f7c33d223790/320.jpeg", "type": "image/megapx", "tags": ["ANNOTATED"], "createdAt": "2020-02-03T07:51:55.857Z", "updatedAt": "2020-02-03T07:54:13.673Z", "width": 512, "height": 341}, {"id": "26a34405-31b3-410c-982f-014a028d36b4", "url": "https://megapx-assets.dcard.tw/images/1f4a58c1-65ea-46ec-b33b-27c776cc2369/full.jpeg", "normalizedUrl": "https://megapx.dcard.tw/v1/images/1f4a58c1-65ea-46ec-b33b-27c776cc2369", "thumbnail": "https://megapx-assets.dcard.tw/images/1f4a58c1-65ea-46ec-b33b-27c776cc2369/640.jpeg", "type": "image/megapx", "tags": ["ANNOTATED"], "createdAt": "2020-02-03T07:51:55.857Z", "updatedAt": "2020-02-03T07:54:13.673Z", "width": 1200, "height": 800}, {"id": "2c232b9d-b218-40e0-b85b-a14c5cfaa100", "url": "https://megapx-assets.dcard.tw/images/b620a4d4-753c-45f4-b561-b60ecd4bd96b/full.jpeg", "normalizedUrl": "https://megapx.dcard.tw/v1/images/b620a4d4-753c-45f4-b561-b60ecd4bd96b", "thumbnail": "https://megapx-assets.dcard.tw/images/b620a4d4-753c-45f4-b561-b60ecd4bd96b/640.jpeg", "type": "image/megapx", "tags": ["ANNOTATED"], "createdAt": "2020-02-03T07:51:55.857Z", "updatedAt": "2020-02-03T07:54:13.673Z", "width": 720, "height": 420}, {"id": "602a7280-8405-444e-ac6e-8c28379ab15e", "url": "https://megapx-assets.dcard.tw/images/53e61535-3f06-4d90-82c0-99bf22ee7921/full.jpeg", "normalizedUrl": "https://megapx.dcard.tw/v1/images/53e61535-3f06-4d90-82c0-99bf22ee7921", "thumbnail": "https://megapx-assets.dcard.tw/images/53e61535-3f06-4d90-82c0-99bf22ee7921/640.jpeg", "type": "image/megapx", "tags": ["ANNOTATED"], "createdAt": "2020-02-03T07:51:55.857Z", "updatedAt": "2020-02-03T07:54:13.673Z", "width": 720, "height": 452}, {"id": "cff4f245-5d35-41a8-b77f-abbb0ddb8784", "url": "https://megapx-assets.dcard.tw/images/5f2bcd04-9928-41bb-9953-a54505925445/1280.jpeg", "normalizedUrl": "https://megapx.dcard.tw/v1/images/5f2bcd04-9928-41bb-9953-a54505925445", "thumbnail": "https://megapx-assets.dcard.tw/images/5f2bcd04-9928-41bb-9953-a54505925445/640.jpeg", "type": "image/megapx", "tags": ["ANNOTATED"], "createdAt": "2020-02-03T07:51:55.857Z", "updatedAt": "2020-02-03T07:54:13.673Z", "width": 1080, "height": 1596}, {"id": "89219216-2a95-4469-b91f-785a228268ed", "url": "https://megapx-assets.dcard.tw/images/b0c25547-afd3-4004-8834-23f5bc159d5e/1280.jpeg", "normalizedUrl": "https://megapx.dcard.tw/v1/images/b0c25547-afd3-4004-8834-23f5bc159d5e", "thumbnail": "https://megapx-assets.dcard.tw/images/b0c25547-afd3-4004-8834-23f5bc159d5e/640.jpeg", "type": "image/megapx", "tags": ["ANNOTATED"], "createdAt": "2020-02-03T07:51:55.857Z", "updatedAt": "2020-02-03T07:54:13.673Z", "width": 1011, "height": 2000}, {"id": "a90c22c7-9e2d-4920-b955-9d52fb695bc6", "url": "https://megapx-assets.dcard.tw/images/997c783e-eb19-4c31-a6c1-85ea5474dfc3/1280.jpeg", "normalizedUrl": "https://megapx.dcard.tw/v1/images/997c783e-eb19-4c31-a6c1-85ea5474dfc3", "thumbnail": "https://megapx-assets.dcard.tw/images/997c783e-eb19-4c31-a6c1-85ea5474dfc3/640.jpeg", "type": "image/megapx", "tags": ["ANNOTATED", "GOOGLE_VISION_ADULT_LIKELY", "SAFE"], "createdAt": "2020-02-03T07:51:55.857Z", "updatedAt": "2020-02-03T07:54:13.673Z", "width": 853, "height": 1842}, {"id": "f785d225-c8be-49f0-86bb-3e8e549dda09", "url": "https://megapx-assets.dcard.tw/images/f80f014a-d35d-4baa-9453-e4954386ce6e/1280.jpeg", "normalizedUrl": "https://megapx.dcard.tw/v1/images/f80f014a-d35d-4baa-9453-e4954386ce6e", "thumbnail": "https://megapx-assets.dcard.tw/images/f80f014a-d35d-4baa-9453-e4954386ce6e/640.jpeg", "type": "image/megapx", "tags": ["ANNOTATED"], "createdAt": "2020-02-03T07:51:55.857Z", "updatedAt": "2020-02-03T07:54:13.673Z", "width": 1354, "height": 2000}, {"id": "8af6849e-f7e7-49d4-b095-79b02ce9ae1e", "url": "https://megapx-assets.dcard.tw/images/8e73e1d4-0dbc-476d-b062-0dbe646ffb6a/full.jpeg", "normalizedUrl": "https://megapx.dcard.tw/v1/images/8e73e1d4-0dbc-476d-b062-0dbe646ffb6a", "thumbnail": "https://megapx-assets.dcard.tw/images/8e73e1d4-0dbc-476d-b062-0dbe646ffb6a/320.jpeg", "type": "image/megapx", "tags": ["ANNOTATED"], "createdAt": "2020-02-03T07:51:55.857Z", "updatedAt": "2020-02-03T07:54:13.673Z", "width": 512, "height": 336}, {"id": "8adde7a6-b03b-4a74-a6ff-2a949646ff1b", "url": "https://megapx-assets.dcard.tw/images/22e2334a-3201-4b21-b65e-ae06cb3d181a/1280.jpeg", "normalizedUrl": "https://megapx.dcard.tw/v1/images/22e2334a-3201-4b21-b65e-ae06cb3d181a", "thumbnail": "https://megapx-assets.dcard.tw/images/22e2334a-3201-4b21-b65e-ae06cb3d181a/640.jpeg", "type": "image/megapx", "tags": ["ANNOTATED"], "createdAt": "2020-02-03T07:51:55.857Z", "updatedAt": "2020-02-03T07:54:13.673Z", "width": 1271, "height": 2000}, {"id": "7fe4ec78-3058-416c-9ef6-899cd5644f6d", "url": "https://megapx-assets.dcard.tw/images/03bb8940-3d2a-4c5b-8cc6-bc4456b76075/full.jpeg", "normalizedUrl": "https://megapx.dcard.tw/v1/images/03bb8940-3d2a-4c5b-8cc6-bc4456b76075", "thumbnail": "https://megapx-assets.dcard.tw/images/03bb8940-3d2a-4c5b-8cc6-bc4456b76075/640.jpeg", "type": "image/megapx", "tags": ["ANNOTATED"], "createdAt": "2020-02-03T07:51:55.857Z", "updatedAt": "2020-02-03T07:54:13.673Z", "width": 675, "height": 1200}, {"id": "139e60fb-15a0-458c-a385-f92f6e95f404", "url": "https://megapx-assets.dcard.tw/images/150903f9-eae6-4eb0-b527-b000c99c874d/full.jpeg", "normalizedUrl": "https://megapx.dcard.tw/v1/images/150903f9-eae6-4eb0-b527-b000c99c874d", "thumbnail": "https://megapx-assets.dcard.tw/images/150903f9-eae6-4eb0-b527-b000c99c874d/640.jpeg", "type": "image/megapx", "tags": ["ANNOTATED"], "createdAt": "2020-02-03T07:51:55.857Z", "updatedAt": "2020-02-03T07:54:13.673Z", "width": 1080, "height": 720}, {"id": "485bb98b-f1ca-4776-8239-dcdedb7fabeb", "url": "https://megapx-assets.dcard.tw/images/b1adfb30-e057-4efc-ae02-234c2b50e58b/1280.jpeg", "normalizedUrl": "https://megapx.dcard.tw/v1/images/b1adfb30-e057-4efc-ae02-234c2b50e58b", "thumbnail": "https://megapx-assets.dcard.tw/images/b1adfb30-e057-4efc-ae02-234c2b50e58b/640.jpeg", "type": "image/megapx", "tags": ["ANNOTATED"], "createdAt": "2020-02-03T07:51:55.857Z", "updatedAt": "2020-02-03T07:54:13.673Z", "width": 1080, "height": 1596}, {"id": "ea7e960c-af69-4c57-ab07-712a63c6f24e", "url": "https://megapx-assets.dcard.tw/images/c9d20fdd-3ed4-4c32-af71-86c83cf4d1a0/1280.jpeg", "normalizedUrl": "https://megapx.dcard.tw/v1/images/c9d20fdd-3ed4-4c32-af71-86c83cf4d1a0", "thumbnail": "https://megapx-assets.dcard.tw/images/c9d20fdd-3ed4-4c32-af71-86c83cf4d1a0/640.jpeg", "type": "image/megapx", "tags": ["ANNOTATED"], "createdAt": "2020-02-03T07:51:55.857Z", "updatedAt": "2020-02-03T07:54:13.673Z", "width": 674, "height": 2000}, {"id": "e525bd30-aab4-4cd3-83ae-a260cef67305", "url": "https://megapx-assets.dcard.tw/images/186d9e7d-13cc-413e-ac9a-bd459d37194f/full.jpeg", "normalizedUrl": "https://megapx.dcard.tw/v1/images/186d9e7d-13cc-413e-ac9a-bd459d37194f", "thumbnail": "https://megapx-assets.dcard.tw/images/186d9e7d-13cc-413e-ac9a-bd459d37194f/640.jpeg", "type": "image/megapx", "tags": ["ANNOTATED"], "createdAt": "2020-02-03T07:51:55.857Z", "updatedAt": "2020-02-03T07:54:13.673Z", "width": 1000, "height": 1000}, {"id": "6b5482f2-f1ef-4ff1-a890-e53d9eddef38", "url": "https://megapx-assets.dcard.tw/images/c9cc5081-ea8d-4bc5-b6e5-3837367838fe/full.jpeg", "normalizedUrl": "https://megapx.dcard.tw/v1/images/c9cc5081-ea8d-4bc5-b6e5-3837367838fe", "thumbnail": "https://megapx-assets.dcard.tw/images/c9cc5081-ea8d-4bc5-b6e5-3837367838fe/640.jpeg", "type": "image/megapx", "tags": ["ANNOTATED"], "createdAt": "2020-02-03T07:51:55.857Z", "updatedAt": "2020-02-03T07:54:13.673Z", "width": 828, "height": 552}, {"id": "5464cd64-8189-4f3d-81d6-1286419a1884", "url": "https://megapx-assets.dcard.tw/images/9924076b-744e-4043-bcb4-f1f9d7411327/full.jpeg", "normalizedUrl": "https://megapx.dcard.tw/v1/images/9924076b-744e-4043-bcb4-f1f9d7411327", "thumbnail": "https://megapx-assets.dcard.tw/images/9924076b-744e-4043-bcb4-f1f9d7411327/640.jpeg", "type": "image/megapx", "tags": ["ANNOTATED"], "createdAt": "2020-02-03T07:51:55.857Z", "updatedAt": "2020-02-03T07:54:13.673Z", "width": 960, "height": 960}, {"id": "37db16e5-483b-412b-a476-9ba8ee452804", "url": "https://megapx-assets.dcard.tw/images/d5dbfe0b-f975-49c7-bd76-a0d0afd451bf/full.jpeg", "normalizedUrl": "https://megapx.dcard.tw/v1/images/d5dbfe0b-f975-49c7-bd76-a0d0afd451bf", "thumbnail": "https://megapx-assets.dcard.tw/images/d5dbfe0b-f975-49c7-bd76-a0d0afd451bf/640.jpeg", "type": "image/megapx", "tags": ["ANNOTATED"], "createdAt": "2020-02-03T07:51:55.857Z", "updatedAt": "2020-02-03T07:54:13.673Z", "width": 720, "height": 700}, {"id": "bdabf60c-d886-41fb-8d50-badf146aa763", "url": "https://megapx-assets.dcard.tw/images/f6edc5cb-257f-4d13-9a61-27af8e9830f0/1280.jpeg", "normalizedUrl": "https://megapx.dcard.tw/v1/images/f6edc5cb-257f-4d13-9a61-27af8e9830f0", "thumbnail": "https://megapx-assets.dcard.tw/images/f6edc5cb-257f-4d13-9a61-27af8e9830f0/640.jpeg", "type": "image/megapx", "tags": ["ANNOTATED"], "createdAt": "2020-02-03T07:51:55.857Z", "updatedAt": "2020-02-03T07:54:13.673Z", "width": 2000, "height": 1333}, {"id": "b44aa20c-77d5-4591-9b53-9e25f00f12cf", "url": "https://megapx-assets.dcard.tw/images/3abf9f49-f479-4f63-a56f-5ac5d7c8d3f8/full.jpeg", "normalizedUrl": "https://megapx.dcard.tw/v1/images/3abf9f49-f479-4f63-a56f-5ac5d7c8d3f8", "thumbnail": "https://megapx-assets.dcard.tw/images/3abf9f49-f479-4f63-a56f-5ac5d7c8d3f8/640.jpeg", "type": "image/megapx", "tags": ["ANNOTATED"], "createdAt": "2020-02-03T07:51:55.857Z", "updatedAt": "2020-02-03T07:54:13.673Z", "width": 1070, "height": 1070}, {"id": "dac89ec4-20d5-4841-8209-9095378f7127", "url": "https://megapx-assets.dcard.tw/images/ff4915e9-8352-4303-900a-ea09449cd653/full.jpeg", "normalizedUrl": "https://megapx.dcard.tw/v1/images/ff4915e9-8352-4303-900a-ea09449cd653", "thumbnail": "https://megapx-assets.dcard.tw/images/ff4915e9-8352-4303-900a-ea09449cd653/640.jpeg", "type": "image/megapx", "tags": ["ANNOTATED"], "createdAt": "2020-02-03T07:51:55.857Z", "updatedAt": "2020-02-03T07:54:13.673Z", "width": 800, "height": 796}, {"id": "bfbc2d23-aaac-4b0a-912a-0b50febc08a3", "url": "https://megapx-assets.dcard.tw/images/ccf7ba10-c76c-4dbb-a93b-03fb15a36084/1280.jpeg", "normalizedUrl": "https://megapx.dcard.tw/v1/images/ccf7ba10-c76c-4dbb-a93b-03fb15a36084", "thumbnail": "https://megapx-assets.dcard.tw/images/ccf7ba10-c76c-4dbb-a93b-03fb15a36084/640.jpeg", "type": "image/megapx", "tags": ["ANNOTATED"], "createdAt": "2020-02-03T07:51:55.857Z", "updatedAt": "2020-02-03T07:54:13.673Z", "width": 1333, "height": 1333}, {"id": "cd0f4fec-0fa9-40ea-a70f-2ec9d940dd00", "url": "https://megapx-assets.dcard.tw/images/b6d9465c-c274-411b-a754-929e8927cdcc/full.jpeg", "normalizedUrl": "https://megapx.dcard.tw/v1/images/b6d9465c-c274-411b-a754-929e8927cdcc", "thumbnail": "https://megapx-assets.dcard.tw/images/b6d9465c-c274-411b-a754-929e8927cdcc/640.jpeg", "type": "image/megapx", "tags": ["ANNOTATED"], "createdAt": "2020-02-03T07:51:55.857Z", "updatedAt": "2020-02-03T07:54:13.673Z", "width": 1080, "height": 1080}, {"id": "15def080-4245-4ef0-b400-46196c6fd182", "url": "https://megapx-assets.dcard.tw/images/8ff70b0d-9143-4eb8-a9de-617387e7160b/full.jpeg", "normalizedUrl": "https://megapx.dcard.tw/v1/images/8ff70b0d-9143-4eb8-a9de-617387e7160b", "thumbnail": "https://megapx-assets.dcard.tw/images/8ff70b0d-9143-4eb8-a9de-617387e7160b/640.jpeg", "type": "image/megapx", "tags": ["ANNOTATED"], "createdAt": "2020-02-03T07:51:55.857Z", "updatedAt": "2020-02-03T07:54:13.673Z", "width": 1075, "height": 1075}, {"id": "52f1a16d-c501-4b7b-9002-eeef554f3b82", "url": "https://megapx-assets.dcard.tw/images/c6a69781-c440-40a1-983f-6819dd5c35a2/full.jpeg", "normalizedUrl": "https://megapx.dcard.tw/v1/images/c6a69781-c440-40a1-983f-6819dd5c35a2", "thumbnail": "https://megapx-assets.dcard.tw/images/c6a69781-c440-40a1-983f-6819dd5c35a2/640.jpeg", "type": "image/megapx", "tags": ["ANNOTATED"], "createdAt": "2020-02-03T07:51:55.857Z", "updatedAt": "2020-02-03T07:54:13.673Z", "width": 1068, "height": 810}, {"id": "ff2292c6-6cc9-44a7-b204-b475b253e626", "url": "https://megapx-assets.dcard.tw/images/d8b6c77b-6be8-4139-b325-215f09738da9/full.jpeg", "normalizedUrl": "https://megapx.dcard.tw/v1/images/d8b6c77b-6be8-4139-b325-215f09738da9", "thumbnail": "https://megapx-assets.dcard.tw/images/d8b6c77b-6be8-4139-b325-215f09738da9/640.jpeg", "type": "image/megapx", "tags": ["ANNOTATED"], "createdAt": "2020-02-03T07:51:55.857Z", "updatedAt": "2020-02-03T07:54:13.673Z", "width": 750, "height": 422}], "reactions": [{"id": "286f599c-f86a-4932-82f0-f5a06f1eca03", "count": 37}], "hidden": false, "customStyle": null, "isSuspiciousAccount": false, "layout": "classic", "withImages": true, "withVideos": false, "media": [{"url": "https://megapx-assets.dcard.tw/images/08543db0-7500-4b3d-90d4-fd8b4c51d8c2/1280.jpeg"}, {"url": "https://megapx-assets.dcard.tw/images/d5722984-378f-43e1-823e-063a730b9de9/full.jpeg"}, {"url": "https://megapx-assets.dcard.tw/images/9e20b653-d4e0-4224-a847-806664771a13/full.jpeg"}, {"url": "https://megapx-assets.dcard.tw/images/749fcd2c-6cc3-4d0e-a539-f041ebea84f1/full.jpeg"}, {"url": "https://megapx-assets.dcard.tw/images/6691a957-a571-4b35-b337-b6fc235e197c/full.jpeg"}, {"url": "https://megapx-assets.dcard.tw/images/1ea11874-b442-4865-a130-ab4038bf5e97/full.jpeg"}, {"url": "https://megapx-assets.dcard.tw/images/d640d806-869f-44e0-8866-32c7513e0e55/1280.jpeg"}, {"url": "https://megapx-assets.dcard.tw/images/8f4d98f6-93f2-4353-ae85-49ad258ac91e/1280.jpeg"}, {"url": "https://megapx-assets.dcard.tw/images/d3931bd3-db1b-4a10-8b8e-cd6cae84fff5/1280.jpeg"}, {"url": "https://megapx-assets.dcard.tw/images/4c40c7b5-a23d-4add-a3d3-3158249c489d/full.jpeg"}, {"url": "https://megapx-assets.dcard.tw/images/8f866af9-1291-4232-a813-124199efdfa3/full.jpeg"}, {"url": "https://megapx-assets.dcard.tw/images/0ef1decd-86fa-4546-84ca-f118ba30eb69/1280.jpeg"}, {"url": "https://megapx-assets.dcard.tw/images/102839bc-9123-424e-a1bf-62b207fb37c9/1280.jpeg"}, {"url": "https://megapx-assets.dcard.tw/images/43c1b945-419a-42ab-9e4b-0fb8de7844e3/full.jpeg"}, {"url": "https://megapx-assets.dcard.tw/images/5d89c803-6287-4cd6-8bbf-ecb159f0c454/full.jpeg"}, {"url": "https://megapx-assets.dcard.tw/images/78619dad-fc45-40f4-850c-ac16d68243bd/full.jpeg"}, {"url": "https://megapx-assets.dcard.tw/images/d695cdd8-9237-4874-be4b-24f3e4ecaf37/1280.jpeg"}, {"url": "https://megapx-assets.dcard.tw/images/7a5d9633-4d21-4626-8ba0-b96392853850/1280.jpeg"}, {"url": "https://megapx-assets.dcard.tw/images/0273f6f8-d4df-4d00-9dfd-7fbab2af28be/1280.jpeg"}, {"url": "https://megapx-assets.dcard.tw/images/da0a2cef-b86f-4e0e-bad4-f7c33d223790/full.jpeg"}, {"url": "https://megapx-assets.dcard.tw/images/1f4a58c1-65ea-46ec-b33b-27c776cc2369/full.jpeg"}, {"url": "https://megapx-assets.dcard.tw/images/b620a4d4-753c-45f4-b561-b60ecd4bd96b/full.jpeg"}, {"url": "https://megapx-assets.dcard.tw/images/53e61535-3f06-4d90-82c0-99bf22ee7921/full.jpeg"}, {"url": "https://megapx-assets.dcard.tw/images/5f2bcd04-9928-41bb-9953-a54505925445/1280.jpeg"}, {"url": "https://megapx-assets.dcard.tw/images/b0c25547-afd3-4004-8834-23f5bc159d5e/1280.jpeg"}, {"url": "https://megapx-assets.dcard.tw/images/997c783e-eb19-4c31-a6c1-85ea5474dfc3/1280.jpeg"}, {"url": "https://megapx-assets.dcard.tw/images/f80f014a-d35d-4baa-9453-e4954386ce6e/1280.jpeg"}, {"url": "https://megapx-assets.dcard.tw/images/8e73e1d4-0dbc-476d-b062-0dbe646ffb6a/full.jpeg"}, {"url": "https://megapx-assets.dcard.tw/images/22e2334a-3201-4b21-b65e-ae06cb3d181a/1280.jpeg"}, {"url": "https://megapx-assets.dcard.tw/images/03bb8940-3d2a-4c5b-8cc6-bc4456b76075/full.jpeg"}, {"url": "https://megapx-assets.dcard.tw/images/150903f9-eae6-4eb0-b527-b000c99c874d/full.jpeg"}, {"url": "https://megapx-assets.dcard.tw/images/b1adfb30-e057-4efc-ae02-234c2b50e58b/1280.jpeg"}, {"url": "https://megapx-assets.dcard.tw/images/c9d20fdd-3ed4-4c32-af71-86c83cf4d1a0/1280.jpeg"}, {"url": "https://megapx-assets.dcard.tw/images/186d9e7d-13cc-413e-ac9a-bd459d37194f/full.jpeg"}, {"url": "https://megapx-assets.dcard.tw/images/c9cc5081-ea8d-4bc5-b6e5-3837367838fe/full.jpeg"}, {"url": "https://megapx-assets.dcard.tw/images/9924076b-744e-4043-bcb4-f1f9d7411327/full.jpeg"}, {"url": "https://megapx-assets.dcard.tw/images/d5dbfe0b-f975-49c7-bd76-a0d0afd451bf/full.jpeg"}, {"url": "https://megapx-assets.dcard.tw/images/f6edc5cb-257f-4d13-9a61-27af8e9830f0/1280.jpeg"}, {"url": "https://megapx-assets.dcard.tw/images/3abf9f49-f479-4f63-a56f-5ac5d7c8d3f8/full.jpeg"}, {"url": "https://megapx-assets.dcard.tw/images/ff4915e9-8352-4303-900a-ea09449cd653/full.jpeg"}, {"url": "https://megapx-assets.dcard.tw/images/ccf7ba10-c76c-4dbb-a93b-03fb15a36084/1280.jpeg"}, {"url": "https://megapx-assets.dcard.tw/images/b6d9465c-c274-411b-a754-929e8927cdcc/full.jpeg"}, {"url": "https://megapx-assets.dcard.tw/images/8ff70b0d-9143-4eb8-a9de-617387e7160b/full.jpeg"}, {"url": "https://megapx-assets.dcard.tw/images/c6a69781-c440-40a1-983f-6819dd5c35a2/full.jpeg"}, {"url": "https://megapx-assets.dcard.tw/images/d8b6c77b-6be8-4139-b325-215f09738da9/full.jpeg"}], "reportReasonText": "", "postAvatar": ""}, {"id": 233006099, "title": "《慶餘年》第一季 ＃微劇透＃圖多", "excerpt": "架空歷史，北齊南慶，腦洞大開，劇情兼輕喜劇，角色設定跟故事走向都合我口味，選角也不錯 大家演技都很自然，有老戲骨在我自然是放心的，我並非小說黨，只看過電視劇，男主，張若昀 飾 范閒，看了這部開始關注他", "anonymousSchool": false, "anonymousDepartment": false, "pinned": false, "forumId": "ba0145a2-adff-4229-9a84-9b26ebd2f7f0", "replyId": null, "createdAt": "2020-02-03T04:29:12.845Z", "updatedAt": "2020-02-03T23:39:39.403Z", "commentCount": 14, "likeCount": 37, "withNickname": true, "tags": [], "topics": ["陸劇", "古裝劇"], "meta": {"layout": "classic"}, "forumName": "戲劇綜藝", "forumAlias": "tvepisode", "gender": "F", "school": "sw_po🍠", "department": "anita_0963", "replyTitle": null, "mediaMeta": [{"id": "efff39e7-f1f0-417d-9949-d13fb161c105", "url": "https://i.imgur.com/jNBrkbKl.jpg", "normalizedUrl": "https://i.imgur.com/jNBrkbKl.jpg", "thumbnail": "https://i.imgur.com/jNBrkbKl.jpg", "type": "image/thumbnail", "tags": ["ANNOTATED"], "createdAt": "2020-02-03T04:29:12.845Z", "updatedAt": "2020-02-03T23:39:39.403Z"}, {"id": "efff39e7-f1f0-417d-9949-d13fb161c105", "url": "https://i.imgur.com/jNBrkbK.jpg", "normalizedUrl": "https://imgur.com/jNBrkbK", "thumbnail": "https://i.imgur.com/jNBrkbKl.jpg", "type": "image/imgur", "tags": ["ANNOTATED"], "createdAt": "2020-02-03T04:29:12.845Z", "updatedAt": "2020-02-03T23:39:39.403Z"}, {"id": "37bfe0eb-84b4-4b13-8d91-9e829bc4bdb7", "url": "https://i.imgur.com/xebvIIO.jpg", "normalizedUrl": "https://imgur.com/xebvIIO", "thumbnail": "https://i.imgur.com/xebvIIOl.jpg", "type": "image/imgur", "tags": ["ANNOTATED"], "createdAt": "2020-02-03T04:29:12.845Z", "updatedAt": "2020-02-03T23:39:39.403Z"}, {"id": "483f9a3c-5af0-4ed1-a198-53a90e3d87bf", "url": "https://i.imgur.com/kA0JJnW.jpg", "normalizedUrl": "https://imgur.com/kA0JJnW", "thumbnail": "https://i.imgur.com/kA0JJnWl.jpg", "type": "image/imgur", "tags": ["ANNOTATED"], "createdAt": "2020-02-03T04:29:12.845Z", "updatedAt": "2020-02-03T23:39:39.403Z"}, {"id": "d4108f54-c97d-4604-a0bc-8a9455f6b2ae", "url": "https://i.imgur.com/kWgdQ6R.jpg", "normalizedUrl": "https://imgur.com/kWgdQ6R", "thumbnail": "https://i.imgur.com/kWgdQ6Rl.jpg", "type": "image/imgur", "tags": ["ANNOTATED"], "createdAt": "2020-02-03T04:29:12.845Z", "updatedAt": "2020-02-03T23:39:39.403Z"}, {"id": "acb974c9-0217-428a-9644-c85d828499b5", "url": "https://i.imgur.com/0xTs7N2.jpg", "normalizedUrl": "https://imgur.com/0xTs7N2", "thumbnail": "https://i.imgur.com/0xTs7N2l.jpg", "type": "image/imgur", "tags": ["ANNOTATED"], "createdAt": "2020-02-03T04:29:12.845Z", "updatedAt": "2020-02-03T23:39:39.403Z"}, {"id": "51541b7b-fdc4-42b4-a90f-d013547c6443", "url": "https://i.imgur.com/j0cvLDO.jpg", "normalizedUrl": "https://imgur.com/j0cvLDO", "thumbnail": "https://i.imgur.com/j0cvLDOl.jpg", "type": "image/imgur", "tags": ["ANNOTATED"], "createdAt": "2020-02-03T04:29:12.845Z", "updatedAt": "2020-02-03T23:39:39.403Z"}, {"id": "0dade519-2b96-4277-915a-22e040e9023c", "url": "https://i.imgur.com/hLiDBCu.jpg", "normalizedUrl": "https://imgur.com/hLiDBCu", "thumbnail": "https://i.imgur.com/hLiDBCul.jpg", "type": "image/imgur", "tags": ["ANNOTATED"], "createdAt": "2020-02-03T04:29:12.845Z", "updatedAt": "2020-02-03T23:39:39.403Z"}, {"id": "19302b80-68c4-4124-b657-f99d48020445", "url": "https://i.imgur.com/MuUNWhv.jpg", "normalizedUrl": "https://imgur.com/MuUNWhv", "thumbnail": "https://i.imgur.com/MuUNWhvl.jpg", "type": "image/imgur", "tags": ["ANNOTATED"], "createdAt": "2020-02-03T04:29:12.845Z", "updatedAt": "2020-02-03T23:39:39.403Z"}, {"id": "1195cd44-3e99-41ac-9bf0-2f9734871179", "url": "https://i.imgur.com/fcwNv2b.jpg", "normalizedUrl": "https://imgur.com/fcwNv2b", "thumbnail": "https://i.imgur.com/fcwNv2bl.jpg", "type": "image/imgur", "tags": ["ANNOTATED"], "createdAt": "2020-02-03T04:29:12.845Z", "updatedAt": "2020-02-03T23:39:39.403Z"}, {"id": "1c0425f8-dac1-4b1d-8655-6eb46bd067ee", "url": "https://i.imgur.com/Sm8kOui.jpg", "normalizedUrl": "https://imgur.com/Sm8kOui", "thumbnail": "https://i.imgur.com/Sm8kOuil.jpg", "type": "image/imgur", "tags": ["ANNOTATED"], "createdAt": "2020-02-03T04:29:12.845Z", "updatedAt": "2020-02-03T23:39:39.403Z"}, {"id": "dbe78ef7-ae9d-469f-99fa-ddf7eb10ffec", "url": "https://i.imgur.com/Tpf8LGA.jpg", "normalizedUrl": "https://imgur.com/Tpf8LGA", "thumbnail": "https://i.imgur.com/Tpf8LGAl.jpg", "type": "image/imgur", "tags": ["ANNOTATED"], "createdAt": "2020-02-03T04:29:12.845Z", "updatedAt": "2020-02-03T23:39:39.403Z"}, {"id": "30e42a24-c6ea-44b6-a25d-144c825e86e5", "url": "https://i.imgur.com/UPGloog.jpg", "normalizedUrl": "https://imgur.com/UPGloog", "thumbnail": "https://i.imgur.com/UPGloogl.jpg", "type": "image/imgur", "tags": ["ANNOTATED"], "createdAt": "2020-02-03T04:29:12.845Z", "updatedAt": "2020-02-03T23:39:39.403Z"}, {"id": "3086c77b-1edc-4a63-b36c-cc925eaa51b5", "url": "https://i.imgur.com/cAqVWih.jpg", "normalizedUrl": "https://imgur.com/cAqVWih", "thumbnail": "https://i.imgur.com/cAqVWihl.jpg", "type": "image/imgur", "tags": ["ANNOTATED"], "createdAt": "2020-02-03T04:29:12.845Z", "updatedAt": "2020-02-03T23:39:39.403Z"}, {"id": "18d9ce9c-7b62-4f7f-9bbb-6d9fe23ff752", "url": "https://i.imgur.com/lYsUv0u.jpg", "normalizedUrl": "https://imgur.com/lYsUv0u", "thumbnail": "https://i.imgur.com/lYsUv0ul.jpg", "type": "image/imgur", "tags": ["ANNOTATED"], "createdAt": "2020-02-03T04:29:12.845Z", "updatedAt": "2020-02-03T23:39:39.403Z"}, {"id": "f2aadc31-01f4-427d-af1c-8c764e8a1139", "url": "https://i.imgur.com/JG2MCaE.jpg", "normalizedUrl": "https://imgur.com/JG2MCaE", "thumbnail": "https://i.imgur.com/JG2MCaEl.jpg", "type": "image/imgur", "tags": ["ANNOTATED"], "createdAt": "2020-02-03T04:29:12.845Z", "updatedAt": "2020-02-03T23:39:39.403Z"}, {"id": "c540d3ae-1a20-4b1a-8c96-a7eef51c5514", "url": "https://youtu.be/mNtVqXUcyy0", "normalizedUrl": "https://www.youtube.com/watch?v=mNtVqXUcyy0", "thumbnail": "https://img.youtube.com/vi/mNtVqXUcyy0/hqdefault.jpg", "type": "video/youtube", "tags": ["ANNOTATED"], "createdAt": "2020-02-03T04:29:12.845Z", "updatedAt": "2020-02-03T23:39:39.403Z"}, {"id": "2cac15c3-946b-4a6d-8509-8af29ab1bc09", "url": "https://i.imgur.com/E1BrMQa.jpg", "normalizedUrl": "https://imgur.com/E1BrMQa", "thumbnail": "https://i.imgur.com/E1BrMQal.jpg", "type": "image/imgur", "tags": ["ANNOTATED"], "createdAt": "2020-02-03T04:29:12.845Z", "updatedAt": "2020-02-03T23:39:39.403Z"}, {"id": "45841858-1db7-4bac-b76d-9d1ab3d3749a", "url": "https://i.imgur.com/TxU5c9O.jpg", "normalizedUrl": "https://imgur.com/TxU5c9O", "thumbnail": "https://i.imgur.com/TxU5c9Ol.jpg", "type": "image/imgur", "tags": ["ANNOTATED"], "createdAt": "2020-02-03T04:29:12.845Z", "updatedAt": "2020-02-03T23:39:39.403Z"}, {"id": "d6559d7e-c79e-4090-b906-e12e60bc0454", "url": "https://i.imgur.com/l5RF5Kv.jpg", "normalizedUrl": "https://imgur.com/l5RF5Kv", "thumbnail": "https://i.imgur.com/l5RF5Kvl.jpg", "type": "image/imgur", "tags": ["ANNOTATED"], "createdAt": "2020-02-03T04:29:12.845Z", "updatedAt": "2020-02-03T23:39:39.403Z"}], "reactions": [{"id": "286f599c-f86a-4932-82f0-f5a06f1eca03", "count": 37}], "hidden": false, "customStyle": null, "isSuspiciousAccount": false, "layout": "classic", "withImages": true, "withVideos": false, "media": [{"url": "https://i.imgur.com/jNBrkbK.jpg"}, {"url": "https://i.imgur.com/xebvIIO.jpg"}, {"url": "https://i.imgur.com/kA0JJnW.jpg"}, {"url": "https://i.imgur.com/kWgdQ6R.jpg"}, {"url": "https://i.imgur.com/0xTs7N2.jpg"}, {"url": "https://i.imgur.com/j0cvLDO.jpg"}, {"url": "https://i.imgur.com/hLiDBCu.jpg"}, {"url": "https://i.imgur.com/MuUNWhv.jpg"}, {"url": "https://i.imgur.com/fcwNv2b.jpg"}, {"url": "https://i.imgur.com/Sm8kOui.jpg"}, {"url": "https://i.imgur.com/Tpf8LGA.jpg"}, {"url": "https://i.imgur.com/UPGloog.jpg"}, {"url": "https://i.imgur.com/cAqVWih.jpg"}, {"url": "https://i.imgur.com/lYsUv0u.jpg"}, {"url": "https://i.imgur.com/JG2MCaE.jpg"}, {"url": "https://i.imgur.com/E1BrMQa.jpg"}, {"url": "https://i.imgur.com/TxU5c9O.jpg"}, {"url": "https://i.imgur.com/l5RF5Kv.jpg"}], "reportReasonText": "", "postAvatar": ""}, {"id": 233005364, "title": "想見你 第11集雷注意⚠️⚠️", "excerpt": "首先閒話家常一下，等了兩星期，真的很刻苦，當時的我還開玩笑著對朋友說：「李子維要躺兩星期欸，看來肯定是涼了。」果真涼了，他倆好不容易再次相見，/////////////////////分隔線/////", "anonymousSchool": false, "anonymousDepartment": false, "pinned": false, "forumId": "ba0145a2-adff-4229-9a84-9b26ebd2f7f0", "replyId": null, "createdAt": "2020-02-03T00:50:09.083Z", "updatedAt": "2020-02-03T00:50:09.083Z", "commentCount": 19, "likeCount": 34, "withNickname": true, "tags": [], "topics": ["想見你", "台劇", "劇情分析", "劇情討論", "劇情猜測"], "meta": {"layout": "classic"}, "forumName": "戲劇綜藝", "forumAlias": "tvepisode", "gender": "F", "school": "嘻嘻 CC", "department": "wucc_128", "replyTitle": null, "mediaMeta": [], "reactions": [{"id": "286f599c-f86a-4932-82f0-f5a06f1eca03", "count": 34}], "hidden": false, "customStyle": null, "isSuspiciousAccount": false, "layout": "classic", "withImages": false, "withVideos": false, "media": [], "reportReasonText": "", "postAvatar": ""}, {"id": 233005248, "title": "下一站是幸福", "excerpt": "我覺得男主角很帥呀呀呀呀，很會把姐姐，奇怪怎麼沒看到什麼人在看🤔，.", "anonymousSchool": false, "anonymousDepartment": true, "pinned": false, "forumId": "ba0145a2-adff-4229-9a84-9b26ebd2f7f0", "replyId": null, "createdAt": "2020-02-02T22:48:32.939Z", "updatedAt": "2020-02-02T22:48:32.939Z", "commentCount": 14, "likeCount": 33, "withNickname": false, "tags": ["HIDE_THUMBNAIL"], "topics": ["陸劇", "偶像劇"], "meta": {"layout": "classic"}, "forumName": "戲劇綜藝", "forumAlias": "tvepisode", "gender": "F", "school": "淡江大學", "replyTitle": null, "mediaMeta": [{"id": "21a13f8b-a822-4cda-b9f5-481983d3aabb", "url": "https://megapx-assets.dcard.tw/images/ae036e9d-38e6-4c38-8beb-6e30fb43d7ae/full.jpeg", "normalizedUrl": "https://megapx.dcard.tw/v1/images/ae036e9d-38e6-4c38-8beb-6e30fb43d7ae", "thumbnail": "https://megapx-assets.dcard.tw/images/ae036e9d-38e6-4c38-8beb-6e30fb43d7ae/640.jpeg", "type": "image/megapx", "tags": [], "createdAt": "2020-02-02T22:48:32.939Z", "updatedAt": "2020-02-02T22:48:32.939Z", "width": 828, "height": 849}], "reactions": [{"id": "286f599c-f86a-4932-82f0-f5a06f1eca03", "count": 33}], "hidden": false, "customStyle": null, "isSuspiciousAccount": false, "layout": "classic", "withImages": true, "withVideos": false, "media": [], "reportReasonText": "", "postAvatar": ""}, {"id": 233005590, "title": "想見你 看完11集突然想起，有一段話是不是還沒被寫在日記上！？", "excerpt": "他就是王銓勝！以現在雨萱知道相愛的是子維應該不會這樣寫吧！？目前身體主導權是韻如，有沒有可能是在王銓勝和李子維還沒死的未來某一天王銓勝取回主導權穿越回去？", "anonymousSchool": false, "anonymousDepartment": false, "pinned": false, "forumId": "ba0145a2-adff-4229-9a84-9b26ebd2f7f0", "replyId": null, "createdAt": "2020-02-03T02:22:31.856Z", "updatedAt": "2020-02-03T02:22:31.856Z", "commentCount": 10, "likeCount": 32, "withNickname": true, "tags": [], "topics": ["想見你", "台劇", "日記", "偶像劇"], "meta": {"layout": "classic"}, "forumName": "戲劇綜藝", "forumAlias": "tvepisode", "gender": "M", "school": "HuZeng", "department": "huzeng0220", "replyTitle": null, "mediaMeta": [], "reactions": [{"id": "286f599c-f86a-4932-82f0-f5a06f1eca03", "count": 32}], "hidden": false, "customStyle": null, "isSuspiciousAccount": false, "layout": "classic", "withImages": false, "withVideos": false, "media": [], "reportReasonText": "", "postAvatar": ""}, {"id": 233006392, "title": "想見你 「他」跟「她」", "excerpt": "剛看完第十一集，也滑了大家的討論，一剛開始跟大多數人的想法一樣，覺得謝宗儒講的「他」跟「她」是指謝芝齊跟陳韻如（或黃雨萱？），但後來又想到，之前出現在日記本裡的「他就是王詮勝」這個伏筆還沒演出來，會不", "anonymousSchool": false, "anonymousDepartment": true, "pinned": false, "forumId": "ba0145a2-adff-4229-9a84-9b26ebd2f7f0", "replyId": null, "createdAt": "2020-02-03T05:35:50.420Z", "updatedAt": "2020-02-03T05:35:50.420Z", "commentCount": 3, "likeCount": 27, "withNickname": false, "tags": ["HIDE_THUMBNAIL"], "topics": ["想見你", "台劇", "許光漢", "柯佳嬿"], "meta": {"layout": "classic"}, "forumName": "戲劇綜藝", "forumAlias": "tvepisode", "gender": "F", "school": "國立臺灣大學", "replyTitle": null, "mediaMeta": [], "reactions": [{"id": "286f599c-f86a-4932-82f0-f5a06f1eca03", "count": 27}], "hidden": false, "customStyle": null, "isSuspiciousAccount": false, "layout": "classic", "withImages": false, "withVideos": false, "media": [], "reportReasonText": "", "postAvatar": ""}, {"id": 233010430, "title": "宅砲的韓國網劇分享👌🏻", "excerpt": "1.Yellow（好看到不行）（ost都超好聽）（男主角是演18歲的瞬間那個痞痞的補習班朋友@kimdwan_），推薦指數：（剛剛在apple music找不到了這是以前的截圖ㅠㅠ），2.17歲（有後", "anonymousSchool": false, "anonymousDepartment": false, "pinned": false, "forumId": "ba0145a2-adff-4229-9a84-9b26ebd2f7f0", "replyId": null, "createdAt": "2020-02-03T15:36:29.502Z", "updatedAt": "2020-02-03T15:36:29.502Z", "commentCount": 4, "likeCount": 26, "withNickname": true, "tags": [], "topics": ["韓國", "網劇", "韓劇", "偶像劇"], "meta": {"layout": "classic"}, "forumName": "戲劇綜藝", "forumAlias": "tvepisode", "gender": "F", "school": "🍋", "department": "pcywf1127", "replyTitle": null, "mediaMeta": [{"id": "a1469f99-ee2f-4935-a8c7-31d1a64bc9eb", "url": "https://megapx-assets.dcard.tw/images/0f385f90-aa5d-49e6-a0d5-38c213ea6ad2/640.jpeg", "normalizedUrl": "https://megapx-assets.dcard.tw/images/0f385f90-aa5d-49e6-a0d5-38c213ea6ad2/640.jpeg", "thumbnail": "https://megapx-assets.dcard.tw/images/0f385f90-aa5d-49e6-a0d5-38c213ea6ad2/640.jpeg", "type": "image/thumbnail", "tags": [], "createdAt": "2020-02-03T15:36:29.502Z", "updatedAt": "2020-02-03T15:36:29.502Z", "width": 640, "height": 378}, {"id": "a1469f99-ee2f-4935-a8c7-31d1a64bc9eb", "url": "https://megapx-assets.dcard.tw/images/0f385f90-aa5d-49e6-a0d5-38c213ea6ad2/full.jpeg", "normalizedUrl": "https://megapx.dcard.tw/v1/images/0f385f90-aa5d-49e6-a0d5-38c213ea6ad2", "thumbnail": "https://megapx-assets.dcard.tw/images/0f385f90-aa5d-49e6-a0d5-38c213ea6ad2/640.jpeg", "type": "image/megapx", "tags": [], "createdAt": "2020-02-03T15:36:29.502Z", "updatedAt": "2020-02-03T15:36:29.502Z", "width": 1242, "height": 734}], "reactions": [{"id": "286f599c-f86a-4932-82f0-f5a06f1eca03", "count": 26}], "hidden": false, "customStyle": null, "isSuspiciousAccount": false, "layout": "classic", "withImages": true, "withVideos": false, "media": [{"url": "https://megapx-assets.dcard.tw/images/0f385f90-aa5d-49e6-a0d5-38c213ea6ad2/full.jpeg"}], "reportReasonText": "", "postAvatar": ""}, {"id": 233004310, "title": "想見你時空與結局討論（無11集雷）", "excerpt": "先不討論是誰殺了陳韻如（雖然我猜是陳韻如自己）。如果黃雨萱成功阻止的話會發生什麼事？假設一，時間循環從「1999陳韻如沒死」這個改變開始，但是在這之前發生的事情已經發生了也不會受到改變。1.此時如果設", "anonymousSchool": false, "anonymousDepartment": true, "pinned": false, "forumId": "ba0145a2-adff-4229-9a84-9b26ebd2f7f0", "replyId": null, "createdAt": "2020-02-02T17:00:38.035Z", "updatedAt": "2020-02-02T17:05:40.956Z", "commentCount": 3, "likeCount": 23, "withNickname": false, "tags": ["HIDE_THUMBNAIL"], "topics": ["想見你", "台劇", "時空論"], "meta": {"layout": "classic"}, "forumName": "戲劇綜藝", "forumAlias": "tvepisode", "gender": "F", "school": "實踐大學", "replyTitle": null, "mediaMeta": [], "reactions": [{"id": "286f599c-f86a-4932-82f0-f5a06f1eca03", "count": 22}, {"id": "e8e6bc5d-41b0-4129-b134-97507523d7ff", "count": 1}], "hidden": false, "customStyle": null, "isSuspiciousAccount": false, "layout": "classic", "withImages": false, "withVideos": false, "media": [], "reportReasonText": "", "postAvatar": ""}, {"id": 233004818, "title": "想見你不專業猜測", "excerpt": "謝芝齊對黃雨萱說 應該要問你對陳韻如做了什麼吧 感覺可以跟有一幕謝芝齊準備要拿針頭次陳韻如接上。因為陳韻如受不了在小房間的黃雨萱還有李子維不會愛上她所以就叫謝芝齊殺她反正之前謝芝齊已經攻擊過她了 然後", "anonymousSchool": false, "anonymousDepartment": true, "pinned": false, "forumId": "ba0145a2-adff-4229-9a84-9b26ebd2f7f0", "replyId": null, "createdAt": "2020-02-02T18:34:41.289Z", "updatedAt": "2020-02-02T18:39:41.655Z", "commentCount": 0, "likeCount": 20, "withNickname": false, "tags": ["HIDE_THUMBNAIL"], "topics": ["想見你", "台劇"], "meta": {"layout": "classic"}, "forumName": "戲劇綜藝", "forumAlias": "tvepisode", "gender": "F", "school": "大仁科技大學", "replyTitle": null, "mediaMeta": [], "reactions": [{"id": "286f599c-f86a-4932-82f0-f5a06f1eca03", "count": 20}], "hidden": false, "customStyle": null, "isSuspiciousAccount": false, "layout": "classic", "withImages": false, "withVideos": false, "media": [], "reportReasonText": "", "postAvatar": ""}, {"id": 233008711, "title": "網劇一夜新娘 女主好正好正好正(愛上她了) 好像賈靜雯>///<", "excerpt": "剛過完年，還是要追個網劇，意外發現甜寵劇-一夜新娘（戲劇名稱），新人女主趙昭儀，美的驚為天人！！！！！！！！！！！！！！！！，（圖片截至google 線上看tv），看幾集後真的心中會被美的冒泡阿阿阿！", "anonymousSchool": false, "anonymousDepartment": true, "pinned": false, "forumId": "ba0145a2-adff-4229-9a84-9b26ebd2f7f0", "replyId": null, "createdAt": "2020-02-03T11:42:40.926Z", "updatedAt": "2020-02-03T11:42:40.926Z", "commentCount": 6, "likeCount": 19, "withNickname": false, "tags": [], "topics": ["網劇", "撞臉", "賈靜雯"], "meta": {"layout": "classic"}, "forumName": "戲劇綜藝", "forumAlias": "tvepisode", "gender": "F", "school": "中科大", "replyTitle": null, "mediaMeta": [{"id": "d37c64a4-84fa-4f54-90b1-484d1813d209", "url": "https://i.imgur.com/1ubvp9Rl.jpg", "normalizedUrl": "https://i.imgur.com/1ubvp9Rl.jpg", "thumbnail": "https://i.imgur.com/1ubvp9Rl.jpg", "type": "image/thumbnail", "tags": ["ANNOTATED"], "createdAt": "2020-02-03T11:42:40.926Z", "updatedAt": "2020-02-03T11:42:40.926Z"}, {"id": "d37c64a4-84fa-4f54-90b1-484d1813d209", "url": "http://i.imgur.com/1ubvp9R.png", "normalizedUrl": "https://imgur.com/1ubvp9R", "thumbnail": "https://i.imgur.com/1ubvp9Rl.jpg", "type": "image/imgur", "tags": ["ANNOTATED"], "createdAt": "2020-02-03T11:42:40.926Z", "updatedAt": "2020-02-03T11:42:40.926Z"}, {"id": "9ee15c94-c4a6-408e-b7fe-66c12722917e", "url": "http://i.imgur.com/A7WsDQ5.png", "normalizedUrl": "https://imgur.com/A7WsDQ5", "thumbnail": "https://i.imgur.com/A7WsDQ5l.jpg", "type": "image/imgur", "tags": ["ANNOTATED"], "createdAt": "2020-02-03T11:42:40.926Z", "updatedAt": "2020-02-03T11:42:40.926Z"}, {"id": "ab09d8ec-f065-4640-b05c-b0e6197bfb1a", "url": "http://i.imgur.com/dFk3bEF.png", "normalizedUrl": "https://imgur.com/dFk3bEF", "thumbnail": "https://i.imgur.com/dFk3bEFl.jpg", "type": "image/imgur", "tags": ["ANNOTATED"], "createdAt": "2020-02-03T11:42:40.926Z", "updatedAt": "2020-02-03T11:42:40.926Z"}, {"id": "9015c8f6-cb2b-4bca-8910-c656db0e455d", "url": "http://i.imgur.com/Yd27L3y.png", "normalizedUrl": "https://imgur.com/Yd27L3y", "thumbnail": "https://i.imgur.com/Yd27L3yl.jpg", "type": "image/imgur", "tags": ["ANNOTATED"], "createdAt": "2020-02-03T11:42:40.926Z", "updatedAt": "2020-02-03T11:42:40.926Z"}, {"id": "ee4120c5-98b6-4ba8-b3d2-2e96dac20be7", "url": "http://i.imgur.com/ALjyTUI.png", "normalizedUrl": "https://imgur.com/ALjyTUI", "thumbnail": "https://i.imgur.com/ALjyTUIl.jpg", "type": "image/imgur", "tags": ["ANNOTATED"], "createdAt": "2020-02-03T11:42:40.926Z", "updatedAt": "2020-02-03T11:42:40.926Z"}, {"id": "7c110090-0448-4faa-8d33-dca4f5ad7669", "url": "http://i.imgur.com/9Irn1jH.png", "normalizedUrl": "https://imgur.com/9Irn1jH", "thumbnail": "https://i.imgur.com/9Irn1jHl.jpg", "type": "image/imgur", "tags": ["ANNOTATED"], "createdAt": "2020-02-03T11:42:40.926Z", "updatedAt": "2020-02-03T11:42:40.926Z"}, {"id": "2b24f357-e883-4865-a10e-7b9ab82e6e34", "url": "http://i.imgur.com/tghtfQ7.png", "normalizedUrl": "https://imgur.com/tghtfQ7", "thumbnail": "https://i.imgur.com/tghtfQ7l.jpg", "type": "image/imgur", "tags": ["ANNOTATED"], "createdAt": "2020-02-03T11:42:40.926Z", "updatedAt": "2020-02-03T11:42:40.926Z"}], "reactions": [{"id": "286f599c-f86a-4932-82f0-f5a06f1eca03", "count": 19}], "hidden": false, "customStyle": null, "isSuspiciousAccount": false, "layout": "classic", "withImages": true, "withVideos": false, "media": [{"url": "http://i.imgur.com/1ubvp9R.png"}, {"url": "http://i.imgur.com/A7WsDQ5.png"}, {"url": "http://i.imgur.com/dFk3bEF.png"}, {"url": "http://i.imgur.com/Yd27L3y.png"}, {"url": "http://i.imgur.com/ALjyTUI.png"}, {"url": "http://i.imgur.com/9Irn1jH.png"}, {"url": "http://i.imgur.com/tghtfQ7.png"}], "reportReasonText": "", "postAvatar": ""}, {"id": 233006611, "title": "#韓劇 秘密花園", "excerpt": "最近追完這部看到後面真的哭好慘，而且我很喜歡他每集都有個小彩蛋，（P.S.請問還有人知道哪部有類似的嗎？在最後有個彩蛋的），最後一集的彩蛋男主角在吉蘿琳睡覺時一直道歉，是不是有接到前面幾集，她才會很常", "anonymousSchool": false, "anonymousDepartment": false, "pinned": false, "forumId": "ba0145a2-adff-4229-9a84-9b26ebd2f7f0", "replyId": null, "createdAt": "2020-02-03T06:27:16.496Z", "updatedAt": "2020-02-03T06:27:16.496Z", "commentCount": 6, "likeCount": 18, "withNickname": true, "tags": [], "topics": ["韓劇", "秘密花園"], "meta": {"layout": "classic"}, "forumName": "戲劇綜藝", "forumAlias": "tvepisode", "gender": "F", "school": "J.羯", "department": "onegirl1111", "replyTitle": null, "mediaMeta": [{"id": "b7113587-94df-4c40-a25e-8e358cd60726", "url": "https://megapx-assets.dcard.tw/images/f84e2331-7e7e-4343-9691-3c99bf32c9c5/640.jpeg", "normalizedUrl": "https://megapx-assets.dcard.tw/images/f84e2331-7e7e-4343-9691-3c99bf32c9c5/640.jpeg", "thumbnail": "https://megapx-assets.dcard.tw/images/f84e2331-7e7e-4343-9691-3c99bf32c9c5/640.jpeg", "type": "image/thumbnail", "tags": [], "createdAt": "2020-02-03T06:27:16.496Z", "updatedAt": "2020-02-03T06:27:16.496Z", "width": 640, "height": 390}, {"id": "b7113587-94df-4c40-a25e-8e358cd60726", "url": "https://megapx-assets.dcard.tw/images/f84e2331-7e7e-4343-9691-3c99bf32c9c5/1280.jpeg", "normalizedUrl": "https://megapx.dcard.tw/v1/images/f84e2331-7e7e-4343-9691-3c99bf32c9c5", "thumbnail": "https://megapx-assets.dcard.tw/images/f84e2331-7e7e-4343-9691-3c99bf32c9c5/640.jpeg", "type": "image/megapx", "tags": [], "createdAt": "2020-02-03T06:27:16.496Z", "updatedAt": "2020-02-03T06:27:16.496Z", "width": 2000, "height": 1218}, {"id": "26853f24-b6b8-4994-910a-4322b2ae75b6", "url": "https://megapx-assets.dcard.tw/images/aa8b60a1-65d5-4511-a1f1-7c0c79277756/1280.jpeg", "normalizedUrl": "https://megapx.dcard.tw/v1/images/aa8b60a1-65d5-4511-a1f1-7c0c79277756", "thumbnail": "https://megapx-assets.dcard.tw/images/aa8b60a1-65d5-4511-a1f1-7c0c79277756/640.jpeg", "type": "image/megapx", "tags": [], "createdAt": "2020-02-03T06:27:16.496Z", "updatedAt": "2020-02-03T06:27:16.496Z", "width": 2000, "height": 1174}], "reactions": [{"id": "286f599c-f86a-4932-82f0-f5a06f1eca03", "count": 18}], "hidden": false, "customStyle": null, "isSuspiciousAccount": false, "layout": "classic", "withImages": true, "withVideos": false, "media": [{"url": "https://megapx-assets.dcard.tw/images/f84e2331-7e7e-4343-9691-3c99bf32c9c5/1280.jpeg"}, {"url": "https://megapx-assets.dcard.tw/images/aa8b60a1-65d5-4511-a1f1-7c0c79277756/1280.jpeg"}], "reportReasonText": "", "postAvatar": ""}, {"id": 233009932, "title": "想見你 片名", "excerpt": "看完 “想見你”之後，覺得片名應該要改 “失去你”，我的便當男神", "anonymousSchool": false, "anonymousDepartment": true, "pinned": false, "forumId": "ba0145a2-adff-4229-9a84-9b26ebd2f7f0", "replyId": null, "createdAt": "2020-02-03T14:38:55.320Z", "updatedAt": "2020-02-03T14:38:55.320Z", "commentCount": 2, "likeCount": 15, "withNickname": false, "tags": ["HIDE_THUMBNAIL"], "topics": ["想見你"], "meta": {"layout": "classic"}, "forumName": "戲劇綜藝", "forumAlias": "tvepisode", "gender": "F", "school": "德明財經科技大學", "replyTitle": null, "mediaMeta": [], "reactions": [{"id": "286f599c-f86a-4932-82f0-f5a06f1eca03", "count": 12}, {"id": "e8e6bc5d-41b0-4129-b134-97507523d7ff", "count": 3}], "hidden": false, "customStyle": null, "isSuspiciousAccount": false, "layout": "classic", "withImages": false, "withVideos": false, "media": [], "reportReasonText": "", "postAvatar": ""}, {"id": 233004664, "title": "想見你 陳韻如死因？", "excerpt": "有沒有人知道陳韻如是怎麼死的，是要求莫俊傑殺自己，還是謝芝齊殺的，🤣之前有莫俊傑拿玻璃的片段，現在是班長...燒腦欸", "anonymousSchool": false, "anonymousDepartment": true, "pinned": false, "forumId": "ba0145a2-adff-4229-9a84-9b26ebd2f7f0", "replyId": null, "createdAt": "2020-02-02T17:56:02.621Z", "updatedAt": "2020-02-02T17:56:02.621Z", "commentCount": 9, "likeCount": 15, "withNickname": false, "tags": ["HIDE_THUMBNAIL"], "topics": ["想見你", "台劇"], "meta": {"layout": "classic"}, "forumName": "戲劇綜藝", "forumAlias": "tvepisode", "gender": "M", "school": "國立宜蘭大學", "replyTitle": null, "mediaMeta": [], "reactions": [{"id": "286f599c-f86a-4932-82f0-f5a06f1eca03", "count": 15}], "hidden": false, "customStyle": null, "isSuspiciousAccount": false, "layout": "classic", "withImages": false, "withVideos": false, "media": [], "reportReasonText": "", "postAvatar": ""}, {"id": 233006545, "title": "問 下一站是幸福 評價", "excerpt": "剛在網路上看到的劇，忍不住感嘆好久沒有好看的陸劇了 ｡ﾟヽ（ﾟ´Д`）ﾉﾟ｡f（x）時期很喜歡宋茜的我想問問大家有沒有看過下一站是幸福以及相關評價~~~，我是寒假被延長 在等想見你/愛的迫降更新 找劇", "anonymousSchool": false, "anonymousDepartment": true, "pinned": false, "forumId": "ba0145a2-adff-4229-9a84-9b26ebd2f7f0", "replyId": null, "createdAt": "2020-02-03T06:10:36.700Z", "updatedAt": "2020-02-03T06:11:03.088Z", "commentCount": 8, "likeCount": 14, "withNickname": false, "tags": [], "topics": ["評價", "陸劇"], "meta": {"layout": "classic"}, "forumName": "戲劇綜藝", "forumAlias": "tvepisode", "gender": "F", "school": "世新大學", "replyTitle": null, "mediaMeta": [], "reactions": [{"id": "286f599c-f86a-4932-82f0-f5a06f1eca03", "count": 14}], "hidden": false, "customStyle": null, "isSuspiciousAccount": false, "layout": "classic", "withImages": false, "withVideos": false, "media": [], "reportReasonText": "", "postAvatar": ""}, {"id": 233004143, "title": "KKTV的更新速度", "excerpt": "一直都用KKTV，但第一次追跟播番，想見你第十一集到底是要更新了沒啊，等到現在還是沒上架，花錢還慢別的平台好幾拍，劇情都快被雷光ㄌ 氣到退訂辣= =", "anonymousSchool": false, "anonymousDepartment": true, "pinned": false, "forumId": "ba0145a2-adff-4229-9a84-9b26ebd2f7f0", "replyId": null, "createdAt": "2020-02-02T16:34:13.760Z", "updatedAt": "2020-02-02T16:34:13.760Z", "commentCount": 5, "likeCount": 13, "withNickname": false, "tags": ["HIDE_THUMBNAIL"], "topics": ["台劇"], "meta": {"layout": "classic"}, "forumName": "戲劇綜藝", "forumAlias": "tvepisode", "gender": "F", "school": "國立屏東大學", "replyTitle": null, "mediaMeta": [], "reactions": [{"id": "286f599c-f86a-4932-82f0-f5a06f1eca03", "count": 13}], "hidden": false, "customStyle": null, "isSuspiciousAccount": false, "layout": "classic", "withImages": false, "withVideos": false, "media": [], "reportReasonText": "", "postAvatar": ""}]