[{"id": 231816294, "title": "#公告  (補充)減肥板板規", "excerpt": "-*板主的話，嗨~大家好，因為這次看到迪卡有給卡友增加板的福利，想說就藉由這個機會創立一個\"減肥板\"。要另外創一個這個板的用意是因為其實【健身】、【減肥】這兩詞的爭議點，我個人對這兩個詞的看法是：-【", "anonymousSchool": false, "anonymousDepartment": false, "pinned": true, "forumId": "8a2a0b9a-7664-49b0-bff7-58389ef73a0d", "replyId": null, "createdAt": "2019-08-08T02:49:09.729Z", "updatedAt": "2019-08-28T01:53:42.792Z", "commentCount": 12, "likeCount": 62, "withNickname": true, "tags": [], "topics": ["減肥", "減肥板", "減重", "減肥板板規"], "meta": {"layout": "classic"}, "forumName": "減肥", "forumAlias": "weight_loss", "gender": "F", "school": "vk", "department": "vicky82123", "replyTitle": null, "mediaMeta": [], "reactions": [{"id": "286f599c-f86a-4932-82f0-f5a06f1eca03", "count": 61}, {"id": "aa0d425f-d530-4478-9a77-fe3aedc79eea", "count": 1}], "hidden": false, "customStyle": null, "isSuspiciousAccount": false, "layout": "classic", "withImages": false, "withVideos": false, "media": [], "reportReasonText": "", "postAvatar": ""}, {"id": 233011927, "title": "2個多月體重從將近70來到5開頭😆🎉", "excerpt": "減肥還沒結束！只是來到了一個里程碑，半夜醒來又睡不著，想說上來記錄一下我的喜悅，上次5開頭是多久以前的事 4年前嗎...，身高166，2018年7月曾經出現：70.0，之後幾乎68.69浮動，10/2", "anonymousSchool": false, "anonymousDepartment": true, "pinned": false, "forumId": "8a2a0b9a-7664-49b0-bff7-58389ef73a0d", "replyId": null, "createdAt": "2020-02-03T20:29:08.807Z", "updatedAt": "2020-02-03T20:29:31.932Z", "commentCount": 4, "likeCount": 43, "withNickname": false, "tags": [], "topics": ["體重", "減肥", "飲食", "減重"], "meta": {"layout": "classic"}, "forumName": "減肥", "forumAlias": "weight_loss", "gender": "F", "school": "國立臺北教育大學", "replyTitle": null, "mediaMeta": [{"id": "821d8b06-4a9c-44c2-b667-c79ee25aea50", "url": "https://i.imgur.com/7GsQNVLl.jpg", "normalizedUrl": "https://i.imgur.com/7GsQNVLl.jpg", "thumbnail": "https://i.imgur.com/7GsQNVLl.jpg", "type": "image/thumbnail", "tags": ["ANNOTATED"], "createdAt": "2020-02-03T20:29:08.807Z", "updatedAt": "2020-02-03T20:29:31.932Z"}, {"id": "821d8b06-4a9c-44c2-b667-c79ee25aea50", "url": "https://i.imgur.com/7GsQNVL.jpg", "normalizedUrl": "https://imgur.com/7GsQNVL", "thumbnail": "https://i.imgur.com/7GsQNVLl.jpg", "type": "image/imgur", "tags": ["ANNOTATED"], "createdAt": "2020-02-03T20:29:08.807Z", "updatedAt": "2020-02-03T20:29:31.932Z"}, {"id": "e9ec7a79-7697-4ad2-99ae-bc3197c13f05", "url": "https://i.imgur.com/W6jTh9x.jpg", "normalizedUrl": "https://imgur.com/W6jTh9x", "thumbnail": "https://i.imgur.com/W6jTh9xl.jpg", "type": "image/imgur", "tags": ["ANNOTATED"], "createdAt": "2020-02-03T20:29:08.807Z", "updatedAt": "2020-02-03T20:29:31.932Z"}, {"id": "2a7e60af-41cb-4b82-ac4d-cb6848554d3c", "url": "https://i.imgur.com/z4kdLrU.jpg", "normalizedUrl": "https://imgur.com/z4kdLrU", "thumbnail": "https://i.imgur.com/z4kdLrUl.jpg", "type": "image/imgur", "tags": ["ANNOTATED"], "createdAt": "2020-02-03T20:29:08.807Z", "updatedAt": "2020-02-03T20:29:31.932Z"}, {"id": "c993daa4-cf7d-4628-8bdc-29f9c9ca47e4", "url": "https://i.imgur.com/rf3vGmN.jpg", "normalizedUrl": "https://imgur.com/rf3vGmN", "thumbnail": "https://i.imgur.com/rf3vGmNl.jpg", "type": "image/imgur", "tags": ["ANNOTATED"], "createdAt": "2020-02-03T20:29:08.807Z", "updatedAt": "2020-02-03T20:29:31.932Z"}], "reactions": [{"id": "286f599c-f86a-4932-82f0-f5a06f1eca03", "count": 43}], "hidden": false, "customStyle": null, "isSuspiciousAccount": false, "layout": "classic", "withImages": true, "withVideos": false, "media": [{"url": "https://i.imgur.com/7GsQNVL.jpg"}, {"url": "https://i.imgur.com/W6jTh9x.jpg"}, {"url": "https://i.imgur.com/z4kdLrU.jpg"}, {"url": "https://i.imgur.com/rf3vGmN.jpg"}], "reportReasonText": "", "postAvatar": ""}, {"id": 233010419, "title": "#心得 #減肥無他，真的只有吃跟動👊 👊 👊", "excerpt": "一開始不免俗來張對比照，我身高163，減重前62公斤，目前維持52-53公斤，大概花了2年時間降到現在的體重，體重來來回回的時候真的蠻令人沮喪，這段期間只能說我也是用盡各種方法，以下是我的減肥血淚史，", "anonymousSchool": false, "anonymousDepartment": true, "pinned": false, "forumId": "8a2a0b9a-7664-49b0-bff7-58389ef73a0d", "replyId": null, "createdAt": "2020-02-03T15:35:11.856Z", "updatedAt": "2020-02-03T15:35:11.856Z", "commentCount": 5, "likeCount": 40, "withNickname": false, "tags": [], "topics": ["減肥"], "meta": {"layout": "classic"}, "forumName": "減肥", "forumAlias": "weight_loss", "gender": "F", "school": "實踐大學", "replyTitle": null, "mediaMeta": [{"id": "985b98c9-f2c0-45b2-b437-d1fb57b20847", "url": "https://i.imgur.com/Qc0U2aRl.jpg", "normalizedUrl": "https://i.imgur.com/Qc0U2aRl.jpg", "thumbnail": "https://i.imgur.com/Qc0U2aRl.jpg", "type": "image/thumbnail", "tags": ["ANNOTATED"], "createdAt": "2020-02-03T15:35:11.856Z", "updatedAt": "2020-02-03T15:35:11.856Z"}, {"id": "985b98c9-f2c0-45b2-b437-d1fb57b20847", "url": "http://i.imgur.com/Qc0U2aR.jpg", "normalizedUrl": "https://imgur.com/Qc0U2aR", "thumbnail": "https://i.imgur.com/Qc0U2aRl.jpg", "type": "image/imgur", "tags": ["ANNOTATED"], "createdAt": "2020-02-03T15:35:11.856Z", "updatedAt": "2020-02-03T15:35:11.856Z"}, {"id": "33787855-740f-43fc-a8d1-9607d3ffafd5", "url": "http://i.imgur.com/T1t7AZT.jpg", "normalizedUrl": "https://imgur.com/T1t7AZT", "thumbnail": "https://i.imgur.com/T1t7AZTl.jpg", "type": "image/imgur", "tags": ["ANNOTATED"], "createdAt": "2020-02-03T15:35:11.856Z", "updatedAt": "2020-02-03T15:35:11.856Z"}, {"id": "2a7f9f39-ef9a-4433-9a5b-1ab8a43bd678", "url": "http://i.imgur.com/SbuEXTL.jpg", "normalizedUrl": "https://imgur.com/SbuEXTL", "thumbnail": "https://i.imgur.com/SbuEXTLl.jpg", "type": "image/imgur", "tags": ["ANNOTATED"], "createdAt": "2020-02-03T15:35:11.856Z", "updatedAt": "2020-02-03T15:35:11.856Z"}], "reactions": [{"id": "286f599c-f86a-4932-82f0-f5a06f1eca03", "count": 40}], "hidden": false, "customStyle": null, "isSuspiciousAccount": false, "layout": "classic", "withImages": true, "withVideos": false, "media": [{"url": "http://i.imgur.com/Qc0U2aR.jpg"}, {"url": "http://i.imgur.com/T1t7AZT.jpg"}, {"url": "http://i.imgur.com/SbuEXTL.jpg"}], "reportReasonText": "", "postAvatar": ""}, {"id": 233006240, "title": "體重很重", "excerpt": "本人體重剛開始決定要減肥時105經過一個月，減醣體重掉了快5公斤目前100多體脂只掉了，快1%沒什麼運動，請問這樣算正常嗎 要加一點運動體脂比較會掉嗎", "anonymousSchool": false, "anonymousDepartment": false, "pinned": false, "forumId": "8a2a0b9a-7664-49b0-bff7-58389ef73a0d", "replyId": null, "createdAt": "2020-02-03T05:01:11.761Z", "updatedAt": "2020-02-03T06:54:46.814Z", "commentCount": 7, "likeCount": 8, "withNickname": true, "tags": ["HIDE_THUMBNAIL"], "topics": ["體重", "減肥", "飲食", "疑問"], "meta": {"layout": "classic"}, "forumName": "減肥", "forumAlias": "weight_loss", "gender": "F", "school": "走不進你的心", "department": "asd2810", "replyTitle": null, "mediaMeta": [], "reactions": [{"id": "286f599c-f86a-4932-82f0-f5a06f1eca03", "count": 8}], "hidden": false, "customStyle": null, "isSuspiciousAccount": false, "layout": "classic", "withImages": false, "withVideos": false, "media": [], "reportReasonText": "", "postAvatar": ""}, {"id": 233005498, "title": "關於代糖的親身試驗", "excerpt": "代糖真的是好東西嗎？我從一個月前 開始嚴重依賴代糖，將平常的小點心全換成零卡果凍和可樂，其他正餐的內容則不變（變化不大），一個月後，我他媽胖了一公斤，幹 現在要怎麼辦。", "anonymousSchool": false, "anonymousDepartment": true, "pinned": false, "forumId": "8a2a0b9a-7664-49b0-bff7-58389ef73a0d", "replyId": null, "createdAt": "2020-02-03T01:51:57.992Z", "updatedAt": "2020-02-03T01:51:57.992Z", "commentCount": 11, "likeCount": 6, "withNickname": false, "tags": [], "topics": ["減肥", "代糖"], "meta": {"layout": "classic"}, "forumName": "減肥", "forumAlias": "weight_loss", "gender": "F", "school": "國立臺中科技大學", "replyTitle": null, "mediaMeta": [], "reactions": [{"id": "286f599c-f86a-4932-82f0-f5a06f1eca03", "count": 6}], "hidden": false, "customStyle": null, "isSuspiciousAccount": false, "layout": "classic", "withImages": false, "withVideos": false, "media": [], "reportReasonText": "", "postAvatar": ""}, {"id": 233009934, "title": "DVZ 酵素飲", "excerpt": "我朋友很瘦喝了這個狂排便結果一週瘦兩公斤，他說這個可以減肥介紹給我，我在想著是不是跟人有關，請問大大們有喝過嗎，DVZ 是楊丞琳和明道都有代言的，賣家是告訴我這不是減肥食品而是順暢的但是他自己吃兩週也", "anonymousSchool": false, "anonymousDepartment": false, "pinned": false, "forumId": "8a2a0b9a-7664-49b0-bff7-58389ef73a0d", "replyId": null, "createdAt": "2020-02-03T14:39:02.361Z", "updatedAt": "2020-02-03T14:39:02.361Z", "commentCount": 5, "likeCount": 3, "withNickname": true, "tags": [], "topics": ["酵素", "減肥", "減重"], "meta": {"layout": "classic"}, "forumName": "減肥", "forumAlias": "weight_loss", "gender": "F", "school": "林潔倪", "department": "jamien", "replyTitle": null, "mediaMeta": [{"id": "b622b342-4856-4e20-902d-4e068cd8cca4", "url": "https://megapx-assets.dcard.tw/images/c55edb49-bb05-4ee3-b3a0-69f42d0dfea9/640.jpeg", "normalizedUrl": "https://megapx-assets.dcard.tw/images/c55edb49-bb05-4ee3-b3a0-69f42d0dfea9/640.jpeg", "thumbnail": "https://megapx-assets.dcard.tw/images/c55edb49-bb05-4ee3-b3a0-69f42d0dfea9/640.jpeg", "type": "image/thumbnail", "tags": [], "createdAt": "2020-02-03T14:39:02.361Z", "updatedAt": "2020-02-03T14:39:02.361Z", "width": 360, "height": 640}, {"id": "b622b342-4856-4e20-902d-4e068cd8cca4", "url": "https://megapx-assets.dcard.tw/images/c55edb49-bb05-4ee3-b3a0-69f42d0dfea9/1280.jpeg", "normalizedUrl": "https://megapx.dcard.tw/v1/images/c55edb49-bb05-4ee3-b3a0-69f42d0dfea9", "thumbnail": "https://megapx-assets.dcard.tw/images/c55edb49-bb05-4ee3-b3a0-69f42d0dfea9/640.jpeg", "type": "image/megapx", "tags": [], "createdAt": "2020-02-03T14:39:02.361Z", "updatedAt": "2020-02-03T14:39:02.361Z", "width": 750, "height": 1334}, {"id": "8a5f5f82-8d97-476e-a93f-c15770c9721e", "url": "https://megapx-assets.dcard.tw/images/e0d34e60-e8b4-4c41-809e-4af7b944a333/1280.jpeg", "normalizedUrl": "https://megapx.dcard.tw/v1/images/e0d34e60-e8b4-4c41-809e-4af7b944a333", "thumbnail": "https://megapx-assets.dcard.tw/images/e0d34e60-e8b4-4c41-809e-4af7b944a333/640.jpeg", "type": "image/megapx", "tags": [], "createdAt": "2020-02-03T14:39:02.361Z", "updatedAt": "2020-02-03T14:39:02.361Z", "width": 750, "height": 1334}, {"id": "13176bed-f6aa-4025-a63a-ac33bb322408", "url": "https://megapx-assets.dcard.tw/images/a3edbfaf-9146-448d-b7de-823a9be2029c/1280.jpeg", "normalizedUrl": "https://megapx.dcard.tw/v1/images/a3edbfaf-9146-448d-b7de-823a9be2029c", "thumbnail": "https://megapx-assets.dcard.tw/images/a3edbfaf-9146-448d-b7de-823a9be2029c/640.jpeg", "type": "image/megapx", "tags": [], "createdAt": "2020-02-03T14:39:02.361Z", "updatedAt": "2020-02-03T14:39:02.361Z", "width": 750, "height": 1334}], "reactions": [{"id": "286f599c-f86a-4932-82f0-f5a06f1eca03", "count": 3}], "hidden": false, "customStyle": null, "isSuspiciousAccount": false, "layout": "classic", "withImages": true, "withVideos": false, "media": [{"url": "https://megapx-assets.dcard.tw/images/c55edb49-bb05-4ee3-b3a0-69f42d0dfea9/1280.jpeg"}, {"url": "https://megapx-assets.dcard.tw/images/e0d34e60-e8b4-4c41-809e-4af7b944a333/1280.jpeg"}, {"url": "https://megapx-assets.dcard.tw/images/a3edbfaf-9146-448d-b7de-823a9be2029c/1280.jpeg"}], "reportReasonText": "", "postAvatar": ""}]