[{"id": 233004010, "title": "不喜歡妳，但喜歡牽妳的手", "excerpt": "那天起床後，我們去猴硐，拍貓咪、拍我，從此她就常常約我到任何可以攝影的地方，她說她以前不拍人的，但我比較聽話，叫我怎麼擺我就怎麼擺。我心裡也清楚，如果我對她沒感覺，怎麼可能會願意一直單獨出去，甚至還把", "anonymousSchool": false, "anonymousDepartment": false, "pinned": false, "forumId": "e33fd5d2-025f-46e4-8b81-3f6fecdd25e1", "replyId": null, "createdAt": "2020-02-02T16:16:08.958Z", "updatedAt": "2020-02-03T18:00:49.234Z", "commentCount": 8, "likeCount": 38, "withNickname": false, "tags": [], "topics": ["VaSeLiNe"], "meta": {"layout": "classic"}, "forumName": "廢文", "forumAlias": "whysoserious", "gender": "M", "school": "國立臺灣大學", "department": "醫學系", "replyTitle": null, "mediaMeta": [], "reactions": [{"id": "286f599c-f86a-4932-82f0-f5a06f1eca03", "count": 35}, {"id": "011ead16-9b83-4729-9fde-c588920c6c2d", "count": 1}, {"id": "4b018f48-e184-445f-adf1-fc8e04ba09b9", "count": 1}, {"id": "e8e6bc5d-41b0-4129-b134-97507523d7ff", "count": 1}], "hidden": false, "customStyle": null, "isSuspiciousAccount": false, "layout": "classic", "withImages": false, "withVideos": false, "media": [], "reportReasonText": "", "postAvatar": ""}, {"id": 233007471, "title": "延後開學", "excerpt": "開心ㄉ按愛心，不開心ㄉ按怒，雖然一堆計畫被打亂但防疫比較重要 （╥╯﹏╰╥）ง", "anonymousSchool": false, "anonymousDepartment": true, "pinned": false, "forumId": "e33fd5d2-025f-46e4-8b81-3f6fecdd25e1", "replyId": null, "createdAt": "2020-02-03T08:53:01.734Z", "updatedAt": "2020-02-03T08:53:01.734Z", "commentCount": 1, "likeCount": 33, "withNickname": false, "tags": [], "topics": [], "meta": {"layout": "classic"}, "forumName": "廢文", "forumAlias": "whysoserious", "gender": "F", "school": "淡江大學", "replyTitle": null, "mediaMeta": [], "reactions": [{"id": "aa0d425f-d530-4478-9a77-fe3aedc79eea", "count": 25}, {"id": "286f599c-f86a-4932-82f0-f5a06f1eca03", "count": 8}], "hidden": false, "customStyle": null, "isSuspiciousAccount": false, "layout": "classic", "withImages": false, "withVideos": false, "media": [], "reportReasonText": "", "postAvatar": ""}, {"id": 233004899, "title": "有沒有得\"想見你觀後入迷症\"", "excerpt": "如標題，看完相見你之後，非常入迷，去狄卡看網友的劇情分析和猜測，去說微博熱搜 這集有三個，#想見你 直播，#陳韻如假扮黃雨萱，#想見你 李子維，然後到現在 差不多要睡了，晚安", "anonymousSchool": false, "anonymousDepartment": true, "pinned": false, "forumId": "e33fd5d2-025f-46e4-8b81-3f6fecdd25e1", "replyId": null, "createdAt": "2020-02-02T18:55:59.932Z", "updatedAt": "2020-02-02T18:55:59.932Z", "commentCount": 1, "likeCount": 26, "withNickname": false, "tags": [], "topics": ["想見你", "廢文", "偶像劇", "台劇", "電視劇"], "meta": {"layout": "classic"}, "forumName": "廢文", "forumAlias": "whysoserious", "gender": "F", "school": "致理科技大學", "replyTitle": null, "mediaMeta": [], "reactions": [{"id": "286f599c-f86a-4932-82f0-f5a06f1eca03", "count": 26}], "hidden": false, "customStyle": null, "isSuspiciousAccount": false, "layout": "classic", "withImages": false, "withVideos": false, "media": [], "reportReasonText": "", "postAvatar": ""}, {"id": 233007715, "title": "先自己承認有修圖", "excerpt": "", "anonymousSchool": false, "anonymousDepartment": false, "pinned": false, "forumId": "e33fd5d2-025f-46e4-8b81-3f6fecdd25e1", "replyId": null, "createdAt": "2020-02-03T09:21:51.636Z", "updatedAt": "2020-02-03T09:21:51.636Z", "commentCount": 7, "likeCount": 24, "withNickname": false, "tags": [], "topics": [], "meta": {"layout": "classic"}, "forumName": "廢文", "forumAlias": "whysoserious", "gender": "F", "school": "國立臺灣大學", "department": "護理學系", "replyTitle": null, "mediaMeta": [{"id": "a0f94433-df75-47e3-9aa8-11f0eb900694", "url": "https://i.imgur.com/3nGRRYGl.jpg", "normalizedUrl": "https://i.imgur.com/3nGRRYGl.jpg", "thumbnail": "https://i.imgur.com/3nGRRYGl.jpg", "type": "image/thumbnail", "tags": ["ANNOTATED"], "createdAt": "2020-02-03T09:21:51.636Z", "updatedAt": "2020-02-03T09:21:51.636Z"}, {"id": "a0f94433-df75-47e3-9aa8-11f0eb900694", "url": "https://i.imgur.com/3nGRRYG.jpg", "normalizedUrl": "https://imgur.com/3nGRRYG", "thumbnail": "https://i.imgur.com/3nGRRYGl.jpg", "type": "image/imgur", "tags": ["ANNOTATED"], "createdAt": "2020-02-03T09:21:51.636Z", "updatedAt": "2020-02-03T09:21:51.636Z"}], "reactions": [{"id": "286f599c-f86a-4932-82f0-f5a06f1eca03", "count": 23}, {"id": "e8e6bc5d-41b0-4129-b134-97507523d7ff", "count": 1}], "hidden": false, "customStyle": null, "isSuspiciousAccount": false, "layout": "classic", "withImages": true, "withVideos": false, "media": [{"url": "https://i.imgur.com/3nGRRYG.jpg"}], "reportReasonText": "", "postAvatar": ""}, {"id": 233006568, "title": "還有其他方式", "excerpt": "得知女友的戒圍嗎？", "anonymousSchool": false, "anonymousDepartment": true, "pinned": false, "forumId": "e33fd5d2-025f-46e4-8b81-3f6fecdd25e1", "replyId": null, "createdAt": "2020-02-03T06:17:10.163Z", "updatedAt": "2020-02-03T06:17:10.163Z", "commentCount": 8, "likeCount": 24, "withNickname": false, "tags": [], "topics": [], "meta": {"layout": "classic"}, "forumName": "廢文", "forumAlias": "whysoserious", "gender": "M", "school": "玄奘大學", "replyTitle": null, "mediaMeta": [{"id": "d14664a3-f3ee-4f67-b2e8-b011b5144588", "url": "https://i.imgur.com/ThAHbDLl.jpg", "normalizedUrl": "https://i.imgur.com/ThAHbDLl.jpg", "thumbnail": "https://i.imgur.com/ThAHbDLl.jpg", "type": "image/thumbnail", "tags": ["ANNOTATED"], "createdAt": "2020-02-03T06:17:10.163Z", "updatedAt": "2020-02-03T06:17:10.163Z"}, {"id": "d14664a3-f3ee-4f67-b2e8-b011b5144588", "url": "https://i.imgur.com/ThAHbDL.jpg", "normalizedUrl": "https://imgur.com/ThAHbDL", "thumbnail": "https://i.imgur.com/ThAHbDLl.jpg", "type": "image/imgur", "tags": ["ANNOTATED"], "createdAt": "2020-02-03T06:17:10.163Z", "updatedAt": "2020-02-03T06:17:10.163Z"}], "reactions": [{"id": "286f599c-f86a-4932-82f0-f5a06f1eca03", "count": 20}, {"id": "e8e6bc5d-41b0-4129-b134-97507523d7ff", "count": 4}], "hidden": false, "customStyle": null, "isSuspiciousAccount": false, "layout": "classic", "withImages": true, "withVideos": false, "media": [{"url": "https://i.imgur.com/ThAHbDL.jpg"}], "reportReasonText": "", "postAvatar": ""}, {"id": 233008141, "title": "最終我還是決定把這個小意外留下來", "excerpt": "雖然我知道會失去很多，也不知道這雙胞胎我們能不能完美的照顧好他們，但我相信我們一定會盡全力去做，聽到這個消息，不知道你們會不會驚訝，會不會恭喜我，可是那又能怎樣呢？...........，......", "anonymousSchool": false, "anonymousDepartment": true, "pinned": false, "forumId": "e33fd5d2-025f-46e4-8b81-3f6fecdd25e1", "replyId": null, "createdAt": "2020-02-03T10:21:12.018Z", "updatedAt": "2020-02-03T10:23:51.865Z", "commentCount": 2, "likeCount": 23, "withNickname": false, "tags": [], "topics": [], "meta": {"layout": "classic"}, "forumName": "廢文", "forumAlias": "whysoserious", "gender": "M", "school": "長庚大學", "replyTitle": null, "mediaMeta": [{"id": "9a8d82e9-30b1-4aea-a5a5-ab6e7b495769", "url": "https://megapx-assets.dcard.tw/images/04bd88ab-e76e-409f-a012-3ecd6ee68ca9/320.jpeg", "normalizedUrl": "https://megapx-assets.dcard.tw/images/04bd88ab-e76e-409f-a012-3ecd6ee68ca9/320.jpeg", "thumbnail": "https://megapx-assets.dcard.tw/images/04bd88ab-e76e-409f-a012-3ecd6ee68ca9/320.jpeg", "type": "image/thumbnail", "tags": ["ANNOTATED"], "createdAt": "2020-02-03T10:21:12.018Z", "updatedAt": "2020-02-03T10:23:51.865Z", "width": 320, "height": 297}, {"id": "9a8d82e9-30b1-4aea-a5a5-ab6e7b495769", "url": "https://megapx-assets.dcard.tw/images/04bd88ab-e76e-409f-a012-3ecd6ee68ca9/full.jpeg", "normalizedUrl": "https://megapx.dcard.tw/v1/images/04bd88ab-e76e-409f-a012-3ecd6ee68ca9", "thumbnail": "https://megapx-assets.dcard.tw/images/04bd88ab-e76e-409f-a012-3ecd6ee68ca9/320.jpeg", "type": "image/megapx", "tags": ["ANNOTATED"], "createdAt": "2020-02-03T10:21:12.018Z", "updatedAt": "2020-02-03T10:23:51.865Z", "width": 480, "height": 446}], "reactions": [{"id": "aa0d425f-d530-4478-9a77-fe3aedc79eea", "count": 13}, {"id": "286f599c-f86a-4932-82f0-f5a06f1eca03", "count": 10}], "hidden": false, "customStyle": null, "isSuspiciousAccount": false, "layout": "classic", "withImages": true, "withVideos": false, "media": [{"url": "https://megapx-assets.dcard.tw/images/04bd88ab-e76e-409f-a012-3ecd6ee68ca9/full.jpeg"}], "reportReasonText": "", "postAvatar": ""}, {"id": 233006196, "title": "你各位ㄚ 學起來", "excerpt": "", "anonymousSchool": false, "anonymousDepartment": false, "pinned": false, "forumId": "e33fd5d2-025f-46e4-8b81-3f6fecdd25e1", "replyId": null, "createdAt": "2020-02-03T04:53:10.397Z", "updatedAt": "2020-02-03T04:53:10.397Z", "commentCount": 7, "likeCount": 19, "withNickname": true, "tags": [], "topics": ["帥哥三三"], "meta": {"layout": "classic"}, "forumName": "廢文", "forumAlias": "whysoserious", "gender": "M", "school": "아이유", "department": "kingjames", "replyTitle": null, "mediaMeta": [{"id": "9d148f85-94c5-473e-8fb5-2ac04ab43e76", "url": "https://megapx-assets.dcard.tw/images/2b537977-1b9d-4b4d-adba-eda590b0a9bc/640.jpeg", "normalizedUrl": "https://megapx-assets.dcard.tw/images/2b537977-1b9d-4b4d-adba-eda590b0a9bc/640.jpeg", "thumbnail": "https://megapx-assets.dcard.tw/images/2b537977-1b9d-4b4d-adba-eda590b0a9bc/640.jpeg", "type": "image/thumbnail", "tags": ["ANNOTATED"], "createdAt": "2020-02-03T04:53:10.397Z", "updatedAt": "2020-02-03T04:53:10.397Z", "width": 640, "height": 578}, {"id": "9d148f85-94c5-473e-8fb5-2ac04ab43e76", "url": "https://megapx-assets.dcard.tw/images/2b537977-1b9d-4b4d-adba-eda590b0a9bc/full.jpeg", "normalizedUrl": "https://megapx.dcard.tw/v1/images/2b537977-1b9d-4b4d-adba-eda590b0a9bc", "thumbnail": "https://megapx-assets.dcard.tw/images/2b537977-1b9d-4b4d-adba-eda590b0a9bc/640.jpeg", "type": "image/megapx", "tags": ["ANNOTATED"], "createdAt": "2020-02-03T04:53:10.397Z", "updatedAt": "2020-02-03T04:53:10.397Z", "width": 1077, "height": 973}], "reactions": [{"id": "286f599c-f86a-4932-82f0-f5a06f1eca03", "count": 14}, {"id": "e8e6bc5d-41b0-4129-b134-97507523d7ff", "count": 3}, {"id": "aa0d425f-d530-4478-9a77-fe3aedc79eea", "count": 2}], "hidden": false, "customStyle": null, "isSuspiciousAccount": false, "layout": "classic", "withImages": true, "withVideos": false, "media": [{"url": "https://megapx-assets.dcard.tw/images/2b537977-1b9d-4b4d-adba-eda590b0a9bc/full.jpeg"}], "reportReasonText": "", "postAvatar": ""}, {"id": 233009456, "title": "我一個人告五個韓粉", "excerpt": "我爸也不是吃素的 第一次有人拿法院壓我我快笑死 可惜不能好好嘲笑對方", "anonymousSchool": false, "anonymousDepartment": true, "pinned": false, "forumId": "e33fd5d2-025f-46e4-8b81-3f6fecdd25e1", "replyId": null, "createdAt": "2020-02-03T13:36:57.801Z", "updatedAt": "2020-02-03T13:36:57.801Z", "commentCount": 9, "likeCount": 18, "withNickname": false, "tags": [], "topics": [], "meta": {"layout": "classic"}, "forumName": "廢文", "forumAlias": "whysoserious", "gender": "F", "school": "中原大學", "replyTitle": null, "mediaMeta": [], "reactions": [{"id": "286f599c-f86a-4932-82f0-f5a06f1eca03", "count": 12}, {"id": "4b018f48-e184-445f-adf1-fc8e04ba09b9", "count": 4}, {"id": "011ead16-9b83-4729-9fde-c588920c6c2d", "count": 1}, {"id": "e8e6bc5d-41b0-4129-b134-97507523d7ff", "count": 1}], "hidden": false, "customStyle": null, "isSuspiciousAccount": false, "layout": "classic", "withImages": false, "withVideos": false, "media": [], "reportReasonText": "", "postAvatar": ""}, {"id": 233009068, "title": "為大家示範", "excerpt": "內雙畫眼妝都是徒勞", "anonymousSchool": false, "anonymousDepartment": true, "pinned": false, "forumId": "e33fd5d2-025f-46e4-8b81-3f6fecdd25e1", "replyId": null, "createdAt": "2020-02-03T12:44:11.335Z", "updatedAt": "2020-02-03T12:44:11.335Z", "commentCount": 7, "likeCount": 18, "withNickname": false, "tags": [], "topics": [], "meta": {"layout": "classic"}, "forumName": "廢文", "forumAlias": "whysoserious", "gender": "F", "school": "國立臺灣大學", "replyTitle": null, "mediaMeta": [{"id": "41b7828d-747f-4327-b804-93fb88b1bf88", "url": "https://i.imgur.com/t3KUmMgl.jpg", "normalizedUrl": "https://i.imgur.com/t3KUmMgl.jpg", "thumbnail": "https://i.imgur.com/t3KUmMgl.jpg", "type": "image/thumbnail", "tags": ["ANNOTATED"], "createdAt": "2020-02-03T12:44:11.335Z", "updatedAt": "2020-02-03T12:44:11.335Z"}, {"id": "41b7828d-747f-4327-b804-93fb88b1bf88", "url": "https://i.imgur.com/t3KUmMg.jpg", "normalizedUrl": "https://imgur.com/t3KUmMg", "thumbnail": "https://i.imgur.com/t3KUmMgl.jpg", "type": "image/imgur", "tags": ["ANNOTATED"], "createdAt": "2020-02-03T12:44:11.335Z", "updatedAt": "2020-02-03T12:44:11.335Z"}, {"id": "5dd5ae08-d050-4774-b1da-3ac3a700686a", "url": "https://i.imgur.com/Wybibyd.jpg", "normalizedUrl": "https://imgur.com/Wybibyd", "thumbnail": "https://i.imgur.com/Wybibydl.jpg", "type": "image/imgur", "tags": ["ANNOTATED"], "createdAt": "2020-02-03T12:44:11.335Z", "updatedAt": "2020-02-03T12:44:11.335Z"}], "reactions": [{"id": "286f599c-f86a-4932-82f0-f5a06f1eca03", "count": 18}], "hidden": false, "customStyle": null, "isSuspiciousAccount": false, "layout": "classic", "withImages": true, "withVideos": false, "media": [{"url": "https://i.imgur.com/t3KUmMg.jpg"}, {"url": "https://i.imgur.com/Wybibyd.jpg"}], "reportReasonText": "", "postAvatar": ""}, {"id": 233006275, "title": "戴口罩", "excerpt": "眼妝畫超久", "anonymousSchool": false, "anonymousDepartment": false, "pinned": false, "forumId": "e33fd5d2-025f-46e4-8b81-3f6fecdd25e1", "replyId": null, "createdAt": "2020-02-03T05:07:59.341Z", "updatedAt": "2020-02-03T05:07:59.341Z", "commentCount": 3, "likeCount": 17, "withNickname": true, "tags": [], "topics": ["口罩"], "meta": {"layout": "classic"}, "forumName": "廢文", "forumAlias": "whysoserious", "gender": "F", "school": "Nia", "department": "sonia777", "replyTitle": null, "mediaMeta": [{"id": "7ffa0393-91aa-4ee1-b547-39923c5d6afd", "url": "https://megapx-assets.dcard.tw/images/4be22e3d-720d-4041-a0e4-5023e042a58f/640.jpeg", "normalizedUrl": "https://megapx-assets.dcard.tw/images/4be22e3d-720d-4041-a0e4-5023e042a58f/640.jpeg", "thumbnail": "https://megapx-assets.dcard.tw/images/4be22e3d-720d-4041-a0e4-5023e042a58f/640.jpeg", "type": "image/thumbnail", "tags": ["ANNOTATED"], "createdAt": "2020-02-03T05:07:59.341Z", "updatedAt": "2020-02-03T05:07:59.341Z", "width": 640, "height": 640}, {"id": "7ffa0393-91aa-4ee1-b547-39923c5d6afd", "url": "https://megapx-assets.dcard.tw/images/4be22e3d-720d-4041-a0e4-5023e042a58f/1280.jpeg", "normalizedUrl": "https://megapx.dcard.tw/v1/images/4be22e3d-720d-4041-a0e4-5023e042a58f", "thumbnail": "https://megapx-assets.dcard.tw/images/4be22e3d-720d-4041-a0e4-5023e042a58f/640.jpeg", "type": "image/megapx", "tags": ["ANNOTATED"], "createdAt": "2020-02-03T05:07:59.341Z", "updatedAt": "2020-02-03T05:07:59.341Z", "width": 2000, "height": 2000}], "reactions": [{"id": "aa0d425f-d530-4478-9a77-fe3aedc79eea", "count": 9}, {"id": "286f599c-f86a-4932-82f0-f5a06f1eca03", "count": 7}, {"id": "4b018f48-e184-445f-adf1-fc8e04ba09b9", "count": 1}], "hidden": false, "customStyle": null, "isSuspiciousAccount": false, "layout": "classic", "withImages": true, "withVideos": false, "media": [{"url": "https://megapx-assets.dcard.tw/images/4be22e3d-720d-4041-a0e4-5023e042a58f/1280.jpeg"}], "reportReasonText": "", "postAvatar": ""}, {"id": 233005722, "title": "尬...", "excerpt": "買了短版上衣...，結果忘記自己有ㄋㄟㄋㄟ...，好啦，現在衣服又要送人了🤦‍️，南半球露在外面怎麼出門啊啊啊", "anonymousSchool": false, "anonymousDepartment": true, "pinned": false, "forumId": "e33fd5d2-025f-46e4-8b81-3f6fecdd25e1", "replyId": null, "createdAt": "2020-02-03T02:58:38.632Z", "updatedAt": "2020-02-03T02:58:38.632Z", "commentCount": 6, "likeCount": 17, "withNickname": false, "tags": ["HIDE_THUMBNAIL"], "topics": [], "meta": {"layout": "classic"}, "forumName": "廢文", "forumAlias": "whysoserious", "gender": "F", "school": "實踐大學", "replyTitle": null, "mediaMeta": [], "reactions": [{"id": "286f599c-f86a-4932-82f0-f5a06f1eca03", "count": 13}, {"id": "e8e6bc5d-41b0-4129-b134-97507523d7ff", "count": 3}, {"id": "011ead16-9b83-4729-9fde-c588920c6c2d", "count": 1}], "hidden": false, "customStyle": null, "isSuspiciousAccount": false, "layout": "classic", "withImages": false, "withVideos": false, "media": [], "reportReasonText": "", "postAvatar": ""}, {"id": 233008429, "title": "今天班長沒事找我", "excerpt": "當著很多同梯的面前問我，：「你離開以後會不會想念同梯」我：「不會」：「你離開以後會不會想念成功嶺」我：「不會」（以上我全部秒答），班長看了我幾秒鐘給我一個讚，：「恭喜你是正常人，會想念軍營的是哪個腦袋", "anonymousSchool": false, "anonymousDepartment": false, "pinned": false, "forumId": "e33fd5d2-025f-46e4-8b81-3f6fecdd25e1", "replyId": null, "createdAt": "2020-02-03T10:56:07.703Z", "updatedAt": "2020-02-03T10:56:07.703Z", "commentCount": 5, "likeCount": 16, "withNickname": true, "tags": [], "topics": [], "meta": {"layout": "classic"}, "forumName": "廢文", "forumAlias": "whysoserious", "gender": "M", "school": "想趕快回家的馬頭", "department": "ambrose46", "replyTitle": null, "mediaMeta": [{"id": "1aafcabe-5c31-4c51-82c2-cb231cf6b7ce", "url": "https://i.imgur.com/kshFvFCl.jpg", "normalizedUrl": "https://i.imgur.com/kshFvFCl.jpg", "thumbnail": "https://i.imgur.com/kshFvFCl.jpg", "type": "image/thumbnail", "tags": ["ANNOTATED"], "createdAt": "2020-02-03T10:56:07.703Z", "updatedAt": "2020-02-03T10:56:07.703Z"}, {"id": "1aafcabe-5c31-4c51-82c2-cb231cf6b7ce", "url": "https://i.imgur.com/kshFvFC.jpg", "normalizedUrl": "https://imgur.com/kshFvFC", "thumbnail": "https://i.imgur.com/kshFvFCl.jpg", "type": "image/imgur", "tags": ["ANNOTATED"], "createdAt": "2020-02-03T10:56:07.703Z", "updatedAt": "2020-02-03T10:56:07.703Z"}], "reactions": [{"id": "286f599c-f86a-4932-82f0-f5a06f1eca03", "count": 13}, {"id": "e8e6bc5d-41b0-4129-b134-97507523d7ff", "count": 3}], "hidden": false, "customStyle": null, "isSuspiciousAccount": false, "layout": "classic", "withImages": true, "withVideos": false, "media": [{"url": "https://i.imgur.com/kshFvFC.jpg"}], "reportReasonText": "", "postAvatar": ""}, {"id": 233007564, "title": "全台大專院校延至3/2開學", "excerpt": "待在家的按我怒", "anonymousSchool": false, "anonymousDepartment": false, "pinned": false, "forumId": "e33fd5d2-025f-46e4-8b81-3f6fecdd25e1", "replyId": null, "createdAt": "2020-02-03T09:02:37.105Z", "updatedAt": "2020-02-03T09:02:51.725Z", "commentCount": 1, "likeCount": 15, "withNickname": true, "tags": [], "topics": [], "meta": {"layout": "classic"}, "forumName": "廢文", "forumAlias": "whysoserious", "gender": "F", "school": "靴貓", "department": "raining1102", "replyTitle": null, "mediaMeta": [], "reactions": [{"id": "aa0d425f-d530-4478-9a77-fe3aedc79eea", "count": 13}, {"id": "286f599c-f86a-4932-82f0-f5a06f1eca03", "count": 2}], "hidden": false, "customStyle": null, "isSuspiciousAccount": false, "layout": "classic", "withImages": false, "withVideos": false, "media": [], "reportReasonText": "", "postAvatar": ""}, {"id": 233006754, "title": "喀嚓 ( • ̀ω•́ )✄", "excerpt": "聽說這樣會變漂（´∀｀）", "anonymousSchool": false, "anonymousDepartment": false, "pinned": false, "forumId": "e33fd5d2-025f-46e4-8b81-3f6fecdd25e1", "replyId": null, "createdAt": "2020-02-03T06:55:09.873Z", "updatedAt": "2020-02-03T06:55:09.873Z", "commentCount": 11, "likeCount": 15, "withNickname": true, "tags": [], "topics": [], "meta": {"layout": "classic"}, "forumName": "廢文", "forumAlias": "whysoserious", "gender": "F", "school": "檸檬愛玉無糖去冰🍋🍋", "department": "yuki.06", "replyTitle": null, "mediaMeta": [{"id": "404555b8-a03e-4722-a1f7-18d52dcf007c", "url": "https://i.imgur.com/0X69pibl.jpg", "normalizedUrl": "https://i.imgur.com/0X69pibl.jpg", "thumbnail": "https://i.imgur.com/0X69pibl.jpg", "type": "image/thumbnail", "tags": ["ANNOTATED"], "createdAt": "2020-02-03T06:55:09.873Z", "updatedAt": "2020-02-03T06:55:09.873Z"}, {"id": "404555b8-a03e-4722-a1f7-18d52dcf007c", "url": "https://i.imgur.com/0X69pib.jpg", "normalizedUrl": "https://imgur.com/0X69pib", "thumbnail": "https://i.imgur.com/0X69pibl.jpg", "type": "image/imgur", "tags": ["ANNOTATED"], "createdAt": "2020-02-03T06:55:09.873Z", "updatedAt": "2020-02-03T06:55:09.873Z"}], "reactions": [{"id": "286f599c-f86a-4932-82f0-f5a06f1eca03", "count": 11}, {"id": "4b018f48-e184-445f-adf1-fc8e04ba09b9", "count": 3}, {"id": "aa0d425f-d530-4478-9a77-fe3aedc79eea", "count": 1}], "hidden": false, "customStyle": null, "isSuspiciousAccount": false, "layout": "classic", "withImages": true, "withVideos": false, "media": [{"url": "https://i.imgur.com/0X69pib.jpg"}], "reportReasonText": "", "postAvatar": ""}, {"id": 233006718, "title": "偷偷（？", "excerpt": "聽說對方晚上會幫我做的PV重新配上聲音軌，所以晚上說不定就可以分享惹＞＜然後在PV製作期聽到都會唱了/////，突然覺得這是滿愉快的學歌方法欸欸欸（？好喜歡她ㄉ翻唱（*´∀`）~有夠幸福、這樣的PV做", "anonymousSchool": false, "anonymousDepartment": false, "pinned": false, "forumId": "e33fd5d2-025f-46e4-8b81-3f6fecdd25e1", "replyId": null, "createdAt": "2020-02-03T06:49:31.028Z", "updatedAt": "2020-02-03T06:51:53.461Z", "commentCount": 8, "likeCount": 14, "withNickname": false, "tags": ["HIDE_THUMBNAIL"], "topics": [], "meta": {"layout": "classic"}, "forumName": "廢文", "forumAlias": "whysoserious", "gender": "F", "school": "國立臺灣藝術大學", "department": "多媒體動畫藝術學系", "replyTitle": null, "mediaMeta": [{"id": "9f97dc78-02ac-4548-88a7-d34a8265900a", "url": "https://www.dcard.tw/v2/vivid/videos/451921b1-a099-4d94-9c1d-c57c3bbcfd43?r=2.169491525423729", "normalizedUrl": "", "thumbnail": "https://vivid.dcard.tw/Public/451921b1-a099-4d94-9c1d-c57c3bbcfd43/thumbnail.jpg", "type": "video/vivid", "tags": ["ANNOTATED_FAILED"], "createdAt": "2020-02-03T06:49:31.028Z", "updatedAt": "2020-02-03T06:51:53.461Z"}], "reactions": [{"id": "286f599c-f86a-4932-82f0-f5a06f1eca03", "count": 14}], "hidden": false, "customStyle": null, "isSuspiciousAccount": false, "layout": "classic", "withImages": true, "withVideos": true, "media": [], "reportReasonText": "", "postAvatar": ""}, {"id": 233005904, "title": "今天穿的好像", "excerpt": "日本ㄉ黑道女高中生ヾ（´（ｴ）｀）ﾉﾞ", "anonymousSchool": false, "anonymousDepartment": false, "pinned": false, "forumId": "e33fd5d2-025f-46e4-8b81-3f6fecdd25e1", "replyId": null, "createdAt": "2020-02-03T03:42:50.486Z", "updatedAt": "2020-02-03T03:42:50.486Z", "commentCount": 14, "likeCount": 14, "withNickname": true, "tags": [], "topics": [], "meta": {"layout": "classic"}, "forumName": "廢文", "forumAlias": "whysoserious", "gender": "F", "school": "北極熊園長ㄦ꒪ω꒪", "department": "pangpang0318", "replyTitle": null, "mediaMeta": [{"id": "74c52d2f-e165-4769-9173-86a2b0769495", "url": "https://megapx-assets.dcard.tw/images/4417015a-7dc9-4ccf-8a5c-869ab182c5c3/640.jpeg", "normalizedUrl": "https://megapx-assets.dcard.tw/images/4417015a-7dc9-4ccf-8a5c-869ab182c5c3/640.jpeg", "thumbnail": "https://megapx-assets.dcard.tw/images/4417015a-7dc9-4ccf-8a5c-869ab182c5c3/640.jpeg", "type": "image/thumbnail", "tags": [], "createdAt": "2020-02-03T03:42:50.486Z", "updatedAt": "2020-02-03T03:42:50.486Z", "width": 480, "height": 640}, {"id": "74c52d2f-e165-4769-9173-86a2b0769495", "url": "https://megapx-assets.dcard.tw/images/4417015a-7dc9-4ccf-8a5c-869ab182c5c3/1280.jpeg", "normalizedUrl": "https://megapx.dcard.tw/v1/images/4417015a-7dc9-4ccf-8a5c-869ab182c5c3", "thumbnail": "https://megapx-assets.dcard.tw/images/4417015a-7dc9-4ccf-8a5c-869ab182c5c3/640.jpeg", "type": "image/megapx", "tags": [], "createdAt": "2020-02-03T03:42:50.486Z", "updatedAt": "2020-02-03T03:42:50.486Z", "width": 1500, "height": 2000}], "reactions": [{"id": "286f599c-f86a-4932-82f0-f5a06f1eca03", "count": 14}], "hidden": false, "customStyle": null, "isSuspiciousAccount": false, "layout": "classic", "withImages": true, "withVideos": false, "media": [{"url": "https://megapx-assets.dcard.tw/images/4417015a-7dc9-4ccf-8a5c-869ab182c5c3/1280.jpeg"}], "reportReasonText": "", "postAvatar": ""}, {"id": 233005787, "title": "愛心按按人", "excerpt": "可以笑我嗎（（っ･ω･）っ祝你天天開心", "anonymousSchool": false, "anonymousDepartment": false, "pinned": false, "forumId": "e33fd5d2-025f-46e4-8b81-3f6fecdd25e1", "replyId": null, "createdAt": "2020-02-03T03:14:39.255Z", "updatedAt": "2020-02-03T03:14:39.255Z", "commentCount": 6, "likeCount": 14, "withNickname": true, "tags": [], "topics": [], "meta": {"layout": "classic"}, "forumName": "廢文", "forumAlias": "whysoserious", "gender": "F", "school": "巧酥乳酪", "department": "snoopy.3412", "replyTitle": null, "mediaMeta": [], "reactions": [{"id": "e8e6bc5d-41b0-4129-b134-97507523d7ff", "count": 9}, {"id": "286f599c-f86a-4932-82f0-f5a06f1eca03", "count": 5}], "hidden": false, "customStyle": null, "isSuspiciousAccount": false, "layout": "classic", "withImages": false, "withVideos": false, "media": [], "reportReasonText": "", "postAvatar": ""}, {"id": 233009005, "title": "沒有臉", "excerpt": "氣質直接+100，平常94ㄎㄧㄤ妹", "anonymousSchool": false, "anonymousDepartment": false, "pinned": false, "forumId": "e33fd5d2-025f-46e4-8b81-3f6fecdd25e1", "replyId": null, "createdAt": "2020-02-03T12:30:46.377Z", "updatedAt": "2020-02-03T12:30:46.377Z", "commentCount": 4, "likeCount": 13, "withNickname": true, "tags": ["HIDE_THUMBNAIL"], "topics": [], "meta": {"layout": "classic"}, "forumName": "廢文", "forumAlias": "whysoserious", "gender": "F", "school": "觀ʕ •ᴥ•ʔ拿", "department": "guanyinlatte", "replyTitle": null, "mediaMeta": [{"id": "44622552-8d96-43cd-810b-ce1b52814b23", "url": "https://megapx-assets.dcard.tw/images/3bb36682-05d9-47e0-9a3a-b1d08f852a7e/1280.jpeg", "normalizedUrl": "https://megapx.dcard.tw/v1/images/3bb36682-05d9-47e0-9a3a-b1d08f852a7e", "thumbnail": "https://megapx-assets.dcard.tw/images/3bb36682-05d9-47e0-9a3a-b1d08f852a7e/640.jpeg", "type": "image/megapx", "tags": ["ANNOTATED"], "createdAt": "2020-02-03T12:30:46.377Z", "updatedAt": "2020-02-03T12:30:46.377Z", "width": 1334, "height": 2000}], "reactions": [{"id": "286f599c-f86a-4932-82f0-f5a06f1eca03", "count": 13}], "hidden": false, "customStyle": null, "isSuspiciousAccount": false, "layout": "classic", "withImages": true, "withVideos": false, "media": [], "reportReasonText": "", "postAvatar": ""}, {"id": 233005786, "title": "想到有天開導朋友", "excerpt": "她跟她男友交往7年還沒做過，她朋友罵她不正常啥的，我就跟她說，「你沒有不正常」「沒有女生一開始談戀愛是為了想做愛」「除了我 」", "anonymousSchool": false, "anonymousDepartment": true, "pinned": false, "forumId": "e33fd5d2-025f-46e4-8b81-3f6fecdd25e1", "replyId": null, "createdAt": "2020-02-03T03:14:24.663Z", "updatedAt": "2020-02-03T03:15:16.070Z", "commentCount": 3, "likeCount": 13, "withNickname": false, "tags": [], "topics": [], "meta": {"layout": "classic"}, "forumName": "廢文", "forumAlias": "whysoserious", "gender": "F", "school": "輔英科技大學", "replyTitle": null, "mediaMeta": [], "reactions": [{"id": "286f599c-f86a-4932-82f0-f5a06f1eca03", "count": 10}, {"id": "e8e6bc5d-41b0-4129-b134-97507523d7ff", "count": 2}, {"id": "4b018f48-e184-445f-adf1-fc8e04ba09b9", "count": 1}], "hidden": false, "customStyle": null, "isSuspiciousAccount": false, "layout": "classic", "withImages": false, "withVideos": false, "media": [], "reportReasonText": "", "postAvatar": ""}, {"id": 233004692, "title": "為什麼成功的男人都禁不起美色的誘惑？", "excerpt": "因為沒人會去色誘不成功的男人：）", "anonymousSchool": false, "anonymousDepartment": false, "pinned": false, "forumId": "e33fd5d2-025f-46e4-8b81-3f6fecdd25e1", "replyId": null, "createdAt": "2020-02-02T18:02:01.170Z", "updatedAt": "2020-02-02T18:02:01.170Z", "commentCount": 3, "likeCount": 13, "withNickname": true, "tags": ["HIDE_THUMBNAIL"], "topics": [], "meta": {"layout": "classic"}, "forumName": "廢文", "forumAlias": "whysoserious", "gender": "M", "school": "卡布奇諾𐤔𐤔", "department": "montag", "replyTitle": null, "mediaMeta": [], "reactions": [{"id": "286f599c-f86a-4932-82f0-f5a06f1eca03", "count": 9}, {"id": "e8e6bc5d-41b0-4129-b134-97507523d7ff", "count": 3}, {"id": "514c2569-fd53-4d9d-a415-bf0f88e7329f", "count": 1}], "hidden": false, "customStyle": null, "isSuspiciousAccount": false, "layout": "classic", "withImages": false, "withVideos": false, "media": [], "reportReasonText": "", "postAvatar": ""}, {"id": 233008893, "title": "我看見越來越多人用自己的方式證明自己是聰明或是笨", "excerpt": "然後他們願意聽我說話。所以我是最聰明的？覺得我聰明ㄉ按愛心xD", "anonymousSchool": false, "anonymousDepartment": false, "pinned": false, "forumId": "e33fd5d2-025f-46e4-8b81-3f6fecdd25e1", "replyId": null, "createdAt": "2020-02-03T12:13:54.119Z", "updatedAt": "2020-02-03T12:13:54.119Z", "commentCount": 0, "likeCount": 12, "withNickname": false, "tags": [], "topics": [], "meta": {"layout": "classic"}, "forumName": "廢文", "forumAlias": "whysoserious", "gender": "M", "school": "國立交通大學", "department": "應用數學系", "replyTitle": null, "mediaMeta": [], "reactions": [{"id": "aa0d425f-d530-4478-9a77-fe3aedc79eea", "count": 4}, {"id": "e8e6bc5d-41b0-4129-b134-97507523d7ff", "count": 4}, {"id": "4b018f48-e184-445f-adf1-fc8e04ba09b9", "count": 2}, {"id": "011ead16-9b83-4729-9fde-c588920c6c2d", "count": 1}, {"id": "514c2569-fd53-4d9d-a415-bf0f88e7329f", "count": 1}], "hidden": false, "customStyle": null, "isSuspiciousAccount": false, "layout": "classic", "withImages": false, "withVideos": false, "media": [], "reportReasonText": "", "postAvatar": ""}, {"id": 233008130, "title": "全部開學都延期", "excerpt": "只有私立幼稚園正常開學，突然冒出一個想法是我要去上幼稚園”٩（•ㅂ•๑），？？？？？？？？？？？？？？？？？？？", "anonymousSchool": false, "anonymousDepartment": false, "pinned": false, "forumId": "e33fd5d2-025f-46e4-8b81-3f6fecdd25e1", "replyId": null, "createdAt": "2020-02-03T10:18:36.744Z", "updatedAt": "2020-02-03T10:18:36.744Z", "commentCount": 0, "likeCount": 12, "withNickname": true, "tags": [], "topics": [], "meta": {"layout": "classic"}, "forumName": "廢文", "forumAlias": "whysoserious", "gender": "F", "school": "未来ちゃん٩(•ㅂ•๑)", "department": "mirai_sora", "replyTitle": null, "mediaMeta": [], "reactions": [{"id": "286f599c-f86a-4932-82f0-f5a06f1eca03", "count": 7}, {"id": "e8e6bc5d-41b0-4129-b134-97507523d7ff", "count": 5}], "hidden": false, "customStyle": null, "isSuspiciousAccount": false, "layout": "classic", "withImages": false, "withVideos": false, "media": [], "reportReasonText": "", "postAvatar": ""}, {"id": 233008108, "title": "你各位ฅ^._.^ฅ", "excerpt": "想引戰哥哥煮晚餐給你ㄘㄉ 按愛心 ️ ฅ^._.^ฅ，不想的按怒  ฅ^._.^ฅ", "anonymousSchool": false, "anonymousDepartment": true, "pinned": false, "forumId": "e33fd5d2-025f-46e4-8b81-3f6fecdd25e1", "replyId": null, "createdAt": "2020-02-03T10:16:25.022Z", "updatedAt": "2020-02-03T10:16:25.022Z", "commentCount": 9, "likeCount": 12, "withNickname": false, "tags": ["HIDE_THUMBNAIL"], "topics": [], "meta": {"layout": "classic"}, "forumName": "廢文", "forumAlias": "whysoserious", "gender": "M", "school": "長庚大學", "replyTitle": null, "mediaMeta": [], "reactions": [{"id": "286f599c-f86a-4932-82f0-f5a06f1eca03", "count": 11}, {"id": "aa0d425f-d530-4478-9a77-fe3aedc79eea", "count": 1}], "hidden": false, "customStyle": null, "isSuspiciousAccount": false, "layout": "classic", "withImages": false, "withVideos": false, "media": [], "reportReasonText": "", "postAvatar": ""}, {"id": 233006442, "title": "老師前天", "excerpt": "在群組傳：：要開學了 我也回國了，：要驗收你們ㄉ成果喔 有空請打給我，昨天傳，：怎麼都沒有人讀 是換你們出國了嗎，學姊學弟還敢不已讀ㄚ：000，對 我也是害怕到今天才讀：0", "anonymousSchool": false, "anonymousDepartment": true, "pinned": false, "forumId": "e33fd5d2-025f-46e4-8b81-3f6fecdd25e1", "replyId": null, "createdAt": "2020-02-03T05:47:15.808Z", "updatedAt": "2020-02-03T05:47:15.808Z", "commentCount": 0, "likeCount": 12, "withNickname": false, "tags": ["HIDE_THUMBNAIL"], "topics": [], "meta": {"layout": "classic"}, "forumName": "廢文", "forumAlias": "whysoserious", "gender": "F", "school": "輔仁大學", "replyTitle": null, "mediaMeta": [], "reactions": [{"id": "286f599c-f86a-4932-82f0-f5a06f1eca03", "count": 9}, {"id": "e8e6bc5d-41b0-4129-b134-97507523d7ff", "count": 3}], "hidden": false, "customStyle": null, "isSuspiciousAccount": false, "layout": "classic", "withImages": false, "withVideos": false, "media": [], "reportReasonText": "", "postAvatar": ""}, {"id": 233008238, "title": "考研究所是這樣", "excerpt": "沒考上的去重考，考到太低的也去重考，總之，看自己想幹嘛吧，我一堆考上中字電的同學一樣在混啊 ฅ^._.^ฅ", "anonymousSchool": false, "anonymousDepartment": false, "pinned": false, "forumId": "e33fd5d2-025f-46e4-8b81-3f6fecdd25e1", "replyId": null, "createdAt": "2020-02-03T10:30:52.398Z", "updatedAt": "2020-02-03T10:30:52.398Z", "commentCount": 3, "likeCount": 11, "withNickname": true, "tags": [], "topics": ["廢文"], "meta": {"layout": "classic"}, "forumName": "廢文", "forumAlias": "whysoserious", "gender": "M", "school": "フランキー", "department": "supersonico", "replyTitle": null, "mediaMeta": [], "reactions": [{"id": "286f599c-f86a-4932-82f0-f5a06f1eca03", "count": 11}], "hidden": false, "customStyle": null, "isSuspiciousAccount": false, "layout": "classic", "withImages": false, "withVideos": false, "media": [], "reportReasonText": "", "postAvatar": ""}, {"id": 233008039, "title": "欸你各位", "excerpt": "看來肥宅ㄉ選擇應該很容易理解ㄅ", "anonymousSchool": false, "anonymousDepartment": false, "pinned": false, "forumId": "e33fd5d2-025f-46e4-8b81-3f6fecdd25e1", "replyId": null, "createdAt": "2020-02-03T10:04:22.086Z", "updatedAt": "2020-02-03T10:04:22.086Z", "commentCount": 4, "likeCount": 11, "withNickname": true, "tags": [], "topics": [], "meta": {"layout": "classic"}, "forumName": "廢文", "forumAlias": "whysoserious", "gender": "F", "school": "輔大背景板", "department": "crystal.0230", "replyTitle": null, "mediaMeta": [{"id": "238e62b1-92da-49a2-9378-61b3b2c79ba3", "url": "https://i.imgur.com/6FBsN7Wl.jpg", "normalizedUrl": "https://i.imgur.com/6FBsN7Wl.jpg", "thumbnail": "https://i.imgur.com/6FBsN7Wl.jpg", "type": "image/thumbnail", "tags": ["ANNOTATED"], "createdAt": "2020-02-03T10:04:22.086Z", "updatedAt": "2020-02-03T10:04:22.086Z"}, {"id": "238e62b1-92da-49a2-9378-61b3b2c79ba3", "url": "https://i.imgur.com/6FBsN7W.jpg", "normalizedUrl": "https://imgur.com/6FBsN7W", "thumbnail": "https://i.imgur.com/6FBsN7Wl.jpg", "type": "image/imgur", "tags": ["ANNOTATED"], "createdAt": "2020-02-03T10:04:22.086Z", "updatedAt": "2020-02-03T10:04:22.086Z"}], "reactions": [{"id": "286f599c-f86a-4932-82f0-f5a06f1eca03", "count": 8}, {"id": "e8e6bc5d-41b0-4129-b134-97507523d7ff", "count": 3}], "hidden": false, "customStyle": null, "isSuspiciousAccount": false, "layout": "classic", "withImages": true, "withVideos": false, "media": [{"url": "https://i.imgur.com/6FBsN7W.jpg"}], "reportReasonText": "", "postAvatar": ""}, {"id": 233007078, "title": "延後開學集體崩潰區", "excerpt": "雖然是為了大局，但真的好麻煩不想延後開學，原訂的計畫都要更改或取消，崩潰（；´༎ຶД༎ຶ`），崩潰刷起來（；´༎ຶД༎ຶ`）", "anonymousSchool": false, "anonymousDepartment": true, "pinned": false, "forumId": "e33fd5d2-025f-46e4-8b81-3f6fecdd25e1", "replyId": null, "createdAt": "2020-02-03T08:02:25.314Z", "updatedAt": "2020-02-03T08:02:25.314Z", "commentCount": 3, "likeCount": 11, "withNickname": false, "tags": ["HIDE_THUMBNAIL"], "topics": ["開學", "武漢肺炎", "崩潰"], "meta": {"layout": "classic"}, "forumName": "廢文", "forumAlias": "whysoserious", "gender": "F", "school": "東海大學", "replyTitle": null, "mediaMeta": [], "reactions": [{"id": "286f599c-f86a-4932-82f0-f5a06f1eca03", "count": 8}, {"id": "514c2569-fd53-4d9d-a415-bf0f88e7329f", "count": 2}, {"id": "e8e6bc5d-41b0-4129-b134-97507523d7ff", "count": 1}], "hidden": false, "customStyle": null, "isSuspiciousAccount": false, "layout": "classic", "withImages": false, "withVideos": false, "media": [], "reportReasonText": "", "postAvatar": ""}, {"id": 233006003, "title": "今天ㄉ袖子", "excerpt": "好長", "anonymousSchool": false, "anonymousDepartment": true, "pinned": false, "forumId": "e33fd5d2-025f-46e4-8b81-3f6fecdd25e1", "replyId": null, "createdAt": "2020-02-03T04:08:08.776Z", "updatedAt": "2020-02-03T04:08:08.776Z", "commentCount": 2, "likeCount": 11, "withNickname": false, "tags": [], "topics": [], "meta": {"layout": "classic"}, "forumName": "廢文", "forumAlias": "whysoserious", "gender": "F", "school": "國立臺灣大學", "replyTitle": null, "mediaMeta": [{"id": "52e35a62-d440-4751-8399-85d182224b37", "url": "https://i.imgur.com/p8s7z0Zl.jpg", "normalizedUrl": "https://i.imgur.com/p8s7z0Zl.jpg", "thumbnail": "https://i.imgur.com/p8s7z0Zl.jpg", "type": "image/thumbnail", "tags": ["ANNOTATED"], "createdAt": "2020-02-03T04:08:08.776Z", "updatedAt": "2020-02-03T04:08:08.776Z"}, {"id": "52e35a62-d440-4751-8399-85d182224b37", "url": "https://i.imgur.com/p8s7z0Z.jpg", "normalizedUrl": "https://imgur.com/p8s7z0Z", "thumbnail": "https://i.imgur.com/p8s7z0Zl.jpg", "type": "image/imgur", "tags": ["ANNOTATED"], "createdAt": "2020-02-03T04:08:08.776Z", "updatedAt": "2020-02-03T04:08:08.776Z"}], "reactions": [{"id": "286f599c-f86a-4932-82f0-f5a06f1eca03", "count": 10}, {"id": "aa0d425f-d530-4478-9a77-fe3aedc79eea", "count": 1}], "hidden": false, "customStyle": null, "isSuspiciousAccount": false, "layout": "classic", "withImages": true, "withVideos": false, "media": [{"url": "https://i.imgur.com/p8s7z0Z.jpg"}], "reportReasonText": "", "postAvatar": ""}, {"id": 233005713, "title": "鞋子超重", "excerpt": "差點跳不起來，跳起來結果看起來超ㄎㄧㄤ", "anonymousSchool": false, "anonymousDepartment": false, "pinned": false, "forumId": "e33fd5d2-025f-46e4-8b81-3f6fecdd25e1", "replyId": null, "createdAt": "2020-02-03T02:56:41.582Z", "updatedAt": "2020-02-03T02:56:41.582Z", "commentCount": 0, "likeCount": 11, "withNickname": false, "tags": [], "topics": [], "meta": {"layout": "classic"}, "forumName": "廢文", "forumAlias": "whysoserious", "gender": "F", "school": "國立臺灣大學", "department": "護理學系", "replyTitle": null, "mediaMeta": [{"id": "9d513038-81da-41bb-aee1-494581672db5", "url": "https://i.imgur.com/jm0ZC3Ql.jpg", "normalizedUrl": "https://i.imgur.com/jm0ZC3Ql.jpg", "thumbnail": "https://i.imgur.com/jm0ZC3Ql.jpg", "type": "image/thumbnail", "tags": ["ANNOTATED"], "createdAt": "2020-02-03T02:56:41.582Z", "updatedAt": "2020-02-03T02:56:41.582Z"}, {"id": "9d513038-81da-41bb-aee1-494581672db5", "url": "https://i.imgur.com/jm0ZC3Q.jpg", "normalizedUrl": "https://imgur.com/jm0ZC3Q", "thumbnail": "https://i.imgur.com/jm0ZC3Ql.jpg", "type": "image/imgur", "tags": ["ANNOTATED"], "createdAt": "2020-02-03T02:56:41.582Z", "updatedAt": "2020-02-03T02:56:41.582Z"}], "reactions": [{"id": "286f599c-f86a-4932-82f0-f5a06f1eca03", "count": 10}, {"id": "aa0d425f-d530-4478-9a77-fe3aedc79eea", "count": 1}], "hidden": false, "customStyle": null, "isSuspiciousAccount": false, "layout": "classic", "withImages": true, "withVideos": false, "media": [{"url": "https://i.imgur.com/jm0ZC3Q.jpg"}], "reportReasonText": "", "postAvatar": ""}, {"id": 233009055, "title": "你憑什麼認為全世界的女生都會喜歡你？", "excerpt": "嚴格說起來，我也有告白失敗過的經驗，而且不只一次，但對象都是同一個人。如果用結果論，我還是可以豪情滿懷地說：「我成功率100%欸！」當然這是後話，而當時的我，覺得這次換成我是獵物了。第一次發現自己不太", "anonymousSchool": false, "anonymousDepartment": false, "pinned": false, "forumId": "e33fd5d2-025f-46e4-8b81-3f6fecdd25e1", "replyId": null, "createdAt": "2020-02-03T12:41:08.943Z", "updatedAt": "2020-02-03T18:01:25.406Z", "commentCount": 2, "likeCount": 10, "withNickname": false, "tags": [], "topics": ["VaSeLiNe"], "meta": {"layout": "classic"}, "forumName": "廢文", "forumAlias": "whysoserious", "gender": "M", "school": "國立臺灣大學", "department": "醫學系", "replyTitle": null, "mediaMeta": [], "reactions": [{"id": "286f599c-f86a-4932-82f0-f5a06f1eca03", "count": 9}, {"id": "011ead16-9b83-4729-9fde-c588920c6c2d", "count": 1}], "hidden": false, "customStyle": null, "isSuspiciousAccount": false, "layout": "classic", "withImages": false, "withVideos": false, "media": [], "reportReasonText": "", "postAvatar": ""}]